# 2theta(deg)  intensity
1.029940654801345112e-03 6.933793640136718750e+01
3.089821964404035771e-03 1.127697982788085938e+02
5.149703274006725562e-03 9.397016906738281250e+01
7.209584583609416654e-03 9.521540832519531250e+01
9.269465893212106011e-03 9.394290161132812500e+01
1.132934720281479624e-02 8.745561981201171875e+01
1.338922851241748820e-02 8.089579010009765625e+01
1.544910982202017495e-02 6.394226837158203125e+01
1.750899113162286691e-02 5.926526260375976562e+01
1.956887244122555713e-02 4.324660110473632812e+01
2.162875375082824736e-02 3.137672233581542969e+01
2.368863506043093758e-02 2.701640510559082031e+01
2.574851637003362781e-02 3.371205902099609375e+01
2.780839767963631803e-02 3.564976501464843750e+01
2.986827898923900479e-02 3.294186401367187500e+01
3.192816029884169848e-02 3.745389556884765625e+01
3.398804160844438871e-02 4.205433273315429688e+01
3.604792291804707893e-02 4.283535385131835938e+01
3.810780422764976916e-02 4.929773330688476562e+01
4.016768553725245938e-02 5.626419830322265625e+01
4.222756684685514961e-02 6.387940216064453125e+01
4.428744815645783983e-02 6.388174819946289062e+01
4.634732946606053006e-02 5.273190307617187500e+01
4.840721077566322028e-02 5.442967605590820312e+01
5.046709208526591744e-02 5.334037399291992188e+01
5.252697339486860073e-02 4.826336288452148438e+01
5.458685470447129096e-02 4.831718826293945312e+01
5.664673601407398118e-02 5.165230560302734375e+01
5.870661732367666447e-02 5.318212509155273438e+01
6.076649863327936857e-02 5.634903717041015625e+01
6.282637994288205185e-02 5.838722610473632812e+01
6.488626125248474208e-02 5.872274017333984375e+01
6.694614256208743230e-02 5.837826919555664062e+01
6.900602387169012253e-02 5.314497756958007812e+01
7.106590518129281275e-02 5.103237915039062500e+01
7.312578649089550298e-02 5.021137237548828125e+01
7.518566780049819320e-02 5.110137939453125000e+01
7.724554911010088343e-02 5.272226333618164062e+01
7.930543041970357365e-02 5.735449600219726562e+01
8.136531172930626388e-02 5.916946792602539062e+01
8.342519303890895410e-02 5.656288909912109375e+01
8.548507434851164433e-02 5.583608627319335938e+01
8.754495565811434843e-02 5.352465057373046875e+01
8.960483696771702478e-02 5.171409988403320312e+01
9.166471827731971500e-02 5.309484481811523438e+01
9.372459958692240523e-02 5.505129241943359375e+01
9.578448089652509545e-02 5.705525588989257812e+01
9.784436220612778567e-02 5.720709609985351562e+01
9.990424351573048978e-02 5.834796524047851562e+01
1.019641248253331661e-01 6.258057022094726562e+01
1.040240061349358563e-01 6.439458465576171875e+01
1.060838874445385466e-01 6.628376770019531250e+01
1.081437687541412368e-01 7.063143920898437500e+01
1.102036500637439270e-01 6.900776672363281250e+01
1.122635313733466311e-01 6.771221923828125000e+01
1.143234126829493214e-01 7.583895874023437500e+01
1.163832939925519977e-01 7.949612426757812500e+01
1.184431753021546879e-01 8.938961791992187500e+01
1.205030566117574059e-01 9.864872741699218750e+01
1.225629379213600961e-01 1.026168899536132812e+02
1.246228192309627864e-01 1.079173355102539062e+02
1.266827005405654627e-01 1.135116806030273438e+02
1.287425818501681529e-01 1.132637481689453125e+02
1.308024631597708431e-01 1.189747543334960938e+02
1.328623444693735334e-01 1.283990783691406250e+02
1.349222257789762236e-01 1.334916992187500000e+02
1.369821070885789138e-01 1.394656829833984375e+02
1.390419883981816040e-01 1.520948333740234375e+02
1.411018697077842943e-01 1.607832794189453125e+02
1.431617510173869845e-01 1.665387725830078125e+02
1.452216323269896747e-01 1.757987365722656250e+02
1.472815136365923649e-01 1.838789672851562500e+02
1.493413949461950552e-01 1.828711395263671875e+02
1.514012762557977454e-01 1.856623840332031250e+02
1.534611575654004356e-01 1.949309539794921875e+02
1.555210388750031258e-01 2.018300781250000000e+02
1.575809201846058161e-01 2.116438446044921875e+02
1.596408014942085063e-01 2.224619598388671875e+02
1.617006828038111965e-01 2.305514373779296875e+02
1.637605641134138867e-01 2.371483459472656250e+02
1.658204454230165770e-01 2.444576110839843750e+02
1.678803267326192672e-01 2.528056640625000000e+02
1.699402080422219574e-01 2.595784606933593750e+02
1.720000893518246476e-01 2.678080139160156250e+02
1.740599706614273379e-01 2.750298156738281250e+02
1.761198519710300281e-01 2.808519287109375000e+02
1.781797332806327183e-01 2.876596679687500000e+02
1.802396145902354085e-01 2.915498962402343750e+02
1.822994958998380988e-01 3.043522644042968750e+02
1.843593772094407890e-01 3.118233947753906250e+02
1.864192585190434792e-01 3.201690673828125000e+02
1.884791398286461694e-01 3.323249511718750000e+02
1.905390211382488597e-01 3.449218750000000000e+02
1.925989024478515499e-01 3.533785095214843750e+02
1.946587837574542401e-01 3.651865844726562500e+02
1.967186650670569303e-01 3.791021118164062500e+02
1.987785463766596483e-01 3.863961486816406250e+02
2.008384276862623385e-01 3.964694519042968750e+02
2.028983089958650010e-01 4.061927795410156250e+02
2.049581903054676912e-01 4.157593383789062500e+02
2.070180716150703815e-01 4.308176269531250000e+02
2.090779529246730717e-01 4.427895202636718750e+02
2.111378342342757619e-01 4.543187561035156250e+02
2.131977155438784521e-01 4.666610412597656250e+02
2.152575968534811424e-01 4.813583374023437500e+02
2.173174781630838326e-01 4.967650146484375000e+02
2.193773594726865228e-01 5.109235839843750000e+02
2.214372407822892130e-01 5.238740844726562500e+02
2.234971220918919033e-01 5.362537841796875000e+02
2.255570034014946212e-01 5.430756835937500000e+02
2.276168847110972837e-01 5.497709960937500000e+02
2.296767660206999739e-01 5.567012939453125000e+02
2.317366473303026364e-01 5.624068603515625000e+02
2.337965286399053544e-01 5.669017333984375000e+02
2.358564099495080169e-01 5.719568481445312500e+02
2.379162912591107348e-01 5.763170166015625000e+02
2.399761725687134528e-01 5.791877441406250000e+02
2.420360538783161153e-01 5.833808593750000000e+02
2.440959351879188333e-01 5.850214233398437500e+02
2.461558164975214957e-01 5.900415039062500000e+02
2.482156978071242137e-01 5.932811889648437500e+02
2.502755791167268762e-01 5.984295654296875000e+02
2.523354604263295942e-01 6.028447875976562500e+02
2.543953417359322566e-01 6.049860229492187500e+02
2.564552230455349746e-01 6.034606933593750000e+02
2.585151043551376371e-01 6.090845947265625000e+02
2.605749856647403551e-01 6.145526123046875000e+02
2.626348669743430175e-01 6.189866943359375000e+02
2.646947482839457355e-01 6.226026611328125000e+02
2.667546295935484535e-01 6.278292846679687500e+02
2.688145109031511160e-01 6.273706665039062500e+02
2.708743922127537784e-01 6.302640991210937500e+02
2.729342735223564409e-01 6.356787719726562500e+02
2.749941548319591589e-01 6.433747558593750000e+02
2.770540361415618213e-01 6.492105712890625000e+02
2.791139174511645393e-01 6.580589599609375000e+02
2.811737987607672018e-01 6.632592163085937500e+02
2.832336800703699198e-01 6.605416259765625000e+02
2.852935613799725822e-01 6.614176025390625000e+02
2.873534426895753002e-01 6.601267700195312500e+02
2.894133239991779627e-01 6.593278198242187500e+02
2.914732053087806807e-01 6.637279663085937500e+02
2.935330866183833987e-01 6.682024536132812500e+02
2.955929679279860611e-01 6.740359497070312500e+02
2.976528492375887791e-01 6.825952758789062500e+02
2.997127305471914416e-01 6.867777099609375000e+02
3.017726118567941596e-01 6.908379516601562500e+02
3.038324931663968220e-01 6.957600708007812500e+02
3.058923744759995400e-01 6.991967163085937500e+02
3.079522557856022025e-01 7.061876220703125000e+02
3.100121370952049205e-01 7.165434570312500000e+02
3.120720184048075829e-01 7.224965209960937500e+02
3.141318997144103009e-01 7.338477172851562500e+02
3.161917810240129634e-01 7.409938964843750000e+02
3.182516623336156814e-01 7.497897949218750000e+02
3.203115436432183993e-01 7.571476440429687500e+02
3.223714249528210618e-01 7.677077636718750000e+02
3.244313062624237243e-01 7.769697875976562500e+02
3.264911875720263867e-01 7.888239135742187500e+02
3.285510688816291047e-01 7.972843627929687500e+02
3.306109501912317672e-01 8.056511840820312500e+02
3.326708315008344852e-01 8.110816650390625000e+02
3.347307128104371476e-01 8.180072021484375000e+02
3.367905941200398656e-01 8.268209228515625000e+02
3.388504754296425281e-01 8.400305786132812500e+02
3.409103567392452461e-01 8.502205810546875000e+02
3.429702380488479085e-01 8.616602172851562500e+02
3.450301193584506265e-01 8.731802978515625000e+02
3.470900006680533445e-01 8.799859619140625000e+02
3.491498819776560070e-01 8.881046142578125000e+02
3.512097632872587250e-01 9.020653076171875000e+02
3.532696445968613874e-01 9.143685913085937500e+02
3.553295259064641054e-01 9.270350341796875000e+02
3.573894072160667679e-01 9.422442626953125000e+02
3.594492885256694858e-01 9.551267700195312500e+02
3.615091698352721483e-01 9.633693847656250000e+02
3.635690511448748663e-01 9.723701782226562500e+02
3.656289324544775288e-01 9.809649658203125000e+02
3.676888137640802467e-01 9.904704589843750000e+02
3.697486950736829092e-01 9.976718750000000000e+02
3.718085763832856272e-01 1.007760437011718750e+03
3.738684576928883452e-01 1.017630615234375000e+03
3.759283390024910076e-01 1.029898437500000000e+03
3.779882203120936701e-01 1.041979858398437500e+03
3.800481016216963326e-01 1.055557983398437500e+03
3.821079829312990506e-01 1.063435546875000000e+03
3.841678642409017130e-01 1.071665893554687500e+03
3.862277455505044310e-01 1.082022460937500000e+03
3.882876268601070935e-01 1.091118530273437500e+03
3.903475081697098115e-01 1.103639648437500000e+03
3.924073894793124739e-01 1.116828979492187500e+03
3.944672707889151919e-01 1.130291503906250000e+03
3.965271520985179099e-01 1.141611328125000000e+03
3.985870334081205724e-01 1.151167602539062500e+03
4.006469147177232903e-01 1.161107055664062500e+03
4.027067960273259528e-01 1.167549072265625000e+03
4.047666773369286708e-01 1.173144287109375000e+03
4.068265586465313333e-01 1.179789550781250000e+03
4.088864399561340512e-01 1.188234008789062500e+03
4.109463212657367137e-01 1.191364746093750000e+03
4.130062025753394317e-01 1.198505249023437500e+03
4.150660838849420942e-01 1.204580688476562500e+03
4.171259651945448121e-01 1.209698730468750000e+03
4.191858465041474746e-01 1.216901977539062500e+03
4.212457278137501926e-01 1.224428344726562500e+03
4.233056091233529106e-01 1.229644775390625000e+03
4.253654904329555730e-01 1.236315307617187500e+03
4.274253717425582910e-01 1.239651123046875000e+03
4.294852530521609535e-01 1.247869506835937500e+03
4.315451343617636160e-01 1.256035400390625000e+03
4.336050156713663339e-01 1.259023315429687500e+03
4.356648969809689964e-01 1.262536621093750000e+03
4.377247782905716589e-01 1.268700927734375000e+03
4.397846596001743769e-01 1.275261596679687500e+03
4.418445409097770393e-01 1.281299438476562500e+03
4.439044222193797573e-01 1.290896606445312500e+03
4.459643035289824198e-01 1.296862670898437500e+03
4.480241848385850822e-01 1.298390258789062500e+03
4.500840661481878002e-01 1.302179199218750000e+03
4.521439474577905182e-01 1.303211914062500000e+03
4.542038287673931252e-01 1.303316406250000000e+03
4.562637100769958431e-01 1.306221801757812500e+03
4.583235913865985611e-01 1.308591308593750000e+03
4.603834726962012791e-01 1.311524291992187500e+03
4.624433540058038861e-01 1.315801757812500000e+03
4.645032353154066040e-01 1.316979858398437500e+03
4.665631166250093220e-01 1.316245239257812500e+03
4.686229979346120400e-01 1.317726318359375000e+03
4.706828792442146470e-01 1.317386474609375000e+03
4.727427605538173649e-01 1.319308471679687500e+03
4.748026418634200829e-01 1.320632568359375000e+03
4.768625231730228009e-01 1.321985229492187500e+03
4.789224044826255189e-01 1.321540039062500000e+03
4.809822857922281258e-01 1.322050903320312500e+03
4.830421671018308438e-01 1.322009155273437500e+03
4.851020484114335618e-01 1.320501586914062500e+03
4.871619297210362798e-01 1.319771362304687500e+03
4.892218110306388867e-01 1.319201293945312500e+03
4.912816923402416047e-01 1.320119018554687500e+03
4.933415736498442672e-01 1.322641479492187500e+03
4.954014549594469852e-01 1.323625122070312500e+03
4.974613362690496476e-01 1.324455810546875000e+03
4.995212175786523101e-01 1.322405273437500000e+03
5.015810988882550836e-01 1.318684082031250000e+03
5.036409801978577461e-01 1.317833984375000000e+03
5.057008615074605196e-01 1.316777709960937500e+03
5.077607428170630710e-01 1.311569824218750000e+03
5.098206241266658445e-01 1.314488159179687500e+03
5.118805054362685070e-01 1.310977294921875000e+03
5.139403867458712805e-01 1.307961181640625000e+03
5.160002680554738319e-01 1.305523925781250000e+03
5.180601493650766054e-01 1.302316284179687500e+03
5.201200306746792679e-01 1.299208984375000000e+03
5.221799119842819303e-01 1.294482177734375000e+03
5.242397932938845928e-01 1.289181152343750000e+03
5.262996746034872553e-01 1.281856567382812500e+03
5.283595559130900288e-01 1.274094970703125000e+03
5.304194372226926912e-01 1.268405029296875000e+03
5.324793185322954647e-01 1.263433959960937500e+03
5.345391998418980162e-01 1.260249511718750000e+03
5.365990811515007897e-01 1.256458740234375000e+03
5.386589624611034521e-01 1.252239501953125000e+03
5.407188437707062256e-01 1.248616699218750000e+03
5.427787250803087771e-01 1.246135986328125000e+03
5.448386063899115506e-01 1.243038696289062500e+03
5.468984876995142130e-01 1.240419311523437500e+03
5.489583690091169865e-01 1.235394165039062500e+03
5.510182503187195380e-01 1.228620849609375000e+03
5.530781316283223115e-01 1.222012084960937500e+03
5.551380129379249739e-01 1.217074462890625000e+03
5.571978942475277474e-01 1.216191040039062500e+03
5.592577755571304099e-01 1.216797851562500000e+03
5.613176568667330724e-01 1.213569824218750000e+03
5.633775381763357348e-01 1.209930053710937500e+03
5.654374194859385083e-01 1.207335205078125000e+03
5.674973007955411708e-01 1.204429931640625000e+03
5.695571821051438333e-01 1.203797851562500000e+03
5.716170634147464957e-01 1.203796997070312500e+03
5.736769447243491582e-01 1.202592895507812500e+03
5.757368260339519317e-01 1.201246826171875000e+03
5.777967073435545942e-01 1.200029785156250000e+03
5.798565886531572566e-01 1.197702392578125000e+03
5.819164699627599191e-01 1.195509765625000000e+03
5.839763512723626926e-01 1.192931152343750000e+03
5.860362325819653551e-01 1.189205932617187500e+03
5.880961138915680175e-01 1.188987915039062500e+03
5.901559952011706800e-01 1.186999755859375000e+03
5.922158765107734535e-01 1.186528930664062500e+03
5.942757578203761160e-01 1.184364379882812500e+03
5.963356391299787784e-01 1.178321655273437500e+03
5.983955204395814409e-01 1.176057006835937500e+03
6.004554017491842144e-01 1.173335937500000000e+03
6.025152830587868769e-01 1.169623413085937500e+03
6.045751643683895393e-01 1.170911254882812500e+03
6.066350456779922018e-01 1.171723022460937500e+03
6.086949269875949753e-01 1.170263916015625000e+03
6.107548082971976378e-01 1.171220336914062500e+03
6.128146896068004112e-01 1.171566528320312500e+03
6.148745709164029627e-01 1.172700195312500000e+03
6.169344522260057362e-01 1.173531494140625000e+03
6.189943335356083987e-01 1.173309326171875000e+03
6.210542148452111721e-01 1.173722534179687500e+03
6.231140961548137236e-01 1.170754760742187500e+03
6.251739774644164971e-01 1.166272216796875000e+03
6.272338587740191596e-01 1.162758056640625000e+03
6.292937400836218220e-01 1.160581787109375000e+03
6.313536213932244845e-01 1.158258789062500000e+03
6.334135027028271470e-01 1.158855102539062500e+03
6.354733840124299205e-01 1.159535888671875000e+03
6.375332653220325829e-01 1.158342895507812500e+03
6.395931466316353564e-01 1.156677368164062500e+03
6.416530279412379079e-01 1.154462036132812500e+03
6.437129092508406814e-01 1.152284301757812500e+03
6.457727905604433438e-01 1.152716186523437500e+03
6.478326718700461173e-01 1.154233276367187500e+03
6.498925531796486688e-01 1.152928100585937500e+03
6.519524344892514423e-01 1.152682617187500000e+03
6.540123157988541047e-01 1.151514160156250000e+03
6.560721971084568782e-01 1.148678100585937500e+03
6.581320784180594297e-01 1.145918457031250000e+03
6.601919597276622032e-01 1.146221069335937500e+03
6.622518410372648656e-01 1.144498901367187500e+03
6.643117223468676391e-01 1.142006469726562500e+03
6.663716036564703016e-01 1.143668823242187500e+03
6.684314849660729640e-01 1.144097290039062500e+03
6.704913662756756265e-01 1.144263183593750000e+03
6.725512475852784000e-01 1.144748046875000000e+03
6.746111288948810625e-01 1.143510375976562500e+03
6.766710102044837249e-01 1.141054077148437500e+03
6.787308915140863874e-01 1.137816772460937500e+03
6.807907728236891609e-01 1.136489624023437500e+03
6.828506541332918234e-01 1.135419921875000000e+03
6.849105354428944858e-01 1.134221557617187500e+03
6.869704167524971483e-01 1.132536132812500000e+03
6.890302980620998108e-01 1.132156616210937500e+03
6.910901793717025843e-01 1.131032104492187500e+03
6.931500606813052467e-01 1.130103271484375000e+03
6.952099419909079092e-01 1.132305908203125000e+03
6.972698233005105717e-01 1.134944946289062500e+03
6.993297046101133452e-01 1.137852172851562500e+03
7.013895859197160076e-01 1.138790893554687500e+03
7.034494672293186701e-01 1.140115844726562500e+03
7.055093485389213326e-01 1.142022705078125000e+03
7.075692298485241061e-01 1.140471313476562500e+03
7.096291111581267685e-01 1.139027954101562500e+03
7.116889924677294310e-01 1.137867797851562500e+03
7.137488737773320935e-01 1.138211303710937500e+03
7.158087550869348670e-01 1.136675048828125000e+03
7.178686363965375294e-01 1.134629028320312500e+03
7.199285177061403029e-01 1.134267944335937500e+03
7.219883990157428544e-01 1.131984130859375000e+03
7.240482803253456279e-01 1.133036865234375000e+03
7.261081616349482903e-01 1.134553466796875000e+03
7.281680429445510638e-01 1.134864501953125000e+03
7.302279242541536153e-01 1.135667846679687500e+03
7.322878055637563888e-01 1.137812500000000000e+03
7.343476868733590512e-01 1.138644531250000000e+03
7.364075681829617137e-01 1.136961181640625000e+03
7.384674494925643762e-01 1.136922241210937500e+03
7.405273308021670386e-01 1.136779418945312500e+03
7.425872121117698121e-01 1.137896606445312500e+03
7.446470934213724746e-01 1.139811157226562500e+03
7.467069747309752481e-01 1.141509887695312500e+03
7.487668560405777995e-01 1.140721557617187500e+03
7.508267373501805730e-01 1.141188598632812500e+03
7.528866186597832355e-01 1.141275024414062500e+03
7.549464999693860090e-01 1.142801025390625000e+03
7.570063812789885604e-01 1.143517700195312500e+03
7.590662625885913339e-01 1.142772827148437500e+03
7.611261438981939964e-01 1.142731079101562500e+03
7.631860252077967699e-01 1.144465454101562500e+03
7.652459065173993213e-01 1.143265014648437500e+03
7.673057878270020948e-01 1.144123291015625000e+03
7.693656691366047573e-01 1.146932128906250000e+03
7.714255504462075308e-01 1.146918212890625000e+03
7.734854317558101933e-01 1.147277465820312500e+03
7.755453130654128557e-01 1.147767578125000000e+03
7.776051943750155182e-01 1.148080322265625000e+03
7.796650756846182917e-01 1.147494750976562500e+03
7.817249569942209542e-01 1.147579101562500000e+03
7.837848383038236166e-01 1.147763305664062500e+03
7.858447196134262791e-01 1.149073364257812500e+03
7.879046009230290526e-01 1.149618896484375000e+03
7.899644822326317151e-01 1.152081054687500000e+03
7.920243635422343775e-01 1.154081665039062500e+03
7.940842448518370400e-01 1.154476318359375000e+03
7.961441261614397025e-01 1.155846801757812500e+03
7.982040074710424760e-01 1.155588378906250000e+03
8.002638887806451384e-01 1.153639282226562500e+03
8.023237700902478009e-01 1.151931274414062500e+03
8.043836513998504634e-01 1.150606079101562500e+03
8.064435327094532369e-01 1.150467407226562500e+03
8.085034140190558993e-01 1.152274291992187500e+03
8.105632953286585618e-01 1.155923461914062500e+03
8.126231766382612243e-01 1.158956298828125000e+03
8.146830579478639978e-01 1.162021606445312500e+03
8.167429392574666602e-01 1.163950195312500000e+03
8.188028205670694337e-01 1.164918701171875000e+03
8.208627018766719852e-01 1.165856811523437500e+03
8.229225831862747587e-01 1.166006713867187500e+03
8.249824644958774211e-01 1.165821777343750000e+03
8.270423458054801946e-01 1.167448242187500000e+03
8.291022271150827461e-01 1.166057006835937500e+03
8.311621084246855196e-01 1.167212036132812500e+03
8.332219897342881820e-01 1.169853881835937500e+03
8.352818710438909555e-01 1.168239746093750000e+03
8.373417523534935070e-01 1.168182983398437500e+03
8.394016336630962805e-01 1.170132446289062500e+03
8.414615149726989429e-01 1.170100708007812500e+03
8.435213962823016054e-01 1.172989868164062500e+03
8.455812775919043789e-01 1.174125488281250000e+03
8.476411589015070414e-01 1.175285278320312500e+03
8.497010402111097038e-01 1.173990844726562500e+03
8.517609215207123663e-01 1.175255981445312500e+03
8.538208028303151398e-01 1.178981689453125000e+03
8.558806841399176912e-01 1.180605102539062500e+03
8.579405654495204647e-01 1.180110107421875000e+03
8.600004467591231272e-01 1.182108886718750000e+03
8.620603280687259007e-01 1.181229492187500000e+03
8.641202093783284521e-01 1.180817871093750000e+03
8.661800906879312256e-01 1.183649047851562500e+03
8.682399719975338881e-01 1.184993408203125000e+03
8.702998533071366616e-01 1.186429687500000000e+03
8.723597346167393241e-01 1.188305786132812500e+03
8.744196159263419865e-01 1.189456542968750000e+03
8.764794972359446490e-01 1.190380737304687500e+03
8.785393785455474225e-01 1.192245727539062500e+03
8.805992598551500850e-01 1.192784667968750000e+03
8.826591411647527474e-01 1.193358886718750000e+03
8.847190224743554099e-01 1.192902709960937500e+03
8.867789037839581834e-01 1.193682861328125000e+03
8.888387850935608459e-01 1.194463012695312500e+03
8.908986664031635083e-01 1.194626464843750000e+03
8.929585477127661708e-01 1.196545776367187500e+03
8.950184290223689443e-01 1.200584716796875000e+03
8.970783103319716068e-01 1.200483764648437500e+03
8.991381916415743802e-01 1.201700683593750000e+03
9.011980729511770427e-01 1.202138549804687500e+03
9.032579542607798162e-01 1.201360961914062500e+03
9.053178355703824787e-01 1.200740478515625000e+03
9.073777168799850301e-01 1.201989746093750000e+03
9.094375981895879146e-01 1.203257324218750000e+03
9.114974794991904661e-01 1.203935913085937500e+03
9.135573608087931285e-01 1.205259155273437500e+03
9.156172421183959020e-01 1.208634521484375000e+03
9.176771234279985645e-01 1.210520507812500000e+03
9.197370047376013380e-01 1.211076171875000000e+03
9.217968860472040005e-01 1.212432006835937500e+03
9.238567673568065519e-01 1.212622558593750000e+03
9.259166486664094364e-01 1.212410156250000000e+03
9.279765299760119879e-01 1.211807250976562500e+03
9.300364112856148724e-01 1.213155639648437500e+03
9.320962925952174238e-01 1.215052612304687500e+03
9.341561739048200863e-01 1.216083740234375000e+03
9.362160552144228598e-01 1.214769653320312500e+03
9.382759365240255223e-01 1.215869750976562500e+03
9.403358178336280737e-01 1.217033447265625000e+03
9.423956991432308472e-01 1.217289550781250000e+03
9.444555804528335097e-01 1.219071044921875000e+03
9.465154617624362832e-01 1.221122680664062500e+03
9.485753430720389456e-01 1.222073120117187500e+03
9.506352243816416081e-01 1.223227294921875000e+03
9.526951056912443816e-01 1.221990234375000000e+03
9.547549870008469330e-01 1.220615112304687500e+03
9.568148683104498176e-01 1.219060180664062500e+03
9.588747496200523690e-01 1.218795410156250000e+03
9.609346309296550315e-01 1.219941162109375000e+03
9.629945122392578050e-01 1.220176025390625000e+03
9.650543935488604674e-01 1.221868164062500000e+03
9.671142748584630189e-01 1.224164916992187500e+03
9.691741561680659034e-01 1.225205322265625000e+03
9.712340374776684548e-01 1.226851074218750000e+03
9.732939187872713394e-01 1.228742675781250000e+03
9.753538000968738908e-01 1.229928222656250000e+03
9.774136814064765533e-01 1.231391235351562500e+03
9.794735627160793268e-01 1.230932495117187500e+03
9.815334440256819892e-01 1.233153076171875000e+03
9.835933253352847627e-01 1.234365722656250000e+03
9.856532066448874252e-01 1.236115234375000000e+03
9.877130879544899766e-01 1.234987426757812500e+03
9.897729692640927501e-01 1.234328979492187500e+03
9.918328505736954126e-01 1.234177490234375000e+03
9.938927318832980751e-01 1.235007812500000000e+03
9.959526131929008486e-01 1.236064697265625000e+03
9.980124945025035110e-01 1.238138061523437500e+03
1.000072375812106173e+00 1.239116577148437500e+03
1.002132257121708836e+00 1.238843872070312500e+03
1.004192138431311498e+00 1.238734375000000000e+03
1.006252019740914383e+00 1.238338867187500000e+03
1.008311901050516823e+00 1.237291503906250000e+03
1.010371782360119708e+00 1.236543457031250000e+03
1.012431663669722370e+00 1.237408203125000000e+03
1.014491544979325033e+00 1.236133422851562500e+03
1.016551426288927695e+00 1.235117675781250000e+03
1.018611307598530358e+00 1.235627075195312500e+03
1.020671188908133020e+00 1.235684814453125000e+03
1.022731070217735905e+00 1.235901977539062500e+03
1.024790951527338345e+00 1.239147827148437500e+03
1.026850832836941230e+00 1.240922973632812500e+03
1.028910714146543892e+00 1.242755371093750000e+03
1.030970595456146555e+00 1.245017700195312500e+03
1.033030476765749217e+00 1.244417480468750000e+03
1.035090358075351880e+00 1.245140869140625000e+03
1.037150239384954764e+00 1.245748535156250000e+03
1.039210120694557427e+00 1.245110351562500000e+03
1.041270002004159867e+00 1.246033569335937500e+03
1.043329883313762751e+00 1.246600585937500000e+03
1.045389764623365414e+00 1.246756103515625000e+03
1.047449645932968076e+00 1.245083496093750000e+03
1.049509527242570739e+00 1.246619384765625000e+03
1.051569408552173401e+00 1.246922973632812500e+03
1.053629289861776286e+00 1.245773071289062500e+03
1.055689171171378726e+00 1.246878051757812500e+03
1.057749052480981389e+00 1.248195190429687500e+03
1.059808933790584273e+00 1.249692504882812500e+03
1.061868815100186936e+00 1.250248413085937500e+03
1.063928696409789598e+00 1.252380004882812500e+03
1.065988577719392261e+00 1.251479858398437500e+03
1.068048459028994923e+00 1.253315551757812500e+03
1.070108340338597808e+00 1.254828857421875000e+03
1.072168221648200248e+00 1.255619018554687500e+03
1.074228102957802911e+00 1.259517822265625000e+03
1.076287984267405795e+00 1.262415039062500000e+03
1.078347865577008458e+00 1.261775756835937500e+03
1.080407746886611120e+00 1.262197265625000000e+03
1.082467628196213782e+00 1.264217773437500000e+03
1.084527509505816445e+00 1.264675903320312500e+03
1.086587390815419329e+00 1.266072143554687500e+03
1.088647272125021770e+00 1.268623413085937500e+03
1.090707153434624654e+00 1.270077758789062500e+03
1.092767034744227317e+00 1.271031616210937500e+03
1.094826916053829979e+00 1.273529174804687500e+03
1.096886797363432642e+00 1.275104980468750000e+03
1.098946678673035304e+00 1.276226562500000000e+03
1.101006559982637967e+00 1.277963134765625000e+03
1.103066441292240629e+00 1.277387573242187500e+03
1.105126322601843292e+00 1.277779785156250000e+03
1.107186203911446176e+00 1.276843505859375000e+03
1.109246085221048839e+00 1.275594726562500000e+03
1.111305966530651501e+00 1.275667602539062500e+03
1.113365847840254164e+00 1.275640869140625000e+03
1.115425729149856826e+00 1.275261352539062500e+03
1.117485610459459711e+00 1.278182373046875000e+03
1.119545491769062151e+00 1.281118408203125000e+03
1.121605373078664813e+00 1.283427246093750000e+03
1.123665254388267698e+00 1.285233642578125000e+03
1.125725135697870360e+00 1.286857055664062500e+03
1.127785017007472801e+00 1.286869750976562500e+03
1.129844898317075685e+00 1.285893676757812500e+03
1.131904779626678348e+00 1.286869750976562500e+03
1.133964660936281232e+00 1.286785278320312500e+03
1.136024542245883673e+00 1.287542114257812500e+03
1.138084423555486335e+00 1.288610839843750000e+03
1.140144304865089220e+00 1.291000732421875000e+03
1.142204186174691882e+00 1.292676635742187500e+03
1.144264067484294545e+00 1.293255859375000000e+03
1.146323948793897207e+00 1.295028320312500000e+03
1.148383830103499870e+00 1.297960083007812500e+03
1.150443711413102754e+00 1.298152587890625000e+03
1.152503592722705195e+00 1.298826171875000000e+03
1.154563474032307857e+00 1.300886230468750000e+03
1.156623355341910742e+00 1.302655151367187500e+03
1.158683236651513404e+00 1.303588867187500000e+03
1.160743117961116067e+00 1.306949584960937500e+03
1.162802999270718729e+00 1.309607788085937500e+03
1.164862880580321391e+00 1.312260131835937500e+03
1.166922761889924054e+00 1.313035766601562500e+03
1.168982643199526716e+00 1.313879272460937500e+03
1.171042524509129601e+00 1.313874511718750000e+03
1.173102405818732263e+00 1.314620117187500000e+03
1.175162287128334704e+00 1.314795410156250000e+03
1.177222168437937588e+00 1.315392089843750000e+03
1.179282049747540251e+00 1.317524169921875000e+03
1.181341931057142913e+00 1.320040405273437500e+03
1.183401812366745576e+00 1.322174560546875000e+03
1.185461693676348238e+00 1.324860229492187500e+03
1.187521574985951123e+00 1.326006103515625000e+03
1.189581456295553785e+00 1.328049194335937500e+03
1.191641337605156226e+00 1.329259765625000000e+03
1.193701218914759110e+00 1.329962036132812500e+03
1.195761100224361773e+00 1.330392089843750000e+03
1.197820981533964657e+00 1.329897460937500000e+03
1.199880862843567098e+00 1.330619750976562500e+03
1.201940744153169760e+00 1.331865356445312500e+03
1.204000625462772645e+00 1.331266601562500000e+03
1.206060506772375307e+00 1.332699340820312500e+03
1.208120388081977747e+00 1.336080566406250000e+03
1.210180269391580632e+00 1.337180908203125000e+03
1.212240150701183294e+00 1.340088500976562500e+03
1.214300032010785957e+00 1.342025512695312500e+03
1.216359913320388619e+00 1.343280761718750000e+03
1.218419794629991282e+00 1.344531250000000000e+03
1.220479675939594166e+00 1.347220581054687500e+03
1.222539557249196607e+00 1.349120605468750000e+03
1.224599438558799491e+00 1.351481933593750000e+03
1.226659319868402154e+00 1.353422607421875000e+03
1.228719201178004816e+00 1.354212646484375000e+03
1.230779082487607479e+00 1.355554321289062500e+03
1.232838963797210141e+00 1.355365478515625000e+03
1.234898845106812804e+00 1.357002441406250000e+03
1.236958726416415688e+00 1.358113891601562500e+03
1.239018607726018129e+00 1.358718627929687500e+03
1.241078489035621013e+00 1.361238403320312500e+03
1.243138370345223676e+00 1.363115722656250000e+03
1.245198251654826338e+00 1.363662353515625000e+03
1.247258132964429000e+00 1.366195922851562500e+03
1.249318014274031663e+00 1.367234741210937500e+03
1.251377895583634547e+00 1.367378417968750000e+03
1.253437776893237210e+00 1.367261596679687500e+03
1.255497658202839650e+00 1.368700439453125000e+03
1.257557539512442535e+00 1.371105468750000000e+03
1.259617420822045197e+00 1.373768432617187500e+03
1.261677302131647860e+00 1.377991699218750000e+03
1.263737183441250522e+00 1.379777465820312500e+03
1.265797064750853185e+00 1.381797729492187500e+03
1.267856946060456069e+00 1.384474731445312500e+03
1.269916827370058510e+00 1.386973999023437500e+03
1.271976708679661172e+00 1.389326049804687500e+03
1.274036589989264057e+00 1.389552246093750000e+03
1.276096471298866719e+00 1.390504516601562500e+03
1.278156352608469382e+00 1.390570800781250000e+03
1.280216233918072044e+00 1.391092407226562500e+03
1.282276115227674707e+00 1.393009399414062500e+03
1.284335996537277591e+00 1.395102294921875000e+03
1.286395877846880031e+00 1.394920043945312500e+03
1.288455759156482694e+00 1.397125244140625000e+03
1.290515640466085578e+00 1.397949096679687500e+03
1.292575521775688241e+00 1.399709838867187500e+03
1.294635403085290903e+00 1.401495727539062500e+03
1.296695284394893566e+00 1.401723144531250000e+03
1.298755165704496228e+00 1.404074096679687500e+03
1.300815047014099113e+00 1.406393554687500000e+03
1.302874928323701553e+00 1.407725830078125000e+03
1.304934809633304438e+00 1.412254394531250000e+03
1.306994690942907100e+00 1.412454956054687500e+03
1.309054572252509763e+00 1.412145141601562500e+03
1.311114453562112425e+00 1.412657104492187500e+03
1.313174334871715088e+00 1.412514038085937500e+03
1.315234216181317750e+00 1.412028198242187500e+03
1.317294097490920635e+00 1.413586303710937500e+03
1.319353978800523075e+00 1.415411499023437500e+03
1.321413860110125960e+00 1.416480346679687500e+03
1.323473741419728622e+00 1.417963989257812500e+03
1.325533622729331285e+00 1.420403442382812500e+03
1.327593504038933947e+00 1.424886230468750000e+03
1.329653385348536609e+00 1.431899047851562500e+03
1.331713266658139494e+00 1.439697143554687500e+03
1.333773147967741934e+00 1.449174682617187500e+03
1.335833029277344597e+00 1.460232177734375000e+03
1.337892910586947481e+00 1.471489379882812500e+03
1.339952791896550144e+00 1.485909667968750000e+03
1.342012673206152584e+00 1.503521362304687500e+03
1.344072554515755469e+00 1.520949340820312500e+03
1.346132435825358131e+00 1.539551147460937500e+03
1.348192317134961016e+00 1.554450927734375000e+03
1.350252198444563456e+00 1.564619750976562500e+03
1.352312079754166119e+00 1.569374389648437500e+03
1.354371961063769003e+00 1.567090209960937500e+03
1.356431842373371666e+00 1.558956054687500000e+03
1.358491723682974328e+00 1.548607177734375000e+03
1.360551604992576991e+00 1.534537597656250000e+03
1.362611486302179653e+00 1.519074951171875000e+03
1.364671367611782538e+00 1.504321411132812500e+03
1.366731248921384978e+00 1.490805419921875000e+03
1.368791130230987640e+00 1.479219726562500000e+03
1.370851011540590525e+00 1.470448608398437500e+03
1.372910892850193187e+00 1.463148315429687500e+03
1.374970774159795850e+00 1.457658813476562500e+03
1.377030655469398512e+00 1.455402221679687500e+03
1.379090536779001175e+00 1.452291625976562500e+03
1.381150418088603837e+00 1.449689208984375000e+03
1.383210299398206500e+00 1.449113037109375000e+03
1.385270180707809384e+00 1.448989501953125000e+03
1.387330062017412047e+00 1.449524902343750000e+03
1.389389943327014487e+00 1.450868041992187500e+03
1.391449824636617372e+00 1.453297851562500000e+03
1.393509705946220034e+00 1.453260375976562500e+03
1.395569587255822697e+00 1.453615722656250000e+03
1.397629468565425359e+00 1.454299072265625000e+03
1.399689349875028022e+00 1.454433715820312500e+03
1.401749231184630906e+00 1.455366455078125000e+03
1.403809112494233569e+00 1.455779296875000000e+03
1.405868993803836009e+00 1.456777587890625000e+03
1.407928875113438894e+00 1.458791992187500000e+03
1.409988756423041556e+00 1.460504516601562500e+03
1.412048637732644440e+00 1.462506103515625000e+03
1.414108519042246881e+00 1.462628784179687500e+03
1.416168400351849543e+00 1.462989746093750000e+03
1.418228281661452428e+00 1.461935546875000000e+03
1.420288162971055090e+00 1.461740478515625000e+03
1.422348044280657531e+00 1.462834716796875000e+03
1.424407925590260415e+00 1.462847167968750000e+03
1.426467806899863078e+00 1.464027954101562500e+03
1.428527688209465740e+00 1.466562622070312500e+03
1.430587569519068403e+00 1.467876464843750000e+03
1.432647450828671065e+00 1.469318969726562500e+03
1.434707332138273950e+00 1.470433471679687500e+03
1.436767213447876390e+00 1.471095092773437500e+03
1.438827094757479275e+00 1.471936645507812500e+03
1.440886976067081937e+00 1.473983764648437500e+03
1.442946857376684600e+00 1.476065307617187500e+03
1.445006738686287262e+00 1.478100952148437500e+03
1.447066619995889925e+00 1.479467895507812500e+03
1.449126501305492587e+00 1.479289916992187500e+03
1.451186382615095471e+00 1.478954223632812500e+03
1.453246263924697912e+00 1.479182373046875000e+03
1.455306145234300796e+00 1.479759277343750000e+03
1.457366026543903459e+00 1.481175048828125000e+03
1.459425907853506121e+00 1.483704101562500000e+03
1.461485789163108784e+00 1.484846435546875000e+03
1.463545670472711446e+00 1.486869384765625000e+03
1.465605551782314331e+00 1.487684570312500000e+03
1.467665433091916993e+00 1.486346801757812500e+03
1.469725314401519434e+00 1.485853637695312500e+03
1.471785195711122318e+00 1.485515625000000000e+03
1.473845077020724981e+00 1.486423217773437500e+03
1.475904958330327643e+00 1.486966308593750000e+03
1.477964839639930306e+00 1.488192016601562500e+03
1.480024720949532968e+00 1.488105346679687500e+03
1.482084602259135853e+00 1.487491088867187500e+03
1.484144483568738515e+00 1.489199462890625000e+03
1.486204364878340956e+00 1.490220092773437500e+03
1.488264246187943840e+00 1.489869628906250000e+03
1.490324127497546502e+00 1.490522705078125000e+03
1.492384008807149165e+00 1.492807617187500000e+03
1.494443890116751827e+00 1.494515991210937500e+03
1.496503771426354490e+00 1.495218139648437500e+03
1.498563652735957374e+00 1.494947265625000000e+03
1.500623534045559815e+00 1.494182495117187500e+03
1.502683415355162477e+00 1.492783813476562500e+03
1.504743296664765362e+00 1.493713378906250000e+03
1.506803177974368024e+00 1.495731201171875000e+03
1.508863059283970687e+00 1.498032470703125000e+03
1.510922940593573349e+00 1.499083618164062500e+03
1.512982821903176012e+00 1.500066406250000000e+03
1.515042703212778896e+00 1.500081176757812500e+03
1.517102584522381337e+00 1.499378295898437500e+03
1.519162465831984221e+00 1.500859619140625000e+03
1.521222347141586884e+00 1.502041015625000000e+03
1.523282228451189546e+00 1.504244750976562500e+03
1.525342109760792209e+00 1.505372192382812500e+03
1.527401991070394871e+00 1.506434326171875000e+03
1.529461872379997533e+00 1.507672973632812500e+03
1.531521753689600418e+00 1.507795532226562500e+03
1.533581634999202858e+00 1.507955932617187500e+03
1.535641516308805743e+00 1.508552612304687500e+03
1.537701397618408405e+00 1.507455078125000000e+03
1.539761278928011068e+00 1.507904663085937500e+03
1.541821160237613730e+00 1.508426147460937500e+03
1.543881041547216393e+00 1.509444702148437500e+03
1.545940922856819277e+00 1.511193481445312500e+03
1.548000804166421718e+00 1.512585815429687500e+03
1.550060685476024380e+00 1.514686889648437500e+03
1.552120566785627265e+00 1.515861083984375000e+03
1.554180448095229927e+00 1.517679809570312500e+03
1.556240329404832368e+00 1.519938598632812500e+03
1.558300210714435252e+00 1.522064086914062500e+03
1.560360092024037915e+00 1.523099365234375000e+03
1.562419973333640799e+00 1.524743286132812500e+03
1.564479854643243240e+00 1.525283569335937500e+03
1.566539735952845902e+00 1.528443237304687500e+03
1.568599617262448787e+00 1.530243286132812500e+03
1.570659498572051449e+00 1.531347045898437500e+03
1.572719379881654111e+00 1.532918579101562500e+03
1.574779261191256774e+00 1.534190429687500000e+03
1.576839142500859436e+00 1.535809936523437500e+03
1.578899023810462321e+00 1.539236938476562500e+03
1.580958905120064761e+00 1.540458618164062500e+03
1.583018786429667646e+00 1.540545166015625000e+03
1.585078667739270308e+00 1.541124145507812500e+03
1.587138549048872971e+00 1.541239257812500000e+03
1.589198430358475633e+00 1.542734375000000000e+03
1.591258311668078296e+00 1.544251708984375000e+03
1.593318192977680958e+00 1.545104125976562500e+03
1.595378074287283621e+00 1.546255981445312500e+03
1.597437955596886283e+00 1.547483642578125000e+03
1.599497836906489168e+00 1.547776367187500000e+03
1.601557718216091830e+00 1.550914794921875000e+03
1.603617599525694271e+00 1.552830322265625000e+03
1.605677480835297155e+00 1.555482055664062500e+03
1.607737362144899818e+00 1.557795532226562500e+03
1.609797243454502702e+00 1.562418212890625000e+03
1.611857124764105142e+00 1.567378173828125000e+03
1.613917006073707805e+00 1.576765502929687500e+03
1.615976887383310689e+00 1.589167480468750000e+03
1.618036768692913352e+00 1.606302490234375000e+03
1.620096650002515792e+00 1.627845092773437500e+03
1.622156531312118677e+00 1.657850708007812500e+03
1.624216412621721339e+00 1.690856323242187500e+03
1.626276293931324224e+00 1.726469360351562500e+03
1.628336175240926664e+00 1.760995117187500000e+03
1.630396056550529327e+00 1.789305297851562500e+03
1.632455937860132211e+00 1.809985473632812500e+03
1.634515819169734874e+00 1.820460815429687500e+03
1.636575700479337536e+00 1.818195800781250000e+03
1.638635581788940199e+00 1.803305053710937500e+03
1.640695463098542861e+00 1.782872314453125000e+03
1.642755344408145524e+00 1.754562988281250000e+03
1.644815225717748186e+00 1.722325683593750000e+03
1.646875107027350849e+00 1.691949584960937500e+03
1.648934988336953733e+00 1.663551879882812500e+03
1.650994869646556396e+00 1.638851928710937500e+03
1.653054750956159058e+00 1.619791381835937500e+03
1.655114632265761720e+00 1.605184936523437500e+03
1.657174513575364383e+00 1.593715576171875000e+03
1.659234394884967045e+00 1.584032714843750000e+03
1.661294276194569708e+00 1.577969970703125000e+03
1.663354157504172592e+00 1.573396118164062500e+03
1.665414038813775255e+00 1.570074340820312500e+03
1.667473920123377695e+00 1.569833862304687500e+03
1.669533801432980580e+00 1.569870971679687500e+03
1.671593682742583242e+00 1.568855834960937500e+03
1.673653564052185905e+00 1.568211303710937500e+03
1.675713445361788567e+00 1.567834960937500000e+03
1.677773326671391230e+00 1.567982910156250000e+03
1.679833207980994114e+00 1.565072143554687500e+03
1.681893089290596777e+00 1.565239868164062500e+03
1.683952970600199217e+00 1.563964355468750000e+03
1.686012851909802102e+00 1.560561279296875000e+03
1.688072733219404764e+00 1.560276855468750000e+03
1.690132614529007649e+00 1.559674926757812500e+03
1.692192495838610089e+00 1.558829467773437500e+03
1.694252377148212751e+00 1.557717529296875000e+03
1.696312258457815636e+00 1.556531372070312500e+03
1.698372139767418298e+00 1.554499511718750000e+03
1.700432021077020739e+00 1.552600341796875000e+03
1.702491902386623623e+00 1.552351074218750000e+03
1.704551783696226286e+00 1.552288452148437500e+03
1.706611665005828948e+00 1.552727416992187500e+03
1.708671546315431611e+00 1.551417846679687500e+03
1.710731427625034273e+00 1.550331909179687500e+03
1.712791308934637158e+00 1.549697143554687500e+03
1.714851190244239598e+00 1.549090209960937500e+03
1.716911071553842483e+00 1.549242919921875000e+03
1.718970952863445145e+00 1.548682250976562500e+03
1.721030834173047808e+00 1.546416015625000000e+03
1.723090715482650470e+00 1.545476562500000000e+03
1.725150596792253133e+00 1.543113525390625000e+03
1.727210478101855795e+00 1.541015136718750000e+03
1.729270359411458680e+00 1.541276733398437500e+03
1.731330240721061120e+00 1.541513793945312500e+03
1.733390122030664005e+00 1.541256835937500000e+03
1.735450003340266667e+00 1.541362915039062500e+03
1.737509884649869329e+00 1.540560791015625000e+03
1.739569765959471992e+00 1.539026367187500000e+03
1.741629647269074654e+00 1.538250732421875000e+03
1.743689528578677539e+00 1.536565673828125000e+03
1.745749409888280201e+00 1.536002563476562500e+03
1.747809291197882642e+00 1.534429199218750000e+03
1.749869172507485526e+00 1.531824829101562500e+03
1.751929053817088189e+00 1.529141601562500000e+03
1.753988935126690851e+00 1.527967895507812500e+03
1.756048816436293514e+00 1.526184082031250000e+03
1.758108697745896176e+00 1.525004638671875000e+03
1.760168579055499061e+00 1.524599609375000000e+03
1.762228460365101501e+00 1.523642700195312500e+03
1.764288341674704164e+00 1.523066406250000000e+03
1.766348222984307048e+00 1.526051513671875000e+03
1.768408104293909711e+00 1.529860839843750000e+03
1.770467985603512373e+00 1.536564208984375000e+03
1.772527866913115036e+00 1.543113891601562500e+03
1.774587748222717698e+00 1.548619262695312500e+03
1.776647629532320583e+00 1.556707763671875000e+03
1.778707510841923023e+00 1.561761718750000000e+03
1.780767392151525685e+00 1.564488159179687500e+03
1.782827273461128570e+00 1.565930419921875000e+03
1.784887154770731232e+00 1.563914550781250000e+03
1.786947036080333895e+00 1.556913940429687500e+03
1.789006917389936557e+00 1.549804565429687500e+03
1.791066798699538998e+00 1.540714111328125000e+03
1.793126680009141882e+00 1.528968383789062500e+03
1.795186561318744545e+00 1.517091674804687500e+03
1.797246442628347429e+00 1.505640380859375000e+03
1.799306323937949870e+00 1.494946899414062500e+03
1.801366205247552754e+00 1.485917846679687500e+03
1.803426086557155417e+00 1.479903564453125000e+03
1.805485967866758301e+00 1.474418579101562500e+03
1.807545849176360742e+00 1.469060913085937500e+03
1.809605730485963404e+00 1.463466796875000000e+03
1.811665611795566289e+00 1.458392211914062500e+03
1.813725493105168729e+00 1.452675659179687500e+03
1.815785374414771614e+00 1.446521484375000000e+03
1.817845255724374276e+00 1.442928100585937500e+03
1.819905137033976716e+00 1.439167724609375000e+03
1.821965018343579601e+00 1.434932739257812500e+03
1.824024899653182485e+00 1.432544311523437500e+03
1.826084780962784926e+00 1.428893920898437500e+03
1.828144662272387588e+00 1.425855346679687500e+03
1.830204543581990473e+00 1.424275878906250000e+03
1.832264424891593357e+00 1.421816528320312500e+03
1.834324306201195576e+00 1.418839233398437500e+03
1.836384187510798460e+00 1.415013793945312500e+03
1.838444068820401345e+00 1.412011596679687500e+03
1.840503950130003785e+00 1.407984863281250000e+03
1.842563831439606448e+00 1.405038330078125000e+03
1.844623712749209332e+00 1.401493896484375000e+03
1.846683594058811773e+00 1.398237426757812500e+03
1.848743475368414657e+00 1.394713012695312500e+03
1.850803356678017320e+00 1.391351440429687500e+03
1.852863237987619760e+00 1.388228271484375000e+03
1.854923119297222645e+00 1.385127319335937500e+03
1.856983000606825529e+00 1.383245971679687500e+03
1.859042881916428192e+00 1.378789794921875000e+03
1.861102763226030632e+00 1.376414306640625000e+03
1.863162644535633516e+00 1.373542480468750000e+03
1.865222525845236179e+00 1.369394165039062500e+03
1.867282407154838619e+00 1.366725585937500000e+03
1.869342288464441504e+00 1.365153686523437500e+03
1.871402169774044388e+00 1.363883911132812500e+03
1.873462051083646829e+00 1.361219726562500000e+03
1.875521932393249491e+00 1.360101196289062500e+03
1.877581813702852376e+00 1.361439086914062500e+03
1.879641695012454816e+00 1.360939453125000000e+03
1.881701576322057479e+00 1.361598388671875000e+03
1.883761457631660363e+00 1.364252197265625000e+03
1.885821338941263248e+00 1.362400146484375000e+03
1.887881220250865688e+00 1.360354736328125000e+03
1.889941101560468351e+00 1.357600830078125000e+03
1.892000982870071235e+00 1.354655395507812500e+03
1.894060864179673676e+00 1.349905151367187500e+03
1.896120745489276560e+00 1.345314697265625000e+03
1.898180626798879223e+00 1.339372680664062500e+03
1.900240508108481663e+00 1.332020141601562500e+03
1.902300389418084547e+00 1.325108886718750000e+03
1.904360270727687432e+00 1.318373901367187500e+03
1.906420152037289650e+00 1.312616577148437500e+03
1.908480033346892535e+00 1.307633422851562500e+03
1.910539914656495419e+00 1.303865966796875000e+03
1.912599795966098082e+00 1.300382690429687500e+03
1.914659677275700522e+00 1.298552734375000000e+03
1.916719558585303407e+00 1.295311401367187500e+03
1.918779439894906291e+00 1.293892456054687500e+03
1.920839321204508732e+00 1.290213012695312500e+03
1.922899202514111394e+00 1.286869628906250000e+03
1.924959083823714279e+00 1.283771484375000000e+03
1.927018965133316719e+00 1.278218627929687500e+03
1.929078846442919382e+00 1.275489135742187500e+03
1.931138727752522266e+00 1.272785278320312500e+03
1.933198609062124707e+00 1.268609008789062500e+03
1.935258490371727591e+00 1.266477294921875000e+03
1.937318371681330254e+00 1.262776733398437500e+03
1.939378252990933138e+00 1.258802612304687500e+03
1.941438134300535578e+00 1.256380126953125000e+03
1.943498015610138463e+00 1.254143188476562500e+03
1.945557896919741125e+00 1.251769653320312500e+03
1.947617778229343566e+00 1.248336425781250000e+03
1.949677659538946450e+00 1.244826416015625000e+03
1.951737540848549335e+00 1.243891235351562500e+03
1.953797422158151553e+00 1.242796630859375000e+03
1.955857303467754438e+00 1.241564086914062500e+03
1.957917184777357322e+00 1.240617309570312500e+03
1.959977066086959763e+00 1.237528930664062500e+03
1.962036947396562425e+00 1.235060180664062500e+03
1.964096828706165310e+00 1.233795654296875000e+03
1.966156710015768194e+00 1.231562133789062500e+03
1.968216591325370635e+00 1.230230468750000000e+03
1.970276472634973297e+00 1.228249877929687500e+03
1.972336353944576182e+00 1.226245117187500000e+03
1.974396235254178622e+00 1.223931762695312500e+03
1.976456116563781285e+00 1.222837524414062500e+03
1.978515997873384169e+00 1.223519653320312500e+03
1.980575879182986609e+00 1.225464111328125000e+03
1.982635760492589494e+00 1.230094848632812500e+03
1.984695641802192156e+00 1.237785522460937500e+03
1.986755523111794597e+00 1.249355834960937500e+03
1.988815404421397481e+00 1.268280029296875000e+03
1.990875285731000366e+00 1.295103637695312500e+03
1.992935167040603028e+00 1.329542358398437500e+03
1.994995048350205469e+00 1.373340454101562500e+03
1.997054929659808353e+00 1.418282958984375000e+03
1.999114810969411238e+00 1.465191650390625000e+03
2.001174692279013456e+00 1.507316650390625000e+03
2.003234573588616563e+00 1.539202758789062500e+03
2.005294454898219225e+00 1.558498779296875000e+03
2.007354336207821444e+00 1.563259765625000000e+03
2.009414217517424550e+00 1.550674926757812500e+03
2.011474098827027213e+00 1.524236450195312500e+03
2.013533980136629431e+00 1.487104980468750000e+03
2.015593861446232538e+00 1.442893066406250000e+03
2.017653742755835200e+00 1.395526489257812500e+03
2.019713624065437862e+00 1.349973144531250000e+03
2.021773505375040525e+00 1.311178710937500000e+03
2.023833386684643187e+00 1.275839355468750000e+03
2.025893267994246294e+00 1.248113037109375000e+03
2.027953149303848512e+00 1.225379882812500000e+03
2.030013030613451175e+00 1.205680053710937500e+03
2.032072911923054281e+00 1.190411499023437500e+03
2.034132793232656500e+00 1.176994995117187500e+03
2.036192674542259162e+00 1.168158935546875000e+03
2.038252555851862269e+00 1.161036499023437500e+03
2.040312437161464487e+00 1.155046630859375000e+03
2.042372318471067594e+00 1.150868286132812500e+03
2.044432199780670256e+00 1.147483032226562500e+03
2.046492081090272919e+00 1.143837524414062500e+03
2.048551962399875581e+00 1.140227172851562500e+03
2.050611843709478244e+00 1.137687744140625000e+03
2.052671725019080906e+00 1.133978027343750000e+03
2.054731606328683569e+00 1.130488647460937500e+03
2.056791487638286231e+00 1.127528442382812500e+03
2.058851368947889338e+00 1.124809204101562500e+03
2.060911250257491556e+00 1.122554809570312500e+03
2.062971131567094218e+00 1.121008666992187500e+03
2.065031012876697325e+00 1.119058227539062500e+03
2.067090894186299543e+00 1.117389892578125000e+03
2.069150775495902206e+00 1.114607299804687500e+03
2.071210656805505312e+00 1.112720336914062500e+03
2.073270538115107975e+00 1.110736694335937500e+03
2.075330419424710637e+00 1.109834594726562500e+03
2.077390300734313300e+00 1.107742797851562500e+03
2.079450182043915962e+00 1.105940429687500000e+03
2.081510063353518625e+00 1.102069458007812500e+03
2.083569944663121287e+00 1.098795898437500000e+03
2.085629825972723950e+00 1.095243041992187500e+03
2.087689707282326612e+00 1.093160522460937500e+03
2.089749588591929275e+00 1.090527709960937500e+03
2.091809469901531937e+00 1.087364624023437500e+03
2.093869351211134600e+00 1.085188964843750000e+03
2.095929232520737262e+00 1.082566894531250000e+03
2.097989113830340369e+00 1.082309448242187500e+03
2.100048995139943031e+00 1.081663452148437500e+03
2.102108876449545249e+00 1.079902099609375000e+03
2.104168757759148356e+00 1.077712890625000000e+03
2.106228639068751018e+00 1.075598388671875000e+03
2.108288520378353237e+00 1.073083618164062500e+03
2.110348401687956343e+00 1.071570434570312500e+03
2.112408282997559006e+00 1.068952758789062500e+03
2.114468164307161668e+00 1.065964355468750000e+03
2.116528045616764331e+00 1.064322021484375000e+03
2.118587926926366993e+00 1.062436889648437500e+03
2.120647808235969656e+00 1.060656860351562500e+03
2.122707689545572318e+00 1.058830688476562500e+03
2.124767570855174981e+00 1.055852783203125000e+03
2.126827452164778087e+00 1.053290893554687500e+03
2.128887333474380306e+00 1.050309692382812500e+03
2.130947214783983412e+00 1.047687500000000000e+03
2.133007096093586075e+00 1.045556884765625000e+03
2.135066977403188293e+00 1.045253173828125000e+03
2.137126858712791400e+00 1.043649780273437500e+03
2.139186740022394062e+00 1.040609619140625000e+03
2.141246621331996280e+00 1.039676879882812500e+03
2.143306502641599387e+00 1.038486206054687500e+03
2.145366383951202049e+00 1.036789672851562500e+03
2.147426265260804712e+00 1.036492797851562500e+03
2.149486146570407374e+00 1.034183349609375000e+03
2.151546027880010037e+00 1.031456176757812500e+03
2.153605909189613143e+00 1.029277465820312500e+03
2.155665790499215362e+00 1.027885253906250000e+03
2.157725671808818024e+00 1.026266113281250000e+03
2.159785553118421131e+00 1.025149658203125000e+03
2.161845434428023349e+00 1.023034667968750000e+03
2.163905315737626012e+00 1.019991821289062500e+03
2.165965197047229118e+00 1.017673278808593750e+03
2.168025078356831337e+00 1.014779541015625000e+03
2.170084959666434443e+00 1.011912231445312500e+03
2.172144840976037106e+00 1.009691589355468750e+03
2.174204722285639324e+00 1.007431701660156250e+03
2.176264603595242431e+00 1.005707458496093750e+03
2.178324484904845093e+00 1.003607971191406250e+03
2.180384366214447756e+00 1.002642944335937500e+03
2.182444247524050418e+00 1.001770080566406250e+03
2.184504128833653080e+00 1.000440734863281250e+03
2.186564010143255743e+00 9.993161621093750000e+02
2.188623891452858405e+00 9.982794799804687500e+02
2.190683772762461068e+00 9.968370361328125000e+02
2.192743654072064174e+00 9.953996582031250000e+02
2.194803535381666393e+00 9.944018554687500000e+02
2.196863416691269055e+00 9.941824340820312500e+02
2.198923298000872162e+00 9.925371704101562500e+02
2.200983179310474380e+00 9.907378540039062500e+02
2.203043060620077043e+00 9.880900268554687500e+02
2.205102941929680149e+00 9.852279663085937500e+02
2.207162823239282812e+00 9.818208007812500000e+02
2.209222704548885474e+00 9.797203369140625000e+02
2.211282585858488137e+00 9.771051025390625000e+02
2.213342467168090799e+00 9.762382202148437500e+02
2.215402348477693462e+00 9.753376464843750000e+02
2.217462229787296124e+00 9.743678588867187500e+02
2.219522111096898787e+00 9.725185546875000000e+02
2.221581992406501449e+00 9.700656738281250000e+02
2.223641873716104111e+00 9.675558471679687500e+02
2.225701755025707218e+00 9.651411743164062500e+02
2.227761636335309436e+00 9.643417358398437500e+02
2.229821517644912099e+00 9.640645751953125000e+02
2.231881398954515205e+00 9.617250366210937500e+02
2.233941280264117868e+00 9.606302490234375000e+02
2.236001161573720086e+00 9.604090576171875000e+02
2.238061042883323193e+00 9.584398193359375000e+02
2.240120924192925855e+00 9.575408325195312500e+02
2.242180805502528518e+00 9.561348266601562500e+02
2.244240686812131180e+00 9.547008666992187500e+02
2.246300568121733843e+00 9.522169189453125000e+02
2.248360449431336505e+00 9.507343750000000000e+02
2.250420330740939168e+00 9.499428710937500000e+02
2.252480212050541830e+00 9.481914672851562500e+02
2.254540093360144493e+00 9.456731567382812500e+02
2.256599974669747155e+00 9.442615356445312500e+02
2.258659855979349818e+00 9.426522827148437500e+02
2.260719737288952924e+00 9.403179931640625000e+02
2.262779618598555142e+00 9.388940429687500000e+02
2.264839499908158249e+00 9.380512695312500000e+02
2.266899381217760912e+00 9.362835693359375000e+02
2.268959262527363130e+00 9.363004150390625000e+02
2.271019143836966236e+00 9.358931884765625000e+02
2.273079025146568899e+00 9.350259399414062500e+02
2.275138906456171117e+00 9.343937988281250000e+02
2.277198787765774224e+00 9.320275268554687500e+02
2.279258669075376886e+00 9.298986816406250000e+02
2.281318550384979549e+00 9.278206176757812500e+02
2.283378431694582211e+00 9.265513916015625000e+02
2.285438313004184874e+00 9.256442871093750000e+02
2.287498194313787980e+00 9.257473144531250000e+02
2.289558075623390199e+00 9.249069213867187500e+02
2.291617956932992861e+00 9.251617431640625000e+02
2.293677838242595968e+00 9.241873779296875000e+02
2.295737719552198186e+00 9.245465087890625000e+02
2.297797600861801293e+00 9.265491333007812500e+02
2.299857482171403955e+00 9.292149658203125000e+02
2.301917363481006173e+00 9.346435546875000000e+02
2.303977244790609280e+00 9.442687377929687500e+02
2.306037126100211943e+00 9.576296386718750000e+02
2.308097007409814161e+00 9.790772705078125000e+02
2.310156888719417267e+00 1.006250610351562500e+03
2.312216770029019930e+00 1.040534912109375000e+03
2.314276651338622592e+00 1.080170166015625000e+03
2.316336532648225255e+00 1.122507324218750000e+03
2.318396413957827917e+00 1.163546020507812500e+03
2.320456295267431024e+00 1.195553222656250000e+03
2.322516176577033242e+00 1.217891601562500000e+03
2.324576057886635905e+00 1.227801757812500000e+03
2.326635939196239011e+00 1.224267822265625000e+03
2.328695820505841230e+00 1.208742309570312500e+03
2.330755701815443892e+00 1.182553955078125000e+03
2.332815583125046999e+00 1.147970336914062500e+03
2.334875464434649217e+00 1.107804199218750000e+03
2.336935345744252324e+00 1.068059814453125000e+03
2.338995227053854986e+00 1.031213623046875000e+03
2.341055108363457649e+00 1.000889953613281250e+03
2.343114989673060311e+00 9.752969360351562500e+02
2.345174870982662974e+00 9.538870849609375000e+02
2.347234752292265636e+00 9.367183837890625000e+02
2.349294633601868298e+00 9.230737915039062500e+02
2.351354514911470961e+00 9.114477539062500000e+02
2.353414396221073623e+00 9.027707519531250000e+02
2.355474277530676286e+00 8.962758178710937500e+02
2.357534158840278948e+00 8.906290283203125000e+02
2.359594040149882055e+00 8.874793701171875000e+02
2.361653921459484273e+00 8.840200195312500000e+02
2.363713802769086936e+00 8.813665771484375000e+02
2.365773684078690042e+00 8.791702880859375000e+02
2.367833565388292705e+00 8.775828247070312500e+02
2.369893446697894923e+00 8.758043212890625000e+02
2.371953328007498030e+00 8.745109863281250000e+02
2.374013209317100692e+00 8.731696777343750000e+02
2.376073090626703355e+00 8.711339721679687500e+02
2.378132971936306017e+00 8.697266235351562500e+02
2.380192853245908680e+00 8.684110107421875000e+02
2.382252734555511342e+00 8.672968750000000000e+02
2.384312615865114005e+00 8.661856079101562500e+02
2.386372497174716667e+00 8.648606567382812500e+02
2.388432378484319329e+00 8.631694335937500000e+02
2.390492259793921992e+00 8.617929687500000000e+02
2.392552141103525098e+00 8.610848999023437500e+02
2.394612022413127761e+00 8.584950561523437500e+02
2.396671903722729979e+00 8.566819458007812500e+02
2.398731785032333086e+00 8.558329467773437500e+02
2.400791666341935748e+00 8.531925659179687500e+02
2.402851547651537967e+00 8.514040527343750000e+02
2.404911428961141073e+00 8.497698364257812500e+02
2.406971310270743736e+00 8.486419677734375000e+02
2.409031191580346398e+00 8.478255004882812500e+02
2.411091072889949061e+00 8.469169311523437500e+02
2.413150954199551723e+00 8.462478637695312500e+02
2.415210835509154386e+00 8.457066650390625000e+02
2.417270716818757048e+00 8.438723754882812500e+02
2.419330598128359711e+00 8.439985961914062500e+02
2.421390479437962817e+00 8.443148193359375000e+02
2.423450360747565036e+00 8.442554321289062500e+02
2.425510242057167698e+00 8.436014404296875000e+02
2.427570123366770805e+00 8.420697021484375000e+02
2.429630004676373023e+00 8.404252929687500000e+02
2.431689885985976129e+00 8.384465332031250000e+02
2.433749767295578792e+00 8.362565917968750000e+02
2.435809648605181010e+00 8.354993896484375000e+02
2.437869529914784117e+00 8.346958618164062500e+02
2.439929411224386779e+00 8.335669555664062500e+02
2.441989292533988998e+00 8.336353759765625000e+02
2.444049173843592104e+00 8.333602905273437500e+02
2.446109055153194767e+00 8.327177124023437500e+02
2.448168936462797429e+00 8.320911865234375000e+02
2.450228817772400092e+00 8.308610839843750000e+02
2.452288699082002754e+00 8.297152709960937500e+02
2.454348580391605861e+00 8.277928466796875000e+02
2.456408461701208079e+00 8.259490356445312500e+02
2.458468343010810742e+00 8.254199829101562500e+02
2.460528224320413848e+00 8.245059204101562500e+02
2.462588105630016067e+00 8.238039550781250000e+02
2.464647986939619173e+00 8.229221191406250000e+02
2.466707868249221836e+00 8.222534179687500000e+02
2.468767749558824054e+00 8.222863769531250000e+02
2.470827630868427160e+00 8.228591308593750000e+02
2.472887512178029823e+00 8.229561767578125000e+02
2.474947393487632485e+00 8.221024169921875000e+02
2.477007274797235148e+00 8.205247802734375000e+02
2.479067156106837810e+00 8.187898559570312500e+02
2.481127037416440473e+00 8.175731811523437500e+02
2.483186918726043135e+00 8.164739990234375000e+02
2.485246800035645798e+00 8.156387939453125000e+02
2.487306681345248904e+00 8.151922607421875000e+02
2.489366562654851123e+00 8.160240478515625000e+02
2.491426443964453785e+00 8.171112060546875000e+02
2.493486325274056892e+00 8.199760131835937500e+02
2.495546206583659110e+00 8.237222290039062500e+02
2.497606087893261773e+00 8.287254028320312500e+02
2.499665969202864879e+00 8.364511718750000000e+02
2.501725850512467542e+00 8.469568481445312500e+02
2.503785731822070204e+00 8.598385620117187500e+02
2.505845613131672867e+00 8.758258666992187500e+02
2.507905494441275529e+00 8.928214111328125000e+02
2.509965375750878191e+00 9.080828857421875000e+02
2.512025257060480854e+00 9.222078857421875000e+02
2.514085138370083516e+00 9.305529785156250000e+02
2.516145019679686179e+00 9.342090454101562500e+02
2.518204900989288841e+00 9.323327026367187500e+02
2.520264782298891504e+00 9.243087158203125000e+02
2.522324663608494166e+00 9.117309570312500000e+02
2.524384544918096829e+00 8.963015747070312500e+02
2.526444426227699935e+00 8.780714111328125000e+02
2.528504307537302598e+00 8.624221191406250000e+02
2.530564188846904816e+00 8.472311401367187500e+02
2.532624070156507923e+00 8.334987182617187500e+02
2.534683951466110585e+00 8.236697387695312500e+02
2.536743832775712804e+00 8.145063476562500000e+02
2.538803714085315910e+00 8.075198974609375000e+02
2.540863595394918573e+00 8.023538818359375000e+02
2.542923476704521235e+00 7.978724365234375000e+02
2.544983358014123898e+00 7.938564453125000000e+02
2.547043239323726560e+00 7.903228759765625000e+02
2.549103120633329222e+00 7.863626098632812500e+02
2.551163001942931885e+00 7.831865234375000000e+02
2.553222883252534547e+00 7.816776733398437500e+02
2.555282764562137654e+00 7.806782836914062500e+02
2.557342645871739872e+00 7.790302734375000000e+02
2.559402527181342979e+00 7.768687133789062500e+02
2.561462408490945641e+00 7.745191650390625000e+02
2.563522289800547860e+00 7.730083618164062500e+02
2.565582171110150966e+00 7.717576904296875000e+02
2.567642052419753629e+00 7.708596191406250000e+02
2.569701933729355847e+00 7.706478271484375000e+02
2.571761815038958954e+00 7.700768432617187500e+02
2.573821696348561616e+00 7.682078857421875000e+02
2.575881577658164279e+00 7.665341796875000000e+02
2.577941458967766941e+00 7.653871459960937500e+02
2.580001340277369604e+00 7.647510986328125000e+02
2.582061221586972710e+00 7.641142578125000000e+02
2.584121102896574929e+00 7.646343994140625000e+02
2.586180984206177591e+00 7.641425781250000000e+02
2.588240865515780698e+00 7.633380126953125000e+02
2.590300746825382916e+00 7.623318481445312500e+02
2.592360628134985578e+00 7.610362548828125000e+02
2.594420509444588685e+00 7.591053466796875000e+02
2.596480390754190903e+00 7.578181152343750000e+02
2.598540272063794010e+00 7.568856201171875000e+02
2.600600153373396672e+00 7.567927246093750000e+02
2.602660034682998891e+00 7.553551025390625000e+02
2.604719915992601997e+00 7.557661743164062500e+02
2.606779797302204660e+00 7.547421264648437500e+02
2.608839678611807322e+00 7.536528320312500000e+02
2.610899559921409985e+00 7.529851074218750000e+02
2.612959441231012647e+00 7.514116821289062500e+02
2.615019322540615310e+00 7.517073974609375000e+02
2.617079203850217972e+00 7.519914550781250000e+02
2.619139085159820635e+00 7.505574951171875000e+02
2.621198966469423741e+00 7.487387695312500000e+02
2.623258847779025960e+00 7.470293579101562500e+02
2.625318729088628622e+00 7.443326416015625000e+02
2.627378610398231729e+00 7.432573852539062500e+02
2.629438491707833947e+00 7.425302734375000000e+02
2.631498373017437054e+00 7.416130371093750000e+02
2.633558254327039716e+00 7.414692382812500000e+02
2.635618135636642378e+00 7.405375366210937500e+02
2.637678016946245041e+00 7.402486572265625000e+02
2.639737898255847703e+00 7.402542114257812500e+02
2.641797779565450366e+00 7.397886352539062500e+02
2.643857660875053028e+00 7.392366333007812500e+02
2.645917542184655691e+00 7.392587280273437500e+02
2.647977423494258353e+00 7.382847900390625000e+02
2.650037304803861016e+00 7.370552978515625000e+02
2.652097186113463678e+00 7.365115356445312500e+02
2.654157067423066785e+00 7.361336669921875000e+02
2.656216948732669003e+00 7.347119750976562500e+02
2.658276830042271666e+00 7.341920776367187500e+02
2.660336711351874772e+00 7.337023315429687500e+02
2.662396592661477435e+00 7.314981689453125000e+02
2.664456473971079653e+00 7.297676391601562500e+02
2.666516355280682760e+00 7.313510742187500000e+02
2.668576236590285422e+00 7.314782104492187500e+02
2.670636117899888085e+00 7.309324951171875000e+02
2.672695999209490747e+00 7.311524047851562500e+02
2.674755880519093409e+00 7.311625976562500000e+02
2.676815761828696072e+00 7.307382812500000000e+02
2.678875643138298734e+00 7.307728271484375000e+02
2.680935524447901397e+00 7.309757690429687500e+02
2.682995405757504059e+00 7.311937255859375000e+02
2.685055287067106722e+00 7.317285766601562500e+02
2.687115168376709384e+00 7.326361083984375000e+02
2.689175049686312491e+00 7.328495483398437500e+02
2.691234930995914709e+00 7.324714965820312500e+02
2.693294812305517816e+00 7.307725830078125000e+02
2.695354693615120478e+00 7.296049194335937500e+02
2.697414574924722697e+00 7.289714965820312500e+02
2.699474456234325803e+00 7.292407836914062500e+02
2.701534337543928466e+00 7.301365966796875000e+02
2.703594218853530684e+00 7.289141845703125000e+02
2.705654100163133791e+00 7.274346313476562500e+02
2.707713981472736453e+00 7.265156250000000000e+02
2.709773862782339116e+00 7.253720092773437500e+02
2.711833744091941778e+00 7.244138793945312500e+02
2.713893625401544440e+00 7.251392211914062500e+02
2.715953506711147547e+00 7.256760253906250000e+02
2.718013388020749765e+00 7.249290161132812500e+02
2.720073269330352428e+00 7.246352539062500000e+02
2.722133150639955534e+00 7.235071411132812500e+02
2.724193031949557753e+00 7.233432617187500000e+02
2.726252913259160859e+00 7.231753540039062500e+02
2.728312794568763522e+00 7.235015258789062500e+02
2.730372675878365740e+00 7.235565795898437500e+02
2.732432557187968847e+00 7.242792358398437500e+02
2.734492438497571509e+00 7.243430786132812500e+02
2.736552319807173728e+00 7.244586181640625000e+02
2.738612201116776834e+00 7.258833618164062500e+02
2.740672082426379497e+00 7.277943115234375000e+02
2.742731963735982159e+00 7.309971923828125000e+02
2.744791845045584822e+00 7.352203979492187500e+02
2.746851726355187484e+00 7.403704223632812500e+02
2.748911607664790591e+00 7.485052490234375000e+02
2.750971488974392809e+00 7.596821899414062500e+02
2.753031370283995471e+00 7.785996093750000000e+02
2.755091251593598578e+00 8.054703369140625000e+02
2.757151132903200796e+00 8.397241210937500000e+02
2.759211014212803459e+00 8.857232666015625000e+02
2.761270895522406565e+00 9.405291748046875000e+02
2.763330776832008784e+00 9.982684326171875000e+02
2.765390658141611890e+00 1.053751708984375000e+03
2.767450539451214553e+00 1.100797241210937500e+03
2.769510420760817215e+00 1.133478027343750000e+03
2.771570302070419878e+00 1.150496459960937500e+03
2.773630183380022540e+00 1.151859008789062500e+03
2.775690064689625203e+00 1.134306884765625000e+03
2.777749945999227865e+00 1.103830444335937500e+03
2.779809827308830528e+00 1.061200195312500000e+03
2.781869708618433190e+00 1.013821716308593750e+03
2.783929589928035853e+00 9.655643310546875000e+02
2.785989471237638515e+00 9.229053955078125000e+02
2.788049352547241622e+00 8.872742919921875000e+02
2.790109233856843840e+00 8.605957031250000000e+02
2.792169115166446502e+00 8.436842651367187500e+02
2.794228996476049609e+00 8.355576171875000000e+02
2.796288877785652272e+00 8.380950927734375000e+02
2.798348759095254934e+00 8.522160644531250000e+02
2.800408640404857596e+00 9.026038208007812500e+02
2.802468521714460259e+00 9.573419189453125000e+02
2.804528403024062921e+00 1.017102661132812500e+03
2.806588284333665584e+00 1.151810913085937500e+03
2.808648165643268246e+00 1.254469482421875000e+03
2.810708046952870909e+00 1.408806518554687500e+03
2.812767928262473571e+00 1.719460571289062500e+03
2.814827809572076234e+00 1.927976074218750000e+03
2.816887690881678896e+00 2.087961425781250000e+03
2.818947572191281559e+00 2.319408935546875000e+03
2.821007453500884665e+00 2.446750976562500000e+03
2.823067334810487328e+00 2.294117187500000000e+03
2.825127216120089546e+00 2.330733398437500000e+03
2.827187097429692653e+00 2.352615966796875000e+03
2.829246978739295315e+00 2.128171142578125000e+03
2.831306860048897533e+00 2.028104736328125000e+03
2.833366741358500640e+00 2.028153808593750000e+03
2.835426622668103303e+00 1.799243164062500000e+03
2.837486503977705965e+00 1.593737548828125000e+03
2.839546385287308627e+00 1.479317504882812500e+03
2.841606266596911290e+00 1.267252807617187500e+03
2.843666147906513952e+00 1.109688842773437500e+03
2.845726029216116615e+00 1.038205688476562500e+03
2.847785910525719277e+00 9.552706909179687500e+02
2.849845791835322384e+00 8.870838012695312500e+02
2.851905673144924602e+00 8.485072021484375000e+02
2.853965554454527265e+00 8.186998291015625000e+02
2.856025435764130371e+00 7.929238891601562500e+02
2.858085317073732590e+00 7.729513549804687500e+02
2.860145198383335696e+00 7.571033325195312500e+02
2.862205079692938359e+00 7.448482055664062500e+02
2.864264961002540577e+00 7.349113159179687500e+02
2.866324842312143684e+00 7.271351928710937500e+02
2.868384723621746346e+00 7.199648437500000000e+02
2.870444604931348564e+00 7.143579101562500000e+02
2.872504486240951671e+00 7.097218627929687500e+02
2.874564367550554334e+00 7.056141967773437500e+02
2.876624248860156996e+00 7.029535522460937500e+02
2.878684130169759658e+00 7.005328979492187500e+02
2.880744011479362321e+00 6.977784423828125000e+02
2.882803892788965427e+00 6.962702026367187500e+02
2.884863774098567646e+00 6.949788818359375000e+02
2.886923655408170308e+00 6.930438232421875000e+02
2.888983536717773415e+00 6.919898071289062500e+02
2.891043418027375633e+00 6.913028564453125000e+02
2.893103299336978740e+00 6.906985473632812500e+02
2.895163180646581402e+00 6.888361816406250000e+02
2.897223061956183621e+00 6.845255126953125000e+02
2.899282943265786727e+00 6.842250366210937500e+02
2.901342824575389390e+00 6.826810302734375000e+02
2.903402705884992052e+00 6.845896606445312500e+02
2.905462587194594715e+00 6.867607421875000000e+02
2.907522468504197377e+00 6.850957031250000000e+02
2.909582349813800040e+00 6.845346679687500000e+02
2.911642231123402702e+00 6.845687866210937500e+02
2.913702112433005365e+00 6.843843994140625000e+02
2.915761993742608471e+00 6.857170410156250000e+02
2.917821875052210689e+00 6.881046752929687500e+02
2.919881756361813352e+00 6.891726074218750000e+02
2.921941637671416458e+00 6.913023681640625000e+02
2.924001518981018677e+00 6.946961669921875000e+02
2.926061400290621339e+00 6.994072265625000000e+02
2.928121281600224446e+00 7.055740966796875000e+02
2.930181162909827108e+00 7.149578247070312500e+02
2.932241044219429771e+00 7.255117797851562500e+02
2.934300925529032433e+00 7.378126220703125000e+02
2.936360806838635096e+00 7.513337402343750000e+02
2.938420688148237758e+00 7.635271606445312500e+02
2.940480569457840421e+00 7.736379394531250000e+02
2.942540450767443083e+00 7.812665405273437500e+02
2.944600332077045746e+00 7.849791870117187500e+02
2.946660213386648408e+00 7.859726562500000000e+02
2.948720094696251071e+00 7.852055664062500000e+02
2.950779976005853733e+00 7.826213989257812500e+02
2.952839857315456396e+00 7.806533203125000000e+02
2.954899738625059502e+00 7.813898925781250000e+02
2.956959619934662165e+00 7.869828491210937500e+02
2.959019501244264383e+00 8.027196655273437500e+02
2.961079382553867489e+00 8.362509765625000000e+02
2.963139263863470152e+00 8.926568603515625000e+02
2.965199145173072814e+00 9.844412231445312500e+02
2.967259026482675477e+00 1.123640991210937500e+03
2.969318907792278139e+00 1.312923339843750000e+03
2.971378789101880802e+00 1.564313354492187500e+03
2.973438670411483464e+00 1.852429687500000000e+03
2.975498551721086127e+00 2.188018066406250000e+03
2.977558433030688789e+00 2.527480224609375000e+03
2.979618314340291452e+00 2.816103271484375000e+03
2.981678195649894114e+00 3.077133789062500000e+03
2.983738076959497221e+00 3.232872558593750000e+03
2.985797958269099439e+00 3.288534912109375000e+03
2.987857839578702546e+00 3.250540283203125000e+03
2.989917720888305208e+00 3.110079589843750000e+03
2.991977602197907427e+00 2.881927978515625000e+03
2.994037483507510533e+00 2.633717041015625000e+03
2.996097364817113196e+00 2.344447021484375000e+03
2.998157246126715414e+00 2.066595947265625000e+03
3.000217127436318520e+00 1.835251586914062500e+03
3.002277008745921183e+00 1.613861572265625000e+03
3.004336890055523845e+00 1.433751464843750000e+03
3.006396771365126508e+00 1.285786376953125000e+03
3.008456652674729170e+00 1.146613403320312500e+03
3.010516533984332277e+00 1.040884277343750000e+03
3.012576415293934495e+00 9.453063964843750000e+02
3.014636296603537158e+00 8.696250610351562500e+02
3.016696177913140264e+00 8.114949951171875000e+02
3.018756059222742483e+00 7.646033325195312500e+02
3.020815940532345145e+00 7.337324829101562500e+02
3.022875821841948252e+00 7.107542724609375000e+02
3.024935703151550470e+00 6.973052368164062500e+02
3.026995584461153577e+00 6.876315307617187500e+02
3.029055465770756239e+00 6.807565917968750000e+02
3.031115347080358458e+00 6.764596557617187500e+02
3.033175228389961564e+00 6.731946411132812500e+02
3.035235109699564227e+00 6.722764282226562500e+02
3.037294991009166889e+00 6.730636596679687500e+02
3.039354872318769551e+00 6.760786132812500000e+02
3.041414753628372214e+00 6.795997924804687500e+02
3.043474634937974876e+00 6.856066894531250000e+02
3.045534516247577539e+00 6.916928100585937500e+02
3.047594397557180201e+00 6.969490966796875000e+02
3.049654278866783308e+00 7.007967529296875000e+02
3.051714160176385526e+00 7.036038208007812500e+02
3.053774041485988189e+00 7.052603149414062500e+02
3.055833922795591295e+00 7.059467163085937500e+02
3.057893804105193514e+00 7.062539062500000000e+02
3.059953685414796620e+00 7.058334960937500000e+02
3.062013566724399283e+00 7.048825073242187500e+02
3.064073448034001945e+00 7.055540771484375000e+02
3.066133329343604608e+00 7.077614746093750000e+02
3.068193210653207270e+00 7.117209472656250000e+02
3.070253091962809933e+00 7.171200561523437500e+02
3.072312973272412595e+00 7.224296264648437500e+02
3.074372854582015258e+00 7.289118652343750000e+02
3.076432735891617920e+00 7.351397094726562500e+02
3.078492617201220583e+00 7.395408935546875000e+02
3.080552498510823245e+00 7.429171142578125000e+02
3.082612379820426352e+00 7.435281982421875000e+02
3.084672261130028570e+00 7.422470703125000000e+02
3.086732142439631232e+00 7.383850097656250000e+02
3.088792023749234339e+00 7.305215454101562500e+02
3.090851905058837001e+00 7.201155395507812500e+02
3.092911786368439220e+00 7.085746459960937500e+02
3.094971667678042326e+00 6.956713867187500000e+02
3.097031548987644989e+00 6.828722534179687500e+02
3.099091430297247651e+00 6.718093872070312500e+02
3.101151311606850314e+00 6.620626220703125000e+02
3.103211192916452976e+00 6.529562377929687500e+02
3.105271074226055639e+00 6.457818603515625000e+02
3.107330955535658301e+00 6.404155883789062500e+02
3.109390836845260964e+00 6.350108642578125000e+02
3.111450718154863626e+00 6.301254272460937500e+02
3.113510599464466289e+00 6.259531860351562500e+02
3.115570480774068951e+00 6.227792968750000000e+02
3.117630362083672058e+00 6.186077270507812500e+02
3.119690243393274276e+00 6.161830444335937500e+02
3.121750124702877383e+00 6.153331909179687500e+02
3.123810006012480045e+00 6.140288085937500000e+02
3.125869887322082263e+00 6.137443237304687500e+02
3.127929768631685370e+00 6.131056518554687500e+02
3.129989649941288032e+00 6.117408447265625000e+02
3.132049531250890251e+00 6.107099609375000000e+02
3.134109412560493357e+00 6.107602539062500000e+02
3.136169293870096020e+00 6.095036010742187500e+02
3.138229175179698682e+00 6.093631591796875000e+02
3.140289056489301345e+00 6.084442138671875000e+02
3.142348937798904007e+00 6.071835937500000000e+02
3.144408819108507114e+00 6.059988403320312500e+02
3.146468700418109332e+00 6.066495971679687500e+02
3.148528581727711995e+00 6.066779785156250000e+02
3.150588463037315101e+00 6.060078125000000000e+02
3.152648344346917320e+00 6.048732299804687500e+02
3.154708225656520426e+00 6.037245483398437500e+02
3.156768106966123089e+00 6.024565429687500000e+02
3.158827988275725307e+00 6.008655395507812500e+02
3.160887869585328414e+00 6.006718139648437500e+02
3.162947750894931076e+00 6.002717895507812500e+02
3.165007632204533738e+00 5.993823242187500000e+02
3.167067513514136401e+00 5.989882202148437500e+02
3.169127394823739063e+00 5.986340942382812500e+02
3.171187276133341726e+00 5.975509033203125000e+02
3.173247157442944388e+00 5.974983520507812500e+02
3.175307038752547051e+00 5.980000610351562500e+02
3.177366920062150157e+00 5.988839721679687500e+02
3.179426801371752376e+00 5.983163452148437500e+02
3.181486682681355038e+00 5.980508422851562500e+02
3.183546563990958145e+00 5.981757202148437500e+02
3.185606445300560363e+00 5.978435668945312500e+02
3.187666326610163026e+00 5.971875610351562500e+02
3.189726207919766132e+00 5.971312866210937500e+02
3.191786089229368795e+00 5.969524536132812500e+02
3.193845970538971457e+00 5.948311767578125000e+02
3.195905851848574120e+00 5.944518432617187500e+02
3.197965733158176782e+00 5.940388183593750000e+02
3.200025614467779445e+00 5.938978881835937500e+02
3.202085495777382107e+00 5.932429199218750000e+02
3.204145377086984769e+00 5.923881225585937500e+02
3.206205258396587432e+00 5.918341064453125000e+02
3.208265139706190094e+00 5.914188232421875000e+02
3.210325021015792757e+00 5.916010131835937500e+02
3.212384902325395419e+00 5.926850585937500000e+02
3.214444783634998082e+00 5.924993286132812500e+02
3.216504664944601188e+00 5.917402343750000000e+02
3.218564546254203851e+00 5.918145141601562500e+02
3.220624427563806069e+00 5.908742065429687500e+02
3.222684308873409176e+00 5.898370971679687500e+02
3.224744190183011838e+00 5.901972045898437500e+02
3.226804071492614501e+00 5.898324584960937500e+02
3.228863952802217163e+00 5.896748657226562500e+02
3.230923834111819826e+00 5.913027343750000000e+02
3.232983715421422488e+00 5.929609985351562500e+02
3.235043596731025151e+00 5.932581787109375000e+02
3.237103478040627813e+00 5.942556152343750000e+02
3.239163359350230476e+00 5.942979736328125000e+02
3.241223240659833138e+00 5.944948730468750000e+02
3.243283121969435800e+00 5.962543334960937500e+02
3.245343003279038907e+00 5.974744262695312500e+02
3.247402884588641125e+00 5.984563598632812500e+02
3.249462765898244232e+00 6.016353759765625000e+02
3.251522647207846894e+00 6.057249755859375000e+02
3.253582528517449113e+00 6.114020996093750000e+02
3.255642409827052219e+00 6.203388671875000000e+02
3.257702291136654882e+00 6.298491210937500000e+02
3.259762172446257100e+00 6.406237792968750000e+02
3.261822053755860207e+00 6.515563964843750000e+02
3.263881935065462869e+00 6.605952148437500000e+02
3.265941816375065532e+00 6.675350341796875000e+02
3.268001697684668194e+00 6.712960205078125000e+02
3.270061578994270857e+00 6.715489501953125000e+02
3.272121460303873963e+00 6.696196289062500000e+02
3.274181341613476182e+00 6.634873657226562500e+02
3.276241222923078844e+00 6.552406616210937500e+02
3.278301104232681951e+00 6.464188232421875000e+02
3.280360985542284169e+00 6.348302612304687500e+02
3.282420866851886831e+00 6.248251342773437500e+02
3.284480748161489938e+00 6.152685546875000000e+02
3.286540629471092156e+00 6.083348999023437500e+02
3.288600510780695263e+00 6.024177246093750000e+02
3.290660392090297925e+00 5.978729248046875000e+02
3.292720273399900144e+00 5.938632202148437500e+02
3.294780154709503250e+00 5.904774169921875000e+02
3.296840036019105913e+00 5.880994262695312500e+02
3.298899917328708575e+00 5.869196166992187500e+02
3.300959798638311238e+00 5.852540283203125000e+02
3.303019679947913900e+00 5.840217285156250000e+02
3.305079561257517007e+00 5.820979614257812500e+02
3.307139442567119225e+00 5.808829345703125000e+02
3.309199323876721888e+00 5.797728271484375000e+02
3.311259205186324994e+00 5.792601928710937500e+02
3.313319086495927213e+00 5.787410278320312500e+02
3.315378967805529875e+00 5.789392700195312500e+02
3.317438849115132982e+00 5.787515258789062500e+02
3.319498730424735200e+00 5.783337402343750000e+02
3.321558611734338307e+00 5.774525756835937500e+02
3.323618493043940969e+00 5.773526000976562500e+02
3.325678374353543632e+00 5.775264282226562500e+02
3.327738255663146294e+00 5.778436889648437500e+02
3.329798136972748956e+00 5.784459838867187500e+02
3.331858018282351619e+00 5.792183837890625000e+02
3.333917899591954281e+00 5.795776977539062500e+02
3.335977780901556944e+00 5.804118652343750000e+02
3.338037662211159606e+00 5.815420532226562500e+02
3.340097543520762269e+00 5.834817504882812500e+02
3.342157424830364931e+00 5.850217895507812500e+02
3.344217306139968038e+00 5.857633056640625000e+02
3.346277187449570256e+00 5.871571655273437500e+02
3.348337068759172919e+00 5.882626953125000000e+02
3.350396950068776025e+00 5.906906127929687500e+02
3.352456831378378688e+00 5.953179931640625000e+02
3.354516712687980906e+00 5.987338256835937500e+02
3.356576593997584013e+00 6.021114501953125000e+02
3.358636475307186675e+00 6.041795043945312500e+02
3.360696356616789338e+00 6.052210083007812500e+02
3.362756237926392000e+00 6.053092651367187500e+02
3.364816119235994663e+00 6.060597534179687500e+02
3.366876000545597325e+00 6.049183959960937500e+02
3.368935881855199987e+00 6.035131225585937500e+02
3.370995763164802650e+00 6.021264648437500000e+02
3.373055644474405312e+00 5.991964111328125000e+02
3.375115525784007975e+00 5.970242309570312500e+02
3.377175407093610637e+00 5.942881469726562500e+02
3.379235288403213744e+00 5.918554687500000000e+02
3.381295169712815962e+00 5.891078491210937500e+02
3.383355051022419069e+00 5.869033203125000000e+02
3.385414932332021731e+00 5.846409912109375000e+02
3.387474813641623950e+00 5.811738891601562500e+02
3.389534694951227056e+00 5.791189575195312500e+02
3.391594576260829719e+00 5.780496826171875000e+02
3.393654457570432381e+00 5.762974243164062500e+02
3.395714338880035044e+00 5.751375732421875000e+02
3.397774220189637706e+00 5.744616699218750000e+02
3.399834101499240369e+00 5.736789550781250000e+02
3.401893982808843031e+00 5.730038452148437500e+02
3.403953864118445694e+00 5.731372070312500000e+02
3.406013745428048800e+00 5.735459594726562500e+02
3.408073626737651018e+00 5.753436279296875000e+02
3.410133508047253681e+00 5.783211059570312500e+02
3.412193389356856787e+00 5.823934326171875000e+02
3.414253270666459006e+00 5.865925292968750000e+02
3.416313151976062112e+00 5.917333984375000000e+02
3.418373033285664775e+00 5.980201416015625000e+02
3.420432914595266993e+00 6.032680053710937500e+02
3.422492795904870100e+00 6.099384155273437500e+02
3.424552677214472762e+00 6.173892211914062500e+02
3.426612558524074981e+00 6.266886596679687500e+02
3.428672439833678087e+00 6.370293579101562500e+02
3.430732321143280750e+00 6.523525390625000000e+02
3.432792202452883412e+00 6.738040771484375000e+02
3.434852083762486075e+00 6.997001342773437500e+02
3.436911965072088737e+00 7.316544799804687500e+02
3.438971846381691844e+00 7.653078002929687500e+02
3.441031727691294062e+00 7.994506225585937500e+02
3.443091609000896725e+00 8.323724975585937500e+02
3.445151490310499831e+00 8.563181762695312500e+02
3.447211371620102049e+00 8.724164428710937500e+02
3.449271252929704712e+00 8.767051391601562500e+02
3.451331134239307818e+00 8.681874389648437500e+02
3.453391015548910037e+00 8.497091674804687500e+02
3.455450896858513143e+00 8.217454223632812500e+02
3.457510778168115806e+00 7.911516723632812500e+02
3.459570659477718468e+00 7.603543701171875000e+02
3.461630540787321131e+00 7.301279907226562500e+02
3.463690422096923793e+00 7.039108886718750000e+02
3.465750303406526456e+00 6.816925048828125000e+02
3.467810184716129118e+00 6.636993408203125000e+02
3.469870066025731781e+00 6.485371093750000000e+02
3.471929947335334887e+00 6.360108642578125000e+02
3.473989828644937106e+00 6.247153320312500000e+02
3.476049709954539768e+00 6.133385009765625000e+02
3.478109591264142875e+00 6.032391357421875000e+02
3.480169472573745093e+00 5.938950805664062500e+02
3.482229353883347756e+00 5.864197998046875000e+02
3.484289235192950862e+00 5.799623413085937500e+02
3.486349116502553525e+00 5.738483276367187500e+02
3.488408997812156187e+00 5.693889160156250000e+02
3.490468879121758849e+00 5.655675659179687500e+02
3.492528760431361512e+00 5.627638549804687500e+02
3.494588641740964174e+00 5.616472167968750000e+02
3.496648523050566837e+00 5.603767700195312500e+02
3.498708404360169499e+00 5.588775024414062500e+02
3.500768285669772162e+00 5.585360717773437500e+02
3.502828166979374824e+00 5.577901611328125000e+02
3.504888048288977487e+00 5.559581909179687500e+02
3.506947929598580149e+00 5.531468505859375000e+02
3.509007810908182812e+00 5.522995605468750000e+02
3.511067692217785918e+00 5.516955566406250000e+02
3.513127573527388581e+00 5.518372802734375000e+02
3.515187454836990799e+00 5.530463867187500000e+02
3.517247336146593906e+00 5.528984985351562500e+02
3.519307217456196568e+00 5.525055541992187500e+02
3.521367098765798787e+00 5.521026611328125000e+02
3.523426980075401893e+00 5.511964721679687500e+02
3.525486861385004556e+00 5.498435668945312500e+02
3.527546742694607218e+00 5.497630615234375000e+02
3.529606624004209880e+00 5.503035278320312500e+02
3.531666505313812543e+00 5.503886718750000000e+02
3.533726386623415205e+00 5.500532226562500000e+02
3.535786267933017868e+00 5.500639038085937500e+02
3.537846149242620530e+00 5.496060791015625000e+02
3.539906030552223637e+00 5.497621459960937500e+02
3.541965911861825855e+00 5.498618164062500000e+02
3.544025793171428518e+00 5.490310668945312500e+02
3.546085674481031624e+00 5.485443725585937500e+02
3.548145555790633843e+00 5.487894287109375000e+02
3.550205437100236949e+00 5.493117675781250000e+02
3.552265318409839612e+00 5.504207153320312500e+02
3.554325199719441830e+00 5.524819335937500000e+02
3.556385081029044937e+00 5.538978271484375000e+02
3.558444962338647599e+00 5.549948730468750000e+02
3.560504843648250262e+00 5.563678588867187500e+02
3.562564724957852924e+00 5.571629638671875000e+02
3.564624606267455587e+00 5.573986206054687500e+02
3.566684487577058693e+00 5.572866210937500000e+02
3.568744368886660911e+00 5.565363159179687500e+02
3.570804250196263574e+00 5.555175781250000000e+02
3.572864131505866681e+00 5.553327636718750000e+02
3.574924012815468899e+00 5.545769042968750000e+02
3.576983894125071561e+00 5.534412841796875000e+02
3.579043775434674668e+00 5.512987670898437500e+02
3.581103656744276442e+00 5.492825317382812500e+02
3.583163538053879993e+00 5.472189941406250000e+02
3.585223419363482211e+00 5.458096923828125000e+02
3.587283300673084874e+00 5.446046752929687500e+02
3.589343181982687980e+00 5.438750000000000000e+02
3.591403063292290643e+00 5.436885986328125000e+02
3.593462944601893305e+00 5.446610107421875000e+02
3.595522825911496412e+00 5.462747802734375000e+02
3.597582707221098186e+00 5.459486083984375000e+02
3.599642588530701293e+00 5.448701171875000000e+02
3.601702469840303955e+00 5.444078979492187500e+02
3.603762351149906618e+00 5.422708129882812500e+02
3.605822232459509724e+00 5.397500610351562500e+02
3.607882113769112387e+00 5.383829345703125000e+02
3.609941995078715049e+00 5.374483642578125000e+02
3.612001876388317267e+00 5.361734008789062500e+02
3.614061757697919930e+00 5.362466430664062500e+02
3.616121639007522592e+00 5.350379028320312500e+02
3.618181520317125699e+00 5.351165771484375000e+02
3.620241401626728361e+00 5.349981079101562500e+02
3.622301282936331024e+00 5.343446044921875000e+02
3.624361164245933242e+00 5.337214965820312500e+02
3.626421045555535905e+00 5.341171875000000000e+02
3.628480926865139011e+00 5.336384277343750000e+02
3.630540808174741674e+00 5.332749023437500000e+02
3.632600689484344336e+00 5.327205810546875000e+02
3.634660570793947443e+00 5.321417846679687500e+02
3.636720452103550105e+00 5.312316894531250000e+02
3.638780333413152324e+00 5.315612182617187500e+02
3.640840214722754986e+00 5.315283203125000000e+02
3.642900096032357649e+00 5.313045654296875000e+02
3.644959977341960755e+00 5.317370605468750000e+02
3.647019858651563418e+00 5.308447265625000000e+02
3.649079739961166080e+00 5.302274780273437500e+02
3.651139621270768298e+00 5.290872802734375000e+02
3.653199502580370961e+00 5.280152587890625000e+02
3.655259383889974067e+00 5.273817749023437500e+02
3.657319265199576730e+00 5.270197143554687500e+02
3.659379146509179392e+00 5.271679687500000000e+02
3.661439027818782499e+00 5.270770263671875000e+02
3.663498909128385161e+00 5.264655151367187500e+02
3.665558790437986936e+00 5.267149658203125000e+02
3.667618671747590042e+00 5.263192138671875000e+02
3.669678553057192705e+00 5.255067138671875000e+02
3.671738434366795367e+00 5.258072509765625000e+02
3.673798315676398474e+00 5.254253540039062500e+02
3.675858196986001136e+00 5.257282104492187500e+02
3.677918078295603355e+00 5.256194458007812500e+02
3.679977959605206017e+00 5.253083496093750000e+02
3.682037840914808680e+00 5.261593627929687500e+02
3.684097722224411786e+00 5.271041870117187500e+02
3.686157603534014449e+00 5.282538452148437500e+02
3.688217484843617111e+00 5.293759155273437500e+02
3.690277366153220218e+00 5.304670410156250000e+02
3.692337247462821992e+00 5.306559448242187500e+02
3.694397128772425098e+00 5.302381591796875000e+02
3.696457010082027761e+00 5.294067382812500000e+02
3.698516891391630423e+00 5.297192382812500000e+02
3.700576772701233530e+00 5.286175537109375000e+02
3.702636654010836192e+00 5.272069091796875000e+02
3.704696535320437967e+00 5.262160644531250000e+02
3.706756416630041073e+00 5.247982177734375000e+02
3.708816297939643736e+00 5.241715087890625000e+02
3.710876179249246398e+00 5.229514770507812500e+02
3.712936060558849505e+00 5.219558105468750000e+02
3.714995941868452167e+00 5.215587158203125000e+02
3.717055823178055274e+00 5.209706420898437500e+02
3.719115704487657048e+00 5.201997680664062500e+02
3.721175585797259711e+00 5.204300537109375000e+02
3.723235467106862817e+00 5.197966308593750000e+02
3.725295348416465480e+00 5.187266845703125000e+02
3.727355229726068142e+00 5.181323242187500000e+02
3.729415111035671249e+00 5.170388793945312500e+02
3.731474992345273023e+00 5.166511840820312500e+02
3.733534873654876129e+00 5.163466186523437500e+02
3.735594754964478792e+00 5.170644531250000000e+02
3.737654636274081454e+00 5.176552124023437500e+02
3.739714517583684561e+00 5.183496704101562500e+02
3.741774398893287223e+00 5.190236206054687500e+02
3.743834280202889886e+00 5.183777465820312500e+02
3.745894161512492104e+00 5.172136230468750000e+02
3.747954042822094767e+00 5.170394897460937500e+02
3.750013924131697873e+00 5.165042114257812500e+02
3.752073805441300536e+00 5.163166503906250000e+02
3.754133686750903198e+00 5.170782470703125000e+02
3.756193568060506305e+00 5.176372070312500000e+02
3.758253449370108079e+00 5.192728881835937500e+02
3.760313330679710742e+00 5.212299194335937500e+02
3.762373211989313848e+00 5.251108398437500000e+02
3.764433093298916511e+00 5.301058349609375000e+02
3.766492974608519173e+00 5.374387207031250000e+02
3.768552855918122280e+00 5.460480346679687500e+02
3.770612737227724942e+00 5.545213012695312500e+02
3.772672618537327160e+00 5.636819458007812500e+02
3.774732499846929823e+00 5.717575683593750000e+02
3.776792381156532485e+00 5.763351440429687500e+02
3.778852262466135592e+00 5.793976440429687500e+02
3.780912143775738254e+00 5.799343261718750000e+02
3.782972025085340917e+00 5.766470336914062500e+02
3.785031906394943135e+00 5.721777343750000000e+02
3.787091787704545798e+00 5.655344238281250000e+02
3.789151669014148904e+00 5.582705688476562500e+02
3.791211550323751567e+00 5.503333129882812500e+02
3.793271431633354229e+00 5.426624755859375000e+02
3.795331312942957336e+00 5.361317138671875000e+02
3.797391194252559998e+00 5.311566162109375000e+02
3.799451075562161773e+00 5.262212524414062500e+02
3.801510956871764879e+00 5.215073242187500000e+02
3.803570838181367542e+00 5.180374755859375000e+02
3.805630719490970648e+00 5.147989501953125000e+02
3.807690600800573311e+00 5.134686279296875000e+02
3.809750482110175973e+00 5.119456787109375000e+02
3.811810363419778191e+00 5.110510253906250000e+02
3.813870244729380854e+00 5.105212402343750000e+02
3.815930126038983516e+00 5.090506286621093750e+02
3.817990007348586623e+00 5.084303283691406250e+02
3.820049888658189285e+00 5.084468078613281250e+02
3.822109769967791948e+00 5.093217773437500000e+02
3.824169651277395054e+00 5.112798767089843750e+02
3.826229532586996829e+00 5.142839965820312500e+02
3.828289413896599935e+00 5.167714843750000000e+02
3.830349295206202598e+00 5.197866210937500000e+02
3.832409176515805260e+00 5.225180664062500000e+02
3.834469057825408367e+00 5.253871459960937500e+02
3.836528939135011029e+00 5.306354980468750000e+02
3.838588820444613248e+00 5.360993041992187500e+02
3.840648701754215910e+00 5.441984863281250000e+02
3.842708583063818573e+00 5.537130126953125000e+02
3.844768464373421679e+00 5.630178222656250000e+02
3.846828345683024342e+00 5.715473632812500000e+02
3.848888226992627004e+00 5.782271728515625000e+02
3.850948108302230111e+00 5.831420288085937500e+02
3.853007989611831885e+00 5.850927124023437500e+02
3.855067870921434547e+00 5.841960449218750000e+02
3.857127752231037654e+00 5.815891113281250000e+02
3.859187633540640316e+00 5.782070312500000000e+02
3.861247514850242979e+00 5.741195068359375000e+02
3.863307396159846085e+00 5.707840576171875000e+02
3.865367277469447860e+00 5.682370605468750000e+02
3.867427158779050966e+00 5.649494628906250000e+02
3.869487040088653629e+00 5.618462524414062500e+02
3.871546921398256291e+00 5.593267211914062500e+02
3.873606802707859398e+00 5.557925415039062500e+02
3.875666684017462060e+00 5.523167114257812500e+02
3.877726565327064723e+00 5.487601318359375000e+02
3.879786446636666941e+00 5.443358764648437500e+02
3.881846327946269604e+00 5.390458374023437500e+02
3.883906209255872710e+00 5.333235473632812500e+02
3.885966090565475373e+00 5.280638427734375000e+02
3.888025971875078035e+00 5.228629760742187500e+02
3.890085853184681142e+00 5.181807861328125000e+02
3.892145734494282916e+00 5.148109130859375000e+02
3.894205615803886023e+00 5.127880249023437500e+02
3.896265497113488685e+00 5.101300354003906250e+02
3.898325378423091347e+00 5.078057861328125000e+02
3.900385259732694454e+00 5.059132690429687500e+02
3.902445141042297116e+00 5.045162658691406250e+02
3.904505022351899779e+00 5.029606323242187500e+02
3.906564903661501997e+00 5.021665954589843750e+02
3.908624784971104660e+00 5.010581970214843750e+02
3.910684666280707322e+00 5.001413879394531250e+02
3.912744547590310429e+00 4.991278686523437500e+02
3.914804428899913091e+00 4.981815490722656250e+02
3.916864310209515754e+00 4.972212524414062500e+02
3.918924191519117972e+00 4.969468078613281250e+02
3.920984072828720635e+00 4.968963928222656250e+02
3.923043954138323741e+00 4.962469787597656250e+02
3.925103835447926404e+00 4.959582519531250000e+02
3.927163716757529066e+00 4.958408813476562500e+02
3.929223598067132173e+00 4.953912353515625000e+02
3.931283479376734835e+00 4.949967651367187500e+02
3.933343360686337054e+00 4.945802917480468750e+02
3.935403241995939716e+00 4.944888916015625000e+02
3.937463123305542378e+00 4.942582397460937500e+02
3.939523004615145485e+00 4.940242614746093750e+02
3.941582885924748147e+00 4.941166992187500000e+02
3.943642767234350810e+00 4.937593078613281250e+02
3.945702648543953028e+00 4.934303283691406250e+02
3.947762529853555691e+00 4.927974243164062500e+02
3.949822411163158353e+00 4.927737426757812500e+02
3.951882292472761460e+00 4.919783020019531250e+02
3.953942173782364122e+00 4.927179565429687500e+02
3.956002055091966785e+00 4.932585144042968750e+02
3.958061936401569891e+00 4.944351501464843750e+02
3.960121817711171666e+00 4.966860961914062500e+02
3.962181699020774772e+00 4.999730224609375000e+02
3.964241580330377435e+00 5.061322326660156250e+02
3.966301461639980097e+00 5.156565551757812500e+02
3.968361342949583204e+00 5.209000854492187500e+02
3.970421224259185866e+00 5.359271240234375000e+02
3.972481105568788085e+00 5.545592651367187500e+02
3.974540986878390747e+00 5.634669189453125000e+02
3.976600868187993409e+00 5.709069213867187500e+02
3.978660749497596516e+00 6.043640747070312500e+02
3.980720630807199178e+00 6.254632568359375000e+02
3.982780512116801841e+00 6.320031127929687500e+02
3.984840393426404948e+00 6.457655639648437500e+02
3.986900274736006722e+00 6.800910644531250000e+02
3.988960156045609828e+00 6.580999755859375000e+02
3.991020037355212491e+00 6.579819946289062500e+02
3.993079918664815153e+00 6.817025756835937500e+02
3.995139799974418260e+00 6.491696166992187500e+02
3.997199681284020922e+00 6.379160156250000000e+02
3.999259562593622697e+00 6.542591552734375000e+02
4.001319443903225803e+00 6.471598510742187500e+02
4.003379325212828910e+00 6.455458984375000000e+02
4.005439206522431128e+00 6.625500488281250000e+02
4.007499087832034235e+00 6.730720214843750000e+02
4.009558969141637341e+00 6.739837036132812500e+02
4.011618850451239560e+00 6.843809814453125000e+02
4.013678731760841778e+00 6.922376098632812500e+02
4.015738613070444885e+00 6.943869628906250000e+02
4.017798494380047103e+00 6.931063232421875000e+02
4.019858375689650209e+00 6.872543334960937500e+02
4.021918256999253316e+00 6.763742065429687500e+02
4.023978138308855534e+00 6.615441894531250000e+02
4.026038019618457753e+00 6.447062377929687500e+02
4.028097900928060859e+00 6.268503417968750000e+02
4.030157782237663078e+00 6.090469970703125000e+02
4.032217663547266184e+00 5.918447265625000000e+02
4.034277544856869291e+00 5.751487426757812500e+02
4.036337426166471509e+00 5.600294799804687500e+02
4.038397307476074616e+00 5.459890136718750000e+02
4.040457188785676834e+00 5.337222290039062500e+02
4.042517070095279941e+00 5.243786010742187500e+02
4.044576951404882159e+00 5.164417724609375000e+02
4.046636832714485266e+00 5.101158752441406250e+02
4.048696714024088372e+00 5.048627014160156250e+02
4.050756595333690591e+00 5.006404418945312500e+02
4.052816476643292809e+00 4.976162414550781250e+02
4.054876357952895916e+00 4.954102783203125000e+02
4.056936239262498134e+00 4.938128356933593750e+02
4.058996120572101240e+00 4.930832824707031250e+02
4.061056001881704347e+00 4.919279479980468750e+02
4.063115883191306565e+00 4.907872924804687500e+02
4.065175764500909672e+00 4.896096801757812500e+02
4.067235645810511890e+00 4.880877380371093750e+02
4.069295527120114109e+00 4.862723999023437500e+02
4.071355408429717215e+00 4.844316101074218750e+02
4.073415289739320322e+00 4.829284973144531250e+02
4.075475171048922540e+00 4.817689514160156250e+02
4.077535052358525647e+00 4.816726989746093750e+02
4.079594933668127865e+00 4.819152832031250000e+02
4.081654814977730972e+00 4.825155029296875000e+02
4.083714696287333190e+00 4.827688598632812500e+02
4.085774577596936297e+00 4.820772094726562500e+02
4.087834458906539403e+00 4.816378784179687500e+02
4.089894340216141622e+00 4.812134094238281250e+02
4.091954221525744728e+00 4.802124938964843750e+02
4.094014102835346947e+00 4.800017700195312500e+02
4.096073984144949165e+00 4.793169250488281250e+02
4.098133865454552272e+00 4.784422607421875000e+02
4.100193746764155378e+00 4.775314941406250000e+02
4.102253628073757596e+00 4.766187133789062500e+02
4.104313509383360703e+00 4.764739685058593750e+02
4.106373390692962921e+00 4.762430114746093750e+02
4.108433272002566028e+00 4.763764038085937500e+02
4.110493153312168246e+00 4.771273193359375000e+02
4.112553034621771353e+00 4.781632080078125000e+02
4.114612915931374459e+00 4.781742553710937500e+02
4.116672797240976678e+00 4.777787475585937500e+02
4.118732678550579784e+00 4.768810424804687500e+02
4.120792559860182003e+00 4.770976562500000000e+02
4.122852441169784221e+00 4.772108764648437500e+02
4.124912322479387328e+00 4.774818725585937500e+02
4.126972203788990434e+00 4.773653259277343750e+02
4.129032085098592653e+00 4.772070922851562500e+02
4.131091966408195759e+00 4.771979370117187500e+02
4.133151847717797978e+00 4.766432189941406250e+02
4.135211729027400196e+00 4.765479431152343750e+02
4.137271610337003303e+00 4.760036010742187500e+02
4.139331491646606409e+00 4.755056762695312500e+02
4.141391372956208627e+00 4.754204101562500000e+02
4.143451254265811734e+00 4.751708068847656250e+02
4.145511135575414841e+00 4.750708007812500000e+02
4.147571016885017059e+00 4.745522460937500000e+02
4.149630898194619277e+00 4.743868408203125000e+02
4.151690779504222384e+00 4.745015258789062500e+02
4.153750660813825490e+00 4.752359008789062500e+02
4.155810542123427709e+00 4.764577026367187500e+02
4.157870423433030815e+00 4.771865539550781250e+02
4.159930304742633034e+00 4.781943664550781250e+02
4.161990186052235252e+00 4.790007629394531250e+02
4.164050067361838359e+00 4.797343444824218750e+02
4.166109948671441465e+00 4.815353698730468750e+02
4.168169829981043684e+00 4.834460754394531250e+02
4.170229711290646790e+00 4.863465576171875000e+02
4.172289592600249897e+00 4.916097106933593750e+02
4.174349473909851227e+00 4.992753601074218750e+02
4.176409355219454334e+00 5.096970520019531250e+02
4.178469236529057440e+00 5.211600341796875000e+02
4.180529117838659658e+00 5.322178344726562500e+02
4.182588999148262765e+00 5.434739379882812500e+02
4.184648880457865872e+00 5.513973388671875000e+02
4.186708761767468090e+00 5.575681152343750000e+02
4.188768643077070308e+00 5.606088256835937500e+02
4.190828524386673415e+00 5.601569213867187500e+02
4.192888405696276521e+00 5.570164184570312500e+02
4.194948287005878740e+00 5.507064208984375000e+02
4.197008168315481846e+00 5.430061645507812500e+02
4.199068049625084953e+00 5.358572387695312500e+02
4.201127930934686283e+00 5.287489624023437500e+02
4.203187812244289390e+00 5.243341064453125000e+02
4.205247693553892496e+00 5.230455322265625000e+02
4.207307574863494715e+00 5.240466918945312500e+02
4.209367456173097821e+00 5.293278808593750000e+02
4.211427337482700928e+00 5.372897949218750000e+02
4.213487218792302258e+00 5.458577270507812500e+02
4.215547100101905365e+00 5.547480468750000000e+02
4.217606981411508471e+00 5.622620849609375000e+02
4.219666862721110689e+00 5.673468017578125000e+02
4.221726744030713796e+00 5.695002441406250000e+02
4.223786625340316903e+00 5.682955932617187500e+02
4.225846506649919121e+00 5.636796264648437500e+02
4.227906387959521339e+00 5.555301513671875000e+02
4.229966269269124446e+00 5.448773803710937500e+02
4.232026150578727552e+00 5.347520751953125000e+02
4.234086031888329771e+00 5.241037597656250000e+02
4.236145913197932877e+00 5.138035888671875000e+02
4.238205794507535984e+00 5.060322875976562500e+02
4.240265675817137314e+00 4.994825439453125000e+02
4.242325557126740421e+00 4.939622497558593750e+02
4.244385438436343527e+00 4.896775817871093750e+02
4.246445319745945746e+00 4.855924377441406250e+02
4.248505201055548852e+00 4.826756896972656250e+02
4.250565082365151959e+00 4.795870666503906250e+02
4.252624963674754177e+00 4.777439270019531250e+02
4.254684844984356396e+00 4.753836975097656250e+02
4.256744726293959502e+00 4.730319824218750000e+02
4.258804607603562609e+00 4.711706848144531250e+02
4.260864488913164827e+00 4.696089477539062500e+02
4.262924370222767934e+00 4.680348205566406250e+02
4.264984251532371040e+00 4.675763549804687500e+02
4.267044132841972370e+00 4.676931762695312500e+02
4.269104014151575477e+00 4.683444213867187500e+02
4.271163895461178583e+00 4.691448059082031250e+02
4.273223776770780802e+00 4.697054443359375000e+02
4.275283658080383908e+00 4.703121032714843750e+02
4.277343539389987015e+00 4.715742797851562500e+02
4.279403420699589233e+00 4.735468444824218750e+02
4.281463302009191452e+00 4.767882995605468750e+02
4.283523183318794558e+00 4.814920043945312500e+02
4.285583064628396777e+00 4.880671691894531250e+02
4.287642945937999883e+00 4.974228210449218750e+02
4.289702827247602990e+00 5.106227111816406250e+02
4.291762708557205208e+00 5.257003784179687500e+02
4.293822589866807427e+00 5.411493530273437500e+02
4.295882471176410533e+00 5.568027954101562500e+02
4.297942352486013640e+00 5.692073974609375000e+02
4.300002233795615858e+00 5.783563232421875000e+02
4.302062115105218965e+00 5.828566284179687500e+02
4.304121996414822071e+00 5.821620483398437500e+02
4.306181877724424290e+00 5.760578002929687500e+02
4.308241759034026508e+00 5.684683227539062500e+02
4.310301640343629614e+00 5.565090332031250000e+02
4.312361521653231833e+00 5.434805908203125000e+02
4.314421402962834939e+00 5.294453125000000000e+02
4.316481284272438046e+00 5.167001953125000000e+02
4.318541165582040264e+00 5.066480102539062500e+02
4.320601046891642483e+00 4.979793395996093750e+02
4.322660928201245589e+00 4.905167236328125000e+02
4.324720809510847808e+00 4.840056457519531250e+02
4.326780690820450914e+00 4.777207336425781250e+02
4.328840572130054021e+00 4.726332092285156250e+02
4.330900453439656239e+00 4.696384887695312500e+02
4.332960334749259346e+00 4.672207336425781250e+02
4.335020216058861564e+00 4.651921691894531250e+02
4.337080097368464671e+00 4.636654052734375000e+02
4.339139978678066889e+00 4.622173156738281250e+02
4.341199859987669996e+00 4.609024353027343750e+02
4.343259741297273102e+00 4.601023254394531250e+02
4.345319622606875321e+00 4.595802307128906250e+02
4.347379503916477539e+00 4.596721191406250000e+02
4.349439385226080645e+00 4.608461914062500000e+02
4.351499266535682864e+00 4.609803771972656250e+02
4.353559147845285970e+00 4.618591613769531250e+02
4.355619029154889077e+00 4.630391235351562500e+02
4.357678910464491295e+00 4.636892089843750000e+02
4.359738791774094402e+00 4.658014831542968750e+02
4.361798673083696620e+00 4.673323059082031250e+02
4.363858554393298839e+00 4.678860778808593750e+02
4.365918435702901945e+00 4.676473388671875000e+02
4.367978317012505052e+00 4.667524414062500000e+02
4.370038198322107270e+00 4.655579223632812500e+02
4.372098079631710377e+00 4.644435729980468750e+02
4.374157960941312595e+00 4.632232055664062500e+02
4.376217842250915702e+00 4.620248107910156250e+02
4.378277723560517920e+00 4.610933837890625000e+02
4.380337604870121027e+00 4.603508605957031250e+02
4.382397486179724133e+00 4.590132446289062500e+02
4.384457367489326352e+00 4.573928222656250000e+02
4.386517248798929458e+00 4.568654174804687500e+02
4.388577130108531676e+00 4.555380859375000000e+02
4.390637011418133895e+00 4.554134216308593750e+02
4.392696892727737001e+00 4.565955200195312500e+02
4.394756774037340108e+00 4.573334045410156250e+02
4.396816655346942326e+00 4.591655273437500000e+02
4.398876536656545433e+00 4.635604858398437500e+02
4.400936417966147651e+00 4.688286743164062500e+02
4.402996299275749870e+00 4.755237426757812500e+02
4.405056180585352976e+00 4.844284667968750000e+02
4.407116061894956083e+00 4.917062377929687500e+02
4.409175943204558301e+00 4.996217651367187500e+02
4.411235824514161408e+00 5.058220520019531250e+02
4.413295705823764514e+00 5.098703613281250000e+02
4.415355587133366733e+00 5.119640808105468750e+02
4.417415468442968951e+00 5.116217956542968750e+02
4.419475349752572058e+00 5.083685913085937500e+02
4.421535231062175164e+00 5.032821960449218750e+02
4.423595112371777383e+00 4.975188293457031250e+02
4.425654993681380489e+00 4.911242065429687500e+02
4.427714874990982707e+00 4.836256103515625000e+02
4.429774756300584926e+00 4.774301757812500000e+02
4.431834637610188032e+00 4.718526916503906250e+02
4.433894518919791139e+00 4.656074829101562500e+02
4.435954400229393357e+00 4.614999084472656250e+02
4.438014281538996464e+00 4.573698425292968750e+02
4.440074162848599570e+00 4.535916748046875000e+02
4.442134044158201789e+00 4.512884521484375000e+02
4.444193925467804007e+00 4.495252990722656250e+02
4.446253806777407114e+00 4.475466308593750000e+02
4.448313688087010220e+00 4.470868530273437500e+02
4.450373569396612439e+00 4.466454162597656250e+02
4.452433450706215545e+00 4.456301879882812500e+02
4.454493332015817764e+00 4.457346801757812500e+02
4.456553213325419982e+00 4.455680847167968750e+02
4.458613094635023089e+00 4.452176513671875000e+02
4.460672975944626195e+00 4.453727111816406250e+02
4.462732857254228414e+00 4.454221801757812500e+02
4.464792738563831520e+00 4.450837707519531250e+02
4.466852619873434627e+00 4.448009948730468750e+02
4.468912501183035957e+00 4.450850830078125000e+02
4.470972382492639063e+00 4.452277832031250000e+02
4.473032263802242170e+00 4.448130493164062500e+02
4.475092145111844388e+00 4.456666564941406250e+02
4.477152026421447495e+00 4.458053588867187500e+02
4.479211907731050601e+00 4.446397705078125000e+02
4.481271789040652820e+00 4.438554382324218750e+02
4.483331670350255038e+00 4.432167663574218750e+02
4.485391551659858145e+00 4.415020446777343750e+02
4.487451432969461251e+00 4.413288574218750000e+02
4.489511314279063470e+00 4.410178527832031250e+02
4.491571195588666576e+00 4.402153625488281250e+02
4.493631076898269683e+00 4.403600158691406250e+02
4.495690958207871013e+00 4.405669250488281250e+02
4.497750839517474120e+00 4.405240478515625000e+02
4.499810720827077226e+00 4.412288513183593750e+02
4.501870602136679445e+00 4.410853271484375000e+02
4.503930483446282551e+00 4.405463562011718750e+02
4.505990364755885658e+00 4.402246398925781250e+02
4.508050246065486988e+00 4.402295227050781250e+02
4.510110127375090094e+00 4.410227966308593750e+02
4.512170008684693201e+00 4.414886474609375000e+02
4.514229889994295419e+00 4.416409912109375000e+02
4.516289771303898526e+00 4.429180297851562500e+02
4.518349652613501632e+00 4.423186035156250000e+02
4.520409533923103851e+00 4.415960998535156250e+02
4.522469415232706069e+00 4.410454406738281250e+02
4.524529296542309176e+00 4.409129028320312500e+02
4.526589177851912282e+00 4.401757202148437500e+02
4.528649059161514501e+00 4.402858581542968750e+02
4.530708940471117607e+00 4.399317321777343750e+02
4.532768821780720714e+00 4.387249450683593750e+02
4.534828703090322044e+00 4.378707275390625000e+02
4.536888584399925151e+00 4.375332641601562500e+02
4.538948465709528257e+00 4.375016174316406250e+02
4.541008347019130476e+00 4.369085693359375000e+02
4.543068228328733582e+00 4.365458374023437500e+02
4.545128109638336689e+00 4.361767578125000000e+02
4.547187990947938907e+00 4.362323913574218750e+02
4.549247872257541125e+00 4.368265075683593750e+02
4.551307753567144232e+00 4.376845397949218750e+02
4.553367634876746450e+00 4.381020507812500000e+02
4.555427516186349557e+00 4.377064208984375000e+02
4.557487397495952663e+00 4.368280334472656250e+02
4.559547278805554882e+00 4.368183288574218750e+02
4.561607160115157100e+00 4.366758117675781250e+02
4.563667041424760207e+00 4.366871948242187500e+02
4.565726922734363313e+00 4.370481262207031250e+02
4.567786804043965532e+00 4.364538269042968750e+02
4.569846685353568638e+00 4.362246398925781250e+02
4.571906566663171745e+00 4.371971435546875000e+02
4.573966447972773963e+00 4.366696166992187500e+02
4.576026329282376182e+00 4.350422058105468750e+02
4.578086210591979288e+00 4.345784912109375000e+02
4.580146091901581507e+00 4.333428344726562500e+02
4.582205973211184613e+00 4.334676513671875000e+02
4.584265854520787720e+00 4.339862976074218750e+02
4.586325735830389938e+00 4.336166992187500000e+02
4.588385617139992156e+00 4.334356994628906250e+02
4.590445498449595263e+00 4.343988037109375000e+02
4.592505379759197481e+00 4.350069885253906250e+02
4.594565261068800588e+00 4.358930358886718750e+02
4.596625142378403694e+00 4.364944458007812500e+02
4.598685023688006801e+00 4.369699707031250000e+02
4.600744904997609019e+00 4.365152893066406250e+02
4.602804786307211238e+00 4.357717895507812500e+02
4.604864667616814344e+00 4.352254943847656250e+02
4.606924548926416563e+00 4.351922302246093750e+02
4.608984430236019669e+00 4.356476440429687500e+02
4.611044311545622776e+00 4.357507019042968750e+02
4.613104192855224994e+00 4.359284362792968750e+02
4.615164074164827213e+00 4.364517517089843750e+02
4.617223955474430319e+00 4.360530090332031250e+02
4.619283836784032538e+00 4.358820495605468750e+02
4.621343718093635644e+00 4.370908508300781250e+02
4.623403599403238751e+00 4.381680908203125000e+02
4.625463480712840969e+00 4.402842712402343750e+02
4.627523362022444076e+00 4.432708129882812500e+02
4.629583243332046294e+00 4.464226684570312500e+02
4.631643124641649401e+00 4.502579650878906250e+02
4.633703005951251619e+00 4.556036987304687500e+02
4.635762887260854725e+00 4.615640563964843750e+02
4.637822768570457832e+00 4.698420715332031250e+02
4.639882649880060050e+00 4.822568664550781250e+02
4.641942531189662269e+00 4.950716857910156250e+02
4.644002412499265375e+00 5.102865295410156250e+02
4.646062293808867594e+00 5.250358886718750000e+02
4.648122175118470700e+00 5.373917846679687500e+02
4.650182056428073807e+00 5.498425292968750000e+02
4.652241937737676025e+00 5.592484130859375000e+02
4.654301819047279132e+00 5.672788085937500000e+02
4.656361700356881350e+00 5.734761962890625000e+02
4.658421581666483569e+00 5.772988281250000000e+02
4.660481462976086675e+00 5.786578369140625000e+02
4.662541344285689782e+00 5.785484008789062500e+02
4.664601225595292000e+00 5.774685668945312500e+02
4.666661106904895107e+00 5.767211303710937500e+02
4.668720988214497325e+00 5.748757934570312500e+02
4.670780869524100432e+00 5.720504760742187500e+02
4.672840750833702650e+00 5.689761962890625000e+02
4.674900632143305756e+00 5.644963378906250000e+02
4.676960513452908863e+00 5.578438110351562500e+02
4.679020394762511081e+00 5.500685424804687500e+02
4.681080276072114188e+00 5.403903198242187500e+02
4.683140157381716406e+00 5.290532836914062500e+02
4.685200038691318625e+00 5.174545288085937500e+02
4.687259920000921731e+00 5.055161743164062500e+02
4.689319801310524838e+00 4.938184204101562500e+02
4.691379682620127056e+00 4.838842468261718750e+02
4.693439563929730163e+00 4.750645751953125000e+02
4.695499445239332381e+00 4.667200317382812500e+02
4.697559326548934600e+00 4.600056762695312500e+02
4.699619207858537706e+00 4.548161010742187500e+02
4.701679089168140813e+00 4.492807006835937500e+02
4.703738970477743031e+00 4.448342590332031250e+02
4.705798851787346138e+00 4.423103332519531250e+02
4.707858733096949244e+00 4.395527648925781250e+02
4.709918614406551463e+00 4.370731811523437500e+02
4.711978495716153681e+00 4.363193969726562500e+02
4.714038377025756787e+00 4.352981262207031250e+02
4.716098258335359894e+00 4.339138488769531250e+02
4.718158139644962112e+00 4.335142822265625000e+02
4.720218020954565219e+00 4.327195129394531250e+02
4.722277902264167437e+00 4.316597900390625000e+02
4.724337783573769656e+00 4.314287109375000000e+02
4.726397664883372762e+00 4.313218688964843750e+02
4.728457546192975869e+00 4.311119384765625000e+02
4.730517427502578087e+00 4.309186706542968750e+02
4.732577308812181194e+00 4.301694030761718750e+02
4.734637190121784300e+00 4.301273803710937500e+02
4.736697071431385631e+00 4.301091613769531250e+02
4.738756952740988737e+00 4.304806823730468750e+02
4.740816834050591844e+00 4.312186889648437500e+02
4.742876715360194062e+00 4.315878295898437500e+02
4.744936596669797169e+00 4.320733337402343750e+02
4.746996477979400275e+00 4.317137756347656250e+02
4.749056359289002494e+00 4.312581481933593750e+02
4.751116240598604712e+00 4.311991882324218750e+02
4.753176121908207818e+00 4.312498168945312500e+02
4.755236003217810925e+00 4.319139099121093750e+02
4.757295884527413143e+00 4.313435668945312500e+02
4.759355765837016250e+00 4.310747375488281250e+02
4.761415647146619357e+00 4.309146423339843750e+02
4.763475528456220687e+00 4.307160644531250000e+02
4.765535409765823793e+00 4.299834289550781250e+02
4.767595291075426900e+00 4.298456115722656250e+02
4.769655172385029118e+00 4.298590393066406250e+02
4.771715053694632225e+00 4.304541320800781250e+02
4.773774935004235331e+00 4.309968872070312500e+02
4.775834816313837550e+00 4.322234802246093750e+02
4.777894697623439768e+00 4.314848327636718750e+02
4.779954578933042875e+00 4.307937622070312500e+02
4.782014460242645981e+00 4.308109741210937500e+02
4.784074341552248200e+00 4.311407165527343750e+02
4.786134222861851306e+00 4.313304748535156250e+02
4.788194104171454413e+00 4.318222351074218750e+02
4.790253985481055743e+00 4.324915771484375000e+02
4.792313866790658849e+00 4.337216491699218750e+02
4.794373748100261956e+00 4.353722534179687500e+02
4.796433629409864174e+00 4.381643066406250000e+02
4.798493510719467281e+00 4.404041748046875000e+02
4.800553392029070388e+00 4.414662170410156250e+02
4.802613273338671718e+00 4.437694091796875000e+02
4.804673154648274824e+00 4.456154174804687500e+02
4.806733035957877931e+00 4.472664794921875000e+02
4.808792917267480149e+00 4.493873596191406250e+02
4.810852798577083256e+00 4.503769226074218750e+02
4.812912679886686362e+00 4.504905090332031250e+02
4.814972561196288581e+00 4.497254638671875000e+02
4.817032442505890799e+00 4.482893981933593750e+02
4.819092323815493906e+00 4.466779479980468750e+02
4.821152205125097012e+00 4.440929870605468750e+02
4.823212086434699231e+00 4.422380065917968750e+02
4.825271967744302337e+00 4.409403076171875000e+02
4.827331849053905444e+00 4.392104797363281250e+02
4.829391730363506774e+00 4.386109924316406250e+02
4.831451611673109880e+00 4.386717529296875000e+02
4.833511492982712987e+00 4.379281311035156250e+02
4.835571374292315205e+00 4.383673095703125000e+02
4.837631255601918312e+00 4.381794433593750000e+02
4.839691136911521419e+00 4.386069030761718750e+02
4.841751018221123637e+00 4.393056640625000000e+02
4.843810899530725855e+00 4.401685485839843750e+02
4.845870780840328962e+00 4.403215026855468750e+02
4.847930662149931180e+00 4.409150695800781250e+02
4.849990543459534287e+00 4.416971130371093750e+02
4.852050424769137393e+00 4.443399353027343750e+02
4.854110306078739612e+00 4.477898864746093750e+02
4.856170187388341830e+00 4.532924499511718750e+02
4.858230068697944937e+00 4.616424560546875000e+02
4.860289950007548043e+00 4.743847656250000000e+02
4.862349831317150262e+00 4.926585998535156250e+02
4.864409712626753368e+00 5.181629638671875000e+02
4.866469593936356475e+00 5.528820190429687500e+02
4.868529475245958693e+00 5.925634765625000000e+02
4.870589356555560911e+00 6.400223388671875000e+02
4.872649237865164018e+00 6.845255737304687500e+02
4.874709119174766236e+00 7.271436767578125000e+02
4.876769000484369343e+00 7.593424072265625000e+02
4.878828881793972450e+00 7.724191284179687500e+02
4.880888763103574668e+00 7.658782958984375000e+02
4.882948644413176886e+00 7.465615234375000000e+02
4.885008525722779993e+00 7.100971679687500000e+02
4.887068407032382211e+00 6.679812622070312500e+02
4.889128288341985318e+00 6.312280273437500000e+02
4.891188169651588424e+00 5.926020507812500000e+02
4.893248050961190643e+00 5.594187622070312500e+02
4.895307932270793749e+00 5.336222534179687500e+02
4.897367813580395968e+00 5.127173461914062500e+02
4.899427694889999074e+00 4.946229858398437500e+02
4.901487576199601293e+00 4.813766174316406250e+02
4.903547457509204399e+00 4.692396240234375000e+02
4.905607338818807506e+00 4.599537048339843750e+02
4.907667220128409724e+00 4.531183166503906250e+02
4.909727101438011942e+00 4.473013305664062500e+02
4.911786982747615049e+00 4.429499816894531250e+02
4.913846864057217267e+00 4.399363098144531250e+02
4.915906745366820374e+00 4.380742492675781250e+02
4.917966626676423481e+00 4.373878173828125000e+02
4.920026507986025699e+00 4.374238586425781250e+02
4.922086389295628805e+00 4.383963012695312500e+02
4.924146270605231024e+00 4.395310668945312500e+02
4.926206151914833242e+00 4.406416931152343750e+02
4.928266033224436349e+00 4.409646911621093750e+02
4.930325914534039455e+00 4.413806152343750000e+02
4.932385795843642562e+00 4.413874816894531250e+02
4.934445677153244780e+00 4.404228210449218750e+02
4.936505558462846999e+00 4.398354492187500000e+02
4.938565439772450105e+00 4.389038085937500000e+02
4.940625321082052324e+00 4.369736328125000000e+02
4.942685202391655430e+00 4.354894714355468750e+02
4.944745083701258537e+00 4.341308898925781250e+02
4.946804965010860755e+00 4.336492004394531250e+02
4.948864846320463862e+00 4.349600524902343750e+02
4.950924727630066080e+00 4.378802185058593750e+02
4.952984608939668298e+00 4.410495910644531250e+02
4.955044490249271405e+00 4.452008972167968750e+02
4.957104371558874512e+00 4.490390625000000000e+02
4.959164252868476730e+00 4.513675842285156250e+02
4.961224134178079836e+00 4.546806335449218750e+02
4.963284015487682055e+00 4.560019531250000000e+02
4.965343896797285161e+00 4.563577880859375000e+02
4.967403778106887380e+00 4.563297424316406250e+02
4.969463659416490486e+00 4.537642517089843750e+02
4.971523540726093593e+00 4.504131774902343750e+02
4.973583422035695811e+00 4.466484680175781250e+02
4.975643303345298918e+00 4.423543701171875000e+02
4.977703184654901136e+00 4.378044433593750000e+02
4.979763065964503355e+00 4.346389160156250000e+02
4.981822947274106461e+00 4.323102416992187500e+02
4.983882828583709568e+00 4.302620849609375000e+02
4.985942709893311786e+00 4.278653259277343750e+02
4.988002591202914893e+00 4.257401428222656250e+02
4.990062472512517111e+00 4.235190429687500000e+02
4.992122353822119329e+00 4.219666748046875000e+02
4.994182235131722436e+00 4.210072021484375000e+02
4.996242116441325543e+00 4.200783386230468750e+02
4.998301997750927761e+00 4.194887695312500000e+02
5.000361879060530867e+00 4.193101806640625000e+02
5.002421760370133974e+00 4.191226806640625000e+02
5.004481641679736192e+00 4.194477539062500000e+02
5.006541522989338411e+00 4.194445190429687500e+02
5.008601404298941517e+00 4.201091003417968750e+02
5.010661285608544624e+00 4.202873840332031250e+02
5.012721166918146842e+00 4.202353820800781250e+02
5.014781048227749949e+00 4.212111206054687500e+02
5.016840929537352167e+00 4.216610107421875000e+02
5.018900810846954386e+00 4.223956298828125000e+02
5.020960692156557492e+00 4.241568298339843750e+02
5.023020573466160599e+00 4.262957458496093750e+02
5.025080454775762817e+00 4.281364746093750000e+02
5.027140336085365924e+00 4.311994628906250000e+02
5.029200217394969030e+00 4.344475708007812500e+02
5.031260098704570360e+00 4.373146667480468750e+02
5.033319980014173467e+00 4.407640686035156250e+02
5.035379861323776574e+00 4.445141906738281250e+02
5.037439742633378792e+00 4.476643371582031250e+02
5.039499623942981898e+00 4.497265930175781250e+02
5.041559505252585005e+00 4.506016235351562500e+02
5.043619386562187223e+00 4.503860778808593750e+02
5.045679267871789442e+00 4.487833557128906250e+02
5.047739149181392548e+00 4.458020324707031250e+02
5.049799030490995655e+00 4.421248168945312500e+02
5.051858911800597873e+00 4.379164123535156250e+02
5.053918793110200980e+00 4.344374389648437500e+02
5.055978674419804086e+00 4.311941528320312500e+02
5.058038555729405417e+00 4.280796203613281250e+02
5.060098437039008523e+00 4.254988708496093750e+02
5.062158318348611630e+00 4.241213073730468750e+02
5.064218199658213848e+00 4.223739318847656250e+02
5.066278080967816955e+00 4.218462829589843750e+02
5.068337962277420061e+00 4.210336608886718750e+02
5.070397843587021391e+00 4.201576538085937500e+02
5.072457724896624498e+00 4.207285766601562500e+02
5.074517606206227605e+00 4.216442565917968750e+02
5.076577487515829823e+00 4.220789794921875000e+02
5.078637368825432929e+00 4.220069885253906250e+02
5.080697250135036036e+00 4.220417175292968750e+02
5.082757131444638254e+00 4.215578308105468750e+02
5.084817012754240473e+00 4.205910034179687500e+02
5.086876894063843579e+00 4.203117370605468750e+02
5.088936775373446686e+00 4.197922058105468750e+02
5.090996656683048904e+00 4.186415100097656250e+02
5.093056537992652011e+00 4.184186401367187500e+02
5.095116419302255117e+00 4.177263183593750000e+02
5.097176300611856448e+00 4.175437927246093750e+02
5.099236181921459554e+00 4.166441650390625000e+02
5.101296063231062661e+00 4.155350952148437500e+02
5.103355944540664879e+00 4.135037536621093750e+02
5.105415825850267986e+00 4.115068054199218750e+02
5.107475707159871092e+00 4.109338378906250000e+02
5.109535588469473311e+00 4.100620422363281250e+02
5.111595469779075529e+00 4.097154235839843750e+02
5.113655351088678636e+00 4.092626342773437500e+02
5.115715232398281742e+00 4.082944030761718750e+02
5.117775113707883961e+00 4.072745666503906250e+02
5.119834995017487067e+00 4.074066467285156250e+02
5.121894876327090174e+00 4.067916259765625000e+02
5.123954757636691504e+00 4.071072387695312500e+02
5.126014638946294610e+00 4.072886047363281250e+02
5.128074520255897717e+00 4.070026245117187500e+02
5.130134401565499935e+00 4.061365661621093750e+02
5.132194282875103042e+00 4.059717102050781250e+02
5.134254164184706148e+00 4.053629760742187500e+02
5.136314045494308367e+00 4.044195251464843750e+02
5.138373926803910585e+00 4.041911926269531250e+02
5.140433808113513692e+00 4.041178894042968750e+02
5.142493689423115910e+00 4.047719726562500000e+02
5.144553570732719017e+00 4.059568786621093750e+02
5.146613452042322123e+00 4.071103820800781250e+02
5.148673333351924342e+00 4.078246765136718750e+02
5.150733214661526560e+00 4.080079956054687500e+02
5.152793095971129667e+00 4.085918884277343750e+02
5.154852977280732773e+00 4.099841918945312500e+02
5.156912858590334992e+00 4.116577758789062500e+02
5.158972739899938098e+00 4.143985595703125000e+02
5.161032621209541205e+00 4.170466003417968750e+02
5.163092502519143423e+00 4.193355407714843750e+02
5.165152383828745641e+00 4.208185729980468750e+02
5.167212265138348748e+00 4.213493957519531250e+02
5.169272146447950966e+00 4.214075622558593750e+02
5.171332027757554073e+00 4.206990966796875000e+02
5.173391909067157179e+00 4.195907592773437500e+02
5.175451790376759398e+00 4.180505371093750000e+02
5.177511671686361616e+00 4.160258789062500000e+02
5.179571552995964723e+00 4.139418029785156250e+02
5.181631434305566941e+00 4.121951904296875000e+02
5.183691315615170048e+00 4.110698242187500000e+02
5.185751196924773154e+00 4.097470397949218750e+02
5.187811078234375373e+00 4.077949523925781250e+02
5.189870959543978479e+00 4.069205932617187500e+02
5.191930840853580698e+00 4.062378234863281250e+02
5.193990722163183804e+00 4.064722290039062500e+02
5.196050603472786023e+00 4.079805908203125000e+02
5.198110484782389129e+00 4.106482238769531250e+02
5.200170366091992236e+00 4.148064880371093750e+02
5.202230247401594454e+00 4.195139770507812500e+02
5.204290128711196672e+00 4.260756225585937500e+02
5.206350010020799779e+00 4.336995544433593750e+02
5.208409891330401997e+00 4.415547180175781250e+02
5.210469772640005104e+00 4.491748352050781250e+02
5.212529653949608210e+00 4.559873962402343750e+02
5.214589535259210429e+00 4.603807678222656250e+02
5.216649416568813535e+00 4.633183593750000000e+02
5.218709297878415754e+00 4.639837341308593750e+02
5.220769179188017972e+00 4.624458618164062500e+02
5.222829060497621079e+00 4.586726074218750000e+02
5.224888941807224185e+00 4.539581909179687500e+02
5.226948823116826404e+00 4.480970458984375000e+02
5.229008704426429510e+00 4.412848510742187500e+02
5.231068585736031729e+00 4.348655700683593750e+02
5.233128467045634835e+00 4.288713684082031250e+02
5.235188348355237054e+00 4.238477478027343750e+02
5.237248229664840160e+00 4.194774780273437500e+02
5.239308110974443267e+00 4.164148559570312500e+02
5.241367992284045485e+00 4.143154602050781250e+02
5.243427873593648592e+00 4.118885498046875000e+02
5.245487754903250810e+00 4.096910705566406250e+02
5.247547636212853028e+00 4.078744201660156250e+02
5.249607517522456135e+00 4.053421325683593750e+02
5.251667398832059241e+00 4.039942016601562500e+02
5.253727280141661460e+00 4.029720458984375000e+02
5.255787161451264566e+00 4.028277587890625000e+02
5.257847042760866785e+00 4.024719238281250000e+02
5.259906924070469003e+00 4.019555969238281250e+02
5.261966805380072110e+00 4.020783996582031250e+02
5.264026686689675216e+00 4.017747192382812500e+02
5.266086567999278323e+00 4.010596313476562500e+02
5.268146449308880541e+00 4.012486572265625000e+02
5.270206330618483648e+00 4.018768615722656250e+02
5.272266211928085866e+00 4.020551757812500000e+02
5.274326093237688085e+00 4.040548095703125000e+02
5.276385974547291191e+00 4.059573059082031250e+02
5.278445855856894298e+00 4.083186645507812500e+02
5.280505737166496516e+00 4.099324951171875000e+02
5.282565618476099623e+00 4.117743835449218750e+02
5.284625499785701841e+00 4.142364501953125000e+02
5.286685381095304059e+00 4.154785766601562500e+02
5.288745262404907166e+00 4.168551940917968750e+02
5.290805143714510272e+00 4.182106018066406250e+02
5.292865025024112491e+00 4.181161193847656250e+02
5.294924906333715597e+00 4.177188720703125000e+02
5.296984787643318704e+00 4.167249755859375000e+02
5.299044668952920922e+00 4.149020080566406250e+02
5.301104550262523141e+00 4.124012145996093750e+02
5.303164431572126247e+00 4.101812133789062500e+02
5.305224312881729354e+00 4.072828063964843750e+02
5.307284194191331572e+00 4.050909118652343750e+02
5.309344075500934679e+00 4.048188781738281250e+02
5.311403956810536897e+00 4.048975219726562500e+02
5.313463838120139116e+00 4.063135681152343750e+02
5.315523719429742222e+00 4.073850097656250000e+02
5.317583600739345329e+00 4.087196350097656250e+02
5.319643482048947547e+00 4.105953369140625000e+02
5.321703363358550654e+00 4.118632507324218750e+02
5.323763244668153760e+00 4.129690246582031250e+02
5.325823125977755090e+00 4.141791687011718750e+02
5.327883007287358197e+00 4.149501953125000000e+02
5.329942888596961303e+00 4.154738159179687500e+02
5.332002769906563522e+00 4.166716308593750000e+02
5.334062651216166628e+00 4.183179931640625000e+02
5.336122532525769735e+00 4.210329589843750000e+02
5.338182413835371953e+00 4.235597229003906250e+02
5.340242295144974172e+00 4.286349487304687500e+02
5.342302176454577278e+00 4.353805847167968750e+02
5.344362057764180385e+00 4.425352172851562500e+02
5.346421939073782603e+00 4.494139099121093750e+02
5.348481820383385710e+00 4.569189453125000000e+02
5.350541701692988816e+00 4.627174987792968750e+02
5.352601583002590147e+00 4.651665344238281250e+02
5.354661464312193253e+00 4.659156188964843750e+02
5.356721345621796360e+00 4.634138183593750000e+02
5.358781226931398578e+00 4.584536132812500000e+02
5.360841108241001685e+00 4.520466613769531250e+02
5.362900989550604791e+00 4.447883911132812500e+02
5.364960870860206121e+00 4.374827880859375000e+02
5.367020752169809228e+00 4.309408874511718750e+02
5.369080633479412334e+00 4.251678771972656250e+02
5.371140514789014553e+00 4.202956542968750000e+02
5.373200396098617659e+00 4.159248657226562500e+02
5.375260277408220766e+00 4.126656799316406250e+02
5.377320158717822984e+00 4.096577758789062500e+02
5.379380040027425203e+00 4.071831054687500000e+02
5.381439921337028309e+00 4.053864440917968750e+02
5.383499802646631416e+00 4.030739135742187500e+02
5.385559683956233634e+00 4.009759216308593750e+02
5.387619565265836741e+00 3.999710998535156250e+02
5.389679446575439847e+00 3.985698242187500000e+02
5.391739327885041178e+00 3.976003112792968750e+02
5.393799209194644284e+00 3.969805908203125000e+02
5.395859090504247391e+00 3.966933898925781250e+02
5.397918971813849609e+00 3.965487976074218750e+02
5.399978853123452716e+00 3.962528381347656250e+02
5.402038734433055822e+00 3.962377624511718750e+02
5.404098615742658041e+00 3.961635742187500000e+02
5.406158497052260259e+00 3.964927978515625000e+02
5.408218378361863365e+00 3.968600158691406250e+02
5.410278259671465584e+00 3.978973388671875000e+02
5.412338140981068690e+00 3.981508178710937500e+02
5.414398022290671797e+00 3.990231933593750000e+02
5.416457903600274015e+00 3.995297851562500000e+02
5.418517784909876234e+00 4.016506652832031250e+02
5.420577666219479340e+00 4.030938110351562500e+02
5.422637547529082447e+00 4.054912109375000000e+02
5.424697428838684665e+00 4.080733947753906250e+02
5.426757310148287772e+00 4.102379455566406250e+02
5.428817191457890878e+00 4.115907592773437500e+02
5.430877072767493097e+00 4.126952819824218750e+02
5.432936954077095315e+00 4.130186157226562500e+02
5.434996835386698422e+00 4.121866760253906250e+02
5.437056716696300640e+00 4.109218139648437500e+02
5.439116598005903747e+00 4.097896728515625000e+02
5.441176479315506853e+00 4.080345458984375000e+02
5.443236360625109072e+00 4.063080749511718750e+02
5.445296241934711290e+00 4.047877502441406250e+02
5.447356123244314396e+00 4.025861816406250000e+02
5.449416004553917503e+00 4.010314331054687500e+02
5.451475885863519721e+00 4.002732849121093750e+02
5.453535767173122828e+00 3.995482788085937500e+02
5.455595648482725935e+00 3.997841186523437500e+02
5.457655529792328153e+00 3.998778686523437500e+02
5.459715411101930371e+00 4.000816650390625000e+02
5.461775292411533478e+00 4.000709838867187500e+02
5.463835173721135696e+00 4.008663940429687500e+02
5.465895055030738803e+00 4.030282897949218750e+02
5.467954936340341909e+00 4.065835571289062500e+02
5.470014817649944128e+00 4.112512512207031250e+02
5.472074698959546346e+00 4.164630126953125000e+02
5.474134580269149453e+00 4.221634826660156250e+02
5.476194461578751671e+00 4.283864135742187500e+02
5.478254342888354778e+00 4.343761596679687500e+02
5.480314224197957884e+00 4.396671142578125000e+02
5.482374105507560103e+00 4.429136047363281250e+02
5.484433986817163209e+00 4.439531860351562500e+02
5.486493868126765427e+00 4.443274536132812500e+02
5.488553749436368534e+00 4.423696289062500000e+02
5.490613630745970752e+00 4.392073364257812500e+02
5.492673512055573859e+00 4.354647521972656250e+02
5.494733393365176966e+00 4.313946533203125000e+02
5.496793274674779184e+00 4.270819702148437500e+02
5.498853155984381402e+00 4.234226379394531250e+02
5.500913037293984509e+00 4.200393981933593750e+02
5.502972918603586727e+00 4.173844909667968750e+02
5.505032799913189834e+00 4.150766601562500000e+02
5.507092681222792940e+00 4.127225646972656250e+02
5.509152562532395159e+00 4.106371765136718750e+02
5.511212443841998265e+00 4.102876892089843750e+02
5.513272325151600484e+00 4.093761291503906250e+02
5.515332206461202702e+00 4.091356506347656250e+02
5.517392087770805809e+00 4.103292236328125000e+02
5.519451969080408915e+00 4.107856750488281250e+02
5.521511850390011134e+00 4.115846252441406250e+02
5.523571731699614240e+00 4.121957702636718750e+02
5.525631613009216458e+00 4.113760070800781250e+02
5.527691494318819565e+00 4.106780700683593750e+02
5.529751375628421783e+00 4.087653198242187500e+02
5.531811256938024890e+00 4.069568176269531250e+02
5.533871138247627997e+00 4.052777099609375000e+02
5.535931019557230215e+00 4.040474853515625000e+02
5.537990900866833321e+00 4.029890441894531250e+02
5.540050782176435540e+00 4.025678100585937500e+02
5.542110663486037758e+00 4.021716308593750000e+02
5.544170544795640865e+00 4.014411315917968750e+02
5.546230426105243971e+00 4.017885742187500000e+02
5.548290307414846190e+00 4.020515136718750000e+02
5.550350188724449296e+00 4.024672546386718750e+02
5.552410070034051515e+00 4.030047302246093750e+02
5.554469951343653733e+00 4.038204956054687500e+02
5.556529832653256840e+00 4.046163635253906250e+02
5.558589713962859946e+00 4.060863647460937500e+02
5.560649595272462165e+00 4.074556274414062500e+02
5.562709476582065271e+00 4.079651184082031250e+02
5.564769357891668378e+00 4.083160095214843750e+02
5.566829239201270596e+00 4.080445861816406250e+02
5.568889120510872814e+00 4.081694030761718750e+02
5.570949001820475921e+00 4.073228759765625000e+02
5.573008883130079028e+00 4.066709899902343750e+02
5.575068764439681246e+00 4.059349060058593750e+02
5.577128645749284352e+00 4.047952880859375000e+02
5.579188527058886571e+00 4.040683898925781250e+02
5.581248408368488789e+00 4.038089904785156250e+02
5.583308289678091896e+00 4.034106750488281250e+02
5.585368170987695002e+00 4.024298400878906250e+02
5.587428052297297221e+00 4.014513549804687500e+02
5.589487933606900327e+00 4.016543884277343750e+02
5.591547814916503434e+00 4.015545959472656250e+02
5.593607696226104764e+00 4.016388244628906250e+02
5.595667577535707871e+00 4.021937561035156250e+02
5.597727458845310977e+00 4.020923767089843750e+02
5.599787340154914084e+00 4.013793945312500000e+02
5.601847221464516302e+00 4.013169860839843750e+02
5.603907102774119409e+00 4.010580749511718750e+02
5.605966984083721627e+00 4.007147827148437500e+02
5.608026865393323845e+00 4.006524963378906250e+02
5.610086746702926952e+00 4.010932006835937500e+02
5.612146628012530059e+00 4.006983032226562500e+02
5.614206509322132277e+00 4.015264892578125000e+02
5.616266390631735383e+00 4.035917358398437500e+02
5.618326271941338490e+00 4.087061767578125000e+02
5.620386153250939820e+00 4.141438598632812500e+02
5.622446034560542927e+00 4.208835754394531250e+02
5.624505915870146033e+00 4.301369628906250000e+02
5.626565797179748252e+00 4.395436401367187500e+02
5.628625678489351358e+00 4.446516113281250000e+02
5.630685559798954465e+00 4.564982910156250000e+02
5.632745441108556683e+00 4.619035339355468750e+02
5.634805322418158902e+00 4.659910888671875000e+02
5.636865203727762008e+00 4.683468627929687500e+02
5.638925085037365115e+00 4.655567932128906250e+02
5.640984966346967333e+00 4.584361877441406250e+02
5.643044847656570440e+00 4.484012451171875000e+02
5.645104728966173546e+00 4.374148254394531250e+02
5.647164610275774876e+00 4.248822021484375000e+02
5.649224491585377983e+00 4.152833251953125000e+02
5.651284372894981090e+00 4.084119567871093750e+02
5.653344254204583308e+00 4.031504821777343750e+02
5.655404135514186414e+00 4.007119750976562500e+02
5.657464016823789521e+00 3.994889526367187500e+02
5.659523898133390851e+00 3.989967346191406250e+02
5.661583779442993958e+00 3.991625061035156250e+02
5.663643660752597064e+00 3.993235778808593750e+02
5.665703542062199283e+00 3.987033996582031250e+02
5.667763423371802389e+00 3.998631286621093750e+02
5.669823304681405496e+00 4.005431213378906250e+02
5.671883185991007714e+00 4.016216430664062500e+02
5.673943067300609933e+00 4.026920776367187500e+02
5.676002948610213039e+00 4.047240905761718750e+02
5.678062829919816146e+00 4.077536621093750000e+02
5.680122711229418364e+00 4.111833190917968750e+02
5.682182592539021471e+00 4.143405456542968750e+02
5.684242473848624577e+00 4.178584594726562500e+02
5.686302355158225907e+00 4.212319641113281250e+02
5.688362236467829014e+00 4.245335693359375000e+02
5.690422117777432121e+00 4.289561157226562500e+02
5.692481999087034339e+00 4.339998168945312500e+02
5.694541880396637445e+00 4.395997009277343750e+02
5.696601761706240552e+00 4.466692810058593750e+02
5.698661643015842770e+00 4.566365356445312500e+02
5.700721524325444989e+00 4.695350036621093750e+02
5.702781405635048095e+00 4.871620483398437500e+02
5.704841286944650314e+00 5.121800537109375000e+02
5.706901168254253420e+00 5.453358154296875000e+02
5.708961049563856527e+00 5.832670288085937500e+02
5.711020930873458745e+00 6.269099121093750000e+02
5.713080812183060964e+00 6.761728515625000000e+02
5.715140693492664070e+00 7.191103515625000000e+02
5.717200574802267177e+00 7.533831176757812500e+02
5.719260456111869395e+00 7.790812377929687500e+02
5.721320337421472502e+00 7.907176513671875000e+02
5.723380218731075608e+00 7.879067993164062500e+02
5.725440100040677827e+00 7.711066894531250000e+02
5.727499981350280045e+00 7.426972045898437500e+02
5.729559862659883152e+00 7.085001220703125000e+02
5.731619743969485370e+00 6.711794433593750000e+02
5.733679625279088476e+00 6.317272949218750000e+02
5.735739506588691583e+00 5.930944824218750000e+02
5.737799387898293801e+00 5.620249023437500000e+02
5.739859269207896020e+00 5.339820556640625000e+02
5.741919150517499126e+00 5.082532348632812500e+02
5.743979031827101345e+00 4.882871704101562500e+02
5.746038913136704451e+00 4.715703735351562500e+02
5.748098794446307558e+00 4.567410888671875000e+02
5.750158675755909776e+00 4.442846374511718750e+02
5.752218557065512883e+00 4.339833068847656250e+02
5.754278438375115101e+00 4.245763854980468750e+02
5.756338319684718208e+00 4.175619201660156250e+02
5.758398200994320426e+00 4.107550354003906250e+02
5.760458082303923533e+00 4.064029541015625000e+02
5.762517963613526639e+00 4.024943237304687500e+02
5.764577844923128858e+00 3.995180358886718750e+02
5.766637726232731076e+00 3.971060791015625000e+02
5.768697607542334183e+00 3.951170654296875000e+02
5.770757488851936401e+00 3.938313598632812500e+02
5.772817370161539507e+00 3.924048767089843750e+02
5.774877251471142614e+00 3.913664855957031250e+02
5.776937132780744832e+00 3.912678222656250000e+02
5.778997014090347939e+00 3.908226623535156250e+02
5.781056895399950157e+00 3.906083374023437500e+02
5.783116776709553264e+00 3.903100280761718750e+02
5.785176658019155482e+00 3.887349853515625000e+02
5.787236539328758589e+00 3.876261596679687500e+02
5.789296420638361695e+00 3.870407409667968750e+02
5.791356301947963914e+00 3.865259399414062500e+02
5.793416183257566132e+00 3.868443298339843750e+02
5.795476064567169239e+00 3.866584777832031250e+02
5.797535945876771457e+00 3.862899169921875000e+02
5.799595827186374564e+00 3.863289794921875000e+02
5.801655708495977670e+00 3.865668640136718750e+02
5.803715589805579889e+00 3.868178100585937500e+02
5.805775471115182995e+00 3.866948852539062500e+02
5.807835352424785214e+00 3.863386230468750000e+02
5.809895233734387432e+00 3.859620971679687500e+02
5.811955115043990538e+00 3.856465759277343750e+02
5.814014996353593645e+00 3.863265075683593750e+02
5.816074877663195863e+00 3.860328979492187500e+02
5.818134758972798970e+00 3.855875244140625000e+02
5.820194640282401188e+00 3.856314392089843750e+02
5.822254521592004295e+00 3.861815490722656250e+02
5.824314402901606513e+00 3.870065917968750000e+02
5.826374284211209620e+00 3.885059814453125000e+02
5.828434165520812726e+00 3.883677673339843750e+02
5.830494046830414945e+00 3.878696594238281250e+02
5.832553928140018051e+00 3.874463500976562500e+02
5.834613809449620270e+00 3.867912292480468750e+02
5.836673690759222488e+00 3.863131408691406250e+02
5.838733572068825595e+00 3.863097229003906250e+02
5.840793453378428701e+00 3.854039306640625000e+02
5.842853334688030920e+00 3.847570190429687500e+02
5.844913215997634026e+00 3.843665771484375000e+02
5.846973097307236245e+00 3.832160339355468750e+02
5.849032978616838463e+00 3.828341979980468750e+02
5.851092859926441569e+00 3.822920532226562500e+02
5.853152741236044676e+00 3.820479736328125000e+02
5.855212622545646894e+00 3.824584045410156250e+02
5.857272503855250001e+00 3.819422302246093750e+02
5.859332385164853108e+00 3.813233337402343750e+02
5.861392266474455326e+00 3.804810485839843750e+02
5.863452147784057544e+00 3.794738769531250000e+02
5.865512029093660651e+00 3.796873474121093750e+02
5.867571910403263757e+00 3.798474426269531250e+02
5.869631791712865976e+00 3.799603881835937500e+02
5.871691673022469082e+00 3.796641540527343750e+02
5.873751554332071301e+00 3.793635559082031250e+02
5.875811435641673519e+00 3.790701599121093750e+02
5.877871316951276626e+00 3.795718383789062500e+02
5.879931198260879732e+00 3.796351013183593750e+02
5.881991079570481951e+00 3.790253295898437500e+02
5.884050960880085057e+00 3.790381774902343750e+02
5.886110842189688164e+00 3.785805969238281250e+02
5.888170723499289494e+00 3.788974304199218750e+02
5.890230604808892600e+00 3.800042724609375000e+02
5.892290486118495707e+00 3.811860656738281250e+02
5.894350367428097925e+00 3.814487915039062500e+02
5.896410248737701032e+00 3.807392578125000000e+02
5.898470130047304139e+00 3.803015747070312500e+02
5.900530011356906357e+00 3.804210510253906250e+02
5.902589892666508575e+00 3.801957397460937500e+02
5.904649773976111682e+00 3.803370056152343750e+02
5.906709655285714788e+00 3.800902404785156250e+02
5.908769536595317007e+00 3.799009704589843750e+02
5.910829417904920113e+00 3.794924926757812500e+02
5.912889299214523220e+00 3.788118591308593750e+02
5.914949180524124550e+00 3.785163879394531250e+02
5.917009061833727657e+00 3.783641967773437500e+02
5.919068943143330763e+00 3.785672302246093750e+02
5.921128824452932982e+00 3.785447387695312500e+02
5.923188705762536088e+00 3.790028076171875000e+02
5.925248587072139195e+00 3.792640686035156250e+02
5.927308468381740525e+00 3.790716247558593750e+02
5.929368349691343631e+00 3.789967041015625000e+02
5.931428231000946738e+00 3.792722167968750000e+02
5.933488112310549845e+00 3.803231811523437500e+02
5.935547993620152063e+00 3.813787231445312500e+02
5.937607874929755170e+00 3.827427978515625000e+02
5.939667756239358276e+00 3.843527221679687500e+02
5.941727637548959606e+00 3.860562744140625000e+02
5.943787518858562713e+00 3.887971801757812500e+02
5.945847400168165819e+00 3.913014831542968750e+02
5.947907281477768038e+00 3.945144348144531250e+02
5.949967162787371144e+00 3.982413940429687500e+02
5.952027044096974251e+00 4.029540405273437500e+02
5.954086925406575581e+00 4.097678222656250000e+02
5.956146806716178688e+00 4.196329650878906250e+02
5.958206688025781794e+00 4.334725036621093750e+02
5.960266569335384013e+00 4.525245056152343750e+02
5.962326450644987119e+00 4.757153015136718750e+02
5.964386331954590226e+00 5.010996398925781250e+02
5.966446213264192444e+00 5.306088256835937500e+02
5.968506094573794662e+00 5.578273315429687500e+02
5.970565975883397769e+00 5.843573608398437500e+02
5.972625857193000876e+00 6.053853759765625000e+02
5.974685738502603094e+00 6.187152099609375000e+02
5.976745619812206201e+00 6.225371093750000000e+02
5.978805501121809307e+00 6.174033813476562500e+02
5.980865382431410637e+00 6.049091186523437500e+02
5.982925263741013744e+00 5.856456298828125000e+02
5.984985145050616850e+00 5.644288330078125000e+02
5.987045026360219069e+00 5.416008911132812500e+02
5.989104907669822175e+00 5.204298095703125000e+02
5.991164788979425282e+00 5.014244384765625000e+02
5.993224670289027500e+00 4.851866760253906250e+02
5.995284551598629719e+00 4.713411254882812500e+02
5.997344432908232825e+00 4.599540405273437500e+02
5.999404314217835044e+00 4.502672424316406250e+02
6.001464195527438150e+00 4.404206542968750000e+02
6.003524076837041257e+00 4.321973876953125000e+02
6.005583958146643475e+00 4.232690429687500000e+02
6.007643839456245693e+00 4.169624328613281250e+02
6.009703720765848800e+00 4.111925659179687500e+02
6.011763602075451907e+00 4.060671997070312500e+02
6.013823483385054125e+00 4.025554809570312500e+02
6.015883364694657232e+00 3.995426025390625000e+02
6.017943246004260338e+00 3.976435241699218750e+02
6.020003127313862556e+00 3.972414245605468750e+02
6.022063008623464775e+00 3.971306762695312500e+02
6.024122889933067881e+00 3.964326477050781250e+02
6.026182771242670100e+00 3.957133789062500000e+02
6.028242652552273206e+00 3.946167907714843750e+02
6.030302533861876313e+00 3.932768859863281250e+02
6.032362415171478531e+00 3.917824401855468750e+02
6.034422296481080750e+00 3.915468139648437500e+02
6.036482177790683856e+00 3.910213317871093750e+02
6.038542059100286075e+00 3.905922546386718750e+02
6.040601940409889181e+00 3.906462402343750000e+02
6.042661821719492288e+00 3.907008972167968750e+02
6.044721703029094506e+00 3.907587585449218750e+02
6.046781584338697613e+00 3.905928955078125000e+02
6.048841465648299831e+00 3.900017395019531250e+02
6.050901346957902938e+00 3.901343383789062500e+02
6.052961228267505156e+00 3.906061706542968750e+02
6.055021109577108263e+00 3.916803283691406250e+02
6.057080990886711369e+00 3.941121215820312500e+02
6.059140872196313587e+00 3.967573852539062500e+02
6.061200753505915806e+00 3.998582153320312500e+02
6.063260634815518912e+00 4.020701293945312500e+02
6.065320516125121131e+00 4.035732727050781250e+02
6.067380397434724237e+00 4.045900573730468750e+02
6.069440278744327344e+00 4.047727966308593750e+02
6.071500160053929562e+00 4.043342895507812500e+02
6.073560041363532669e+00 4.031998291015625000e+02
6.075619922673134887e+00 4.015033874511718750e+02
6.077679803982737106e+00 3.993894653320312500e+02
6.079739685292340212e+00 3.971958618164062500e+02
6.081799566601943319e+00 3.945679016113281250e+02
6.083859447911545537e+00 3.913397216796875000e+02
6.085919329221148644e+00 3.886600646972656250e+02
6.087979210530750862e+00 3.854015808105468750e+02
6.090039091840353969e+00 3.829122314453125000e+02
6.092098973149956187e+00 3.814910888671875000e+02
6.094158854459559294e+00 3.794409484863281250e+02
6.096218735769162400e+00 3.786177978515625000e+02
6.098278617078764618e+00 3.780076904296875000e+02
6.100338498388367725e+00 3.773432006835937500e+02
6.102398379697969943e+00 3.772956848144531250e+02
6.104458261007572162e+00 3.778340759277343750e+02
6.106518142317175268e+00 3.780011596679687500e+02
6.108578023626778375e+00 3.785880126953125000e+02
6.110637904936380593e+00 3.789179992675781250e+02
6.112697786245983700e+00 3.793289489746093750e+02
6.114757667555585918e+00 3.791206359863281250e+02
6.116817548865189025e+00 3.789331665039062500e+02
6.118877430174791243e+00 3.793707885742187500e+02
6.120937311484394350e+00 3.794772338867187500e+02
6.122997192793997456e+00 3.798006591796875000e+02
6.125057074103599675e+00 3.802851562500000000e+02
6.127116955413202781e+00 3.797361450195312500e+02
6.129176836722805000e+00 3.794693298339843750e+02
6.131236718032407218e+00 3.791856384277343750e+02
6.133296599342010325e+00 3.788224792480468750e+02
6.135356480651613431e+00 3.785840454101562500e+02
6.137416361961215650e+00 3.790216064453125000e+02
6.139476243270818756e+00 3.788286132812500000e+02
6.141536124580420974e+00 3.789762573242187500e+02
6.143596005890023193e+00 3.802485961914062500e+02
6.145655887199626299e+00 3.810790405273437500e+02
6.147715768509229406e+00 3.821415405273437500e+02
6.149775649818831624e+00 3.830147094726562500e+02
6.151835531128434731e+00 3.830335083007812500e+02
6.153895412438037837e+00 3.820965270996093750e+02
6.155955293747640056e+00 3.817088012695312500e+02
6.158015175057242274e+00 3.807434082031250000e+02
6.160075056366845381e+00 3.792933349609375000e+02
6.162134937676448487e+00 3.778418579101562500e+02
6.164194818986050706e+00 3.766629333496093750e+02
6.166254700295653812e+00 3.757994689941406250e+02
6.168314581605256031e+00 3.753937377929687500e+02
6.170374462914858249e+00 3.751621704101562500e+02
6.172434344224461356e+00 3.744826965332031250e+02
6.174494225534064462e+00 3.735798645019531250e+02
6.176554106843666681e+00 3.731921081542968750e+02
6.178613988153269787e+00 3.724493103027343750e+02
6.180673869462872894e+00 3.726792907714843750e+02
6.182733750772474224e+00 3.721442260742187500e+02
6.184793632082077330e+00 3.710900268554687500e+02
6.186853513391680437e+00 3.696003723144531250e+02
6.188913394701282655e+00 3.685246276855468750e+02
6.190973276010885762e+00 3.663484802246093750e+02
6.193033157320488868e+00 3.651443176269531250e+02
6.195093038630091087e+00 3.645594787597656250e+02
6.197152919939693305e+00 3.631129455566406250e+02
6.199212801249296412e+00 3.627044677734375000e+02
6.201272682558899518e+00 3.623519287109375000e+02
6.203332563868501737e+00 3.614022216796875000e+02
6.205392445178104843e+00 3.606315917968750000e+02
6.207452326487707950e+00 3.607976379394531250e+02
6.209512207797309280e+00 3.612077331542968750e+02
6.211572089106912387e+00 3.615508117675781250e+02
6.213631970416515493e+00 3.623876647949218750e+02
6.215691851726117712e+00 3.627251586914062500e+02
6.217751733035720818e+00 3.622596435546875000e+02
6.219811614345323925e+00 3.616868286132812500e+02
6.221871495654925255e+00 3.617869262695312500e+02
6.223931376964528361e+00 3.617215881347656250e+02
6.225991258274131468e+00 3.621803894042968750e+02
6.228051139583733686e+00 3.625036315917968750e+02
6.230111020893336793e+00 3.624795532226562500e+02
6.232170902202939899e+00 3.618574218750000000e+02
6.234230783512542118e+00 3.608863830566406250e+02
6.236290664822144336e+00 3.603353576660156250e+02
6.238350546131747443e+00 3.602080078125000000e+02
6.240410427441350549e+00 3.602270507812500000e+02
6.242470308750952768e+00 3.600387878417968750e+02
6.244530190060555874e+00 3.604754333496093750e+02
6.246590071370158981e+00 3.603964843750000000e+02
6.248649952679760311e+00 3.604806213378906250e+02
6.250709833989363418e+00 3.614205627441406250e+02
6.252769715298966524e+00 3.622729797363281250e+02
6.254829596608568743e+00 3.624595947265625000e+02
6.256889477918171849e+00 3.634921569824218750e+02
6.258949359227774956e+00 3.654916992187500000e+02
6.261009240537377174e+00 3.669682617187500000e+02
6.263069121846979392e+00 3.692922973632812500e+02
6.265129003156582499e+00 3.718747863769531250e+02
6.267188884466185606e+00 3.736184082031250000e+02
6.269248765775787824e+00 3.760486450195312500e+02
6.271308647085390930e+00 3.790968627929687500e+02
6.273368528394994037e+00 3.823760986328125000e+02
6.275428409704595367e+00 3.859939575195312500e+02
6.277488291014198474e+00 3.900334472656250000e+02
6.279548172323801580e+00 3.942642822265625000e+02
6.281608053633403799e+00 3.988639221191406250e+02
6.283667934943006905e+00 4.040160827636718750e+02
6.285727816252610012e+00 4.080662841796875000e+02
6.287787697562212230e+00 4.144083862304687500e+02
6.289847578871814449e+00 4.181960449218750000e+02
6.291907460181417555e+00 4.284600219726562500e+02
6.293967341491019774e+00 4.379230041503906250e+02
6.296027222800622880e+00 4.445725097656250000e+02
6.298087104110225987e+00 4.517740478515625000e+02
6.300146985419828205e+00 4.599334411621093750e+02
6.302206866729430423e+00 4.559190368652343750e+02
6.304266748039033530e+00 4.493918457031250000e+02
6.306326629348636637e+00 4.448691406250000000e+02
6.308386510658238855e+00 4.318521118164062500e+02
6.310446391967841961e+00 4.186983642578125000e+02
6.312506273277445068e+00 4.115871276855468750e+02
6.314566154587047286e+00 4.051528320312500000e+02
6.316626035896649505e+00 3.984894409179687500e+02
6.318685917206252611e+00 3.938322448730468750e+02
6.320745798515854830e+00 3.891939392089843750e+02
6.322805679825457936e+00 3.851888427734375000e+02
6.324865561135061043e+00 3.820578002929687500e+02
6.326925442444663261e+00 3.788877563476562500e+02
6.328985323754266368e+00 3.798766784667968750e+02
6.331045205063868586e+00 3.806372375488281250e+02
6.333105086373470805e+00 3.826302490234375000e+02
6.335164967683073911e+00 3.845787353515625000e+02
6.337224848992677018e+00 3.858815612792968750e+02
6.339284730302279236e+00 3.864449157714843750e+02
6.341344611611882343e+00 3.864469299316406250e+02
6.343404492921484561e+00 3.850730590820312500e+02
6.345464374231087668e+00 3.829318847656250000e+02
6.347524255540689886e+00 3.812238464355468750e+02
6.349584136850292992e+00 3.783600463867187500e+02
6.351644018159896099e+00 3.751709289550781250e+02
6.353703899469498317e+00 3.726101989746093750e+02
6.355763780779101424e+00 3.699941101074218750e+02
6.357823662088703642e+00 3.679827270507812500e+02
6.359883543398305861e+00 3.663031311035156250e+02
6.361943424707908967e+00 3.642424316406250000e+02
6.364003306017512074e+00 3.625787048339843750e+02
6.366063187327114292e+00 3.607106628417968750e+02
6.368123068636717399e+00 3.597258911132812500e+02
6.370182949946319617e+00 3.595182495117187500e+02
6.372242831255921836e+00 3.582933044433593750e+02
6.374302712565524942e+00 3.573038024902343750e+02
6.376362593875128049e+00 3.565625305175781250e+02
6.378422475184730267e+00 3.562972106933593750e+02
6.380482356494333374e+00 3.563513793945312500e+02
6.382542237803936480e+00 3.567604980468750000e+02
6.384602119113538699e+00 3.573244018554687500e+02
6.386662000423140917e+00 3.569733276367187500e+02
6.388721881732744023e+00 3.555100708007812500e+02
6.390781763042347130e+00 3.522456970214843750e+02
6.392841644351949348e+00 3.525743408203125000e+02
6.394901525661552455e+00 3.525990905761718750e+02
6.396961406971154673e+00 3.564883117675781250e+02
6.399021288280756892e+00 3.589705200195312500e+02
6.401081169590359998e+00 3.589977722167968750e+02
6.403141050899963105e+00 3.597992858886718750e+02
6.405200932209565323e+00 3.602075500488281250e+02
6.407260813519168430e+00 3.603656311035156250e+02
6.409320694828771536e+00 3.610188598632812500e+02
6.411380576138372867e+00 3.619754333496093750e+02
6.413440457447975973e+00 3.628149108886718750e+02
6.415500338757579080e+00 3.641933593750000000e+02
6.417560220067181298e+00 3.654071350097656250e+02
6.419620101376784405e+00 3.666680297851562500e+02
6.421679982686387511e+00 3.683854064941406250e+02
6.423739863995989730e+00 3.711756896972656250e+02
6.425799745305591948e+00 3.736652526855468750e+02
6.427859626615195054e+00 3.763347167968750000e+02
6.429919507924798161e+00 3.783641357421875000e+02
6.431979389234400379e+00 3.795061340332031250e+02
6.434039270544003486e+00 3.796507873535156250e+02
6.436099151853606593e+00 3.799856872558593750e+02
6.438159033163207923e+00 3.787810974121093750e+02
6.440218914472811029e+00 3.772640686035156250e+02
6.442278795782414136e+00 3.756025695800781250e+02
6.444338677092016354e+00 3.735890808105468750e+02
6.446398558401619461e+00 3.711295166015625000e+02
6.448458439711222567e+00 3.688628540039062500e+02
6.450518321020824786e+00 3.673514709472656250e+02
6.452578202330427004e+00 3.652527160644531250e+02
6.454638083640030111e+00 3.633704528808593750e+02
6.456697964949633217e+00 3.621109008789062500e+02
6.458757846259235436e+00 3.609922485351562500e+02
6.460817727568838542e+00 3.598468933105468750e+02
6.462877608878441649e+00 3.589919738769531250e+02
6.464937490188042979e+00 3.580920715332031250e+02
6.466997371497646085e+00 3.567173767089843750e+02
6.469057252807249192e+00 3.558352355957031250e+02
6.471117134116851410e+00 3.551106872558593750e+02
6.473177015426454517e+00 3.550652770996093750e+02
6.475236896736057624e+00 3.543992614746093750e+02
6.477296778045658954e+00 3.541839599609375000e+02
6.479356659355262060e+00 3.539441833496093750e+02
6.481416540664865167e+00 3.536066284179687500e+02
6.483476421974467385e+00 3.531157836914062500e+02
6.485536303284070492e+00 3.527090148925781250e+02
6.487596184593673598e+00 3.519911499023437500e+02
6.489656065903275817e+00 3.513401489257812500e+02
6.491715947212878035e+00 3.511177062988281250e+02
6.493775828522481142e+00 3.510780334472656250e+02
6.495835709832084248e+00 3.508470764160156250e+02
6.497895591141686467e+00 3.512841796875000000e+02
6.499955472451289573e+00 3.519549255371093750e+02
6.502015353760892680e+00 3.526316223144531250e+02
6.504075235070494010e+00 3.536299743652343750e+02
6.506135116380097116e+00 3.545939331054687500e+02
6.508194997689700223e+00 3.555337829589843750e+02
6.510254878999302441e+00 3.560472106933593750e+02
6.512314760308905548e+00 3.557348327636718750e+02
6.514374641618508655e+00 3.560241088867187500e+02
6.516434522928110873e+00 3.563177795410156250e+02
6.518494404237713091e+00 3.561324157714843750e+02
6.520554285547316198e+00 3.562302551269531250e+02
6.522614166856918416e+00 3.555913696289062500e+02
6.524674048166521523e+00 3.550733947753906250e+02
6.526733929476124629e+00 3.544801940917968750e+02
6.528793810785726848e+00 3.542030639648437500e+02
6.530853692095329066e+00 3.544317626953125000e+02
6.532913573404932173e+00 3.554078674316406250e+02
6.534973454714535279e+00 3.559956359863281250e+02
6.537033336024137498e+00 3.568807678222656250e+02
6.539093217333740604e+00 3.570607299804687500e+02
6.541153098643343711e+00 3.569277954101562500e+02
6.543212979952945929e+00 3.564969787597656250e+02
6.545272861262548147e+00 3.557450256347656250e+02
6.547332742572151254e+00 3.545498352050781250e+02
6.549392623881753472e+00 3.532309570312500000e+02
6.551452505191356579e+00 3.521784667968750000e+02
6.553512386500959686e+00 3.514939575195312500e+02
6.555572267810561904e+00 3.513861694335937500e+02
6.557632149120164122e+00 3.515105895996093750e+02
6.559692030429767229e+00 3.511644592285156250e+02
6.561751911739369447e+00 3.508090820312500000e+02
6.563811793048972554e+00 3.502729492187500000e+02
6.565871674358575660e+00 3.496100769042968750e+02
6.567931555668177879e+00 3.496886596679687500e+02
6.569991436977780985e+00 3.500992126464843750e+02
6.572051318287383204e+00 3.508549804687500000e+02
6.574111199596986310e+00 3.516531677246093750e+02
6.576171080906588529e+00 3.520335083007812500e+02
6.578230962216191635e+00 3.521146240234375000e+02
6.580290843525794742e+00 3.525079040527343750e+02
6.582350724835396960e+00 3.528543701171875000e+02
6.584410606144999178e+00 3.533554077148437500e+02
6.586470487454602285e+00 3.544476928710937500e+02
6.588530368764204503e+00 3.560049743652343750e+02
6.590590250073807610e+00 3.569730834960937500e+02
6.592650131383410717e+00 3.587230834960937500e+02
6.594710012693012935e+00 3.595149841308593750e+02
6.596769894002616041e+00 3.591161193847656250e+02
6.598829775312218260e+00 3.592081909179687500e+02
6.600889656621821366e+00 3.588015441894531250e+02
6.602949537931423585e+00 3.584265747070312500e+02
6.605009419241026691e+00 3.572680664062500000e+02
6.607069300550629798e+00 3.555936584472656250e+02
6.609129181860232016e+00 3.543654785156250000e+02
6.611189063169834235e+00 3.530752258300781250e+02
6.613248944479437341e+00 3.520457763671875000e+02
6.615308825789039560e+00 3.513921813964843750e+02
6.617368707098642666e+00 3.501027526855468750e+02
6.619428588408245773e+00 3.490662231445312500e+02
6.621488469717847991e+00 3.482084045410156250e+02
6.623548351027451098e+00 3.478717041015625000e+02
6.625608232337053316e+00 3.475534362792968750e+02
6.627668113646655534e+00 3.471290588378906250e+02
6.629727994956258641e+00 3.465525207519531250e+02
6.631787876265861748e+00 3.456538085937500000e+02
6.633847757575463966e+00 3.446841125488281250e+02
6.635907638885067072e+00 3.441713867187500000e+02
6.637967520194669291e+00 3.443486633300781250e+02
6.640027401504272397e+00 3.443609313964843750e+02
6.642087282813874616e+00 3.446005859375000000e+02
6.644147164123477722e+00 3.450168151855468750e+02
6.646207045433080829e+00 3.453272399902343750e+02
6.648266926742683047e+00 3.450162048339843750e+02
6.650326808052286154e+00 3.448959655761718750e+02
6.652386689361888372e+00 3.446020812988281250e+02
6.654446570671490591e+00 3.447925415039062500e+02
6.656506451981093697e+00 3.447280273437500000e+02
6.658566333290696804e+00 3.450990905761718750e+02
6.660626214600299022e+00 3.449472656250000000e+02
6.662686095909902129e+00 3.452976379394531250e+02
6.664745977219504347e+00 3.461756286621093750e+02
6.666805858529106565e+00 3.469790649414062500e+02
6.668865739838709672e+00 3.480490722656250000e+02
6.670925621148312779e+00 3.498387451171875000e+02
6.672985502457914997e+00 3.510450134277343750e+02
6.675045383767518103e+00 3.524211120605468750e+02
6.677105265077121210e+00 3.547055358886718750e+02
6.679165146386723428e+00 3.575257873535156250e+02
6.681225027696325647e+00 3.604039916992187500e+02
6.683284909005928753e+00 3.632648925781250000e+02
6.685344790315531860e+00 3.657001647949218750e+02
6.687404671625134078e+00 3.678265686035156250e+02
6.689464552934737185e+00 3.686486511230468750e+02
6.691524434244339403e+00 3.692016296386718750e+02
6.693584315553941622e+00 3.676210632324218750e+02
6.695644196863544728e+00 3.658178100585937500e+02
6.697704078173147835e+00 3.631763916015625000e+02
6.699763959482750053e+00 3.600179138183593750e+02
6.701823840792353160e+00 3.575109558105468750e+02
6.703883722101956266e+00 3.559794921875000000e+02
6.705943603411557596e+00 3.537769470214843750e+02
6.708003484721160703e+00 3.521068115234375000e+02
6.710063366030763810e+00 3.509464416503906250e+02
6.712123247340366028e+00 3.488101806640625000e+02
6.714183128649969134e+00 3.474299926757812500e+02
6.716243009959572241e+00 3.472386779785156250e+02
6.718302891269174459e+00 3.463556213378906250e+02
6.720362772578776678e+00 3.458539123535156250e+02
6.722422653888379784e+00 3.457596740722656250e+02
6.724482535197982891e+00 3.444319763183593750e+02
6.726542416507585109e+00 3.438019104003906250e+02
6.728602297817188216e+00 3.428993530273437500e+02
6.730662179126791322e+00 3.420762939453125000e+02
6.732722060436392653e+00 3.420324707031250000e+02
6.734781941745995759e+00 3.415222778320312500e+02
6.736841823055598866e+00 3.408005676269531250e+02
6.738901704365201084e+00 3.407656860351562500e+02
6.740961585674804191e+00 3.403753051757812500e+02
6.743021466984407297e+00 3.401151428222656250e+02
6.745081348294008627e+00 3.406130371093750000e+02
6.747141229603611734e+00 3.413006896972656250e+02
6.749201110913214841e+00 3.415298767089843750e+02
6.751260992222817059e+00 3.419093017578125000e+02
6.753320873532420165e+00 3.427033996582031250e+02
6.755380754842023272e+00 3.429975280761718750e+02
6.757440636151626379e+00 3.439653320312500000e+02
6.759500517461227709e+00 3.449677124023437500e+02
6.761560398770830815e+00 3.464742431640625000e+02
6.763620280080433922e+00 3.475318603515625000e+02
6.765680161390036140e+00 3.481301879882812500e+02
6.767740042699639247e+00 3.483815612792968750e+02
6.769799924009242353e+00 3.489658203125000000e+02
6.771859805318843684e+00 3.486229248046875000e+02
6.773919686628446790e+00 3.491817016601562500e+02
6.775979567938049897e+00 3.491676025390625000e+02
6.778039449247652115e+00 3.482808227539062500e+02
6.780099330557255222e+00 3.475845947265625000e+02
6.782159211866858328e+00 3.472412719726562500e+02
6.784219093176460547e+00 3.468050537109375000e+02
6.786278974486062765e+00 3.468513793945312500e+02
6.788338855795665872e+00 3.469385681152343750e+02
6.790398737105268978e+00 3.476803588867187500e+02
6.792458618414871196e+00 3.486329956054687500e+02
6.794518499724474303e+00 3.498716125488281250e+02
6.796578381034077410e+00 3.516692199707031250e+02
6.798638262343678740e+00 3.538002014160156250e+02
6.800698143653281846e+00 3.560211181640625000e+02
6.802758024962884953e+00 3.584623413085937500e+02
6.804817906272487171e+00 3.604063720703125000e+02
6.806877787582090278e+00 3.616532592773437500e+02
6.808937668891693384e+00 3.618787841796875000e+02
6.810997550201295603e+00 3.619004821777343750e+02
6.813057431510897821e+00 3.607050476074218750e+02
6.815117312820500928e+00 3.591238098144531250e+02
6.817177194130103146e+00 3.570090332031250000e+02
6.819237075439706253e+00 3.546158447265625000e+02
6.821296956749309359e+00 3.527034301757812500e+02
6.823356838058911578e+00 3.510151977539062500e+02
6.825416719368513796e+00 3.489880676269531250e+02
6.827476600678116903e+00 3.479810791015625000e+02
6.829536481987720009e+00 3.470485839843750000e+02
6.831596363297322227e+00 3.460274658203125000e+02
6.833656244606925334e+00 3.446165466308593750e+02
6.835716125916528441e+00 3.435325927734375000e+02
6.837776007226130659e+00 3.430234985351562500e+02
6.839835888535732877e+00 3.426969604492187500e+02
6.841895769845335984e+00 3.430876159667968750e+02
6.843955651154938202e+00 3.433773498535156250e+02
6.846015532464541309e+00 3.437620544433593750e+02
6.848075413774144415e+00 3.446834106445312500e+02
6.850135295083746634e+00 3.458086853027343750e+02
6.852195176393348852e+00 3.468095703125000000e+02
6.854255057702951959e+00 3.479261474609375000e+02
6.856314939012554177e+00 3.492269897460937500e+02
6.858374820322157284e+00 3.502835388183593750e+02
6.860434701631760390e+00 3.506031494140625000e+02
6.862494582941362609e+00 3.510517883300781250e+02
6.864554464250965715e+00 3.511162109375000000e+02
6.866614345560567934e+00 3.504955749511718750e+02
6.868674226870171040e+00 3.495088500976562500e+02
6.870734108179773258e+00 3.487767639160156250e+02
6.872793989489376365e+00 3.482127380371093750e+02
6.874853870798979472e+00 3.481056518554687500e+02
6.876913752108581690e+00 3.476868896484375000e+02
6.878973633418183908e+00 3.474202575683593750e+02
6.881033514727787015e+00 3.473923339843750000e+02
6.883093396037389233e+00 3.470509643554687500e+02
6.885153277346992340e+00 3.476620483398437500e+02
6.887213158656595446e+00 3.497732238769531250e+02
6.889273039966197665e+00 3.524053649902343750e+02
6.891332921275800771e+00 3.551406860351562500e+02
6.893392802585402990e+00 3.586374816894531250e+02
6.895452683895005208e+00 3.632387390136718750e+02
6.897512565204608315e+00 3.670155944824218750e+02
6.899572446514211421e+00 3.695157775878906250e+02
6.901632327823813640e+00 3.712803955078125000e+02
6.903692209133416746e+00 3.721908264160156250e+02
6.905752090443018965e+00 3.705191040039062500e+02
6.907811971752622071e+00 3.701414184570312500e+02
6.909871853062224289e+00 3.679591064453125000e+02
6.911931734371827396e+00 3.659352722167968750e+02
6.913991615681430503e+00 3.638936462402343750e+02
6.916051496991032721e+00 3.606130981445312500e+02
6.918111378300635828e+00 3.573852844238281250e+02
6.920171259610238046e+00 3.545267944335937500e+02
6.922231140919840264e+00 3.512741088867187500e+02
6.924291022229443371e+00 3.489293823242187500e+02
6.926350903539046477e+00 3.472315368652343750e+02
6.928410784848648696e+00 3.453027954101562500e+02
6.930470666158251802e+00 3.449320983886718750e+02
6.932530547467854021e+00 3.440603332519531250e+02
6.934590428777457127e+00 3.445114746093750000e+02
6.936650310087059346e+00 3.447723693847656250e+02
6.938710191396662452e+00 3.458301696777343750e+02
6.940770072706265559e+00 3.475124511718750000e+02
6.942829954015867777e+00 3.491968383789062500e+02
6.944889835325470884e+00 3.513800354003906250e+02
6.946949716635073102e+00 3.530723571777343750e+02
6.949009597944675320e+00 3.539660339355468750e+02
6.951069479254278427e+00 3.545409240722656250e+02
6.953129360563881534e+00 3.541031494140625000e+02
6.955189241873483752e+00 3.538103942871093750e+02
6.957249123183086859e+00 3.524171142578125000e+02
6.959309004492689077e+00 3.504383850097656250e+02
6.961368885802291295e+00 3.490230407714843750e+02
6.963428767111894402e+00 3.475428161621093750e+02
6.965488648421497508e+00 3.457770080566406250e+02
6.967548529731099727e+00 3.449673156738281250e+02
6.969608411040702833e+00 3.439776611328125000e+02
6.971668292350305940e+00 3.436520385742187500e+02
6.973728173659908158e+00 3.440101928710937500e+02
6.975788054969510377e+00 3.448073120117187500e+02
6.977847936279113483e+00 3.456204528808593750e+02
6.979907817588716590e+00 3.465328674316406250e+02
6.981967698898318808e+00 3.475820007324218750e+02
6.984027580207921915e+00 3.479685058593750000e+02
6.986087461517524133e+00 3.478998413085937500e+02
6.988147342827126351e+00 3.469591674804687500e+02
6.990207224136729458e+00 3.455673828125000000e+02
6.992267105446332565e+00 3.438576965332031250e+02
6.994326986755934783e+00 3.424696960449218750e+02
6.996386868065537890e+00 3.413512268066406250e+02
6.998446749375140996e+00 3.403395996093750000e+02
7.000506630684742326e+00 3.402183227539062500e+02
7.002566511994345433e+00 3.401197814941406250e+02
7.004626393303948539e+00 3.398670349121093750e+02
7.006686274613550758e+00 3.393265380859375000e+02
7.008746155923153864e+00 3.388417358398437500e+02
7.010806037232756971e+00 3.394569396972656250e+02
7.012865918542359189e+00 3.401894836425781250e+02
7.014925799851961408e+00 3.407402648925781250e+02
7.016985681161564514e+00 3.419655456542968750e+02
7.019045562471167621e+00 3.426114807128906250e+02
7.021105443780769839e+00 3.431782531738281250e+02
7.023165325090372946e+00 3.439244995117187500e+02
7.025225206399976052e+00 3.441704711914062500e+02
7.027285087709577382e+00 3.438602600097656250e+02
7.029344969019180489e+00 3.441176452636718750e+02
7.031404850328783596e+00 3.436425781250000000e+02
7.033464731638385814e+00 3.427861022949218750e+02
7.035524612947988921e+00 3.418390197753906250e+02
7.037584494257592027e+00 3.407825012207031250e+02
7.039644375567193357e+00 3.396818237304687500e+02
7.041704256876796464e+00 3.395711669921875000e+02
7.043764138186399570e+00 3.397525329589843750e+02
7.045824019496001789e+00 3.386505432128906250e+02
7.047883900805604895e+00 3.373167724609375000e+02
7.049943782115208002e+00 3.361672363281250000e+02
7.052003663424810220e+00 3.350581970214843750e+02
7.054063544734412439e+00 3.347366333007812500e+02
7.056123426044015545e+00 3.347854003906250000e+02
7.058183307353618652e+00 3.352254638671875000e+02
7.060243188663220870e+00 3.360787658691406250e+02
7.062303069972823977e+00 3.373996582031250000e+02
7.064362951282427083e+00 3.383436279296875000e+02
7.066422832592028414e+00 3.396033630371093750e+02
7.068482713901631520e+00 3.415554809570312500e+02
7.070542595211234627e+00 3.431627502441406250e+02
7.072602476520836845e+00 3.453993225097656250e+02
7.074662357830439952e+00 3.472374572753906250e+02
7.076722239140043058e+00 3.481416625976562500e+02
7.078782120449645276e+00 3.493284606933593750e+02
7.080842001759247495e+00 3.500983276367187500e+02
7.082901883068850601e+00 3.509082336425781250e+02
7.084961764378452820e+00 3.519305419921875000e+02
7.087021645688055926e+00 3.538413085937500000e+02
7.089081526997659033e+00 3.557820739746093750e+02
7.091141408307261251e+00 3.574727783203125000e+02
7.093201289616863470e+00 3.590497131347656250e+02
7.095261170926466576e+00 3.610499267578125000e+02
7.097321052236069683e+00 3.616324768066406250e+02
7.099380933545671901e+00 3.614204101562500000e+02
7.101440814855275008e+00 3.605317077636718750e+02
7.103500696164878114e+00 3.587962036132812500e+02
7.105560577474480333e+00 3.564100646972656250e+02
7.107620458784082551e+00 3.538861694335937500e+02
7.109680340093685658e+00 3.512027893066406250e+02
7.111740221403287876e+00 3.486670837402343750e+02
7.113800102712890983e+00 3.458271484375000000e+02
7.115859984022494089e+00 3.439137878417968750e+02
7.117919865332096307e+00 3.421699218750000000e+02
7.119979746641698526e+00 3.403792419433593750e+02
7.122039627951301632e+00 3.386019592285156250e+02
7.124099509260904739e+00 3.368455810546875000e+02
7.126159390570506957e+00 3.352054748535156250e+02
7.128219271880110064e+00 3.336580505371093750e+02
7.130279153189713170e+00 3.318850708007812500e+02
7.132339034499315389e+00 3.312469787597656250e+02
7.134398915808917607e+00 3.309970703125000000e+02
7.136458797118520714e+00 3.304639282226562500e+02
7.138518678428122932e+00 3.308289184570312500e+02
7.140578559737726039e+00 3.310381164550781250e+02
7.142638441047329145e+00 3.308397216796875000e+02
7.144698322356931364e+00 3.306507568359375000e+02
7.146758203666533582e+00 3.305726928710937500e+02
7.148818084976136689e+00 3.311569213867187500e+02
7.150877966285738907e+00 3.318920288085937500e+02
7.152937847595342014e+00 3.326680297851562500e+02
7.154997728904945120e+00 3.338740539550781250e+02
7.157057610214547339e+00 3.345281677246093750e+02
7.159117491524150445e+00 3.348561096191406250e+02
7.161177372833752663e+00 3.361969909667968750e+02
7.163237254143355770e+00 3.375062255859375000e+02
7.165297135452958877e+00 3.381188659667968750e+02
7.167357016762560207e+00 3.386070861816406250e+02
7.169416898072163313e+00 3.385950927734375000e+02
7.171476779381765532e+00 3.380906372070312500e+02
7.173536660691368638e+00 3.373200988769531250e+02
7.175596542000971745e+00 3.373676757812500000e+02
7.177656423310573963e+00 3.367629394531250000e+02
7.179716304620177070e+00 3.360187683105468750e+02
7.181776185929780176e+00 3.343216552734375000e+02
7.183836067239382395e+00 3.327153625488281250e+02
7.185895948548985501e+00 3.308840637207031250e+02
7.187955829858588608e+00 3.296785278320312500e+02
7.190015711168190826e+00 3.289401855468750000e+02
7.192075592477793933e+00 3.285613403320312500e+02
7.194135473787395263e+00 3.281716613769531250e+02
7.196195355096998370e+00 3.272095642089843750e+02
7.198255236406600588e+00 3.262207031250000000e+02
7.200315117716203694e+00 3.253420410156250000e+02
7.202374999025806801e+00 3.244693603515625000e+02
7.204434880335409019e+00 3.237944030761718750e+02
7.206494761645012126e+00 3.238074645996093750e+02
7.208554642954615232e+00 3.237682189941406250e+02
7.210614524264217451e+00 3.231889953613281250e+02
7.212674405573820557e+00 3.228292236328125000e+02
7.214734286883423664e+00 3.221685791015625000e+02
7.216794168193025882e+00 3.217922668457031250e+02
7.218854049502628989e+00 3.213507080078125000e+02
7.220913930812230319e+00 3.218446960449218750e+02
7.222973812121832538e+00 3.214903564453125000e+02
7.225033693431435644e+00 3.216332397460937500e+02
7.227093574741038751e+00 3.217352905273437500e+02
7.229153456050640969e+00 3.209877624511718750e+02
7.231213337360244076e+00 3.213815612792968750e+02
7.233273218669847182e+00 3.221223449707031250e+02
7.235333099979449401e+00 3.221722106933593750e+02
7.237392981289052507e+00 3.224865417480468750e+02
7.239452862598655614e+00 3.225728759765625000e+02
7.241512743908257832e+00 3.218768920898437500e+02
7.243572625217860939e+00 3.212232971191406250e+02
7.245632506527464045e+00 3.206672668457031250e+02
7.247692387837065375e+00 3.209171142578125000e+02
7.249752269146667594e+00 3.205050048828125000e+02
7.251812150456270700e+00 3.201118774414062500e+02
7.253872031765873807e+00 3.196885681152343750e+02
7.255931913075476025e+00 3.189746398925781250e+02
7.257991794385079132e+00 3.177837524414062500e+02
7.260051675694682238e+00 3.173089294433593750e+02
7.262111557004284457e+00 3.166670532226562500e+02
7.264171438313887563e+00 3.159309692382812500e+02
7.266231319623490670e+00 3.159164733886718750e+02
7.268291200933092888e+00 3.161022033691406250e+02
7.270351082242695995e+00 3.159316711425781250e+02
7.272410963552299101e+00 3.156600646972656250e+02
7.274470844861900432e+00 3.161383666992187500e+02
7.276530726171502650e+00 3.156067504882812500e+02
7.278590607481105756e+00 3.153864746093750000e+02
7.280650488790708863e+00 3.153095092773437500e+02
7.282710370100311081e+00 3.153821105957031250e+02
7.284770251409914188e+00 3.148394470214843750e+02
7.286830132719517295e+00 3.142621765136718750e+02
7.288890014029119513e+00 3.137955322265625000e+02
7.290949895338722619e+00 3.129208679199218750e+02
7.293009776648325726e+00 3.115186462402343750e+02
7.295069657957927944e+00 3.100669250488281250e+02
7.297129539267531051e+00 3.091308288574218750e+02
7.299189420577134157e+00 3.091150512695312500e+02
7.301249301886735488e+00 3.100547790527343750e+02
7.303309183196337706e+00 3.099609985351562500e+02
7.305369064505940813e+00 3.100027465820312500e+02
7.307428945815543919e+00 3.104488525390625000e+02
7.309488827125146138e+00 3.104215087890625000e+02
7.311548708434749244e+00 3.103826293945312500e+02
7.313608589744352351e+00 3.099330444335937500e+02
7.315668471053954569e+00 3.092206420898437500e+02
7.317728352363557676e+00 3.086013488769531250e+02
7.319788233673160782e+00 3.077085571289062500e+02
7.321848114982763001e+00 3.067515869140625000e+02
7.323907996292366107e+00 3.059796447753906250e+02
7.325967877601969214e+00 3.050349426269531250e+02
7.328027758911569656e+00 3.057042541503906250e+02
7.330087640221172762e+00 3.061569824218750000e+02
7.332147521530775869e+00 3.069415588378906250e+02
7.334207402840378087e+00 3.073634033203125000e+02
7.336267284149981194e+00 3.084425659179687500e+02
7.338327165459584300e+00 3.086857910156250000e+02
7.340387046769186519e+00 3.086531982421875000e+02
7.342446928078789625e+00 3.087396850585937500e+02
7.344506809388392732e+00 3.086304931640625000e+02
7.346566690697994950e+00 3.082862243652343750e+02
7.348626572007598057e+00 3.086934204101562500e+02
7.350686453317201163e+00 3.096555480957031250e+02
7.352746334626803382e+00 3.111829833984375000e+02
7.354806215936404712e+00 3.130223388671875000e+02
7.356866097246007818e+00 3.149722595214843750e+02
7.358925978555610925e+00 3.164309082031250000e+02
7.360985859865213143e+00 3.176163024902343750e+02
7.363045741174816250e+00 3.185010375976562500e+02
7.365105622484419357e+00 3.190703430175781250e+02
7.367165503794021575e+00 3.198953857421875000e+02
7.369225385103624681e+00 3.199421081542968750e+02
7.371285266413227788e+00 3.201150207519531250e+02
7.373345147722830006e+00 3.201846008300781250e+02
7.375405029032433113e+00 3.197393188476562500e+02
7.377464910342036220e+00 3.192757263183593750e+02
7.379524791651638438e+00 3.182683715820312500e+02
7.381584672961239768e+00 3.184360656738281250e+02
7.383644554270842875e+00 3.187449951171875000e+02
7.385704435580445981e+00 3.188871765136718750e+02
7.387764316890048200e+00 3.197060546875000000e+02
7.389824198199651306e+00 3.206477355957031250e+02
7.391884079509254413e+00 3.216652221679687500e+02
7.393943960818856631e+00 3.229834594726562500e+02
7.396003842128459738e+00 3.231820983886718750e+02
7.398063723438062844e+00 3.230913085937500000e+02
7.400123604747665063e+00 3.228877868652343750e+02
7.402183486057268169e+00 3.222029418945312500e+02
7.404243367366871276e+00 3.211608886718750000e+02
7.406303248676473494e+00 3.212230529785156250e+02
7.408363129986074824e+00 3.209478149414062500e+02
7.410423011295677931e+00 3.207171936035156250e+02
7.412482892605280149e+00 3.206549377441406250e+02
7.414542773914883256e+00 3.204434509277343750e+02
7.416602655224486362e+00 3.200430297851562500e+02
7.418662536534088581e+00 3.195169372558593750e+02
7.420722417843691687e+00 3.198963012695312500e+02
7.422782299153294794e+00 3.201070556640625000e+02
7.424842180462897012e+00 3.198875427246093750e+02
7.426902061772500119e+00 3.195761413574218750e+02
7.428961943082103225e+00 3.192789916992187500e+02
7.431021824391706332e+00 3.176836242675781250e+02
7.433081705701308550e+00 3.174084167480468750e+02
7.435141587010909880e+00 3.172620239257812500e+02
7.437201468320512987e+00 3.175460815429687500e+02
7.439261349630115205e+00 3.185383605957031250e+02
7.441321230939718312e+00 3.207636413574218750e+02
7.443381112249321419e+00 3.239498291015625000e+02
7.445440993558923637e+00 3.285201721191406250e+02
7.447500874868526743e+00 3.337843933105468750e+02
7.449560756178129850e+00 3.420126647949218750e+02
7.451620637487732068e+00 3.471027221679687500e+02
7.453680518797335175e+00 3.544057006835937500e+02
7.455740400106938282e+00 3.576799011230468750e+02
7.457800281416540500e+00 3.587629394531250000e+02
7.459860162726143606e+00 3.569718627929687500e+02
7.461920044035744937e+00 3.532775268554687500e+02
7.463979925345348043e+00 3.463781127929687500e+02
7.466039806654950262e+00 3.416142883300781250e+02
7.468099687964553368e+00 3.350819091796875000e+02
7.470159569274156475e+00 3.303240661621093750e+02
7.472219450583758693e+00 3.271733398437500000e+02
7.474279331893361800e+00 3.240332641601562500e+02
7.476339213202964906e+00 3.228390502929687500e+02
7.478399094512567125e+00 3.219517211914062500e+02
7.480458975822170231e+00 3.216965026855468750e+02
7.482518857131773338e+00 3.214419555664062500e+02
7.484578738441375556e+00 3.212452392578125000e+02
7.486638619750978663e+00 3.210441589355468750e+02
7.488698501060579993e+00 3.210917358398437500e+02
7.490758382370183099e+00 3.207863464355468750e+02
7.492818263679785318e+00 3.206520690917968750e+02
7.494878144989388424e+00 3.207572021484375000e+02
7.496938026298991531e+00 3.209381713867187500e+02
7.498997907608593749e+00 3.214529418945312500e+02
7.501057788918196856e+00 3.225744018554687500e+02
7.503117670227799962e+00 3.244971923828125000e+02
7.505177551537402181e+00 3.280873413085937500e+02
7.507237432847005287e+00 3.333438720703125000e+02
7.509297314156608394e+00 3.401490478515625000e+02
7.511357195466210612e+00 3.494935302734375000e+02
7.513417076775813719e+00 3.596568298339843750e+02
7.515476958085415049e+00 3.694930419921875000e+02
7.517536839395017267e+00 3.796746215820312500e+02
7.519596720704620374e+00 3.876343078613281250e+02
7.521656602014223481e+00 3.923828125000000000e+02
7.523716483323825699e+00 3.949953308105468750e+02
7.525776364633428805e+00 3.946290283203125000e+02
7.527836245943031912e+00 3.919860839843750000e+02
7.529896127252634130e+00 3.864745483398437500e+02
7.531956008562237237e+00 3.800351562500000000e+02
7.534015889871840344e+00 3.725668945312500000e+02
7.536075771181442562e+00 3.642925109863281250e+02
7.538135652491045668e+00 3.566410217285156250e+02
7.540195533800648775e+00 3.500295410156250000e+02
7.542255415110250105e+00 3.442861938476562500e+02
7.544315296419852324e+00 3.393919372558593750e+02
7.546375177729455430e+00 3.356691284179687500e+02
7.548435059039058537e+00 3.327484741210937500e+02
7.550494940348660755e+00 3.306421203613281250e+02
7.552554821658263862e+00 3.284714050292968750e+02
7.554614702967866968e+00 3.266773071289062500e+02
7.556674584277469187e+00 3.254751892089843750e+02
7.558734465587072293e+00 3.238878479003906250e+02
7.560794346896675400e+00 3.233049011230468750e+02
7.562854228206277618e+00 3.230156555175781250e+02
7.564914109515880725e+00 3.231230468750000000e+02
7.566973990825483831e+00 3.233427429199218750e+02
7.569033872135085161e+00 3.233053283691406250e+02
7.571093753444687380e+00 3.231427001953125000e+02
7.573153634754290486e+00 3.223871459960937500e+02
7.575213516063893593e+00 3.211406555175781250e+02
7.577273397373495811e+00 3.203840332031250000e+02
7.579333278683098918e+00 3.201768798828125000e+02
7.581393159992702024e+00 3.199998779296875000e+02
7.583453041302304243e+00 3.203235168457031250e+02
7.585512922611907349e+00 3.205558166503906250e+02
7.587572803921510456e+00 3.201984863281250000e+02
7.589632685231112674e+00 3.195578613281250000e+02
7.591692566540715781e+00 3.192626037597656250e+02
7.593752447850318887e+00 3.192239685058593750e+02
7.595812329159919329e+00 3.194804077148437500e+02
7.597872210469522436e+00 3.195026245117187500e+02
7.599932091779125543e+00 3.191166687011718750e+02
7.601991973088728649e+00 3.181153869628906250e+02
7.604051854398330867e+00 3.174828186035156250e+02
7.606111735707933974e+00 3.175642700195312500e+02
7.608171617017537081e+00 3.183423156738281250e+02
7.610231498327139299e+00 3.192332458496093750e+02
7.612291379636742406e+00 3.202160339355468750e+02
7.614351260946345512e+00 3.207148132324218750e+02
7.616411142255947730e+00 3.210274047851562500e+02
7.618471023565550837e+00 3.207036743164062500e+02
7.620530904875153944e+00 3.204444885253906250e+02
7.622590786184754386e+00 3.192904968261718750e+02
7.624650667494357492e+00 3.184188232421875000e+02
7.626710548803960599e+00 3.179823303222656250e+02
7.628770430113562817e+00 3.168656921386718750e+02
7.630830311423165924e+00 3.157500610351562500e+02
7.632890192732769030e+00 3.139050903320312500e+02
7.634950074042371249e+00 3.129529724121093750e+02
7.637009955351974355e+00 3.108588867187500000e+02
7.639069836661577462e+00 3.099808349609375000e+02
7.641129717971179680e+00 3.098085327148437500e+02
7.643189599280782787e+00 3.095054016113281250e+02
7.645249480590385893e+00 3.090609130859375000e+02
7.647309361899988112e+00 3.094909973144531250e+02
7.649369243209589442e+00 3.093367004394531250e+02
7.651429124519192548e+00 3.089622497558593750e+02
7.653489005828795655e+00 3.084553222656250000e+02
7.655548887138397873e+00 3.073060302734375000e+02
7.657608768448000980e+00 3.069383850097656250e+02
7.659668649757604086e+00 3.073051452636718750e+02
7.661728531067206305e+00 3.073037719726562500e+02
7.663788412376809411e+00 3.080650939941406250e+02
7.665848293686412518e+00 3.086342773437500000e+02
7.667908174996014736e+00 3.088377075195312500e+02
7.669968056305617843e+00 3.086244506835937500e+02
7.672027937615220949e+00 3.090058898925781250e+02
7.674087818924823168e+00 3.098620910644531250e+02
7.676147700234424498e+00 3.112003479003906250e+02
7.678207581544027605e+00 3.122920837402343750e+02
7.680267462853630711e+00 3.132089538574218750e+02
7.682327344163232929e+00 3.141655273437500000e+02
7.684387225472836036e+00 3.146342163085937500e+02
7.686447106782439143e+00 3.157838439941406250e+02
7.688506988092041361e+00 3.178690795898437500e+02
7.690566869401644468e+00 3.199470520019531250e+02
7.692626750711247574e+00 3.226897583007812500e+02
7.694686632020849792e+00 3.252373962402343750e+02
7.696746513330452899e+00 3.272745056152343750e+02
7.698806394640056006e+00 3.299267578125000000e+02
7.700866275949658224e+00 3.332746276855468750e+02
7.702926157259259554e+00 3.376744995117187500e+02
7.704986038568862661e+00 3.440415344238281250e+02
7.707045919878464879e+00 3.530015869140625000e+02
7.709105801188067986e+00 3.621075134277343750e+02
7.711165682497671092e+00 3.707900390625000000e+02
7.713225563807273311e+00 3.789598388671875000e+02
7.715285445116876417e+00 3.852568359375000000e+02
7.717345326426479524e+00 3.884754333496093750e+02
7.719405207736081742e+00 3.897416687011718750e+02
7.721465089045684849e+00 3.888368835449218750e+02
7.723524970355287955e+00 3.847395935058593750e+02
7.725584851664890174e+00 3.785451354980468750e+02
7.727644732974493280e+00 3.704798583984375000e+02
7.729704614284094610e+00 3.623861694335937500e+02
7.731764495593697717e+00 3.537848510742187500e+02
7.733824376903299935e+00 3.467431030273437500e+02
7.735884258212903042e+00 3.403375549316406250e+02
7.737944139522506148e+00 3.352095336914062500e+02
7.740004020832108367e+00 3.308623962402343750e+02
7.742063902141711473e+00 3.278666687011718750e+02
7.744123783451314580e+00 3.250111389160156250e+02
7.746183664760916798e+00 3.222338867187500000e+02
7.748243546070519905e+00 3.189502563476562500e+02
7.750303427380123011e+00 3.162358398437500000e+02
7.752363308689725230e+00 3.134787902832031250e+02
7.754423189999328336e+00 3.113444519042968750e+02
7.756483071308929667e+00 3.098043518066406250e+02
7.758542952618532773e+00 3.085604248046875000e+02
7.760602833928134991e+00 3.072474670410156250e+02
7.762662715237738098e+00 3.052753295898437500e+02
7.764722596547341205e+00 3.034215698242187500e+02
7.766782477856943423e+00 3.019244689941406250e+02
7.768842359166546530e+00 3.012973327636718750e+02
7.770902240476149636e+00 3.002907409667968750e+02
7.772962121785751854e+00 2.996644287109375000e+02
7.775022003095354961e+00 2.995930480957031250e+02
7.777081884404958068e+00 2.997277221679687500e+02
7.779141765714560286e+00 3.001766052246093750e+02
7.781201647024163393e+00 3.011994018554687500e+02
7.783261528333764723e+00 3.015915527343750000e+02
7.785321409643367829e+00 3.020056762695312500e+02
7.787381290952970048e+00 3.009492797851562500e+02
7.789441172262573154e+00 3.004198913574218750e+02
7.791501053572176261e+00 2.996729125976562500e+02
7.793560934881778479e+00 2.994570922851562500e+02
7.795620816191381586e+00 2.998552551269531250e+02
7.797680697500984692e+00 3.010717468261718750e+02
7.799740578810586911e+00 3.024597778320312500e+02
7.801800460120190017e+00 3.031474609375000000e+02
7.803860341429793124e+00 3.043256225585937500e+02
7.805920222739395342e+00 3.058079223632812500e+02
7.807980104048998449e+00 3.069334106445312500e+02
7.810039985358599779e+00 3.085018310546875000e+02
7.812099866668201997e+00 3.100738830566406250e+02
7.814159747977805104e+00 3.106355285644531250e+02
7.816219629287408210e+00 3.109842529296875000e+02
7.818279510597010429e+00 3.115818176269531250e+02
7.820339391906613535e+00 3.110635070800781250e+02
7.822399273216216642e+00 3.098344116210937500e+02
7.824459154525818860e+00 3.093752746582031250e+02
7.826519035835421967e+00 3.081622924804687500e+02
7.828578917145025073e+00 3.065261535644531250e+02
7.830638798454627292e+00 3.060772094726562500e+02
7.832698679764230398e+00 3.054143981933593750e+02
7.834758561073833505e+00 3.036778869628906250e+02
7.836818442383434835e+00 3.021635131835937500e+02
7.838878323693037053e+00 3.011040649414062500e+02
7.840938205002640160e+00 3.003806152343750000e+02
7.842998086312243267e+00 2.999670104980468750e+02
7.845057967621845485e+00 2.997687988281250000e+02
7.847117848931448592e+00 2.990252380371093750e+02
7.849177730241051698e+00 2.985443420410156250e+02
7.851237611550653916e+00 2.980450744628906250e+02
7.853297492860257023e+00 2.979720153808593750e+02
7.855357374169860130e+00 2.984504394531250000e+02
7.857417255479462348e+00 2.984146423339843750e+02
7.859477136789065455e+00 2.977992553710937500e+02
7.861537018098668561e+00 2.975955505371093750e+02
7.863596899408269891e+00 2.971569213867187500e+02
7.865656780717872110e+00 2.967959289550781250e+02
7.867716662027475216e+00 2.971018981933593750e+02
7.869776543337078323e+00 2.973573913574218750e+02
7.871836424646680541e+00 2.973703308105468750e+02
7.873896305956283648e+00 2.972655334472656250e+02
7.875956187265886754e+00 2.969484252929687500e+02
7.878016068575488973e+00 2.963050842285156250e+02
7.880075949885092079e+00 2.954877319335937500e+02
7.882135831194695186e+00 2.957508850097656250e+02
7.884195712504297404e+00 2.961665649414062500e+02
7.886255593813900511e+00 2.961421813964843750e+02
7.888315475123503617e+00 2.974170227050781250e+02
7.890375356433104059e+00 2.977951049804687500e+02
7.892435237742707166e+00 2.979302673339843750e+02
7.894495119052310272e+00 2.980305786132812500e+02
7.896555000361912491e+00 2.987203979492187500e+02
7.898614881671515597e+00 2.996416931152343750e+02
7.900674762981118704e+00 3.001790466308593750e+02
7.902734644290720922e+00 3.013692321777343750e+02
7.904794525600324029e+00 3.020951538085937500e+02
7.906854406909927135e+00 3.024889221191406250e+02
7.908914288219529354e+00 3.021453247070312500e+02
7.910974169529132460e+00 3.026270446777343750e+02
7.913034050838735567e+00 3.024888610839843750e+02
7.915093932148337785e+00 3.018367309570312500e+02
7.917153813457939115e+00 3.011796875000000000e+02
7.919213694767542222e+00 3.011866149902343750e+02
7.921273576077145329e+00 3.008262023925781250e+02
7.923333457386747547e+00 3.004318542480468750e+02
7.925393338696350654e+00 2.999173889160156250e+02
7.927453220005953760e+00 2.994893188476562500e+02
7.929513101315555978e+00 2.989265136718750000e+02
7.931572982625159085e+00 2.983273925781250000e+02
7.933632863934762192e+00 2.986325073242187500e+02
7.935692745244364410e+00 2.987984008789062500e+02
7.937752626553967517e+00 2.986926269531250000e+02
7.939812507863570623e+00 2.979968872070312500e+02
7.941872389173172841e+00 2.979526977539062500e+02
7.943932270482774172e+00 2.977959594726562500e+02
7.945992151792377278e+00 2.976773071289062500e+02
7.948052033101980385e+00 2.979376831054687500e+02
7.950111914411582603e+00 2.981588134765625000e+02
7.952171795721185710e+00 2.972689208984375000e+02
7.954231677030788816e+00 2.971449279785156250e+02
7.956291558340391035e+00 2.973527526855468750e+02
7.958351439649994141e+00 2.970978088378906250e+02
7.960411320959597248e+00 2.973415527343750000e+02
7.962471202269199466e+00 2.977744445800781250e+02
7.964531083578802573e+00 2.976692504882812500e+02
7.966590964888405679e+00 2.975322570800781250e+02
7.968650846198007898e+00 2.976759948730468750e+02
7.970710727507609228e+00 2.968061523437500000e+02
7.972770608817212334e+00 2.966937561035156250e+02
7.974830490126815441e+00 2.963591918945312500e+02
7.976890371436417659e+00 2.950126342773437500e+02
7.978950252746020766e+00 2.942742614746093750e+02
7.981010134055623872e+00 2.940465087890625000e+02
7.983070015365226091e+00 2.931306457519531250e+02
7.985129896674829197e+00 2.940548400878906250e+02
7.987189777984432304e+00 2.954730529785156250e+02
7.989249659294034522e+00 2.965607299804687500e+02
7.991309540603637629e+00 2.971550598144531250e+02
7.993369421913240735e+00 2.977154235839843750e+02
7.995429303222842954e+00 2.983764648437500000e+02
7.997489184532444284e+00 2.984728698730468750e+02
7.999549065842047391e+00 2.992499389648437500e+02
8.001608947151650497e+00 3.005811767578125000e+02
8.003668828461252716e+00 3.015202026367187500e+02
8.005728709770854934e+00 3.017588500976562500e+02
8.007788591080458929e+00 3.022701721191406250e+02
8.009848472390061147e+00 3.028212890625000000e+02
8.011908353699663365e+00 3.031631774902343750e+02
8.013968235009267360e+00 3.036059265136718750e+02
8.016028116318869579e+00 3.032781982421875000e+02
8.018087997628471797e+00 3.034904785156250000e+02
8.020147878938075792e+00 3.025685729980468750e+02
8.022207760247678010e+00 3.016861267089843750e+02
8.024267641557280228e+00 3.005724182128906250e+02
8.026327522866882447e+00 3.002287292480468750e+02
8.028387404176484665e+00 2.993395385742187500e+02
8.030447285486088660e+00 2.986991882324218750e+02
8.032507166795690878e+00 2.984292297363281250e+02
8.034567048105293097e+00 2.984012451171875000e+02
8.036626929414897091e+00 2.981796264648437500e+02
8.038686810724499310e+00 2.981075744628906250e+02
8.040746692034101528e+00 2.979668884277343750e+02
8.042806573343705523e+00 2.973943176269531250e+02
8.044866454653307741e+00 2.965889587402343750e+02
8.046926335962909960e+00 2.955586547851562500e+02
8.048986217272513954e+00 2.948299255371093750e+02
8.051046098582114396e+00 2.950164794921875000e+02
8.053105979891716615e+00 2.953588562011718750e+02
8.055165861201320610e+00 2.946309509277343750e+02
8.057225742510922828e+00 2.946677856445312500e+02
8.059285623820525046e+00 2.940367126464843750e+02
8.061345505130129041e+00 2.929820861816406250e+02
8.063405386439731259e+00 2.918677978515625000e+02
8.065465267749333478e+00 2.919768981933593750e+02
8.067525149058937473e+00 2.922200317382812500e+02
8.069585030368539691e+00 2.927522888183593750e+02
8.071644911678141909e+00 2.926001892089843750e+02
8.073704792987745904e+00 2.937872924804687500e+02
8.075764674297348122e+00 2.943460998535156250e+02
8.077824555606948564e+00 2.942480773925781250e+02
8.079884436916552559e+00 2.944224243164062500e+02
8.081944318226154778e+00 2.952091064453125000e+02
8.084004199535756996e+00 2.946751403808593750e+02
8.086064080845360991e+00 2.943645019531250000e+02
8.088123962154963209e+00 2.942995300292968750e+02
8.090183843464565427e+00 2.932098999023437500e+02
8.092243724774169422e+00 2.928844299316406250e+02
8.094303606083771641e+00 2.934680175781250000e+02
8.096363487393373859e+00 2.932089233398437500e+02
8.098423368702977854e+00 2.926989135742187500e+02
8.100483250012580072e+00 2.935675354003906250e+02
8.102543131322182290e+00 2.928730163574218750e+02
8.104603012631784509e+00 2.921265563964843750e+02
8.106662893941386727e+00 2.931324462890625000e+02
8.108722775250990722e+00 2.936687011718750000e+02
8.110782656560592940e+00 2.933695068359375000e+02
8.112842537870195159e+00 2.937862854003906250e+02
8.114902419179799153e+00 2.929243774414062500e+02
8.116962300489401372e+00 2.918203125000000000e+02
8.119022181799003590e+00 2.909545593261718750e+02
8.121082063108607585e+00 2.901135559082031250e+02
8.123141944418209803e+00 2.898507080078125000e+02
8.125201825727812022e+00 2.905542602539062500e+02
8.127261707037416016e+00 2.913728027343750000e+02
8.129321588347018235e+00 2.923844909667968750e+02
8.131381469656618677e+00 2.934073181152343750e+02
8.133441350966222672e+00 2.936967468261718750e+02
8.135501232275824890e+00 2.936606445312500000e+02
8.137561113585427108e+00 2.935030212402343750e+02
8.139620994895031103e+00 2.932082519531250000e+02
8.141680876204633321e+00 2.928518676757812500e+02
8.143740757514235540e+00 2.926792297363281250e+02
8.145800638823839535e+00 2.927964477539062500e+02
8.147860520133441753e+00 2.928648986816406250e+02
8.149920401443043971e+00 2.926088256835937500e+02
8.151980282752647966e+00 2.927863159179687500e+02
8.154040164062250184e+00 2.920238342285156250e+02
8.156100045371852403e+00 2.910626831054687500e+02
8.158159926681454621e+00 2.907035522460937500e+02
8.160219807991056840e+00 2.902517395019531250e+02
8.162279689300659058e+00 2.909241943359375000e+02
8.164339570610263053e+00 2.925528869628906250e+02
8.166399451919865271e+00 2.935639343261718750e+02
8.168459333229467489e+00 2.948619384765625000e+02
8.170519214539071484e+00 2.962251892089843750e+02
8.172579095848673703e+00 2.964040222167968750e+02
8.174638977158275921e+00 2.969061889648437500e+02
8.176698858467879916e+00 2.976895446777343750e+02
8.178758739777482134e+00 2.984509277343750000e+02
8.180818621087084352e+00 2.987979125976562500e+02
8.182878502396688347e+00 2.994447021484375000e+02
8.184938383706288789e+00 2.998647460937500000e+02
8.186998265015892784e+00 2.996359558105468750e+02
8.189058146325495002e+00 2.989439697265625000e+02
8.191118027635097221e+00 2.987860107421875000e+02
8.193177908944701215e+00 2.985743713378906250e+02
8.195237790254303434e+00 2.994799499511718750e+02
8.197297671563905652e+00 3.005487670898437500e+02
8.199357552873509647e+00 3.008088073730468750e+02
8.201417434183111865e+00 3.003728637695312500e+02
8.203477315492714084e+00 3.000970764160156250e+02
8.205537196802318078e+00 2.988678283691406250e+02
8.207597078111920297e+00 2.978362121582031250e+02
8.209656959421522515e+00 2.976694946289062500e+02
8.211716840731124734e+00 2.975522766113281250e+02
8.213776722040726952e+00 2.973215637207031250e+02
8.215836603350329170e+00 2.970181579589843750e+02
8.217896484659933165e+00 2.967037658691406250e+02
8.219956365969535383e+00 2.963986206054687500e+02
8.222016247279137602e+00 2.964038391113281250e+02
8.224076128588741597e+00 2.969596252441406250e+02
8.226136009898343815e+00 2.973014221191406250e+02
8.228195891207946033e+00 2.976493225097656250e+02
8.230255772517550028e+00 2.980405273437500000e+02
8.232315653827152246e+00 2.978948059082031250e+02
8.234375535136754465e+00 2.973834838867187500e+02
8.236435416446358460e+00 2.961872253417968750e+02
8.238495297755958902e+00 2.952472839355468750e+02
8.240555179065561120e+00 2.942946472167968750e+02
8.242615060375165115e+00 2.941673278808593750e+02
8.244674941684767333e+00 2.939126281738281250e+02
8.246734822994369551e+00 2.944613342285156250e+02
8.248794704303973546e+00 2.954259643554687500e+02
8.250854585613575765e+00 2.958130493164062500e+02
8.252914466923177983e+00 2.961720581054687500e+02
8.254974348232781978e+00 2.971629028320312500e+02
8.257034229542384196e+00 2.976902770996093750e+02
8.259094110851986414e+00 2.979046020507812500e+02
8.261153992161590409e+00 2.982143554687500000e+02
8.263213873471192628e+00 2.976696166992187500e+02
8.265273754780794846e+00 2.981504516601562500e+02
8.267333636090397064e+00 2.979103393554687500e+02
8.269393517399999283e+00 2.979059448242187500e+02
8.271453398709603277e+00 2.980998840332031250e+02
8.273513280019205496e+00 2.975534362792968750e+02
8.275573161328807714e+00 2.967773742675781250e+02
8.277633042638411709e+00 2.967641296386718750e+02
8.279692923948013927e+00 2.968325500488281250e+02
8.281752805257616146e+00 2.966519470214843750e+02
8.283812686567220140e+00 2.958919982910156250e+02
8.285872567876822359e+00 2.955891418457031250e+02
8.287932449186424577e+00 2.956526184082031250e+02
8.289992330496028572e+00 2.944806518554687500e+02
8.292052211805629014e+00 2.943900451660156250e+02
8.294112093115231232e+00 2.953011779785156250e+02
8.296171974424835227e+00 2.952624816894531250e+02
8.298231855734437445e+00 2.949513549804687500e+02
8.300291737044039664e+00 2.948442993164062500e+02
8.302351618353643659e+00 2.946793212890625000e+02
8.304411499663245877e+00 2.946854858398437500e+02
8.306471380972848095e+00 2.939538879394531250e+02
8.308531262282452090e+00 2.938930664062500000e+02
8.310591143592054308e+00 2.941507263183593750e+02
8.312651024901656527e+00 2.936179809570312500e+02
8.314710906211260522e+00 2.933010864257812500e+02
8.316770787520862740e+00 2.935966796875000000e+02
8.318830668830463182e+00 2.937059326171875000e+02
8.320890550140067177e+00 2.928699035644531250e+02
8.322950431449669395e+00 2.927083740234375000e+02
8.325010312759271613e+00 2.924634704589843750e+02
8.327070194068875608e+00 2.923157348632812500e+02
8.329130075378477827e+00 2.925697326660156250e+02
8.331189956688080045e+00 2.938214721679687500e+02
8.333249837997684040e+00 2.938527832031250000e+02
8.335309719307286258e+00 2.947400207519531250e+02
8.337369600616888476e+00 2.945294799804687500e+02
8.339429481926492471e+00 2.940278930664062500e+02
8.341489363236094690e+00 2.935369262695312500e+02
8.343549244545698684e+00 2.931524353027343750e+02
8.345609125855299126e+00 2.928135681152343750e+02
8.347669007164901345e+00 2.932773132324218750e+02
8.349728888474505339e+00 2.931057128906250000e+02
8.351788769784107558e+00 2.934903259277343750e+02
8.353848651093709776e+00 2.935734252929687500e+02
8.355908532403313771e+00 2.931669311523437500e+02
8.357968413712915989e+00 2.932561645507812500e+02
8.360028295022518208e+00 2.927634887695312500e+02
8.362088176332122202e+00 2.922926025390625000e+02
8.364148057641724421e+00 2.916286926269531250e+02
8.366207938951326639e+00 2.916160278320312500e+02
8.368267820260930634e+00 2.913434448242187500e+02
8.370327701570532852e+00 2.913426818847656250e+02
8.372387582880133294e+00 2.921672668457031250e+02
8.374447464189737289e+00 2.934674072265625000e+02
8.376507345499339507e+00 2.932250366210937500e+02
8.378567226808941726e+00 2.935994262695312500e+02
8.380627108118545721e+00 2.943645324707031250e+02
8.382686989428147939e+00 2.944058837890625000e+02
8.384746870737750157e+00 2.944686279296875000e+02
8.386806752047354152e+00 2.948933105468750000e+02
8.388866633356956370e+00 2.950799560546875000e+02
8.390926514666558589e+00 2.955013122558593750e+02
8.392986395976162584e+00 2.960683593750000000e+02
8.395046277285764802e+00 2.959199218750000000e+02
8.397106158595367020e+00 2.957880249023437500e+02
8.399166039904969239e+00 2.958522033691406250e+02
8.401225921214571457e+00 2.959544982910156250e+02
8.403285802524175452e+00 2.962275695800781250e+02
8.405345683833777670e+00 2.960510864257812500e+02
8.407405565143379889e+00 2.956339721679687500e+02
8.409465446452983883e+00 2.958462219238281250e+02
8.411525327762586102e+00 2.945332641601562500e+02
8.413585209072188320e+00 2.941441345214843750e+02
8.415645090381792315e+00 2.958242187500000000e+02
8.417704971691394533e+00 2.981266479492187500e+02
8.419764853000996752e+00 2.990617370605468750e+02
8.421824734310600746e+00 3.002309265136718750e+02
8.423884615620202965e+00 3.019736022949218750e+02
8.425944496929803407e+00 3.017315368652343750e+02
8.428004378239407401e+00 3.025153198242187500e+02
8.430064259549009620e+00 3.038187561035156250e+02
8.432124140858611838e+00 3.050913696289062500e+02
8.434184022168215833e+00 3.068721923828125000e+02
8.436243903477818051e+00 3.100607910156250000e+02
8.438303784787420270e+00 3.137603454589843750e+02
8.440363666097024264e+00 3.194800415039062500e+02
8.442423547406626483e+00 3.273138427734375000e+02
8.444483428716228701e+00 3.366905212402343750e+02
8.446543310025832696e+00 3.462733154296875000e+02
8.448603191335434914e+00 3.572642822265625000e+02
8.450663072645037133e+00 3.680862426757812500e+02
8.452722953954639351e+00 3.769591979980468750e+02
8.454782835264241569e+00 3.831218566894531250e+02
8.456842716573843788e+00 3.870584411621093750e+02
8.458902597883447783e+00 3.867832031250000000e+02
8.460962479193050001e+00 3.837822570800781250e+02
8.463022360502652219e+00 3.777685241699218750e+02
8.465082241812256214e+00 3.700157775878906250e+02
8.467142123121858432e+00 3.619776611328125000e+02
8.469202004431460651e+00 3.536513366699218750e+02
8.471261885741064646e+00 3.454647216796875000e+02
8.473321767050666864e+00 3.386473999023437500e+02
8.475381648360269082e+00 3.335546875000000000e+02
8.477441529669873077e+00 3.281483459472656250e+02
8.479501410979473519e+00 3.233361511230468750e+02
8.481561292289077514e+00 3.197925720214843750e+02
8.483621173598679732e+00 3.158752136230468750e+02
8.485681054908281951e+00 3.122474670410156250e+02
8.487740936217885945e+00 3.105166931152343750e+02
8.489800817527488164e+00 3.076317443847656250e+02
8.491860698837090382e+00 3.059275512695312500e+02
8.493920580146694377e+00 3.038571777343750000e+02
8.495980461456296595e+00 3.017370300292968750e+02
8.498040342765898814e+00 2.998963012695312500e+02
8.500100224075502808e+00 2.979473266601562500e+02
8.502160105385105027e+00 2.970956115722656250e+02
8.504219986694707245e+00 2.966730651855468750e+02
8.506279868004309463e+00 2.963060302734375000e+02
8.508339749313911682e+00 2.970145874023437500e+02
8.510399630623513900e+00 2.972488403320312500e+02
8.512459511933117895e+00 2.968581848144531250e+02
8.514519393242720113e+00 2.971330871582031250e+02
8.516579274552322332e+00 2.973061828613281250e+02
8.518639155861926326e+00 2.970007324218750000e+02
8.520699037171528545e+00 2.968458557128906250e+02
8.522758918481130763e+00 2.968503112792968750e+02
8.524818799790734758e+00 2.974141540527343750e+02
8.526878681100336976e+00 2.978830566406250000e+02
8.528938562409939195e+00 2.985938720703125000e+02
8.530998443719543189e+00 2.994181823730468750e+02
8.533058325029143631e+00 2.994418334960937500e+02
8.535118206338745850e+00 2.987169799804687500e+02
8.537178087648349845e+00 2.987799987792968750e+02
8.539237968957952063e+00 2.973534851074218750e+02
8.541297850267554281e+00 2.966562500000000000e+02
8.543357731577158276e+00 2.954691467285156250e+02
8.545417612886760494e+00 2.934913940429687500e+02
8.547477494196362713e+00 2.915995788574218750e+02
8.549537375505966708e+00 2.920229797363281250e+02
8.551597256815568926e+00 2.919486083984375000e+02
8.553657138125171144e+00 2.925353393554687500e+02
8.555717019434775139e+00 2.930926208496093750e+02
8.557776900744377357e+00 2.931207885742187500e+02
8.559836782053979576e+00 2.930731811523437500e+02
8.561896663363581794e+00 2.930704956054687500e+02
8.563956544673184013e+00 2.936709594726562500e+02
8.566016425982788007e+00 2.947922363281250000e+02
8.568076307292390226e+00 2.961832580566406250e+02
8.570136188601992444e+00 2.963959350585937500e+02
8.572196069911596439e+00 2.972888793945312500e+02
8.574255951221198657e+00 2.979482727050781250e+02
8.576315832530800876e+00 2.974513244628906250e+02
8.578375713840404870e+00 2.976452941894531250e+02
8.580435595150007089e+00 2.967411804199218750e+02
8.582495476459609307e+00 2.958645629882812500e+02
8.584555357769213302e+00 2.961559143066406250e+02
8.586615239078813744e+00 2.961851196289062500e+02
8.588675120388415962e+00 2.967002563476562500e+02
8.590735001698019957e+00 2.973941955566406250e+02
8.592794883007622175e+00 2.969671020507812500e+02
8.594854764317224394e+00 2.960599365234375000e+02
8.596914645626828388e+00 2.949378967285156250e+02
8.598974526936430607e+00 2.925509033203125000e+02
8.601034408246032825e+00 2.911155700683593750e+02
8.603094289555636820e+00 2.902395019531250000e+02
8.605154170865239038e+00 2.892583923339843750e+02
8.607214052174841257e+00 2.885868835449218750e+02
8.609273933484445251e+00 2.897844543457031250e+02
8.611333814794047470e+00 2.897882080078125000e+02
8.613393696103647912e+00 2.892627258300781250e+02
8.615453577413251907e+00 2.888790283203125000e+02
8.617513458722854125e+00 2.891176757812500000e+02
8.619573340032456343e+00 2.884707336425781250e+02
8.621633221342060338e+00 2.884217529296875000e+02
8.623693102651662556e+00 2.874168701171875000e+02
8.625752983961264775e+00 2.864500427246093750e+02
8.627812865270868770e+00 2.851312866210937500e+02
8.629872746580470988e+00 2.840663146972656250e+02
8.631932627890073206e+00 2.841355285644531250e+02
8.633992509199677201e+00 2.852597961425781250e+02
8.636052390509279419e+00 2.860601806640625000e+02
8.638112271818881638e+00 2.864872436523437500e+02
8.640172153128483856e+00 2.861590881347656250e+02
8.642232034438086075e+00 2.851643676757812500e+02
8.644291915747690069e+00 2.842772827148437500e+02
8.646351797057292288e+00 2.841503906250000000e+02
8.648411678366894506e+00 2.848849182128906250e+02
8.650471559676498501e+00 2.854071350097656250e+02
8.652531440986100719e+00 2.865544433593750000e+02
8.654591322295702938e+00 2.869219970703125000e+02
8.656651203605306932e+00 2.869384460449218750e+02
8.658711084914909151e+00 2.859161987304687500e+02
8.660770966224511369e+00 2.865956115722656250e+02
8.662830847534115364e+00 2.873758544921875000e+02
8.664890728843717582e+00 2.869208068847656250e+02
8.666950610153318024e+00 2.878471984863281250e+02
8.669010491462922019e+00 2.880014343261718750e+02
8.671070372772524237e+00 2.877038574218750000e+02
8.673130254082126456e+00 2.870563659667968750e+02
8.675190135391730450e+00 2.874790954589843750e+02
8.677250016701332669e+00 2.864390258789062500e+02
8.679309898010934887e+00 2.862360229492187500e+02
8.681369779320538882e+00 2.857753295898437500e+02
8.683429660630141100e+00 2.856323852539062500e+02
8.685489541939743319e+00 2.860662231445312500e+02
8.687549423249347313e+00 2.862820739746093750e+02
8.689609304558949532e+00 2.870480651855468750e+02
8.691669185868551750e+00 2.872983093261718750e+02
8.693729067178153969e+00 2.871618041992187500e+02
8.695788948487756187e+00 2.871030883789062500e+02
8.697848829797360182e+00 2.867708129882812500e+02
8.699908711106962400e+00 2.868937988281250000e+02
8.701968592416564618e+00 2.869288024902343750e+02
8.704028473726168613e+00 2.874790649414062500e+02
8.706088355035770832e+00 2.873660278320312500e+02
8.708148236345373050e+00 2.874043273925781250e+02
8.710208117654977045e+00 2.868991088867187500e+02
8.712267998964579263e+00 2.869611206054687500e+02
8.714327880274181481e+00 2.866075744628906250e+02
8.716387761583785476e+00 2.877434082031250000e+02
8.718447642893387695e+00 2.876661987304687500e+02
8.720507524202988137e+00 2.880936584472656250e+02
8.722567405512592131e+00 2.873658447265625000e+02
8.724627286822194350e+00 2.867781677246093750e+02
8.726687168131796568e+00 2.859664306640625000e+02
8.728747049441400563e+00 2.864472045898437500e+02
8.730806930751002781e+00 2.861107177734375000e+02
8.732866812060605000e+00 2.876283569335937500e+02
8.734926693370208994e+00 2.880092163085937500e+02
8.736986574679811213e+00 2.886493530273437500e+02
8.739046455989413431e+00 2.885792541503906250e+02
8.741106337299017426e+00 2.888381347656250000e+02
8.743166218608619644e+00 2.884809875488281250e+02
8.745226099918221863e+00 2.881908874511718750e+02
8.747285981227824081e+00 2.886637573242187500e+02
8.749345862537426299e+00 2.889730224609375000e+02
8.751405743847028518e+00 2.883192749023437500e+02
8.753465625156632512e+00 2.879387817382812500e+02
8.755525506466234731e+00 2.882556762695312500e+02
8.757585387775836949e+00 2.879682922363281250e+02
8.759645269085440944e+00 2.875121154785156250e+02
8.761705150395043162e+00 2.878847656250000000e+02
8.763765031704645381e+00 2.881823425292968750e+02
8.765824913014249375e+00 2.878287963867187500e+02
8.767884794323851594e+00 2.887653198242187500e+02
8.769944675633453812e+00 2.890646667480468750e+02
8.772004556943057807e+00 2.880706481933593750e+02
8.774064438252658249e+00 2.878804016113281250e+02
8.776124319562262244e+00 2.871708068847656250e+02
8.778184200871864462e+00 2.848616333007812500e+02
8.780244082181466680e+00 2.842371520996093750e+02
8.782303963491070675e+00 2.844725341796875000e+02
8.784363844800672894e+00 2.836055908203125000e+02
8.786423726110275112e+00 2.831359252929687500e+02
8.788483607419879107e+00 2.844738464355468750e+02
8.790543488729481325e+00 2.839788818359375000e+02
8.792603370039083543e+00 2.845269165039062500e+02
8.794663251348687538e+00 2.844732666015625000e+02
8.796723132658289757e+00 2.841475830078125000e+02
8.798783013967891975e+00 2.834269104003906250e+02
8.800842895277494193e+00 2.839468383789062500e+02
8.802902776587096412e+00 2.828960266113281250e+02
8.804962657896698630e+00 2.842497863769531250e+02
8.807022539206302625e+00 2.853379211425781250e+02
8.809082420515904843e+00 2.857188110351562500e+02
8.811142301825507062e+00 2.859067077636718750e+02
8.813202183135111056e+00 2.859848022460937500e+02
8.815262064444713275e+00 2.847797241210937500e+02
8.817321945754315493e+00 2.842882385253906250e+02
8.819381827063919488e+00 2.837795715332031250e+02
8.821441708373521706e+00 2.839750671386718750e+02
8.823501589683123925e+00 2.837902832031250000e+02
8.825561470992727919e+00 2.842633972167968750e+02
8.827621352302328361e+00 2.844099731445312500e+02
8.829681233611930580e+00 2.844143066406250000e+02
8.831741114921534574e+00 2.844016113281250000e+02
8.833800996231136793e+00 2.854753112792968750e+02
8.835860877540739011e+00 2.856647949218750000e+02
8.837920758850343006e+00 2.861312866210937500e+02
8.839980640159945224e+00 2.869672241210937500e+02
8.842040521469547443e+00 2.867543334960937500e+02
8.844100402779151437e+00 2.863351440429687500e+02
8.846160284088753656e+00 2.861618957519531250e+02
8.848220165398355874e+00 2.862067565917968750e+02
8.850280046707959869e+00 2.858007507324218750e+02
8.852339928017562087e+00 2.861657409667968750e+02
8.854399809327164306e+00 2.867369689941406250e+02
8.856459690636766524e+00 2.867575073242187500e+02
8.858519571946368742e+00 2.856713867187500000e+02
8.860579453255972737e+00 2.852940063476562500e+02
8.862639334565574956e+00 2.850859069824218750e+02
8.864699215875177174e+00 2.845595397949218750e+02
8.866759097184781169e+00 2.844015502929687500e+02
8.868818978494383387e+00 2.853828125000000000e+02
8.870878859803985605e+00 2.841789245605468750e+02
8.872938741113589600e+00 2.840316162109375000e+02
8.874998622423191819e+00 2.842067565917968750e+02
8.877058503732794037e+00 2.845588684082031250e+02
8.879118385042398032e+00 2.846415100097656250e+02
8.881178266351998474e+00 2.855373229980468750e+02
8.883238147661600692e+00 2.854724426269531250e+02
8.885298028971204687e+00 2.848553466796875000e+02
8.887357910280806905e+00 2.848050231933593750e+02
8.889417791590409124e+00 2.846701354980468750e+02
8.891477672900013118e+00 2.851502990722656250e+02
8.893537554209615337e+00 2.848450012207031250e+02
8.895597435519217555e+00 2.855016784667968750e+02
8.897657316828821550e+00 2.857187500000000000e+02
8.899717198138423768e+00 2.864270629882812500e+02
8.901777079448025987e+00 2.858320922851562500e+02
8.903836960757629981e+00 2.861163940429687500e+02
8.905896842067232200e+00 2.868201904296875000e+02
8.907956723376832642e+00 2.870858154296875000e+02
8.910016604686436636e+00 2.878372802734375000e+02
8.912076485996038855e+00 2.892622375488281250e+02
8.914136367305641073e+00 2.885528564453125000e+02
8.916196248615245068e+00 2.877768554687500000e+02
8.918256129924847286e+00 2.871963500976562500e+02
8.920316011234449505e+00 2.863368530273437500e+02
8.922375892544053499e+00 2.865965270996093750e+02
8.924435773853655718e+00 2.875616760253906250e+02
8.926495655163257936e+00 2.894000244140625000e+02
8.928555536472861931e+00 2.896183471679687500e+02
8.930615417782464149e+00 2.895795898437500000e+02
8.932675299092066368e+00 2.898356628417968750e+02
8.934735180401668586e+00 2.895514526367187500e+02
8.936795061711270804e+00 2.899214477539062500e+02
8.938854943020874799e+00 2.899170837402343750e+02
8.940914824330477018e+00 2.900116882324218750e+02
8.942974705640079236e+00 2.899718017578125000e+02
8.945034586949683231e+00 2.902678222656250000e+02
8.947094468259285449e+00 2.921895141601562500e+02
8.949154349568887667e+00 2.948161315917968750e+02
8.951214230878491662e+00 2.973754272460937500e+02
8.953274112188093881e+00 2.999041748046875000e+02
8.955333993497696099e+00 3.023987426757812500e+02
8.957393874807300094e+00 3.050914611816406250e+02
8.959453756116902312e+00 3.103334045410156250e+02
8.961513637426502754e+00 3.150330810546875000e+02
8.963573518736106749e+00 3.209708862304687500e+02
8.965633400045708967e+00 3.266858520507812500e+02
8.967693281355311186e+00 3.306039733886718750e+02
8.969753162664915180e+00 3.332509155273437500e+02
8.971813043974517399e+00 3.364568481445312500e+02
8.973872925284119617e+00 3.375985107421875000e+02
8.975932806593723612e+00 3.366466674804687500e+02
8.977992687903325830e+00 3.352241210937500000e+02
8.980052569212928049e+00 3.321908264160156250e+02
8.982112450522532043e+00 3.284432067871093750e+02
8.984172331832134262e+00 3.246900329589843750e+02
8.986232213141736480e+00 3.225242004394531250e+02
8.988292094451338698e+00 3.198313903808593750e+02
8.990351975760940917e+00 3.164845275878906250e+02
8.992411857070543135e+00 3.152261962890625000e+02
8.994471738380147130e+00 3.139234313964843750e+02
8.996531619689749348e+00 3.113209838867187500e+02
8.998591500999351567e+00 3.104587097167968750e+02
9.000651382308955561e+00 3.105687866210937500e+02
9.002711263618557780e+00 3.089497070312500000e+02
9.004771144928159998e+00 3.065229797363281250e+02
9.006831026237763993e+00 3.037660217285156250e+02
9.008890907547366211e+00 2.995324096679687500e+02
9.010950788856970206e+00 2.965447387695312500e+02
9.013010670166572424e+00 2.939562072753906250e+02
9.015070551476172867e+00 2.917709960937500000e+02
9.017130432785776861e+00 2.902109985351562500e+02
9.019190314095379080e+00 2.891581420898437500e+02
9.021250195404981298e+00 2.874768981933593750e+02
9.023310076714585293e+00 2.858962097167968750e+02
9.025369958024187511e+00 2.845682983398437500e+02
9.027429839333789729e+00 2.837355041503906250e+02
9.029489720643393724e+00 2.820531005859375000e+02
9.031549601952995943e+00 2.808186035156250000e+02
9.033609483262598161e+00 2.797168579101562500e+02
9.035669364572202156e+00 2.798296508789062500e+02
9.037729245881804374e+00 2.801969909667968750e+02
9.039789127191406592e+00 2.804445800781250000e+02
9.041849008501008811e+00 2.810180664062500000e+02
9.043908889810611029e+00 2.820356140136718750e+02
9.045968771120213248e+00 2.818690185546875000e+02
9.048028652429817242e+00 2.810323181152343750e+02
9.050088533739419461e+00 2.803731384277343750e+02
9.052148415049021679e+00 2.802256774902343750e+02
9.054208296358625674e+00 2.799682922363281250e+02
9.056268177668227892e+00 2.795887145996093750e+02
9.058328058977830111e+00 2.818228454589843750e+02
9.060387940287434105e+00 2.821124572753906250e+02
9.062447821597036324e+00 2.812146606445312500e+02
9.064507702906638542e+00 2.803170776367187500e+02
9.066567584216242537e+00 2.801728210449218750e+02
9.068627465525842979e+00 2.775128479003906250e+02
9.070687346835446974e+00 2.772427673339843750e+02
9.072747228145049192e+00 2.783003234863281250e+02
9.074807109454651410e+00 2.790771484375000000e+02
9.076866990764255405e+00 2.799152832031250000e+02
9.078926872073857623e+00 2.795809631347656250e+02
9.080986753383459842e+00 2.794470214843750000e+02
9.083046634693063837e+00 2.794578247070312500e+02
9.085106516002666055e+00 2.793316345214843750e+02
9.087166397312268273e+00 2.795183715820312500e+02
9.089226278621872268e+00 2.811602478027343750e+02
9.091286159931474486e+00 2.825845336914062500e+02
9.093346041241076705e+00 2.828884277343750000e+02
9.095405922550678923e+00 2.831741027832031250e+02
9.097465803860281142e+00 2.844154052734375000e+02
9.099525685169883360e+00 2.852431945800781250e+02
9.101585566479487355e+00 2.846504516601562500e+02
9.103645447789089573e+00 2.848013000488281250e+02
9.105705329098691792e+00 2.854033813476562500e+02
9.107765210408295786e+00 2.846310424804687500e+02
9.109825091717898005e+00 2.850679931640625000e+02
9.111884973027500223e+00 2.851501464843750000e+02
9.113944854337104218e+00 2.849352722167968750e+02
9.116004735646706436e+00 2.836832275390625000e+02
9.118064616956308654e+00 2.824784851074218750e+02
9.120124498265912649e+00 2.820223083496093750e+02
9.122184379575513091e+00 2.820180053710937500e+02
9.124244260885115310e+00 2.819732971191406250e+02
9.126304142194719304e+00 2.829372253417968750e+02
9.128364023504321523e+00 2.834702453613281250e+02
9.130423904813923741e+00 2.831833190917968750e+02
9.132483786123527736e+00 2.826955566406250000e+02
9.134543667433129954e+00 2.820188903808593750e+02
9.136603548742732173e+00 2.803091125488281250e+02
9.138663430052336167e+00 2.797641296386718750e+02
9.140723311361938386e+00 2.793058166503906250e+02
9.142783192671540604e+00 2.791505126953125000e+02
9.144843073981144599e+00 2.799093933105468750e+02
9.146902955290746817e+00 2.803727416992187500e+02
9.148962836600349036e+00 2.805187988281250000e+02
9.151022717909951254e+00 2.798251953125000000e+02
9.153082599219553472e+00 2.792357177734375000e+02
9.155142480529157467e+00 2.793390808105468750e+02
9.157202361838759685e+00 2.800483093261718750e+02
9.159262243148361904e+00 2.797887573242187500e+02
9.161322124457965899e+00 2.798172607421875000e+02
9.163382005767568117e+00 2.792241821289062500e+02
9.165441887077170335e+00 2.788318786621093750e+02
9.167501768386774330e+00 2.772950134277343750e+02
9.169561649696376548e+00 2.777396850585937500e+02
9.171621531005978767e+00 2.772812194824218750e+02
9.173681412315582762e+00 2.771208801269531250e+02
9.175741293625183204e+00 2.767108764648437500e+02
9.177801174934785422e+00 2.767108459472656250e+02
9.179861056244389417e+00 2.765898437500000000e+02
9.181920937553991635e+00 2.775356140136718750e+02
9.183980818863593854e+00 2.782292175292968750e+02
9.186040700173197848e+00 2.781163635253906250e+02
9.188100581482800067e+00 2.778813476562500000e+02
9.190160462792402285e+00 2.784658508300781250e+02
9.192220344102006280e+00 2.787750549316406250e+02
9.194280225411608498e+00 2.785539550781250000e+02
9.196340106721210717e+00 2.794770812988281250e+02
9.198399988030814711e+00 2.802495117187500000e+02
9.200459869340416930e+00 2.796736145019531250e+02
9.202519750650017372e+00 2.794483032226562500e+02
9.204579631959621366e+00 2.794189453125000000e+02
9.206639513269223585e+00 2.787902526855468750e+02
9.208699394578825803e+00 2.795005493164062500e+02
9.210759275888429798e+00 2.801042480468750000e+02
9.212819157198032016e+00 2.805573425292968750e+02
9.214879038507634235e+00 2.812554321289062500e+02
9.216938919817238229e+00 2.817922973632812500e+02
9.218998801126840448e+00 2.802474670410156250e+02
9.221058682436442666e+00 2.785877990722656250e+02
9.223118563746046661e+00 2.769218750000000000e+02
9.225178445055648879e+00 2.763119506835937500e+02
9.227238326365251098e+00 2.762958984375000000e+02
9.229298207674853316e+00 2.776105957031250000e+02
9.231358088984455534e+00 2.787192077636718750e+02
9.233417970294059529e+00 2.801524963378906250e+02
9.235477851603661748e+00 2.817791748046875000e+02
9.237537732913263966e+00 2.807157592773437500e+02
9.239597614222867961e+00 2.795989379882812500e+02
9.241657495532470179e+00 2.789518737792968750e+02
9.243717376842072397e+00 2.776333007812500000e+02
9.245777258151676392e+00 2.757120361328125000e+02
9.247837139461278610e+00 2.756229858398437500e+02
9.249897020770880829e+00 2.745279846191406250e+02
9.251956902080484824e+00 2.756644592285156250e+02
9.254016783390087042e+00 2.745459594726562500e+02
9.256076664699687484e+00 2.752769165039062500e+02
9.258136546009291479e+00 2.751066284179687500e+02
9.260196427318893697e+00 2.758663330078125000e+02
9.262256308628495916e+00 2.757381286621093750e+02
9.264316189938099910e+00 2.772313232421875000e+02
9.266376071247702129e+00 2.768342285156250000e+02
9.268435952557304347e+00 2.772255859375000000e+02
9.270495833866908342e+00 2.776679382324218750e+02
9.272555715176510560e+00 2.781501770019531250e+02
9.274615596486112779e+00 2.794449157714843750e+02
9.276675477795716773e+00 2.808333435058593750e+02
9.278735359105318992e+00 2.805083923339843750e+02
9.280795240414921210e+00 2.803215026855468750e+02
9.282855121724523428e+00 2.800252990722656250e+02
9.284915003034125647e+00 2.789714660644531250e+02
9.286974884343727865e+00 2.785266723632812500e+02
9.289034765653331860e+00 2.787695922851562500e+02
9.291094646962934078e+00 2.796844177246093750e+02
9.293154528272536297e+00 2.791529846191406250e+02
9.295214409582140291e+00 2.786234130859375000e+02
9.297274290891742510e+00 2.789291687011718750e+02
9.299334172201344728e+00 2.784688720703125000e+02
9.301394053510948723e+00 2.778924255371093750e+02
9.303453934820550941e+00 2.773550109863281250e+02
9.305513816130153160e+00 2.762678527832031250e+02
9.307573697439757154e+00 2.764866333007812500e+02
9.309633578749357596e+00 2.773417053222656250e+02
9.311693460058961591e+00 2.772102966308593750e+02
9.313753341368563810e+00 2.791997070312500000e+02
9.315813222678166028e+00 2.808345336914062500e+02
9.317873103987770023e+00 2.809251708984375000e+02
9.319932985297372241e+00 2.814150085449218750e+02
9.321992866606974459e+00 2.812028198242187500e+02
9.324052747916578454e+00 2.815063781738281250e+02
9.326112629226180673e+00 2.812739868164062500e+02
9.328172510535782891e+00 2.821721191406250000e+02
9.330232391845386886e+00 2.819016418457031250e+02
9.332292273154989104e+00 2.818230285644531250e+02
9.334352154464591322e+00 2.813620605468750000e+02
9.336412035774193541e+00 2.796048889160156250e+02
9.338471917083795759e+00 2.781586914062500000e+02
9.340531798393397978e+00 2.791176757812500000e+02
9.342591679703001972e+00 2.792391357421875000e+02
9.344651561012604191e+00 2.802986145019531250e+02
9.346711442322206409e+00 2.812113342285156250e+02
9.348771323631810404e+00 2.812381896972656250e+02
9.350831204941412622e+00 2.800984802246093750e+02
9.352891086251014841e+00 2.795522460937500000e+02
9.354950967560618835e+00 2.798884277343750000e+02
9.357010848870221054e+00 2.803447265625000000e+02
9.359070730179823272e+00 2.798673706054687500e+02
9.361130611489427267e+00 2.799167785644531250e+02
9.363190492799027709e+00 2.787082214355468750e+02
9.365250374108631704e+00 2.741101684570312500e+02
9.367310255418233922e+00 2.737659912109375000e+02
9.369370136727836140e+00 2.741004333496093750e+02
9.371430018037440135e+00 2.731617736816406250e+02
9.373489899347042353e+00 2.751696777343750000e+02
9.375549780656644572e+00 2.771696777343750000e+02
9.377609661966248567e+00 2.774950866699218750e+02
9.379669543275850785e+00 2.771916809082031250e+02
9.381729424585453003e+00 2.780643920898437500e+02
9.383789305895056998e+00 2.782715759277343750e+02
9.385849187204659216e+00 2.797810668945312500e+02
9.387909068514261435e+00 2.803671264648437500e+02
9.389968949823863653e+00 2.822010803222656250e+02
9.392028831133465872e+00 2.823627014160156250e+02
9.394088712443068090e+00 2.823087158203125000e+02
9.396148593752672085e+00 2.815627441406250000e+02
9.398208475062274303e+00 2.798176879882812500e+02
9.400268356371876521e+00 2.793975219726562500e+02
9.402328237681480516e+00 2.779612426757812500e+02
9.404388118991082735e+00 2.774356994628906250e+02
9.406448000300684953e+00 2.769711303710937500e+02
9.408507881610288948e+00 2.772981567382812500e+02
9.410567762919891166e+00 2.767421264648437500e+02
9.412627644229493384e+00 2.783920898437500000e+02
9.414687525539097379e+00 2.784861450195312500e+02
9.416747406848697821e+00 2.818813476562500000e+02
9.418807288158300040e+00 2.810413818359375000e+02
9.420867169467904034e+00 2.816032409667968750e+02
9.422927050777506253e+00 2.799190063476562500e+02
9.424986932087108471e+00 2.781744079589843750e+02
9.427046813396712466e+00 2.759692687988281250e+02
9.429106694706314684e+00 2.760242004394531250e+02
9.431166576015916903e+00 2.762196655273437500e+02
9.433226457325520897e+00 2.758269348144531250e+02
9.435286338635123116e+00 2.749782104492187500e+02
9.437346219944725334e+00 2.737807922363281250e+02
9.439406101254329329e+00 2.722639160156250000e+02
9.441465982563931547e+00 2.711163330078125000e+02
9.443525863873533766e+00 2.720327148437500000e+02
9.445585745183135984e+00 2.738119201660156250e+02
9.447645626492738202e+00 2.751278076171875000e+02
9.449705507802342197e+00 2.754674072265625000e+02
9.451765389111944415e+00 2.751636352539062500e+02
9.453825270421546634e+00 2.739339904785156250e+02
9.455885151731150629e+00 2.728416137695312500e+02
9.457945033040752847e+00 2.729837646484375000e+02
9.460004914350355065e+00 2.733810424804687500e+02
9.462064795659959060e+00 2.745657653808593750e+02
9.464124676969561278e+00 2.750387573242187500e+02
9.466184558279163497e+00 2.749235839843750000e+02
9.468244439588767492e+00 2.739175720214843750e+02
9.470304320898367934e+00 2.737018737792968750e+02
9.472364202207970152e+00 2.735394287109375000e+02
9.474424083517574147e+00 2.738651733398437500e+02
9.476483964827176365e+00 2.738239135742187500e+02
9.478543846136778583e+00 2.732153930664062500e+02
9.480603727446382578e+00 2.719912109375000000e+02
9.482663608755984797e+00 2.715357971191406250e+02
9.484723490065587015e+00 2.717386779785156250e+02
9.486783371375191010e+00 2.721231994628906250e+02
9.488843252684793228e+00 2.731831665039062500e+02
9.490903133994395446e+00 2.741696777343750000e+02
9.492963015303999441e+00 2.739469299316406250e+02
9.495022896613601660e+00 2.733896179199218750e+02
9.497082777923202102e+00 2.743332824707031250e+02
9.499142659232806096e+00 2.734401855468750000e+02
9.501202540542408315e+00 2.731250000000000000e+02
9.503262421852010533e+00 2.743729248046875000e+02
9.505322303161614528e+00 2.758538208007812500e+02
9.507382184471216746e+00 2.758928222656250000e+02
9.509442065780818965e+00 2.769605102539062500e+02
9.511501947090422959e+00 2.767115478515625000e+02
9.513561828400025178e+00 2.752539062500000000e+02
9.515621709709627396e+00 2.741538696289062500e+02
9.517681591019231391e+00 2.723492431640625000e+02
9.519741472328833609e+00 2.726950988769531250e+02
9.521801353638435828e+00 2.734285888671875000e+02
9.523861234948038046e+00 2.741116333007812500e+02
9.525921116257640264e+00 2.743530883789062500e+02
9.527980997567244259e+00 2.763038330078125000e+02
9.530040878876846477e+00 2.761903686523437500e+02
9.532100760186448696e+00 2.747631530761718750e+02
9.534160641496052691e+00 2.742515563964843750e+02
9.536220522805654909e+00 2.747080993652343750e+02
9.538280404115257127e+00 2.743692016601562500e+02
9.540340285424861122e+00 2.755592651367187500e+02
9.542400166734463340e+00 2.770708312988281250e+02
9.544460048044065559e+00 2.767508544921875000e+02
9.546519929353669554e+00 2.757382812500000000e+02
9.548579810663271772e+00 2.754309082031250000e+02
9.550639691972872214e+00 2.727095031738281250e+02
9.552699573282476209e+00 2.724481506347656250e+02
9.554759454592078427e+00 2.711568603515625000e+02
9.556819335901680645e+00 2.692652282714843750e+02
9.558879217211284640e+00 2.685349121093750000e+02
9.560939098520886859e+00 2.692297668457031250e+02
9.562998979830489077e+00 2.684071960449218750e+02
9.565058861140093072e+00 2.697018127441406250e+02
9.567118742449695290e+00 2.713267822265625000e+02
9.569178623759297508e+00 2.712240295410156250e+02
9.571238505068901503e+00 2.712224426269531250e+02
9.573298386378503722e+00 2.721442565917968750e+02
9.575358267688105940e+00 2.724420471191406250e+02
9.577418148997708158e+00 2.733803100585937500e+02
9.579478030307310377e+00 2.759146118164062500e+02
9.581537911616912595e+00 2.766844787597656250e+02
9.583597792926516590e+00 2.766102600097656250e+02
9.585657674236118808e+00 2.778352050781250000e+02
9.587717555545721027e+00 2.776158142089843750e+02
9.589777436855325021e+00 2.776424255371093750e+02
9.591837318164927240e+00 2.797014465332031250e+02
9.593897199474529458e+00 2.784214172363281250e+02
9.595957080784133453e+00 2.783350524902343750e+02
9.598016962093735671e+00 2.778083496093750000e+02
9.600076843403337890e+00 2.756746215820312500e+02
9.602136724712941884e+00 2.745103149414062500e+02
9.604196606022542326e+00 2.745473022460937500e+02
9.606256487332146321e+00 2.729956665039062500e+02
9.608316368641748539e+00 2.721663513183593750e+02
9.610376249951350758e+00 2.714573364257812500e+02
9.612436131260954753e+00 2.703009338378906250e+02
9.614496012570556971e+00 2.708054809570312500e+02
9.616555893880159189e+00 2.717383117675781250e+02
9.618615775189763184e+00 2.733041992187500000e+02
9.620675656499365402e+00 2.739986572265625000e+02
9.622735537808967621e+00 2.735961914062500000e+02
9.624795419118571616e+00 2.734453735351562500e+02
9.626855300428173834e+00 2.731289367675781250e+02
9.628915181737776052e+00 2.727580566406250000e+02
9.630975063047378271e+00 2.729152221679687500e+02
9.633034944356980489e+00 2.729557189941406250e+02
9.635094825666582707e+00 2.729501647949218750e+02
9.637154706976186702e+00 2.723275756835937500e+02
9.639214588285788921e+00 2.711332702636718750e+02
9.641274469595391139e+00 2.704753723144531250e+02
9.643334350904995134e+00 2.704824829101562500e+02
9.645394232214597352e+00 2.690654907226562500e+02
9.647454113524199570e+00 2.679874877929687500e+02
9.649513994833803565e+00 2.686910095214843750e+02
9.651573876143405784e+00 2.680868530273437500e+02
9.653633757453008002e+00 2.687162170410156250e+02
9.655693638762611997e+00 2.698502807617187500e+02
9.657753520072212439e+00 2.709924621582031250e+02
9.659813401381814657e+00 2.702091064453125000e+02
9.661873282691418652e+00 2.699989929199218750e+02
9.663933164001020870e+00 2.676022033691406250e+02
9.665993045310623089e+00 2.664099426269531250e+02
9.668052926620227083e+00 2.655273742675781250e+02
9.670112807929829302e+00 2.666338500976562500e+02
9.672172689239431520e+00 2.672890625000000000e+02
9.674232570549035515e+00 2.684491271972656250e+02
9.676292451858637733e+00 2.678732910156250000e+02
9.678352333168241728e+00 2.685155639648437500e+02
9.680412214477843946e+00 2.681441955566406250e+02
9.682472095787446165e+00 2.679507751464843750e+02
9.684531977097048383e+00 2.702333984375000000e+02
9.686591858406650601e+00 2.705095825195312500e+02
9.688651739716252820e+00 2.631926574707031250e+02
9.690711621025856815e+00 2.596551513671875000e+02
9.692771502335459033e+00 2.586641540527343750e+02
9.694831383645061251e+00 2.559464721679687500e+02
9.696891264954665246e+00 2.559656524658203125e+02
9.698951146264267464e+00 2.634387207031250000e+02
9.701011027573869683e+00 2.633187255859375000e+02
9.703070908883473678e+00 2.643379211425781250e+02
9.705130790193075896e+00 2.655879211425781250e+02
9.707190671502678114e+00 2.659304199218750000e+02
9.709250552812282109e+00 2.658418884277343750e+02
9.711310434121882551e+00 2.673708496093750000e+02
9.713370315431484769e+00 2.668568115234375000e+02
9.715430196741088764e+00 2.646972351074218750e+02
9.717490078050690983e+00 2.655827941894531250e+02
9.719549959360293201e+00 2.667416992187500000e+02
9.721609840669897196e+00 2.665516357421875000e+02
9.723669721979499414e+00 2.659994506835937500e+02
9.725729603289101632e+00 2.659293518066406250e+02
9.727789484598705627e+00 2.657187194824218750e+02
9.729849365908307846e+00 2.653256835937500000e+02
9.731909247217910064e+00 2.634963378906250000e+02
9.733969128527514059e+00 2.649752197265625000e+02
9.736029009837116277e+00 2.650087280273437500e+02
9.738088891146718495e+00 2.637853698730468750e+02
9.740148772456320714e+00 2.628043823242187500e+02
9.742208653765922932e+00 2.627252807617187500e+02
9.744268535075526927e+00 2.610833740234375000e+02
9.746328416385129145e+00 2.608365783691406250e+02
9.748388297694731364e+00 2.591459655761718750e+02
9.750448179004335358e+00 2.598685913085937500e+02
9.752508060313937577e+00 2.601123962402343750e+02
9.754567941623539795e+00 2.596991577148437500e+02
9.756627822933143790e+00 2.613455505371093750e+02
9.758687704242746008e+00 2.647305603027343750e+02
9.760747585552348227e+00 2.664758300781250000e+02
9.762807466861952221e+00 2.674633178710937500e+02
9.764867348171552663e+00 2.683662414550781250e+02
9.766927229481154882e+00 2.688267822265625000e+02
9.768987110790758877e+00 2.681250915527343750e+02
9.771046992100361095e+00 2.677198181152343750e+02
9.773106873409963313e+00 2.683678283691406250e+02
9.775166754719567308e+00 2.687216491699218750e+02
9.777226636029169526e+00 2.686874389648437500e+02
9.779286517338771745e+00 2.687030334472656250e+02
9.781346398648375740e+00 2.674554443359375000e+02
9.783406279957977958e+00 2.675003051757812500e+02
9.785466161267580176e+00 2.669960632324218750e+02
9.787526042577184171e+00 2.665710144042968750e+02
9.789585923886786389e+00 2.664813842773437500e+02
9.791645805196386831e+00 2.665227661132812500e+02
9.793705686505990826e+00 2.659643554687500000e+02
9.795765567815593045e+00 2.658274536132812500e+02
9.797825449125195263e+00 2.638081359863281250e+02
9.799885330434799258e+00 2.615156860351562500e+02
9.801945211744401476e+00 2.617700195312500000e+02
9.804005093054003694e+00 2.623943176269531250e+02
9.806064974363607689e+00 2.622813415527343750e+02
9.808124855673209908e+00 2.616891479492187500e+02
9.810184736982812126e+00 2.633875732421875000e+02
9.812244618292416121e+00 2.602598266601562500e+02
9.814304499602018339e+00 2.594328918457031250e+02
9.816364380911620557e+00 2.594064331054687500e+02
9.818424262221222776e+00 2.603624877929687500e+02
9.820484143530824994e+00 2.596137084960937500e+02
9.822544024840428989e+00 2.596051635742187500e+02
9.824603906150031207e+00 2.587972106933593750e+02
9.826663787459633426e+00 2.582323303222656250e+02
9.828723668769237420e+00 2.578306884765625000e+02
9.830783550078839639e+00 2.569381103515625000e+02
9.832843431388441857e+00 2.582409973144531250e+02
9.834903312698045852e+00 2.588561096191406250e+02
9.836963194007648070e+00 2.594723815917968750e+02
9.839023075317250289e+00 2.590894470214843750e+02
9.841082956626854283e+00 2.598958740234375000e+02
9.843142837936456502e+00 2.581740722656250000e+02
9.845202719246056944e+00 2.570465087890625000e+02
9.847262600555660939e+00 2.575765380859375000e+02
9.849322481865263157e+00 2.573621826171875000e+02
9.851382363174865375e+00 2.568475036621093750e+02
9.853442244484469370e+00 2.566897277832031250e+02
9.855502125794071588e+00 2.566416931152343750e+02
9.857562007103673807e+00 2.556214447021484375e+02
9.859621888413277802e+00 2.557486877441406250e+02
9.861681769722880020e+00 2.567114868164062500e+02
9.863741651032482238e+00 2.565695495605468750e+02
9.865801532342086233e+00 2.558350830078125000e+02
9.867861413651688451e+00 2.561146545410156250e+02
9.869921294961290670e+00 2.567893676757812500e+02
9.871981176270892888e+00 2.573194580078125000e+02
9.874041057580495107e+00 2.580537109375000000e+02
9.876100938890097325e+00 2.591103820800781250e+02
9.878160820199701320e+00 2.590646667480468750e+02
9.880220701509303538e+00 2.587553405761718750e+02
9.882280582818905756e+00 2.596261901855468750e+02
9.884340464128509751e+00 2.606434326171875000e+02
9.886400345438111970e+00 2.603147583007812500e+02
9.888460226747714188e+00 2.599566345214843750e+02
9.890520108057318183e+00 2.589626159667968750e+02
9.892579989366920401e+00 2.567373046875000000e+02
9.894639870676522619e+00 2.543608398437500000e+02
9.896699751986126614e+00 2.545913238525390625e+02
9.898759633295727056e+00 2.547005462646484375e+02
9.900819514605331051e+00 2.551676025390625000e+02
9.902879395914933269e+00 2.566300964355468750e+02
9.904939277224535488e+00 2.583821716308593750e+02
9.906999158534139482e+00 2.594718017578125000e+02
9.909059039843741701e+00 2.605699462890625000e+02
9.911118921153343919e+00 2.616530456542968750e+02
9.913178802462947914e+00 2.626857299804687500e+02
9.915238683772550132e+00 2.604915771484375000e+02
9.917298565082152351e+00 2.599587707519531250e+02
9.919358446391756345e+00 2.598892211914062500e+02
9.921418327701358564e+00 2.592877502441406250e+02
9.923478209010960782e+00 2.589374084472656250e+02
9.925538090320563001e+00 2.593529968261718750e+02
9.927597971630165219e+00 2.571227111816406250e+02
9.929657852939767437e+00 2.539515991210937500e+02
9.931717734249371432e+00 2.515422973632812500e+02
9.933777615558973650e+00 2.509535522460937500e+02
9.935837496868575869e+00 2.516912841796875000e+02
9.937897378178179864e+00 2.533434600830078125e+02
9.939957259487782082e+00 2.563812561035156250e+02
9.942017140797384300e+00 2.575350952148437500e+02
9.944077022106988295e+00 2.569188842773437500e+02
9.946136903416590513e+00 2.583975219726562500e+02
9.948196784726192732e+00 2.555109252929687500e+02
9.950256666035796727e+00 2.536978302001953125e+02
9.952316547345397169e+00 2.535096740722656250e+02
9.954376428654999387e+00 2.531057128906250000e+02
9.956436309964603382e+00 2.510390472412109375e+02
9.958496191274205600e+00 2.518422088623046875e+02
9.960556072583807818e+00 2.528680419921875000e+02
9.962615953893411813e+00 2.521163787841796875e+02
9.964675835203014032e+00 2.512091522216796875e+02
9.966735716512616250e+00 2.517449035644531250e+02
9.968795597822220245e+00 2.515632934570312500e+02
9.970855479131822463e+00 2.506623687744140625e+02
9.972915360441424681e+00 2.501251525878906250e+02
9.974975241751028676e+00 2.511065063476562500e+02
9.977035123060630895e+00 2.509491882324218750e+02
9.979095004370233113e+00 2.492325439453125000e+02
9.981154885679835331e+00 2.466472778320312500e+02
9.983214766989437550e+00 2.457147827148437500e+02
9.985274648299041544e+00 2.455119323730468750e+02
9.987334529608643763e+00 2.446023864746093750e+02
9.989394410918245981e+00 2.465654754638671875e+02
9.991454292227849976e+00 2.476143646240234375e+02
9.993514173537452194e+00 2.463290557861328125e+02
9.995574054847054413e+00 2.471321563720703125e+02
9.997633936156658407e+00 2.466054382324218750e+02
9.999693817466260626e+00 2.470865478515625000e+02
1.000175369877586284e+01 2.458836975097656250e+02
1.000381358008546684e+01 2.459423065185546875e+02
1.000587346139506728e+01 2.446538391113281250e+02
1.000793334270466950e+01 2.447335815429687500e+02
1.000999322401427349e+01 2.433221893310546875e+02
1.001205310532387571e+01 2.423648681640625000e+02
1.001411298663347793e+01 2.437464599609375000e+02
1.001617286794308193e+01 2.435141296386718750e+02
1.001823274925268414e+01 2.422000579833984375e+02
1.002029263056228636e+01 2.427656707763671875e+02
1.002235251187189036e+01 2.423607940673828125e+02
1.002441239318149258e+01 2.412960357666015625e+02
1.002647227449109479e+01 2.432472076416015625e+02
1.002853215580069879e+01 2.429268798828125000e+02
1.003059203711030101e+01 2.428314819335937500e+02
1.003265191841990323e+01 2.449725646972656250e+02
1.003471179972950544e+01 2.429556121826171875e+02
1.003677168103910766e+01 2.406531524658203125e+02
1.003883156234871166e+01 2.416288299560546875e+02
1.004089144365831388e+01 2.382998657226562500e+02
1.004295132496791609e+01 2.370405273437500000e+02
1.004501120627752009e+01 2.368786163330078125e+02
1.004707108758712231e+01 2.362637023925781250e+02
1.004913096889672453e+01 2.349776458740234375e+02
1.005119085020632852e+01 2.356163482666015625e+02
1.005325073151593074e+01 2.371393432617187500e+02
1.005531061282553296e+01 2.359169616699218750e+02
1.005737049413513695e+01 2.364753112792968750e+02
1.005943037544473739e+01 2.379530181884765625e+02
1.006149025675433961e+01 2.361979675292968750e+02
1.006355013806394361e+01 2.334116821289062500e+02
1.006561001937354582e+01 2.344332427978515625e+02
1.006766990068314804e+01 2.350573577880859375e+02
1.006972978199275204e+01 2.347611541748046875e+02
1.007178966330235426e+01 2.368336486816406250e+02
1.007384954461195647e+01 2.387842254638671875e+02
1.007590942592156047e+01 2.371389465332031250e+02
1.007796930723116269e+01 2.385977630615234375e+02
1.008002918854076491e+01 2.365501403808593750e+02
1.008208906985036890e+01 2.353608245849609375e+02
1.008414895115997112e+01 2.344194946289062500e+02
1.008620883246957156e+01 2.345587158203125000e+02
1.008826871377917556e+01 2.302638549804687500e+02
1.009032859508877777e+01 2.298046875000000000e+02
1.009238847639837999e+01 2.295810699462890625e+02
1.009444835770798399e+01 2.258153228759765625e+02
1.009650823901758621e+01 2.268296203613281250e+02
1.009856812032718842e+01 2.285385131835937500e+02
1.010062800163679242e+01 2.300079803466796875e+02
1.010268788294639464e+01 2.293115997314453125e+02
1.010474776425599686e+01 2.304337005615234375e+02
1.010680764556560085e+01 2.291706542968750000e+02
1.010886752687520307e+01 2.258376617431640625e+02
1.011092740818480529e+01 2.255548248291015625e+02
1.011298728949440751e+01 2.268109741210937500e+02
1.011504717080400972e+01 2.280213317871093750e+02
1.011710705211361372e+01 2.268962554931640625e+02
1.011916693342321594e+01 2.254043121337890625e+02
1.012122681473281816e+01 2.249554901123046875e+02
1.012328669604242215e+01 2.219008331298828125e+02
1.012534657735202437e+01 2.196441040039062500e+02
1.012740645866162659e+01 2.212527008056640625e+02
1.012946633997123058e+01 2.213045806884765625e+02
1.013152622128083280e+01 2.197280120849609375e+02
1.013358610259043502e+01 2.157148895263671875e+02
1.013564598390003901e+01 2.155870971679687500e+02
1.013770586520964123e+01 2.131111297607421875e+02
1.013976574651924167e+01 2.136122436523437500e+02
1.014182562782884567e+01 2.135934143066406250e+02
1.014388550913844789e+01 2.145841522216796875e+02
1.014594539044805011e+01 2.131084899902343750e+02
1.014800527175765410e+01 2.110820312500000000e+02
1.015006515306725632e+01 2.101753692626953125e+02
1.015212503437685854e+01 2.044164886474609375e+02
1.015418491568646253e+01 2.048675537109375000e+02
1.015624479699606475e+01 2.042386169433593750e+02
1.015830467830566697e+01 1.984323883056640625e+02
1.016036455961527096e+01 1.989059600830078125e+02
1.016242444092487318e+01 1.990791473388671875e+02
1.016448432223447540e+01 1.994393768310546875e+02
1.016654420354407762e+01 1.976553039550781250e+02
1.016860408485367984e+01 1.954049835205078125e+02
1.017066396616328205e+01 1.938823852539062500e+02
1.017272384747288605e+01 1.930496368408203125e+02
1.017478372878248827e+01 1.926192779541015625e+02
1.017684361009209049e+01 1.872384490966796875e+02
1.017890349140169448e+01 1.878255310058593750e+02
1.018096337271129670e+01 1.807148132324218750e+02
1.018302325402089892e+01 1.731750488281250000e+02
1.018508313533050291e+01 1.704245300292968750e+02
1.018714301664010513e+01 1.664679260253906250e+02
1.018920289794970735e+01 1.650228881835937500e+02
1.019126277925931134e+01 1.618155517578125000e+02
1.019332266056891179e+01 1.601824340820312500e+02
1.019538254187851578e+01 1.595950927734375000e+02
1.019744242318811800e+01 1.567940063476562500e+02
1.019950230449772022e+01 1.577500305175781250e+02
1.020156218580732421e+01 1.549703216552734375e+02
1.020362206711692643e+01 1.510206298828125000e+02
1.020568194842652865e+01 1.464730682373046875e+02
1.020774182973613264e+01 1.394847717285156250e+02
1.020980171104573486e+01 1.367231140136718750e+02
1.021186159235533708e+01 1.315329284667968750e+02
1.021392147366494108e+01 1.297304534912109375e+02
1.021598135497454329e+01 1.257167968750000000e+02
1.021804123628414551e+01 1.199907608032226562e+02
1.022010111759374773e+01 1.221239166259765625e+02
1.022216099890334995e+01 1.227757034301757812e+02
1.022422088021295217e+01 1.232382507324218750e+02
1.022628076152255616e+01 1.238175201416015625e+02
1.022834064283215838e+01 1.257397003173828125e+02
1.023040052414176060e+01 1.221990356445312500e+02
1.023246040545136459e+01 1.109290008544921875e+02
1.023452028676096681e+01 1.100332870483398438e+02
1.023658016807056903e+01 9.834705352783203125e+01
1.023864004938017302e+01 9.517903137207031250e+01
1.024069993068977524e+01 9.258600616455078125e+01
1.024275981199937746e+01 9.203833770751953125e+01
1.024481969330898146e+01 9.121087646484375000e+01
1.024687957461858190e+01 8.863108825683593750e+01
1.024893945592818412e+01 8.749846649169921875e+01
1.025099933723778811e+01 7.913478851318359375e+01
1.025305921854739033e+01 7.182145690917968750e+01
1.025511909985699255e+01 6.962147521972656250e+01
1.025717898116659654e+01 6.384620666503906250e+01
1.025923886247619876e+01 5.899294281005859375e+01
1.026129874378580098e+01 5.238500976562500000e+01
1.026335862509540497e+01 5.386827468872070312e+01
1.026541850640500719e+01 5.106035232543945312e+01
1.026747838771460941e+01 4.463240051269531250e+01
1.026953826902421341e+01 5.414985275268554688e+01
1.027159815033381562e+01 6.134692001342773438e+01
1.027365803164341784e+01 6.395869827270507812e+01
1.027571791295302006e+01 6.733583068847656250e+01
1.027777779426262228e+01 6.774665832519531250e+01
1.027983767557222627e+01 5.962451171875000000e+01
1.028189755688182849e+01 3.560533905029296875e+01
1.028395743819143071e+01 3.425844192504882812e+01
1.028601731950103471e+01 2.523652458190917969e+01
1.028807720081063692e+01 2.519213676452636719e+01
1.029013708212023914e+01 2.457167816162109375e+01
1.029219696342984314e+01 1.970448112487792969e+01
1.029425684473944536e+01 1.496595954895019531e+01
1.029631672604904757e+01 0.000000000000000000e+00
1.029837660735865157e+01 0.000000000000000000e+00
