# # sector 23: chi = 54.98 deg (range [50, 60))
# # columns: 2theta(deg)  intensity
1.717376191265591965e-03 -2.584452390670776367e+00
5.152128573796775461e-03 8.254335784912109375e+01
8.586880956327959391e-03 9.194039916992187500e+01
1.202163333885914419e-02 6.127333068847656250e+01
1.545638572139032552e-02 6.338327407836914062e+01
1.889113810392151205e-02 6.040840911865234375e+01
2.232589048645269511e-02 4.042908859252929688e+01
2.576064286898388164e-02 -9.424937248229980469e+00
2.919539525151506124e-02 -2.188709020614624023e+00
3.263014763404624430e-02 2.794074249267578125e+01
3.606490001657743083e-02 6.412672424316406250e+01
3.949965239910861736e-02 6.506584167480468750e+01
4.293440478163979696e-02 5.257341766357421875e+01
4.636915716417097655e-02 3.752008438110351562e+01
4.980390954670216308e-02 3.129873657226562500e+01
5.323866192923334961e-02 4.564111709594726562e+01
5.667341431176453614e-02 7.513239288330078125e+01
6.010816669429572268e-02 1.072819900512695312e+02
6.354291907682689533e-02 1.115627441406250000e+02
6.697767145935809574e-02 8.419149780273437500e+01
7.041242384188926839e-02 6.722727203369140625e+01
7.384717622442045493e-02 2.981959533691406250e+01
7.728192860695165534e-02 3.498863983154296875e+01
8.071668098948282799e-02 3.390872192382812500e+01
8.415143337201401452e-02 7.418571472167968750e+01
8.758618575454518718e-02 8.878388214111328125e+01
9.102093813707637371e-02 1.079039993286132812e+02
9.445569051960756024e-02 1.030045166015625000e+02
9.789044290213874677e-02 7.919180297851562500e+01
1.013251952846699333e-01 4.403920364379882812e+01
1.047599476672011198e-01 1.455251884460449219e+01
1.081947000497323064e-01 2.355786323547363281e+01
1.116294524322634790e-01 5.229578018188476562e+01
1.150642048147946794e-01 5.276325607299804688e+01
1.184989571973258382e-01 2.685372352600097656e+01
1.219337095798570386e-01 1.669119262695312500e+01
1.253684619623882113e-01 4.805479049682617188e+01
1.288032143449193978e-01 5.067307662963867188e+01
1.322379667274505843e-01 4.073663330078125000e+01
1.356727191099817709e-01 4.066180419921875000e+01
1.391074714925129574e-01 5.011352920532226562e+01
1.425422238750441439e-01 5.578754043579101562e+01
1.459769762575753027e-01 4.705405807495117188e+01
1.494117286401065170e-01 4.433238601684570312e+01
1.528464810226377035e-01 5.516106414794921875e+01
1.562812334051688623e-01 6.273936080932617188e+01
1.597159857877000488e-01 6.920668792724609375e+01
1.631507381702312354e-01 6.479686737060546875e+01
1.665854905527624219e-01 4.029407501220703125e+01
1.700202429352936084e-01 1.921315765380859375e+01
1.734549953178247950e-01 2.019837760925292969e+01
1.768897477003559815e-01 5.015306854248046875e+01
1.803245000828871403e-01 6.599265289306640625e+01
1.837592524654183268e-01 6.601355743408203125e+01
1.871940048479495411e-01 8.929602050781250000e+01
1.906287572304806999e-01 1.337804565429687500e+02
1.940635096130118864e-01 1.930229492187500000e+02
1.974982619955431007e-01 2.635956115722656250e+02
2.009330143780742595e-01 3.559733276367187500e+02
2.043677667606054460e-01 4.536724853515625000e+02
2.078025191431366325e-01 5.013066406250000000e+02
2.112372715256678191e-01 5.489894409179687500e+02
2.146720239081990056e-01 5.570843505859375000e+02
2.181067762907301644e-01 5.763967895507812500e+02
2.215415286732613787e-01 6.017056274414062500e+02
2.249762810557925652e-01 6.197556152343750000e+02
2.284110334383237517e-01 6.153851318359375000e+02
2.318457858208548827e-01 6.085988159179687500e+02
2.352805382033860970e-01 6.048710327148437500e+02
2.387152905859172836e-01 6.269023437500000000e+02
2.421500429684484701e-01 6.228789062500000000e+02
2.455847953509796566e-01 6.393798217773437500e+02
2.490195477335108154e-01 6.447239990234375000e+02
2.524543001160420297e-01 6.679627685546875000e+02
2.558890524985731885e-01 6.702904663085937500e+02
2.593238048811044028e-01 6.627290649414062500e+02
2.627585572636355615e-01 6.435156860351562500e+02
2.661933096461667758e-01 6.633042602539062500e+02
2.696280620286979346e-01 6.743172607421875000e+02
2.730628144112290934e-01 7.058013916015625000e+02
2.764975667937603077e-01 6.987182617187500000e+02
2.799323191762915219e-01 7.238158569335937500e+02
2.833670715588226807e-01 7.262840576171875000e+02
2.868018239413538395e-01 7.330946655273437500e+02
2.902365763238850538e-01 7.235857543945312500e+02
2.936713287064162126e-01 7.172370605468750000e+02
2.971060810889474268e-01 7.139844970703125000e+02
3.005408334714785856e-01 7.181398315429687500e+02
3.039755858540097999e-01 7.172260131835937500e+02
3.074103382365409587e-01 7.356904296875000000e+02
3.108450906190721175e-01 7.590202026367187500e+02
3.142798430016033318e-01 7.991569824218750000e+02
3.177145953841345460e-01 8.125780029296875000e+02
3.211493477666657048e-01 8.371259765625000000e+02
3.245841001491968636e-01 8.667474365234375000e+02
3.280188525317280779e-01 8.917055664062500000e+02
3.314536049142592367e-01 8.948616333007812500e+02
3.348883572967904509e-01 8.987431030273437500e+02
3.383231096793216652e-01 9.199738159179687500e+02
3.417578620618527685e-01 9.426392211914062500e+02
3.451926144443839828e-01 9.471663818359375000e+02
3.486273668269151416e-01 9.531248168945312500e+02
3.520621192094463558e-01 9.681126098632812500e+02
3.554968715919775701e-01 9.978413085937500000e+02
3.589316239745086734e-01 1.037900756835937500e+03
3.623663763570398877e-01 1.071036254882812500e+03
3.658011287395711020e-01 1.092524658203125000e+03
3.692358811221022608e-01 1.094839965820312500e+03
3.726706335046334750e-01 1.096235595703125000e+03
3.761053858871646893e-01 1.101277465820312500e+03
3.795401382696957926e-01 1.102267944335937500e+03
3.829748906522270069e-01 1.131499145507812500e+03
3.864096430347582212e-01 1.166418823242187500e+03
3.898443954172893799e-01 1.230907470703125000e+03
3.932791477998205942e-01 1.273515869140625000e+03
3.967139001823516975e-01 1.287903686523437500e+03
4.001486525648829118e-01 1.276526000976562500e+03
4.035834049474141261e-01 1.277657226562500000e+03
4.070181573299452849e-01 1.285576293945312500e+03
4.104529097124764991e-01 1.314873413085937500e+03
4.138876620950077134e-01 1.309698852539062500e+03
4.173224144775388167e-01 1.319176269531250000e+03
4.207571668600700310e-01 1.305035034179687500e+03
4.241919192426012453e-01 1.306592285156250000e+03
4.276266716251324040e-01 1.296661865234375000e+03
4.310614240076636183e-01 1.305718505859375000e+03
4.344961763901947771e-01 1.310966796875000000e+03
4.379309287727259359e-01 1.333218750000000000e+03
4.413656811552571502e-01 1.337159423828125000e+03
4.448004335377883089e-01 1.347279052734375000e+03
4.482351859203194677e-01 1.350072753906250000e+03
4.516699383028506820e-01 1.374425903320312500e+03
4.551046906853818408e-01 1.381958862304687500e+03
4.585394430679130551e-01 1.371762084960937500e+03
4.619741954504441583e-01 1.361110229492187500e+03
4.654089478329753171e-01 1.345233276367187500e+03
4.688437002155065314e-01 1.365240234375000000e+03
4.722784525980377457e-01 1.375110229492187500e+03
4.757132049805689045e-01 1.398690551757812500e+03
4.791479573631001188e-01 1.392046386718750000e+03
4.825827097456313330e-01 1.400254638671875000e+03
4.860174621281624918e-01 1.385289306640625000e+03
4.894522145106937061e-01 1.375035156250000000e+03
4.928869668932248649e-01 1.360875610351562500e+03
4.963217192757559681e-01 1.380579956054687500e+03
4.997564716582871824e-01 1.382249511718750000e+03
5.031912240408183967e-01 1.358756835937500000e+03
5.066259764233496110e-01 1.334544921875000000e+03
5.100607288058807143e-01 1.351272705078125000e+03
5.134954811884119286e-01 1.374984863281250000e+03
5.169302335709431429e-01 1.385181518554687500e+03
5.203649859534743571e-01 1.363249389648437500e+03
5.237997383360055714e-01 1.341958374023437500e+03
5.272344907185366747e-01 1.320478027343750000e+03
5.306692431010678890e-01 1.310068359375000000e+03
5.341039954835989922e-01 1.314812744140625000e+03
5.375387478661302065e-01 1.325040893554687500e+03
5.409735002486614208e-01 1.328991943359375000e+03
5.444082526311926351e-01 1.318185791015625000e+03
5.478430050137237384e-01 1.303533935546875000e+03
5.512777573962549527e-01 1.284341430664062500e+03
5.547125097787861669e-01 1.269624023437500000e+03
5.581472621613173812e-01 1.247153076171875000e+03
5.615820145438485955e-01 1.242780517578125000e+03
5.650167669263796988e-01 1.240002807617187500e+03
5.684515193089109131e-01 1.246256347656250000e+03
5.718862716914420163e-01 1.239787231445312500e+03
5.753210240739732306e-01 1.242973632812500000e+03
5.787557764565044449e-01 1.238945190429687500e+03
5.821905288390356592e-01 1.250635498046875000e+03
5.856252812215667625e-01 1.244586425781250000e+03
5.890600336040979768e-01 1.231274291992187500e+03
5.924947859866291910e-01 1.202073852539062500e+03
5.959295383691604053e-01 1.195150512695312500e+03
5.993642907516916196e-01 1.194483276367187500e+03
6.027990431342227229e-01 1.198578125000000000e+03
6.062337955167539372e-01 1.198477905273437500e+03
6.096685478992850404e-01 1.215437988281250000e+03
6.131033002818162547e-01 1.226995727539062500e+03
6.165380526643474690e-01 1.230709350585937500e+03
6.199728050468786833e-01 1.223335937500000000e+03
6.234075574294097866e-01 1.208437133789062500e+03
6.268423098119410009e-01 1.198920898437500000e+03
6.302770621944722151e-01 1.190631103515625000e+03
6.337118145770034294e-01 1.194488769531250000e+03
6.371465669595346437e-01 1.188206787109375000e+03
6.405813193420657470e-01 1.176883300781250000e+03
6.440160717245968502e-01 1.174328613281250000e+03
6.474508241071280645e-01 1.186565429687500000e+03
6.508855764896592788e-01 1.197750122070312500e+03
6.543203288721904931e-01 1.190709960937500000e+03
6.577550812547217074e-01 1.182781738281250000e+03
6.611898336372528107e-01 1.188885009765625000e+03
6.646245860197840249e-01 1.200138427734375000e+03
6.680593384023152392e-01 1.195666137695312500e+03
6.714940907848464535e-01 1.191374267578125000e+03
6.749288431673776678e-01 1.185923095703125000e+03
6.783635955499087711e-01 1.184278686523437500e+03
6.817983479324398743e-01 1.163681152343750000e+03
6.852331003149710886e-01 1.153698974609375000e+03
6.886678526975023029e-01 1.148057739257812500e+03
6.921026050800335172e-01 1.164326782226562500e+03
6.955373574625647315e-01 1.173708618164062500e+03
6.989721098450958348e-01 1.169056030273437500e+03
7.024068622276270490e-01 1.162860107421875000e+03
7.058416146101582633e-01 1.156357421875000000e+03
7.092763669926894776e-01 1.163266113281250000e+03
7.127111193752206919e-01 1.157353637695312500e+03
7.161458717577517952e-01 1.156426147460937500e+03
7.195806241402828984e-01 1.156011962890625000e+03
7.230153765228141127e-01 1.164426879882812500e+03
7.264501289053453270e-01 1.166527465820312500e+03
7.298848812878765413e-01 1.159675537109375000e+03
7.333196336704077556e-01 1.143712768554687500e+03
7.367543860529388589e-01 1.144437133789062500e+03
7.401891384354700731e-01 1.154345458984375000e+03
7.436238908180012874e-01 1.177775756835937500e+03
7.470586432005325017e-01 1.187158325195312500e+03
7.504933955830637160e-01 1.192035888671875000e+03
7.539281479655948193e-01 1.182041015625000000e+03
7.573629003481259225e-01 1.168654541015625000e+03
7.607976527306571368e-01 1.163529174804687500e+03
7.642324051131883511e-01 1.169800170898437500e+03
7.676671574957195654e-01 1.181046875000000000e+03
7.711019098782507797e-01 1.184353393554687500e+03
7.745366622607818829e-01 1.191476806640625000e+03
7.779714146433130972e-01 1.185196533203125000e+03
7.814061670258443115e-01 1.167093139648437500e+03
7.848409194083755258e-01 1.151495361328125000e+03
7.882756717909067401e-01 1.156383544921875000e+03
7.917104241734378434e-01 1.173480712890625000e+03
7.951451765559689466e-01 1.178910888671875000e+03
7.985799289385001609e-01 1.177486450195312500e+03
8.020146813210313752e-01 1.179923217773437500e+03
8.054494337035625895e-01 1.182143676757812500e+03
8.088841860860938038e-01 1.166494018554687500e+03
8.123189384686249070e-01 1.147967285156250000e+03
8.157536908511561213e-01 1.144061157226562500e+03
8.191884432336873356e-01 1.158783691406250000e+03
8.226231956162185499e-01 1.182713989257812500e+03
8.260579479987497642e-01 1.198060913085937500e+03
8.294927003812808675e-01 1.208957885742187500e+03
8.329274527638119707e-01 1.198432006835937500e+03
8.363622051463431850e-01 1.195210815429687500e+03
8.397969575288743993e-01 1.193438964843750000e+03
8.432317099114056136e-01 1.223400512695312500e+03
8.466664622939368279e-01 1.238994506835937500e+03
8.501012146764680422e-01 1.240069091796875000e+03
8.535359670589991454e-01 1.227081909179687500e+03
8.569707194415303597e-01 1.221999511718750000e+03
8.604054718240615740e-01 1.224088500976562500e+03
8.638402242065926773e-01 1.225411132812500000e+03
8.672749765891238916e-01 1.219713745117187500e+03
8.707097289716549948e-01 1.222229980468750000e+03
8.741444813541862091e-01 1.216203247070312500e+03
8.775792337367174234e-01 1.223310791015625000e+03
8.810139861192486377e-01 1.220104614257812500e+03
8.844487385017798520e-01 1.221437011718750000e+03
8.878834908843110663e-01 1.208398803710937500e+03
8.913182432668421695e-01 1.203807983398437500e+03
8.947529956493733838e-01 1.203446655273437500e+03
8.981877480319045981e-01 1.211576171875000000e+03
9.016225004144359234e-01 1.219215087890625000e+03
9.050572527969670267e-01 1.226884155273437500e+03
9.084920051794982410e-01 1.236212524414062500e+03
9.119267575620293442e-01 1.242678466796875000e+03
9.153615099445606695e-01 1.244266601562500000e+03
9.187962623270917728e-01 1.249701538085937500e+03
9.222310147096228761e-01 1.253769042968750000e+03
9.256657670921540904e-01 1.253131958007812500e+03
9.291005194746851936e-01 1.256068847656250000e+03
9.325352718572165189e-01 1.256224853515625000e+03
9.359700242397476222e-01 1.263248535156250000e+03
9.394047766222789475e-01 1.258254638671875000e+03
9.428395290048100508e-01 1.256319091796875000e+03
9.462742813873412651e-01 1.248869628906250000e+03
9.497090337698723683e-01 1.232765991210937500e+03
9.531437861524036936e-01 1.215648803710937500e+03
9.565785385349347969e-01 1.220998413085937500e+03
9.600132909174659002e-01 1.236748779296875000e+03
9.634480432999971145e-01 1.250379394531250000e+03
9.668827956825282177e-01 1.256134643554687500e+03
9.703175480650595430e-01 1.249799926757812500e+03
9.737523004475906463e-01 1.260755126953125000e+03
9.771870528301219716e-01 1.250514160156250000e+03
9.806218052126530749e-01 1.262966918945312500e+03
9.840565575951842892e-01 1.252274780273437500e+03
9.874913099777153924e-01 1.248465576171875000e+03
9.909260623602464957e-01 1.243462158203125000e+03
9.943608147427778210e-01 1.245642822265625000e+03
9.977955671253089243e-01 1.253102783203125000e+03
1.001230319507840250e+00 1.261222167968750000e+03
1.004665071890371353e+00 1.266919067382812500e+03
1.008099824272902678e+00 1.275367919921875000e+03
1.011534576655433781e+00 1.272223144531250000e+03
1.014969329037964885e+00 1.267738647460937500e+03
1.018404081420495988e+00 1.252981933593750000e+03
1.021838833803027313e+00 1.255515502929687500e+03
1.025273586185558417e+00 1.258200073242187500e+03
1.028708338568089520e+00 1.266604125976562500e+03
1.032143090950620845e+00 1.258759155273437500e+03
1.035577843333151948e+00 1.246737060546875000e+03
1.039012595715683274e+00 1.246648925781250000e+03
1.042447348098214377e+00 1.256311035156250000e+03
1.045882100480745702e+00 1.268348999023437500e+03
1.049316852863276806e+00 1.260851074218750000e+03
1.052751605245807909e+00 1.241980590820312500e+03
1.056186357628339012e+00 1.240114868164062500e+03
1.059621110010870337e+00 1.253446166992187500e+03
1.063055862393401441e+00 1.269287475585937500e+03
1.066490614775932544e+00 1.275511474609375000e+03
1.069925367158463869e+00 1.268955810546875000e+03
1.073360119540994972e+00 1.270114013671875000e+03
1.076794871923526298e+00 1.268380493164062500e+03
1.080229624306057401e+00 1.265676635742187500e+03
1.083664376688588726e+00 1.259828369140625000e+03
1.087099129071119830e+00 1.261227294921875000e+03
1.090533881453650933e+00 1.263644409179687500e+03
1.093968633836182036e+00 1.259177978515625000e+03
1.097403386218713361e+00 1.251857421875000000e+03
1.100838138601244465e+00 1.260993286132812500e+03
1.104272890983775568e+00 1.268384155273437500e+03
1.107707643366306893e+00 1.266184326171875000e+03
1.111142395748837997e+00 1.265410888671875000e+03
1.114577148131369322e+00 1.276365478515625000e+03
1.118011900513900425e+00 1.295665893554687500e+03
1.121446652896431750e+00 1.306980712890625000e+03
1.124881405278962854e+00 1.312166870117187500e+03
1.128316157661493957e+00 1.317429687500000000e+03
1.131750910044025060e+00 1.313078125000000000e+03
1.135185662426556386e+00 1.301998779296875000e+03
1.138620414809087489e+00 1.293768188476562500e+03
1.142055167191618592e+00 1.289984741210937500e+03
1.145489919574149917e+00 1.306427124023437500e+03
1.148924671956681021e+00 1.312769653320312500e+03
1.152359424339212346e+00 1.317799438476562500e+03
1.155794176721743449e+00 1.306632080078125000e+03
1.159228929104274775e+00 1.310446655273437500e+03
1.162663681486805878e+00 1.317914428710937500e+03
1.166098433869336981e+00 1.320881835937500000e+03
1.169533186251868084e+00 1.324884643554687500e+03
1.172967938634399410e+00 1.324536743164062500e+03
1.176402691016930513e+00 1.342001831054687500e+03
1.179837443399461616e+00 1.351315063476562500e+03
1.183272195781992941e+00 1.362666870117187500e+03
1.186706948164524045e+00 1.364513793945312500e+03
1.190141700547055370e+00 1.365468750000000000e+03
1.193576452929586473e+00 1.365725708007812500e+03
1.197011205312117799e+00 1.360475830078125000e+03
1.200445957694648902e+00 1.351548095703125000e+03
1.203880710077180005e+00 1.343283935546875000e+03
1.207315462459711108e+00 1.340611938476562500e+03
1.210750214842242434e+00 1.347812744140625000e+03
1.214184967224773537e+00 1.343903686523437500e+03
1.217619719607304640e+00 1.346327880859375000e+03
1.221054471989835966e+00 1.352598510742187500e+03
1.224489224372367069e+00 1.371841918945312500e+03
1.227923976754898394e+00 1.375911499023437500e+03
1.231358729137429497e+00 1.366212890625000000e+03
1.234793481519960823e+00 1.355115600585937500e+03
1.238228233902491926e+00 1.347488403320312500e+03
1.241662986285023029e+00 1.349270996093750000e+03
1.245097738667554133e+00 1.358154296875000000e+03
1.248532491050085236e+00 1.370956298828125000e+03
1.251967243432616561e+00 1.374046142578125000e+03
1.255401995815147664e+00 1.378580200195312500e+03
1.258836748197678990e+00 1.384378295898437500e+03
1.262271500580210093e+00 1.398415527343750000e+03
1.265706252962741418e+00 1.392172363281250000e+03
1.269141005345272522e+00 1.383576293945312500e+03
1.272575757727803847e+00 1.381470214843750000e+03
1.276010510110334950e+00 1.396682861328125000e+03
1.279445262492866053e+00 1.414638793945312500e+03
1.282880014875397157e+00 1.422111816406250000e+03
1.286314767257928260e+00 1.420807861328125000e+03
1.289749519640459585e+00 1.419283569335937500e+03
1.293184272022990688e+00 1.419090942382812500e+03
1.296619024405522014e+00 1.420010620117187500e+03
1.300053776788053117e+00 1.414621704101562500e+03
1.303488529170584442e+00 1.414790161132812500e+03
1.306923281553115546e+00 1.416558349609375000e+03
1.310358033935646871e+00 1.412645141601562500e+03
1.313792786318177974e+00 1.409067993164062500e+03
1.317227538700709077e+00 1.403887084960937500e+03
1.320662291083240181e+00 1.407575439453125000e+03
1.324097043465771284e+00 1.407319580078125000e+03
1.327531795848302609e+00 1.418150512695312500e+03
1.330966548230833713e+00 1.438571289062500000e+03
1.334401300613365038e+00 1.468455200195312500e+03
1.337836052995896141e+00 1.505778686523437500e+03
1.341270805378427466e+00 1.543205444335937500e+03
1.344705557760958570e+00 1.585377319335937500e+03
1.348140310143489895e+00 1.610160034179687500e+03
1.351575062526020998e+00 1.603235351562500000e+03
1.355009814908552102e+00 1.569459228515625000e+03
1.358444567291083205e+00 1.531032470703125000e+03
1.361879319673614308e+00 1.508700683593750000e+03
1.365314072056145633e+00 1.492389282226562500e+03
1.368748824438676737e+00 1.482974121093750000e+03
1.372183576821208062e+00 1.464000366210937500e+03
1.375618329203739165e+00 1.446365722656250000e+03
1.379053081586270491e+00 1.441883544921875000e+03
1.382487833968801594e+00 1.442437133789062500e+03
1.385922586351332919e+00 1.453007568359375000e+03
1.389357338733864022e+00 1.452622436523437500e+03
1.392792091116395126e+00 1.451115356445312500e+03
1.396226843498926229e+00 1.437319091796875000e+03
1.399661595881457332e+00 1.441732910156250000e+03
1.403096348263988657e+00 1.449698974609375000e+03
1.406531100646519761e+00 1.464342041015625000e+03
1.409965853029051086e+00 1.463955688476562500e+03
1.413400605411582189e+00 1.462457397460937500e+03
1.416835357794113515e+00 1.451048095703125000e+03
1.420270110176644618e+00 1.439703491210937500e+03
1.423704862559175943e+00 1.442645141601562500e+03
1.427139614941707046e+00 1.451080200195312500e+03
1.430574367324238150e+00 1.453067260742187500e+03
1.434009119706769253e+00 1.456781005859375000e+03
1.437443872089300356e+00 1.471240234375000000e+03
1.440878624471831682e+00 1.487527221679687500e+03
1.444313376854362785e+00 1.493573364257812500e+03
1.447748129236894110e+00 1.488021362304687500e+03
1.451182881619425213e+00 1.482667358398437500e+03
1.454617634001956539e+00 1.480698242187500000e+03
1.458052386384487642e+00 1.485391113281250000e+03
1.461487138767018967e+00 1.485223999023437500e+03
1.464921891149550071e+00 1.481286132812500000e+03
1.468356643532081174e+00 1.474541992187500000e+03
1.471791395914612277e+00 1.476075683593750000e+03
1.475226148297143380e+00 1.479050048828125000e+03
1.478660900679674706e+00 1.482295043945312500e+03
1.482095653062205809e+00 1.481940795898437500e+03
1.485530405444737134e+00 1.480388916015625000e+03
1.488965157827268238e+00 1.488954711914062500e+03
1.492399910209799563e+00 1.494029785156250000e+03
1.495834662592330666e+00 1.502567382812500000e+03
1.499269414974861991e+00 1.510270874023437500e+03
1.502704167357393095e+00 1.517418823242187500e+03
1.506138919739924198e+00 1.514912597656250000e+03
1.509573672122455301e+00 1.500798950195312500e+03
1.513008424504986404e+00 1.495848022460937500e+03
1.516443176887517730e+00 1.495339355468750000e+03
1.519877929270048833e+00 1.499841674804687500e+03
1.523312681652580158e+00 1.508277221679687500e+03
1.526747434035111262e+00 1.516212158203125000e+03
1.530182186417642587e+00 1.515972412109375000e+03
1.533616938800173690e+00 1.510752197265625000e+03
1.537051691182705015e+00 1.506768920898437500e+03
1.540486443565236119e+00 1.502070800781250000e+03
1.543921195947767222e+00 1.504139404296875000e+03
1.547355948330298325e+00 1.502966918945312500e+03
1.550790700712829429e+00 1.508671752929687500e+03
1.554225453095360754e+00 1.511764404296875000e+03
1.557660205477891857e+00 1.513673583984375000e+03
1.561094957860423182e+00 1.513302856445312500e+03
1.564529710242954286e+00 1.512236694335937500e+03
1.567964462625485611e+00 1.520341186523437500e+03
1.571399215008016714e+00 1.528387451171875000e+03
1.574833967390548040e+00 1.530071166992187500e+03
1.578268719773079143e+00 1.533966796875000000e+03
1.581703472155610246e+00 1.548322509765625000e+03
1.585138224538141349e+00 1.550699340820312500e+03
1.588572976920672453e+00 1.551501098632812500e+03
1.592007729303203778e+00 1.541883666992187500e+03
1.595442481685734881e+00 1.545557739257812500e+03
1.598877234068266207e+00 1.540492309570312500e+03
1.602311986450797310e+00 1.539363525390625000e+03
1.605746738833328635e+00 1.538611450195312500e+03
1.609181491215859738e+00 1.548109985351562500e+03
1.612616243598391064e+00 1.557266113281250000e+03
1.616050995980922167e+00 1.581660156250000000e+03
1.619485748363453270e+00 1.618801147460937500e+03
1.622920500745984373e+00 1.694038452148437500e+03
1.626355253128515477e+00 1.772066772460937500e+03
1.629790005511046802e+00 1.820262573242187500e+03
1.633224757893577905e+00 1.833363037109375000e+03
1.636659510276109231e+00 1.785565795898437500e+03
1.640094262658640334e+00 1.718460327148437500e+03
1.643529015041171659e+00 1.636795776367187500e+03
1.646963767423702762e+00 1.596348266601562500e+03
1.650398519806234088e+00 1.581412231445312500e+03
1.653833272188765191e+00 1.578460693359375000e+03
1.657268024571296294e+00 1.565648803710937500e+03
1.660702776953827398e+00 1.550522827148437500e+03
1.664137529336358501e+00 1.542797485351562500e+03
1.667572281718889826e+00 1.550705078125000000e+03
1.671007034101420929e+00 1.552217773437500000e+03
1.674441786483952255e+00 1.556847778320312500e+03
1.677876538866483358e+00 1.555291870117187500e+03
1.681311291249014683e+00 1.552048828125000000e+03
1.684746043631545787e+00 1.533470214843750000e+03
1.688180796014076890e+00 1.526205444335937500e+03
1.691615548396608215e+00 1.529233398437500000e+03
1.695050300779139318e+00 1.536693603515625000e+03
1.698485053161670422e+00 1.538983276367187500e+03
1.701919805544201525e+00 1.539955322265625000e+03
1.705354557926732850e+00 1.537132080078125000e+03
1.708789310309263954e+00 1.538640625000000000e+03
1.712224062691795279e+00 1.534656250000000000e+03
1.715658815074326382e+00 1.523192260742187500e+03
1.719093567456857707e+00 1.511217529296875000e+03
1.722528319839388811e+00 1.508859497070312500e+03
1.725963072221919914e+00 1.522778320312500000e+03
1.729397824604451239e+00 1.528856567382812500e+03
1.732832576986982343e+00 1.527866577148437500e+03
1.736267329369513446e+00 1.527348876953125000e+03
1.739702081752044549e+00 1.523972534179687500e+03
1.743136834134575874e+00 1.514606323242187500e+03
1.746571586517106978e+00 1.496310302734375000e+03
1.750006338899638303e+00 1.477715209960937500e+03
1.753441091282169406e+00 1.474446044921875000e+03
1.756875843664700731e+00 1.471737670898437500e+03
1.760310596047231835e+00 1.480471679687500000e+03
1.763745348429762938e+00 1.490098510742187500e+03
1.767180100812294263e+00 1.508063720703125000e+03
1.770614853194825367e+00 1.521790649414062500e+03
1.774049605577356470e+00 1.536916381835937500e+03
1.777484357959887573e+00 1.544769897460937500e+03
1.780919110342418898e+00 1.551299316406250000e+03
1.784353862724950002e+00 1.534467407226562500e+03
1.787788615107481327e+00 1.512861572265625000e+03
1.791223367490012208e+00 1.485229980468750000e+03
1.794658119872543534e+00 1.468126464843750000e+03
1.798092872255074859e+00 1.455727416992187500e+03
1.801527624637606184e+00 1.439597656250000000e+03
1.804962377020137065e+00 1.427229003906250000e+03
1.808397129402668391e+00 1.418594482421875000e+03
1.811831881785199494e+00 1.419775390625000000e+03
1.815266634167730819e+00 1.424169921875000000e+03
1.818701386550261700e+00 1.423770751953125000e+03
1.822136138932793026e+00 1.427554077148437500e+03
1.825570891315324351e+00 1.422533813476562500e+03
1.829005643697855676e+00 1.422166015625000000e+03
1.832440396080386558e+00 1.421526367187500000e+03
1.835875148462917883e+00 1.416083374023437500e+03
1.839309900845449208e+00 1.405678955078125000e+03
1.842744653227980089e+00 1.387316162109375000e+03
1.846179405610511415e+00 1.383005859375000000e+03
1.849614157993042740e+00 1.387361816406250000e+03
1.853048910375573843e+00 1.387398071289062500e+03
1.856483662758104725e+00 1.373553588867187500e+03
1.859918415140636050e+00 1.360080810546875000e+03
1.863353167523167375e+00 1.353695190429687500e+03
1.866787919905698701e+00 1.349354492187500000e+03
1.870222672288229582e+00 1.344526367187500000e+03
1.873657424670760907e+00 1.343475097656250000e+03
1.877092177053292232e+00 1.343552734375000000e+03
1.880526929435823114e+00 1.349636230468750000e+03
1.883961681818354439e+00 1.350335937500000000e+03
1.887396434200885764e+00 1.351580200195312500e+03
1.890831186583416867e+00 1.335461303710937500e+03
1.894265938965947749e+00 1.314331665039062500e+03
1.897700691348479074e+00 1.293635986328125000e+03
1.901135443731010399e+00 1.287785766601562500e+03
1.904570196113541725e+00 1.279314331054687500e+03
1.908004948496072606e+00 1.272137451171875000e+03
1.911439700878603931e+00 1.256071044921875000e+03
1.914874453261135256e+00 1.251718505859375000e+03
1.918309205643666138e+00 1.247105102539062500e+03
1.921743958026197463e+00 1.241278808593750000e+03
1.925178710408728788e+00 1.239107666015625000e+03
1.928613462791259892e+00 1.234710693359375000e+03
1.932048215173790773e+00 1.233966796875000000e+03
1.935482967556322098e+00 1.235308349609375000e+03
1.938917719938853423e+00 1.234361328125000000e+03
1.942352472321384749e+00 1.239597167968750000e+03
1.945787224703915630e+00 1.236296875000000000e+03
1.949221977086446955e+00 1.240520263671875000e+03
1.952656729468978281e+00 1.230055175781250000e+03
1.956091481851509162e+00 1.225545288085937500e+03
1.959526234234040487e+00 1.217680541992187500e+03
1.962960986616571812e+00 1.210057250976562500e+03
1.966395738999102916e+00 1.198783447265625000e+03
1.969830491381633797e+00 1.184051513671875000e+03
1.973265243764165122e+00 1.182045166015625000e+03
1.976699996146696447e+00 1.180770751953125000e+03
1.980134748529227329e+00 1.195173706054687500e+03
1.983569500911758654e+00 1.213667968750000000e+03
1.987004253294289979e+00 1.260938354492187500e+03
1.990439005676821305e+00 1.323475585937500000e+03
1.993873758059352186e+00 1.417456054687500000e+03
1.997308510441883511e+00 1.507810913085937500e+03
2.000743262824414614e+00 1.573958862304687500e+03
2.004178015206945940e+00 1.582316284179687500e+03
2.007612767589476821e+00 1.530687377929687500e+03
2.011047519972008146e+00 1.440151977539062500e+03
2.014482272354539472e+00 1.334675781250000000e+03
2.017917024737070353e+00 1.253801635742187500e+03
2.021351777119601678e+00 1.193014648437500000e+03
2.024786529502133003e+00 1.162810546875000000e+03
2.028221281884664329e+00 1.143877075195312500e+03
2.031656034267195210e+00 1.135034057617187500e+03
2.035090786649726535e+00 1.127206909179687500e+03
2.038525539032257861e+00 1.129499877929687500e+03
2.041960291414789186e+00 1.129670166015625000e+03
2.045395043797320067e+00 1.119216308593750000e+03
2.048829796179851392e+00 1.111864013671875000e+03
2.052264548562382718e+00 1.102295532226562500e+03
2.055699300944913599e+00 1.104547851562500000e+03
2.059134053327444924e+00 1.102270996093750000e+03
2.062568805709975805e+00 1.101247070312500000e+03
2.066003558092507131e+00 1.098481689453125000e+03
2.069438310475038012e+00 1.093167236328125000e+03
2.072873062857569337e+00 1.087160156250000000e+03
2.076307815240100663e+00 1.081637451171875000e+03
2.079742567622631988e+00 1.072669555664062500e+03
2.083177320005162869e+00 1.070429687500000000e+03
2.086612072387694194e+00 1.059497680664062500e+03
2.090046824770225520e+00 1.049949340820312500e+03
2.093481577152756401e+00 1.036598510742187500e+03
2.096916329535287726e+00 1.034967529296875000e+03
2.100351081917819052e+00 1.030814941406250000e+03
2.103785834300350377e+00 1.023640441894531250e+03
2.107220586682881258e+00 1.020192687988281250e+03
2.110655339065412583e+00 1.020188659667968750e+03
2.114090091447943909e+00 1.027401245117187500e+03
2.117524843830475234e+00 1.027199707031250000e+03
2.120959596213006115e+00 1.023645751953125000e+03
2.124394348595537441e+00 1.015574584960937500e+03
2.127829100978068766e+00 1.011548339843750000e+03
2.131263853360599647e+00 1.011343444824218750e+03
2.134698605743130972e+00 1.007815917968750000e+03
2.138133358125661854e+00 1.007011779785156250e+03
2.141568110508193179e+00 1.006219848632812500e+03
2.145002862890724060e+00 1.016974243164062500e+03
2.148437615273255386e+00 1.013934997558593750e+03
2.151872367655786711e+00 1.009112121582031250e+03
2.155307120038318036e+00 9.980388793945312500e+02
2.158741872420848917e+00 9.909629516601562500e+02
2.162176624803380243e+00 9.914356689453125000e+02
2.165611377185911568e+00 9.906192016601562500e+02
2.169046129568442449e+00 9.897863769531250000e+02
2.172480881950973775e+00 9.850013427734375000e+02
2.175915634333505100e+00 9.828688964843750000e+02
2.179350386716036425e+00 9.825979003906250000e+02
2.182785139098567306e+00 9.762221069335937500e+02
2.186219891481098632e+00 9.735239868164062500e+02
2.189654643863629957e+00 9.744812622070312500e+02
2.193089396246161282e+00 9.802792968750000000e+02
2.196524148628692163e+00 9.717182617187500000e+02
2.199958901011223489e+00 9.636481933593750000e+02
2.203393653393754814e+00 9.564719848632812500e+02
2.206828405776285695e+00 9.586775512695312500e+02
2.210263158158817021e+00 9.645632324218750000e+02
2.213697910541347902e+00 9.682489013671875000e+02
2.217132662923879227e+00 9.643026123046875000e+02
2.220567415306410108e+00 9.569282836914062500e+02
2.224002167688941434e+00 9.438540039062500000e+02
2.227436920071472759e+00 9.318872680664062500e+02
2.230871672454004084e+00 9.142310791015625000e+02
2.234306424836534966e+00 9.165518188476562500e+02
2.237741177219066291e+00 9.237354736328125000e+02
2.241175929601597616e+00 9.340197753906250000e+02
2.244610681984128497e+00 9.323394775390625000e+02
2.248045434366659823e+00 9.277966308593750000e+02
2.251480186749191148e+00 9.267728881835937500e+02
2.254914939131722473e+00 9.208563232421875000e+02
2.258349691514253355e+00 9.174215087890625000e+02
2.261784443896784680e+00 9.181865234375000000e+02
2.265219196279316005e+00 9.197158813476562500e+02
2.268653948661847330e+00 9.183853149414062500e+02
2.272088701044378212e+00 9.076630859375000000e+02
2.275523453426909537e+00 9.037380371093750000e+02
2.278958205809440862e+00 9.029435424804687500e+02
2.282392958191971744e+00 9.067546997070312500e+02
2.285827710574503069e+00 9.081863403320312500e+02
2.289262462957033950e+00 9.015540771484375000e+02
2.292697215339565275e+00 9.011187133789062500e+02
2.296131967722096157e+00 8.962811279296875000e+02
2.299566720104627482e+00 9.100989990234375000e+02
2.303001472487158807e+00 9.228449096679687500e+02
2.306436224869690133e+00 9.662184448242187500e+02
2.309870977252221014e+00 1.029807495117187500e+03
2.313305729634752339e+00 1.122609619140625000e+03
2.316740482017283664e+00 1.209767211914062500e+03
2.320175234399814546e+00 1.258483032226562500e+03
2.323609986782345871e+00 1.257123901367187500e+03
2.327044739164877196e+00 1.191230468750000000e+03
2.330479491547408522e+00 1.098261352539062500e+03
2.333914243929939403e+00 1.005327514648437500e+03
2.337348996312470728e+00 9.417158813476562500e+02
2.340783748695002053e+00 9.089386596679687500e+02
2.344218501077533379e+00 8.883594970703125000e+02
2.347653253460064260e+00 8.795373535156250000e+02
2.351088005842595585e+00 8.737891845703125000e+02
2.354522758225126911e+00 8.728345947265625000e+02
2.357957510607657792e+00 8.667636718750000000e+02
2.361392262990189117e+00 8.620470581054687500e+02
2.364827015372720442e+00 8.558009033203125000e+02
2.368261767755251324e+00 8.562180175781250000e+02
2.371696520137782205e+00 8.493297119140625000e+02
2.375131272520313530e+00 8.541186523437500000e+02
2.378566024902844855e+00 8.574927978515625000e+02
2.382000777285376181e+00 8.587539062500000000e+02
2.385435529667907062e+00 8.504849853515625000e+02
2.388870282050438387e+00 8.431688842773437500e+02
2.392305034432969713e+00 8.404033813476562500e+02
2.395739786815500594e+00 8.500695190429687500e+02
2.399174539198031919e+00 8.586970214843750000e+02
2.402609291580563244e+00 8.587880249023437500e+02
2.406044043963094570e+00 8.434173583984375000e+02
2.409478796345625451e+00 8.321703491210937500e+02
2.412913548728156776e+00 8.240473022460937500e+02
2.416348301110688102e+00 8.158726806640625000e+02
2.419783053493219427e+00 8.116163330078125000e+02
2.423217805875750308e+00 8.109118652343750000e+02
2.426652558258281633e+00 8.196829223632812500e+02
2.430087310640812959e+00 8.244909667968750000e+02
2.433522063023343840e+00 8.224157714843750000e+02
2.436956815405875165e+00 8.120010375976562500e+02
2.440391567788406491e+00 8.056931762695312500e+02
2.443826320170937372e+00 8.075317993164062500e+02
2.447261072553468253e+00 8.071018676757812500e+02
2.450695824935999578e+00 8.032228393554687500e+02
2.454130577318530904e+00 7.991666259765625000e+02
2.457565329701061785e+00 7.979996948242187500e+02
2.461000082083593110e+00 7.990863037109375000e+02
2.464434834466124435e+00 8.013637084960937500e+02
2.467869586848655761e+00 7.992671508789062500e+02
2.471304339231186642e+00 7.970494995117187500e+02
2.474739091613717967e+00 7.932221679687500000e+02
2.478173843996249293e+00 7.948969116210937500e+02
2.481608596378780618e+00 7.973858642578125000e+02
2.485043348761311499e+00 8.015725708007812500e+02
2.488478101143842824e+00 7.982918090820312500e+02
2.491912853526374150e+00 7.976932983398437500e+02
2.495347605908905031e+00 8.014711303710937500e+02
2.498782358291436356e+00 8.223945312500000000e+02
2.502217110673967682e+00 8.530707397460937500e+02
2.505651863056499007e+00 8.936008911132812500e+02
2.509086615439029888e+00 9.272351074218750000e+02
2.512521367821561213e+00 9.470668334960937500e+02
2.515956120204092539e+00 9.416604614257812500e+02
2.519390872586623420e+00 9.081010131835937500e+02
2.522825624969154301e+00 8.612793579101562500e+02
2.526260377351685626e+00 8.249992065429687500e+02
2.529695129734216952e+00 8.032590942382812500e+02
2.533129882116747833e+00 7.859348754882812500e+02
2.536564634499279158e+00 7.770246582031250000e+02
2.539999386881810484e+00 7.732359619140625000e+02
2.543434139264341809e+00 7.735443115234375000e+02
2.546868891646872690e+00 7.647826538085937500e+02
2.550303644029404015e+00 7.596019287109375000e+02
2.553738396411935341e+00 7.573609619140625000e+02
2.557173148794466666e+00 7.588170166015625000e+02
2.560607901176997547e+00 7.544595336914062500e+02
2.564042653559528873e+00 7.519341430664062500e+02
2.567477405942060198e+00 7.477125854492187500e+02
2.570912158324591079e+00 7.430009765625000000e+02
2.574346910707122404e+00 7.385602416992187500e+02
2.577781663089653730e+00 7.379382934570312500e+02
2.581216415472185055e+00 7.436013183593750000e+02
2.584651167854715936e+00 7.459856567382812500e+02
2.588085920237247262e+00 7.402113037109375000e+02
2.591520672619778587e+00 7.326284179687500000e+02
2.594955425002309468e+00 7.306027221679687500e+02
2.598390177384840349e+00 7.366351318359375000e+02
2.601824929767371675e+00 7.434808349609375000e+02
2.605259682149903000e+00 7.406949462890625000e+02
2.608694434532433881e+00 7.361409912109375000e+02
2.612129186914965207e+00 7.357311401367187500e+02
2.615563939297496532e+00 7.347488403320312500e+02
2.618998691680027857e+00 7.428792724609375000e+02
2.622433444062558738e+00 7.403618774414062500e+02
2.625868196445090064e+00 7.467746582031250000e+02
2.629302948827621389e+00 7.388372802734375000e+02
2.632737701210152714e+00 7.364070434570312500e+02
2.636172453592683596e+00 7.321562500000000000e+02
2.639607205975214921e+00 7.297933959960937500e+02
2.643041958357746246e+00 7.257329711914062500e+02
2.646476710740277127e+00 7.281597290039062500e+02
2.649911463122808453e+00 7.373130493164062500e+02
2.653346215505339778e+00 7.452595825195312500e+02
2.656780967887871103e+00 7.431920166015625000e+02
2.660215720270401984e+00 7.337988281250000000e+02
2.663650472652933310e+00 7.291046752929687500e+02
2.667085225035464635e+00 7.305517578125000000e+02
2.670519977417995516e+00 7.364804077148437500e+02
2.673954729800526398e+00 7.338967895507812500e+02
2.677389482183057723e+00 7.289664916992187500e+02
2.680824234565589048e+00 7.251140136718750000e+02
2.684258986948119929e+00 7.240164794921875000e+02
2.687693739330651255e+00 7.292103271484375000e+02
2.691128491713182580e+00 7.277411499023437500e+02
2.694563244095713905e+00 7.291917724609375000e+02
2.697997996478244787e+00 7.254180297851562500e+02
2.701432748860776112e+00 7.194994506835937500e+02
2.704867501243307437e+00 7.156274414062500000e+02
2.708302253625838762e+00 7.132046508789062500e+02
2.711737006008369644e+00 7.147880249023437500e+02
2.715171758390900969e+00 7.117142333984375000e+02
2.718606510773432294e+00 7.173003540039062500e+02
2.722041263155963176e+00 7.254875488281250000e+02
2.725476015538494501e+00 7.359519653320312500e+02
2.728910767921025826e+00 7.340573120117187500e+02
2.732345520303557151e+00 7.352537841796875000e+02
2.735780272686088033e+00 7.401651000976562500e+02
2.739215025068619358e+00 7.465957031250000000e+02
2.742649777451150683e+00 7.574721679687500000e+02
2.746084529833681565e+00 7.694847412109375000e+02
2.749519282216212890e+00 7.961140747070312500e+02
2.752954034598743771e+00 8.345146484375000000e+02
2.756388786981275096e+00 9.145073852539062500e+02
2.759823539363805978e+00 1.026542236328125000e+03
2.763258291746337303e+00 1.163734619140625000e+03
2.766693044128868628e+00 1.250308959960937500e+03
2.770127796511399954e+00 1.268536987304687500e+03
2.773562548893930835e+00 1.211023925781250000e+03
2.776997301276462160e+00 1.114456665039062500e+03
2.780432053658993485e+00 1.011265502929687500e+03
2.783866806041524811e+00 9.407490234375000000e+02
2.787301558424055692e+00 9.225104980468750000e+02
2.790736310806587017e+00 9.557767333984375000e+02
2.794171063189118343e+00 1.059384765625000000e+03
2.797605815571649224e+00 1.311456909179687500e+03
2.801040567954180549e+00 1.878663085937500000e+03
2.804475320336711874e+00 3.691182617187500000e+03
2.807910072719243200e+00 7.018063964843750000e+03
2.811344825101774081e+00 1.176796386718750000e+04
2.814779577484305406e+00 1.475339648437500000e+04
2.818214329866836731e+00 1.275598242187500000e+04
2.821649082249367613e+00 9.014367187500000000e+03
2.825083834631898938e+00 4.455134277343750000e+03
2.828518587014429819e+00 2.599853515625000000e+03
2.831953339396961145e+00 1.645905639648437500e+03
2.835388091779492026e+00 1.295737182617187500e+03
2.838822844162023351e+00 1.133200195312500000e+03
2.842257596544554676e+00 1.035090332031250000e+03
2.845692348927086002e+00 9.564545898437500000e+02
2.849127101309616883e+00 8.894085083007812500e+02
2.852561853692148208e+00 8.292584838867187500e+02
2.855996606074679534e+00 7.885942993164062500e+02
2.859431358457210415e+00 7.590106811523437500e+02
2.862866110839741740e+00 7.454529418945312500e+02
2.866300863222273065e+00 7.342588500976562500e+02
2.869735615604804391e+00 7.272532348632812500e+02
2.873170367987335272e+00 7.108419799804687500e+02
2.876605120369866597e+00 7.017841186523437500e+02
2.880039872752397923e+00 6.996609497070312500e+02
2.883474625134929248e+00 7.047388916015625000e+02
2.886909377517460129e+00 6.950651855468750000e+02
2.890344129899991454e+00 6.848936767578125000e+02
2.893778882282522780e+00 6.822611083984375000e+02
2.897213634665053661e+00 6.904278564453125000e+02
2.900648387047584986e+00 6.889086303710937500e+02
2.904083139430115867e+00 6.837033081054687500e+02
2.907517891812647193e+00 6.764719238281250000e+02
2.910952644195178074e+00 6.784505615234375000e+02
2.914387396577709399e+00 6.740617675781250000e+02
2.917822148960240725e+00 6.722708740234375000e+02
2.921256901342772050e+00 6.710363159179687500e+02
2.924691653725302931e+00 6.773972778320312500e+02
2.928126406107834256e+00 6.852790527343750000e+02
2.931561158490365582e+00 7.033604736328125000e+02
2.934995910872896463e+00 7.324445190429687500e+02
2.938430663255427788e+00 7.551092529296875000e+02
2.941865415637959114e+00 7.574127807617187500e+02
2.945300168020490439e+00 7.436436767578125000e+02
2.948734920403021320e+00 7.211148681640625000e+02
2.952169672785552645e+00 7.027891235351562500e+02
2.955604425168083971e+00 6.901260375976562500e+02
2.959039177550615296e+00 6.995447387695312500e+02
2.962473929933146177e+00 7.259025878906250000e+02
2.965908682315677503e+00 7.968251953125000000e+02
2.969343434698208828e+00 9.333762817382812500e+02
2.972778187080739709e+00 1.149183349609375000e+03
2.976212939463271034e+00 1.382754028320312500e+03
2.979647691845801916e+00 1.564139770507812500e+03
2.983082444228333241e+00 1.606158935546875000e+03
2.986517196610864122e+00 1.524276489257812500e+03
2.989951948993395447e+00 1.329888061523437500e+03
2.993386701375926773e+00 1.111419799804687500e+03
2.996821453758458098e+00 9.103281250000000000e+02
3.000256206140988979e+00 7.769259033203125000e+02
3.003690958523520305e+00 7.061481933593750000e+02
3.007125710906051630e+00 6.757904052734375000e+02
3.010560463288582511e+00 6.681998291015625000e+02
3.013995215671113836e+00 6.558466796875000000e+02
3.017429968053645162e+00 6.491403198242187500e+02
3.020864720436176487e+00 6.394583129882812500e+02
3.024299472818707368e+00 6.381439819335937500e+02
3.027734225201238694e+00 6.333186645507812500e+02
3.031168977583770019e+00 6.309308471679687500e+02
3.034603729966301344e+00 6.365688476562500000e+02
3.038038482348832225e+00 6.433644409179687500e+02
3.041473234731363551e+00 6.580634155273437500e+02
3.044907987113894876e+00 6.671093139648437500e+02
3.048342739496425757e+00 6.760902099609375000e+02
3.051777491878957083e+00 6.755642089843750000e+02
3.055212244261487964e+00 6.716917724609375000e+02
3.058646996644019289e+00 6.723245849609375000e+02
3.062081749026550170e+00 6.753413085937500000e+02
3.065516501409081496e+00 6.787651977539062500e+02
3.068951253791612821e+00 6.862263793945312500e+02
3.072386006174144146e+00 7.002957763671875000e+02
3.075820758556675028e+00 7.184996337890625000e+02
3.079255510939206353e+00 7.271173095703125000e+02
3.082690263321737678e+00 7.239966430664062500e+02
3.086125015704268559e+00 7.082302856445312500e+02
3.089559768086799885e+00 6.913178710937500000e+02
3.092994520469331210e+00 6.649584960937500000e+02
3.096429272851862535e+00 6.467840576171875000e+02
3.099864025234393416e+00 6.314407348632812500e+02
3.103298777616924742e+00 6.221640625000000000e+02
3.106733529999456067e+00 6.094939575195312500e+02
3.110168282381987392e+00 5.995595092773437500e+02
3.113603034764518274e+00 5.988408203125000000e+02
3.117037787147049599e+00 5.996305541992187500e+02
3.120472539529580924e+00 6.031618652343750000e+02
3.123907291912111805e+00 6.045869750976562500e+02
3.127342044294643131e+00 6.053849487304687500e+02
3.130776796677174012e+00 6.031817626953125000e+02
3.134211549059705337e+00 5.933867797851562500e+02
3.137646301442236219e+00 5.869188842773437500e+02
3.141081053824767544e+00 5.861303710937500000e+02
3.144515806207298869e+00 5.872138061523437500e+02
3.147950558589830194e+00 5.863453369140625000e+02
3.151385310972361076e+00 5.851067504882812500e+02
3.154820063354892401e+00 5.862997436523437500e+02
3.158254815737423726e+00 5.886445312500000000e+02
3.161689568119954608e+00 5.893775024414062500e+02
3.165124320502485933e+00 5.875479736328125000e+02
3.168559072885017258e+00 5.877548217773437500e+02
3.171993825267548583e+00 5.880656738281250000e+02
3.175428577650079465e+00 5.878915405273437500e+02
3.178863330032610790e+00 5.777993164062500000e+02
3.182298082415142115e+00 5.777213134765625000e+02
3.185732834797673441e+00 5.737578125000000000e+02
3.189167587180204322e+00 5.790777587890625000e+02
3.192602339562735647e+00 5.759806518554687500e+02
3.196037091945266972e+00 5.750311889648437500e+02
3.199471844327797854e+00 5.699692993164062500e+02
3.202906596710329179e+00 5.704426269531250000e+02
3.206341349092860060e+00 5.667240600585937500e+02
3.209776101475391386e+00 5.692293090820312500e+02
3.213210853857922267e+00 5.681810913085937500e+02
3.216645606240453592e+00 5.774061889648437500e+02
3.220080358622984917e+00 5.795949707031250000e+02
3.223515111005516243e+00 5.816185302734375000e+02
3.226949863388047124e+00 5.779461059570312500e+02
3.230384615770578449e+00 5.813901367187500000e+02
3.233819368153109775e+00 5.826864624023437500e+02
3.237254120535640656e+00 5.865670776367187500e+02
3.240688872918171981e+00 5.870070800781250000e+02
3.244123625300703306e+00 5.896841430664062500e+02
3.247558377683234632e+00 5.927472534179687500e+02
3.250993130065765513e+00 5.942468872070312500e+02
3.254427882448296838e+00 6.094757080078125000e+02
3.257862634830828164e+00 6.303834838867187500e+02
3.261297387213359489e+00 6.591724853515625000e+02
3.264732139595890370e+00 6.780252075195312500e+02
3.268166891978421695e+00 6.767027587890625000e+02
3.271601644360953021e+00 6.578947753906250000e+02
3.275036396743483902e+00 6.272059936523437500e+02
3.278471149126015227e+00 6.005827636718750000e+02
3.281905901508546108e+00 5.863072509765625000e+02
3.285340653891077434e+00 5.765386962890625000e+02
3.288775406273608315e+00 5.727790527343750000e+02
3.292210158656139640e+00 5.660014038085937500e+02
3.295644911038670966e+00 5.635265502929687500e+02
3.299079663421202291e+00 5.685073852539062500e+02
3.302514415803733172e+00 5.682481689453125000e+02
3.305949168186264497e+00 5.635372314453125000e+02
3.309383920568795823e+00 5.617083740234375000e+02
3.312818672951326704e+00 5.668494262695312500e+02
3.316253425333858029e+00 5.743733520507812500e+02
3.319688177716389355e+00 5.745855712890625000e+02
3.323122930098920680e+00 5.706822509765625000e+02
3.326557682481451561e+00 5.691440429687500000e+02
3.329992434863982886e+00 5.646755981445312500e+02
3.333427187246514212e+00 5.640858154296875000e+02
3.336861939629045093e+00 5.675465698242187500e+02
3.340296692011576418e+00 5.684691162109375000e+02
3.343731444394107744e+00 5.689851074218750000e+02
3.347166196776639069e+00 5.730844726562500000e+02
3.350600949159169950e+00 5.860872802734375000e+02
3.354035701541701275e+00 5.950089111328125000e+02
3.357470453924232601e+00 5.964121093750000000e+02
3.360905206306763482e+00 5.966625976562500000e+02
3.364339958689294363e+00 5.979347534179687500e+02
3.367774711071825688e+00 6.001145629882812500e+02
3.371209463454357014e+00 5.923919677734375000e+02
3.374644215836887895e+00 5.825835571289062500e+02
3.378078968219419220e+00 5.712278442382812500e+02
3.381513720601950546e+00 5.721270751953125000e+02
3.384948472984481871e+00 5.647016601562500000e+02
3.388383225367012752e+00 5.605386962890625000e+02
3.391817977749544077e+00 5.558266601562500000e+02
3.395252730132075403e+00 5.614291992187500000e+02
3.398687482514606728e+00 5.649827270507812500e+02
3.402122234897137609e+00 5.639591064453125000e+02
3.405556987279668935e+00 5.699263305664062500e+02
3.408991739662200260e+00 5.755172729492187500e+02
3.412426492044731141e+00 5.855033569335937500e+02
3.415861244427262466e+00 5.969292602539062500e+02
3.419295996809793792e+00 6.126934814453125000e+02
3.422730749192325117e+00 6.303220825195312500e+02
3.426165501574855998e+00 6.443079833984375000e+02
3.429600253957387324e+00 6.681024780273437500e+02
3.433035006339918649e+00 7.143564453125000000e+02
3.436469758722449530e+00 7.923656005859375000e+02
3.439904511104980411e+00 8.857024536132812500e+02
3.443339263487511737e+00 9.542768554687500000e+02
3.446774015870043062e+00 9.617605590820312500e+02
3.450208768252573943e+00 9.111729736328125000e+02
3.453643520635105268e+00 8.206111450195312500e+02
3.457078273017636594e+00 7.347541503906250000e+02
3.460513025400167919e+00 6.665735473632812500e+02
3.463947777782698800e+00 6.276715087890625000e+02
3.467382530165230126e+00 6.076464843750000000e+02
3.470817282547761451e+00 5.927592163085937500e+02
3.474252034930292776e+00 5.777427978515625000e+02
3.477686787312823657e+00 5.620055541992187500e+02
3.481121539695354983e+00 5.554140014648437500e+02
3.484556292077886308e+00 5.505194702148437500e+02
3.487991044460417189e+00 5.489451293945312500e+02
3.491425796842948515e+00 5.443167724609375000e+02
3.494860549225479840e+00 5.422607421875000000e+02
3.498295301608011165e+00 5.432496337890625000e+02
3.501730053990542046e+00 5.476472167968750000e+02
3.505164806373073372e+00 5.460507202148437500e+02
3.508599558755604697e+00 5.455965576171875000e+02
3.512034311138135578e+00 5.506798706054687500e+02
3.515469063520666460e+00 5.524842529296875000e+02
3.518903815903197785e+00 5.486071777343750000e+02
3.522338568285729110e+00 5.401176147460937500e+02
3.525773320668259991e+00 5.414442138671875000e+02
3.529208073050791317e+00 5.444215698242187500e+02
3.532642825433322642e+00 5.470059204101562500e+02
3.536077577815853967e+00 5.468267211914062500e+02
3.539512330198384849e+00 5.437825927734375000e+02
3.542947082580916174e+00 5.410709838867187500e+02
3.546381834963447499e+00 5.371937866210937500e+02
3.549816587345978824e+00 5.335466308593750000e+02
3.553251339728509706e+00 5.316790161132812500e+02
3.556686092111041031e+00 5.334927978515625000e+02
3.560120844493572356e+00 5.415313720703125000e+02
3.563555596876103237e+00 5.429133911132812500e+02
3.566990349258634563e+00 5.465332641601562500e+02
3.570425101641165888e+00 5.462814331054687500e+02
3.573859854023697213e+00 5.436603393554687500e+02
3.577294606406228095e+00 5.390910644531250000e+02
3.580729358788759420e+00 5.291635742187500000e+02
3.584164111171290301e+00 5.297815551757812500e+02
3.587598863553821626e+00 5.315617065429687500e+02
3.591033615936352508e+00 5.372380981445312500e+02
3.594468368318883833e+00 5.385063476562500000e+02
3.597903120701415158e+00 5.372100219726562500e+02
3.601337873083946484e+00 5.382869873046875000e+02
3.604772625466477809e+00 5.345642089843750000e+02
3.608207377849008246e+00 5.264700927734375000e+02
3.611642130231539571e+00 5.225173339843750000e+02
3.615076882614070897e+00 5.277070312500000000e+02
3.618511634996602222e+00 5.292069702148437500e+02
3.621946387379133547e+00 5.219035034179687500e+02
3.625381139761664873e+00 5.185727539062500000e+02
3.628815892144196198e+00 5.199976196289062500e+02
3.632250644526726635e+00 5.261391601562500000e+02
3.635685396909257960e+00 5.293070068359375000e+02
3.639120149291789286e+00 5.319874877929687500e+02
3.642554901674320611e+00 5.343652343750000000e+02
3.645989654056851936e+00 5.252173461914062500e+02
3.649424406439383262e+00 5.217785034179687500e+02
3.652859158821914587e+00 5.189267578125000000e+02
3.656293911204445912e+00 5.276797485351562500e+02
3.659728663586976349e+00 5.280867309570312500e+02
3.663163415969507675e+00 5.250283203125000000e+02
3.666598168352038556e+00 5.189800415039062500e+02
3.670032920734569881e+00 5.198294677734375000e+02
3.673467673117101207e+00 5.200686035156250000e+02
3.676902425499632532e+00 5.233748779296875000e+02
3.680337177882163857e+00 5.227554321289062500e+02
3.683771930264694294e+00 5.264735717773437500e+02
3.687206682647225620e+00 5.307044677734375000e+02
3.690641435029756945e+00 5.330434570312500000e+02
3.694076187412288270e+00 5.292778320312500000e+02
3.697510939794819596e+00 5.276832885742187500e+02
3.700945692177350921e+00 5.279539184570312500e+02
3.704380444559882246e+00 5.265332031250000000e+02
3.707815196942412683e+00 5.156863403320312500e+02
3.711249949324944009e+00 5.033932189941406250e+02
3.714684701707475334e+00 4.993986206054687500e+02
3.718119454090006659e+00 5.043806457519531250e+02
3.721554206472537984e+00 5.094172363281250000e+02
3.724988958855069310e+00 5.115011291503906250e+02
3.728423711237600635e+00 5.101806030273437500e+02
3.731858463620131960e+00 5.118365478515625000e+02
3.735293216002662398e+00 5.119008483886718750e+02
3.738727968385193723e+00 5.107004089355468750e+02
3.742162720767725048e+00 5.054998474121093750e+02
3.745597473150255929e+00 5.035667114257812500e+02
3.749032225532787255e+00 5.037103576660156250e+02
3.752466977915318580e+00 5.078376464843750000e+02
3.755901730297849905e+00 5.117743835449218750e+02
3.759336482680380342e+00 5.176528930664062500e+02
3.762771235062911668e+00 5.302192382812500000e+02
3.766205987445442993e+00 5.448341064453125000e+02
3.769640739827974318e+00 5.634830322265625000e+02
3.773075492210505644e+00 5.762679443359375000e+02
3.776510244593036969e+00 5.812837524414062500e+02
3.779944996975568294e+00 5.803616333007812500e+02
3.783379749358098731e+00 5.658640747070312500e+02
3.786814501740630057e+00 5.471593017578125000e+02
3.790249254123161382e+00 5.282421264648437500e+02
3.793684006505692707e+00 5.175205078125000000e+02
3.797118758888224033e+00 5.108637695312500000e+02
3.800553511270755358e+00 5.037459716796875000e+02
3.803988263653286683e+00 5.003255004882812500e+02
3.807423016035818009e+00 5.028439025878906250e+02
3.810857768418348446e+00 5.038634948730468750e+02
3.814292520800879771e+00 5.051803894042968750e+02
3.817727273183411096e+00 5.035935363769531250e+02
3.821162025565941978e+00 5.065047607421875000e+02
3.824596777948473303e+00 5.085778198242187500e+02
3.828031530331004628e+00 5.146380615234375000e+02
3.831466282713535954e+00 5.208336181640625000e+02
3.834901035096066391e+00 5.317706298828125000e+02
3.838335787478597716e+00 5.423550415039062500e+02
3.841770539861129041e+00 5.634379272460937500e+02
3.845205292243660367e+00 5.794857788085937500e+02
3.848640044626191692e+00 5.870700073242187500e+02
3.852074797008723017e+00 5.819852905273437500e+02
3.855509549391254343e+00 5.704592285156250000e+02
3.858944301773784780e+00 5.605003051757812500e+02
3.862379054156316105e+00 5.538742675781250000e+02
3.865813806538847430e+00 5.481875610351562500e+02
3.869248558921378756e+00 5.453812255859375000e+02
3.872683311303910081e+00 5.413789062500000000e+02
3.876118063686441406e+00 5.391053466796875000e+02
3.879552816068972732e+00 5.325422363281250000e+02
3.882987568451504057e+00 5.194989013671875000e+02
3.886422320834034494e+00 5.103331909179687500e+02
3.889857073216565819e+00 5.024967956542968750e+02
3.893291825599097145e+00 4.960057983398437500e+02
3.896726577981628026e+00 4.945845947265625000e+02
3.900161330364159351e+00 4.975960083007812500e+02
3.903596082746690676e+00 5.000830078125000000e+02
3.907030835129222002e+00 4.930066833496093750e+02
3.910465587511752439e+00 4.887216491699218750e+02
3.913900339894283764e+00 4.874081726074218750e+02
3.917335092276815089e+00 4.855267944335937500e+02
3.920769844659346415e+00 4.778103942871093750e+02
3.924204597041877740e+00 4.787476196289062500e+02
3.927639349424409065e+00 4.802161560058593750e+02
3.931074101806940391e+00 4.835866088867187500e+02
3.934508854189470828e+00 4.831360168457031250e+02
3.937943606572002153e+00 4.840101318359375000e+02
3.941378358954533478e+00 4.823908081054687500e+02
3.944813111337064804e+00 4.794161071777343750e+02
3.948247863719596129e+00 4.787118225097656250e+02
3.951682616102127454e+00 4.767911071777343750e+02
3.955117368484658780e+00 4.758969421386718750e+02
3.958552120867189217e+00 4.721167602539062500e+02
3.961986873249720542e+00 4.733764648437500000e+02
3.965421625632251867e+00 4.749494323730468750e+02
3.968856378014783193e+00 4.797175598144531250e+02
3.972291130397314074e+00 4.785805664062500000e+02
3.975725882779845399e+00 4.752165832519531250e+02
3.979160635162376725e+00 4.753988342285156250e+02
3.982595387544908050e+00 4.761263122558593750e+02
3.986030139927438487e+00 4.768247680664062500e+02
3.989464892309969812e+00 4.826599121093750000e+02
3.992899644692501138e+00 4.996772155761718750e+02
3.996334397075032463e+00 5.258551635742187500e+02
3.999769149457563788e+00 5.615289916992187500e+02
4.003203901840095114e+00 6.091737670898437500e+02
4.006638654222625995e+00 6.609337158203125000e+02
4.010073406605156876e+00 6.982871093750000000e+02
4.013508158987687757e+00 7.168302612304687500e+02
4.016942911370219527e+00 7.057799072265625000e+02
4.020377663752750408e+00 6.669848022460937500e+02
4.023812416135282177e+00 6.180097656250000000e+02
4.027247168517813058e+00 5.743041992187500000e+02
4.030681920900344828e+00 5.443818359375000000e+02
4.034116673282874821e+00 5.177860717773437500e+02
4.037551425665406590e+00 5.006795043945312500e+02
4.040986178047937472e+00 4.908246154785156250e+02
4.044420930430469241e+00 4.826286010742187500e+02
4.047855682813000122e+00 4.768799438476562500e+02
4.051290435195531892e+00 4.744886169433593750e+02
4.054725187578062773e+00 4.724853210449218750e+02
4.058159939960594542e+00 4.708792114257812500e+02
4.061594692343124535e+00 4.740249328613281250e+02
4.065029444725656305e+00 4.781947326660156250e+02
4.068464197108187186e+00 4.818168945312500000e+02
4.071898949490718955e+00 4.743044128417968750e+02
4.075333701873249836e+00 4.672132873535156250e+02
4.078768454255781606e+00 4.601476135253906250e+02
4.082203206638312487e+00 4.630281372070312500e+02
4.085637959020843368e+00 4.672875671386718750e+02
4.089072711403374250e+00 4.713853149414062500e+02
4.092507463785905131e+00 4.753710021972656250e+02
4.095942216168436900e+00 4.769461975097656250e+02
4.099376968550967781e+00 4.735995788574218750e+02
4.102811720933499551e+00 4.679511718750000000e+02
4.106246473316030432e+00 4.633698120117187500e+02
4.109681225698561313e+00 4.642718505859375000e+02
4.113115978081092194e+00 4.637392578125000000e+02
4.116550730463623964e+00 4.655606994628906250e+02
4.119985482846154845e+00 4.695974426269531250e+02
4.123420235228686614e+00 4.717253112792968750e+02
4.126854987611217496e+00 4.716069641113281250e+02
4.130289739993749265e+00 4.703305358886718750e+02
4.133724492376280146e+00 4.689600219726562500e+02
4.137159244758811028e+00 4.683753356933593750e+02
4.140593997141341909e+00 4.683803405761718750e+02
4.144028749523873678e+00 4.693358154296875000e+02
4.147463501906404559e+00 4.670859680175781250e+02
4.150898254288936329e+00 4.665404968261718750e+02
4.154333006671467210e+00 4.669844055175781250e+02
4.157767759053998091e+00 4.708553771972656250e+02
4.161202511436528972e+00 4.744060974121093750e+02
4.164637263819060742e+00 4.789328002929687500e+02
4.168072016201591623e+00 4.862340393066406250e+02
4.171506768584122504e+00 4.975383300781250000e+02
4.174941520966654274e+00 5.178447265625000000e+02
4.178376273349185155e+00 5.428732299804687500e+02
4.181811025731716924e+00 5.629269409179687500e+02
4.185245778114246917e+00 5.705864868164062500e+02
4.188680530496778687e+00 5.628583374023437500e+02
4.192115282879309568e+00 5.486707153320312500e+02
4.195550035261841337e+00 5.264202880859375000e+02
4.198984787644372219e+00 5.093534240722656250e+02
4.202419540026903988e+00 4.960368652343750000e+02
4.205854292409434869e+00 4.992649230957031250e+02
4.209289044791966639e+00 5.173086547851562500e+02
4.212723797174496632e+00 5.415165405273437500e+02
4.216158549557028401e+00 5.630672607421875000e+02
4.219593301939559282e+00 5.694317016601562500e+02
4.223028054322091052e+00 5.592278442382812500e+02
4.226462806704621933e+00 5.382798461914062500e+02
4.229897559087153702e+00 5.136422119140625000e+02
4.233332311469684583e+00 4.885955505371093750e+02
4.236767063852215465e+00 4.719175109863281250e+02
4.240201816234746346e+00 4.636338195800781250e+02
4.243636568617277227e+00 4.660623474121093750e+02
4.247071320999808997e+00 4.635240173339843750e+02
4.250506073382339878e+00 4.601712036132812500e+02
4.253940825764871647e+00 4.621155395507812500e+02
4.257375578147402528e+00 4.612481689453125000e+02
4.260810330529933410e+00 4.595560913085937500e+02
4.264245082912464291e+00 4.521398010253906250e+02
4.267679835294996060e+00 4.552135314941406250e+02
4.271114587677526941e+00 4.559629821777343750e+02
4.274549340060058711e+00 4.610358581542968750e+02
4.277984092442589592e+00 4.607270507812500000e+02
4.281418844825121361e+00 4.681296997070312500e+02
4.284853597207652243e+00 4.832454223632812500e+02
4.288288349590183124e+00 5.086123046875000000e+02
4.291723101972714005e+00 5.402778930664062500e+02
4.295157854355245775e+00 5.716295776367187500e+02
4.298592606737776656e+00 5.936867675781250000e+02
4.302027359120308425e+00 5.959057617187500000e+02
4.305462111502839306e+00 5.778147583007812500e+02
4.308896863885370188e+00 5.419177246093750000e+02
4.312331616267901069e+00 5.078576660156250000e+02
4.315766368650432838e+00 4.850589904785156250e+02
4.319201121032963719e+00 4.714575500488281250e+02
4.322635873415494601e+00 4.645872802734375000e+02
4.326070625798026370e+00 4.566995544433593750e+02
4.329505378180557251e+00 4.542732849121093750e+02
4.332940130563089021e+00 4.505971069335937500e+02
4.336374882945619014e+00 4.508605957031250000e+02
4.339809635328150783e+00 4.557799377441406250e+02
4.343244387710681664e+00 4.561132202148437500e+02
4.346679140093213434e+00 4.514248352050781250e+02
4.350113892475744315e+00 4.439952087402343750e+02
4.353548644858276084e+00 4.438458862304687500e+02
4.356983397240806966e+00 4.497256774902343750e+02
4.360418149623338735e+00 4.582714538574218750e+02
4.363852902005868728e+00 4.624396972656250000e+02
4.367287654388400497e+00 4.575552978515625000e+02
4.370722406770931379e+00 4.500771484375000000e+02
4.374157159153463148e+00 4.481567382812500000e+02
4.377591911535994029e+00 4.512557678222656250e+02
4.381026663918525799e+00 4.557742309570312500e+02
4.384461416301056680e+00 4.514463500976562500e+02
4.387896168683587561e+00 4.486530456542968750e+02
4.391330921066118442e+00 4.480826416015625000e+02
4.394765673448649324e+00 4.504566040039062500e+02
4.398200425831181093e+00 4.567000122070312500e+02
4.401635178213711974e+00 4.633849487304687500e+02
4.405069930596243744e+00 4.815535888671875000e+02
4.408504682978774625e+00 4.993827819824218750e+02
4.411939435361305506e+00 5.131815185546875000e+02
4.415374187743836387e+00 5.154710083007812500e+02
4.418808940126368157e+00 5.098605651855468750e+02
4.422243692508899038e+00 4.944629516601562500e+02
4.425678444891430807e+00 4.734853820800781250e+02
4.429113197273961688e+00 4.560613403320312500e+02
4.432547949656493458e+00 4.490657653808593750e+02
4.435982702039023451e+00 4.419597167968750000e+02
4.439417454421555220e+00 4.335812988281250000e+02
4.442852206804086101e+00 4.324293212890625000e+02
4.446286959186617871e+00 4.333475952148437500e+02
4.449721711569148752e+00 4.388493347167968750e+02
4.453156463951680522e+00 4.360240173339843750e+02
4.456591216334211403e+00 4.325858154296875000e+02
4.460025968716742284e+00 4.341780700683593750e+02
4.463460721099273165e+00 4.374317321777343750e+02
4.466895473481804935e+00 4.367316284179687500e+02
4.470330225864335816e+00 4.306000366210937500e+02
4.473764978246866697e+00 4.296160583496093750e+02
4.477199730629398466e+00 4.298192749023437500e+02
4.480634483011929348e+00 4.317358398437500000e+02
4.484069235394461117e+00 4.292067260742187500e+02
4.487503987776991110e+00 4.305001525878906250e+02
4.490938740159522879e+00 4.325367431640625000e+02
4.494373492542053761e+00 4.343166809082031250e+02
4.497808244924585530e+00 4.344045410156250000e+02
4.501242997307116411e+00 4.334213867187500000e+02
4.504677749689648181e+00 4.326939392089843750e+02
4.508112502072179062e+00 4.360126342773437500e+02
4.511547254454709943e+00 4.303559570312500000e+02
4.514982006837240824e+00 4.324360656738281250e+02
4.518416759219772594e+00 4.314413146972656250e+02
4.521851511602303475e+00 4.388712158203125000e+02
4.525286263984835244e+00 4.367899475097656250e+02
4.528721016367366126e+00 4.344399719238281250e+02
4.532155768749897895e+00 4.265417785644531250e+02
4.535590521132428776e+00 4.278789978027343750e+02
4.539025273514959657e+00 4.277850952148437500e+02
4.542460025897490539e+00 4.300644226074218750e+02
4.545894778280021420e+00 4.297438964843750000e+02
4.549329530662553189e+00 4.316088867187500000e+02
4.552764283045084071e+00 4.314520568847656250e+02
4.556199035427615840e+00 4.292172546386718750e+02
4.559633787810146721e+00 4.240379638671875000e+02
4.563068540192677602e+00 4.238767700195312500e+02
4.566503292575208484e+00 4.223624877929687500e+02
4.569938044957740253e+00 4.227824096679687500e+02
4.573372797340271134e+00 4.215880126953125000e+02
4.576807549722802904e+00 4.227777099609375000e+02
4.580242302105333785e+00 4.193671569824218750e+02
4.583677054487865554e+00 4.224522399902343750e+02
4.587111806870395547e+00 4.244306335449218750e+02
4.590546559252927317e+00 4.282653198242187500e+02
4.593981311635458198e+00 4.278274536132812500e+02
4.597416064017989967e+00 4.284379577636718750e+02
4.600850816400520849e+00 4.288156127929687500e+02
4.604285568783052618e+00 4.300157165527343750e+02
4.607720321165583499e+00 4.307323303222656250e+02
4.611155073548115269e+00 4.345778808593750000e+02
4.614589825930645262e+00 4.312272949218750000e+02
4.618024578313177031e+00 4.289683532714843750e+02
4.621459330695707912e+00 4.273140563964843750e+02
4.624894083078238793e+00 4.317050781250000000e+02
4.628328835460770563e+00 4.333526000976562500e+02
4.631763587843301444e+00 4.440504150390625000e+02
4.635198340225833213e+00 4.604125976562500000e+02
4.638633092608363206e+00 4.900234375000000000e+02
4.642067844990894976e+00 5.186870727539062500e+02
4.645502597373425857e+00 5.478109741210937500e+02
4.648937349755957626e+00 5.750013427734375000e+02
4.652372102138488508e+00 5.934772949218750000e+02
4.655806854521020277e+00 5.983950195312500000e+02
4.659241606903551158e+00 5.920615844726562500e+02
4.662676359286082040e+00 5.784371337890625000e+02
4.666111111668612921e+00 5.727610473632812500e+02
4.669545864051144690e+00 5.669917602539062500e+02
4.672980616433675571e+00 5.673761596679687500e+02
4.676415368816207341e+00 5.531570434570312500e+02
4.679850121198738222e+00 5.349612426757812500e+02
4.683284873581269991e+00 5.057977600097656250e+02
4.686719625963800873e+00 4.793487854003906250e+02
4.690154378346331754e+00 4.540171508789062500e+02
4.693589130728862635e+00 4.395400390625000000e+02
4.697023883111393516e+00 4.293548889160156250e+02
4.700458635493925286e+00 4.271868591308593750e+02
4.703893387876456167e+00 4.282852783203125000e+02
4.707328140258987936e+00 4.340260009765625000e+02
4.710762892641518818e+00 4.360366210937500000e+02
4.714197645024049699e+00 4.287857666015625000e+02
4.717632397406580580e+00 4.224902038574218750e+02
4.721067149789112349e+00 4.224051513671875000e+02
4.724501902171643231e+00 4.288317565917968750e+02
4.727936654554175000e+00 4.348565368652343750e+02
4.731371406936705881e+00 4.345397338867187500e+02
4.734806159319237651e+00 4.345864562988281250e+02
4.738240911701767644e+00 4.329371643066406250e+02
4.741675664084299413e+00 4.356155395507812500e+02
4.745110416466830294e+00 4.357489013671875000e+02
4.748545168849362064e+00 4.355420837402343750e+02
4.751979921231892945e+00 4.339758911132812500e+02
4.755414673614424714e+00 4.291859741210937500e+02
4.758849425996955596e+00 4.269123535156250000e+02
4.762284178379487365e+00 4.223070068359375000e+02
4.765718930762017358e+00 4.198790283203125000e+02
4.769153683144549127e+00 4.182712097167968750e+02
4.772588435527080009e+00 4.153406372070312500e+02
4.776023187909610890e+00 4.150754699707031250e+02
4.779457940292142659e+00 4.133634643554687500e+02
4.782892692674673540e+00 4.154985961914062500e+02
4.786327445057205310e+00 4.162002563476562500e+02
4.789762197439735303e+00 4.199114379882812500e+02
4.793196949822267072e+00 4.195067749023437500e+02
4.796631702204797953e+00 4.220055236816406250e+02
4.800066454587329723e+00 4.251560974121093750e+02
4.803501206969860604e+00 4.342513427734375000e+02
4.806935959352392373e+00 4.447470092773437500e+02
4.810370711734923255e+00 4.481777343750000000e+02
4.813805464117454136e+00 4.434868469238281250e+02
4.817240216499985017e+00 4.384758605957031250e+02
4.820674968882516787e+00 4.350540771484375000e+02
4.824109721265047668e+00 4.369756469726562500e+02
4.827544473647579437e+00 4.338984375000000000e+02
4.830979226030110318e+00 4.342807312011718750e+02
4.834413978412642088e+00 4.314282836914062500e+02
4.837848730795172969e+00 4.318680725097656250e+02
4.841283483177703850e+00 4.332412414550781250e+02
4.844718235560234731e+00 4.332884521484375000e+02
4.848152987942766501e+00 4.269861755371093750e+02
4.851587740325297382e+00 4.214293212890625000e+02
4.855022492707828263e+00 4.183462829589843750e+02
4.858457245090360033e+00 4.243537597656250000e+02
4.861891997472890914e+00 4.282723083496093750e+02
4.865326749855421795e+00 4.322002868652343750e+02
4.868761502237952676e+00 4.286265563964843750e+02
4.872196254620484446e+00 4.273123474121093750e+02
4.875631007003015327e+00 4.270222778320312500e+02
4.879065759385547096e+00 4.257472534179687500e+02
4.882500511768077978e+00 4.205641174316406250e+02
4.885935264150609747e+00 4.177535095214843750e+02
4.889370016533139740e+00 4.241852111816406250e+02
4.892804768915671509e+00 4.269739074707031250e+02
4.896239521298202391e+00 4.247833251953125000e+02
4.899674273680734160e+00 4.191698608398437500e+02
4.903109026063265041e+00 4.141567687988281250e+02
4.906543778445796811e+00 4.177699279785156250e+02
4.909978530828327692e+00 4.177276000976562500e+02
4.913413283210858573e+00 4.201734619140625000e+02
4.916848035593389454e+00 4.158265380859375000e+02
4.920282787975921224e+00 4.199973144531250000e+02
4.923717540358452105e+00 4.281360778808593750e+02
4.927152292740982986e+00 4.367879638671875000e+02
4.930587045123514756e+00 4.411029052734375000e+02
4.934021797506045637e+00 4.374553833007812500e+02
4.937456549888577406e+00 4.310459594726562500e+02
4.940891302271107399e+00 4.258802185058593750e+02
4.944326054653639169e+00 4.187402038574218750e+02
4.947760807036170050e+00 4.176428527832031250e+02
4.951195559418701819e+00 4.250347290039062500e+02
4.954630311801232700e+00 4.399046325683593750e+02
4.958065064183764470e+00 4.485036926269531250e+02
4.961499816566295351e+00 4.527574157714843750e+02
4.964934568948826232e+00 4.534002380371093750e+02
4.968369321331357114e+00 4.508060607910156250e+02
4.971804073713888883e+00 4.386268310546875000e+02
4.975238826096419764e+00 4.311982727050781250e+02
4.978673578478951534e+00 4.274946289062500000e+02
4.982108330861482415e+00 4.289692382812500000e+02
4.985543083244014184e+00 4.235670166015625000e+02
4.988977835626544177e+00 4.177897033691406250e+02
4.992412588009075947e+00 4.146642150878906250e+02
4.995847340391606828e+00 4.138721923828125000e+02
4.999282092774138597e+00 4.137052307128906250e+02
5.002716845156669478e+00 4.152813415527343750e+02
5.006151597539200360e+00 4.143569641113281250e+02
5.009586349921732129e+00 4.146916503906250000e+02
5.013021102304263010e+00 4.167554016113281250e+02
5.016455854686793892e+00 4.223063964843750000e+02
5.019890607069324773e+00 4.268382568359375000e+02
5.023325359451856542e+00 4.255151062011718750e+02
5.026760111834387423e+00 4.299349975585937500e+02
5.030194864216919193e+00 4.394961547851562500e+02
5.033629616599450074e+00 4.494461975097656250e+02
5.037064368981981843e+00 4.512484130859375000e+02
5.040499121364511836e+00 4.485892333984375000e+02
5.043933873747043606e+00 4.449288330078125000e+02
5.047368626129574487e+00 4.418079223632812500e+02
5.050803378512106256e+00 4.345123901367187500e+02
5.054238130894637138e+00 4.271348876953125000e+02
5.057672883277168907e+00 4.184658508300781250e+02
5.061107635659699788e+00 4.163201293945312500e+02
5.064542388042230669e+00 4.174927978515625000e+02
5.067977140424761551e+00 4.195702819824218750e+02
5.071411892807293320e+00 4.230108032226562500e+02
5.074846645189824201e+00 4.261105651855468750e+02
5.078281397572355083e+00 4.252424011230468750e+02
5.081716149954886852e+00 4.201146850585937500e+02
5.085150902337417733e+00 4.166655883789062500e+02
5.088585654719949503e+00 4.114221496582031250e+02
5.092020407102479496e+00 4.113237304687500000e+02
5.095455159485011265e+00 4.138194580078125000e+02
5.098889911867542146e+00 4.166942443847656250e+02
5.102324664250073916e+00 4.126065673828125000e+02
5.105759416632604797e+00 4.095504150390625000e+02
5.109194169015136566e+00 4.108991394042968750e+02
5.112628921397667447e+00 4.097162475585937500e+02
5.116063673780198329e+00 4.039783325195312500e+02
5.119498426162729210e+00 4.015819091796875000e+02
5.122933178545260979e+00 4.032122497558593750e+02
5.126367930927791861e+00 4.074120788574218750e+02
5.129802683310323630e+00 4.056139526367187500e+02
5.133237435692854511e+00 4.097510986328125000e+02
5.136672188075386281e+00 4.117525329589843750e+02
5.140106940457916274e+00 4.126716918945312500e+02
5.143541692840448043e+00 4.090411376953125000e+02
5.146976445222978924e+00 4.108909606933593750e+02
5.150411197605510694e+00 4.155195312500000000e+02
5.153845949988041575e+00 4.171876220703125000e+02
5.157280702370572456e+00 4.158305664062500000e+02
5.160715454753104225e+00 4.171165771484375000e+02
5.164150207135635107e+00 4.244335021972656250e+02
5.167584959518165988e+00 4.272053527832031250e+02
5.171019711900696869e+00 4.247290954589843750e+02
5.174454464283228639e+00 4.173250427246093750e+02
5.177889216665759520e+00 4.101605529785156250e+02
5.181323969048291289e+00 4.045414733886718750e+02
5.184758721430822170e+00 4.007454528808593750e+02
5.188193473813353940e+00 4.049154663085937500e+02
5.191628226195883933e+00 4.085869445800781250e+02
5.195062978578415702e+00 4.105740661621093750e+02
5.198497730960946583e+00 4.114953002929687500e+02
5.201932483343478353e+00 4.191347656250000000e+02
5.205367235726009234e+00 4.362298583984375000e+02
5.208801988108541003e+00 4.561665649414062500e+02
5.212236740491071885e+00 4.706087036132812500e+02
5.215671492873602766e+00 4.764252624511718750e+02
5.219106245256133647e+00 4.722276916503906250e+02
5.222540997638665417e+00 4.639173278808593750e+02
5.225975750021196298e+00 4.457870178222656250e+02
5.229410502403727179e+00 4.272352600097656250e+02
5.232845254786258948e+00 4.111506347656250000e+02
5.236280007168789830e+00 4.060261840820312500e+02
5.239714759551321599e+00 4.095966796875000000e+02
5.243149511933851592e+00 4.133708190917968750e+02
5.246584264316383361e+00 4.142745361328125000e+02
5.250019016698914243e+00 4.099343872070312500e+02
5.253453769081446012e+00 4.049176635742187500e+02
5.256888521463976893e+00 4.039048461914062500e+02
5.260323273846508663e+00 4.034033203125000000e+02
5.263758026229039544e+00 4.060114746093750000e+02
5.267192778611570425e+00 4.030479431152343750e+02
5.270627530994101306e+00 4.022538452148437500e+02
5.274062283376633076e+00 4.046977844238281250e+02
5.277497035759163957e+00 4.078001708984375000e+02
5.280931788141695726e+00 4.087315673828125000e+02
5.284366540524226608e+00 4.086914672851562500e+02
5.287801292906758377e+00 4.140798034667968750e+02
5.291236045289288370e+00 4.198625488281250000e+02
5.294670797671820139e+00 4.182717590332031250e+02
5.298105550054351021e+00 4.110058593750000000e+02
5.301540302436882790e+00 4.008637695312500000e+02
5.304975054819413671e+00 3.993033142089843750e+02
5.308409807201944552e+00 4.019576416015625000e+02
5.311844559584476322e+00 4.085295410156250000e+02
5.315279311967006315e+00 4.116536865234375000e+02
5.318714064349538084e+00 4.115748901367187500e+02
5.322148816732068966e+00 4.113036804199218750e+02
5.325583569114600735e+00 4.071785583496093750e+02
5.329018321497131616e+00 4.087344055175781250e+02
5.332453073879663386e+00 4.144652099609375000e+02
5.335887826262194267e+00 4.226691284179687500e+02
5.339322578644726036e+00 4.312959289550781250e+02
5.342757331027256029e+00 4.422596435546875000e+02
5.346192083409787799e+00 4.564814453125000000e+02
5.349626835792318680e+00 4.737999877929687500e+02
5.353061588174850449e+00 4.767134399414062500e+02
5.356496340557381330e+00 4.717007446289062500e+02
5.359931092939913100e+00 4.503900146484375000e+02
5.363365845322443981e+00 4.293678894042968750e+02
5.366800597704974862e+00 4.101329650878906250e+02
5.370235350087505743e+00 4.040525817871093750e+02
5.373670102470037513e+00 4.021187744140625000e+02
5.377104854852568394e+00 4.020498657226562500e+02
5.380539607235100164e+00 3.973738098144531250e+02
5.383974359617631045e+00 3.925654296875000000e+02
5.387409112000161926e+00 3.930319213867187500e+02
5.390843864382692807e+00 3.893468627929687500e+02
5.394278616765223688e+00 3.848832397460937500e+02
5.397713369147755458e+00 3.842842102050781250e+02
5.401148121530286339e+00 3.880370483398437500e+02
5.404582873912818108e+00 3.917132873535156250e+02
5.408017626295348990e+00 3.920498352050781250e+02
5.411452378677880759e+00 3.924898681640625000e+02
5.414887131060411640e+00 3.917752380371093750e+02
5.418321883442942521e+00 3.958108825683593750e+02
5.421756635825473403e+00 4.007477416992187500e+02
5.425191388208005172e+00 4.095811462402343750e+02
5.428626140590536053e+00 4.080715026855468750e+02
5.432060892973067823e+00 4.097448425292968750e+02
5.435495645355598704e+00 4.075519104003906250e+02
5.438930397738130473e+00 4.064612731933593750e+02
5.442365150120660466e+00 3.991264038085937500e+02
5.445799902503192236e+00 3.932121887207031250e+02
5.449234654885723117e+00 3.937370910644531250e+02
5.452669407268254886e+00 3.950413513183593750e+02
5.456104159650785768e+00 3.974439392089843750e+02
5.459538912033316649e+00 3.951138610839843750e+02
5.462973664415848418e+00 3.964680480957031250e+02
5.466408416798379299e+00 3.979743041992187500e+02
5.469843169180910181e+00 4.088419799804687500e+02
5.473277921563441062e+00 4.208186035156250000e+02
5.476712673945972831e+00 4.328928222656250000e+02
5.480147426328503713e+00 4.396334838867187500e+02
5.483582178711035482e+00 4.446199645996093750e+02
5.487016931093566363e+00 4.433527221679687500e+02
5.490451683476098133e+00 4.338447875976562500e+02
5.493886435858628126e+00 4.201473693847656250e+02
5.497321188241159895e+00 4.077611694335937500e+02
5.500755940623690776e+00 4.013388366699218750e+02
5.504190693006222546e+00 4.021420593261718750e+02
5.507625445388753427e+00 4.034896545410156250e+02
5.511060197771285196e+00 4.054850158691406250e+02
5.514494950153816077e+00 4.050390625000000000e+02
5.517929702536346959e+00 4.079497680664062500e+02
5.521364454918877840e+00 4.100966186523437500e+02
5.524799207301409609e+00 4.085797424316406250e+02
5.528233959683940490e+00 4.081283874511718750e+02
5.531668712066472260e+00 4.067449035644531250e+02
5.535103464449003141e+00 4.100949707031250000e+02
5.538538216831534022e+00 4.072739562988281250e+02
5.541972969214064904e+00 4.003135070800781250e+02
5.545407721596595785e+00 3.968246765136718750e+02
5.548842473979127554e+00 3.999310302734375000e+02
5.552277226361658435e+00 4.046155395507812500e+02
5.555711978744190205e+00 4.053106994628906250e+02
5.559146731126721086e+00 4.089660339355468750e+02
5.562581483509252855e+00 4.147000122070312500e+02
5.566016235891783737e+00 4.135058593750000000e+02
5.569450988274314618e+00 4.081543884277343750e+02
5.572885740656845499e+00 4.040918579101562500e+02
5.576320493039377268e+00 4.087764892578125000e+02
5.579755245421908150e+00 4.096796875000000000e+02
5.583189997804439919e+00 4.096427001953125000e+02
5.586624750186970800e+00 4.073352661132812500e+02
5.590059502569502570e+00 4.086987304687500000e+02
5.593494254952032563e+00 4.099149475097656250e+02
5.596929007334564332e+00 4.110543823242187500e+02
5.600363759717095213e+00 4.137985839843750000e+02
5.603798512099626983e+00 4.135415649414062500e+02
5.607233264482157864e+00 4.150452880859375000e+02
5.610668016864688745e+00 4.147375183105468750e+02
5.614102769247220515e+00 4.237578125000000000e+02
5.617537521629751396e+00 4.356101074218750000e+02
5.620972274012282277e+00 4.695805053710937500e+02
5.624407026394813158e+00 5.468143310546875000e+02
5.627841778777344928e+00 7.485488891601562500e+02
5.631276531159875809e+00 1.091365112304687500e+03
5.634711283542407578e+00 1.478813110351562500e+03
5.638146035924938460e+00 1.692573364257812500e+03
5.641580788307470229e+00 1.605397705078125000e+03
5.645015540690000222e+00 1.243451904296875000e+03
5.648450293072531991e+00 8.936415405273437500e+02
5.651885045455062873e+00 6.357086181640625000e+02
5.655319797837594642e+00 5.113279724121093750e+02
5.658754550220125523e+00 4.605181884765625000e+02
5.662189302602657293e+00 4.408750000000000000e+02
5.665624054985188174e+00 4.284501953125000000e+02
5.669058807367719055e+00 4.191621704101562500e+02
5.672493559750249936e+00 4.142742919921875000e+02
5.675928312132781706e+00 4.107265319824218750e+02
5.679363064515312587e+00 4.126776428222656250e+02
5.682797816897844356e+00 4.185353698730468750e+02
5.686232569280375237e+00 4.244751281738281250e+02
5.689667321662906119e+00 4.326256713867187500e+02
5.693102074045437000e+00 4.366978454589843750e+02
5.696536826427967881e+00 4.406618347167968750e+02
5.699971578810499651e+00 4.493639831542968750e+02
5.703406331193030532e+00 4.656307983398437500e+02
5.706841083575562301e+00 4.909419250488281250e+02
5.710275835958093182e+00 5.184028930664062500e+02
5.713710588340624952e+00 5.523763427734375000e+02
5.717145340723154945e+00 5.774718017578125000e+02
5.720580093105686714e+00 5.824902954101562500e+02
5.724014845488217595e+00 5.604232788085937500e+02
5.727449597870749365e+00 5.227079467773437500e+02
5.730884350253280246e+00 4.781213378906250000e+02
5.734319102635812015e+00 4.457656860351562500e+02
5.737753855018342897e+00 4.207517395019531250e+02
5.741188607400874666e+00 4.095810241699218750e+02
5.744623359783404659e+00 3.956836853027343750e+02
5.748058112165936429e+00 3.868472595214843750e+02
5.751492864548467310e+00 3.757302856445312500e+02
5.754927616930999079e+00 3.762299194335937500e+02
5.758362369313529960e+00 3.774969177246093750e+02
5.761797121696060842e+00 3.812781982421875000e+02
5.765231874078592611e+00 3.818182983398437500e+02
5.768666626461123492e+00 3.836116027832031250e+02
5.772101378843654373e+00 3.869126586914062500e+02
5.775536131226185255e+00 3.896392517089843750e+02
5.778970883608717024e+00 3.894183044433593750e+02
5.782405635991247905e+00 3.866040954589843750e+02
5.785840388373779675e+00 3.858250122070312500e+02
5.789275140756310556e+00 3.842485656738281250e+02
5.792709893138841437e+00 3.816987915039062500e+02
5.796144645521372318e+00 3.769447021484375000e+02
5.799579397903904088e+00 3.755125732421875000e+02
5.803014150286434969e+00 3.758350219726562500e+02
5.806448902668966738e+00 3.783240661621093750e+02
5.809883655051497620e+00 3.837084045410156250e+02
5.813318407434029389e+00 3.864794311523437500e+02
5.816753159816560270e+00 3.855995788574218750e+02
5.820187912199091151e+00 3.845965270996093750e+02
5.823622664581622033e+00 3.842356567382812500e+02
5.827057416964153802e+00 3.839911804199218750e+02
5.830492169346684683e+00 3.825776672363281250e+02
5.833926921729216453e+00 3.847229919433593750e+02
5.837361674111747334e+00 3.877527160644531250e+02
5.840796426494278215e+00 3.881905822753906250e+02
5.844231178876809096e+00 3.827059631347656250e+02
5.847665931259339978e+00 3.780557556152343750e+02
5.851100683641871747e+00 3.775942993164062500e+02
5.854535436024402628e+00 3.788789367675781250e+02
5.857970188406934398e+00 3.788280029296875000e+02
5.861404940789465279e+00 3.745209960937500000e+02
5.864839693171997048e+00 3.722689819335937500e+02
5.868274445554527041e+00 3.713899536132812500e+02
5.871709197937058811e+00 3.720872497558593750e+02
5.875143950319589692e+00 3.720037231445312500e+02
5.878578702702121461e+00 3.756690979003906250e+02
5.882013455084652342e+00 3.773626403808593750e+02
5.885448207467184112e+00 3.766098022460937500e+02
5.888882959849714993e+00 3.710642700195312500e+02
5.892317712232246762e+00 3.680849304199218750e+02
5.895752464614776756e+00 3.687355957031250000e+02
5.899187216997308525e+00 3.692200317382812500e+02
5.902621969379839406e+00 3.685834350585937500e+02
5.906056721762371176e+00 3.652110595703125000e+02
5.909491474144902057e+00 3.644853210449218750e+02
5.912926226527432938e+00 3.641828002929687500e+02
5.916360978909964707e+00 3.669321899414062500e+02
5.919795731292495589e+00 3.697546386718750000e+02
5.923230483675026470e+00 3.677455444335937500e+02
5.926665236057557351e+00 3.611277465820312500e+02
5.930099988440089120e+00 3.572062072753906250e+02
5.933534740822620002e+00 3.615348205566406250e+02
5.936969493205151771e+00 3.706218261718750000e+02
5.940404245587682652e+00 3.767010803222656250e+02
5.943838997970213534e+00 3.807548522949218750e+02
5.947273750352744415e+00 3.800404968261718750e+02
5.950708502735276184e+00 3.791157531738281250e+02
5.954143255117807065e+00 3.805370178222656250e+02
5.957578007500338835e+00 3.899186096191406250e+02
5.961012759882869716e+00 4.041959533691406250e+02
5.964447512265401485e+00 4.166529541015625000e+02
5.967882264647932367e+00 4.290507202148437500e+02
5.971317017030463248e+00 4.445211486816406250e+02
5.974751769412994129e+00 4.572189941406250000e+02
5.978186521795525898e+00 4.589107666015625000e+02
5.981621274178056780e+00 4.445256958007812500e+02
5.985056026560588549e+00 4.223902893066406250e+02
5.988490778943119430e+00 3.970769653320312500e+02
5.991925531325650311e+00 3.811600036621093750e+02
5.995360283708181193e+00 3.715257873535156250e+02
5.998795036090712074e+00 3.705033264160156250e+02
6.002229788473243843e+00 3.725083007812500000e+02
6.005664540855774725e+00 3.784304809570312500e+02
6.009099293238306494e+00 3.805508728027343750e+02
6.012534045620837375e+00 3.779377746582031250e+02
6.015968798003369145e+00 3.779351806640625000e+02
6.019403550385899138e+00 3.839643859863281250e+02
6.022838302768430907e+00 3.880396728515625000e+02
6.026273055150961788e+00 3.920888366699218750e+02
6.029707807533493558e+00 3.892320861816406250e+02
6.033142559916024439e+00 3.853828125000000000e+02
6.036577312298556208e+00 3.812597656250000000e+02
6.040012064681087089e+00 3.815910034179687500e+02
6.043446817063618859e+00 3.806992797851562500e+02
6.046881569446148852e+00 3.814548645019531250e+02
6.050316321828680621e+00 3.839608764648437500e+02
6.053751074211211503e+00 3.837662658691406250e+02
6.057185826593743272e+00 3.833125000000000000e+02
6.060620578976274153e+00 3.854732055664062500e+02
6.064055331358805923e+00 3.903816528320312500e+02
6.067490083741336804e+00 3.941120605468750000e+02
6.070924836123867685e+00 3.950911560058593750e+02
6.074359588506398566e+00 3.962439575195312500e+02
6.077794340888929447e+00 3.877050476074218750e+02
6.081229093271461217e+00 3.838953857421875000e+02
6.084663845653992098e+00 3.782682800292968750e+02
6.088098598036523867e+00 3.766253051757812500e+02
6.091533350419054749e+00 3.718405761718750000e+02
6.094968102801585630e+00 3.641833801269531250e+02
6.098402855184116511e+00 3.639201049804687500e+02
6.101837607566648281e+00 3.620554504394531250e+02
6.105272359949179162e+00 3.698922424316406250e+02
6.108707112331710931e+00 3.698595275878906250e+02
6.112141864714241812e+00 3.730694885253906250e+02
6.115576617096773582e+00 3.694235534667968750e+02
6.119011369479304463e+00 3.720928344726562500e+02
6.122446121861835344e+00 3.752357482910156250e+02
6.125880874244366225e+00 3.807816772460937500e+02
6.129315626626897995e+00 3.788800964355468750e+02
6.132750379009428876e+00 3.739575500488281250e+02
6.136185131391960645e+00 3.655211181640625000e+02
6.139619883774491527e+00 3.649002990722656250e+02
6.143054636157022408e+00 3.679625244140625000e+02
6.146489388539553289e+00 3.754107360839843750e+02
6.149924140922085058e+00 3.762692565917968750e+02
6.153358893304615940e+00 3.751692810058593750e+02
6.156793645687146821e+00 3.742069702148437500e+02
6.160228398069678590e+00 3.687911071777343750e+02
6.163663150452209472e+00 3.671843261718750000e+02
6.167097902834741241e+00 3.646174926757812500e+02
6.170532655217271234e+00 3.638892211914062500e+02
6.173967407599803003e+00 3.633542785644531250e+02
6.177402159982333885e+00 3.622541809082031250e+02
6.180836912364865654e+00 3.664427185058593750e+02
6.184271664747396535e+00 3.664729309082031250e+02
6.187706417129928305e+00 3.654760742187500000e+02
6.191141169512459186e+00 3.600890197753906250e+02
6.194575921894990067e+00 3.517956542968750000e+02
6.198010674277520948e+00 3.479077758789062500e+02
6.201445426660052718e+00 3.486339721679687500e+02
6.204880179042583599e+00 3.527243652343750000e+02
6.208314931425115368e+00 3.546437988281250000e+02
6.211749683807646250e+00 3.566506958007812500e+02
6.215184436190178019e+00 3.572337951660156250e+02
6.218619188572708900e+00 3.562358703613281250e+02
6.222053940955239781e+00 3.524067993164062500e+02
6.225488693337770663e+00 3.519765319824218750e+02
6.228923445720301544e+00 3.527880554199218750e+02
6.232358198102833313e+00 3.558214111328125000e+02
6.235792950485364194e+00 3.511373291015625000e+02
6.239227702867895964e+00 3.479147338867187500e+02
6.242662455250426845e+00 3.484700927734375000e+02
6.246097207632957726e+00 3.510762939453125000e+02
6.249531960015488607e+00 3.538962097167968750e+02
6.252966712398020377e+00 3.528929138183593750e+02
6.256401464780551258e+00 3.572655944824218750e+02
6.259836217163083028e+00 3.603677978515625000e+02
6.263270969545613909e+00 3.650001831054687500e+02
6.266705721928145678e+00 3.683623657226562500e+02
6.270140474310675671e+00 3.703433837890625000e+02
6.273575226693207441e+00 3.785460510253906250e+02
6.277009979075738322e+00 3.840524291992187500e+02
6.280444731458270091e+00 3.910550842285156250e+02
6.283879483840800972e+00 3.927555236816406250e+02
6.287314236223332742e+00 3.930605773925781250e+02
6.290748988605863623e+00 3.879190063476562500e+02
6.294183740988394504e+00 3.778372802734375000e+02
6.297618493370925385e+00 3.673414001464843750e+02
6.301053245753457155e+00 3.625677490234375000e+02
6.304487998135988036e+00 3.604813537597656250e+02
6.307922750518518917e+00 3.585133972167968750e+02
6.311357502901050687e+00 3.529441833496093750e+02
6.314792255283581568e+00 3.471750793457031250e+02
6.318227007666113337e+00 3.492918395996093750e+02
6.321661760048643330e+00 3.548664245605468750e+02
6.325096512431175100e+00 3.650601806640625000e+02
6.328531264813705981e+00 3.719482421875000000e+02
6.331966017196237750e+00 3.743466491699218750e+02
6.335400769578768632e+00 3.740865478515625000e+02
6.338835521961300401e+00 3.727858276367187500e+02
6.342270274343831282e+00 3.737611694335937500e+02
6.345705026726362163e+00 3.726715698242187500e+02
6.349139779108893045e+00 3.701606445312500000e+02
6.352574531491424814e+00 3.675407104492187500e+02
6.356009283873955695e+00 3.628525085449218750e+02
6.359444036256487465e+00 3.542950744628906250e+02
6.362878788639018346e+00 3.463003540039062500e+02
6.366313541021550115e+00 3.436084289550781250e+02
6.369748293404080997e+00 3.428726501464843750e+02
6.373183045786611878e+00 3.416612243652343750e+02
6.376617798169142759e+00 3.435030517578125000e+02
6.380052550551673640e+00 3.485983886718750000e+02
6.383487302934205410e+00 3.560170593261718750e+02
6.386922055316736291e+00 3.610483703613281250e+02
6.390356807699268060e+00 3.635429382324218750e+02
6.393791560081798941e+00 3.629426574707031250e+02
6.397226312464329823e+00 3.610531921386718750e+02
6.400661064846860704e+00 3.598579711914062500e+02
6.404095817229392473e+00 3.614202880859375000e+02
6.407530569611923355e+00 3.576499328613281250e+02
6.410965321994455124e+00 3.566217041015625000e+02
6.414400074376986005e+00 3.555930480957031250e+02
6.417834826759517775e+00 3.624240722656250000e+02
6.421269579142047768e+00 3.643295898437500000e+02
6.424704331524579537e+00 3.697640075683593750e+02
6.428139083907110418e+00 3.698537902832031250e+02
6.431573836289642188e+00 3.750514831542968750e+02
6.435008588672173069e+00 3.776113281250000000e+02
6.438443341054704838e+00 3.777987670898437500e+02
6.441878093437235719e+00 3.735162353515625000e+02
6.445312845819766601e+00 3.668235778808593750e+02
6.448747598202297482e+00 3.641293640136718750e+02
6.452182350584829251e+00 3.598565368652343750e+02
6.455617102967360132e+00 3.567143249511718750e+02
6.459051855349891014e+00 3.560097961425781250e+02
6.462486607732422783e+00 3.554109802246093750e+02
6.465921360114953664e+00 3.537208862304687500e+02
6.469356112497485434e+00 3.495443115234375000e+02
6.472790864880015427e+00 3.505790710449218750e+02
6.476225617262547196e+00 3.510521850585937500e+02
6.479660369645078077e+00 3.495247497558593750e+02
6.483095122027609847e+00 3.459725646972656250e+02
6.486529874410140728e+00 3.461528625488281250e+02
6.489964626792672497e+00 3.437927551269531250e+02
6.493399379175203379e+00 3.413240966796875000e+02
6.496834131557734260e+00 3.384568786621093750e+02
6.500268883940265141e+00 3.425541381835937500e+02
6.503703636322796910e+00 3.481398315429687500e+02
6.507138388705327792e+00 3.517961425781250000e+02
6.510573141087859561e+00 3.497808532714843750e+02
6.514007893470390442e+00 3.516753234863281250e+02
6.517442645852922212e+00 3.546447143554687500e+02
6.520877398235453093e+00 3.593173522949218750e+02
6.524312150617983974e+00 3.558879089355468750e+02
6.527746903000514855e+00 3.521289062500000000e+02
6.531181655383045737e+00 3.511770935058593750e+02
6.534616407765577506e+00 3.540353393554687500e+02
6.538051160148108387e+00 3.578278503417968750e+02
6.541485912530640157e+00 3.583215637207031250e+02
6.544920664913171038e+00 3.532575378417968750e+02
6.548355417295701919e+00 3.486539611816406250e+02
6.551790169678232800e+00 3.424019165039062500e+02
6.555224922060764570e+00 3.460010986328125000e+02
6.558659674443295451e+00 3.445948791503906250e+02
6.562094426825827220e+00 3.458958740234375000e+02
6.565529179208358102e+00 3.457844543457031250e+02
6.568963931590889871e+00 3.509335327148437500e+02
6.572398683973419864e+00 3.524257507324218750e+02
6.575833436355951633e+00 3.493970031738281250e+02
6.579268188738482515e+00 3.493810729980468750e+02
6.582702941121014284e+00 3.505904846191406250e+02
6.586137693503545165e+00 3.508655700683593750e+02
6.589572445886076935e+00 3.481492004394531250e+02
6.593007198268607816e+00 3.512800292968750000e+02
6.596441950651138697e+00 3.553660888671875000e+02
6.599876703033669578e+00 3.612672729492187500e+02
6.603311455416201348e+00 3.599401245117187500e+02
6.606746207798732229e+00 3.569599304199218750e+02
6.610180960181263110e+00 3.487180480957031250e+02
6.613615712563794879e+00 3.446092529296875000e+02
6.617050464946325761e+00 3.424979248046875000e+02
6.620485217328857530e+00 3.433126525878906250e+02
6.623919969711387523e+00 3.432045288085937500e+02
6.627354722093919293e+00 3.422363281250000000e+02
6.630789474476450174e+00 3.438042602539062500e+02
6.634224226858981943e+00 3.444658508300781250e+02
6.637658979241512824e+00 3.453885498046875000e+02
6.641093731624044594e+00 3.445019226074218750e+02
6.644528484006575475e+00 3.430034790039062500e+02
6.647963236389106356e+00 3.404843750000000000e+02
6.651397988771637237e+00 3.363625183105468750e+02
6.654832741154169007e+00 3.358147583007812500e+02
6.658267493536699888e+00 3.346358337402343750e+02
6.661702245919231657e+00 3.343659973144531250e+02
6.665136998301762539e+00 3.348759460449218750e+02
6.668571750684294308e+00 3.388595581054687500e+02
6.672006503066824301e+00 3.424108581542968750e+02
6.675441255449356071e+00 3.516066589355468750e+02
6.678876007831886952e+00 3.589295043945312500e+02
6.682310760214417833e+00 3.623396911621093750e+02
6.685745512596949602e+00 3.644157409667968750e+02
6.689180264979480484e+00 3.658038024902343750e+02
6.692615017362012253e+00 3.688508300781250000e+02
6.696049769744543134e+00 3.644207763671875000e+02
6.699484522127074015e+00 3.577562866210937500e+02
6.702919274509604897e+00 3.495851440429687500e+02
6.706354026892136666e+00 3.423836364746093750e+02
6.709788779274667547e+00 3.428616943359375000e+02
6.713223531657199317e+00 3.418783569335937500e+02
6.716658284039730198e+00 3.422466430664062500e+02
6.720093036422261967e+00 3.395231323242187500e+02
6.723527788804791960e+00 3.350598144531250000e+02
6.726962541187323730e+00 3.325474853515625000e+02
6.730397293569854611e+00 3.293360290527343750e+02
6.733832045952386380e+00 3.297559204101562500e+02
6.737266798334917262e+00 3.296392822265625000e+02
6.740701550717449031e+00 3.321658630371093750e+02
6.744136303099979912e+00 3.328247070312500000e+02
6.747571055482510793e+00 3.342590026855468750e+02
6.751005807865041675e+00 3.342364196777343750e+02
6.754440560247573444e+00 3.362342834472656250e+02
6.757875312630104325e+00 3.349255371093750000e+02
6.761310065012635206e+00 3.395854187011718750e+02
6.764744817395166976e+00 3.410427246093750000e+02
6.768179569777697857e+00 3.437614440917968750e+02
6.771614322160229626e+00 3.404289550781250000e+02
6.775049074542759620e+00 3.446556396484375000e+02
6.778483826925291389e+00 3.445408630371093750e+02
6.781918579307822270e+00 3.445392150878906250e+02
6.785353331690354040e+00 3.406204833984375000e+02
6.788788084072884921e+00 3.397343444824218750e+02
6.792222836455416690e+00 3.411204223632812500e+02
6.795657588837947571e+00 3.448434448242187500e+02
6.799092341220478453e+00 3.493371582031250000e+02
6.802527093603009334e+00 3.543848266601562500e+02
6.805961845985541103e+00 3.580971374511718750e+02
6.809396598368071984e+00 3.612529602050781250e+02
6.812831350750603754e+00 3.589381408691406250e+02
6.816266103133134635e+00 3.597962951660156250e+02
6.819700855515666404e+00 3.580720825195312500e+02
6.823135607898196398e+00 3.589298706054687500e+02
6.826570360280728167e+00 3.550797424316406250e+02
6.830005112663259048e+00 3.486341857910156250e+02
6.833439865045790818e+00 3.433005371093750000e+02
6.836874617428321699e+00 3.400535583496093750e+02
6.840309369810852580e+00 3.434972534179687500e+02
6.843744122193384349e+00 3.412401428222656250e+02
6.847178874575915231e+00 3.390856933593750000e+02
6.850613626958446112e+00 3.388458557128906250e+02
6.854048379340976993e+00 3.471695251464843750e+02
6.857483131723508762e+00 3.536719360351562500e+02
6.860917884106039644e+00 3.581948852539062500e+02
6.864352636488571413e+00 3.551098937988281250e+02
6.867787388871102294e+00 3.507474060058593750e+02
6.871222141253634064e+00 3.436968994140625000e+02
6.874656893636164057e+00 3.395535888671875000e+02
6.878091646018695826e+00 3.334768371582031250e+02
6.881526398401226707e+00 3.335840454101562500e+02
6.884961150783758477e+00 3.350575256347656250e+02
6.888395903166289358e+00 3.412795410156250000e+02
6.891830655548821127e+00 3.492308044433593750e+02
6.895265407931352009e+00 3.594548034667968750e+02
6.898700160313882890e+00 3.665092468261718750e+02
6.902134912696413771e+00 3.707315979003906250e+02
6.905569665078945540e+00 3.697280578613281250e+02
6.909004417461476422e+00 3.649955444335937500e+02
6.912439169844007303e+00 3.515677795410156250e+02
6.915873922226539072e+00 3.421942749023437500e+02
6.919308674609069953e+00 3.383997497558593750e+02
6.922743426991601723e+00 3.372174987792968750e+02
6.926178179374131716e+00 3.321847534179687500e+02
6.929612931756663485e+00 3.316672058105468750e+02
6.933047684139194367e+00 3.357698669433593750e+02
6.936482436521726136e+00 3.419297790527343750e+02
6.939917188904257017e+00 3.434392395019531250e+02
6.943351941286788787e+00 3.482573852539062500e+02
6.946786693669319668e+00 3.522655029296875000e+02
6.950221446051850549e+00 3.545192565917968750e+02
6.953656198434381430e+00 3.529035339355468750e+02
6.957090950816913200e+00 3.504361877441406250e+02
6.960525703199444081e+00 3.427601928710937500e+02
6.963960455581975850e+00 3.366999511718750000e+02
6.967395207964506731e+00 3.348207702636718750e+02
6.970829960347038501e+00 3.357511596679687500e+02
6.974264712729568494e+00 3.388022155761718750e+02
6.977699465112100263e+00 3.419303894042968750e+02
6.981134217494631145e+00 3.452192077636718750e+02
6.984568969877162914e+00 3.433912658691406250e+02
6.988003722259693795e+00 3.404125366210937500e+02
6.991438474642224676e+00 3.374838256835937500e+02
6.994873227024756446e+00 3.352029418945312500e+02
6.998307979407287327e+00 3.362804260253906250e+02
7.001742731789818208e+00 3.355692138671875000e+02
7.005177484172349089e+00 3.353940429687500000e+02
7.008612236554880859e+00 3.360025634765625000e+02
7.012046988937411740e+00 3.372209777832031250e+02
7.015481741319943509e+00 3.359264221191406250e+02
7.018916493702474391e+00 3.394623413085937500e+02
7.022351246085006160e+00 3.425290832519531250e+02
7.025785998467536153e+00 3.465896301269531250e+02
7.029220750850067922e+00 3.434958496093750000e+02
7.032655503232598804e+00 3.455328674316406250e+02
7.036090255615130573e+00 3.436795349121093750e+02
7.039525007997661454e+00 3.453393554687500000e+02
7.042959760380193224e+00 3.419562072753906250e+02
7.046394512762724105e+00 3.387351684570312500e+02
7.049829265145254986e+00 3.340438232421875000e+02
7.053264017527785867e+00 3.336569519042968750e+02
7.056698769910317637e+00 3.332984924316406250e+02
7.060133522292848518e+00 3.313564453125000000e+02
7.063568274675379399e+00 3.325334777832031250e+02
7.067003027057911169e+00 3.352867126464843750e+02
7.070437779440442050e+00 3.390841369628906250e+02
7.073872531822972931e+00 3.421510009765625000e+02
7.077307284205503812e+00 3.460293579101562500e+02
7.080742036588035582e+00 3.456862182617187500e+02
7.084176788970566463e+00 3.455662231445312500e+02
7.087611541353098232e+00 3.482846679687500000e+02
7.091046293735629114e+00 3.544623413085937500e+02
7.094481046118160883e+00 3.601643981933593750e+02
7.097915798500691764e+00 3.647622375488281250e+02
7.101350550883222645e+00 3.594932861328125000e+02
7.104785303265753527e+00 3.525687561035156250e+02
7.108220055648285296e+00 3.435298461914062500e+02
7.111654808030816177e+00 3.393617553710937500e+02
7.115089560413347947e+00 3.357949523925781250e+02
7.118524312795878828e+00 3.343078002929687500e+02
7.121959065178410597e+00 3.337219238281250000e+02
7.125393817560940590e+00 3.304654235839843750e+02
7.128828569943472360e+00 3.293276367187500000e+02
7.132263322326003241e+00 3.296958007812500000e+02
7.135698074708535010e+00 3.277493591308593750e+02
7.139132827091065892e+00 3.261803283691406250e+02
7.142567579473596773e+00 3.257117919921875000e+02
7.146002331856128542e+00 3.242976989746093750e+02
7.149437084238658535e+00 3.251114807128906250e+02
7.152871836621190305e+00 3.252618408203125000e+02
7.156306589003721186e+00 3.317102355957031250e+02
7.159741341386252955e+00 3.355685729980468750e+02
7.163176093768782948e+00 3.402427062988281250e+02
7.166610846151314718e+00 3.408885803222656250e+02
7.170045598533845599e+00 3.430640258789062500e+02
7.173480350916377368e+00 3.425546875000000000e+02
7.176915103298908249e+00 3.396027526855468750e+02
7.180349855681440019e+00 3.339217224121093750e+02
7.183784608063970900e+00 3.254098815917968750e+02
7.187219360446502670e+00 3.218082580566406250e+02
7.190654112829033551e+00 3.227582092285156250e+02
7.194088865211565320e+00 3.219393615722656250e+02
7.197523617594096201e+00 3.212159729003906250e+02
7.200958369976627971e+00 3.190060729980468750e+02
7.204393122359158852e+00 3.233082885742187500e+02
7.207827874741689733e+00 3.273927307128906250e+02
7.211262627124221503e+00 3.257084655761718750e+02
7.214697379506751496e+00 3.226609497070312500e+02
7.218132131889282377e+00 3.240695190429687500e+02
7.221566884271814146e+00 3.283827209472656250e+02
7.225001636654345027e+00 3.267261657714843750e+02
7.228436389036875909e+00 3.256927185058593750e+02
7.231871141419407678e+00 3.219299316406250000e+02
7.235305893801938559e+00 3.225176696777343750e+02
7.238740646184470329e+00 3.238394470214843750e+02
7.242175398567001210e+00 3.310717773437500000e+02
7.245610150949532979e+00 3.333853454589843750e+02
7.249044903332063861e+00 3.285616149902343750e+02
7.252479655714595630e+00 3.219946289062500000e+02
7.255914408097126511e+00 3.162296752929687500e+02
7.259349160479658281e+00 3.165108337402343750e+02
7.262783912862187385e+00 3.180595092773437500e+02
7.266218665244719155e+00 3.195697937011718750e+02
7.269653417627250036e+00 3.237893981933593750e+02
7.273088170009781805e+00 3.227713623046875000e+02
7.276522922392312687e+00 3.220422058105468750e+02
7.279957674774844456e+00 3.228244018554687500e+02
7.283392427157375337e+00 3.301674499511718750e+02
7.286827179539907107e+00 3.335986938476562500e+02
7.290261931922437988e+00 3.286764831542968750e+02
7.293696684304968869e+00 3.216723327636718750e+02
7.297131436687500639e+00 3.201228332519531250e+02
7.300566189070031520e+00 3.237837524414062500e+02
7.304000941452563289e+00 3.282542724609375000e+02
7.307435693835094170e+00 3.301936645507812500e+02
7.310870446217625940e+00 3.301481323242187500e+02
7.314305198600155045e+00 3.286063232421875000e+02
7.317739950982686814e+00 3.275610961914062500e+02
7.321174703365217695e+00 3.244617614746093750e+02
7.324609455747749465e+00 3.192091369628906250e+02
7.328044208130280346e+00 3.123035888671875000e+02
7.331478960512812115e+00 3.101013793945312500e+02
7.334913712895342996e+00 3.136416625976562500e+02
7.338348465277874766e+00 3.144494628906250000e+02
7.341783217660405647e+00 3.150675659179687500e+02
7.345217970042937417e+00 3.146221618652343750e+02
7.348652722425468298e+00 3.225804748535156250e+02
7.352087474808000067e+00 3.299426269531250000e+02
7.355522227190530948e+00 3.342869262695312500e+02
7.358956979573061830e+00 3.340086669921875000e+02
7.362391731955593599e+00 3.350835571289062500e+02
7.365826484338123592e+00 3.327355346679687500e+02
7.369261236720654473e+00 3.322524108886718750e+02
7.372695989103186243e+00 3.326732177734375000e+02
7.376130741485717124e+00 3.333208923339843750e+02
7.379565493868248005e+00 3.296069030761718750e+02
7.383000246250779774e+00 3.263569030761718750e+02
7.386434998633310656e+00 3.245143737792968750e+02
7.389869751015842425e+00 3.281022033691406250e+02
7.393304503398373306e+00 3.315830688476562500e+02
7.396739255780905076e+00 3.338471374511718750e+02
7.400174008163435957e+00 3.323063354492187500e+02
7.403608760545967726e+00 3.292663269042968750e+02
7.407043512928498608e+00 3.291450195312500000e+02
7.410478265311030377e+00 3.265486755371093750e+02
7.413913017693559482e+00 3.258695373535156250e+02
7.417347770076091251e+00 3.263179321289062500e+02
7.420782522458622132e+00 3.283773803710937500e+02
7.424217274841153902e+00 3.279082641601562500e+02
7.427652027223684783e+00 3.254952392578125000e+02
7.431086779606216552e+00 3.215744628906250000e+02
7.434521531988747434e+00 3.201925048828125000e+02
7.437956284371279203e+00 3.147846374511718750e+02
7.441391036753810084e+00 3.186319274902343750e+02
7.444825789136340966e+00 3.176865234375000000e+02
7.448260541518872735e+00 3.173288574218750000e+02
7.451695293901403616e+00 3.185439147949218750e+02
7.455130046283935386e+00 3.207754821777343750e+02
7.458564798666466267e+00 3.239563293457031250e+02
7.461999551048998036e+00 3.289512023925781250e+02
7.465434303431527141e+00 3.343234863281250000e+02
7.468869055814058910e+00 3.350054626464843750e+02
7.472303808196589792e+00 3.290937805175781250e+02
7.475738560579121561e+00 3.264610290527343750e+02
7.479173312961652442e+00 3.272605590820312500e+02
7.482608065344184212e+00 3.263220520019531250e+02
7.486042817726715093e+00 3.264591979980468750e+02
7.489477570109246862e+00 3.232056884765625000e+02
7.492912322491777743e+00 3.187659606933593750e+02
7.496347074874309513e+00 3.189983825683593750e+02
7.499781827256840394e+00 3.180201110839843750e+02
7.503216579639372164e+00 3.218688964843750000e+02
7.506651332021903045e+00 3.207719421386718750e+02
7.510086084404433926e+00 3.247359924316406250e+02
7.513520836786963919e+00 3.352597961425781250e+02
7.516955589169495688e+00 3.425379028320312500e+02
7.520390341552026570e+00 3.515545654296875000e+02
7.523825093934558339e+00 3.508967895507812500e+02
7.527259846317089220e+00 3.473859252929687500e+02
7.530694598699620101e+00 3.394129943847656250e+02
7.534129351082151871e+00 3.297117309570312500e+02
7.537564103464682752e+00 3.212032775878906250e+02
7.540998855847214521e+00 3.202825317382812500e+02
7.544433608229745403e+00 3.224232482910156250e+02
7.547868360612277172e+00 3.268261108398437500e+02
7.551303112994808053e+00 3.238920898437500000e+02
7.554737865377339823e+00 3.221436462402343750e+02
7.558172617759870704e+00 3.217240600585937500e+02
7.561607370142402473e+00 3.281166076660156250e+02
7.565042122524931578e+00 3.318982238769531250e+02
7.568476874907463348e+00 3.336134033203125000e+02
7.571911627289994229e+00 3.294546813964843750e+02
7.575346379672525998e+00 3.279897155761718750e+02
7.578781132055056879e+00 3.262376098632812500e+02
7.582215884437588649e+00 3.247070312500000000e+02
7.585650636820119530e+00 3.267965087890625000e+02
7.589085389202651299e+00 3.286748352050781250e+02
7.592520141585182181e+00 3.306961364746093750e+02
7.595954893967713062e+00 3.304115600585937500e+02
7.599389646350244831e+00 3.290434570312500000e+02
7.602824398732775713e+00 3.285202331542968750e+02
7.606259151115307482e+00 3.297701721191406250e+02
7.609693903497838363e+00 3.340395507812500000e+02
7.613128655880370133e+00 3.341665344238281250e+02
7.616563408262899237e+00 3.294757690429687500e+02
7.619998160645431007e+00 3.239167480468750000e+02
7.623432913027961888e+00 3.185898437500000000e+02
7.626867665410493657e+00 3.185352783203125000e+02
7.630302417793024539e+00 3.221113891601562500e+02
7.633737170175556308e+00 3.216609497070312500e+02
7.637171922558087189e+00 3.179013366699218750e+02
7.640606674940618959e+00 3.131669921875000000e+02
7.644041427323149840e+00 3.141206359863281250e+02
7.647476179705681609e+00 3.138382263183593750e+02
7.650910932088212490e+00 3.126844177246093750e+02
7.654345684470744260e+00 3.126270141601562500e+02
7.657780436853275141e+00 3.136856994628906250e+02
7.661215189235806022e+00 3.167926635742187500e+02
7.664649941618336015e+00 3.157100524902343750e+02
7.668084694000867785e+00 3.144531555175781250e+02
7.671519446383398666e+00 3.149609985351562500e+02
7.674954198765930435e+00 3.185900268554687500e+02
7.678388951148461317e+00 3.233503723144531250e+02
7.681823703530992198e+00 3.263027648925781250e+02
7.685258455913523967e+00 3.272686767578125000e+02
7.688693208296054848e+00 3.286897888183593750e+02
7.692127960678586618e+00 3.320252380371093750e+02
7.695562713061117499e+00 3.408513793945312500e+02
7.698997465443649268e+00 3.507651062011718750e+02
7.702432217826180150e+00 3.614229431152343750e+02
7.705866970208711919e+00 3.800557861328125000e+02
7.709301722591242800e+00 4.013837890625000000e+02
7.712736474973774570e+00 4.316718139648437500e+02
7.716171227356303675e+00 4.565660400390625000e+02
7.719605979738835444e+00 4.739141540527343750e+02
7.723040732121366325e+00 4.698566589355468750e+02
7.726475484503898095e+00 4.482090148925781250e+02
7.729910236886428976e+00 4.147162170410156250e+02
7.733344989268960745e+00 3.786094055175781250e+02
7.736779741651491626e+00 3.500587768554687500e+02
7.740214494034023396e+00 3.307640686035156250e+02
7.743649246416554277e+00 3.218170471191406250e+02
7.747083998799085158e+00 3.173309631347656250e+02
7.750518751181616928e+00 3.175117187500000000e+02
7.753953503564147809e+00 3.187741088867187500e+02
7.757388255946679578e+00 3.203834533691406250e+02
7.760823008329210460e+00 3.201529846191406250e+02
7.764257760711742229e+00 3.169925842285156250e+02
7.767692513094271334e+00 3.132733154296875000e+02
7.771127265476803103e+00 3.061471862792968750e+02
7.774562017859333984e+00 3.025684509277343750e+02
7.777996770241865754e+00 3.051518554687500000e+02
7.781431522624396635e+00 3.126585693359375000e+02
7.784866275006928404e+00 3.151390686035156250e+02
7.788301027389459286e+00 3.131772460937500000e+02
7.791735779771991055e+00 3.113392028808593750e+02
7.795170532154521936e+00 3.073507995605468750e+02
7.798605284537053706e+00 3.095918884277343750e+02
7.802040036919584587e+00 3.163460998535156250e+02
7.805474789302116356e+00 3.171597290039062500e+02
7.808909541684647238e+00 3.135675048828125000e+02
7.812344294067178119e+00 3.103374328613281250e+02
7.815779046449708112e+00 3.139719848632812500e+02
7.819213798832239881e+00 3.189489746093750000e+02
7.822648551214770762e+00 3.185976867675781250e+02
7.826083303597302532e+00 3.215382690429687500e+02
7.829518055979833413e+00 3.173400268554687500e+02
7.832952808362364294e+00 3.153184509277343750e+02
7.836387560744896064e+00 3.097010498046875000e+02
7.839822313127426945e+00 3.064768676757812500e+02
7.843257065509958714e+00 3.096499023437500000e+02
7.846691817892489595e+00 3.103750000000000000e+02
7.850126570275021365e+00 3.095336914062500000e+02
7.853561322657552246e+00 3.066877746582031250e+02
7.856996075040084015e+00 3.073825073242187500e+02
7.860430827422614897e+00 3.059877319335937500e+02
7.863865579805146666e+00 3.051732177734375000e+02
7.867300332187675771e+00 3.063382263183593750e+02
7.870735084570207540e+00 3.093477172851562500e+02
7.874169836952738422e+00 3.064336242675781250e+02
7.877604589335270191e+00 3.033790588378906250e+02
7.881039341717801072e+00 3.034420776367187500e+02
7.884474094100332842e+00 3.066371765136718750e+02
7.887908846482863723e+00 3.077546997070312500e+02
7.891343598865395492e+00 3.090208435058593750e+02
7.894778351247926373e+00 3.087446594238281250e+02
7.898213103630457255e+00 3.091159973144531250e+02
7.901647856012989024e+00 3.069255981445312500e+02
7.905082608395519905e+00 3.079755554199218750e+02
7.908517360778051675e+00 3.094566040039062500e+02
7.911952113160582556e+00 3.129665222167968750e+02
7.915386865543112549e+00 3.107859191894531250e+02
7.918821617925643430e+00 3.095431518554687500e+02
7.922256370308175200e+00 3.131309814453125000e+02
7.925691122690706081e+00 3.156055297851562500e+02
7.929125875073237850e+00 3.148712463378906250e+02
7.932560627455768731e+00 3.058971252441406250e+02
7.935995379838300501e+00 3.045904541015625000e+02
7.939430132220831382e+00 3.045720214843750000e+02
7.942864884603363151e+00 3.082205505371093750e+02
7.946299636985894033e+00 3.050186767578125000e+02
7.949734389368425802e+00 3.031723632812500000e+02
7.953169141750956683e+00 3.024844360351562500e+02
7.956603894133488453e+00 3.042678527832031250e+02
7.960038646516019334e+00 3.049205322265625000e+02
7.963473398898551103e+00 3.066121826171875000e+02
7.966908151281080208e+00 3.053233337402343750e+02
7.970342903663611978e+00 3.037497863769531250e+02
7.973777656046142859e+00 3.024815063476562500e+02
7.977212408428674628e+00 3.037190856933593750e+02
7.980647160811205509e+00 3.045710449218750000e+02
7.984081913193736391e+00 3.051168518066406250e+02
7.987516665576268160e+00 3.070832824707031250e+02
7.990951417958799041e+00 3.070395812988281250e+02
7.994386170341330811e+00 3.096449584960937500e+02
7.997820922723861692e+00 3.135152282714843750e+02
8.001255675106392573e+00 3.156513671875000000e+02
8.004690427488924342e+00 3.184686889648437500e+02
8.008125179871456112e+00 3.162311096191406250e+02
8.011559932253987881e+00 3.179000244140625000e+02
8.014994684636517874e+00 3.169180603027343750e+02
8.018429437019047867e+00 3.195933837890625000e+02
8.021864189401579637e+00 3.174883117675781250e+02
8.025298941784111406e+00 3.111545410156250000e+02
8.028733694166641399e+00 3.091731872558593750e+02
8.032168446549173169e+00 3.068140869140625000e+02
8.035603198931704938e+00 3.116966857910156250e+02
8.039037951314236707e+00 3.112173156738281250e+02
8.042472703696766700e+00 3.093541259765625000e+02
8.045907456079298470e+00 3.050185241699218750e+02
8.049342208461830239e+00 3.031176757812500000e+02
8.052776960844360232e+00 3.064041137695312500e+02
8.056211713226892002e+00 3.091202697753906250e+02
8.059646465609423771e+00 3.089286499023437500e+02
8.063081217991955540e+00 3.035237121582031250e+02
8.066515970374485534e+00 3.028845214843750000e+02
8.069950722757015527e+00 3.019578857421875000e+02
8.073385475139547296e+00 3.043433532714843750e+02
8.076820227522079065e+00 3.033396301269531250e+02
8.080254979904609058e+00 3.034013061523437500e+02
8.083689732287140828e+00 3.004276123046875000e+02
8.087124484669672597e+00 3.001645812988281250e+02
8.090559237052204367e+00 3.022511901855468750e+02
8.093993989434734360e+00 3.013813781738281250e+02
8.097428741817266129e+00 3.005630493164062500e+02
8.100863494199797898e+00 2.968315124511718750e+02
8.104298246582329668e+00 2.991047668457031250e+02
8.107732998964859661e+00 2.987984008789062500e+02
8.111167751347391430e+00 3.003559875488281250e+02
8.114602503729923200e+00 3.027264709472656250e+02
8.118037256112453193e+00 3.039127807617187500e+02
8.121472008494983186e+00 3.069505615234375000e+02
8.124906760877514955e+00 3.035050659179687500e+02
8.128341513260046725e+00 3.014436340332031250e+02
8.131776265642578494e+00 2.937889709472656250e+02
8.135211018025108487e+00 2.924956359863281250e+02
8.138645770407640256e+00 2.967869262695312500e+02
8.142080522790172026e+00 3.030354919433593750e+02
8.145515275172702019e+00 3.040637512207031250e+02
8.148950027555233788e+00 3.024302062988281250e+02
8.152384779937765558e+00 2.965952148437500000e+02
8.155819532320297327e+00 2.951182861328125000e+02
8.159254284702827320e+00 2.974866943359375000e+02
8.162689037085359089e+00 3.030257263183593750e+02
8.166123789467890859e+00 3.049184570312500000e+02
8.169558541850420852e+00 3.056433410644531250e+02
8.172993294232950845e+00 3.089185180664062500e+02
8.176428046615482614e+00 3.095328063964843750e+02
8.179862798998014384e+00 3.097409667968750000e+02
8.183297551380546153e+00 3.098624877929687500e+02
8.186732303763076146e+00 3.138749389648437500e+02
8.190167056145607916e+00 3.126291503906250000e+02
8.193601808528139685e+00 3.105235595703125000e+02
8.197036560910671454e+00 3.091383666992187500e+02
8.200471313293201447e+00 3.106491394042968750e+02
8.203906065675733217e+00 3.128147888183593750e+02
8.207340818058264986e+00 3.121710510253906250e+02
8.210775570440794979e+00 3.084198303222656250e+02
8.214210322823326749e+00 3.066595153808593750e+02
8.217645075205856742e+00 3.077567443847656250e+02
8.221079827588388511e+00 3.105739440917968750e+02
8.224514579970918504e+00 3.092059936523437500e+02
8.227949332353450274e+00 3.078602294921875000e+02
8.231384084735982043e+00 3.072228393554687500e+02
8.234818837118513812e+00 3.071221618652343750e+02
8.238253589501043805e+00 3.046624450683593750e+02
8.241688341883575575e+00 3.036235046386718750e+02
8.245123094266107344e+00 3.063048706054687500e+02
8.248557846648639114e+00 3.086557006835937500e+02
8.251992599031169107e+00 3.075957946777343750e+02
8.255427351413700876e+00 3.072292175292968750e+02
8.258862103796232645e+00 3.089458312988281250e+02
8.262296856178764415e+00 3.132854614257812500e+02
8.265731608561294408e+00 3.142754821777343750e+02
8.269166360943824401e+00 3.137130737304687500e+02
8.272601113326356170e+00 3.084068603515625000e+02
8.276035865708887940e+00 3.020961608886718750e+02
8.279470618091417933e+00 3.002317199707031250e+02
8.282905370473949702e+00 3.055734252929687500e+02
8.286340122856481472e+00 3.050775451660156250e+02
8.289774875239011465e+00 3.052590942382812500e+02
8.293209627621543234e+00 3.012266540527343750e+02
8.296644380004075003e+00 3.017814331054687500e+02
8.300079132386606773e+00 2.997924194335937500e+02
8.303513884769136766e+00 2.981228027343750000e+02
8.306948637151668535e+00 2.997178344726562500e+02
8.310383389534200305e+00 2.982895812988281250e+02
8.313818141916732074e+00 2.981483764648437500e+02
8.317252894299262067e+00 2.981170654296875000e+02
8.320687646681792060e+00 3.020572814941406250e+02
8.324122399064323830e+00 3.020003662109375000e+02
8.327557151446855599e+00 3.014006347656250000e+02
8.330991903829385592e+00 3.039552001953125000e+02
8.334426656211917361e+00 3.083550415039062500e+02
8.337861408594449131e+00 3.107998046875000000e+02
8.341296160976980900e+00 3.109809570312500000e+02
8.344730913359510893e+00 3.080818786621093750e+02
8.348165665742042663e+00 3.073750915527343750e+02
8.351600418124574432e+00 3.051950988769531250e+02
8.355035170507104425e+00 3.081664733886718750e+02
8.358469922889636194e+00 3.050100402832031250e+02
8.361904675272167964e+00 3.076309509277343750e+02
8.365339427654699733e+00 3.071666259765625000e+02
8.368774180037229726e+00 3.047991027832031250e+02
8.372208932419759719e+00 3.001323547363281250e+02
8.375643684802291489e+00 3.002839355468750000e+02
8.379078437184823258e+00 3.078241271972656250e+02
8.382513189567353251e+00 3.114371337890625000e+02
8.385947941949885021e+00 3.070253906250000000e+02
8.389382694332416790e+00 3.035068359375000000e+02
8.392817446714948559e+00 3.014407958984375000e+02
8.396252199097478552e+00 3.056021118164062500e+02
8.399686951480010322e+00 3.032330322265625000e+02
8.403121703862542091e+00 3.062886962890625000e+02
8.406556456245073861e+00 3.045687561035156250e+02
8.409991208627603854e+00 3.015359802246093750e+02
8.413425961010135623e+00 2.992106628417968750e+02
8.416860713392667392e+00 2.995825805664062500e+02
8.420295465775197385e+00 3.068750305175781250e+02
8.423730218157727379e+00 3.097424316406250000e+02
8.427164970540259148e+00 3.112859802246093750e+02
8.430599722922790917e+00 3.068667297363281250e+02
8.434034475305322687e+00 3.058424682617187500e+02
8.437469227687852680e+00 3.088650207519531250e+02
8.440903980070384449e+00 3.191311645507812500e+02
8.444338732452916219e+00 3.340437316894531250e+02
8.447773484835446212e+00 3.496432800292968750e+02
8.451208237217977981e+00 3.646283264160156250e+02
8.454642989600509750e+00 3.797510681152343750e+02
8.458077741983041520e+00 3.934518432617187500e+02
8.461512494365571513e+00 3.972710571289062500e+02
8.464947246748103282e+00 3.861895141601562500e+02
8.468381999130633275e+00 3.626592712402343750e+02
8.471816751513165045e+00 3.357488708496093750e+02
8.475251503895695038e+00 3.200881042480468750e+02
8.478686256278226807e+00 3.069620361328125000e+02
8.482121008660758577e+00 3.026527404785156250e+02
8.485555761043290346e+00 2.983903198242187500e+02
8.488990513425820339e+00 2.985364074707031250e+02
8.492425265808352108e+00 2.976410827636718750e+02
8.495860018190883878e+00 2.934058227539062500e+02
8.499294770573415647e+00 2.900549316406250000e+02
8.502729522955945640e+00 2.885352478027343750e+02
8.506164275338477410e+00 2.915723876953125000e+02
8.509599027721009179e+00 2.960109252929687500e+02
8.513033780103539172e+00 2.980903320312500000e+02
8.516468532486070941e+00 2.979397277832031250e+02
8.519903284868600934e+00 2.975209045410156250e+02
8.523338037251132704e+00 2.964799194335937500e+02
8.526772789633662697e+00 2.983275146484375000e+02
8.530207542016194466e+00 2.996307373046875000e+02
8.533642294398726236e+00 2.994253845214843750e+02
8.537077046781258005e+00 2.968841247558593750e+02
8.540511799163787998e+00 2.913704223632812500e+02
8.543946551546319768e+00 2.919176025390625000e+02
8.547381303928851537e+00 2.889741821289062500e+02
8.550816056311383306e+00 2.918992614746093750e+02
8.554250808693913299e+00 2.885178527832031250e+02
8.557685561076445069e+00 2.888134155273437500e+02
8.561120313458976838e+00 2.897406921386718750e+02
8.564555065841508608e+00 2.924117736816406250e+02
8.567989818224038601e+00 2.936288757324218750e+02
8.571424570606568594e+00 2.936029052734375000e+02
8.574859322989100363e+00 2.969539794921875000e+02
8.578294075371632132e+00 2.961838989257812500e+02
8.581728827754162126e+00 2.958941345214843750e+02
8.585163580136693895e+00 2.959270935058593750e+02
8.588598332519225664e+00 2.988822021484375000e+02
8.592033084901755657e+00 2.999830627441406250e+02
8.595467837284287427e+00 2.947118225097656250e+02
8.598902589666819196e+00 2.917576293945312500e+02
8.602337342049350966e+00 2.883430175781250000e+02
8.605772094431880959e+00 2.913705139160156250e+02
8.609206846814412728e+00 2.896744995117187500e+02
8.612641599196944497e+00 2.925937500000000000e+02
8.616076351579476267e+00 2.915704650878906250e+02
8.619511103962004483e+00 2.905259399414062500e+02
8.622945856344536253e+00 2.858245849609375000e+02
8.626380608727068022e+00 2.821720581054687500e+02
8.629815361109599792e+00 2.803602600097656250e+02
8.633250113492129785e+00 2.780044555664062500e+02
8.636684865874661554e+00 2.836849060058593750e+02
8.640119618257193324e+00 2.923619079589843750e+02
8.643554370639725093e+00 2.973908386230468750e+02
8.646989123022255086e+00 2.952296752929687500e+02
8.650423875404786855e+00 2.930880432128906250e+02
8.653858627787318625e+00 2.924765625000000000e+02
8.657293380169850394e+00 2.906057434082031250e+02
8.660728132552380387e+00 2.886029052734375000e+02
8.664162884934912157e+00 2.905447998046875000e+02
8.667597637317443926e+00 2.871971130371093750e+02
8.671032389699973919e+00 2.837785644531250000e+02
8.674467142082503912e+00 2.813676757812500000e+02
8.677901894465035681e+00 2.810438232421875000e+02
8.681336646847567451e+00 2.818965148925781250e+02
8.684771399230097444e+00 2.818268737792968750e+02
8.688206151612629213e+00 2.871246643066406250e+02
8.691640903995160983e+00 2.892078857421875000e+02
8.695075656377692752e+00 2.873654785156250000e+02
8.698510408760222745e+00 2.830642700195312500e+02
8.701945161142754515e+00 2.814915466308593750e+02
8.705379913525286284e+00 2.871514282226562500e+02
8.708814665907818053e+00 2.931338500976562500e+02
8.712249418290348046e+00 2.917418823242187500e+02
8.715684170672879816e+00 2.881291503906250000e+02
8.719118923055411585e+00 2.875273742675781250e+02
8.722553675437941578e+00 2.926421508789062500e+02
8.725988427820471571e+00 2.918392333984375000e+02
8.729423180203003341e+00 2.896182250976562500e+02
8.732857932585535110e+00 2.880256958007812500e+02
8.736292684968066879e+00 2.900645751953125000e+02
8.739727437350596873e+00 2.910646362304687500e+02
8.743162189733128642e+00 2.907406311035156250e+02
8.746596942115660411e+00 2.921192626953125000e+02
8.750031694498190404e+00 2.887302246093750000e+02
8.753466446880722174e+00 2.806043395996093750e+02
8.756901199263253943e+00 2.737757568359375000e+02
8.760335951645785713e+00 2.770356140136718750e+02
8.763770704028315706e+00 2.836807861328125000e+02
8.767205456410847475e+00 2.887027282714843750e+02
8.770640208793377468e+00 2.900993347167968750e+02
8.774074961175909237e+00 2.928357238769531250e+02
8.777509713558439230e+00 2.911000366210937500e+02
8.780944465940971000e+00 2.840876770019531250e+02
8.784379218323502769e+00 2.816567687988281250e+02
8.787813970706034539e+00 2.770621948242187500e+02
8.791248723088564532e+00 2.818361206054687500e+02
8.794683475471096301e+00 2.817934265136718750e+02
8.798118227853628071e+00 2.813887634277343750e+02
8.801552980236159840e+00 2.785822143554687500e+02
8.804987732618689833e+00 2.777508239746093750e+02
8.808422485001221602e+00 2.831115417480468750e+02
8.811857237383753372e+00 2.794749450683593750e+02
8.815291989766283365e+00 2.765584106445312500e+02
8.818726742148815134e+00 2.721680297851562500e+02
8.822161494531345127e+00 2.754102783203125000e+02
8.825596246913876897e+00 2.798713073730468750e+02
8.829030999296408666e+00 2.853644104003906250e+02
8.832465751678938659e+00 2.872186889648437500e+02
8.835900504061470428e+00 2.843676757812500000e+02
8.839335256444002198e+00 2.826913146972656250e+02
8.842770008826532191e+00 2.831275024414062500e+02
8.846204761209063960e+00 2.802685852050781250e+02
8.849639513591595730e+00 2.796258544921875000e+02
8.853074265974127499e+00 2.818970642089843750e+02
8.856509018356657492e+00 2.892487792968750000e+02
8.859943770739189262e+00 2.892595825195312500e+02
8.863378523121721031e+00 2.861763610839843750e+02
8.866813275504252800e+00 2.819879150390625000e+02
8.870248027886781017e+00 2.793059082031250000e+02
8.873682780269312786e+00 2.801233520507812500e+02
8.877117532651844556e+00 2.793030395507812500e+02
8.880552285034376325e+00 2.794683227539062500e+02
8.883987037416906318e+00 2.827850646972656250e+02
8.887421789799438088e+00 2.826784057617187500e+02
8.890856542181969857e+00 2.817483215332031250e+02
8.894291294564501626e+00 2.742603454589843750e+02
8.897726046947031620e+00 2.731307678222656250e+02
8.901160799329563389e+00 2.740010986328125000e+02
8.904595551712095158e+00 2.783321838378906250e+02
8.908030304094625151e+00 2.786160278320312500e+02
8.911465056477156921e+00 2.785348205566406250e+02
8.914899808859688690e+00 2.817689819335937500e+02
8.918334561242220460e+00 2.845058898925781250e+02
8.921769313624748676e+00 2.869343566894531250e+02
8.925204066007280446e+00 2.872253112792968750e+02
8.928638818389812215e+00 2.882901306152343750e+02
8.932073570772343984e+00 2.863555297851562500e+02
8.935508323154873978e+00 2.875590515136718750e+02
8.938943075537405747e+00 2.901660766601562500e+02
8.942377827919937516e+00 2.891423950195312500e+02
8.945812580302469286e+00 2.816335144042968750e+02
8.949247332684999279e+00 2.825181579589843750e+02
8.952682085067531048e+00 2.960499877929687500e+02
8.956116837450062818e+00 3.140909729003906250e+02
8.959551589832594587e+00 3.298808593750000000e+02
8.962986342215124580e+00 3.457212524414062500e+02
8.966421094597656349e+00 3.652351074218750000e+02
8.969855846980188119e+00 3.751410217285156250e+02
8.973290599362718112e+00 3.786541137695312500e+02
8.976725351745248105e+00 3.715145263671875000e+02
8.980160104127779874e+00 3.632575683593750000e+02
8.983594856510311644e+00 3.441724853515625000e+02
8.987029608892841637e+00 3.261441650390625000e+02
8.990464361275373406e+00 3.078931884765625000e+02
8.993899113657905176e+00 2.981406860351562500e+02
8.997333866040436945e+00 2.930300292968750000e+02
9.000768618422966938e+00 2.883014526367187500e+02
9.004203370805498707e+00 2.921878662109375000e+02
9.007638123188030477e+00 2.950718688964843750e+02
9.011072875570562246e+00 2.943950195312500000e+02
9.014507627953092239e+00 2.882978820800781250e+02
9.017942380335624009e+00 2.839140319824218750e+02
9.021377132718154002e+00 2.845509338378906250e+02
9.024811885100685771e+00 2.863871154785156250e+02
9.028246637483215764e+00 2.801423339843750000e+02
9.031681389865747533e+00 2.752186584472656250e+02
9.035116142248279303e+00 2.672169799804687500e+02
9.038550894630811072e+00 2.715147705078125000e+02
9.041985647013341065e+00 2.744747009277343750e+02
9.045420399395872835e+00 2.760672607421875000e+02
9.048855151778404604e+00 2.745986022949218750e+02
9.052289904160934597e+00 2.710043334960937500e+02
9.055724656543466367e+00 2.735058593750000000e+02
9.059159408925998136e+00 2.736731872558593750e+02
9.062594161308529905e+00 2.770034179687500000e+02
9.066028913691059898e+00 2.790549621582031250e+02
9.069463666073591668e+00 2.829091796875000000e+02
9.072898418456121661e+00 2.765091552734375000e+02
9.076333170838653430e+00 2.695331420898437500e+02
9.079767923221183423e+00 2.627995605468750000e+02
9.083202675603715193e+00 2.653150024414062500e+02
9.086637427986246962e+00 2.692179565429687500e+02
9.090072180368778731e+00 2.718588867187500000e+02
9.093506932751308725e+00 2.739240722656250000e+02
9.096941685133840494e+00 2.786468505859375000e+02
9.100376437516372263e+00 2.781665649414062500e+02
9.103811189898904033e+00 2.822293090820312500e+02
9.107245942281434026e+00 2.787028503417968750e+02
9.110680694663965795e+00 2.752027893066406250e+02
9.114115447046497565e+00 2.697534179687500000e+02
9.117550199429027558e+00 2.690242004394531250e+02
9.120984951811559327e+00 2.706002197265625000e+02
9.124419704194089320e+00 2.660862731933593750e+02
9.127854456576621089e+00 2.666325988769531250e+02
9.131289208959152859e+00 2.711272888183593750e+02
9.134723961341682852e+00 2.706072998046875000e+02
9.138158713724214621e+00 2.602308959960937500e+02
9.141593466106746391e+00 2.541660003662109375e+02
9.145028218489276384e+00 2.579927673339843750e+02
9.148462970871808153e+00 2.635925292968750000e+02
9.151897723254339923e+00 2.676889953613281250e+02
9.155332475636871692e+00 2.608960571289062500e+02
9.158767228019401685e+00 2.531787414550781250e+02
9.162201980401933454e+00 2.498943939208984375e+02
9.165636732784465224e+00 2.549595489501953125e+02
9.169071485166996993e+00 2.599626770019531250e+02
9.172506237549525210e+00 2.657693176269531250e+02
9.175940989932056979e+00 2.634499816894531250e+02
9.179375742314588749e+00 2.646008605957031250e+02
9.182810494697120518e+00 2.571256408691406250e+02
9.186245247079650511e+00 2.601072387695312500e+02
9.189679999462182280e+00 2.553839263916015625e+02
9.193114751844714050e+00 2.546795196533203125e+02
9.196549504227245819e+00 2.557524261474609375e+02
9.199984256609775812e+00 2.667912902832031250e+02
9.203419008992307582e+00 2.752127685546875000e+02
9.206853761374839351e+00 2.708103637695312500e+02
9.210288513757369344e+00 2.642044982910156250e+02
9.213723266139901114e+00 2.606035461425781250e+02
9.217158018522432883e+00 2.606978149414062500e+02
9.220592770904964652e+00 2.570170288085937500e+02
9.224027523287492869e+00 2.581372680664062500e+02
9.227462275670024638e+00 2.497549896240234375e+02
9.230897028052556408e+00 2.497662963867187500e+02
9.234331780435088177e+00 2.474298858642578125e+02
9.237766532817618170e+00 2.570362548828125000e+02
9.241201285200149940e+00 2.638074645996093750e+02
9.244636037582681709e+00 2.693230285644531250e+02
9.248070789965213478e+00 2.639288940429687500e+02
9.251505542347743472e+00 2.569412231445312500e+02
9.254940294730275241e+00 2.560050354003906250e+02
9.258375047112807010e+00 2.621807861328125000e+02
9.261809799495338780e+00 2.637043762207031250e+02
9.265244551877868773e+00 2.635769958496093750e+02
9.268679304260400542e+00 2.624346313476562500e+02
9.272114056642930535e+00 2.631415710449218750e+02
9.275548809025462305e+00 2.624987182617187500e+02
9.278983561407992298e+00 2.629825439453125000e+02
9.282418313790524067e+00 2.634575195312500000e+02
9.285853066173055836e+00 2.617590942382812500e+02
9.289287818555585829e+00 2.610601806640625000e+02
9.292722570938117599e+00 2.603811645507812500e+02
9.296157323320649368e+00 2.627540588378906250e+02
9.299592075703181138e+00 2.578835144042968750e+02
9.303026828085711131e+00 2.550976104736328125e+02
9.306461580468242900e+00 2.534620361328125000e+02
9.309896332850774670e+00 2.627703247070312500e+02
9.313331085233306439e+00 2.586305847167968750e+02
9.316765837615836432e+00 2.554685058593750000e+02
9.320200589998368201e+00 2.483047790527343750e+02
9.323635342380898194e+00 2.499818420410156250e+02
9.327070094763429964e+00 2.546409454345703125e+02
9.330504847145959957e+00 2.590294189453125000e+02
9.333939599528491726e+00 2.575215148925781250e+02
9.337374351911023496e+00 2.482575683593750000e+02
9.340809104293555265e+00 2.419218750000000000e+02
9.344243856676085258e+00 2.481853485107421875e+02
9.347678609058617027e+00 2.516832427978515625e+02
9.351113361441148797e+00 2.581050109863281250e+02
9.354548113823678790e+00 2.559785614013671875e+02
9.357982866206210559e+00 2.533557739257812500e+02
9.361417618588742329e+00 2.554303436279296875e+02
9.364852370971274098e+00 2.591219787597656250e+02
9.368287123353804091e+00 2.597680358886718750e+02
9.371721875736335861e+00 2.513381958007812500e+02
9.375156628118865854e+00 2.394563446044921875e+02
9.378591380501397623e+00 2.296303558349609375e+02
9.382026132883927616e+00 2.309488525390625000e+02
9.385460885266459385e+00 2.367731933593750000e+02
9.388895637648991155e+00 2.405661926269531250e+02
9.392330390031522924e+00 2.385159606933593750e+02
9.395765142414052917e+00 2.479660797119140625e+02
9.399199894796584687e+00 2.576235961914062500e+02
9.402634647179116456e+00 2.502048950195312500e+02
9.406069399561648225e+00 2.267066040039062500e+02
9.409504151944178219e+00 2.133126831054687500e+02
9.412938904326709988e+00 2.102780609130859375e+02
9.416373656709241757e+00 2.201569976806640625e+02
9.419808409091771750e+00 2.108094024658203125e+02
9.423243161474301743e+00 2.160202941894531250e+02
9.426677913856833513e+00 2.149394073486328125e+02
9.430112666239365282e+00 2.232144012451171875e+02
9.433547418621897052e+00 2.152847442626953125e+02
9.436982171004427045e+00 2.239908447265625000e+02
9.440416923386958814e+00 2.277303771972656250e+02
9.443851675769490583e+00 2.288808898925781250e+02
9.447286428152020576e+00 2.127947235107421875e+02
9.450721180534552346e+00 2.154498138427734375e+02
9.454155932917084115e+00 2.065387725830078125e+02
9.457590685299615885e+00 1.891019134521484375e+02
9.461025437682145878e+00 1.669780578613281250e+02
9.464460190064677647e+00 1.497072296142578125e+02
9.467894942447209417e+00 1.497739257812500000e+02
9.471329694829741186e+00 1.512952423095703125e+02
9.474764447212269403e+00 1.656731872558593750e+02
9.478199199594801172e+00 1.514152679443359375e+02
9.481633951977332941e+00 1.282446594238281250e+02
9.485068704359864711e+00 9.442554473876953125e+01
9.488503456742394704e+00 1.091678924560546875e+02
9.491938209124926473e+00 1.306113128662109375e+02
9.495372961507458243e+00 1.488579406738281250e+02
9.498807713889990012e+00 1.381340789794921875e+02
9.502242466272520005e+00 1.281304779052734375e+02
9.505677218655051774e+00 1.172425155639648438e+02
9.509111971037583544e+00 8.036023712158203125e+01
9.512546723420113537e+00 5.455724334716796875e+01
9.515981475802645306e+00 3.228211975097656250e+01
9.519416228185177076e+00 1.354127883911132812e+01
9.522850980567708845e+00 8.274207115173339844e-01
9.526285732950237062e+00 0.000000000000000000e+00
9.529720485332768831e+00 0.000000000000000000e+00
9.533155237715300601e+00 0.000000000000000000e+00
9.536589990097832370e+00 0.000000000000000000e+00
9.540024742480362363e+00 0.000000000000000000e+00
9.543459494862894132e+00 0.000000000000000000e+00
9.546894247245425902e+00 0.000000000000000000e+00
9.550328999627957671e+00 0.000000000000000000e+00
9.553763752010487664e+00 0.000000000000000000e+00
9.557198504393019434e+00 0.000000000000000000e+00
9.560633256775551203e+00 0.000000000000000000e+00
9.564068009158082972e+00 0.000000000000000000e+00
9.567502761540612966e+00 0.000000000000000000e+00
9.570937513923144735e+00 0.000000000000000000e+00
9.574372266305674728e+00 0.000000000000000000e+00
9.577807018688206497e+00 0.000000000000000000e+00
9.581241771070736490e+00 0.000000000000000000e+00
9.584676523453268260e+00 0.000000000000000000e+00
9.588111275835800029e+00 0.000000000000000000e+00
9.591546028218330022e+00 0.000000000000000000e+00
9.594980780600861792e+00 0.000000000000000000e+00
9.598415532983393561e+00 0.000000000000000000e+00
9.601850285365925330e+00 0.000000000000000000e+00
9.605285037748455323e+00 0.000000000000000000e+00
9.608719790130987093e+00 0.000000000000000000e+00
9.612154542513518862e+00 0.000000000000000000e+00
9.615589294896050632e+00 0.000000000000000000e+00
9.619024047278580625e+00 0.000000000000000000e+00
9.622458799661112394e+00 0.000000000000000000e+00
9.625893552043642387e+00 0.000000000000000000e+00
9.629328304426174157e+00 0.000000000000000000e+00
9.632763056808704150e+00 0.000000000000000000e+00
9.636197809191235919e+00 0.000000000000000000e+00
9.639632561573767688e+00 0.000000000000000000e+00
9.643067313956299458e+00 0.000000000000000000e+00
9.646502066338829451e+00 0.000000000000000000e+00
9.649936818721361220e+00 0.000000000000000000e+00
9.653371571103892990e+00 0.000000000000000000e+00
9.656806323486422983e+00 0.000000000000000000e+00
9.660241075868954752e+00 0.000000000000000000e+00
9.663675828251486521e+00 0.000000000000000000e+00
9.667110580634018291e+00 0.000000000000000000e+00
9.670545333016548284e+00 0.000000000000000000e+00
9.673980085399080053e+00 0.000000000000000000e+00
9.677414837781610046e+00 0.000000000000000000e+00
9.680849590164141816e+00 0.000000000000000000e+00
9.684284342546671809e+00 0.000000000000000000e+00
9.687719094929203578e+00 0.000000000000000000e+00
9.691153847311735348e+00 0.000000000000000000e+00
9.694588599694267117e+00 0.000000000000000000e+00
9.698023352076797110e+00 0.000000000000000000e+00
9.701458104459328879e+00 0.000000000000000000e+00
9.704892856841860649e+00 0.000000000000000000e+00
9.708327609224392418e+00 0.000000000000000000e+00
9.711762361606922411e+00 0.000000000000000000e+00
9.715197113989454181e+00 0.000000000000000000e+00
9.718631866371985950e+00 0.000000000000000000e+00
9.722066618754515943e+00 0.000000000000000000e+00
9.725501371137045936e+00 0.000000000000000000e+00
9.728936123519577706e+00 0.000000000000000000e+00
9.732370875902109475e+00 0.000000000000000000e+00
9.735805628284641244e+00 0.000000000000000000e+00
9.739240380667171237e+00 0.000000000000000000e+00
9.742675133049703007e+00 0.000000000000000000e+00
9.746109885432234776e+00 0.000000000000000000e+00
9.749544637814764769e+00 0.000000000000000000e+00
9.752979390197296539e+00 0.000000000000000000e+00
9.756414142579828308e+00 0.000000000000000000e+00
9.759848894962360077e+00 0.000000000000000000e+00
9.763283647344890070e+00 0.000000000000000000e+00
9.766718399727421840e+00 0.000000000000000000e+00
9.770153152109953609e+00 0.000000000000000000e+00
9.773587904492485379e+00 0.000000000000000000e+00
9.777022656875013595e+00 0.000000000000000000e+00
9.780457409257545365e+00 0.000000000000000000e+00
9.783892161640077134e+00 0.000000000000000000e+00
9.787326914022608904e+00 0.000000000000000000e+00
9.790761666405138897e+00 0.000000000000000000e+00
9.794196418787670666e+00 0.000000000000000000e+00
9.797631171170202435e+00 0.000000000000000000e+00
9.801065923552734205e+00 0.000000000000000000e+00
9.804500675935264198e+00 0.000000000000000000e+00
9.807935428317795967e+00 0.000000000000000000e+00
9.811370180700327737e+00 0.000000000000000000e+00
9.814804933082857730e+00 0.000000000000000000e+00
9.818239685465389499e+00 0.000000000000000000e+00
9.821674437847921268e+00 0.000000000000000000e+00
9.825109190230451262e+00 0.000000000000000000e+00
9.828543942612981255e+00 0.000000000000000000e+00
9.831978694995513024e+00 0.000000000000000000e+00
9.835413447378044793e+00 0.000000000000000000e+00
9.838848199760576563e+00 0.000000000000000000e+00
9.842282952143106556e+00 0.000000000000000000e+00
9.845717704525638325e+00 0.000000000000000000e+00
9.849152456908170095e+00 0.000000000000000000e+00
9.852587209290701864e+00 0.000000000000000000e+00
9.856021961673231857e+00 0.000000000000000000e+00
9.859456714055763626e+00 0.000000000000000000e+00
9.862891466438295396e+00 0.000000000000000000e+00
9.866326218820827165e+00 0.000000000000000000e+00
9.869760971203357158e+00 0.000000000000000000e+00
9.873195723585888928e+00 0.000000000000000000e+00
9.876630475968418921e+00 0.000000000000000000e+00
9.880065228350950690e+00 0.000000000000000000e+00
9.883499980733480683e+00 0.000000000000000000e+00
9.886934733116012453e+00 0.000000000000000000e+00
9.890369485498544222e+00 0.000000000000000000e+00
9.893804237881074215e+00 0.000000000000000000e+00
9.897238990263605984e+00 0.000000000000000000e+00
9.900673742646137754e+00 0.000000000000000000e+00
9.904108495028669523e+00 0.000000000000000000e+00
9.907543247411199516e+00 0.000000000000000000e+00
9.910977999793731286e+00 0.000000000000000000e+00
9.914412752176263055e+00 0.000000000000000000e+00
9.917847504558794824e+00 0.000000000000000000e+00
9.921282256941324817e+00 0.000000000000000000e+00
9.924717009323856587e+00 0.000000000000000000e+00
9.928151761706386580e+00 0.000000000000000000e+00
9.931586514088918349e+00 0.000000000000000000e+00
9.935021266471448342e+00 0.000000000000000000e+00
9.938456018853980112e+00 0.000000000000000000e+00
9.941890771236511881e+00 0.000000000000000000e+00
9.945325523619043651e+00 0.000000000000000000e+00
9.948760276001573644e+00 0.000000000000000000e+00
9.952195028384105413e+00 0.000000000000000000e+00
9.955629780766637182e+00 0.000000000000000000e+00
9.959064533149167175e+00 0.000000000000000000e+00
9.962499285531698945e+00 0.000000000000000000e+00
9.965934037914230714e+00 0.000000000000000000e+00
9.969368790296762484e+00 0.000000000000000000e+00
9.972803542679292477e+00 0.000000000000000000e+00
9.976238295061822470e+00 0.000000000000000000e+00
9.979673047444354239e+00 0.000000000000000000e+00
9.983107799826886009e+00 0.000000000000000000e+00
9.986542552209416002e+00 0.000000000000000000e+00
9.989977304591947771e+00 0.000000000000000000e+00
9.993412056974479540e+00 0.000000000000000000e+00
9.996846809357011310e+00 0.000000000000000000e+00
1.000028156173954130e+01 0.000000000000000000e+00
1.000371631412207307e+01 0.000000000000000000e+00
1.000715106650460484e+01 0.000000000000000000e+00
1.001058581888713661e+01 0.000000000000000000e+00
1.001402057126966660e+01 0.000000000000000000e+00
1.001745532365219837e+01 0.000000000000000000e+00
1.002089007603473014e+01 0.000000000000000000e+00
1.002432482841726191e+01 0.000000000000000000e+00
1.002775958079979013e+01 0.000000000000000000e+00
1.003119433318232190e+01 0.000000000000000000e+00
1.003462908556485367e+01 0.000000000000000000e+00
1.003806383794738544e+01 0.000000000000000000e+00
1.004149859032991543e+01 0.000000000000000000e+00
1.004493334271244720e+01 0.000000000000000000e+00
1.004836809509497897e+01 0.000000000000000000e+00
1.005180284747750896e+01 0.000000000000000000e+00
1.005523759986004073e+01 0.000000000000000000e+00
1.005867235224257250e+01 0.000000000000000000e+00
1.006210710462510427e+01 0.000000000000000000e+00
1.006554185700763426e+01 0.000000000000000000e+00
1.006897660939016603e+01 0.000000000000000000e+00
1.007241136177269780e+01 0.000000000000000000e+00
1.007584611415522957e+01 0.000000000000000000e+00
1.007928086653775779e+01 0.000000000000000000e+00
1.008271561892028956e+01 0.000000000000000000e+00
1.008615037130282133e+01 0.000000000000000000e+00
1.008958512368535310e+01 0.000000000000000000e+00
1.009301987606788309e+01 0.000000000000000000e+00
1.009645462845041486e+01 0.000000000000000000e+00
1.009988938083294663e+01 0.000000000000000000e+00
1.010332413321547840e+01 0.000000000000000000e+00
1.010675888559800839e+01 0.000000000000000000e+00
1.011019363798054016e+01 0.000000000000000000e+00
1.011362839036307193e+01 0.000000000000000000e+00
1.011706314274560192e+01 0.000000000000000000e+00
1.012049789512813369e+01 0.000000000000000000e+00
1.012393264751066546e+01 0.000000000000000000e+00
1.012736739989319545e+01 0.000000000000000000e+00
1.013080215227572545e+01 0.000000000000000000e+00
1.013423690465825722e+01 0.000000000000000000e+00
1.013767165704078899e+01 0.000000000000000000e+00
1.014110640942332076e+01 0.000000000000000000e+00
1.014454116180585075e+01 0.000000000000000000e+00
1.014797591418838252e+01 0.000000000000000000e+00
1.015141066657091429e+01 0.000000000000000000e+00
1.015484541895344606e+01 0.000000000000000000e+00
1.015828017133597605e+01 0.000000000000000000e+00
1.016171492371850782e+01 0.000000000000000000e+00
1.016514967610103959e+01 0.000000000000000000e+00
1.016858442848357136e+01 0.000000000000000000e+00
1.017201918086610135e+01 0.000000000000000000e+00
1.017545393324863312e+01 0.000000000000000000e+00
1.017888868563116311e+01 0.000000000000000000e+00
1.018232343801369488e+01 0.000000000000000000e+00
1.018575819039622488e+01 0.000000000000000000e+00
1.018919294277875665e+01 0.000000000000000000e+00
1.019262769516128841e+01 0.000000000000000000e+00
1.019606244754382018e+01 0.000000000000000000e+00
1.019949719992635018e+01 0.000000000000000000e+00
1.020293195230888195e+01 0.000000000000000000e+00
1.020636670469141372e+01 0.000000000000000000e+00
1.020980145707394371e+01 0.000000000000000000e+00
1.021323620945647548e+01 0.000000000000000000e+00
1.021667096183900725e+01 0.000000000000000000e+00
1.022010571422153902e+01 0.000000000000000000e+00
1.022354046660406901e+01 0.000000000000000000e+00
1.022697521898659900e+01 0.000000000000000000e+00
1.023040997136913077e+01 0.000000000000000000e+00
1.023384472375166254e+01 0.000000000000000000e+00
1.023727947613419254e+01 0.000000000000000000e+00
1.024071422851672430e+01 0.000000000000000000e+00
1.024414898089925607e+01 0.000000000000000000e+00
1.024758373328178784e+01 0.000000000000000000e+00
1.025101848566431784e+01 0.000000000000000000e+00
1.025445323804684961e+01 0.000000000000000000e+00
1.025788799042938138e+01 0.000000000000000000e+00
1.026132274281191314e+01 0.000000000000000000e+00
1.026475749519444314e+01 0.000000000000000000e+00
1.026819224757697491e+01 0.000000000000000000e+00
1.027162699995950668e+01 0.000000000000000000e+00
1.027506175234203667e+01 0.000000000000000000e+00
1.027849650472456666e+01 0.000000000000000000e+00
1.028193125710709843e+01 0.000000000000000000e+00
1.028536600948963020e+01 0.000000000000000000e+00
1.028880076187216019e+01 0.000000000000000000e+00
1.029223551425469196e+01 0.000000000000000000e+00
1.029567026663722373e+01 0.000000000000000000e+00
1.029910501901975550e+01 0.000000000000000000e+00
1.030253977140228550e+01 0.000000000000000000e+00
