# # sector 04: chi = -135.00 deg (range [-140, -130))
# # columns: 2theta(deg)  intensity
1.717376191265591965e-03 6.287732696533203125e+01
5.152128573796775461e-03 6.355473327636718750e+01
8.586880956327959391e-03 6.992079162597656250e+01
1.202163333885914419e-02 5.480311965942382812e+01
1.545638572139032552e-02 3.147804832458496094e+01
1.889113810392151205e-02 -2.911784172058105469e+00
2.232589048645269511e-02 9.084936141967773438e+00
2.576064286898388164e-02 2.032377433776855469e+01
2.919539525151506124e-02 3.686417388916015625e+01
3.263014763404624430e-02 -5.153024196624755859e+00
3.606490001657743083e-02 -3.754547357559204102e+00
3.949965239910861736e-02 1.724941062927246094e+01
4.293440478163979696e-02 5.378562927246093750e+01
4.636915716417097655e-02 4.101336288452148438e+01
4.980390954670216308e-02 1.319095706939697266e+01
5.323866192923334961e-02 3.646427536010742188e+01
5.667341431176453614e-02 6.725770568847656250e+01
6.010816669429572268e-02 9.825913238525390625e+01
6.354291907682689533e-02 9.498001861572265625e+01
6.697767145935809574e-02 8.950543212890625000e+01
7.041242384188926839e-02 8.542542266845703125e+01
7.384717622442045493e-02 5.871685028076171875e+01
7.728192860695165534e-02 6.456782531738281250e+01
8.071668098948282799e-02 6.972044372558593750e+01
8.415143337201401452e-02 9.408940124511718750e+01
8.758618575454518718e-02 9.063631439208984375e+01
9.102093813707637371e-02 8.616685485839843750e+01
9.445569051960756024e-02 4.317113113403320312e+01
9.789044290213874677e-02 2.646778869628906250e+01
1.013251952846699333e-01 2.513986206054687500e+01
1.047599476672011198e-01 6.137825775146484375e+01
1.081947000497323064e-01 9.095381927490234375e+01
1.116294524322634790e-01 1.130839843750000000e+02
1.150642048147946794e-01 1.442614440917968750e+02
1.184989571973258382e-01 1.355802154541015625e+02
1.219337095798570386e-01 1.307595367431640625e+02
1.253684619623882113e-01 1.381661529541015625e+02
1.288032143449193978e-01 1.353604125976562500e+02
1.322379667274505843e-01 1.399262542724609375e+02
1.356727191099817709e-01 1.540006561279296875e+02
1.391074714925129574e-01 2.072472686767578125e+02
1.425422238750441439e-01 2.311622772216796875e+02
1.459769762575753027e-01 2.551092987060546875e+02
1.494117286401065170e-01 2.636766052246093750e+02
1.528464810226377035e-01 2.686911621093750000e+02
1.562812334051688623e-01 2.760264892578125000e+02
1.597159857877000488e-01 2.951805419921875000e+02
1.631507381702312354e-01 2.981242675781250000e+02
1.665854905527624219e-01 2.940896301269531250e+02
1.700202429352936084e-01 2.993786926269531250e+02
1.734549953178247950e-01 3.138108520507812500e+02
1.768897477003559815e-01 3.342291259765625000e+02
1.803245000828871403e-01 3.533616943359375000e+02
1.837592524654183268e-01 3.697683410644531250e+02
1.871940048479495411e-01 3.932576293945312500e+02
1.906287572304806999e-01 4.262905883789062500e+02
1.940635096130118864e-01 4.376388244628906250e+02
1.974982619955431007e-01 4.451844177246093750e+02
2.009330143780742595e-01 4.686434020996093750e+02
2.043677667606054460e-01 4.545469055175781250e+02
2.078025191431366325e-01 4.404478759765625000e+02
2.112372715256678191e-01 4.116148681640625000e+02
2.146720239081990056e-01 4.324024047851562500e+02
2.181067762907301644e-01 4.501672058105468750e+02
2.215415286732613787e-01 4.902878723144531250e+02
2.249762810557925652e-01 5.027261657714843750e+02
2.284110334383237517e-01 5.110002441406250000e+02
2.318457858208548827e-01 5.111350708007812500e+02
2.352805382033860970e-01 5.086269836425781250e+02
2.387152905859172836e-01 5.110038452148437500e+02
2.421500429684484701e-01 5.135879516601562500e+02
2.455847953509796566e-01 5.346038818359375000e+02
2.490195477335108154e-01 5.478782958984375000e+02
2.524543001160420297e-01 5.596748657226562500e+02
2.558890524985731885e-01 5.532962036132812500e+02
2.593238048811044028e-01 5.500927124023437500e+02
2.627585572636355615e-01 5.519739379882812500e+02
2.661933096461667758e-01 5.531374511718750000e+02
2.696280620286979346e-01 5.564484252929687500e+02
2.730628144112290934e-01 5.653697509765625000e+02
2.764975667937603077e-01 5.853181152343750000e+02
2.799323191762915219e-01 5.966864624023437500e+02
2.833670715588226807e-01 6.036790771484375000e+02
2.868018239413538395e-01 5.965252075195312500e+02
2.902365763238850538e-01 5.905494384765625000e+02
2.936713287064162126e-01 5.856179199218750000e+02
2.971060810889474268e-01 5.969494018554687500e+02
3.005408334714785856e-01 6.057897338867187500e+02
3.039755858540097999e-01 6.168051757812500000e+02
3.074103382365409587e-01 6.215520629882812500e+02
3.108450906190721175e-01 6.343598022460937500e+02
3.142798430016033318e-01 6.513647460937500000e+02
3.177145953841345460e-01 6.738759765625000000e+02
3.211493477666657048e-01 6.946032104492187500e+02
3.245841001491968636e-01 7.138250732421875000e+02
3.280188525317280779e-01 7.386154174804687500e+02
3.314536049142592367e-01 7.315291137695312500e+02
3.348883572967904509e-01 7.245844726562500000e+02
3.383231096793216652e-01 7.308165893554687500e+02
3.417578620618527685e-01 7.490490722656250000e+02
3.451926144443839828e-01 7.713645629882812500e+02
3.486273668269151416e-01 7.977915039062500000e+02
3.520621192094463558e-01 8.132052612304687500e+02
3.554968715919775701e-01 8.226692504882812500e+02
3.589316239745086734e-01 8.555728759765625000e+02
3.623663763570398877e-01 8.615440673828125000e+02
3.658011287395711020e-01 8.665577392578125000e+02
3.692358811221022608e-01 8.581744384765625000e+02
3.726706335046334750e-01 8.753183593750000000e+02
3.761053858871646893e-01 8.946940307617187500e+02
3.795401382696957926e-01 9.501166992187500000e+02
3.829748906522270069e-01 9.756831054687500000e+02
3.864096430347582212e-01 9.983231201171875000e+02
3.898443954172893799e-01 1.013843139648437500e+03
3.932791477998205942e-01 1.040555053710937500e+03
3.967139001823516975e-01 1.050216796875000000e+03
4.001486525648829118e-01 1.060636596679687500e+03
4.035834049474141261e-01 1.100822998046875000e+03
4.070181573299452849e-01 1.118968994140625000e+03
4.104529097124764991e-01 1.141096313476562500e+03
4.138876620950077134e-01 1.140979003906250000e+03
4.173224144775388167e-01 1.143681152343750000e+03
4.207571668600700310e-01 1.157114624023437500e+03
4.241919192426012453e-01 1.170681884765625000e+03
4.276266716251324040e-01 1.172165893554687500e+03
4.310614240076636183e-01 1.162121337890625000e+03
4.344961763901947771e-01 1.145924072265625000e+03
4.379309287727259359e-01 1.144028442382812500e+03
4.413656811552571502e-01 1.153807861328125000e+03
4.448004335377883089e-01 1.181093505859375000e+03
4.482351859203194677e-01 1.204070312500000000e+03
4.516699383028506820e-01 1.222831665039062500e+03
4.551046906853818408e-01 1.267361083984375000e+03
4.585394430679130551e-01 1.284209350585937500e+03
4.619741954504441583e-01 1.301862915039062500e+03
4.654089478329753171e-01 1.289420898437500000e+03
4.688437002155065314e-01 1.273845458984375000e+03
4.722784525980377457e-01 1.261535278320312500e+03
4.757132049805689045e-01 1.254930786132812500e+03
4.791479573631001188e-01 1.271144287109375000e+03
4.825827097456313330e-01 1.277818603515625000e+03
4.860174621281624918e-01 1.271316772460937500e+03
4.894522145106937061e-01 1.262139160156250000e+03
4.928869668932248649e-01 1.260771484375000000e+03
4.963217192757559681e-01 1.277691894531250000e+03
4.997564716582871824e-01 1.300044433593750000e+03
5.031912240408183967e-01 1.310624633789062500e+03
5.066259764233496110e-01 1.326766967773437500e+03
5.100607288058807143e-01 1.303879150390625000e+03
5.134954811884119286e-01 1.286642822265625000e+03
5.169302335709431429e-01 1.263770996093750000e+03
5.203649859534743571e-01 1.277820434570312500e+03
5.237997383360055714e-01 1.279218139648437500e+03
5.272344907185366747e-01 1.264049804687500000e+03
5.306692431010678890e-01 1.256928588867187500e+03
5.341039954835989922e-01 1.256969970703125000e+03
5.375387478661302065e-01 1.266369628906250000e+03
5.409735002486614208e-01 1.253199218750000000e+03
5.444082526311926351e-01 1.245852050781250000e+03
5.478430050137237384e-01 1.243816162109375000e+03
5.512777573962549527e-01 1.209427612304687500e+03
5.547125097787861669e-01 1.192601684570312500e+03
5.581472621613173812e-01 1.172004272460937500e+03
5.615820145438485955e-01 1.190649291992187500e+03
5.650167669263796988e-01 1.198684692382812500e+03
5.684515193089109131e-01 1.202738891601562500e+03
5.718862716914420163e-01 1.202894165039062500e+03
5.753210240739732306e-01 1.202067260742187500e+03
5.787557764565044449e-01 1.207316406250000000e+03
5.821905288390356592e-01 1.178628540039062500e+03
5.856252812215667625e-01 1.164759155273437500e+03
5.890600336040979768e-01 1.148145751953125000e+03
5.924947859866291910e-01 1.146283691406250000e+03
5.959295383691604053e-01 1.147378662109375000e+03
5.993642907516916196e-01 1.147149047851562500e+03
6.027990431342227229e-01 1.145811157226562500e+03
6.062337955167539372e-01 1.147257080078125000e+03
6.096685478992850404e-01 1.148612670898437500e+03
6.131033002818162547e-01 1.155060302734375000e+03
6.165380526643474690e-01 1.146937255859375000e+03
6.199728050468786833e-01 1.141977050781250000e+03
6.234075574294097866e-01 1.136480224609375000e+03
6.268423098119410009e-01 1.130904663085937500e+03
6.302770621944722151e-01 1.129015258789062500e+03
6.337118145770034294e-01 1.119573120117187500e+03
6.371465669595346437e-01 1.111723632812500000e+03
6.405813193420657470e-01 1.105651733398437500e+03
6.440160717245968502e-01 1.107708374023437500e+03
6.474508241071280645e-01 1.111836791992187500e+03
6.508855764896592788e-01 1.121332763671875000e+03
6.543203288721904931e-01 1.127365234375000000e+03
6.577550812547217074e-01 1.136654418945312500e+03
6.611898336372528107e-01 1.125136474609375000e+03
6.646245860197840249e-01 1.110150634765625000e+03
6.680593384023152392e-01 1.102782348632812500e+03
6.714940907848464535e-01 1.115731323242187500e+03
6.749288431673776678e-01 1.137567749023437500e+03
6.783635955499087711e-01 1.155702758789062500e+03
6.817983479324398743e-01 1.156437011718750000e+03
6.852331003149710886e-01 1.148670288085937500e+03
6.886678526975023029e-01 1.137737060546875000e+03
6.921026050800335172e-01 1.118138061523437500e+03
6.955373574625647315e-01 1.107766113281250000e+03
6.989721098450958348e-01 1.100884277343750000e+03
7.024068622276270490e-01 1.111480834960937500e+03
7.058416146101582633e-01 1.113207885742187500e+03
7.092763669926894776e-01 1.110133178710937500e+03
7.127111193752206919e-01 1.107702758789062500e+03
7.161458717577517952e-01 1.112218505859375000e+03
7.195806241402828984e-01 1.130264160156250000e+03
7.230153765228141127e-01 1.136447875976562500e+03
7.264501289053453270e-01 1.136897094726562500e+03
7.298848812878765413e-01 1.134392700195312500e+03
7.333196336704077556e-01 1.135369140625000000e+03
7.367543860529388589e-01 1.139356445312500000e+03
7.401891384354700731e-01 1.121656005859375000e+03
7.436238908180012874e-01 1.112201416015625000e+03
7.470586432005325017e-01 1.105048217773437500e+03
7.504933955830637160e-01 1.106903808593750000e+03
7.539281479655948193e-01 1.113708374023437500e+03
7.573629003481259225e-01 1.115442504882812500e+03
7.607976527306571368e-01 1.125326171875000000e+03
7.642324051131883511e-01 1.129742919921875000e+03
7.676671574957195654e-01 1.137652343750000000e+03
7.711019098782507797e-01 1.153763793945312500e+03
7.745366622607818829e-01 1.144734375000000000e+03
7.779714146433130972e-01 1.142150512695312500e+03
7.814061670258443115e-01 1.139619384765625000e+03
7.848409194083755258e-01 1.152846801757812500e+03
7.882756717909067401e-01 1.155504638671875000e+03
7.917104241734378434e-01 1.141176635742187500e+03
7.951451765559689466e-01 1.136985107421875000e+03
7.985799289385001609e-01 1.141852539062500000e+03
8.020146813210313752e-01 1.155895141601562500e+03
8.054494337035625895e-01 1.156328613281250000e+03
8.088841860860938038e-01 1.153501831054687500e+03
8.123189384686249070e-01 1.148978881835937500e+03
8.157536908511561213e-01 1.147281982421875000e+03
8.191884432336873356e-01 1.148691406250000000e+03
8.226231956162185499e-01 1.155396972656250000e+03
8.260579479987497642e-01 1.160598266601562500e+03
8.294927003812808675e-01 1.169872192382812500e+03
8.329274527638119707e-01 1.177725708007812500e+03
8.363622051463431850e-01 1.195434326171875000e+03
8.397969575288743993e-01 1.203999755859375000e+03
8.432317099114056136e-01 1.209787475585937500e+03
8.466664622939368279e-01 1.213482299804687500e+03
8.501012146764680422e-01 1.204054931640625000e+03
8.535359670589991454e-01 1.198637329101562500e+03
8.569707194415303597e-01 1.198902954101562500e+03
8.604054718240615740e-01 1.200358398437500000e+03
8.638402242065926773e-01 1.194463500976562500e+03
8.672749765891238916e-01 1.183872924804687500e+03
8.707097289716549948e-01 1.179644653320312500e+03
8.741444813541862091e-01 1.177807861328125000e+03
8.775792337367174234e-01 1.169850219726562500e+03
8.810139861192486377e-01 1.160692871093750000e+03
8.844487385017798520e-01 1.161652221679687500e+03
8.878834908843110663e-01 1.163826293945312500e+03
8.913182432668421695e-01 1.181798583984375000e+03
8.947529956493733838e-01 1.188369262695312500e+03
8.981877480319045981e-01 1.199983764648437500e+03
9.016225004144359234e-01 1.196728393554687500e+03
9.050572527969670267e-01 1.198848144531250000e+03
9.084920051794982410e-01 1.204088745117187500e+03
9.119267575620293442e-01 1.214936279296875000e+03
9.153615099445606695e-01 1.222508422851562500e+03
9.187962623270917728e-01 1.230969482421875000e+03
9.222310147096228761e-01 1.234602783203125000e+03
9.256657670921540904e-01 1.223067016601562500e+03
9.291005194746851936e-01 1.213669311523437500e+03
9.325352718572165189e-01 1.207477172851562500e+03
9.359700242397476222e-01 1.221578125000000000e+03
9.394047766222789475e-01 1.227739501953125000e+03
9.428395290048100508e-01 1.230330200195312500e+03
9.462742813873412651e-01 1.224393188476562500e+03
9.497090337698723683e-01 1.224094848632812500e+03
9.531437861524036936e-01 1.233348144531250000e+03
9.565785385349347969e-01 1.236982299804687500e+03
9.600132909174659002e-01 1.225086914062500000e+03
9.634480432999971145e-01 1.220693603515625000e+03
9.668827956825282177e-01 1.218194946289062500e+03
9.703175480650595430e-01 1.227452392578125000e+03
9.737523004475906463e-01 1.230288696289062500e+03
9.771870528301219716e-01 1.238743896484375000e+03
9.806218052126530749e-01 1.247831176757812500e+03
9.840565575951842892e-01 1.249658081054687500e+03
9.874913099777153924e-01 1.242423706054687500e+03
9.909260623602464957e-01 1.231501708984375000e+03
9.943608147427778210e-01 1.232151855468750000e+03
9.977955671253089243e-01 1.239228027343750000e+03
1.001230319507840250e+00 1.251197387695312500e+03
1.004665071890371353e+00 1.256558349609375000e+03
1.008099824272902678e+00 1.251131835937500000e+03
1.011534576655433781e+00 1.249227294921875000e+03
1.014969329037964885e+00 1.253648315429687500e+03
1.018404081420495988e+00 1.258268798828125000e+03
1.021838833803027313e+00 1.269562500000000000e+03
1.025273586185558417e+00 1.275529296875000000e+03
1.028708338568089520e+00 1.285202026367187500e+03
1.032143090950620845e+00 1.283868530273437500e+03
1.035577843333151948e+00 1.268220336914062500e+03
1.039012595715683274e+00 1.244512084960937500e+03
1.042447348098214377e+00 1.233230590820312500e+03
1.045882100480745702e+00 1.235273925781250000e+03
1.049316852863276806e+00 1.241009643554687500e+03
1.052751605245807909e+00 1.246842529296875000e+03
1.056186357628339012e+00 1.248081420898437500e+03
1.059621110010870337e+00 1.259822021484375000e+03
1.063055862393401441e+00 1.256790527343750000e+03
1.066490614775932544e+00 1.265515136718750000e+03
1.069925367158463869e+00 1.270479125976562500e+03
1.073360119540994972e+00 1.283630981445312500e+03
1.076794871923526298e+00 1.294920654296875000e+03
1.080229624306057401e+00 1.301823852539062500e+03
1.083664376688588726e+00 1.295617675781250000e+03
1.087099129071119830e+00 1.285253540039062500e+03
1.090533881453650933e+00 1.273557861328125000e+03
1.093968633836182036e+00 1.266177490234375000e+03
1.097403386218713361e+00 1.266259033203125000e+03
1.100838138601244465e+00 1.274250000000000000e+03
1.104272890983775568e+00 1.287945556640625000e+03
1.107707643366306893e+00 1.295262817382812500e+03
1.111142395748837997e+00 1.290311401367187500e+03
1.114577148131369322e+00 1.281864379882812500e+03
1.118011900513900425e+00 1.280699218750000000e+03
1.121446652896431750e+00 1.294414428710937500e+03
1.124881405278962854e+00 1.286572631835937500e+03
1.128316157661493957e+00 1.283842407226562500e+03
1.131750910044025060e+00 1.294505493164062500e+03
1.135185662426556386e+00 1.322783203125000000e+03
1.138620414809087489e+00 1.327036621093750000e+03
1.142055167191618592e+00 1.317764282226562500e+03
1.145489919574149917e+00 1.318502319335937500e+03
1.148924671956681021e+00 1.320226318359375000e+03
1.152359424339212346e+00 1.315748046875000000e+03
1.155794176721743449e+00 1.308994140625000000e+03
1.159228929104274775e+00 1.313637695312500000e+03
1.162663681486805878e+00 1.318318359375000000e+03
1.166098433869336981e+00 1.326544189453125000e+03
1.169533186251868084e+00 1.330410644531250000e+03
1.172967938634399410e+00 1.327820190429687500e+03
1.176402691016930513e+00 1.321086059570312500e+03
1.179837443399461616e+00 1.320284790039062500e+03
1.183272195781992941e+00 1.324749267578125000e+03
1.186706948164524045e+00 1.323502685546875000e+03
1.190141700547055370e+00 1.319471557617187500e+03
1.193576452929586473e+00 1.333210571289062500e+03
1.197011205312117799e+00 1.342058227539062500e+03
1.200445957694648902e+00 1.358633300781250000e+03
1.203880710077180005e+00 1.357590454101562500e+03
1.207315462459711108e+00 1.369411499023437500e+03
1.210750214842242434e+00 1.375009643554687500e+03
1.214184967224773537e+00 1.373052490234375000e+03
1.217619719607304640e+00 1.369314941406250000e+03
1.221054471989835966e+00 1.361539306640625000e+03
1.224489224372367069e+00 1.363701660156250000e+03
1.227923976754898394e+00 1.362879150390625000e+03
1.231358729137429497e+00 1.355684326171875000e+03
1.234793481519960823e+00 1.355347167968750000e+03
1.238228233902491926e+00 1.361322631835937500e+03
1.241662986285023029e+00 1.374535400390625000e+03
1.245097738667554133e+00 1.374654663085937500e+03
1.248532491050085236e+00 1.377709960937500000e+03
1.251967243432616561e+00 1.379736206054687500e+03
1.255401995815147664e+00 1.382636474609375000e+03
1.258836748197678990e+00 1.378490966796875000e+03
1.262271500580210093e+00 1.384716552734375000e+03
1.265706252962741418e+00 1.392376586914062500e+03
1.269141005345272522e+00 1.401176269531250000e+03
1.272575757727803847e+00 1.391613403320312500e+03
1.276010510110334950e+00 1.388978637695312500e+03
1.279445262492866053e+00 1.393116088867187500e+03
1.282880014875397157e+00 1.396442626953125000e+03
1.286314767257928260e+00 1.408951660156250000e+03
1.289749519640459585e+00 1.418553833007812500e+03
1.293184272022990688e+00 1.432922851562500000e+03
1.296619024405522014e+00 1.435197021484375000e+03
1.300053776788053117e+00 1.433213378906250000e+03
1.303488529170584442e+00 1.427624023437500000e+03
1.306923281553115546e+00 1.420348022460937500e+03
1.310358033935646871e+00 1.414378906250000000e+03
1.313792786318177974e+00 1.416819824218750000e+03
1.317227538700709077e+00 1.410941650390625000e+03
1.320662291083240181e+00 1.417613403320312500e+03
1.324097043465771284e+00 1.424544677734375000e+03
1.327531795848302609e+00 1.436321289062500000e+03
1.330966548230833713e+00 1.437234375000000000e+03
1.334401300613365038e+00 1.438535766601562500e+03
1.337836052995896141e+00 1.440315551757812500e+03
1.341270805378427466e+00 1.453460693359375000e+03
1.344705557760958570e+00 1.476100708007812500e+03
1.348140310143489895e+00 1.508433227539062500e+03
1.351575062526020998e+00 1.528890380859375000e+03
1.355009814908552102e+00 1.554718872070312500e+03
1.358444567291083205e+00 1.560051391601562500e+03
1.361879319673614308e+00 1.557256713867187500e+03
1.365314072056145633e+00 1.541668701171875000e+03
1.368748824438676737e+00 1.523703369140625000e+03
1.372183576821208062e+00 1.497499389648437500e+03
1.375618329203739165e+00 1.469813232421875000e+03
1.379053081586270491e+00 1.453447631835937500e+03
1.382487833968801594e+00 1.446559692382812500e+03
1.385922586351332919e+00 1.443611694335937500e+03
1.389357338733864022e+00 1.443607543945312500e+03
1.392792091116395126e+00 1.439031005859375000e+03
1.396226843498926229e+00 1.445686157226562500e+03
1.399661595881457332e+00 1.448266601562500000e+03
1.403096348263988657e+00 1.460556152343750000e+03
1.406531100646519761e+00 1.456244262695312500e+03
1.409965853029051086e+00 1.460261718750000000e+03
1.413400605411582189e+00 1.467217529296875000e+03
1.416835357794113515e+00 1.477179321289062500e+03
1.420270110176644618e+00 1.481540771484375000e+03
1.423704862559175943e+00 1.478379516601562500e+03
1.427139614941707046e+00 1.472767333984375000e+03
1.430574367324238150e+00 1.470139648437500000e+03
1.434009119706769253e+00 1.459731567382812500e+03
1.437443872089300356e+00 1.465071533203125000e+03
1.440878624471831682e+00 1.471987670898437500e+03
1.444313376854362785e+00 1.487547485351562500e+03
1.447748129236894110e+00 1.482359741210937500e+03
1.451182881619425213e+00 1.471803466796875000e+03
1.454617634001956539e+00 1.465652343750000000e+03
1.458052386384487642e+00 1.477688598632812500e+03
1.461487138767018967e+00 1.488334716796875000e+03
1.464921891149550071e+00 1.492060302734375000e+03
1.468356643532081174e+00 1.496707763671875000e+03
1.471791395914612277e+00 1.498977905273437500e+03
1.475226148297143380e+00 1.506967895507812500e+03
1.478660900679674706e+00 1.497350708007812500e+03
1.482095653062205809e+00 1.501986083984375000e+03
1.485530405444737134e+00 1.499539794921875000e+03
1.488965157827268238e+00 1.505588867187500000e+03
1.492399910209799563e+00 1.504906005859375000e+03
1.495834662592330666e+00 1.513289550781250000e+03
1.499269414974861991e+00 1.513952148437500000e+03
1.502704167357393095e+00 1.508415039062500000e+03
1.506138919739924198e+00 1.502828002929687500e+03
1.509573672122455301e+00 1.512792114257812500e+03
1.513008424504986404e+00 1.529955932617187500e+03
1.516443176887517730e+00 1.538253173828125000e+03
1.519877929270048833e+00 1.528997436523437500e+03
1.523312681652580158e+00 1.520467041015625000e+03
1.526747434035111262e+00 1.510186645507812500e+03
1.530182186417642587e+00 1.511701538085937500e+03
1.533616938800173690e+00 1.508723999023437500e+03
1.537051691182705015e+00 1.516787841796875000e+03
1.540486443565236119e+00 1.526236694335937500e+03
1.543921195947767222e+00 1.532695556640625000e+03
1.547355948330298325e+00 1.531068359375000000e+03
1.550790700712829429e+00 1.527264526367187500e+03
1.554225453095360754e+00 1.533898437500000000e+03
1.557660205477891857e+00 1.539922729492187500e+03
1.561094957860423182e+00 1.537462036132812500e+03
1.564529710242954286e+00 1.536025268554687500e+03
1.567964462625485611e+00 1.539018066406250000e+03
1.571399215008016714e+00 1.553187377929687500e+03
1.574833967390548040e+00 1.554091552734375000e+03
1.578268719773079143e+00 1.557892578125000000e+03
1.581703472155610246e+00 1.557420776367187500e+03
1.585138224538141349e+00 1.569661376953125000e+03
1.588572976920672453e+00 1.572919067382812500e+03
1.592007729303203778e+00 1.576634155273437500e+03
1.595442481685734881e+00 1.575353515625000000e+03
1.598877234068266207e+00 1.576780395507812500e+03
1.602311986450797310e+00 1.576914306640625000e+03
1.605746738833328635e+00 1.572549072265625000e+03
1.609181491215859738e+00 1.573981811523437500e+03
1.612616243598391064e+00 1.580029052734375000e+03
1.616050995980922167e+00 1.579649047851562500e+03
1.619485748363453270e+00 1.580568481445312500e+03
1.622920500745984373e+00 1.594266845703125000e+03
1.626355253128515477e+00 1.640289062500000000e+03
1.629790005511046802e+00 1.688924560546875000e+03
1.633224757893577905e+00 1.760487426757812500e+03
1.636659510276109231e+00 1.808498291015625000e+03
1.640094262658640334e+00 1.841016479492187500e+03
1.643529015041171659e+00 1.831558471679687500e+03
1.646963767423702762e+00 1.801097167968750000e+03
1.650398519806234088e+00 1.763908813476562500e+03
1.653833272188765191e+00 1.716046264648437500e+03
1.657268024571296294e+00 1.672490966796875000e+03
1.660702776953827398e+00 1.632634033203125000e+03
1.664137529336358501e+00 1.617738769531250000e+03
1.667572281718889826e+00 1.599739135742187500e+03
1.671007034101420929e+00 1.605132202148437500e+03
1.674441786483952255e+00 1.604441528320312500e+03
1.677876538866483358e+00 1.601564331054687500e+03
1.681311291249014683e+00 1.596810424804687500e+03
1.684746043631545787e+00 1.591710449218750000e+03
1.688180796014076890e+00 1.598864868164062500e+03
1.691615548396608215e+00 1.604497314453125000e+03
1.695050300779139318e+00 1.605125732421875000e+03
1.698485053161670422e+00 1.598677734375000000e+03
1.701919805544201525e+00 1.584954589843750000e+03
1.705354557926732850e+00 1.583359008789062500e+03
1.708789310309263954e+00 1.575971557617187500e+03
1.712224062691795279e+00 1.579484375000000000e+03
1.715658815074326382e+00 1.576248168945312500e+03
1.719093567456857707e+00 1.587201538085937500e+03
1.722528319839388811e+00 1.593729736328125000e+03
1.725963072221919914e+00 1.603302368164062500e+03
1.729397824604451239e+00 1.595347656250000000e+03
1.732832576986982343e+00 1.588360351562500000e+03
1.736267329369513446e+00 1.574169189453125000e+03
1.739702081752044549e+00 1.575323242187500000e+03
1.743136834134575874e+00 1.573249023437500000e+03
1.746571586517106978e+00 1.577441406250000000e+03
1.750006338899638303e+00 1.581772338867187500e+03
1.753441091282169406e+00 1.575125854492187500e+03
1.756875843664700731e+00 1.568968261718750000e+03
1.760310596047231835e+00 1.553302246093750000e+03
1.763745348429762938e+00 1.560379638671875000e+03
1.767180100812294263e+00 1.563854125976562500e+03
1.770614853194825367e+00 1.578963500976562500e+03
1.774049605577356470e+00 1.592638183593750000e+03
1.777484357959887573e+00 1.602178955078125000e+03
1.780919110342418898e+00 1.607699584960937500e+03
1.784353862724950002e+00 1.605689575195312500e+03
1.787788615107481327e+00 1.608567016601562500e+03
1.791223367490012208e+00 1.599223510742187500e+03
1.794658119872543534e+00 1.583182250976562500e+03
1.798092872255074859e+00 1.565947387695312500e+03
1.801527624637606184e+00 1.554820800781250000e+03
1.804962377020137065e+00 1.541604003906250000e+03
1.808397129402668391e+00 1.530280639648437500e+03
1.811831881785199494e+00 1.514610107421875000e+03
1.815266634167730819e+00 1.495472656250000000e+03
1.818701386550261700e+00 1.484528686523437500e+03
1.822136138932793026e+00 1.478480712890625000e+03
1.825570891315324351e+00 1.476634399414062500e+03
1.829005643697855676e+00 1.476577148437500000e+03
1.832440396080386558e+00 1.471365966796875000e+03
1.835875148462917883e+00 1.462409423828125000e+03
1.839309900845449208e+00 1.457643066406250000e+03
1.842744653227980089e+00 1.457232788085937500e+03
1.846179405610511415e+00 1.453134033203125000e+03
1.849614157993042740e+00 1.436789794921875000e+03
1.853048910375573843e+00 1.427377319335937500e+03
1.856483662758104725e+00 1.414034790039062500e+03
1.859918415140636050e+00 1.415035888671875000e+03
1.863353167523167375e+00 1.414939086914062500e+03
1.866787919905698701e+00 1.422379150390625000e+03
1.870222672288229582e+00 1.418751831054687500e+03
1.873657424670760907e+00 1.414871215820312500e+03
1.877092177053292232e+00 1.407735473632812500e+03
1.880526929435823114e+00 1.405050048828125000e+03
1.883961681818354439e+00 1.407905395507812500e+03
1.887396434200885764e+00 1.411513671875000000e+03
1.890831186583416867e+00 1.411552001953125000e+03
1.894265938965947749e+00 1.404957031250000000e+03
1.897700691348479074e+00 1.406175415039062500e+03
1.901135443731010399e+00 1.398587402343750000e+03
1.904570196113541725e+00 1.385690795898437500e+03
1.908004948496072606e+00 1.364465209960937500e+03
1.911439700878603931e+00 1.351601684570312500e+03
1.914874453261135256e+00 1.353061157226562500e+03
1.918309205643666138e+00 1.351349365234375000e+03
1.921743958026197463e+00 1.359933837890625000e+03
1.925178710408728788e+00 1.351364501953125000e+03
1.928613462791259892e+00 1.343415649414062500e+03
1.932048215173790773e+00 1.326786621093750000e+03
1.935482967556322098e+00 1.316434692382812500e+03
1.938917719938853423e+00 1.308149536132812500e+03
1.942352472321384749e+00 1.300280395507812500e+03
1.945787224703915630e+00 1.299213012695312500e+03
1.949221977086446955e+00 1.293411132812500000e+03
1.952656729468978281e+00 1.279938232421875000e+03
1.956091481851509162e+00 1.282261596679687500e+03
1.959526234234040487e+00 1.280160766601562500e+03
1.962960986616571812e+00 1.278678710937500000e+03
1.966395738999102916e+00 1.271334838867187500e+03
1.969830491381633797e+00 1.274158447265625000e+03
1.973265243764165122e+00 1.269387451171875000e+03
1.976699996146696447e+00 1.268403686523437500e+03
1.980134748529227329e+00 1.272884399414062500e+03
1.983569500911758654e+00 1.279832031250000000e+03
1.987004253294289979e+00 1.284344970703125000e+03
1.990439005676821305e+00 1.288794311523437500e+03
1.993873758059352186e+00 1.320842163085937500e+03
1.997308510441883511e+00 1.369934082031250000e+03
2.000743262824414614e+00 1.431210327148437500e+03
2.004178015206945940e+00 1.506303344726562500e+03
2.007612767589476821e+00 1.573400634765625000e+03
2.011047519972008146e+00 1.602515136718750000e+03
2.014482272354539472e+00 1.593156738281250000e+03
2.017917024737070353e+00 1.538593994140625000e+03
2.021351777119601678e+00 1.479742675781250000e+03
2.024786529502133003e+00 1.414286254882812500e+03
2.028221281884664329e+00 1.353232543945312500e+03
2.031656034267195210e+00 1.300496704101562500e+03
2.035090786649726535e+00 1.261278808593750000e+03
2.038525539032257861e+00 1.223606933593750000e+03
2.041960291414789186e+00 1.205225708007812500e+03
2.045395043797320067e+00 1.189750000000000000e+03
2.048829796179851392e+00 1.187150512695312500e+03
2.052264548562382718e+00 1.190815795898437500e+03
2.055699300944913599e+00 1.195081054687500000e+03
2.059134053327444924e+00 1.200927124023437500e+03
2.062568805709975805e+00 1.198224121093750000e+03
2.066003558092507131e+00 1.194517578125000000e+03
2.069438310475038012e+00 1.186098510742187500e+03
2.072873062857569337e+00 1.178635131835937500e+03
2.076307815240100663e+00 1.169954223632812500e+03
2.079742567622631988e+00 1.162702880859375000e+03
2.083177320005162869e+00 1.160598510742187500e+03
2.086612072387694194e+00 1.154875488281250000e+03
2.090046824770225520e+00 1.141135253906250000e+03
2.093481577152756401e+00 1.127781860351562500e+03
2.096916329535287726e+00 1.124461303710937500e+03
2.100351081917819052e+00 1.129866088867187500e+03
2.103785834300350377e+00 1.134171142578125000e+03
2.107220586682881258e+00 1.130596801757812500e+03
2.110655339065412583e+00 1.120968383789062500e+03
2.114090091447943909e+00 1.114854736328125000e+03
2.117524843830475234e+00 1.109937133789062500e+03
2.120959596213006115e+00 1.112583007812500000e+03
2.124394348595537441e+00 1.119221191406250000e+03
2.127829100978068766e+00 1.122728027343750000e+03
2.131263853360599647e+00 1.123194580078125000e+03
2.134698605743130972e+00 1.115242187500000000e+03
2.138133358125661854e+00 1.114372192382812500e+03
2.141568110508193179e+00 1.110437622070312500e+03
2.145002862890724060e+00 1.103745117187500000e+03
2.148437615273255386e+00 1.091313720703125000e+03
2.151872367655786711e+00 1.083152343750000000e+03
2.155307120038318036e+00 1.080409667968750000e+03
2.158741872420848917e+00 1.081540161132812500e+03
2.162176624803380243e+00 1.084975708007812500e+03
2.165611377185911568e+00 1.082214233398437500e+03
2.169046129568442449e+00 1.077165283203125000e+03
2.172480881950973775e+00 1.065701416015625000e+03
2.175915634333505100e+00 1.057733520507812500e+03
2.179350386716036425e+00 1.059418701171875000e+03
2.182785139098567306e+00 1.059324218750000000e+03
2.186219891481098632e+00 1.060056030273437500e+03
2.189654643863629957e+00 1.054968139648437500e+03
2.193089396246161282e+00 1.056037841796875000e+03
2.196524148628692163e+00 1.052719360351562500e+03
2.199958901011223489e+00 1.046249389648437500e+03
2.203393653393754814e+00 1.033732666015625000e+03
2.206828405776285695e+00 1.027910644531250000e+03
2.210263158158817021e+00 1.021933410644531250e+03
2.213697910541347902e+00 1.016229553222656250e+03
2.217132662923879227e+00 1.012025024414062500e+03
2.220567415306410108e+00 1.015066162109375000e+03
2.224002167688941434e+00 1.008980163574218750e+03
2.227436920071472759e+00 9.967526245117187500e+02
2.230871672454004084e+00 9.905361938476562500e+02
2.234306424836534966e+00 9.970278930664062500e+02
2.237741177219066291e+00 1.002368469238281250e+03
2.241175929601597616e+00 1.006497253417968750e+03
2.244610681984128497e+00 1.005929870605468750e+03
2.248045434366659823e+00 1.007934448242187500e+03
2.251480186749191148e+00 1.002220092773437500e+03
2.254914939131722473e+00 1.007210266113281250e+03
2.258349691514253355e+00 1.011083618164062500e+03
2.261784443896784680e+00 1.015736572265625000e+03
2.265219196279316005e+00 1.010561035156250000e+03
2.268653948661847330e+00 1.002562377929687500e+03
2.272088701044378212e+00 9.842136230468750000e+02
2.275523453426909537e+00 9.694686279296875000e+02
2.278958205809440862e+00 9.631246337890625000e+02
2.282392958191971744e+00 9.722525024414062500e+02
2.285827710574503069e+00 9.813881835937500000e+02
2.289262462957033950e+00 9.849694213867187500e+02
2.292697215339565275e+00 9.816624145507812500e+02
2.296131967722096157e+00 9.792166137695312500e+02
2.299566720104627482e+00 9.794201660156250000e+02
2.303001472487158807e+00 9.797354125976562500e+02
2.306436224869690133e+00 9.947942504882812500e+02
2.309870977252221014e+00 1.015141906738281250e+03
2.313305729634752339e+00 1.048536132812500000e+03
2.316740482017283664e+00 1.098345458984375000e+03
2.320175234399814546e+00 1.143083618164062500e+03
2.323609986782345871e+00 1.197182861328125000e+03
2.327044739164877196e+00 1.239609985351562500e+03
2.330479491547408522e+00 1.258761962890625000e+03
2.333914243929939403e+00 1.253398681640625000e+03
2.337348996312470728e+00 1.207026611328125000e+03
2.340783748695002053e+00 1.152442260742187500e+03
2.344218501077533379e+00 1.098134277343750000e+03
2.347653253460064260e+00 1.041647583007812500e+03
2.351088005842595585e+00 1.008576904296875000e+03
2.354522758225126911e+00 9.765636596679687500e+02
2.357957510607657792e+00 9.525242309570312500e+02
2.361392262990189117e+00 9.354329833984375000e+02
2.364827015372720442e+00 9.272557373046875000e+02
2.368261767755251324e+00 9.235629882812500000e+02
2.371696520137782205e+00 9.208096313476562500e+02
2.375131272520313530e+00 9.166415405273437500e+02
2.378566024902844855e+00 9.145081787109375000e+02
2.382000777285376181e+00 9.102972412109375000e+02
2.385435529667907062e+00 9.005888671875000000e+02
2.388870282050438387e+00 8.954913940429687500e+02
2.392305034432969713e+00 8.903218383789062500e+02
2.395739786815500594e+00 8.950965576171875000e+02
2.399174539198031919e+00 8.969826049804687500e+02
2.402609291580563244e+00 8.972756958007812500e+02
2.406044043963094570e+00 8.945651245117187500e+02
2.409478796345625451e+00 8.940170898437500000e+02
2.412913548728156776e+00 8.991582031250000000e+02
2.416348301110688102e+00 9.004689331054687500e+02
2.419783053493219427e+00 8.950836181640625000e+02
2.423217805875750308e+00 8.882858886718750000e+02
2.426652558258281633e+00 8.881219482421875000e+02
2.430087310640812959e+00 8.970022583007812500e+02
2.433522063023343840e+00 9.054767456054687500e+02
2.436956815405875165e+00 9.014853515625000000e+02
2.440391567788406491e+00 8.960194091796875000e+02
2.443826320170937372e+00 8.894108886718750000e+02
2.447261072553468253e+00 8.920633544921875000e+02
2.450695824935999578e+00 8.881557006835937500e+02
2.454130577318530904e+00 8.830152587890625000e+02
2.457565329701061785e+00 8.755518798828125000e+02
2.461000082083593110e+00 8.651300048828125000e+02
2.464434834466124435e+00 8.675213012695312500e+02
2.467869586848655761e+00 8.667442016601562500e+02
2.471304339231186642e+00 8.773004760742187500e+02
2.474739091613717967e+00 8.734357910156250000e+02
2.478173843996249293e+00 8.747534179687500000e+02
2.481608596378780618e+00 8.692473754882812500e+02
2.485043348761311499e+00 8.679793090820312500e+02
2.488478101143842824e+00 8.707039184570312500e+02
2.491912853526374150e+00 8.717634887695312500e+02
2.495347605908905031e+00 8.702930908203125000e+02
2.498782358291436356e+00 8.654389648437500000e+02
2.502217110673967682e+00 8.740821533203125000e+02
2.505651863056499007e+00 8.881493530273437500e+02
2.509086615439029888e+00 9.110667724609375000e+02
2.512521367821561213e+00 9.292886962890625000e+02
2.515956120204092539e+00 9.505729370117187500e+02
2.519390872586623420e+00 9.645343017578125000e+02
2.522825624969154301e+00 9.608308105468750000e+02
2.526260377351685626e+00 9.487038574218750000e+02
2.529695129734216952e+00 9.231400756835937500e+02
2.533129882116747833e+00 9.045844116210937500e+02
2.536564634499279158e+00 8.843579711914062500e+02
2.539999386881810484e+00 8.741477050781250000e+02
2.543434139264341809e+00 8.633123168945312500e+02
2.546868891646872690e+00 8.477689819335937500e+02
2.550303644029404015e+00 8.344655761718750000e+02
2.553738396411935341e+00 8.261630249023437500e+02
2.557173148794466666e+00 8.235615844726562500e+02
2.560607901176997547e+00 8.161065063476562500e+02
2.564042653559528873e+00 8.136814575195312500e+02
2.567477405942060198e+00 8.206406250000000000e+02
2.570912158324591079e+00 8.250521850585937500e+02
2.574346910707122404e+00 8.207857666015625000e+02
2.577781663089653730e+00 8.102148437500000000e+02
2.581216415472185055e+00 8.014165039062500000e+02
2.584651167854715936e+00 7.990980834960937500e+02
2.588085920237247262e+00 7.942608032226562500e+02
2.591520672619778587e+00 7.916181640625000000e+02
2.594955425002309468e+00 7.909954833984375000e+02
2.598390177384840349e+00 7.893014526367187500e+02
2.601824929767371675e+00 7.814312744140625000e+02
2.605259682149903000e+00 7.820515747070312500e+02
2.608694434532433881e+00 7.892960815429687500e+02
2.612129186914965207e+00 7.982409057617187500e+02
2.615563939297496532e+00 7.992206420898437500e+02
2.618998691680027857e+00 7.936598510742187500e+02
2.622433444062558738e+00 7.872422485351562500e+02
2.625868196445090064e+00 7.811409301757812500e+02
2.629302948827621389e+00 7.781543579101562500e+02
2.632737701210152714e+00 7.693515625000000000e+02
2.636172453592683596e+00 7.610370483398437500e+02
2.639607205975214921e+00 7.609719848632812500e+02
2.643041958357746246e+00 7.664749755859375000e+02
2.646476710740277127e+00 7.694469604492187500e+02
2.649911463122808453e+00 7.629786987304687500e+02
2.653346215505339778e+00 7.551535034179687500e+02
2.656780967887871103e+00 7.536030273437500000e+02
2.660215720270401984e+00 7.585368041992187500e+02
2.663650472652933310e+00 7.690091552734375000e+02
2.667085225035464635e+00 7.787340698242187500e+02
2.670519977417995516e+00 7.812758789062500000e+02
2.673954729800526398e+00 7.781219482421875000e+02
2.677389482183057723e+00 7.722157592773437500e+02
2.680824234565589048e+00 7.622435913085937500e+02
2.684258986948119929e+00 7.571211547851562500e+02
2.687693739330651255e+00 7.521840820312500000e+02
2.691128491713182580e+00 7.542457885742187500e+02
2.694563244095713905e+00 7.568826293945312500e+02
2.697997996478244787e+00 7.609442749023437500e+02
2.701432748860776112e+00 7.629742431640625000e+02
2.704867501243307437e+00 7.598598632812500000e+02
2.708302253625838762e+00 7.527983398437500000e+02
2.711737006008369644e+00 7.499432983398437500e+02
2.715171758390900969e+00 7.464655761718750000e+02
2.718606510773432294e+00 7.441272583007812500e+02
2.722041263155963176e+00 7.420965576171875000e+02
2.725476015538494501e+00 7.428078002929687500e+02
2.728910767921025826e+00 7.475036010742187500e+02
2.732345520303557151e+00 7.532553100585937500e+02
2.735780272686088033e+00 7.567021484375000000e+02
2.739215025068619358e+00 7.578170776367187500e+02
2.742649777451150683e+00 7.560646972656250000e+02
2.746084529833681565e+00 7.560161743164062500e+02
2.749519282216212890e+00 7.609232788085937500e+02
2.752954034598743771e+00 7.796400146484375000e+02
2.756388786981275096e+00 8.051169433593750000e+02
2.759823539363805978e+00 8.396774291992187500e+02
2.763258291746337303e+00 8.984941406250000000e+02
2.766693044128868628e+00 9.732511596679687500e+02
2.770127796511399954e+00 1.047814331054687500e+03
2.773562548893930835e+00 1.110845214843750000e+03
2.776997301276462160e+00 1.130966674804687500e+03
2.780432053658993485e+00 1.123433593750000000e+03
2.783866806041524811e+00 1.091745483398437500e+03
2.787301558424055692e+00 1.032021484375000000e+03
2.790736310806587017e+00 9.652374877929687500e+02
2.794171063189118343e+00 8.840515747070312500e+02
2.797605815571649224e+00 8.303532714843750000e+02
2.801040567954180549e+00 7.918308105468750000e+02
2.804475320336711874e+00 7.704646606445312500e+02
2.807910072719243200e+00 7.537879028320312500e+02
2.811344825101774081e+00 7.491605834960937500e+02
2.814779577484305406e+00 7.512857055664062500e+02
2.818214329866836731e+00 7.536373291015625000e+02
2.821649082249367613e+00 7.549211425781250000e+02
2.825083834631898938e+00 7.549643554687500000e+02
2.828518587014429819e+00 7.566636352539062500e+02
2.831953339396961145e+00 7.688643798828125000e+02
2.835388091779492026e+00 7.843104248046875000e+02
2.838822844162023351e+00 8.086889648437500000e+02
2.842257596544554676e+00 8.268265380859375000e+02
2.845692348927086002e+00 8.416539306640625000e+02
2.849127101309616883e+00 8.507239990234375000e+02
2.852561853692148208e+00 8.402648315429687500e+02
2.855996606074679534e+00 8.260065307617187500e+02
2.859431358457210415e+00 8.051679687500000000e+02
2.862866110839741740e+00 7.915699462890625000e+02
2.866300863222273065e+00 7.742182006835937500e+02
2.869735615604804391e+00 7.565299682617187500e+02
2.873170367987335272e+00 7.409969482421875000e+02
2.876605120369866597e+00 7.294613037109375000e+02
2.880039872752397923e+00 7.268361206054687500e+02
2.883474625134929248e+00 7.254179687500000000e+02
2.886909377517460129e+00 7.290731201171875000e+02
2.890344129899991454e+00 7.303098144531250000e+02
2.893778882282522780e+00 7.426835937500000000e+02
2.897213634665053661e+00 7.454113159179687500e+02
2.900648387047584986e+00 7.507510375976562500e+02
2.904083139430115867e+00 7.423721923828125000e+02
2.907517891812647193e+00 7.451678466796875000e+02
2.910952644195178074e+00 7.444468383789062500e+02
2.914387396577709399e+00 7.499956665039062500e+02
2.917822148960240725e+00 7.523294067382812500e+02
2.921256901342772050e+00 7.599185180664062500e+02
2.924691653725302931e+00 7.704880371093750000e+02
2.928126406107834256e+00 7.821782226562500000e+02
2.931561158490365582e+00 7.959802246093750000e+02
2.934995910872896463e+00 8.221190795898437500e+02
2.938430663255427788e+00 8.435828247070312500e+02
2.941865415637959114e+00 8.694034423828125000e+02
2.945300168020490439e+00 8.939874877929687500e+02
2.948734920403021320e+00 9.139225463867187500e+02
2.952169672785552645e+00 9.383334960937500000e+02
2.955604425168083971e+00 9.702448730468750000e+02
2.959039177550615296e+00 1.028186523437500000e+03
2.962473929933146177e+00 1.133412353515625000e+03
2.965908682315677503e+00 1.411390625000000000e+03
2.969343434698208828e+00 1.970869506835937500e+03
2.972778187080739709e+00 2.862035644531250000e+03
2.976212939463271034e+00 4.524775878906250000e+03
2.979647691845801916e+00 6.650317382812500000e+03
2.983082444228333241e+00 8.711186523437500000e+03
2.986517196610864122e+00 1.083451074218750000e+04
2.989951948993395447e+00 1.189780664062500000e+04
2.993386701375926773e+00 1.204690136718750000e+04
2.996821453758458098e+00 1.126214062500000000e+04
3.000256206140988979e+00 9.610791992187500000e+03
3.003690958523520305e+00 7.903392089843750000e+03
3.007125710906051630e+00 5.910072265625000000e+03
3.010560463288582511e+00 4.078289306640625000e+03
3.013995215671113836e+00 2.890939453125000000e+03
3.017429968053645162e+00 1.949399536132812500e+03
3.020864720436176487e+00 1.369580078125000000e+03
3.024299472818707368e+00 1.111532226562500000e+03
3.027734225201238694e+00 9.603361206054687500e+02
3.031168977583770019e+00 8.926838378906250000e+02
3.034603729966301344e+00 8.595409545898437500e+02
3.038038482348832225e+00 8.333333129882812500e+02
3.041473234731363551e+00 8.209125366210937500e+02
3.044907987113894876e+00 8.143963623046875000e+02
3.048342739496425757e+00 8.113876342773437500e+02
3.051777491878957083e+00 8.074802246093750000e+02
3.055212244261487964e+00 8.116125488281250000e+02
3.058646996644019289e+00 8.133765258789062500e+02
3.062081749026550170e+00 8.085013427734375000e+02
3.065516501409081496e+00 8.071502075195312500e+02
3.068951253791612821e+00 8.019039916992187500e+02
3.072386006174144146e+00 7.941934204101562500e+02
3.075820758556675028e+00 7.928884887695312500e+02
3.079255510939206353e+00 7.985687866210937500e+02
3.082690263321737678e+00 8.068100585937500000e+02
3.086125015704268559e+00 8.034282836914062500e+02
3.089559768086799885e+00 8.017733764648437500e+02
3.092994520469331210e+00 7.913598022460937500e+02
3.096429272851862535e+00 7.824976806640625000e+02
3.099864025234393416e+00 7.666433105468750000e+02
3.103298777616924742e+00 7.511749267578125000e+02
3.106733529999456067e+00 7.254766235351562500e+02
3.110168282381987392e+00 7.052242431640625000e+02
3.113603034764518274e+00 6.930587158203125000e+02
3.117037787147049599e+00 6.806047973632812500e+02
3.120472539529580924e+00 6.743005981445312500e+02
3.123907291912111805e+00 6.672494506835937500e+02
3.127342044294643131e+00 6.603132324218750000e+02
3.130776796677174012e+00 6.523199462890625000e+02
3.134211549059705337e+00 6.415986938476562500e+02
3.137646301442236219e+00 6.442356567382812500e+02
3.141081053824767544e+00 6.444636840820312500e+02
3.144515806207298869e+00 6.503142700195312500e+02
3.147950558589830194e+00 6.495350341796875000e+02
3.151385310972361076e+00 6.529895629882812500e+02
3.154820063354892401e+00 6.518153076171875000e+02
3.158254815737423726e+00 6.529903564453125000e+02
3.161689568119954608e+00 6.478372192382812500e+02
3.165124320502485933e+00 6.485572509765625000e+02
3.168559072885017258e+00 6.494135742187500000e+02
3.171993825267548583e+00 6.512411499023437500e+02
3.175428577650079465e+00 6.471429443359375000e+02
3.178863330032610790e+00 6.414695434570312500e+02
3.182298082415142115e+00 6.391950683593750000e+02
3.185732834797673441e+00 6.350254516601562500e+02
3.189167587180204322e+00 6.328787841796875000e+02
3.192602339562735647e+00 6.329551391601562500e+02
3.196037091945266972e+00 6.350532226562500000e+02
3.199471844327797854e+00 6.300225219726562500e+02
3.202906596710329179e+00 6.236915893554687500e+02
3.206341349092860060e+00 6.207195434570312500e+02
3.209776101475391386e+00 6.216754760742187500e+02
3.213210853857922267e+00 6.218786010742187500e+02
3.216645606240453592e+00 6.246412353515625000e+02
3.220080358622984917e+00 6.288939819335937500e+02
3.223515111005516243e+00 6.352984619140625000e+02
3.226949863388047124e+00 6.327665405273437500e+02
3.230384615770578449e+00 6.298269653320312500e+02
3.233819368153109775e+00 6.242166137695312500e+02
3.237254120535640656e+00 6.277576293945312500e+02
3.240688872918171981e+00 6.316443481445312500e+02
3.244123625300703306e+00 6.309992065429687500e+02
3.247558377683234632e+00 6.258314819335937500e+02
3.250993130065765513e+00 6.190960083007812500e+02
3.254427882448296838e+00 6.249185180664062500e+02
3.257862634830828164e+00 6.355134277343750000e+02
3.261297387213359489e+00 6.495249633789062500e+02
3.264732139595890370e+00 6.604017333984375000e+02
3.268166891978421695e+00 6.747811279296875000e+02
3.271601644360953021e+00 6.860797729492187500e+02
3.275036396743483902e+00 6.980743408203125000e+02
3.278471149126015227e+00 6.900894165039062500e+02
3.281905901508546108e+00 6.826046142578125000e+02
3.285340653891077434e+00 6.694127197265625000e+02
3.288775406273608315e+00 6.583773803710937500e+02
3.292210158656139640e+00 6.448189086914062500e+02
3.295644911038670966e+00 6.343827514648437500e+02
3.299079663421202291e+00 6.315900268554687500e+02
3.302514415803733172e+00 6.285596923828125000e+02
3.305949168186264497e+00 6.250969848632812500e+02
3.309383920568795823e+00 6.184140625000000000e+02
3.312818672951326704e+00 6.135096435546875000e+02
3.316253425333858029e+00 6.147120361328125000e+02
3.319688177716389355e+00 6.152889404296875000e+02
3.323122930098920680e+00 6.153808593750000000e+02
3.326557682481451561e+00 6.102414550781250000e+02
3.329992434863982886e+00 6.092396240234375000e+02
3.333427187246514212e+00 6.094472045898437500e+02
3.336861939629045093e+00 6.092874755859375000e+02
3.340296692011576418e+00 6.069861450195312500e+02
3.343731444394107744e+00 6.099504394531250000e+02
3.347166196776639069e+00 6.075437622070312500e+02
3.350600949159169950e+00 6.045117797851562500e+02
3.354035701541701275e+00 6.061392822265625000e+02
3.357470453924232601e+00 6.166412353515625000e+02
3.360905206306763482e+00 6.322406005859375000e+02
3.364339958689294363e+00 6.371672363281250000e+02
3.367774711071825688e+00 6.411313476562500000e+02
3.371209463454357014e+00 6.403227539062500000e+02
3.374644215836887895e+00 6.396099243164062500e+02
3.378078968219419220e+00 6.361177978515625000e+02
3.381513720601950546e+00 6.333032226562500000e+02
3.384948472984481871e+00 6.295066528320312500e+02
3.388383225367012752e+00 6.259679565429687500e+02
3.391817977749544077e+00 6.201732788085937500e+02
3.395252730132075403e+00 6.120086669921875000e+02
3.398687482514606728e+00 6.062406616210937500e+02
3.402122234897137609e+00 5.984746093750000000e+02
3.405556987279668935e+00 5.993706054687500000e+02
3.408991739662200260e+00 5.956694946289062500e+02
3.412426492044731141e+00 5.972822875976562500e+02
3.415861244427262466e+00 6.007492065429687500e+02
3.419295996809793792e+00 6.168009033203125000e+02
3.422730749192325117e+00 6.298759765625000000e+02
3.426165501574855998e+00 6.424476318359375000e+02
3.429600253957387324e+00 6.467877807617187500e+02
3.433035006339918649e+00 6.563576660156250000e+02
3.436469758722449530e+00 6.633316040039062500e+02
3.439904511104980411e+00 6.796907348632812500e+02
3.443339263487511737e+00 6.906961669921875000e+02
3.446774015870043062e+00 7.097536010742187500e+02
3.450208768252573943e+00 7.197265014648437500e+02
3.453643520635105268e+00 7.306598510742187500e+02
3.457078273017636594e+00 7.277567749023437500e+02
3.460513025400167919e+00 7.149729003906250000e+02
3.463947777782698800e+00 7.006377563476562500e+02
3.467382530165230126e+00 6.836986083984375000e+02
3.470817282547761451e+00 6.656059570312500000e+02
3.474252034930292776e+00 6.446514282226562500e+02
3.477686787312823657e+00 6.262974243164062500e+02
3.481121539695354983e+00 6.166463623046875000e+02
3.484556292077886308e+00 6.114639282226562500e+02
3.487991044460417189e+00 6.047975463867187500e+02
3.491425796842948515e+00 5.952617187500000000e+02
3.494860549225479840e+00 5.928176269531250000e+02
3.498295301608011165e+00 5.886853637695312500e+02
3.501730053990542046e+00 5.863751220703125000e+02
3.505164806373073372e+00 5.830173950195312500e+02
3.508599558755604697e+00 5.803285522460937500e+02
3.512034311138135578e+00 5.769413452148437500e+02
3.515469063520666460e+00 5.741531372070312500e+02
3.518903815903197785e+00 5.726445312500000000e+02
3.522338568285729110e+00 5.695151367187500000e+02
3.525773320668259991e+00 5.725442504882812500e+02
3.529208073050791317e+00 5.769630737304687500e+02
3.532642825433322642e+00 5.821958007812500000e+02
3.536077577815853967e+00 5.783457031250000000e+02
3.539512330198384849e+00 5.729658813476562500e+02
3.542947082580916174e+00 5.728541259765625000e+02
3.546381834963447499e+00 5.636124877929687500e+02
3.549816587345978824e+00 5.615897827148437500e+02
3.553251339728509706e+00 5.584885864257812500e+02
3.556686092111041031e+00 5.742513427734375000e+02
3.560120844493572356e+00 5.819863281250000000e+02
3.563555596876103237e+00 5.841933593750000000e+02
3.566990349258634563e+00 5.821831054687500000e+02
3.570425101641165888e+00 5.777702026367187500e+02
3.573859854023697213e+00 5.807316284179687500e+02
3.577294606406228095e+00 5.794202270507812500e+02
3.580729358788759420e+00 5.832184448242187500e+02
3.584164111171290301e+00 5.869818725585937500e+02
3.587598863553821626e+00 5.902462768554687500e+02
3.591033615936352508e+00 5.880688476562500000e+02
3.594468368318883833e+00 5.903325195312500000e+02
3.597903120701415158e+00 6.817372436523437500e+02
3.601337873083946484e+00 6.793644409179687500e+02
3.604772625466477809e+00 6.613090209960937500e+02
3.608207377849008246e+00 5.647103881835937500e+02
3.611642130231539571e+00 5.569941406250000000e+02
3.615076882614070897e+00 5.569304199218750000e+02
3.618511634996602222e+00 5.567593994140625000e+02
3.621946387379133547e+00 5.590583496093750000e+02
3.625381139761664873e+00 5.516268920898437500e+02
3.628815892144196198e+00 5.491604003906250000e+02
3.632250644526726635e+00 5.501889648437500000e+02
3.635685396909257960e+00 5.539025268554687500e+02
3.639120149291789286e+00 5.561226196289062500e+02
3.642554901674320611e+00 5.483005981445312500e+02
3.645989654056851936e+00 5.412207031250000000e+02
3.649424406439383262e+00 5.368867187500000000e+02
3.652859158821914587e+00 5.346220703125000000e+02
3.656293911204445912e+00 5.318918457031250000e+02
3.659728663586976349e+00 5.301533813476562500e+02
3.663163415969507675e+00 5.377321777343750000e+02
3.666598168352038556e+00 5.445549316406250000e+02
3.670032920734569881e+00 5.460524902343750000e+02
3.673467673117101207e+00 5.412174072265625000e+02
3.676902425499632532e+00 5.411536865234375000e+02
3.680337177882163857e+00 5.432537231445312500e+02
3.683771930264694294e+00 5.457357788085937500e+02
3.687206682647225620e+00 5.464866943359375000e+02
3.690641435029756945e+00 5.440983886718750000e+02
3.694076187412288270e+00 5.482374877929687500e+02
3.697510939794819596e+00 5.442438964843750000e+02
3.700945692177350921e+00 5.467554931640625000e+02
3.704380444559882246e+00 5.457087402343750000e+02
3.707815196942412683e+00 5.502957763671875000e+02
3.711249949324944009e+00 5.498497924804687500e+02
3.714684701707475334e+00 5.533809814453125000e+02
3.718119454090006659e+00 5.508767700195312500e+02
3.721554206472537984e+00 5.488430175781250000e+02
3.724988958855069310e+00 5.428424072265625000e+02
3.728423711237600635e+00 5.403657836914062500e+02
3.731858463620131960e+00 5.391093750000000000e+02
3.735293216002662398e+00 5.370494995117187500e+02
3.738727968385193723e+00 5.391691894531250000e+02
3.742162720767725048e+00 5.445047607421875000e+02
3.745597473150255929e+00 5.442492065429687500e+02
3.749032225532787255e+00 5.356196899414062500e+02
3.752466977915318580e+00 5.266534423828125000e+02
3.755901730297849905e+00 5.266442260742187500e+02
3.759336482680380342e+00 5.372875366210937500e+02
3.762771235062911668e+00 5.466521606445312500e+02
3.766205987445442993e+00 5.487391357421875000e+02
3.769640739827974318e+00 5.517001953125000000e+02
3.773075492210505644e+00 5.593261108398437500e+02
3.776510244593036969e+00 5.750258789062500000e+02
3.779944996975568294e+00 5.882699584960937500e+02
3.783379749358098731e+00 5.970182495117187500e+02
3.786814501740630057e+00 5.979445190429687500e+02
3.790249254123161382e+00 5.924428100585937500e+02
3.793684006505692707e+00 5.821653442382812500e+02
3.797118758888224033e+00 5.754890747070312500e+02
3.800553511270755358e+00 5.693732910156250000e+02
3.803988263653286683e+00 5.611420288085937500e+02
3.807423016035818009e+00 5.509183349609375000e+02
3.810857768418348446e+00 5.401409912109375000e+02
3.814292520800879771e+00 5.344099121093750000e+02
3.817727273183411096e+00 5.335753173828125000e+02
3.821162025565941978e+00 5.350389404296875000e+02
3.824596777948473303e+00 5.393684082031250000e+02
3.828031530331004628e+00 5.386916503906250000e+02
3.831466282713535954e+00 5.356085815429687500e+02
3.834901035096066391e+00 5.310083007812500000e+02
3.838335787478597716e+00 5.350348510742187500e+02
3.841770539861129041e+00 5.460637207031250000e+02
3.845205292243660367e+00 5.616004028320312500e+02
3.848640044626191692e+00 5.751047973632812500e+02
3.852074797008723017e+00 5.890665283203125000e+02
3.855509549391254343e+00 6.000664062500000000e+02
3.858944301773784780e+00 6.030854492187500000e+02
3.862379054156316105e+00 6.033623657226562500e+02
3.865813806538847430e+00 5.976329956054687500e+02
3.869248558921378756e+00 5.896832275390625000e+02
3.872683311303910081e+00 5.794405517578125000e+02
3.876118063686441406e+00 5.699125366210937500e+02
3.879552816068972732e+00 5.628995971679687500e+02
3.882987568451504057e+00 5.594205322265625000e+02
3.886422320834034494e+00 5.479412231445312500e+02
3.889857073216565819e+00 5.434260253906250000e+02
3.893291825599097145e+00 5.407996826171875000e+02
3.896726577981628026e+00 5.443040771484375000e+02
3.900161330364159351e+00 5.414389038085937500e+02
3.903596082746690676e+00 5.292936401367187500e+02
3.907030835129222002e+00 5.221821899414062500e+02
3.910465587511752439e+00 5.183424682617187500e+02
3.913900339894283764e+00 5.195759887695312500e+02
3.917335092276815089e+00 5.141268920898437500e+02
3.920769844659346415e+00 5.065873718261718750e+02
3.924204597041877740e+00 5.041252136230468750e+02
3.927639349424409065e+00 5.076613769531250000e+02
3.931074101806940391e+00 5.120320434570312500e+02
3.934508854189470828e+00 5.154710693359375000e+02
3.937943606572002153e+00 5.128559570312500000e+02
3.941378358954533478e+00 5.105079040527343750e+02
3.944813111337064804e+00 5.080939331054687500e+02
3.948247863719596129e+00 5.048327026367187500e+02
3.951682616102127454e+00 5.055569458007812500e+02
3.955117368484658780e+00 5.044886474609375000e+02
3.958552120867189217e+00 5.110199890136718750e+02
3.961986873249720542e+00 5.124636230468750000e+02
3.965421625632251867e+00 5.137584228515625000e+02
3.968856378014783193e+00 5.118346557617187500e+02
3.972291130397314074e+00 5.099150390625000000e+02
3.975725882779845399e+00 5.109186706542968750e+02
3.979160635162376725e+00 5.077368164062500000e+02
3.982595387544908050e+00 5.066631469726562500e+02
3.986030139927438487e+00 5.043004760742187500e+02
3.989464892309969812e+00 5.108847045898437500e+02
3.992899644692501138e+00 5.203712768554687500e+02
3.996334397075032463e+00 5.245856323242187500e+02
3.999769149457563788e+00 5.339774780273437500e+02
4.003203901840095114e+00 5.511282348632812500e+02
4.006638654222625995e+00 5.854476928710937500e+02
4.010073406605156876e+00 6.145414428710937500e+02
4.013508158987687757e+00 6.474626464843750000e+02
4.016942911370219527e+00 6.768756713867187500e+02
4.020377663752750408e+00 6.992542114257812500e+02
4.023812416135282177e+00 7.089370117187500000e+02
4.027247168517813058e+00 6.973199462890625000e+02
4.030681920900344828e+00 6.743505859375000000e+02
4.034116673282874821e+00 6.443526611328125000e+02
4.037551425665406590e+00 6.117396240234375000e+02
4.040986178047937472e+00 5.824073486328125000e+02
4.044420930430469241e+00 5.542556762695312500e+02
4.047855682813000122e+00 5.311184082031250000e+02
4.051290435195531892e+00 5.149034423828125000e+02
4.054725187578062773e+00 5.038728942871093750e+02
4.058159939960594542e+00 4.998720092773437500e+02
4.061594692343124535e+00 5.020031127929687500e+02
4.065029444725656305e+00 5.096016845703125000e+02
4.068464197108187186e+00 5.124974975585937500e+02
4.071898949490718955e+00 5.132677612304687500e+02
4.075333701873249836e+00 5.110172424316406250e+02
4.078768454255781606e+00 5.100218505859375000e+02
4.082203206638312487e+00 5.046618652343750000e+02
4.085637959020843368e+00 4.969148559570312500e+02
4.089072711403374250e+00 4.915942993164062500e+02
4.092507463785905131e+00 4.876224975585937500e+02
4.095942216168436900e+00 4.922935180664062500e+02
4.099376968550967781e+00 4.925972595214843750e+02
4.102811720933499551e+00 4.973207702636718750e+02
4.106246473316030432e+00 4.910232543945312500e+02
4.109681225698561313e+00 4.919177246093750000e+02
4.113115978081092194e+00 4.899631652832031250e+02
4.116550730463623964e+00 4.950556030273437500e+02
4.119985482846154845e+00 4.955624389648437500e+02
4.123420235228686614e+00 4.966483154296875000e+02
4.126854987611217496e+00 4.944927978515625000e+02
4.130289739993749265e+00 4.895852966308593750e+02
4.133724492376280146e+00 4.858865051269531250e+02
4.137159244758811028e+00 4.873162536621093750e+02
4.140593997141341909e+00 4.918145141601562500e+02
4.144028749523873678e+00 4.932558898925781250e+02
4.147463501906404559e+00 4.921386108398437500e+02
4.150898254288936329e+00 4.935960388183593750e+02
4.154333006671467210e+00 4.945547485351562500e+02
4.157767759053998091e+00 4.950851745605468750e+02
4.161202511436528972e+00 4.910538024902343750e+02
4.164637263819060742e+00 4.951629028320312500e+02
4.168072016201591623e+00 4.974984130859375000e+02
4.171506768584122504e+00 4.983548583984375000e+02
4.174941520966654274e+00 5.000927429199218750e+02
4.178376273349185155e+00 5.110746459960937500e+02
4.181811025731716924e+00 5.264601440429687500e+02
4.185245778114246917e+00 5.438675537109375000e+02
4.188680530496778687e+00 5.548654174804687500e+02
4.192115282879309568e+00 5.615983276367187500e+02
4.195550035261841337e+00 5.627595214843750000e+02
4.198984787644372219e+00 5.590378417968750000e+02
4.202419540026903988e+00 5.506383056640625000e+02
4.205854292409434869e+00 5.425106811523437500e+02
4.209289044791966639e+00 5.385875244140625000e+02
4.212723797174496632e+00 5.423499145507812500e+02
4.216158549557028401e+00 5.449130249023437500e+02
4.219593301939559282e+00 5.554960937500000000e+02
4.223028054322091052e+00 5.630437011718750000e+02
4.226462806704621933e+00 5.689144287109375000e+02
4.229897559087153702e+00 5.728729858398437500e+02
4.233332311469684583e+00 5.687153930664062500e+02
4.236767063852215465e+00 5.610834350585937500e+02
4.240201816234746346e+00 5.468370361328125000e+02
4.243636568617277227e+00 5.349168701171875000e+02
4.247071320999808997e+00 5.228421630859375000e+02
4.250506073382339878e+00 5.060086364746093750e+02
4.253940825764871647e+00 5.000975341796875000e+02
4.257375578147402528e+00 4.989873657226562500e+02
4.260810330529933410e+00 4.935347290039062500e+02
4.264245082912464291e+00 4.888377075195312500e+02
4.267679835294996060e+00 4.868933105468750000e+02
4.271114587677526941e+00 4.895173339843750000e+02
4.274549340060058711e+00 4.852679748535156250e+02
4.277984092442589592e+00 4.825123291015625000e+02
4.281418844825121361e+00 4.840027160644531250e+02
4.284853597207652243e+00 4.894085388183593750e+02
4.288288349590183124e+00 4.983796997070312500e+02
4.291723101972714005e+00 5.093000793457031250e+02
4.295157854355245775e+00 5.311590576171875000e+02
4.298592606737776656e+00 5.486657714843750000e+02
4.302027359120308425e+00 5.670997314453125000e+02
4.305462111502839306e+00 5.811403198242187500e+02
4.308896863885370188e+00 5.899398803710937500e+02
4.312331616267901069e+00 5.876931762695312500e+02
4.315766368650432838e+00 5.720364379882812500e+02
4.319201121032963719e+00 5.516203002929687500e+02
4.322635873415494601e+00 5.347463989257812500e+02
4.326070625798026370e+00 5.179685058593750000e+02
4.329505378180557251e+00 5.011904602050781250e+02
4.332940130563089021e+00 4.869774169921875000e+02
4.336374882945619014e+00 4.784000549316406250e+02
4.339809635328150783e+00 4.715535278320312500e+02
4.343244387710681664e+00 4.646992492675781250e+02
4.346679140093213434e+00 4.619656372070312500e+02
4.350113892475744315e+00 4.647687988281250000e+02
4.353548644858276084e+00 4.710898132324218750e+02
4.356983397240806966e+00 4.704563903808593750e+02
4.360418149623338735e+00 4.716514282226562500e+02
4.363852902005868728e+00 4.728742675781250000e+02
4.367287654388400497e+00 4.775064086914062500e+02
4.370722406770931379e+00 4.797797241210937500e+02
4.374157159153463148e+00 4.762847290039062500e+02
4.377591911535994029e+00 4.756452331542968750e+02
4.381026663918525799e+00 4.761075439453125000e+02
4.384461416301056680e+00 4.749966430664062500e+02
4.387896168683587561e+00 4.698984069824218750e+02
4.391330921066118442e+00 4.632747497558593750e+02
4.394765673448649324e+00 4.692907714843750000e+02
4.398200425831181093e+00 4.744819030761718750e+02
4.401635178213711974e+00 4.828314819335937500e+02
4.405069930596243744e+00 4.836553039550781250e+02
4.408504682978774625e+00 4.886203918457031250e+02
4.411939435361305506e+00 4.967371215820312500e+02
4.415374187743836387e+00 5.050870056152343750e+02
4.418808940126368157e+00 5.123153686523437500e+02
4.422243692508899038e+00 5.196211547851562500e+02
4.425678444891430807e+00 5.221395874023437500e+02
4.429113197273961688e+00 5.154446411132812500e+02
4.432547949656493458e+00 4.994569702148437500e+02
4.435982702039023451e+00 4.810298767089843750e+02
4.439417454421555220e+00 4.693322143554687500e+02
4.442852206804086101e+00 4.592087707519531250e+02
4.446286959186617871e+00 4.575349121093750000e+02
4.449721711569148752e+00 4.583044128417968750e+02
4.453156463951680522e+00 4.615488281250000000e+02
4.456591216334211403e+00 4.614698486328125000e+02
4.460025968716742284e+00 4.617188415527343750e+02
4.463460721099273165e+00 4.589601440429687500e+02
4.466895473481804935e+00 4.587475891113281250e+02
4.470330225864335816e+00 4.553732299804687500e+02
4.473764978246866697e+00 4.579121398925781250e+02
4.477199730629398466e+00 4.560650634765625000e+02
4.480634483011929348e+00 4.522647705078125000e+02
4.484069235394461117e+00 4.518421020507812500e+02
4.487503987776991110e+00 4.537839050292968750e+02
4.490938740159522879e+00 4.561086730957031250e+02
4.494373492542053761e+00 4.493532714843750000e+02
4.497808244924585530e+00 4.466500854492187500e+02
4.501242997307116411e+00 4.483871154785156250e+02
4.504677749689648181e+00 4.550559082031250000e+02
4.508112502072179062e+00 4.567517395019531250e+02
4.511547254454709943e+00 4.483262939453125000e+02
4.514982006837240824e+00 4.451992187500000000e+02
4.518416759219772594e+00 4.469037475585937500e+02
4.521851511602303475e+00 4.542103881835937500e+02
4.525286263984835244e+00 4.510068359375000000e+02
4.528721016367366126e+00 4.475727233886718750e+02
4.532155768749897895e+00 4.440852661132812500e+02
4.535590521132428776e+00 4.471879272460937500e+02
4.539025273514959657e+00 4.473196716308593750e+02
4.542460025897490539e+00 4.488699645996093750e+02
4.545894778280021420e+00 4.441531982421875000e+02
4.549329530662553189e+00 4.414823608398437500e+02
4.552764283045084071e+00 4.381447143554687500e+02
4.556199035427615840e+00 4.440851135253906250e+02
4.559633787810146721e+00 4.505266723632812500e+02
4.563068540192677602e+00 4.574111938476562500e+02
4.566503292575208484e+00 4.594378051757812500e+02
4.569938044957740253e+00 4.597432861328125000e+02
4.573372797340271134e+00 4.588072814941406250e+02
4.576807549722802904e+00 4.551970214843750000e+02
4.580242302105333785e+00 4.513076782226562500e+02
4.583677054487865554e+00 4.448721923828125000e+02
4.587111806870395547e+00 4.448405761718750000e+02
4.590546559252927317e+00 4.470026550292968750e+02
4.593981311635458198e+00 4.526851196289062500e+02
4.597416064017989967e+00 4.502598266601562500e+02
4.600850816400520849e+00 4.478198547363281250e+02
4.604285568783052618e+00 4.478168334960937500e+02
4.607720321165583499e+00 4.499562377929687500e+02
4.611155073548115269e+00 4.512381591796875000e+02
4.614589825930645262e+00 4.513078002929687500e+02
4.618024578313177031e+00 4.499802246093750000e+02
4.621459330695707912e+00 4.516630859375000000e+02
4.624894083078238793e+00 4.543852539062500000e+02
4.628328835460770563e+00 4.595016784667968750e+02
4.631763587843301444e+00 4.686510620117187500e+02
4.635198340225833213e+00 4.737505493164062500e+02
4.638633092608363206e+00 4.821549987792968750e+02
4.642067844990894976e+00 4.853576049804687500e+02
4.645502597373425857e+00 4.989579772949218750e+02
4.648937349755957626e+00 5.149909667968750000e+02
4.652372102138488508e+00 5.337096557617187500e+02
4.655806854521020277e+00 5.481853027343750000e+02
4.659241606903551158e+00 5.674531250000000000e+02
4.662676359286082040e+00 5.845636596679687500e+02
4.666111111668612921e+00 5.923590698242187500e+02
4.669545864051144690e+00 5.971542358398437500e+02
4.672980616433675571e+00 5.880282592773437500e+02
4.676415368816207341e+00 5.851570434570312500e+02
4.679850121198738222e+00 5.755779418945312500e+02
4.683284873581269991e+00 5.677557983398437500e+02
4.686719625963800873e+00 5.537366943359375000e+02
4.690154378346331754e+00 5.339412231445312500e+02
4.693589130728862635e+00 5.155925903320312500e+02
4.697023883111393516e+00 4.983974304199218750e+02
4.700458635493925286e+00 4.832260437011718750e+02
4.703893387876456167e+00 4.712090454101562500e+02
4.707328140258987936e+00 4.615116271972656250e+02
4.710762892641518818e+00 4.532809448242187500e+02
4.714197645024049699e+00 4.504156494140625000e+02
4.717632397406580580e+00 4.508172302246093750e+02
4.721067149789112349e+00 4.537817382812500000e+02
4.724501902171643231e+00 4.523986206054687500e+02
4.727936654554175000e+00 4.499569396972656250e+02
4.731371406936705881e+00 4.528060302734375000e+02
4.734806159319237651e+00 4.531160888671875000e+02
4.738240911701767644e+00 4.520579833984375000e+02
4.741675664084299413e+00 4.467889099121093750e+02
4.745110416466830294e+00 4.469716491699218750e+02
4.748545168849362064e+00 4.532507324218750000e+02
4.751979921231892945e+00 4.542664489746093750e+02
4.755414673614424714e+00 4.518945312500000000e+02
4.758849425996955596e+00 4.459912414550781250e+02
4.762284178379487365e+00 4.443979187011718750e+02
4.765718930762017358e+00 4.452054443359375000e+02
4.769153683144549127e+00 4.443554077148437500e+02
4.772588435527080009e+00 4.483850708007812500e+02
4.776023187909610890e+00 4.493533630371093750e+02
4.779457940292142659e+00 4.529719543457031250e+02
4.782892692674673540e+00 4.496376342773437500e+02
4.786327445057205310e+00 4.505539855957031250e+02
4.789762197439735303e+00 4.536862182617187500e+02
4.793196949822267072e+00 4.569144592285156250e+02
4.796631702204797953e+00 4.615854492187500000e+02
4.800066454587329723e+00 4.642289733886718750e+02
4.803501206969860604e+00 4.652713012695312500e+02
4.806935959352392373e+00 4.648495178222656250e+02
4.810370711734923255e+00 4.635509948730468750e+02
4.813805464117454136e+00 4.644300842285156250e+02
4.817240216499985017e+00 4.622410278320312500e+02
4.820674968882516787e+00 4.659859008789062500e+02
4.824109721265047668e+00 4.640882568359375000e+02
4.827544473647579437e+00 4.654303894042968750e+02
4.830979226030110318e+00 4.644560241699218750e+02
4.834413978412642088e+00 4.652712707519531250e+02
4.837848730795172969e+00 4.608752441406250000e+02
4.841283483177703850e+00 4.593604736328125000e+02
4.844718235560234731e+00 4.618285522460937500e+02
4.848152987942766501e+00 4.640839233398437500e+02
4.851587740325297382e+00 4.599984741210937500e+02
4.855022492707828263e+00 4.600266723632812500e+02
4.858457245090360033e+00 4.686170349121093750e+02
4.861891997472890914e+00 4.787945861816406250e+02
4.865326749855421795e+00 4.839956054687500000e+02
4.868761502237952676e+00 5.060371093750000000e+02
4.872196254620484446e+00 5.337482910156250000e+02
4.875631007003015327e+00 5.875017700195312500e+02
4.879065759385547096e+00 6.347590332031250000e+02
4.882500511768077978e+00 6.828963012695312500e+02
4.885935264150609747e+00 7.090146484375000000e+02
4.889370016533139740e+00 6.854668579101562500e+02
4.892804768915671509e+00 6.492491455078125000e+02
4.896239521298202391e+00 5.858529663085937500e+02
4.899674273680734160e+00 5.410997924804687500e+02
4.903109026063265041e+00 5.077067260742187500e+02
4.906543778445796811e+00 4.789822387695312500e+02
4.909978530828327692e+00 4.699134521484375000e+02
4.913413283210858573e+00 4.610994262695312500e+02
4.916848035593389454e+00 4.548582763671875000e+02
4.920282787975921224e+00 4.505368347167968750e+02
4.923717540358452105e+00 4.507589111328125000e+02
4.927152292740982986e+00 4.570920410156250000e+02
4.930587045123514756e+00 4.601913757324218750e+02
4.934021797506045637e+00 4.625827941894531250e+02
4.937456549888577406e+00 4.634855041503906250e+02
4.940891302271107399e+00 4.616682739257812500e+02
4.944326054653639169e+00 4.559264526367187500e+02
4.947760807036170050e+00 4.505900573730468750e+02
4.951195559418701819e+00 4.585804443359375000e+02
4.954630311801232700e+00 4.649631652832031250e+02
4.958065064183764470e+00 4.676645202636718750e+02
4.961499816566295351e+00 4.623403930664062500e+02
4.964934568948826232e+00 4.626842346191406250e+02
4.968369321331357114e+00 4.663882751464843750e+02
4.971804073713888883e+00 4.706074218750000000e+02
4.975238826096419764e+00 4.701228027343750000e+02
4.978673578478951534e+00 4.677445373535156250e+02
4.982108330861482415e+00 4.667433166503906250e+02
4.985543083244014184e+00 4.575991821289062500e+02
4.988977835626544177e+00 4.468029785156250000e+02
4.992412588009075947e+00 4.344708862304687500e+02
4.995847340391606828e+00 4.319330139160156250e+02
4.999282092774138597e+00 4.322481994628906250e+02
5.002716845156669478e+00 4.325643615722656250e+02
5.006151597539200360e+00 4.359642639160156250e+02
5.009586349921732129e+00 4.385624389648437500e+02
5.013021102304263010e+00 4.395843811035156250e+02
5.016455854686793892e+00 4.387520141601562500e+02
5.019890607069324773e+00 4.399754943847656250e+02
5.023325359451856542e+00 4.458946838378906250e+02
5.026760111834387423e+00 4.500693969726562500e+02
5.030194864216919193e+00 4.537434997558593750e+02
5.033629616599450074e+00 4.575750122070312500e+02
5.037064368981981843e+00 4.568639831542968750e+02
5.040499121364511836e+00 4.599255065917968750e+02
5.043933873747043606e+00 4.605046691894531250e+02
5.047368626129574487e+00 4.655151367187500000e+02
5.050803378512106256e+00 4.657227783203125000e+02
5.054238130894637138e+00 4.623856811523437500e+02
5.057672883277168907e+00 4.551258850097656250e+02
5.061107635659699788e+00 4.482677307128906250e+02
5.064542388042230669e+00 4.419457092285156250e+02
5.067977140424761551e+00 4.395447692871093750e+02
5.071411892807293320e+00 4.368664245605468750e+02
5.074846645189824201e+00 4.363551025390625000e+02
5.078281397572355083e+00 4.348225097656250000e+02
5.081716149954886852e+00 4.287630920410156250e+02
5.085150902337417733e+00 4.267289733886718750e+02
5.088585654719949503e+00 4.278177185058593750e+02
5.092020407102479496e+00 4.306029663085937500e+02
5.095455159485011265e+00 4.332855529785156250e+02
5.098889911867542146e+00 4.336141052246093750e+02
5.102324664250073916e+00 4.321971435546875000e+02
5.105759416632604797e+00 4.254626770019531250e+02
5.109194169015136566e+00 4.228185119628906250e+02
5.112628921397667447e+00 4.199124450683593750e+02
5.116063673780198329e+00 4.223284912109375000e+02
5.119498426162729210e+00 4.177949829101562500e+02
5.122933178545260979e+00 4.168814086914062500e+02
5.126367930927791861e+00 4.157287902832031250e+02
5.129802683310323630e+00 4.191462402343750000e+02
5.133237435692854511e+00 4.184709472656250000e+02
5.136672188075386281e+00 4.196813964843750000e+02
5.140106940457916274e+00 4.206772155761718750e+02
5.143541692840448043e+00 4.203359375000000000e+02
5.146976445222978924e+00 4.217776794433593750e+02
5.150411197605510694e+00 4.224652709960937500e+02
5.153845949988041575e+00 4.275939941406250000e+02
5.157280702370572456e+00 4.278630371093750000e+02
5.160715454753104225e+00 4.297821960449218750e+02
5.164150207135635107e+00 4.310838012695312500e+02
5.167584959518165988e+00 4.329868774414062500e+02
5.171019711900696869e+00 4.312957153320312500e+02
5.174454464283228639e+00 4.282536621093750000e+02
5.177889216665759520e+00 4.312080383300781250e+02
5.181323969048291289e+00 4.296524353027343750e+02
5.184758721430822170e+00 4.304962158203125000e+02
5.188193473813353940e+00 4.222438049316406250e+02
5.191628226195883933e+00 4.225903320312500000e+02
5.195062978578415702e+00 4.237894897460937500e+02
5.198497730960946583e+00 4.224259643554687500e+02
5.201932483343478353e+00 4.268912963867187500e+02
5.205367235726009234e+00 4.329704895019531250e+02
5.208801988108541003e+00 4.439297180175781250e+02
5.212236740491071885e+00 4.519358520507812500e+02
5.215671492873602766e+00 4.568604431152343750e+02
5.219106245256133647e+00 4.655929565429687500e+02
5.222540997638665417e+00 4.707536315917968750e+02
5.225975750021196298e+00 4.716042785644531250e+02
5.229410502403727179e+00 4.683041992187500000e+02
5.232845254786258948e+00 4.642513427734375000e+02
5.236280007168789830e+00 4.573881530761718750e+02
5.239714759551321599e+00 4.472803039550781250e+02
5.243149511933851592e+00 4.299687805175781250e+02
5.246584264316383361e+00 4.184727172851562500e+02
5.250019016698914243e+00 4.095338439941406250e+02
5.253453769081446012e+00 4.066006774902343750e+02
5.256888521463976893e+00 4.042181091308593750e+02
5.260323273846508663e+00 4.055311584472656250e+02
5.263758026229039544e+00 4.064316711425781250e+02
5.267192778611570425e+00 4.116059875488281250e+02
5.270627530994101306e+00 4.131287536621093750e+02
5.274062283376633076e+00 4.179197998046875000e+02
5.277497035759163957e+00 4.208104553222656250e+02
5.280931788141695726e+00 4.222977600097656250e+02
5.284366540524226608e+00 4.205338439941406250e+02
5.287801292906758377e+00 4.213287353515625000e+02
5.291236045289288370e+00 4.194639892578125000e+02
5.294670797671820139e+00 4.220086059570312500e+02
5.298105550054351021e+00 4.237113952636718750e+02
5.301540302436882790e+00 4.202798767089843750e+02
5.304975054819413671e+00 4.190618286132812500e+02
5.308409807201944552e+00 4.146167602539062500e+02
5.311844559584476322e+00 4.202927551269531250e+02
5.315279311967006315e+00 4.218734741210937500e+02
5.318714064349538084e+00 4.251357727050781250e+02
5.322148816732068966e+00 4.269401550292968750e+02
5.325583569114600735e+00 4.274400939941406250e+02
5.329018321497131616e+00 4.291402893066406250e+02
5.332453073879663386e+00 4.321653442382812500e+02
5.335887826262194267e+00 4.317364501953125000e+02
5.339322578644726036e+00 4.341893005371093750e+02
5.342757331027256029e+00 4.374776611328125000e+02
5.346192083409787799e+00 4.443632812500000000e+02
5.349626835792318680e+00 4.546488647460937500e+02
5.353061588174850449e+00 4.590699768066406250e+02
5.356496340557381330e+00 4.625094299316406250e+02
5.359931092939913100e+00 4.587552490234375000e+02
5.363365845322443981e+00 4.557904052734375000e+02
5.366800597704974862e+00 4.494533081054687500e+02
5.370235350087505743e+00 4.436652832031250000e+02
5.373670102470037513e+00 4.381520690917968750e+02
5.377104854852568394e+00 4.321390075683593750e+02
5.380539607235100164e+00 4.259249572753906250e+02
5.383974359617631045e+00 4.197826538085937500e+02
5.387409112000161926e+00 4.135845336914062500e+02
5.390843864382692807e+00 4.107879638671875000e+02
5.394278616765223688e+00 4.078165893554687500e+02
5.397713369147755458e+00 4.093355712890625000e+02
5.401148121530286339e+00 4.083857116699218750e+02
5.404582873912818108e+00 4.069180297851562500e+02
5.408017626295348990e+00 4.070653991699218750e+02
5.411452378677880759e+00 4.072028808593750000e+02
5.414887131060411640e+00 4.077177429199218750e+02
5.418321883442942521e+00 4.092062072753906250e+02
5.421756635825473403e+00 4.090793151855468750e+02
5.425191388208005172e+00 4.134486999511718750e+02
5.428626140590536053e+00 4.131591796875000000e+02
5.432060892973067823e+00 4.169420471191406250e+02
5.435495645355598704e+00 4.158993530273437500e+02
5.438930397738130473e+00 4.169164123535156250e+02
5.442365150120660466e+00 4.201480712890625000e+02
5.445799902503192236e+00 4.226898498535156250e+02
5.449234654885723117e+00 4.216408081054687500e+02
5.452669407268254886e+00 4.135966491699218750e+02
5.456104159650785768e+00 4.087406921386718750e+02
5.459538912033316649e+00 4.092361755371093750e+02
5.462973664415848418e+00 4.150797729492187500e+02
5.466408416798379299e+00 4.165677490234375000e+02
5.469843169180910181e+00 4.166465759277343750e+02
5.473277921563441062e+00 4.194746398925781250e+02
5.476712673945972831e+00 4.289835815429687500e+02
5.480147426328503713e+00 4.401726684570312500e+02
5.483582178711035482e+00 4.432547302246093750e+02
5.487016931093566363e+00 4.441224670410156250e+02
5.490451683476098133e+00 4.414524841308593750e+02
5.493886435858628126e+00 4.434978332519531250e+02
5.497321188241159895e+00 4.435855407714843750e+02
5.500755940623690776e+00 4.367474975585937500e+02
5.504190693006222546e+00 4.285590209960937500e+02
5.507625445388753427e+00 4.234649047851562500e+02
5.511060197771285196e+00 4.241647338867187500e+02
5.514494950153816077e+00 4.224817810058593750e+02
5.517929702536346959e+00 4.177366333007812500e+02
5.521364454918877840e+00 4.160898132324218750e+02
5.524799207301409609e+00 4.137184448242187500e+02
5.528233959683940490e+00 4.155102844238281250e+02
5.531668712066472260e+00 4.138100891113281250e+02
5.535103464449003141e+00 4.095959167480468750e+02
5.538538216831534022e+00 4.068975219726562500e+02
5.541972969214064904e+00 4.057117004394531250e+02
5.545407721596595785e+00 4.102822875976562500e+02
5.548842473979127554e+00 4.143153076171875000e+02
5.552277226361658435e+00 4.158629455566406250e+02
5.555711978744190205e+00 4.153462829589843750e+02
5.559146731126721086e+00 4.105814819335937500e+02
5.562581483509252855e+00 4.091800842285156250e+02
5.566016235891783737e+00 4.093736877441406250e+02
5.569450988274314618e+00 4.100276489257812500e+02
5.572885740656845499e+00 4.098142089843750000e+02
5.576320493039377268e+00 4.058885498046875000e+02
5.579755245421908150e+00 4.079236450195312500e+02
5.583189997804439919e+00 4.055848083496093750e+02
5.586624750186970800e+00 4.054515686035156250e+02
5.590059502569502570e+00 4.021427612304687500e+02
5.593494254952032563e+00 4.037647399902343750e+02
5.596929007334564332e+00 4.072468261718750000e+02
5.600363759717095213e+00 4.079111938476562500e+02
5.603798512099626983e+00 4.048747558593750000e+02
5.607233264482157864e+00 4.013014221191406250e+02
5.610668016864688745e+00 4.013493041992187500e+02
5.614102769247220515e+00 4.035503845214843750e+02
5.617537521629751396e+00 4.025868530273437500e+02
5.620972274012282277e+00 3.980286865234375000e+02
5.624407026394813158e+00 3.976310424804687500e+02
5.627841778777344928e+00 3.979893493652343750e+02
5.631276531159875809e+00 4.003713989257812500e+02
5.634711283542407578e+00 4.000447998046875000e+02
5.638146035924938460e+00 3.991315612792968750e+02
5.641580788307470229e+00 3.970762634277343750e+02
5.645015540690000222e+00 3.974321594238281250e+02
5.648450293072531991e+00 3.978790893554687500e+02
5.651885045455062873e+00 3.990644226074218750e+02
5.655319797837594642e+00 3.974679260253906250e+02
5.658754550220125523e+00 3.933512573242187500e+02
5.662189302602657293e+00 3.947575988769531250e+02
5.665624054985188174e+00 3.967149963378906250e+02
5.669058807367719055e+00 4.053946838378906250e+02
5.672493559750249936e+00 4.048670654296875000e+02
5.675928312132781706e+00 4.060247192382812500e+02
5.679363064515312587e+00 4.088615417480468750e+02
5.682797816897844356e+00 4.165538024902343750e+02
5.686232569280375237e+00 4.199170837402343750e+02
5.689667321662906119e+00 4.235824584960937500e+02
5.693102074045437000e+00 4.327681579589843750e+02
5.696536826427967881e+00 4.484022216796875000e+02
5.699971578810499651e+00 4.697617187500000000e+02
5.703406331193030532e+00 4.933259887695312500e+02
5.706841083575562301e+00 5.340357666015625000e+02
5.710275835958093182e+00 5.933739013671875000e+02
5.713710588340624952e+00 6.678760986328125000e+02
5.717145340723154945e+00 7.447013549804687500e+02
5.720580093105686714e+00 8.099360961914062500e+02
5.724014845488217595e+00 8.443771362304687500e+02
5.727449597870749365e+00 8.568958740234375000e+02
5.730884350253280246e+00 8.433701171875000000e+02
5.734319102635812015e+00 8.057505493164062500e+02
5.737753855018342897e+00 7.529515991210937500e+02
5.741188607400874666e+00 6.917243652343750000e+02
5.744623359783404659e+00 6.286450805664062500e+02
5.748058112165936429e+00 5.722543334960937500e+02
5.751492864548467310e+00 5.189370117187500000e+02
5.754927616930999079e+00 4.804985046386718750e+02
5.758362369313529960e+00 4.531339111328125000e+02
5.761797121696060842e+00 4.271119689941406250e+02
5.765231874078592611e+00 4.147572326660156250e+02
5.768666626461123492e+00 4.047132568359375000e+02
5.772101378843654373e+00 4.019993286132812500e+02
5.775536131226185255e+00 4.017530822753906250e+02
5.778970883608717024e+00 4.032076416015625000e+02
5.782405635991247905e+00 4.041128540039062500e+02
5.785840388373779675e+00 3.991731262207031250e+02
5.789275140756310556e+00 3.993749694824218750e+02
5.792709893138841437e+00 4.011859741210937500e+02
5.796144645521372318e+00 4.084490356445312500e+02
5.799579397903904088e+00 4.081082458496093750e+02
5.803014150286434969e+00 4.073647460937500000e+02
5.806448902668966738e+00 4.071466979980468750e+02
5.809883655051497620e+00 4.069731140136718750e+02
5.813318407434029389e+00 4.037750854492187500e+02
5.816753159816560270e+00 3.966557006835937500e+02
5.820187912199091151e+00 3.942908020019531250e+02
5.823622664581622033e+00 3.919343566894531250e+02
5.827057416964153802e+00 3.959977111816406250e+02
5.830492169346684683e+00 3.933408813476562500e+02
5.833926921729216453e+00 3.979750061035156250e+02
5.837361674111747334e+00 4.002024536132812500e+02
5.840796426494278215e+00 4.046049804687500000e+02
5.844231178876809096e+00 4.034674987792968750e+02
5.847665931259339978e+00 3.985076599121093750e+02
5.851100683641871747e+00 3.928122863769531250e+02
5.854535436024402628e+00 3.896545410156250000e+02
5.857970188406934398e+00 3.923414916992187500e+02
5.861404940789465279e+00 3.945193786621093750e+02
5.864839693171997048e+00 3.933464355468750000e+02
5.868274445554527041e+00 3.923946533203125000e+02
5.871709197937058811e+00 3.894402160644531250e+02
5.875143950319589692e+00 3.933114318847656250e+02
5.878578702702121461e+00 3.955464782714843750e+02
5.882013455084652342e+00 4.018408813476562500e+02
5.885448207467184112e+00 4.011563720703125000e+02
5.888882959849714993e+00 4.007408447265625000e+02
5.892317712232246762e+00 3.992246093750000000e+02
5.895752464614776756e+00 3.962465515136718750e+02
5.899187216997308525e+00 3.919103088378906250e+02
5.902621969379839406e+00 3.909857788085937500e+02
5.906056721762371176e+00 3.951637268066406250e+02
5.909491474144902057e+00 4.025570678710937500e+02
5.912926226527432938e+00 4.034118652343750000e+02
5.916360978909964707e+00 4.042730712890625000e+02
5.919795731292495589e+00 3.976776733398437500e+02
5.923230483675026470e+00 3.939333801269531250e+02
5.926665236057557351e+00 3.921124877929687500e+02
5.930099988440089120e+00 3.975519104003906250e+02
5.933534740822620002e+00 4.022734680175781250e+02
5.936969493205151771e+00 4.084976806640625000e+02
5.940404245587682652e+00 4.171881103515625000e+02
5.943838997970213534e+00 4.237026977539062500e+02
5.947273750352744415e+00 4.299145507812500000e+02
5.950708502735276184e+00 4.426967773437500000e+02
5.954143255117807065e+00 4.688038330078125000e+02
5.957578007500338835e+00 5.200059814453125000e+02
5.961012759882869716e+00 6.074152221679687500e+02
5.964447512265401485e+00 7.141065063476562500e+02
5.967882264647932367e+00 8.612120361328125000e+02
5.971317017030463248e+00 1.019209411621093750e+03
5.974751769412994129e+00 1.152215087890625000e+03
5.978186521795525898e+00 1.253811035156250000e+03
5.981621274178056780e+00 1.308277954101562500e+03
5.985056026560588549e+00 1.295988525390625000e+03
5.988490778943119430e+00 1.242999633789062500e+03
5.991925531325650311e+00 1.147257934570312500e+03
5.995360283708181193e+00 1.042548828125000000e+03
5.998795036090712074e+00 9.253175048828125000e+02
6.002229788473243843e+00 7.883067626953125000e+02
6.005664540855774725e+00 6.787324218750000000e+02
6.009099293238306494e+00 5.887738037109375000e+02
6.012534045620837375e+00 5.210806274414062500e+02
6.015968798003369145e+00 4.748969421386718750e+02
6.019403550385899138e+00 4.468092346191406250e+02
6.022838302768430907e+00 4.288228454589843750e+02
6.026273055150961788e+00 4.251701049804687500e+02
6.029707807533493558e+00 4.216779479980468750e+02
6.033142559916024439e+00 4.206520996093750000e+02
6.036577312298556208e+00 4.147441101074218750e+02
6.040012064681087089e+00 4.117240295410156250e+02
6.043446817063618859e+00 4.074126586914062500e+02
6.046881569446148852e+00 4.074099426269531250e+02
6.050316321828680621e+00 4.070917358398437500e+02
6.053751074211211503e+00 4.084001770019531250e+02
6.057185826593743272e+00 4.113954467773437500e+02
6.060620578976274153e+00 4.155290527343750000e+02
6.064055331358805923e+00 4.183751220703125000e+02
6.067490083741336804e+00 4.131871948242187500e+02
6.070924836123867685e+00 4.130024414062500000e+02
6.074359588506398566e+00 4.143608398437500000e+02
6.077794340888929447e+00 4.167476806640625000e+02
6.081229093271461217e+00 4.134130249023437500e+02
6.084663845653992098e+00 4.072379455566406250e+02
6.088098598036523867e+00 4.047031555175781250e+02
6.091533350419054749e+00 4.023167724609375000e+02
6.094968102801585630e+00 3.996445007324218750e+02
6.098402855184116511e+00 3.964071350097656250e+02
6.101837607566648281e+00 3.939784240722656250e+02
6.105272359949179162e+00 3.925468750000000000e+02
6.108707112331710931e+00 3.917306213378906250e+02
6.112141864714241812e+00 3.906828002929687500e+02
6.115576617096773582e+00 3.898560791015625000e+02
6.119011369479304463e+00 3.885693359375000000e+02
6.122446121861835344e+00 3.898056640625000000e+02
6.125880874244366225e+00 3.898179626464843750e+02
6.129315626626897995e+00 3.912880554199218750e+02
6.132750379009428876e+00 3.909112243652343750e+02
6.136185131391960645e+00 3.942339172363281250e+02
6.139619883774491527e+00 3.956061401367187500e+02
6.143054636157022408e+00 3.968028869628906250e+02
6.146489388539553289e+00 3.927891540527343750e+02
6.149924140922085058e+00 3.873114013671875000e+02
6.153358893304615940e+00 3.838036193847656250e+02
6.156793645687146821e+00 3.860501708984375000e+02
6.160228398069678590e+00 3.880309448242187500e+02
6.163663150452209472e+00 3.915870361328125000e+02
6.167097902834741241e+00 3.872785949707031250e+02
6.170532655217271234e+00 3.836298217773437500e+02
6.173967407599803003e+00 3.781058959960937500e+02
6.177402159982333885e+00 3.773849792480468750e+02
6.180836912364865654e+00 3.775307312011718750e+02
6.184271664747396535e+00 3.766903991699218750e+02
6.187706417129928305e+00 3.762323303222656250e+02
6.191141169512459186e+00 3.750258483886718750e+02
6.194575921894990067e+00 3.741261291503906250e+02
6.198010674277520948e+00 3.679228515625000000e+02
6.201445426660052718e+00 3.658096618652343750e+02
6.204880179042583599e+00 3.643964233398437500e+02
6.208314931425115368e+00 3.686323242187500000e+02
6.211749683807646250e+00 3.682611694335937500e+02
6.215184436190178019e+00 3.664956970214843750e+02
6.218619188572708900e+00 3.673356628417968750e+02
6.222053940955239781e+00 3.651411437988281250e+02
6.225488693337770663e+00 3.669078063964843750e+02
6.228923445720301544e+00 3.656890563964843750e+02
6.232358198102833313e+00 3.679920654296875000e+02
6.235792950485364194e+00 3.693371276855468750e+02
6.239227702867895964e+00 3.731354675292968750e+02
6.242662455250426845e+00 3.731390075683593750e+02
6.246097207632957726e+00 3.735476074218750000e+02
6.249531960015488607e+00 3.714259338378906250e+02
6.252966712398020377e+00 3.727221069335937500e+02
6.256401464780551258e+00 3.687421264648437500e+02
6.259836217163083028e+00 3.708498229980468750e+02
6.263270969545613909e+00 3.695989685058593750e+02
6.266705721928145678e+00 3.728250732421875000e+02
6.270140474310675671e+00 3.747624511718750000e+02
6.273575226693207441e+00 3.790371398925781250e+02
6.277009979075738322e+00 3.819024353027343750e+02
6.280444731458270091e+00 3.878889160156250000e+02
6.283879483840800972e+00 3.999284362792968750e+02
6.287314236223332742e+00 4.032491149902343750e+02
6.290748988605863623e+00 3.979666748046875000e+02
6.294183740988394504e+00 3.927025756835937500e+02
6.297618493370925385e+00 3.905000610351562500e+02
6.301053245753457155e+00 3.881708984375000000e+02
6.304487998135988036e+00 3.820087585449218750e+02
6.307922750518518917e+00 3.751690673828125000e+02
6.311357502901050687e+00 3.733109436035156250e+02
6.314792255283581568e+00 3.708700866699218750e+02
6.318227007666113337e+00 3.720075073242187500e+02
6.321661760048643330e+00 3.716874694824218750e+02
6.325096512431175100e+00 3.740984497070312500e+02
6.328531264813705981e+00 3.761355285644531250e+02
6.331966017196237750e+00 3.799745788574218750e+02
6.335400769578768632e+00 3.832097167968750000e+02
6.338835521961300401e+00 3.848742065429687500e+02
6.342270274343831282e+00 3.864595336914062500e+02
6.345705026726362163e+00 3.886398620605468750e+02
6.349139779108893045e+00 3.906689758300781250e+02
6.352574531491424814e+00 3.876546325683593750e+02
6.356009283873955695e+00 3.816295471191406250e+02
6.359444036256487465e+00 3.789759216308593750e+02
6.362878788639018346e+00 3.755388793945312500e+02
6.366313541021550115e+00 3.734005126953125000e+02
6.369748293404080997e+00 3.674535217285156250e+02
6.373183045786611878e+00 3.660548095703125000e+02
6.376617798169142759e+00 3.632329406738281250e+02
6.380052550551673640e+00 3.607890014648437500e+02
6.383487302934205410e+00 3.616669921875000000e+02
6.386922055316736291e+00 3.625212402343750000e+02
6.390356807699268060e+00 3.613745117187500000e+02
6.393791560081798941e+00 3.575245361328125000e+02
6.397226312464329823e+00 3.592800292968750000e+02
6.400661064846860704e+00 3.621197204589843750e+02
6.404095817229392473e+00 3.633639831542968750e+02
6.407530569611923355e+00 3.604194335937500000e+02
6.410965321994455124e+00 3.584635009765625000e+02
6.414400074376986005e+00 3.580944519042968750e+02
6.417834826759517775e+00 3.588509216308593750e+02
6.421269579142047768e+00 3.640726928710937500e+02
6.424704331524579537e+00 3.672766418457031250e+02
6.428139083907110418e+00 3.717493591308593750e+02
6.431573836289642188e+00 3.690858764648437500e+02
6.435008588672173069e+00 3.707223510742187500e+02
6.438443341054704838e+00 3.739625244140625000e+02
6.441878093437235719e+00 3.772565612792968750e+02
6.445312845819766601e+00 3.756674194335937500e+02
6.448747598202297482e+00 3.724883117675781250e+02
6.452182350584829251e+00 3.727103271484375000e+02
6.455617102967360132e+00 3.728970947265625000e+02
6.459051855349891014e+00 3.717728881835937500e+02
6.462486607732422783e+00 3.677675781250000000e+02
6.465921360114953664e+00 3.640146484375000000e+02
6.469356112497485434e+00 3.614632568359375000e+02
6.472790864880015427e+00 3.617162170410156250e+02
6.476225617262547196e+00 3.618365173339843750e+02
6.479660369645078077e+00 3.620856933593750000e+02
6.483095122027609847e+00 3.536925048828125000e+02
6.486529874410140728e+00 3.492803039550781250e+02
6.489964626792672497e+00 3.470529479980468750e+02
6.493399379175203379e+00 3.505271301269531250e+02
6.496834131557734260e+00 3.524803771972656250e+02
6.500268883940265141e+00 3.537855834960937500e+02
6.503703636322796910e+00 3.579433288574218750e+02
6.507138388705327792e+00 3.586415405273437500e+02
6.510573141087859561e+00 3.619490051269531250e+02
6.514007893470390442e+00 3.604425048828125000e+02
6.517442645852922212e+00 3.608654785156250000e+02
6.520877398235453093e+00 3.572935180664062500e+02
6.524312150617983974e+00 3.560454711914062500e+02
6.527746903000514855e+00 3.552985839843750000e+02
6.531181655383045737e+00 3.580054016113281250e+02
6.534616407765577506e+00 3.621567077636718750e+02
6.538051160148108387e+00 3.633443603515625000e+02
6.541485912530640157e+00 3.587255249023437500e+02
6.544920664913171038e+00 3.546924133300781250e+02
6.548355417295701919e+00 3.527013244628906250e+02
6.551790169678232800e+00 3.551424865722656250e+02
6.555224922060764570e+00 3.574824829101562500e+02
6.558659674443295451e+00 3.573299865722656250e+02
6.562094426825827220e+00 3.579238281250000000e+02
6.565529179208358102e+00 3.563932495117187500e+02
6.568963931590889871e+00 3.548122558593750000e+02
6.572398683973419864e+00 3.536633911132812500e+02
6.575833436355951633e+00 3.540459289550781250e+02
6.579268188738482515e+00 3.550918579101562500e+02
6.582702941121014284e+00 3.541196289062500000e+02
6.586137693503545165e+00 3.566220703125000000e+02
6.589572445886076935e+00 3.618373718261718750e+02
6.593007198268607816e+00 3.676224670410156250e+02
6.596441950651138697e+00 3.657348327636718750e+02
6.599876703033669578e+00 3.667109680175781250e+02
6.603311455416201348e+00 3.686658630371093750e+02
6.606746207798732229e+00 3.723198547363281250e+02
6.610180960181263110e+00 3.711663208007812500e+02
6.613615712563794879e+00 3.645451965332031250e+02
6.617050464946325761e+00 3.573092041015625000e+02
6.620485217328857530e+00 3.505275268554687500e+02
6.623919969711387523e+00 3.493320007324218750e+02
6.627354722093919293e+00 3.494077453613281250e+02
6.630789474476450174e+00 3.505646362304687500e+02
6.634224226858981943e+00 3.480124206542968750e+02
6.637658979241512824e+00 3.469773559570312500e+02
6.641093731624044594e+00 3.434696044921875000e+02
6.644528484006575475e+00 3.448878173828125000e+02
6.647963236389106356e+00 3.455004272460937500e+02
6.651397988771637237e+00 3.468378295898437500e+02
6.654832741154169007e+00 3.472373962402343750e+02
6.658267493536699888e+00 3.450677490234375000e+02
6.661702245919231657e+00 3.475507812500000000e+02
6.665136998301762539e+00 3.532692565917968750e+02
6.668571750684294308e+00 3.572728576660156250e+02
6.672006503066824301e+00 3.569708251953125000e+02
6.675441255449356071e+00 3.518837280273437500e+02
6.678876007831886952e+00 3.537660522460937500e+02
6.682310760214417833e+00 3.577621154785156250e+02
6.685745512596949602e+00 3.661351623535156250e+02
6.689180264979480484e+00 3.705939331054687500e+02
6.692615017362012253e+00 3.722271728515625000e+02
6.696049769744543134e+00 3.723380126953125000e+02
6.699484522127074015e+00 3.704927368164062500e+02
6.702919274509604897e+00 3.708408813476562500e+02
6.706354026892136666e+00 3.682767028808593750e+02
6.709788779274667547e+00 3.673888854980468750e+02
6.713223531657199317e+00 3.608095397949218750e+02
6.716658284039730198e+00 3.559879150390625000e+02
6.720093036422261967e+00 3.524895019531250000e+02
6.723527788804791960e+00 3.503931274414062500e+02
6.726962541187323730e+00 3.472215576171875000e+02
6.730397293569854611e+00 3.443931884765625000e+02
6.733832045952386380e+00 3.421258850097656250e+02
6.737266798334917262e+00 3.392545776367187500e+02
6.740701550717449031e+00 3.420334472656250000e+02
6.744136303099979912e+00 3.454288330078125000e+02
6.747571055482510793e+00 3.476589660644531250e+02
6.751005807865041675e+00 3.450940246582031250e+02
6.754440560247573444e+00 3.490715026855468750e+02
6.757875312630104325e+00 3.539367065429687500e+02
6.761310065012635206e+00 3.530329895019531250e+02
6.764744817395166976e+00 3.504519348144531250e+02
6.768179569777697857e+00 3.519671630859375000e+02
6.771614322160229626e+00 3.602230834960937500e+02
6.775049074542759620e+00 3.645222473144531250e+02
6.778483826925291389e+00 3.650767822265625000e+02
6.781918579307822270e+00 3.627023925781250000e+02
6.785353331690354040e+00 3.603404541015625000e+02
6.788788084072884921e+00 3.580111389160156250e+02
6.792222836455416690e+00 3.527711181640625000e+02
6.795657588837947571e+00 3.539961547851562500e+02
6.799092341220478453e+00 3.528886413574218750e+02
6.802527093603009334e+00 3.535461120605468750e+02
6.805961845985541103e+00 3.529423217773437500e+02
6.809396598368071984e+00 3.565895996093750000e+02
6.812831350750603754e+00 3.606428527832031250e+02
6.816266103133134635e+00 3.637590942382812500e+02
6.819700855515666404e+00 3.650362854003906250e+02
6.823135607898196398e+00 3.677431335449218750e+02
6.826570360280728167e+00 3.632341308593750000e+02
6.830005112663259048e+00 3.575517883300781250e+02
6.833439865045790818e+00 3.483098754882812500e+02
6.836874617428321699e+00 3.413125305175781250e+02
6.840309369810852580e+00 3.368458862304687500e+02
6.843744122193384349e+00 3.362915039062500000e+02
6.847178874575915231e+00 3.374148559570312500e+02
6.850613626958446112e+00 3.380138854980468750e+02
6.854048379340976993e+00 3.409664611816406250e+02
6.857483131723508762e+00 3.469657592773437500e+02
6.860917884106039644e+00 3.489470214843750000e+02
6.864352636488571413e+00 3.500471191406250000e+02
6.867787388871102294e+00 3.509683837890625000e+02
6.871222141253634064e+00 3.530619812011718750e+02
6.874656893636164057e+00 3.508886718750000000e+02
6.878091646018695826e+00 3.492568054199218750e+02
6.881526398401226707e+00 3.500339660644531250e+02
6.884961150783758477e+00 3.537319030761718750e+02
6.888395903166289358e+00 3.540255126953125000e+02
6.891830655548821127e+00 3.493435363769531250e+02
6.895265407931352009e+00 3.471953430175781250e+02
6.898700160313882890e+00 3.480410766601562500e+02
6.902134912696413771e+00 3.514831848144531250e+02
6.905569665078945540e+00 3.532772521972656250e+02
6.909004417461476422e+00 3.521811218261718750e+02
6.912439169844007303e+00 3.526386413574218750e+02
6.915873922226539072e+00 3.517988586425781250e+02
6.919308674609069953e+00 3.534584655761718750e+02
6.922743426991601723e+00 3.508355712890625000e+02
6.926178179374131716e+00 3.460736389160156250e+02
6.929612931756663485e+00 3.423049621582031250e+02
6.933047684139194367e+00 3.422535095214843750e+02
6.936482436521726136e+00 3.446835632324218750e+02
6.939917188904257017e+00 3.488692016601562500e+02
6.943351941286788787e+00 3.500245971679687500e+02
6.946786693669319668e+00 3.554435729980468750e+02
6.950221446051850549e+00 3.584645080566406250e+02
6.953656198434381430e+00 3.602139892578125000e+02
6.957090950816913200e+00 3.579234008789062500e+02
6.960525703199444081e+00 3.551358337402343750e+02
6.963960455581975850e+00 3.538400268554687500e+02
6.967395207964506731e+00 3.537122192382812500e+02
6.970829960347038501e+00 3.569619445800781250e+02
6.974264712729568494e+00 3.546056823730468750e+02
6.977699465112100263e+00 3.523753967285156250e+02
6.981134217494631145e+00 3.500849609375000000e+02
6.984568969877162914e+00 3.551645812988281250e+02
6.988003722259693795e+00 3.541234436035156250e+02
6.991438474642224676e+00 3.518387756347656250e+02
6.994873227024756446e+00 3.486245422363281250e+02
6.998307979407287327e+00 3.476925659179687500e+02
7.001742731789818208e+00 3.457496948242187500e+02
7.005177484172349089e+00 3.427552490234375000e+02
7.008612236554880859e+00 3.424192199707031250e+02
7.012046988937411740e+00 3.440658569335937500e+02
7.015481741319943509e+00 3.465126037597656250e+02
7.018916493702474391e+00 3.470917053222656250e+02
7.022351246085006160e+00 3.446851806640625000e+02
7.025785998467536153e+00 3.437486267089843750e+02
7.029220750850067922e+00 3.459974975585937500e+02
7.032655503232598804e+00 3.472904663085937500e+02
7.036090255615130573e+00 3.449615173339843750e+02
7.039525007997661454e+00 3.441204223632812500e+02
7.042959760380193224e+00 3.435597534179687500e+02
7.046394512762724105e+00 3.452302246093750000e+02
7.049829265145254986e+00 3.434157409667968750e+02
7.053264017527785867e+00 3.432286376953125000e+02
7.056698769910317637e+00 3.405840454101562500e+02
7.060133522292848518e+00 3.398671569824218750e+02
7.063568274675379399e+00 3.432034912109375000e+02
7.067003027057911169e+00 3.451139526367187500e+02
7.070437779440442050e+00 3.475639648437500000e+02
7.073872531822972931e+00 3.502343444824218750e+02
7.077307284205503812e+00 3.544837036132812500e+02
7.080742036588035582e+00 3.589431152343750000e+02
7.084176788970566463e+00 3.574085083007812500e+02
7.087611541353098232e+00 3.568378295898437500e+02
7.091046293735629114e+00 3.595041503906250000e+02
7.094481046118160883e+00 3.634741516113281250e+02
7.097915798500691764e+00 3.663825683593750000e+02
7.101350550883222645e+00 3.661304016113281250e+02
7.104785303265753527e+00 3.630975646972656250e+02
7.108220055648285296e+00 3.604713439941406250e+02
7.111654808030816177e+00 3.552141723632812500e+02
7.115089560413347947e+00 3.532950744628906250e+02
7.118524312795878828e+00 3.530921325683593750e+02
7.121959065178410597e+00 3.479895935058593750e+02
7.125393817560940590e+00 3.437155151367187500e+02
7.128828569943472360e+00 3.345076293945312500e+02
7.132263322326003241e+00 3.346927185058593750e+02
7.135698074708535010e+00 3.318539123535156250e+02
7.139132827091065892e+00 3.337681884765625000e+02
7.142567579473596773e+00 3.336781616210937500e+02
7.146002331856128542e+00 3.348126831054687500e+02
7.149437084238658535e+00 3.352745056152343750e+02
7.152871836621190305e+00 3.362648010253906250e+02
7.156306589003721186e+00 3.332908325195312500e+02
7.159741341386252955e+00 3.293013610839843750e+02
7.163176093768782948e+00 3.307127075195312500e+02
7.166610846151314718e+00 3.377371215820312500e+02
7.170045598533845599e+00 3.442160949707031250e+02
7.173480350916377368e+00 3.447961425781250000e+02
7.176915103298908249e+00 3.443144836425781250e+02
7.180349855681440019e+00 3.426890258789062500e+02
7.183784608063970900e+00 3.401034545898437500e+02
7.187219360446502670e+00 3.388294677734375000e+02
7.190654112829033551e+00 3.348728637695312500e+02
7.194088865211565320e+00 3.325055541992187500e+02
7.197523617594096201e+00 3.310534057617187500e+02
7.200958369976627971e+00 3.309623107910156250e+02
7.204393122359158852e+00 3.311124267578125000e+02
7.207827874741689733e+00 3.271713867187500000e+02
7.211262627124221503e+00 3.257761535644531250e+02
7.214697379506751496e+00 3.257525329589843750e+02
7.218132131889282377e+00 3.278688354492187500e+02
7.221566884271814146e+00 3.278117065429687500e+02
7.225001636654345027e+00 3.301258239746093750e+02
7.228436389036875909e+00 3.306236877441406250e+02
7.231871141419407678e+00 3.314362487792968750e+02
7.235305893801938559e+00 3.294702758789062500e+02
7.238740646184470329e+00 3.285943603515625000e+02
7.242175398567001210e+00 3.291466674804687500e+02
7.245610150949532979e+00 3.271516418457031250e+02
7.249044903332063861e+00 3.255133972167968750e+02
7.252479655714595630e+00 3.206433410644531250e+02
7.255914408097126511e+00 3.182408447265625000e+02
7.259349160479658281e+00 3.199950866699218750e+02
7.262783912862187385e+00 3.216437072753906250e+02
7.266218665244719155e+00 3.230898742675781250e+02
7.269653417627250036e+00 3.187533569335937500e+02
7.273088170009781805e+00 3.212374572753906250e+02
7.276522922392312687e+00 3.217741394042968750e+02
7.279957674774844456e+00 3.270606079101562500e+02
7.283392427157375337e+00 3.287271118164062500e+02
7.286827179539907107e+00 3.306070861816406250e+02
7.290261931922437988e+00 3.284585571289062500e+02
7.293696684304968869e+00 3.268553466796875000e+02
7.297131436687500639e+00 3.276789550781250000e+02
7.300566189070031520e+00 3.305636901855468750e+02
7.304000941452563289e+00 3.324135437011718750e+02
7.307435693835094170e+00 3.333164062500000000e+02
7.310870446217625940e+00 3.355251159667968750e+02
7.314305198600155045e+00 3.348453369140625000e+02
7.317739950982686814e+00 3.339000854492187500e+02
7.321174703365217695e+00 3.334846801757812500e+02
7.324609455747749465e+00 3.282957458496093750e+02
7.328044208130280346e+00 3.240999450683593750e+02
7.331478960512812115e+00 3.215837097167968750e+02
7.334913712895342996e+00 3.252360534667968750e+02
7.338348465277874766e+00 3.234728698730468750e+02
7.341783217660405647e+00 3.227690124511718750e+02
7.345217970042937417e+00 3.256515808105468750e+02
7.348652722425468298e+00 3.264318542480468750e+02
7.352087474808000067e+00 3.252579345703125000e+02
7.355522227190530948e+00 3.268928222656250000e+02
7.358956979573061830e+00 3.298593750000000000e+02
7.362391731955593599e+00 3.329620056152343750e+02
7.365826484338123592e+00 3.316084594726562500e+02
7.369261236720654473e+00 3.328307189941406250e+02
7.372695989103186243e+00 3.328883056640625000e+02
7.376130741485717124e+00 3.324604187011718750e+02
7.379565493868248005e+00 3.308306579589843750e+02
7.383000246250779774e+00 3.262481384277343750e+02
7.386434998633310656e+00 3.269298400878906250e+02
7.389869751015842425e+00 3.299899597167968750e+02
7.393304503398373306e+00 3.340529479980468750e+02
7.396739255780905076e+00 3.350837402343750000e+02
7.400174008163435957e+00 3.362444458007812500e+02
7.403608760545967726e+00 3.382674255371093750e+02
7.407043512928498608e+00 3.377428588867187500e+02
7.410478265311030377e+00 3.364505310058593750e+02
7.413913017693559482e+00 3.331554260253906250e+02
7.417347770076091251e+00 3.299194335937500000e+02
7.420782522458622132e+00 3.301031494140625000e+02
7.424217274841153902e+00 3.327800292968750000e+02
7.427652027223684783e+00 3.369859313964843750e+02
7.431086779606216552e+00 3.377262268066406250e+02
7.434521531988747434e+00 3.381616516113281250e+02
7.437956284371279203e+00 3.356575927734375000e+02
7.441391036753810084e+00 3.330828857421875000e+02
7.444825789136340966e+00 3.339805603027343750e+02
7.448260541518872735e+00 3.374593811035156250e+02
7.451695293901403616e+00 3.460480041503906250e+02
7.455130046283935386e+00 3.533157958984375000e+02
7.458564798666466267e+00 3.608396606445312500e+02
7.461999551048998036e+00 3.680484008789062500e+02
7.465434303431527141e+00 3.703480224609375000e+02
7.468869055814058910e+00 3.668407287597656250e+02
7.472303808196589792e+00 3.609184265136718750e+02
7.475738560579121561e+00 3.546447753906250000e+02
7.479173312961652442e+00 3.503718261718750000e+02
7.482608065344184212e+00 3.463746337890625000e+02
7.486042817726715093e+00 3.417559509277343750e+02
7.489477570109246862e+00 3.354838867187500000e+02
7.492912322491777743e+00 3.319171142578125000e+02
7.496347074874309513e+00 3.307428588867187500e+02
7.499781827256840394e+00 3.314122314453125000e+02
7.503216579639372164e+00 3.334950256347656250e+02
7.506651332021903045e+00 3.302116699218750000e+02
7.510086084404433926e+00 3.302109375000000000e+02
7.513520836786963919e+00 3.268102416992187500e+02
7.516955589169495688e+00 3.251310119628906250e+02
7.520390341552026570e+00 3.198640747070312500e+02
7.523825093934558339e+00 3.161275024414062500e+02
7.527259846317089220e+00 3.172132568359375000e+02
7.530694598699620101e+00 3.206414489746093750e+02
7.534129351082151871e+00 3.231616210937500000e+02
7.537564103464682752e+00 3.210776367187500000e+02
7.540998855847214521e+00 3.214746704101562500e+02
7.544433608229745403e+00 3.238122558593750000e+02
7.547868360612277172e+00 3.255794677734375000e+02
7.551303112994808053e+00 3.237899475097656250e+02
7.554737865377339823e+00 3.225411682128906250e+02
7.558172617759870704e+00 3.266577148437500000e+02
7.561607370142402473e+00 3.263299560546875000e+02
7.565042122524931578e+00 3.267560729980468750e+02
7.568476874907463348e+00 3.289905700683593750e+02
7.571911627289994229e+00 3.311909484863281250e+02
7.575346379672525998e+00 3.280687866210937500e+02
7.578781132055056879e+00 3.264724731445312500e+02
7.582215884437588649e+00 3.270322265625000000e+02
7.585650636820119530e+00 3.271618041992187500e+02
7.589085389202651299e+00 3.229347229003906250e+02
7.592520141585182181e+00 3.237307434082031250e+02
7.595954893967713062e+00 3.263323364257812500e+02
7.599389646350244831e+00 3.301684265136718750e+02
7.602824398732775713e+00 3.299927062988281250e+02
7.606259151115307482e+00 3.332929687500000000e+02
7.609693903497838363e+00 3.318738403320312500e+02
7.613128655880370133e+00 3.309329223632812500e+02
7.616563408262899237e+00 3.282290039062500000e+02
7.619998160645431007e+00 3.275532836914062500e+02
7.623432913027961888e+00 3.280176086425781250e+02
7.626867665410493657e+00 3.325527648925781250e+02
7.630302417793024539e+00 3.349427185058593750e+02
7.633737170175556308e+00 3.353228149414062500e+02
7.637171922558087189e+00 3.285880432128906250e+02
7.640606674940618959e+00 3.268840637207031250e+02
7.644041427323149840e+00 3.205203552246093750e+02
7.647476179705681609e+00 3.176850280761718750e+02
7.650910932088212490e+00 3.142956237792968750e+02
7.654345684470744260e+00 3.159860534667968750e+02
7.657780436853275141e+00 3.148823242187500000e+02
7.661215189235806022e+00 3.140166015625000000e+02
7.664649941618336015e+00 3.156317138671875000e+02
7.668084694000867785e+00 3.188919677734375000e+02
7.671519446383398666e+00 3.175752258300781250e+02
7.674954198765930435e+00 3.171402282714843750e+02
7.678388951148461317e+00 3.184207458496093750e+02
7.681823703530992198e+00 3.204375915527343750e+02
7.685258455913523967e+00 3.191885986328125000e+02
7.688693208296054848e+00 3.215869140625000000e+02
7.692127960678586618e+00 3.247534790039062500e+02
7.695562713061117499e+00 3.262752685546875000e+02
7.698997465443649268e+00 3.238729248046875000e+02
7.702432217826180150e+00 3.249659423828125000e+02
7.705866970208711919e+00 3.283353576660156250e+02
7.709301722591242800e+00 3.321296997070312500e+02
7.712736474973774570e+00 3.287804260253906250e+02
7.716171227356303675e+00 3.296161499023437500e+02
7.719605979738835444e+00 3.304898681640625000e+02
7.723040732121366325e+00 3.340837097167968750e+02
7.726475484503898095e+00 3.283584594726562500e+02
7.729910236886428976e+00 3.237282714843750000e+02
7.733344989268960745e+00 3.230735168457031250e+02
7.736779741651491626e+00 3.205292053222656250e+02
7.740214494034023396e+00 3.178473815917968750e+02
7.743649246416554277e+00 3.096329040527343750e+02
7.747083998799085158e+00 3.056227416992187500e+02
7.750518751181616928e+00 3.035893554687500000e+02
7.753953503564147809e+00 3.037124023437500000e+02
7.757388255946679578e+00 3.079698486328125000e+02
7.760823008329210460e+00 3.101926269531250000e+02
7.764257760711742229e+00 3.123331909179687500e+02
7.767692513094271334e+00 3.099724731445312500e+02
7.771127265476803103e+00 3.078489990234375000e+02
7.774562017859333984e+00 3.062537231445312500e+02
7.777996770241865754e+00 3.113017883300781250e+02
7.781431522624396635e+00 3.128847351074218750e+02
7.784866275006928404e+00 3.109496154785156250e+02
7.788301027389459286e+00 3.044374389648437500e+02
7.791735779771991055e+00 3.019241027832031250e+02
7.795170532154521936e+00 3.051146545410156250e+02
7.798605284537053706e+00 3.096546020507812500e+02
7.802040036919584587e+00 3.143736877441406250e+02
7.805474789302116356e+00 3.157148437500000000e+02
7.808909541684647238e+00 3.173220825195312500e+02
7.812344294067178119e+00 3.127431335449218750e+02
7.815779046449708112e+00 3.128449707031250000e+02
7.819213798832239881e+00 3.104376525878906250e+02
7.822648551214770762e+00 3.105537414550781250e+02
7.826083303597302532e+00 3.087957153320312500e+02
7.829518055979833413e+00 3.106239624023437500e+02
7.832952808362364294e+00 3.134786682128906250e+02
7.836387560744896064e+00 3.120852661132812500e+02
7.839822313127426945e+00 3.101905822753906250e+02
7.843257065509958714e+00 3.068653259277343750e+02
7.846691817892489595e+00 3.032819519042968750e+02
7.850126570275021365e+00 3.045364074707031250e+02
7.853561322657552246e+00 3.026211242675781250e+02
7.856996075040084015e+00 3.001268310546875000e+02
7.860430827422614897e+00 2.946517639160156250e+02
7.863865579805146666e+00 2.962056274414062500e+02
7.867300332187675771e+00 2.978268737792968750e+02
7.870735084570207540e+00 3.013848571777343750e+02
7.874169836952738422e+00 3.038810119628906250e+02
7.877604589335270191e+00 3.045793762207031250e+02
7.881039341717801072e+00 3.016073608398437500e+02
7.884474094100332842e+00 3.007521057128906250e+02
7.887908846482863723e+00 3.039946289062500000e+02
7.891343598865395492e+00 3.085693054199218750e+02
7.894778351247926373e+00 3.102515563964843750e+02
7.898213103630457255e+00 3.105807495117187500e+02
7.901647856012989024e+00 3.079658508300781250e+02
7.905082608395519905e+00 3.101844482421875000e+02
7.908517360778051675e+00 3.116739196777343750e+02
7.911952113160582556e+00 3.152291259765625000e+02
7.915386865543112549e+00 3.139997253417968750e+02
7.918821617925643430e+00 3.122454223632812500e+02
7.922256370308175200e+00 3.097882080078125000e+02
7.925691122690706081e+00 3.078955993652343750e+02
7.929125875073237850e+00 3.078094177246093750e+02
7.932560627455768731e+00 3.073740539550781250e+02
7.935995379838300501e+00 3.076210937500000000e+02
7.939430132220831382e+00 3.035456237792968750e+02
7.942864884603363151e+00 3.019430541992187500e+02
7.946299636985894033e+00 2.992474365234375000e+02
7.949734389368425802e+00 2.977731018066406250e+02
7.953169141750956683e+00 2.937908630371093750e+02
7.956603894133488453e+00 2.967290649414062500e+02
7.960038646516019334e+00 3.023122558593750000e+02
7.963473398898551103e+00 3.064896545410156250e+02
7.966908151281080208e+00 3.090095520019531250e+02
7.970342903663611978e+00 3.114755554199218750e+02
7.973777656046142859e+00 3.122842102050781250e+02
7.977212408428674628e+00 3.087655944824218750e+02
7.980647160811205509e+00 3.030334472656250000e+02
7.984081913193736391e+00 3.000321655273437500e+02
7.987516665576268160e+00 3.034488220214843750e+02
7.990951417958799041e+00 3.061558532714843750e+02
7.994386170341330811e+00 3.068370056152343750e+02
7.997820922723861692e+00 3.032569580078125000e+02
8.001255675106392573e+00 3.037239074707031250e+02
8.004690427488924342e+00 3.064360961914062500e+02
8.008125179871456112e+00 3.080445251464843750e+02
8.011559932253987881e+00 3.091429748535156250e+02
8.014994684636517874e+00 3.081913757324218750e+02
8.018429437019047867e+00 3.100069274902343750e+02
8.021864189401579637e+00 3.074561157226562500e+02
8.025298941784111406e+00 3.067205505371093750e+02
8.028733694166641399e+00 3.039918823242187500e+02
8.032168446549173169e+00 3.059702758789062500e+02
8.035603198931704938e+00 3.049245910644531250e+02
8.039037951314236707e+00 3.052244262695312500e+02
8.042472703696766700e+00 3.032602844238281250e+02
8.045907456079298470e+00 3.019898376464843750e+02
8.049342208461830239e+00 3.007320861816406250e+02
8.052776960844360232e+00 3.013008728027343750e+02
8.056211713226892002e+00 3.009850463867187500e+02
8.059646465609423771e+00 3.006795959472656250e+02
8.063081217991955540e+00 2.983735961914062500e+02
8.066515970374485534e+00 3.004270019531250000e+02
8.069950722757015527e+00 3.006737670898437500e+02
8.073385475139547296e+00 3.019720764160156250e+02
8.076820227522079065e+00 2.999224853515625000e+02
8.080254979904609058e+00 2.991970214843750000e+02
8.083689732287140828e+00 3.013914489746093750e+02
8.087124484669672597e+00 3.038417663574218750e+02
8.090559237052204367e+00 3.003940734863281250e+02
8.093993989434734360e+00 2.966578979492187500e+02
8.097428741817266129e+00 2.925523681640625000e+02
8.100863494199797898e+00 2.956280822753906250e+02
8.104298246582329668e+00 2.978641662597656250e+02
8.107732998964859661e+00 3.008955993652343750e+02
8.111167751347391430e+00 3.024259033203125000e+02
8.114602503729923200e+00 2.979289245605468750e+02
8.118037256112453193e+00 2.957651367187500000e+02
8.121472008494983186e+00 2.949898376464843750e+02
8.124906760877514955e+00 2.975711059570312500e+02
8.128341513260046725e+00 2.997667236328125000e+02
8.131776265642578494e+00 2.998882751464843750e+02
8.135211018025108487e+00 3.023146667480468750e+02
8.138645770407640256e+00 3.022242736816406250e+02
8.142080522790172026e+00 2.990289306640625000e+02
8.145515275172702019e+00 2.982689208984375000e+02
8.148950027555233788e+00 2.998858642578125000e+02
8.152384779937765558e+00 2.997996520996093750e+02
8.155819532320297327e+00 2.978071594238281250e+02
8.159254284702827320e+00 2.918249816894531250e+02
8.162689037085359089e+00 2.920343017578125000e+02
8.166123789467890859e+00 2.929504394531250000e+02
8.169558541850420852e+00 2.955762939453125000e+02
8.172993294232950845e+00 2.969169311523437500e+02
8.176428046615482614e+00 2.968446960449218750e+02
8.179862798998014384e+00 2.990528869628906250e+02
8.183297551380546153e+00 3.009785461425781250e+02
8.186732303763076146e+00 3.014954223632812500e+02
8.190167056145607916e+00 3.038963317871093750e+02
8.193601808528139685e+00 3.070971984863281250e+02
8.197036560910671454e+00 3.099295349121093750e+02
8.200471313293201447e+00 3.048247070312500000e+02
8.203906065675733217e+00 3.041382446289062500e+02
8.207340818058264986e+00 3.056112060546875000e+02
8.210775570440794979e+00 3.078627929687500000e+02
8.214210322823326749e+00 3.040211791992187500e+02
8.217645075205856742e+00 2.996347961425781250e+02
8.221079827588388511e+00 2.992951965332031250e+02
8.224514579970918504e+00 2.989088439941406250e+02
8.227949332353450274e+00 3.012140502929687500e+02
8.231384084735982043e+00 3.032468261718750000e+02
8.234818837118513812e+00 3.024055175781250000e+02
8.238253589501043805e+00 2.985200500488281250e+02
8.241688341883575575e+00 2.941711730957031250e+02
8.245123094266107344e+00 2.954455871582031250e+02
8.248557846648639114e+00 2.971780090332031250e+02
8.251992599031169107e+00 3.001163330078125000e+02
8.255427351413700876e+00 2.994016418457031250e+02
8.258862103796232645e+00 3.019183959960937500e+02
8.262296856178764415e+00 3.029219665527343750e+02
8.265731608561294408e+00 3.075812988281250000e+02
8.269166360943824401e+00 3.115623779296875000e+02
8.272601113326356170e+00 3.106085510253906250e+02
8.276035865708887940e+00 3.055821533203125000e+02
8.279470618091417933e+00 3.010127563476562500e+02
8.282905370473949702e+00 2.993847656250000000e+02
8.286340122856481472e+00 3.019128417968750000e+02
8.289774875239011465e+00 3.025305480957031250e+02
8.293209627621543234e+00 3.033319091796875000e+02
8.296644380004075003e+00 3.009604492187500000e+02
8.300079132386606773e+00 3.006369323730468750e+02
8.303513884769136766e+00 3.011542663574218750e+02
8.306948637151668535e+00 3.000626220703125000e+02
8.310383389534200305e+00 2.967055358886718750e+02
8.313818141916732074e+00 2.965510559082031250e+02
8.317252894299262067e+00 2.993457336425781250e+02
8.320687646681792060e+00 3.024684143066406250e+02
8.324122399064323830e+00 3.044611816406250000e+02
8.327557151446855599e+00 3.045606079101562500e+02
8.330991903829385592e+00 3.039018554687500000e+02
8.334426656211917361e+00 3.021394042968750000e+02
8.337861408594449131e+00 3.014134521484375000e+02
8.341296160976980900e+00 2.996539611816406250e+02
8.344730913359510893e+00 2.977372741699218750e+02
8.348165665742042663e+00 2.983091430664062500e+02
8.351600418124574432e+00 2.989381408691406250e+02
8.355035170507104425e+00 2.993350524902343750e+02
8.358469922889636194e+00 2.936794128417968750e+02
8.361904675272167964e+00 2.898415527343750000e+02
8.365339427654699733e+00 2.887423400878906250e+02
8.368774180037229726e+00 2.906220397949218750e+02
8.372208932419759719e+00 2.908284301757812500e+02
8.375643684802291489e+00 2.895950622558593750e+02
8.379078437184823258e+00 2.899653625488281250e+02
8.382513189567353251e+00 2.937980957031250000e+02
8.385947941949885021e+00 2.953131408691406250e+02
8.389382694332416790e+00 2.969289550781250000e+02
8.392817446714948559e+00 2.973099670410156250e+02
8.396252199097478552e+00 2.988894042968750000e+02
8.399686951480010322e+00 3.023451538085937500e+02
8.403121703862542091e+00 3.036012573242187500e+02
8.406556456245073861e+00 3.036631774902343750e+02
8.409991208627603854e+00 3.021849670410156250e+02
8.413425961010135623e+00 3.042734680175781250e+02
8.416860713392667392e+00 3.053436889648437500e+02
8.420295465775197385e+00 3.043262023925781250e+02
8.423730218157727379e+00 2.999676208496093750e+02
8.427164970540259148e+00 3.015995178222656250e+02
8.430599722922790917e+00 3.061492309570312500e+02
8.434034475305322687e+00 3.100443725585937500e+02
8.437469227687852680e+00 3.154310302734375000e+02
8.440903980070384449e+00 3.256096801757812500e+02
8.444338732452916219e+00 3.386666870117187500e+02
8.447773484835446212e+00 3.511806945800781250e+02
8.451208237217977981e+00 3.574423217773437500e+02
8.454642989600509750e+00 3.617170715332031250e+02
8.458077741983041520e+00 3.612534179687500000e+02
8.461512494365571513e+00 3.636755981445312500e+02
8.464947246748103282e+00 3.655962524414062500e+02
8.468381999130633275e+00 3.608065795898437500e+02
8.471816751513165045e+00 3.515904541015625000e+02
8.475251503895695038e+00 3.429163513183593750e+02
8.478686256278226807e+00 3.359772644042968750e+02
8.482121008660758577e+00 3.292015686035156250e+02
8.485555761043290346e+00 3.226530456542968750e+02
8.488990513425820339e+00 3.182082519531250000e+02
8.492425265808352108e+00 3.138639526367187500e+02
8.495860018190883878e+00 3.086706237792968750e+02
8.499294770573415647e+00 3.032264404296875000e+02
8.502729522955945640e+00 3.009083251953125000e+02
8.506164275338477410e+00 3.033835449218750000e+02
8.509599027721009179e+00 3.056501770019531250e+02
8.513033780103539172e+00 3.114361572265625000e+02
8.516468532486070941e+00 3.064024047851562500e+02
8.519903284868600934e+00 3.010525512695312500e+02
8.523338037251132704e+00 2.964205322265625000e+02
8.526772789633662697e+00 2.991937255859375000e+02
8.530207542016194466e+00 3.033499145507812500e+02
8.533642294398726236e+00 3.091621398925781250e+02
8.537077046781258005e+00 3.143731994628906250e+02
8.540511799163787998e+00 3.137728576660156250e+02
8.543946551546319768e+00 3.084016418457031250e+02
8.547381303928851537e+00 3.080344848632812500e+02
8.550816056311383306e+00 3.069791259765625000e+02
8.554250808693913299e+00 3.048093261718750000e+02
8.557685561076445069e+00 2.989105224609375000e+02
8.561120313458976838e+00 3.008215026855468750e+02
8.564555065841508608e+00 3.009909973144531250e+02
8.567989818224038601e+00 3.029067687988281250e+02
8.571424570606568594e+00 3.017125244140625000e+02
8.574859322989100363e+00 3.015741577148437500e+02
8.578294075371632132e+00 2.988134460449218750e+02
8.581728827754162126e+00 3.016272888183593750e+02
8.585163580136693895e+00 3.047464904785156250e+02
8.588598332519225664e+00 3.090298461914062500e+02
8.592033084901755657e+00 3.074220886230468750e+02
8.595467837284287427e+00 3.032616271972656250e+02
8.598902589666819196e+00 2.948168945312500000e+02
8.602337342049350966e+00 2.902353210449218750e+02
8.605772094431880959e+00 2.907125549316406250e+02
8.609206846814412728e+00 2.968560485839843750e+02
8.612641599196944497e+00 2.949829711914062500e+02
8.616076351579476267e+00 2.943360900878906250e+02
8.619511103962004483e+00 2.905085144042968750e+02
8.622945856344536253e+00 2.904573974609375000e+02
8.626380608727068022e+00 2.881786193847656250e+02
8.629815361109599792e+00 2.882973937988281250e+02
8.633250113492129785e+00 2.916764831542968750e+02
8.636684865874661554e+00 2.946430969238281250e+02
8.640119618257193324e+00 2.935956115722656250e+02
8.643554370639725093e+00 2.930267333984375000e+02
8.646989123022255086e+00 2.934052734375000000e+02
8.650423875404786855e+00 2.941911010742187500e+02
8.653858627787318625e+00 2.908748779296875000e+02
8.657293380169850394e+00 2.831637573242187500e+02
8.660728132552380387e+00 2.807064208984375000e+02
8.664162884934912157e+00 2.822878723144531250e+02
8.667597637317443926e+00 2.876433715820312500e+02
8.671032389699973919e+00 2.886879882812500000e+02
8.674467142082503912e+00 2.882419128417968750e+02
8.677901894465035681e+00 2.890683593750000000e+02
8.681336646847567451e+00 2.935842895507812500e+02
8.684771399230097444e+00 2.955729064941406250e+02
8.688206151612629213e+00 2.957622985839843750e+02
8.691640903995160983e+00 2.938816223144531250e+02
8.695075656377692752e+00 2.932012939453125000e+02
8.698510408760222745e+00 2.940337829589843750e+02
8.701945161142754515e+00 2.934403991699218750e+02
8.705379913525286284e+00 2.938470458984375000e+02
8.708814665907818053e+00 2.964042358398437500e+02
8.712249418290348046e+00 3.005640258789062500e+02
8.715684170672879816e+00 3.034535522460937500e+02
8.719118923055411585e+00 3.003408813476562500e+02
8.722553675437941578e+00 2.970447998046875000e+02
8.725988427820471571e+00 2.960105895996093750e+02
8.729423180203003341e+00 2.974705810546875000e+02
8.732857932585535110e+00 2.982470397949218750e+02
8.736292684968066879e+00 2.981582336425781250e+02
8.739727437350596873e+00 2.951037902832031250e+02
8.743162189733128642e+00 2.918346862792968750e+02
8.746596942115660411e+00 2.916057739257812500e+02
8.750031694498190404e+00 2.939026184082031250e+02
8.753466446880722174e+00 2.997910461425781250e+02
8.756901199263253943e+00 2.989415893554687500e+02
8.760335951645785713e+00 3.003090209960937500e+02
8.763770704028315706e+00 2.986596679687500000e+02
8.767205456410847475e+00 3.013428955078125000e+02
8.770640208793377468e+00 2.994920959472656250e+02
8.774074961175909237e+00 3.018749389648437500e+02
8.777509713558439230e+00 3.008099975585937500e+02
8.780944465940971000e+00 3.007755737304687500e+02
8.784379218323502769e+00 2.966231689453125000e+02
8.787813970706034539e+00 2.980167236328125000e+02
8.791248723088564532e+00 2.970271911621093750e+02
8.794683475471096301e+00 2.941900634765625000e+02
8.798118227853628071e+00 2.928048095703125000e+02
8.801552980236159840e+00 2.917263793945312500e+02
8.804987732618689833e+00 2.928706970214843750e+02
8.808422485001221602e+00 2.926789855957031250e+02
8.811857237383753372e+00 2.914358520507812500e+02
8.815291989766283365e+00 2.920534667968750000e+02
8.818726742148815134e+00 2.942297363281250000e+02
8.822161494531345127e+00 2.948507385253906250e+02
8.825596246913876897e+00 2.939762268066406250e+02
8.829030999296408666e+00 2.901442260742187500e+02
8.832465751678938659e+00 2.891633300781250000e+02
8.835900504061470428e+00 2.912475585937500000e+02
8.839335256444002198e+00 2.909254455566406250e+02
8.842770008826532191e+00 2.944749145507812500e+02
8.846204761209063960e+00 2.943088378906250000e+02
8.849639513591595730e+00 2.952537536621093750e+02
8.853074265974127499e+00 2.981986389160156250e+02
8.856509018356657492e+00 2.972411499023437500e+02
8.859943770739189262e+00 2.997309570312500000e+02
8.863378523121721031e+00 2.986702270507812500e+02
8.866813275504252800e+00 2.987667236328125000e+02
8.870248027886781017e+00 2.992255554199218750e+02
8.873682780269312786e+00 2.985488281250000000e+02
8.877117532651844556e+00 2.993565063476562500e+02
8.880552285034376325e+00 2.961553955078125000e+02
8.883987037416906318e+00 2.948485717773437500e+02
8.887421789799438088e+00 2.943500061035156250e+02
8.890856542181969857e+00 2.946368408203125000e+02
8.894291294564501626e+00 2.984365844726562500e+02
8.897726046947031620e+00 2.999834289550781250e+02
8.901160799329563389e+00 2.998436889648437500e+02
8.904595551712095158e+00 2.994635925292968750e+02
8.908030304094625151e+00 3.023530578613281250e+02
8.911465056477156921e+00 3.048278808593750000e+02
8.914899808859688690e+00 2.991260375976562500e+02
8.918334561242220460e+00 2.981488952636718750e+02
8.921769313624748676e+00 2.978034362792968750e+02
8.925204066007280446e+00 3.006314697265625000e+02
8.928638818389812215e+00 3.012458496093750000e+02
8.932073570772343984e+00 3.021852416992187500e+02
8.935508323154873978e+00 3.047152709960937500e+02
8.938943075537405747e+00 3.039970703125000000e+02
8.942377827919937516e+00 3.085018310546875000e+02
8.945812580302469286e+00 3.138917236328125000e+02
8.949247332684999279e+00 3.194836120605468750e+02
8.952682085067531048e+00 3.229076232910156250e+02
8.956116837450062818e+00 3.332915954589843750e+02
8.959551589832594587e+00 3.484008483886718750e+02
8.962986342215124580e+00 3.684153747558593750e+02
8.966421094597656349e+00 3.831435546875000000e+02
8.969855846980188119e+00 3.994280395507812500e+02
8.973290599362718112e+00 4.092576599121093750e+02
8.976725351745248105e+00 4.187054443359375000e+02
8.980160104127779874e+00 4.209832153320312500e+02
8.983594856510311644e+00 4.199250793457031250e+02
8.987029608892841637e+00 4.117756042480468750e+02
8.990464361275373406e+00 3.998465881347656250e+02
8.993899113657905176e+00 3.841060485839843750e+02
8.997333866040436945e+00 3.748112792968750000e+02
9.000768618422966938e+00 3.643128662109375000e+02
9.004203370805498707e+00 3.498177795410156250e+02
9.007638123188030477e+00 3.380557250976562500e+02
9.011072875570562246e+00 3.259240417480468750e+02
9.014507627953092239e+00 3.188009948730468750e+02
9.017942380335624009e+00 3.098339843750000000e+02
9.021377132718154002e+00 3.040130310058593750e+02
9.024811885100685771e+00 3.014060363769531250e+02
9.028246637483215764e+00 3.006753234863281250e+02
9.031681389865747533e+00 3.008125000000000000e+02
9.035116142248279303e+00 2.975299072265625000e+02
9.038550894630811072e+00 2.959105834960937500e+02
9.041985647013341065e+00 2.964880065917968750e+02
9.045420399395872835e+00 2.931355285644531250e+02
9.048855151778404604e+00 2.898717041015625000e+02
9.052289904160934597e+00 2.859649353027343750e+02
9.055724656543466367e+00 2.882153930664062500e+02
9.059159408925998136e+00 2.883718872070312500e+02
9.062594161308529905e+00 2.901630859375000000e+02
9.066028913691059898e+00 2.903759765625000000e+02
9.069463666073591668e+00 2.888171386718750000e+02
9.072898418456121661e+00 2.865555114746093750e+02
9.076333170838653430e+00 2.852897949218750000e+02
9.079767923221183423e+00 2.874002380371093750e+02
9.083202675603715193e+00 2.886972961425781250e+02
9.086637427986246962e+00 2.888793640136718750e+02
9.090072180368778731e+00 2.895360107421875000e+02
9.093506932751308725e+00 2.931838989257812500e+02
9.096941685133840494e+00 2.963481750488281250e+02
9.100376437516372263e+00 2.952448425292968750e+02
9.103811189898904033e+00 2.933147888183593750e+02
9.107245942281434026e+00 2.918774414062500000e+02
9.110680694663965795e+00 2.947511901855468750e+02
9.114115447046497565e+00 2.961010742187500000e+02
9.117550199429027558e+00 2.980974731445312500e+02
9.120984951811559327e+00 2.957055358886718750e+02
9.124419704194089320e+00 2.949005126953125000e+02
9.127854456576621089e+00 2.938114929199218750e+02
9.131289208959152859e+00 2.955662841796875000e+02
9.134723961341682852e+00 2.956005249023437500e+02
9.138158713724214621e+00 2.938988647460937500e+02
9.141593466106746391e+00 2.897699584960937500e+02
9.145028218489276384e+00 2.842933349609375000e+02
9.148462970871808153e+00 2.808063354492187500e+02
9.151897723254339923e+00 2.828081665039062500e+02
9.155332475636871692e+00 2.889873352050781250e+02
9.158767228019401685e+00 2.931748657226562500e+02
9.162201980401933454e+00 2.933370666503906250e+02
9.165636732784465224e+00 2.901851806640625000e+02
9.169071485166996993e+00 2.875275878906250000e+02
9.172506237549525210e+00 2.850529479980468750e+02
9.175940989932056979e+00 2.857692260742187500e+02
9.179375742314588749e+00 2.883519897460937500e+02
9.182810494697120518e+00 2.921979064941406250e+02
9.186245247079650511e+00 2.929940490722656250e+02
9.189679999462182280e+00 2.965275268554687500e+02
9.193114751844714050e+00 2.946418457031250000e+02
9.196549504227245819e+00 2.929813537597656250e+02
9.199984256609775812e+00 2.899493408203125000e+02
9.203419008992307582e+00 2.868905334472656250e+02
9.206853761374839351e+00 2.871298522949218750e+02
9.210288513757369344e+00 2.860456237792968750e+02
9.213723266139901114e+00 2.872573242187500000e+02
9.217158018522432883e+00 2.854680786132812500e+02
9.220592770904964652e+00 2.837570190429687500e+02
9.224027523287492869e+00 2.843195190429687500e+02
9.227462275670024638e+00 2.912055053710937500e+02
9.230897028052556408e+00 2.964682922363281250e+02
9.234331780435088177e+00 2.948131713867187500e+02
9.237766532817618170e+00 2.880722351074218750e+02
9.241201285200149940e+00 2.865090942382812500e+02
9.244636037582681709e+00 2.848119506835937500e+02
9.248070789965213478e+00 2.873036499023437500e+02
9.251505542347743472e+00 2.868412475585937500e+02
9.254940294730275241e+00 2.883202514648437500e+02
9.258375047112807010e+00 2.881933288574218750e+02
9.261809799495338780e+00 2.871014099121093750e+02
9.265244551877868773e+00 2.850728454589843750e+02
9.268679304260400542e+00 2.845265502929687500e+02
9.272114056642930535e+00 2.867824401855468750e+02
9.275548809025462305e+00 2.875824890136718750e+02
9.278983561407992298e+00 2.869610900878906250e+02
9.282418313790524067e+00 2.851309204101562500e+02
9.285853066173055836e+00 2.865764160156250000e+02
9.289287818555585829e+00 2.873734436035156250e+02
9.292722570938117599e+00 2.855785827636718750e+02
9.296157323320649368e+00 2.856145629882812500e+02
9.299592075703181138e+00 2.857153625488281250e+02
9.303026828085711131e+00 2.872165222167968750e+02
9.306461580468242900e+00 2.870212402343750000e+02
9.309896332850774670e+00 2.879022827148437500e+02
9.313331085233306439e+00 2.882407226562500000e+02
9.316765837615836432e+00 2.870378112792968750e+02
9.320200589998368201e+00 2.859223327636718750e+02
9.323635342380898194e+00 2.885211486816406250e+02
9.327070094763429964e+00 2.914092407226562500e+02
9.330504847145959957e+00 2.945528869628906250e+02
9.333939599528491726e+00 2.901124267578125000e+02
9.337374351911023496e+00 2.903991394042968750e+02
9.340809104293555265e+00 2.911742858886718750e+02
9.344243856676085258e+00 2.946930236816406250e+02
9.347678609058617027e+00 2.925209045410156250e+02
9.351113361441148797e+00 2.904638061523437500e+02
9.354548113823678790e+00 2.883540039062500000e+02
9.357982866206210559e+00 2.849158630371093750e+02
9.361417618588742329e+00 2.818081359863281250e+02
9.364852370971274098e+00 2.861911315917968750e+02
9.368287123353804091e+00 2.890658874511718750e+02
9.371721875736335861e+00 2.920054931640625000e+02
9.375156628118865854e+00 2.889368896484375000e+02
9.378591380501397623e+00 2.878669738769531250e+02
9.382026132883927616e+00 2.906364746093750000e+02
9.385460885266459385e+00 2.885977783203125000e+02
9.388895637648991155e+00 2.881882629394531250e+02
9.392330390031522924e+00 2.850092163085937500e+02
9.395765142414052917e+00 2.862555236816406250e+02
9.399199894796584687e+00 2.845642089843750000e+02
9.402634647179116456e+00 2.837360229492187500e+02
9.406069399561648225e+00 2.845306396484375000e+02
9.409504151944178219e+00 2.896087036132812500e+02
9.412938904326709988e+00 2.888724670410156250e+02
9.416373656709241757e+00 2.891134643554687500e+02
9.419808409091771750e+00 2.878517150878906250e+02
9.423243161474301743e+00 2.882405395507812500e+02
9.426677913856833513e+00 2.828927307128906250e+02
9.430112666239365282e+00 2.800869750976562500e+02
9.433547418621897052e+00 2.806773986816406250e+02
9.436982171004427045e+00 2.825813598632812500e+02
9.440416923386958814e+00 2.821094970703125000e+02
9.443851675769490583e+00 2.828146362304687500e+02
9.447286428152020576e+00 2.826163330078125000e+02
9.450721180534552346e+00 2.785407104492187500e+02
9.454155932917084115e+00 2.757817993164062500e+02
9.457590685299615885e+00 2.766300659179687500e+02
9.461025437682145878e+00 2.769728088378906250e+02
9.464460190064677647e+00 2.750089111328125000e+02
9.467894942447209417e+00 2.763449707031250000e+02
9.471329694829741186e+00 2.815654602050781250e+02
9.474764447212269403e+00 2.810377197265625000e+02
9.478199199594801172e+00 2.786848144531250000e+02
9.481633951977332941e+00 2.743993225097656250e+02
9.485068704359864711e+00 2.748472290039062500e+02
9.488503456742394704e+00 2.764276123046875000e+02
9.491938209124926473e+00 2.774291687011718750e+02
9.495372961507458243e+00 2.760228576660156250e+02
9.498807713889990012e+00 2.706381835937500000e+02
9.502242466272520005e+00 2.697355957031250000e+02
9.505677218655051774e+00 2.698666076660156250e+02
9.509111971037583544e+00 2.721172485351562500e+02
9.512546723420113537e+00 2.704284057617187500e+02
9.515981475802645306e+00 2.716302490234375000e+02
9.519416228185177076e+00 2.725617675781250000e+02
9.522850980567708845e+00 2.751055908203125000e+02
9.526285732950237062e+00 2.731827087402343750e+02
9.529720485332768831e+00 2.714454345703125000e+02
9.533155237715300601e+00 2.711037292480468750e+02
9.536589990097832370e+00 2.743053283691406250e+02
9.540024742480362363e+00 2.744367675781250000e+02
9.543459494862894132e+00 2.760945434570312500e+02
9.546894247245425902e+00 2.740414733886718750e+02
9.550328999627957671e+00 2.718142700195312500e+02
9.553763752010487664e+00 2.651041259765625000e+02
9.557198504393019434e+00 2.649007263183593750e+02
9.560633256775551203e+00 2.663628540039062500e+02
9.564068009158082972e+00 2.664648132324218750e+02
9.567502761540612966e+00 2.628324279785156250e+02
9.570937513923144735e+00 2.641707153320312500e+02
9.574372266305674728e+00 2.689096374511718750e+02
9.577807018688206497e+00 2.757261657714843750e+02
9.581241771070736490e+00 2.785895080566406250e+02
9.584676523453268260e+00 2.766843872070312500e+02
9.588111275835800029e+00 2.765790100097656250e+02
9.591546028218330022e+00 2.748373107910156250e+02
9.594980780600861792e+00 2.777185058593750000e+02
9.598415532983393561e+00 2.767183227539062500e+02
9.601850285365925330e+00 2.733848266601562500e+02
9.605285037748455323e+00 2.710657653808593750e+02
9.608719790130987093e+00 2.693845214843750000e+02
9.612154542513518862e+00 2.715720214843750000e+02
9.615589294896050632e+00 2.721492919921875000e+02
9.619024047278580625e+00 2.740228881835937500e+02
9.622458799661112394e+00 2.731012573242187500e+02
9.625893552043642387e+00 2.694853210449218750e+02
9.629328304426174157e+00 2.667581787109375000e+02
9.632763056808704150e+00 2.657004089355468750e+02
9.636197809191235919e+00 2.677409362792968750e+02
9.639632561573767688e+00 2.666553344726562500e+02
9.643067313956299458e+00 2.654353942871093750e+02
9.646502066338829451e+00 2.680897521972656250e+02
9.649936818721361220e+00 2.690362854003906250e+02
9.653371571103892990e+00 2.710493164062500000e+02
9.656806323486422983e+00 2.681908264160156250e+02
9.660241075868954752e+00 2.661146850585937500e+02
9.663675828251486521e+00 2.641944580078125000e+02
9.667110580634018291e+00 2.651069641113281250e+02
9.670545333016548284e+00 2.664781799316406250e+02
9.673980085399080053e+00 2.667052307128906250e+02
9.677414837781610046e+00 2.678134155273437500e+02
9.680849590164141816e+00 2.663222656250000000e+02
9.684284342546671809e+00 2.642099609375000000e+02
9.687719094929203578e+00 2.620737915039062500e+02
9.691153847311735348e+00 2.627109069824218750e+02
9.694588599694267117e+00 2.650690612792968750e+02
9.698023352076797110e+00 2.619913635253906250e+02
9.701458104459328879e+00 2.615971374511718750e+02
9.704892856841860649e+00 2.601386108398437500e+02
9.708327609224392418e+00 2.633983764648437500e+02
9.711762361606922411e+00 2.611608886718750000e+02
9.715197113989454181e+00 2.618111267089843750e+02
9.718631866371985950e+00 2.621872558593750000e+02
9.722066618754515943e+00 2.622633666992187500e+02
9.725501371137045936e+00 2.598441772460937500e+02
9.728936123519577706e+00 2.590535888671875000e+02
9.732370875902109475e+00 2.622105102539062500e+02
9.735805628284641244e+00 2.643246765136718750e+02
9.739240380667171237e+00 2.657420959472656250e+02
9.742675133049703007e+00 2.631980285644531250e+02
9.746109885432234776e+00 2.626328735351562500e+02
9.749544637814764769e+00 2.584220886230468750e+02
9.752979390197296539e+00 2.566759948730468750e+02
9.756414142579828308e+00 2.568800659179687500e+02
9.759848894962360077e+00 2.535130157470703125e+02
9.763283647344890070e+00 2.499224395751953125e+02
9.766718399727421840e+00 2.543905181884765625e+02
9.770153152109953609e+00 2.590244750976562500e+02
9.773587904492485379e+00 2.626488342285156250e+02
9.777022656875013595e+00 2.575835876464843750e+02
9.780457409257545365e+00 2.591521606445312500e+02
9.783892161640077134e+00 2.591777954101562500e+02
9.787326914022608904e+00 2.628795166015625000e+02
9.790761666405138897e+00 2.603416748046875000e+02
9.794196418787670666e+00 2.578549194335937500e+02
9.797631171170202435e+00 2.569737548828125000e+02
9.801065923552734205e+00 2.626704711914062500e+02
9.804500675935264198e+00 2.651349182128906250e+02
9.807935428317795967e+00 2.639079895019531250e+02
9.811370180700327737e+00 2.628111267089843750e+02
9.814804933082857730e+00 2.591704406738281250e+02
9.818239685465389499e+00 2.586960144042968750e+02
9.821674437847921268e+00 2.542289733886718750e+02
9.825109190230451262e+00 2.582449035644531250e+02
9.828543942612981255e+00 2.571625976562500000e+02
9.831978694995513024e+00 2.585771789550781250e+02
9.835413447378044793e+00 2.583784179687500000e+02
9.838848199760576563e+00 2.531034545898437500e+02
9.842282952143106556e+00 2.516844482421875000e+02
9.845717704525638325e+00 2.523708343505859375e+02
9.849152456908170095e+00 2.576674194335937500e+02
9.852587209290701864e+00 2.578364868164062500e+02
9.856021961673231857e+00 2.558287658691406250e+02
9.859456714055763626e+00 2.516020965576171875e+02
9.862891466438295396e+00 2.468638763427734375e+02
9.866326218820827165e+00 2.459695587158203125e+02
9.869760971203357158e+00 2.462321472167968750e+02
9.873195723585888928e+00 2.511733703613281250e+02
9.876630475968418921e+00 2.555552520751953125e+02
9.880065228350950690e+00 2.612224121093750000e+02
9.883499980733480683e+00 2.550238037109375000e+02
9.886934733116012453e+00 2.533506774902343750e+02
9.890369485498544222e+00 2.473276367187500000e+02
9.893804237881074215e+00 2.508683166503906250e+02
9.897238990263605984e+00 2.519118804931640625e+02
9.900673742646137754e+00 2.555591125488281250e+02
9.904108495028669523e+00 2.564556274414062500e+02
9.907543247411199516e+00 2.559709167480468750e+02
9.910977999793731286e+00 2.538059844970703125e+02
9.914412752176263055e+00 2.531279754638671875e+02
9.917847504558794824e+00 2.593757324218750000e+02
9.921282256941324817e+00 2.620411071777343750e+02
9.924717009323856587e+00 2.572135314941406250e+02
9.928151761706386580e+00 2.474401397705078125e+02
9.931586514088918349e+00 2.482019958496093750e+02
9.935021266471448342e+00 2.510531158447265625e+02
9.938456018853980112e+00 2.567915039062500000e+02
9.941890771236511881e+00 2.565413513183593750e+02
9.945325523619043651e+00 2.573454284667968750e+02
9.948760276001573644e+00 2.550691070556640625e+02
9.952195028384105413e+00 2.524066925048828125e+02
9.955629780766637182e+00 2.512340393066406250e+02
9.959064533149167175e+00 2.472340698242187500e+02
9.962499285531698945e+00 2.487483520507812500e+02
9.965934037914230714e+00 2.491087951660156250e+02
9.969368790296762484e+00 2.500290222167968750e+02
9.972803542679292477e+00 2.432139129638671875e+02
9.976238295061822470e+00 2.341896972656250000e+02
9.979673047444354239e+00 2.320900421142578125e+02
9.983107799826886009e+00 2.333997192382812500e+02
9.986542552209416002e+00 2.360606231689453125e+02
9.989977304591947771e+00 2.367665557861328125e+02
9.993412056974479540e+00 2.395137634277343750e+02
9.996846809357011310e+00 2.396587829589843750e+02
1.000028156173954130e+01 2.378292541503906250e+02
1.000371631412207307e+01 2.373350982666015625e+02
1.000715106650460484e+01 2.383056030273437500e+02
1.001058581888713661e+01 2.350330657958984375e+02
1.001402057126966660e+01 2.285176696777343750e+02
1.001745532365219837e+01 2.279204711914062500e+02
1.002089007603473014e+01 2.306898345947265625e+02
1.002432482841726191e+01 2.350220031738281250e+02
1.002775958079979013e+01 2.323584289550781250e+02
1.003119433318232190e+01 2.314297790527343750e+02
1.003462908556485367e+01 2.287117919921875000e+02
1.003806383794738544e+01 2.273950347900390625e+02
1.004149859032991543e+01 2.222499847412109375e+02
1.004493334271244720e+01 2.219265441894531250e+02
1.004836809509497897e+01 2.247085571289062500e+02
1.005180284747750896e+01 2.246895141601562500e+02
1.005523759986004073e+01 2.297599029541015625e+02
1.005867235224257250e+01 2.298320312500000000e+02
1.006210710462510427e+01 2.316512298583984375e+02
1.006554185700763426e+01 2.271202850341796875e+02
1.006897660939016603e+01 2.245025482177734375e+02
1.007241136177269780e+01 2.262353210449218750e+02
1.007584611415522957e+01 2.337163391113281250e+02
1.007928086653775779e+01 2.365605316162109375e+02
1.008271561892028956e+01 2.335236511230468750e+02
1.008615037130282133e+01 2.213642883300781250e+02
1.008958512368535310e+01 2.118725280761718750e+02
1.009301987606788309e+01 2.116649169921875000e+02
1.009645462845041486e+01 2.158466339111328125e+02
1.009988938083294663e+01 2.122499542236328125e+02
1.010332413321547840e+01 2.076015014648437500e+02
1.010675888559800839e+01 2.070057220458984375e+02
1.011019363798054016e+01 2.140386657714843750e+02
1.011362839036307193e+01 2.198780670166015625e+02
1.011706314274560192e+01 2.179650421142578125e+02
1.012049789512813369e+01 2.122601165771484375e+02
1.012393264751066546e+01 2.045718994140625000e+02
1.012736739989319545e+01 2.011335601806640625e+02
1.013080215227572545e+01 1.967659301757812500e+02
1.013423690465825722e+01 1.892725372314453125e+02
1.013767165704078899e+01 1.956864013671875000e+02
1.014110640942332076e+01 2.009710388183593750e+02
1.014454116180585075e+01 2.073711853027343750e+02
1.014797591418838252e+01 2.066710510253906250e+02
1.015141066657091429e+01 2.058561096191406250e+02
1.015484541895344606e+01 2.045744781494140625e+02
1.015828017133597605e+01 1.898639831542968750e+02
1.016171492371850782e+01 1.864978485107421875e+02
1.016514967610103959e+01 1.815635375976562500e+02
1.016858442848357136e+01 1.757021179199218750e+02
1.017201918086610135e+01 1.636278381347656250e+02
1.017545393324863312e+01 1.515338897705078125e+02
1.017888868563116311e+01 1.285074920654296875e+02
1.018232343801369488e+01 1.279899215698242188e+02
1.018575819039622488e+01 1.295881500244140625e+02
1.018919294277875665e+01 1.320399780273437500e+02
1.019262769516128841e+01 1.132608489990234375e+02
1.019606244754382018e+01 1.057014617919921875e+02
1.019949719992635018e+01 9.863201141357421875e+01
1.020293195230888195e+01 8.591412353515625000e+01
1.020636670469141372e+01 8.575202941894531250e+01
1.020980145707394371e+01 8.496248626708984375e+01
1.021323620945647548e+01 8.104718780517578125e+01
1.021667096183900725e+01 7.464817810058593750e+01
1.022010571422153902e+01 7.136466217041015625e+01
1.022354046660406901e+01 6.915451049804687500e+01
1.022697521898659900e+01 6.894212341308593750e+01
1.023040997136913077e+01 6.241366195678710938e+01
1.023384472375166254e+01 5.270547103881835938e+01
1.023727947613419254e+01 2.189658546447753906e+01
1.024071422851672430e+01 1.777337074279785156e+01
1.024414898089925607e+01 1.897596931457519531e+01
1.024758373328178784e+01 3.303295135498046875e+01
1.025101848566431784e+01 2.763569450378417969e+01
1.025445323804684961e+01 2.817129325866699219e+01
1.025788799042938138e+01 3.257097244262695312e+01
1.026132274281191314e+01 3.619486236572265625e+01
1.026475749519444314e+01 2.656117820739746094e+01
1.026819224757697491e+01 0.000000000000000000e+00
1.027162699995950668e+01 0.000000000000000000e+00
1.027506175234203667e+01 0.000000000000000000e+00
1.027849650472456666e+01 0.000000000000000000e+00
1.028193125710709843e+01 0.000000000000000000e+00
1.028536600948963020e+01 0.000000000000000000e+00
1.028880076187216019e+01 0.000000000000000000e+00
1.029223551425469196e+01 0.000000000000000000e+00
1.029567026663722373e+01 0.000000000000000000e+00
1.029910501901975550e+01 0.000000000000000000e+00
1.030253977140228550e+01 0.000000000000000000e+00
