# # sector 13: chi = -45.01 deg (range [-50, -40))
# # columns: 2theta(deg)  intensity
1.717376191265591965e-03 4.250051879882812500e+02
5.152128573796775461e-03 3.179228820800781250e+02
8.586880956327959391e-03 2.757373657226562500e+02
1.202163333885914419e-02 1.090185317993164062e+02
1.545638572139032552e-02 4.722799682617187500e+01
1.889113810392151205e-02 6.502442932128906250e+01
2.232589048645269511e-02 1.303590850830078125e+02
2.576064286898388164e-02 1.619199523925781250e+02
2.919539525151506124e-02 1.692660217285156250e+02
3.263014763404624430e-02 1.806378936767578125e+02
3.606490001657743083e-02 1.357765808105468750e+02
3.949965239910861736e-02 1.412696380615234375e+02
4.293440478163979696e-02 1.567264862060546875e+02
4.636915716417097655e-02 1.487780914306640625e+02
4.980390954670216308e-02 1.534014892578125000e+02
5.323866192923334961e-02 1.570518493652343750e+02
5.667341431176453614e-02 1.815693206787109375e+02
6.010816669429572268e-02 1.670278015136718750e+02
6.354291907682689533e-02 1.574879455566406250e+02
6.697767145935809574e-02 1.938951110839843750e+02
7.041242384188926839e-02 2.116259002685546875e+02
7.384717622442045493e-02 2.205860748291015625e+02
7.728192860695165534e-02 2.023383026123046875e+02
8.071668098948282799e-02 1.866759643554687500e+02
8.415143337201401452e-02 1.743252563476562500e+02
8.758618575454518718e-02 1.631927337646484375e+02
9.102093813707637371e-02 1.167708892822265625e+02
9.445569051960756024e-02 9.618083190917968750e+01
9.789044290213874677e-02 1.105895080566406250e+02
1.013251952846699333e-01 1.523922271728515625e+02
1.047599476672011198e-01 1.664976196289062500e+02
1.081947000497323064e-01 1.496331176757812500e+02
1.116294524322634790e-01 1.843305358886718750e+02
1.150642048147946794e-01 1.992366638183593750e+02
1.184989571973258382e-01 2.085423583984375000e+02
1.219337095798570386e-01 2.083923492431640625e+02
1.253684619623882113e-01 2.071510162353515625e+02
1.288032143449193978e-01 2.100611114501953125e+02
1.322379667274505843e-01 1.824429321289062500e+02
1.356727191099817709e-01 1.829013519287109375e+02
1.391074714925129574e-01 1.957776794433593750e+02
1.425422238750441439e-01 2.338512725830078125e+02
1.459769762575753027e-01 2.459502410888671875e+02
1.494117286401065170e-01 2.570379333496093750e+02
1.528464810226377035e-01 2.300089263916015625e+02
1.562812334051688623e-01 2.222945861816406250e+02
1.597159857877000488e-01 2.163648223876953125e+02
1.631507381702312354e-01 3.156338806152343750e+02
1.665854905527624219e-01 4.361310119628906250e+02
1.700202429352936084e-01 5.721398925781250000e+02
1.734549953178247950e-01 9.164584350585937500e+02
1.768897477003559815e-01 1.101091064453125000e+03
1.803245000828871403e-01 1.274340087890625000e+03
1.837592524654183268e-01 1.459034301757812500e+03
1.871940048479495411e-01 1.520211059570312500e+03
1.906287572304806999e-01 1.572255859375000000e+03
1.940635096130118864e-01 1.602852172851562500e+03
1.974982619955431007e-01 1.597874145507812500e+03
2.009330143780742595e-01 1.593022949218750000e+03
2.043677667606054460e-01 1.548616821289062500e+03
2.078025191431366325e-01 1.588700805664062500e+03
2.112372715256678191e-01 1.624908203125000000e+03
2.146720239081990056e-01 1.712557861328125000e+03
2.181067762907301644e-01 1.693071899414062500e+03
2.215415286732613787e-01 1.680883911132812500e+03
2.249762810557925652e-01 1.645880004882812500e+03
2.284110334383237517e-01 1.694074584960937500e+03
2.318457858208548827e-01 1.745817626953125000e+03
2.352805382033860970e-01 1.854004028320312500e+03
2.387152905859172836e-01 1.885548461914062500e+03
2.421500429684484701e-01 1.881813598632812500e+03
2.455847953509796566e-01 1.852528808593750000e+03
2.490195477335108154e-01 1.850077026367187500e+03
2.524543001160420297e-01 1.846047485351562500e+03
2.558890524985731885e-01 1.840868896484375000e+03
2.593238048811044028e-01 1.831247192382812500e+03
2.627585572636355615e-01 1.856600463867187500e+03
2.661933096461667758e-01 1.906447875976562500e+03
2.696280620286979346e-01 1.925887207031250000e+03
2.730628144112290934e-01 1.942775634765625000e+03
2.764975667937603077e-01 1.974531494140625000e+03
2.799323191762915219e-01 2.031149902343750000e+03
2.833670715588226807e-01 2.045896606445312500e+03
2.868018239413538395e-01 2.053845214843750000e+03
2.902365763238850538e-01 2.112297363281250000e+03
2.936713287064162126e-01 2.156373046875000000e+03
2.971060810889474268e-01 2.203830566406250000e+03
3.005408334714785856e-01 2.241765869140625000e+03
3.039755858540097999e-01 2.229917968750000000e+03
3.074103382365409587e-01 2.216539062500000000e+03
3.108450906190721175e-01 2.213900878906250000e+03
3.142798430016033318e-01 2.255909667968750000e+03
3.177145953841345460e-01 2.297530517578125000e+03
3.211493477666657048e-01 2.335016357421875000e+03
3.245841001491968636e-01 2.314756591796875000e+03
3.280188525317280779e-01 2.302777587890625000e+03
3.314536049142592367e-01 2.345502929687500000e+03
3.348883572967904509e-01 2.381437988281250000e+03
3.383231096793216652e-01 2.413839355468750000e+03
3.417578620618527685e-01 2.447633056640625000e+03
3.451926144443839828e-01 2.456667968750000000e+03
3.486273668269151416e-01 2.463126220703125000e+03
3.520621192094463558e-01 2.474951904296875000e+03
3.554968715919775701e-01 2.500563720703125000e+03
3.589316239745086734e-01 2.521913818359375000e+03
3.623663763570398877e-01 2.543136962890625000e+03
3.658011287395711020e-01 2.543331054687500000e+03
3.692358811221022608e-01 2.543461914062500000e+03
3.726706335046334750e-01 2.566311523437500000e+03
3.761053858871646893e-01 2.605673828125000000e+03
3.795401382696957926e-01 2.625532714843750000e+03
3.829748906522270069e-01 2.631526611328125000e+03
3.864096430347582212e-01 2.625521484375000000e+03
3.898443954172893799e-01 2.632251464843750000e+03
3.932791477998205942e-01 2.643580078125000000e+03
3.967139001823516975e-01 2.687203857421875000e+03
4.001486525648829118e-01 2.689589355468750000e+03
4.035834049474141261e-01 2.678969726562500000e+03
4.070181573299452849e-01 2.706114501953125000e+03
4.104529097124764991e-01 2.729408447265625000e+03
4.138876620950077134e-01 2.769435302734375000e+03
4.173224144775388167e-01 2.775666259765625000e+03
4.207571668600700310e-01 2.771470214843750000e+03
4.241919192426012453e-01 2.769883789062500000e+03
4.276266716251324040e-01 2.776128417968750000e+03
4.310614240076636183e-01 2.796608398437500000e+03
4.344961763901947771e-01 2.813037353515625000e+03
4.379309287727259359e-01 2.837108886718750000e+03
4.413656811552571502e-01 2.864830322265625000e+03
4.448004335377883089e-01 2.893346923828125000e+03
4.482351859203194677e-01 2.926559082031250000e+03
4.516699383028506820e-01 2.943630859375000000e+03
4.551046906853818408e-01 2.954798583984375000e+03
4.585394430679130551e-01 2.973315185546875000e+03
4.619741954504441583e-01 2.993441406250000000e+03
4.654089478329753171e-01 2.995464843750000000e+03
4.688437002155065314e-01 2.988946533203125000e+03
4.722784525980377457e-01 3.007824707031250000e+03
4.757132049805689045e-01 3.046368896484375000e+03
4.791479573631001188e-01 3.116308349609375000e+03
4.825827097456313330e-01 3.119101806640625000e+03
4.860174621281624918e-01 3.125693359375000000e+03
4.894522145106937061e-01 3.133114746093750000e+03
4.928869668932248649e-01 3.140722167968750000e+03
4.963217192757559681e-01 3.134435302734375000e+03
4.997564716582871824e-01 3.128083984375000000e+03
5.031912240408183967e-01 3.127084228515625000e+03
5.066259764233496110e-01 3.133715332031250000e+03
5.100607288058807143e-01 3.136241943359375000e+03
5.134954811884119286e-01 3.149329589843750000e+03
5.169302335709431429e-01 3.147723876953125000e+03
5.203649859534743571e-01 3.145190673828125000e+03
5.237997383360055714e-01 3.099633300781250000e+03
5.272344907185366747e-01 3.084231689453125000e+03
5.306692431010678890e-01 3.072698486328125000e+03
5.341039954835989922e-01 3.106681884765625000e+03
5.375387478661302065e-01 3.121297363281250000e+03
5.409735002486614208e-01 3.135053466796875000e+03
5.444082526311926351e-01 3.131177001953125000e+03
5.478430050137237384e-01 3.116224609375000000e+03
5.512777573962549527e-01 3.100825683593750000e+03
5.547125097787861669e-01 3.077973388671875000e+03
5.581472621613173812e-01 3.100005371093750000e+03
5.615820145438485955e-01 3.118461914062500000e+03
5.650167669263796988e-01 3.134069335937500000e+03
5.684515193089109131e-01 3.129726074218750000e+03
5.718862716914420163e-01 3.126364501953125000e+03
5.753210240739732306e-01 3.133212402343750000e+03
5.787557764565044449e-01 3.108574707031250000e+03
5.821905288390356592e-01 3.085001220703125000e+03
5.856252812215667625e-01 3.060341308593750000e+03
5.890600336040979768e-01 3.070628662109375000e+03
5.924947859866291910e-01 3.094180908203125000e+03
5.959295383691604053e-01 3.119571289062500000e+03
5.993642907516916196e-01 3.115304199218750000e+03
6.027990431342227229e-01 3.103622314453125000e+03
6.062337955167539372e-01 3.085260742187500000e+03
6.096685478992850404e-01 3.079317871093750000e+03
6.131033002818162547e-01 3.088430175781250000e+03
6.165380526643474690e-01 3.117295410156250000e+03
6.199728050468786833e-01 3.138105957031250000e+03
6.234075574294097866e-01 3.137665283203125000e+03
6.268423098119410009e-01 3.136908447265625000e+03
6.302770621944722151e-01 3.150049072265625000e+03
6.337118145770034294e-01 3.153390136718750000e+03
6.371465669595346437e-01 3.139311767578125000e+03
6.405813193420657470e-01 3.123183837890625000e+03
6.440160717245968502e-01 3.117245605468750000e+03
6.474508241071280645e-01 3.127741943359375000e+03
6.508855764896592788e-01 3.124656982421875000e+03
6.543203288721904931e-01 3.129387451171875000e+03
6.577550812547217074e-01 3.128985839843750000e+03
6.611898336372528107e-01 3.150273925781250000e+03
6.646245860197840249e-01 3.162065185546875000e+03
6.680593384023152392e-01 3.164327880859375000e+03
6.714940907848464535e-01 3.152202880859375000e+03
6.749288431673776678e-01 3.141498779296875000e+03
6.783635955499087711e-01 3.142065673828125000e+03
6.817983479324398743e-01 3.149009521484375000e+03
6.852331003149710886e-01 3.154145996093750000e+03
6.886678526975023029e-01 3.148256591796875000e+03
6.921026050800335172e-01 3.149942871093750000e+03
6.955373574625647315e-01 3.156468750000000000e+03
6.989721098450958348e-01 3.156092041015625000e+03
7.024068622276270490e-01 3.137689697265625000e+03
7.058416146101582633e-01 3.113791748046875000e+03
7.092763669926894776e-01 3.117675537109375000e+03
7.127111193752206919e-01 3.126640625000000000e+03
7.161458717577517952e-01 3.121989501953125000e+03
7.195806241402828984e-01 3.115991943359375000e+03
7.230153765228141127e-01 3.131244628906250000e+03
7.264501289053453270e-01 3.168395996093750000e+03
7.298848812878765413e-01 3.185823730468750000e+03
7.333196336704077556e-01 3.183260009765625000e+03
7.367543860529388589e-01 3.177288330078125000e+03
7.401891384354700731e-01 3.178160400390625000e+03
7.436238908180012874e-01 3.186851318359375000e+03
7.470586432005325017e-01 3.179659423828125000e+03
7.504933955830637160e-01 3.168145507812500000e+03
7.539281479655948193e-01 3.159685302734375000e+03
7.573629003481259225e-01 3.203901611328125000e+03
7.607976527306571368e-01 3.227487060546875000e+03
7.642324051131883511e-01 3.225776367187500000e+03
7.676671574957195654e-01 3.182755859375000000e+03
7.711019098782507797e-01 3.159882080078125000e+03
7.745366622607818829e-01 3.163250732421875000e+03
7.779714146433130972e-01 3.167539794921875000e+03
7.814061670258443115e-01 3.171346191406250000e+03
7.848409194083755258e-01 3.178074462890625000e+03
7.882756717909067401e-01 3.191770263671875000e+03
7.917104241734378434e-01 3.197317871093750000e+03
7.951451765559689466e-01 3.185731201171875000e+03
7.985799289385001609e-01 3.185113037109375000e+03
8.020146813210313752e-01 3.206103759765625000e+03
8.054494337035625895e-01 3.224241455078125000e+03
8.088841860860938038e-01 3.216921142578125000e+03
8.123189384686249070e-01 3.185044433593750000e+03
8.157536908511561213e-01 3.160408447265625000e+03
8.191884432336873356e-01 3.160503417968750000e+03
8.226231956162185499e-01 3.168834716796875000e+03
8.260579479987497642e-01 3.170502685546875000e+03
8.294927003812808675e-01 3.146660888671875000e+03
8.329274527638119707e-01 3.139323486328125000e+03
8.363622051463431850e-01 3.143535156250000000e+03
8.397969575288743993e-01 3.184437500000000000e+03
8.432317099114056136e-01 3.213902099609375000e+03
8.466664622939368279e-01 3.222757324218750000e+03
8.501012146764680422e-01 3.216387451171875000e+03
8.535359670589991454e-01 3.195784667968750000e+03
8.569707194415303597e-01 3.200469970703125000e+03
8.604054718240615740e-01 3.201842529296875000e+03
8.638402242065926773e-01 3.220270751953125000e+03
8.672749765891238916e-01 3.207726074218750000e+03
8.707097289716549948e-01 3.181111328125000000e+03
8.741444813541862091e-01 3.160769287109375000e+03
8.775792337367174234e-01 3.173764648437500000e+03
8.810139861192486377e-01 3.206131835937500000e+03
8.844487385017798520e-01 3.221235839843750000e+03
8.878834908843110663e-01 3.231951904296875000e+03
8.913182432668421695e-01 3.231069824218750000e+03
8.947529956493733838e-01 3.220229248046875000e+03
8.981877480319045981e-01 3.212154541015625000e+03
9.016225004144359234e-01 3.205825195312500000e+03
9.050572527969670267e-01 3.200058837890625000e+03
9.084920051794982410e-01 3.182859619140625000e+03
9.119267575620293442e-01 3.168424072265625000e+03
9.153615099445606695e-01 3.143879394531250000e+03
9.187962623270917728e-01 3.146352050781250000e+03
9.222310147096228761e-01 3.150847656250000000e+03
9.256657670921540904e-01 3.168142089843750000e+03
9.291005194746851936e-01 3.160388671875000000e+03
9.325352718572165189e-01 3.158109619140625000e+03
9.359700242397476222e-01 3.156466552734375000e+03
9.394047766222789475e-01 3.171833496093750000e+03
9.428395290048100508e-01 3.172872558593750000e+03
9.462742813873412651e-01 3.187081054687500000e+03
9.497090337698723683e-01 3.208027832031250000e+03
9.531437861524036936e-01 3.222429931640625000e+03
9.565785385349347969e-01 3.222915771484375000e+03
9.600132909174659002e-01 3.198089111328125000e+03
9.634480432999971145e-01 3.206677490234375000e+03
9.668827956825282177e-01 3.215024169921875000e+03
9.703175480650595430e-01 3.219645751953125000e+03
9.737523004475906463e-01 3.218557861328125000e+03
9.771870528301219716e-01 3.193842773437500000e+03
9.806218052126530749e-01 3.186138183593750000e+03
9.840565575951842892e-01 3.170685546875000000e+03
9.874913099777153924e-01 3.175933837890625000e+03
9.909260623602464957e-01 3.178821044921875000e+03
9.943608147427778210e-01 3.178327636718750000e+03
9.977955671253089243e-01 3.179251220703125000e+03
1.001230319507840250e+00 3.178118652343750000e+03
1.004665071890371353e+00 3.170820800781250000e+03
1.008099824272902678e+00 3.175527099609375000e+03
1.011534576655433781e+00 3.188874023437500000e+03
1.014969329037964885e+00 3.200449707031250000e+03
1.018404081420495988e+00 3.217052246093750000e+03
1.021838833803027313e+00 3.203001220703125000e+03
1.025273586185558417e+00 3.194586181640625000e+03
1.028708338568089520e+00 3.176132812500000000e+03
1.032143090950620845e+00 3.184816162109375000e+03
1.035577843333151948e+00 3.188495849609375000e+03
1.039012595715683274e+00 3.183107666015625000e+03
1.042447348098214377e+00 3.176580810546875000e+03
1.045882100480745702e+00 3.171045654296875000e+03
1.049316852863276806e+00 3.177764892578125000e+03
1.052751605245807909e+00 3.181143066406250000e+03
1.056186357628339012e+00 3.185097900390625000e+03
1.059621110010870337e+00 3.186783691406250000e+03
1.063055862393401441e+00 3.169885009765625000e+03
1.066490614775932544e+00 3.156857177734375000e+03
1.069925367158463869e+00 3.144607666015625000e+03
1.073360119540994972e+00 3.154014160156250000e+03
1.076794871923526298e+00 3.182646972656250000e+03
1.080229624306057401e+00 3.202480957031250000e+03
1.083664376688588726e+00 3.224126708984375000e+03
1.087099129071119830e+00 3.220102783203125000e+03
1.090533881453650933e+00 3.210403808593750000e+03
1.093968633836182036e+00 3.196711669921875000e+03
1.097403386218713361e+00 3.164212890625000000e+03
1.100838138601244465e+00 3.143694091796875000e+03
1.104272890983775568e+00 3.127298828125000000e+03
1.107707643366306893e+00 3.128451416015625000e+03
1.111142395748837997e+00 3.132793701171875000e+03
1.114577148131369322e+00 3.152707763671875000e+03
1.118011900513900425e+00 3.199476318359375000e+03
1.121446652896431750e+00 3.207549316406250000e+03
1.124881405278962854e+00 3.195102539062500000e+03
1.128316157661493957e+00 3.173247070312500000e+03
1.131750910044025060e+00 3.170879394531250000e+03
1.135185662426556386e+00 3.174816162109375000e+03
1.138620414809087489e+00 3.161196777343750000e+03
1.142055167191618592e+00 3.151844482421875000e+03
1.145489919574149917e+00 3.138786621093750000e+03
1.148924671956681021e+00 3.135565429687500000e+03
1.152359424339212346e+00 3.136498291015625000e+03
1.155794176721743449e+00 3.139321044921875000e+03
1.159228929104274775e+00 3.137600097656250000e+03
1.162663681486805878e+00 3.137408203125000000e+03
1.166098433869336981e+00 3.146547119140625000e+03
1.169533186251868084e+00 3.147255615234375000e+03
1.172967938634399410e+00 3.149200439453125000e+03
1.176402691016930513e+00 3.134537109375000000e+03
1.179837443399461616e+00 3.141467529296875000e+03
1.183272195781992941e+00 3.130602294921875000e+03
1.186706948164524045e+00 3.131911865234375000e+03
1.190141700547055370e+00 3.125924316406250000e+03
1.193576452929586473e+00 3.119582275390625000e+03
1.197011205312117799e+00 3.128999511718750000e+03
1.200445957694648902e+00 3.128094482421875000e+03
1.203880710077180005e+00 3.137744628906250000e+03
1.207315462459711108e+00 3.133268066406250000e+03
1.210750214842242434e+00 3.145741699218750000e+03
1.214184967224773537e+00 3.162575439453125000e+03
1.217619719607304640e+00 3.154553222656250000e+03
1.221054471989835966e+00 3.139558349609375000e+03
1.224489224372367069e+00 3.121381835937500000e+03
1.227923976754898394e+00 3.123435791015625000e+03
1.231358729137429497e+00 3.125532714843750000e+03
1.234793481519960823e+00 3.120269775390625000e+03
1.238228233902491926e+00 3.117060302734375000e+03
1.241662986285023029e+00 3.122438232421875000e+03
1.245097738667554133e+00 3.137804199218750000e+03
1.248532491050085236e+00 3.139269042968750000e+03
1.251967243432616561e+00 3.137575683593750000e+03
1.255401995815147664e+00 3.134752929687500000e+03
1.258836748197678990e+00 3.136429443359375000e+03
1.262271500580210093e+00 3.132151123046875000e+03
1.265706252962741418e+00 3.126576660156250000e+03
1.269141005345272522e+00 3.126050048828125000e+03
1.272575757727803847e+00 3.117253417968750000e+03
1.276010510110334950e+00 3.107312255859375000e+03
1.279445262492866053e+00 3.092727294921875000e+03
1.282880014875397157e+00 3.094409912109375000e+03
1.286314767257928260e+00 3.094349121093750000e+03
1.289749519640459585e+00 3.109477050781250000e+03
1.293184272022990688e+00 3.111253662109375000e+03
1.296619024405522014e+00 3.117922851562500000e+03
1.300053776788053117e+00 3.118916259765625000e+03
1.303488529170584442e+00 3.123544189453125000e+03
1.306923281553115546e+00 3.129846191406250000e+03
1.310358033935646871e+00 3.139210205078125000e+03
1.313792786318177974e+00 3.133032470703125000e+03
1.317227538700709077e+00 3.122771972656250000e+03
1.320662291083240181e+00 3.106579101562500000e+03
1.324097043465771284e+00 3.106640380859375000e+03
1.327531795848302609e+00 3.113908447265625000e+03
1.330966548230833713e+00 3.116974853515625000e+03
1.334401300613365038e+00 3.126892822265625000e+03
1.337836052995896141e+00 3.125584716796875000e+03
1.341270805378427466e+00 3.110874267578125000e+03
1.344705557760958570e+00 3.090183105468750000e+03
1.348140310143489895e+00 3.071477050781250000e+03
1.351575062526020998e+00 3.073281005859375000e+03
1.355009814908552102e+00 3.070400634765625000e+03
1.358444567291083205e+00 3.067347900390625000e+03
1.361879319673614308e+00 3.075379150390625000e+03
1.365314072056145633e+00 3.086034912109375000e+03
1.368748824438676737e+00 3.086214599609375000e+03
1.372183576821208062e+00 3.069508300781250000e+03
1.375618329203739165e+00 3.059230468750000000e+03
1.379053081586270491e+00 3.058068847656250000e+03
1.382487833968801594e+00 3.050996826171875000e+03
1.385922586351332919e+00 3.042513671875000000e+03
1.389357338733864022e+00 3.051074218750000000e+03
1.392792091116395126e+00 3.070912597656250000e+03
1.396226843498926229e+00 3.079229980468750000e+03
1.399661595881457332e+00 3.078712646484375000e+03
1.403096348263988657e+00 3.074718994140625000e+03
1.406531100646519761e+00 3.064175292968750000e+03
1.409965853029051086e+00 3.048972167968750000e+03
1.413400605411582189e+00 3.031171875000000000e+03
1.416835357794113515e+00 3.024682373046875000e+03
1.420270110176644618e+00 3.038597900390625000e+03
1.423704862559175943e+00 3.039611083984375000e+03
1.427139614941707046e+00 3.051839843750000000e+03
1.430574367324238150e+00 3.039582031250000000e+03
1.434009119706769253e+00 3.034052490234375000e+03
1.437443872089300356e+00 3.017019531250000000e+03
1.440878624471831682e+00 3.018879150390625000e+03
1.444313376854362785e+00 3.038453857421875000e+03
1.447748129236894110e+00 3.026258544921875000e+03
1.451182881619425213e+00 3.020793701171875000e+03
1.454617634001956539e+00 3.011153564453125000e+03
1.458052386384487642e+00 3.016009277343750000e+03
1.461487138767018967e+00 3.008133056640625000e+03
1.464921891149550071e+00 3.000395507812500000e+03
1.468356643532081174e+00 3.003089355468750000e+03
1.471791395914612277e+00 3.001770751953125000e+03
1.475226148297143380e+00 3.008740478515625000e+03
1.478660900679674706e+00 3.020557617187500000e+03
1.482095653062205809e+00 3.017912353515625000e+03
1.485530405444737134e+00 3.012607910156250000e+03
1.488965157827268238e+00 2.998412841796875000e+03
1.492399910209799563e+00 3.016694824218750000e+03
1.495834662592330666e+00 3.017573730468750000e+03
1.499269414974861991e+00 3.018099609375000000e+03
1.502704167357393095e+00 2.998093505859375000e+03
1.506138919739924198e+00 2.981128662109375000e+03
1.509573672122455301e+00 2.969151855468750000e+03
1.513008424504986404e+00 2.964566162109375000e+03
1.516443176887517730e+00 2.970778076171875000e+03
1.519877929270048833e+00 2.976784667968750000e+03
1.523312681652580158e+00 2.985113037109375000e+03
1.526747434035111262e+00 2.975723144531250000e+03
1.530182186417642587e+00 2.962279541015625000e+03
1.533616938800173690e+00 2.950383789062500000e+03
1.537051691182705015e+00 2.952182373046875000e+03
1.540486443565236119e+00 2.958199707031250000e+03
1.543921195947767222e+00 2.962508056640625000e+03
1.547355948330298325e+00 2.964485595703125000e+03
1.550790700712829429e+00 2.974302978515625000e+03
1.554225453095360754e+00 2.971375732421875000e+03
1.557660205477891857e+00 2.966608398437500000e+03
1.561094957860423182e+00 2.969011962890625000e+03
1.564529710242954286e+00 2.981891357421875000e+03
1.567964462625485611e+00 2.987897949218750000e+03
1.571399215008016714e+00 2.991052490234375000e+03
1.574833967390548040e+00 2.990265625000000000e+03
1.578268719773079143e+00 2.987876464843750000e+03
1.581703472155610246e+00 2.984088623046875000e+03
1.585138224538141349e+00 2.979749023437500000e+03
1.588572976920672453e+00 2.981305419921875000e+03
1.592007729303203778e+00 2.994485351562500000e+03
1.595442481685734881e+00 3.006825927734375000e+03
1.598877234068266207e+00 3.020129638671875000e+03
1.602311986450797310e+00 3.021603271484375000e+03
1.605746738833328635e+00 3.040025878906250000e+03
1.609181491215859738e+00 3.060706054687500000e+03
1.612616243598391064e+00 3.058107421875000000e+03
1.616050995980922167e+00 3.051113525390625000e+03
1.619485748363453270e+00 3.053253173828125000e+03
1.622920500745984373e+00 3.071448974609375000e+03
1.626355253128515477e+00 3.099703613281250000e+03
1.629790005511046802e+00 3.121133789062500000e+03
1.633224757893577905e+00 3.143156494140625000e+03
1.636659510276109231e+00 3.169370117187500000e+03
1.640094262658640334e+00 3.200583496093750000e+03
1.643529015041171659e+00 3.245381835937500000e+03
1.646963767423702762e+00 3.308055664062500000e+03
1.650398519806234088e+00 3.411176513671875000e+03
1.653833272188765191e+00 3.531753662109375000e+03
1.657268024571296294e+00 3.729461425781250000e+03
1.660702776953827398e+00 4.254084960937500000e+03
1.664137529336358501e+00 5.184874511718750000e+03
1.667572281718889826e+00 6.742586425781250000e+03
1.671007034101420929e+00 1.236689257812500000e+04
1.674441786483952255e+00 2.281066015625000000e+04
1.677876538866483358e+00 3.565260156250000000e+04
1.681311291249014683e+00 5.137276953125000000e+04
1.684746043631545787e+00 5.500832031250000000e+04
1.688180796014076890e+00 5.376309375000000000e+04
1.691615548396608215e+00 3.974228906250000000e+04
1.695050300779139318e+00 2.697107421875000000e+04
1.698485053161670422e+00 1.553582714843750000e+04
1.701919805544201525e+00 8.511578125000000000e+03
1.705354557926732850e+00 5.818669921875000000e+03
1.708789310309263954e+00 4.512369628906250000e+03
1.712224062691795279e+00 3.856200439453125000e+03
1.715658815074326382e+00 3.570628417968750000e+03
1.719093567456857707e+00 3.397773925781250000e+03
1.722528319839388811e+00 3.271810791015625000e+03
1.725963072221919914e+00 3.188443847656250000e+03
1.729397824604451239e+00 3.120488281250000000e+03
1.732832576986982343e+00 3.067977050781250000e+03
1.736267329369513446e+00 3.034935302734375000e+03
1.739702081752044549e+00 3.017979248046875000e+03
1.743136834134575874e+00 2.995109375000000000e+03
1.746571586517106978e+00 2.972914794921875000e+03
1.750006338899638303e+00 2.956783447265625000e+03
1.753441091282169406e+00 2.937211669921875000e+03
1.756875843664700731e+00 2.915915283203125000e+03
1.760310596047231835e+00 2.902235107421875000e+03
1.763745348429762938e+00 2.878208984375000000e+03
1.767180100812294263e+00 2.857102050781250000e+03
1.770614853194825367e+00 2.839923339843750000e+03
1.774049605577356470e+00 2.824229736328125000e+03
1.777484357959887573e+00 2.805011962890625000e+03
1.780919110342418898e+00 2.789006103515625000e+03
1.784353862724950002e+00 2.786251708984375000e+03
1.787788615107481327e+00 2.773109375000000000e+03
1.791223367490012208e+00 2.773617187500000000e+03
1.794658119872543534e+00 2.768348632812500000e+03
1.798092872255074859e+00 2.760863037109375000e+03
1.801527624637606184e+00 2.727994873046875000e+03
1.804962377020137065e+00 2.706351074218750000e+03
1.808397129402668391e+00 2.691405761718750000e+03
1.811831881785199494e+00 2.702050781250000000e+03
1.815266634167730819e+00 2.715111572265625000e+03
1.818701386550261700e+00 2.711603759765625000e+03
1.822136138932793026e+00 2.708108154296875000e+03
1.825570891315324351e+00 2.697579101562500000e+03
1.829005643697855676e+00 2.692155273437500000e+03
1.832440396080386558e+00 2.678381347656250000e+03
1.835875148462917883e+00 2.669650390625000000e+03
1.839309900845449208e+00 2.669674560546875000e+03
1.842744653227980089e+00 2.668912353515625000e+03
1.846179405610511415e+00 2.651761474609375000e+03
1.849614157993042740e+00 2.638019042968750000e+03
1.853048910375573843e+00 2.621752929687500000e+03
1.856483662758104725e+00 2.626421142578125000e+03
1.859918415140636050e+00 2.621039550781250000e+03
1.863353167523167375e+00 2.616705566406250000e+03
1.866787919905698701e+00 2.599388183593750000e+03
1.870222672288229582e+00 2.589051269531250000e+03
1.873657424670760907e+00 2.573814453125000000e+03
1.877092177053292232e+00 2.566365234375000000e+03
1.880526929435823114e+00 2.556859619140625000e+03
1.883961681818354439e+00 2.540520751953125000e+03
1.887396434200885764e+00 2.533842285156250000e+03
1.890831186583416867e+00 2.538453857421875000e+03
1.894265938965947749e+00 2.546624267578125000e+03
1.897700691348479074e+00 2.554919677734375000e+03
1.901135443731010399e+00 2.555032958984375000e+03
1.904570196113541725e+00 2.545961669921875000e+03
1.908004948496072606e+00 2.535021728515625000e+03
1.911439700878603931e+00 2.513492187500000000e+03
1.914874453261135256e+00 2.498140136718750000e+03
1.918309205643666138e+00 2.494239501953125000e+03
1.921743958026197463e+00 2.497363037109375000e+03
1.925178710408728788e+00 2.503746093750000000e+03
1.928613462791259892e+00 2.496905273437500000e+03
1.932048215173790773e+00 2.492458984375000000e+03
1.935482967556322098e+00 2.477763183593750000e+03
1.938917719938853423e+00 2.468128173828125000e+03
1.942352472321384749e+00 2.468185546875000000e+03
1.945787224703915630e+00 2.481264892578125000e+03
1.949221977086446955e+00 2.476811035156250000e+03
1.952656729468978281e+00 2.467992919921875000e+03
1.956091481851509162e+00 2.447746337890625000e+03
1.959526234234040487e+00 2.444553710937500000e+03
1.962960986616571812e+00 2.447601806640625000e+03
1.966395738999102916e+00 2.458159667968750000e+03
1.969830491381633797e+00 2.466557128906250000e+03
1.973265243764165122e+00 2.469291992187500000e+03
1.976699996146696447e+00 2.463905273437500000e+03
1.980134748529227329e+00 2.456541259765625000e+03
1.983569500911758654e+00 2.452792724609375000e+03
1.987004253294289979e+00 2.450448486328125000e+03
1.990439005676821305e+00 2.452327148437500000e+03
1.993873758059352186e+00 2.436648681640625000e+03
1.997308510441883511e+00 2.423395019531250000e+03
2.000743262824414614e+00 2.412678955078125000e+03
2.004178015206945940e+00 2.416069824218750000e+03
2.007612767589476821e+00 2.419335205078125000e+03
2.011047519972008146e+00 2.410820556640625000e+03
2.014482272354539472e+00 2.414069580078125000e+03
2.017917024737070353e+00 2.415171630859375000e+03
2.021351777119601678e+00 2.417863037109375000e+03
2.024786529502133003e+00 2.413375488281250000e+03
2.028221281884664329e+00 2.408445312500000000e+03
2.031656034267195210e+00 2.402334960937500000e+03
2.035090786649726535e+00 2.402254638671875000e+03
2.038525539032257861e+00 2.400374023437500000e+03
2.041960291414789186e+00 2.395395019531250000e+03
2.045395043797320067e+00 2.380459228515625000e+03
2.048829796179851392e+00 2.368677246093750000e+03
2.052264548562382718e+00 2.354750000000000000e+03
2.055699300944913599e+00 2.353730712890625000e+03
2.059134053327444924e+00 2.358608642578125000e+03
2.062568805709975805e+00 2.366494140625000000e+03
2.066003558092507131e+00 2.357959960937500000e+03
2.069438310475038012e+00 2.342944335937500000e+03
2.072873062857569337e+00 2.323726562500000000e+03
2.076307815240100663e+00 2.306436767578125000e+03
2.079742567622631988e+00 2.304585937500000000e+03
2.083177320005162869e+00 2.304265136718750000e+03
2.086612072387694194e+00 2.305868896484375000e+03
2.090046824770225520e+00 2.297574218750000000e+03
2.093481577152756401e+00 2.299716796875000000e+03
2.096916329535287726e+00 2.290218505859375000e+03
2.100351081917819052e+00 2.290206787109375000e+03
2.103785834300350377e+00 2.277149658203125000e+03
2.107220586682881258e+00 2.266040283203125000e+03
2.110655339065412583e+00 2.248920410156250000e+03
2.114090091447943909e+00 2.240640869140625000e+03
2.117524843830475234e+00 2.247682128906250000e+03
2.120959596213006115e+00 2.259175781250000000e+03
2.124394348595537441e+00 2.270447753906250000e+03
2.127829100978068766e+00 2.269839843750000000e+03
2.131263853360599647e+00 2.261442871093750000e+03
2.134698605743130972e+00 2.255040283203125000e+03
2.138133358125661854e+00 2.252159667968750000e+03
2.141568110508193179e+00 2.245739257812500000e+03
2.145002862890724060e+00 2.241339111328125000e+03
2.148437615273255386e+00 2.240581542968750000e+03
2.151872367655786711e+00 2.247657958984375000e+03
2.155307120038318036e+00 2.249150146484375000e+03
2.158741872420848917e+00 2.247164306640625000e+03
2.162176624803380243e+00 2.246614013671875000e+03
2.165611377185911568e+00 2.242629150390625000e+03
2.169046129568442449e+00 2.243262207031250000e+03
2.172480881950973775e+00 2.231799804687500000e+03
2.175915634333505100e+00 2.225346191406250000e+03
2.179350386716036425e+00 2.206001953125000000e+03
2.182785139098567306e+00 2.205088134765625000e+03
2.186219891481098632e+00 2.200375244140625000e+03
2.189654643863629957e+00 2.211676025390625000e+03
2.193089396246161282e+00 2.217259277343750000e+03
2.196524148628692163e+00 2.221396240234375000e+03
2.199958901011223489e+00 2.203901611328125000e+03
2.203393653393754814e+00 2.200226318359375000e+03
2.206828405776285695e+00 2.192733154296875000e+03
2.210263158158817021e+00 2.195420654296875000e+03
2.213697910541347902e+00 2.195729980468750000e+03
2.217132662923879227e+00 2.198294189453125000e+03
2.220567415306410108e+00 2.203710449218750000e+03
2.224002167688941434e+00 2.204683105468750000e+03
2.227436920071472759e+00 2.208325927734375000e+03
2.230871672454004084e+00 2.207392578125000000e+03
2.234306424836534966e+00 2.203975341796875000e+03
2.237741177219066291e+00 2.196369140625000000e+03
2.241175929601597616e+00 2.192881835937500000e+03
2.244610681984128497e+00 2.180712402343750000e+03
2.248045434366659823e+00 2.185219726562500000e+03
2.251480186749191148e+00 2.185399902343750000e+03
2.254914939131722473e+00 2.199594726562500000e+03
2.258349691514253355e+00 2.186161376953125000e+03
2.261784443896784680e+00 2.181042968750000000e+03
2.265219196279316005e+00 2.183247802734375000e+03
2.268653948661847330e+00 2.192292236328125000e+03
2.272088701044378212e+00 2.195575683593750000e+03
2.275523453426909537e+00 2.201715820312500000e+03
2.278958205809440862e+00 2.217535400390625000e+03
2.282392958191971744e+00 2.229812011718750000e+03
2.285827710574503069e+00 2.233411376953125000e+03
2.289262462957033950e+00 2.248875000000000000e+03
2.292697215339565275e+00 2.261376220703125000e+03
2.296131967722096157e+00 2.275317382812500000e+03
2.299566720104627482e+00 2.280705810546875000e+03
2.303001472487158807e+00 2.290067626953125000e+03
2.306436224869690133e+00 2.298267578125000000e+03
2.309870977252221014e+00 2.316869873046875000e+03
2.313305729634752339e+00 2.330002441406250000e+03
2.316740482017283664e+00 2.351181396484375000e+03
2.320175234399814546e+00 2.369945312500000000e+03
2.323609986782345871e+00 2.397757080078125000e+03
2.327044739164877196e+00 2.430002929687500000e+03
2.330479491547408522e+00 2.473771972656250000e+03
2.333914243929939403e+00 2.508438476562500000e+03
2.337348996312470728e+00 2.545623291015625000e+03
2.340783748695002053e+00 2.600621093750000000e+03
2.344218501077533379e+00 2.674916992187500000e+03
2.347653253460064260e+00 2.767821533203125000e+03
2.351088005842595585e+00 2.933767578125000000e+03
2.354522758225126911e+00 3.183326904296875000e+03
2.357957510607657792e+00 3.605210205078125000e+03
2.361392262990189117e+00 4.436252929687500000e+03
2.364827015372720442e+00 6.294667480468750000e+03
2.368261767755251324e+00 1.020530859375000000e+04
2.371696520137782205e+00 1.923743359375000000e+04
2.375131272520313530e+00 3.534126562500000000e+04
2.378566024902844855e+00 5.616798828125000000e+04
2.382000777285376181e+00 7.195226562500000000e+04
2.385435529667907062e+00 7.269706250000000000e+04
2.388870282050438387e+00 5.793171484375000000e+04
2.392305034432969713e+00 3.845032812500000000e+04
2.395739786815500594e+00 2.087755468750000000e+04
2.399174539198031919e+00 1.161011035156250000e+04
2.402609291580563244e+00 6.647631835937500000e+03
2.406044043963094570e+00 4.566224609375000000e+03
2.409478796345625451e+00 3.681200683593750000e+03
2.412913548728156776e+00 3.186407714843750000e+03
2.416348301110688102e+00 2.897265869140625000e+03
2.419783053493219427e+00 2.737918701171875000e+03
2.423217805875750308e+00 2.618952880859375000e+03
2.426652558258281633e+00 2.522379882812500000e+03
2.430087310640812959e+00 2.456895996093750000e+03
2.433522063023343840e+00 2.398244140625000000e+03
2.436956815405875165e+00 2.343660644531250000e+03
2.440391567788406491e+00 2.301491943359375000e+03
2.443826320170937372e+00 2.263880859375000000e+03
2.447261072553468253e+00 2.230166503906250000e+03
2.450695824935999578e+00 2.199490478515625000e+03
2.454130577318530904e+00 2.175949218750000000e+03
2.457565329701061785e+00 2.154693359375000000e+03
2.461000082083593110e+00 2.131669921875000000e+03
2.464434834466124435e+00 2.102619384765625000e+03
2.467869586848655761e+00 2.069305419921875000e+03
2.471304339231186642e+00 2.038826416015625000e+03
2.474739091613717967e+00 2.017542724609375000e+03
2.478173843996249293e+00 2.009079711914062500e+03
2.481608596378780618e+00 2.005807983398437500e+03
2.485043348761311499e+00 1.997724975585937500e+03
2.488478101143842824e+00 1.975967529296875000e+03
2.491912853526374150e+00 1.956724731445312500e+03
2.495347605908905031e+00 1.945888061523437500e+03
2.498782358291436356e+00 1.936396484375000000e+03
2.502217110673967682e+00 1.923980834960937500e+03
2.505651863056499007e+00 1.924858032226562500e+03
2.509086615439029888e+00 1.929344360351562500e+03
2.512521367821561213e+00 1.933646728515625000e+03
2.515956120204092539e+00 1.916625000000000000e+03
2.519390872586623420e+00 1.907859497070312500e+03
2.522825624969154301e+00 1.898409057617187500e+03
2.526260377351685626e+00 1.891448974609375000e+03
2.529695129734216952e+00 1.870927490234375000e+03
2.533129882116747833e+00 1.849506958007812500e+03
2.536564634499279158e+00 1.839396728515625000e+03
2.539999386881810484e+00 1.829373657226562500e+03
2.543434139264341809e+00 1.826450073242187500e+03
2.546868891646872690e+00 1.831241088867187500e+03
2.550303644029404015e+00 1.836842651367187500e+03
2.553738396411935341e+00 1.834209106445312500e+03
2.557173148794466666e+00 1.821302246093750000e+03
2.560607901176997547e+00 1.814772216796875000e+03
2.564042653559528873e+00 1.800600097656250000e+03
2.567477405942060198e+00 1.790979980468750000e+03
2.570912158324591079e+00 1.775373291015625000e+03
2.574346910707122404e+00 1.763101318359375000e+03
2.577781663089653730e+00 1.749305053710937500e+03
2.581216415472185055e+00 1.744394042968750000e+03
2.584651167854715936e+00 1.753529663085937500e+03
2.588085920237247262e+00 1.768450317382812500e+03
2.591520672619778587e+00 1.776658691406250000e+03
2.594955425002309468e+00 1.766574584960937500e+03
2.598390177384840349e+00 1.754369628906250000e+03
2.601824929767371675e+00 1.750525024414062500e+03
2.605259682149903000e+00 1.751335205078125000e+03
2.608694434532433881e+00 1.742062866210937500e+03
2.612129186914965207e+00 1.734038330078125000e+03
2.615563939297496532e+00 1.728771240234375000e+03
2.618998691680027857e+00 1.725904174804687500e+03
2.622433444062558738e+00 1.722723510742187500e+03
2.625868196445090064e+00 1.717765625000000000e+03
2.629302948827621389e+00 1.714537475585937500e+03
2.632737701210152714e+00 1.714027343750000000e+03
2.636172453592683596e+00 1.714639892578125000e+03
2.639607205975214921e+00 1.706031250000000000e+03
2.643041958357746246e+00 1.695578735351562500e+03
2.646476710740277127e+00 1.687369384765625000e+03
2.649911463122808453e+00 1.689361328125000000e+03
2.653346215505339778e+00 1.681221191406250000e+03
2.656780967887871103e+00 1.678169433593750000e+03
2.660215720270401984e+00 1.664308959960937500e+03
2.663650472652933310e+00 1.663946655273437500e+03
2.667085225035464635e+00 1.655133300781250000e+03
2.670519977417995516e+00 1.655400756835937500e+03
2.673954729800526398e+00 1.649717895507812500e+03
2.677389482183057723e+00 1.647001586914062500e+03
2.680824234565589048e+00 1.646171386718750000e+03
2.684258986948119929e+00 1.640452392578125000e+03
2.687693739330651255e+00 1.637098022460937500e+03
2.691128491713182580e+00 1.620951049804687500e+03
2.694563244095713905e+00 1.616938720703125000e+03
2.697997996478244787e+00 1.617039794921875000e+03
2.701432748860776112e+00 1.624839965820312500e+03
2.704867501243307437e+00 1.628079833984375000e+03
2.708302253625838762e+00 1.633698730468750000e+03
2.711737006008369644e+00 1.641527709960937500e+03
2.715171758390900969e+00 1.641562500000000000e+03
2.718606510773432294e+00 1.638111572265625000e+03
2.722041263155963176e+00 1.627656494140625000e+03
2.725476015538494501e+00 1.625844848632812500e+03
2.728910767921025826e+00 1.618281982421875000e+03
2.732345520303557151e+00 1.614211914062500000e+03
2.735780272686088033e+00 1.608828857421875000e+03
2.739215025068619358e+00 1.609692871093750000e+03
2.742649777451150683e+00 1.614713623046875000e+03
2.746084529833681565e+00 1.613440795898437500e+03
2.749519282216212890e+00 1.616656738281250000e+03
2.752954034598743771e+00 1.609471923828125000e+03
2.756388786981275096e+00 1.607238647460937500e+03
2.759823539363805978e+00 1.603394653320312500e+03
2.763258291746337303e+00 1.605954345703125000e+03
2.766693044128868628e+00 1.600347900390625000e+03
2.770127796511399954e+00 1.590220092773437500e+03
2.773562548893930835e+00 1.588069824218750000e+03
2.776997301276462160e+00 1.591575073242187500e+03
2.780432053658993485e+00 1.597804565429687500e+03
2.783866806041524811e+00 1.597668334960937500e+03
2.787301558424055692e+00 1.603530761718750000e+03
2.790736310806587017e+00 1.611311279296875000e+03
2.794171063189118343e+00 1.624117675781250000e+03
2.797605815571649224e+00 1.630983032226562500e+03
2.801040567954180549e+00 1.630078979492187500e+03
2.804475320336711874e+00 1.619966796875000000e+03
2.807910072719243200e+00 1.609555786132812500e+03
2.811344825101774081e+00 1.607821289062500000e+03
2.814779577484305406e+00 1.616192871093750000e+03
2.818214329866836731e+00 1.627240844726562500e+03
2.821649082249367613e+00 1.635796997070312500e+03
2.825083834631898938e+00 1.627061157226562500e+03
2.828518587014429819e+00 1.623825439453125000e+03
2.831953339396961145e+00 1.621995971679687500e+03
2.835388091779492026e+00 1.637141967773437500e+03
2.838822844162023351e+00 1.651390625000000000e+03
2.842257596544554676e+00 1.664145385742187500e+03
2.845692348927086002e+00 1.668018188476562500e+03
2.849127101309616883e+00 1.666608764648437500e+03
2.852561853692148208e+00 1.662557495117187500e+03
2.855996606074679534e+00 1.664782958984375000e+03
2.859431358457210415e+00 1.673046386718750000e+03
2.862866110839741740e+00 1.686786010742187500e+03
2.866300863222273065e+00 1.708874389648437500e+03
2.869735615604804391e+00 1.728778930664062500e+03
2.873170367987335272e+00 1.751304199218750000e+03
2.876605120369866597e+00 1.778237548828125000e+03
2.880039872752397923e+00 1.812935180664062500e+03
2.883474625134929248e+00 1.870125732421875000e+03
2.886909377517460129e+00 1.946373779296875000e+03
2.890344129899991454e+00 2.054207519531250000e+03
2.893778882282522780e+00 2.246060302734375000e+03
2.897213634665053661e+00 2.686938964843750000e+03
2.900648387047584986e+00 3.501719238281250000e+03
2.904083139430115867e+00 5.117660644531250000e+03
2.907517891812647193e+00 9.623724609375000000e+03
2.910952644195178074e+00 1.590792382812500000e+04
2.914387396577709399e+00 2.429521093750000000e+04
2.917822148960240725e+00 3.158624414062500000e+04
2.921256901342772050e+00 3.318071484375000000e+04
2.924691653725302931e+00 2.847319140625000000e+04
2.928126406107834256e+00 1.925906640625000000e+04
2.931561158490365582e+00 1.128486425781250000e+04
2.934995910872896463e+00 6.428990234375000000e+03
2.938430663255427788e+00 3.793989257812500000e+03
2.941865415637959114e+00 2.820321777343750000e+03
2.945300168020490439e+00 2.342582763671875000e+03
2.948734920403021320e+00 2.073121093750000000e+03
2.952169672785552645e+00 1.941861938476562500e+03
2.955604425168083971e+00 1.866047607421875000e+03
2.959039177550615296e+00 1.806158813476562500e+03
2.962473929933146177e+00 1.759024902343750000e+03
2.965908682315677503e+00 1.726118896484375000e+03
2.969343434698208828e+00 1.702389160156250000e+03
2.972778187080739709e+00 1.687728027343750000e+03
2.976212939463271034e+00 1.676254638671875000e+03
2.979647691845801916e+00 1.656298461914062500e+03
2.983082444228333241e+00 1.638547485351562500e+03
2.986517196610864122e+00 1.620692626953125000e+03
2.989951948993395447e+00 1.607407348632812500e+03
2.993386701375926773e+00 1.584089233398437500e+03
2.996821453758458098e+00 1.565676269531250000e+03
3.000256206140988979e+00 1.556150146484375000e+03
3.003690958523520305e+00 1.545460693359375000e+03
3.007125710906051630e+00 1.537151489257812500e+03
3.010560463288582511e+00 1.523548706054687500e+03
3.013995215671113836e+00 1.520387695312500000e+03
3.017429968053645162e+00 1.511384399414062500e+03
3.020864720436176487e+00 1.499898803710937500e+03
3.024299472818707368e+00 1.484366699218750000e+03
3.027734225201238694e+00 1.485308959960937500e+03
3.031168977583770019e+00 1.475429321289062500e+03
3.034603729966301344e+00 1.472233764648437500e+03
3.038038482348832225e+00 1.458836791992187500e+03
3.041473234731363551e+00 1.453210205078125000e+03
3.044907987113894876e+00 1.439620605468750000e+03
3.048342739496425757e+00 1.430228759765625000e+03
3.051777491878957083e+00 1.433631469726562500e+03
3.055212244261487964e+00 1.436465820312500000e+03
3.058646996644019289e+00 1.438433593750000000e+03
3.062081749026550170e+00 1.430315917968750000e+03
3.065516501409081496e+00 1.421837646484375000e+03
3.068951253791612821e+00 1.422800415039062500e+03
3.072386006174144146e+00 1.427189208984375000e+03
3.075820758556675028e+00 1.429383178710937500e+03
3.079255510939206353e+00 1.419874755859375000e+03
3.082690263321737678e+00 1.413092163085937500e+03
3.086125015704268559e+00 1.410679443359375000e+03
3.089559768086799885e+00 1.413892211914062500e+03
3.092994520469331210e+00 1.411101806640625000e+03
3.096429272851862535e+00 1.399104003906250000e+03
3.099864025234393416e+00 1.394584472656250000e+03
3.103298777616924742e+00 1.393905639648437500e+03
3.106733529999456067e+00 1.398997070312500000e+03
3.110168282381987392e+00 1.399545776367187500e+03
3.113603034764518274e+00 1.404443481445312500e+03
3.117037787147049599e+00 1.405902587890625000e+03
3.120472539529580924e+00 1.399229248046875000e+03
3.123907291912111805e+00 1.393046142578125000e+03
3.127342044294643131e+00 1.388948852539062500e+03
3.130776796677174012e+00 1.398793212890625000e+03
3.134211549059705337e+00 1.397455322265625000e+03
3.137646301442236219e+00 1.393907104492187500e+03
3.141081053824767544e+00 1.383432617187500000e+03
3.144515806207298869e+00 1.380429565429687500e+03
3.147950558589830194e+00 1.383111083984375000e+03
3.151385310972361076e+00 1.387229858398437500e+03
3.154820063354892401e+00 1.391967163085937500e+03
3.158254815737423726e+00 1.388486938476562500e+03
3.161689568119954608e+00 1.379850830078125000e+03
3.165124320502485933e+00 1.373033813476562500e+03
3.168559072885017258e+00 1.366272583007812500e+03
3.171993825267548583e+00 1.360720458984375000e+03
3.175428577650079465e+00 1.350794433593750000e+03
3.178863330032610790e+00 1.343576904296875000e+03
3.182298082415142115e+00 1.337108154296875000e+03
3.185732834797673441e+00 1.336521606445312500e+03
3.189167587180204322e+00 1.344364868164062500e+03
3.192602339562735647e+00 1.346952392578125000e+03
3.196037091945266972e+00 1.348236450195312500e+03
3.199471844327797854e+00 1.338242919921875000e+03
3.202906596710329179e+00 1.335414062500000000e+03
3.206341349092860060e+00 1.322086547851562500e+03
3.209776101475391386e+00 1.314767700195312500e+03
3.213210853857922267e+00 1.309518066406250000e+03
3.216645606240453592e+00 1.324761352539062500e+03
3.220080358622984917e+00 1.332518676757812500e+03
3.223515111005516243e+00 1.344311889648437500e+03
3.226949863388047124e+00 1.338364135742187500e+03
3.230384615770578449e+00 1.334423095703125000e+03
3.233819368153109775e+00 1.322776489257812500e+03
3.237254120535640656e+00 1.327010253906250000e+03
3.240688872918171981e+00 1.336828247070312500e+03
3.244123625300703306e+00 1.343146850585937500e+03
3.247558377683234632e+00 1.338255859375000000e+03
3.250993130065765513e+00 1.340873291015625000e+03
3.254427882448296838e+00 1.341544067382812500e+03
3.257862634830828164e+00 1.347499023437500000e+03
3.261297387213359489e+00 1.345171020507812500e+03
3.264732139595890370e+00 1.351493774414062500e+03
3.268166891978421695e+00 1.351291381835937500e+03
3.271601644360953021e+00 1.351200195312500000e+03
3.275036396743483902e+00 1.345832031250000000e+03
3.278471149126015227e+00 1.343212158203125000e+03
3.281905901508546108e+00 1.348843750000000000e+03
3.285340653891077434e+00 1.352689453125000000e+03
3.288775406273608315e+00 1.355710693359375000e+03
3.292210158656139640e+00 1.364765258789062500e+03
3.295644911038670966e+00 1.374801025390625000e+03
3.299079663421202291e+00 1.384925537109375000e+03
3.302514415803733172e+00 1.387421264648437500e+03
3.305949168186264497e+00 1.390631469726562500e+03
3.309383920568795823e+00 1.398831176757812500e+03
3.312818672951326704e+00 1.404073974609375000e+03
3.316253425333858029e+00 1.412856201171875000e+03
3.319688177716389355e+00 1.427170043945312500e+03
3.323122930098920680e+00 1.446391723632812500e+03
3.326557682481451561e+00 1.467774536132812500e+03
3.329992434863982886e+00 1.491786865234375000e+03
3.333427187246514212e+00 1.526162719726562500e+03
3.336861939629045093e+00 1.570634765625000000e+03
3.340296692011576418e+00 1.627773803710937500e+03
3.343731444394107744e+00 1.717905517578125000e+03
3.347166196776639069e+00 1.899713012695312500e+03
3.350600949159169950e+00 2.244869628906250000e+03
3.354035701541701275e+00 3.021856445312500000e+03
3.357470453924232601e+00 4.928634277343750000e+03
3.360905206306763482e+00 8.532842773437500000e+03
3.364339958689294363e+00 1.437719531250000000e+04
3.367774711071825688e+00 2.031879296875000000e+04
3.371209463454357014e+00 2.709994531250000000e+04
3.374644215836887895e+00 2.865587695312500000e+04
3.378078968219419220e+00 2.574172460937500000e+04
3.381513720601950546e+00 1.717442187500000000e+04
3.384948472984481871e+00 1.034347460937500000e+04
3.388383225367012752e+00 5.619806152343750000e+03
3.391817977749544077e+00 3.188200195312500000e+03
3.395252730132075403e+00 2.294198242187500000e+03
3.398687482514606728e+00 1.897085693359375000e+03
3.402122234897137609e+00 1.713492065429687500e+03
3.405556987279668935e+00 1.612497314453125000e+03
3.408991739662200260e+00 1.544613037109375000e+03
3.412426492044731141e+00 1.492766113281250000e+03
3.415861244427262466e+00 1.457187744140625000e+03
3.419295996809793792e+00 1.434322998046875000e+03
3.422730749192325117e+00 1.419716308593750000e+03
3.426165501574855998e+00 1.402837280273437500e+03
3.429600253957387324e+00 1.385065307617187500e+03
3.433035006339918649e+00 1.372225708007812500e+03
3.436469758722449530e+00 1.362304809570312500e+03
3.439904511104980411e+00 1.359097656250000000e+03
3.443339263487511737e+00 1.365489013671875000e+03
3.446774015870043062e+00 1.359379638671875000e+03
3.450208768252573943e+00 1.344290527343750000e+03
3.453643520635105268e+00 1.330520751953125000e+03
3.457078273017636594e+00 1.319693115234375000e+03
3.460513025400167919e+00 1.302538085937500000e+03
3.463947777782698800e+00 1.284942260742187500e+03
3.467382530165230126e+00 1.282455566406250000e+03
3.470817282547761451e+00 1.283337402343750000e+03
3.474252034930292776e+00 1.283700805664062500e+03
3.477686787312823657e+00 1.276365844726562500e+03
3.481121539695354983e+00 1.272728027343750000e+03
3.484556292077886308e+00 1.255734619140625000e+03
3.487991044460417189e+00 1.242676147460937500e+03
3.491425796842948515e+00 1.234188476562500000e+03
3.494860549225479840e+00 1.242590576171875000e+03
3.498295301608011165e+00 1.250086303710937500e+03
3.501730053990542046e+00 1.249758300781250000e+03
3.505164806373073372e+00 1.241996459960937500e+03
3.508599558755604697e+00 1.238019165039062500e+03
3.512034311138135578e+00 1.236490844726562500e+03
3.515469063520666460e+00 1.232669433593750000e+03
3.518903815903197785e+00 1.220255004882812500e+03
3.522338568285729110e+00 1.208343505859375000e+03
3.525773320668259991e+00 1.203259765625000000e+03
3.529208073050791317e+00 1.205531982421875000e+03
3.532642825433322642e+00 1.210038452148437500e+03
3.536077577815853967e+00 1.208052124023437500e+03
3.539512330198384849e+00 1.204597412109375000e+03
3.542947082580916174e+00 1.203456665039062500e+03
3.546381834963447499e+00 1.203039550781250000e+03
3.549816587345978824e+00 1.202049560546875000e+03
3.553251339728509706e+00 1.207025390625000000e+03
3.556686092111041031e+00 1.212219848632812500e+03
3.560120844493572356e+00 1.218622680664062500e+03
3.563555596876103237e+00 1.212409667968750000e+03
3.566990349258634563e+00 1.205659423828125000e+03
3.570425101641165888e+00 1.194583374023437500e+03
3.573859854023697213e+00 1.193473388671875000e+03
3.577294606406228095e+00 1.192276977539062500e+03
3.580729358788759420e+00 1.200870727539062500e+03
3.584164111171290301e+00 1.207315307617187500e+03
3.587598863553821626e+00 1.208426025390625000e+03
3.591033615936352508e+00 1.209757934570312500e+03
3.594468368318883833e+00 1.207150634765625000e+03
3.597903120701415158e+00 1.208527221679687500e+03
3.601337873083946484e+00 1.209019775390625000e+03
3.604772625466477809e+00 1.210392211914062500e+03
3.608207377849008246e+00 1.209792846679687500e+03
3.611642130231539571e+00 1.210662719726562500e+03
3.615076882614070897e+00 1.212335815429687500e+03
3.618511634996602222e+00 1.221742919921875000e+03
3.621946387379133547e+00 1.226211914062500000e+03
3.625381139761664873e+00 1.226002685546875000e+03
3.628815892144196198e+00 1.229262939453125000e+03
3.632250644526726635e+00 1.233127441406250000e+03
3.635685396909257960e+00 1.233248046875000000e+03
3.639120149291789286e+00 1.228266479492187500e+03
3.642554901674320611e+00 1.226771728515625000e+03
3.645989654056851936e+00 1.230012207031250000e+03
3.649424406439383262e+00 1.236178588867187500e+03
3.652859158821914587e+00 1.241069946289062500e+03
3.656293911204445912e+00 1.245575317382812500e+03
3.659728663586976349e+00 1.242082763671875000e+03
3.663163415969507675e+00 1.236661376953125000e+03
3.666598168352038556e+00 1.246594116210937500e+03
3.670032920734569881e+00 1.265712890625000000e+03
3.673467673117101207e+00 1.279867187500000000e+03
3.676902425499632532e+00 1.283176269531250000e+03
3.680337177882163857e+00 1.280767578125000000e+03
3.683771930264694294e+00 1.286134765625000000e+03
3.687206682647225620e+00 1.303492065429687500e+03
3.690641435029756945e+00 1.320178588867187500e+03
3.694076187412288270e+00 1.337362792968750000e+03
3.697510939794819596e+00 1.347081176757812500e+03
3.700945692177350921e+00 1.358682250976562500e+03
3.704380444559882246e+00 1.378253540039062500e+03
3.707815196942412683e+00 1.402976318359375000e+03
3.711249949324944009e+00 1.427751098632812500e+03
3.714684701707475334e+00 1.443405029296875000e+03
3.718119454090006659e+00 1.473126098632812500e+03
3.721554206472537984e+00 1.511399291992187500e+03
3.724988958855069310e+00 1.556991455078125000e+03
3.728423711237600635e+00 1.616431030273437500e+03
3.731858463620131960e+00 1.692573608398437500e+03
3.735293216002662398e+00 1.791516723632812500e+03
3.738727968385193723e+00 1.944273315429687500e+03
3.742162720767725048e+00 2.229740234375000000e+03
3.745597473150255929e+00 2.710187255859375000e+03
3.749032225532787255e+00 3.642587158203125000e+03
3.752466977915318580e+00 6.102034179687500000e+03
3.755901730297849905e+00 1.124331640625000000e+04
3.759336482680380342e+00 2.042983007812500000e+04
3.762771235062911668e+00 3.713856640625000000e+04
3.766205987445442993e+00 5.188575390625000000e+04
3.769640739827974318e+00 5.744392578125000000e+04
3.773075492210505644e+00 4.988572656250000000e+04
3.776510244593036969e+00 3.375317578125000000e+04
3.779944996975568294e+00 2.030996289062500000e+04
3.783379749358098731e+00 1.018362988281250000e+04
3.786814501740630057e+00 5.637352539062500000e+03
3.790249254123161382e+00 3.644792724609375000e+03
3.793684006505692707e+00 2.651271484375000000e+03
3.797118758888224033e+00 2.196382568359375000e+03
3.800553511270755358e+00 1.951949218750000000e+03
3.803988263653286683e+00 1.783315185546875000e+03
3.807423016035818009e+00 1.683363525390625000e+03
3.810857768418348446e+00 1.616878417968750000e+03
3.814292520800879771e+00 1.554862182617187500e+03
3.817727273183411096e+00 1.509743286132812500e+03
3.821162025565941978e+00 1.468600708007812500e+03
3.824596777948473303e+00 1.436280639648437500e+03
3.828031530331004628e+00 1.388379638671875000e+03
3.831466282713535954e+00 1.363904541015625000e+03
3.834901035096066391e+00 1.339648681640625000e+03
3.838335787478597716e+00 1.328343994140625000e+03
3.841770539861129041e+00 1.311036132812500000e+03
3.845205292243660367e+00 1.293453979492187500e+03
3.848640044626191692e+00 1.269285400390625000e+03
3.852074797008723017e+00 1.252476684570312500e+03
3.855509549391254343e+00 1.240136840820312500e+03
3.858944301773784780e+00 1.218480346679687500e+03
3.862379054156316105e+00 1.198684326171875000e+03
3.865813806538847430e+00 1.182259765625000000e+03
3.869248558921378756e+00 1.169822509765625000e+03
3.872683311303910081e+00 1.165072265625000000e+03
3.876118063686441406e+00 1.158937133789062500e+03
3.879552816068972732e+00 1.159224609375000000e+03
3.882987568451504057e+00 1.154308593750000000e+03
3.886422320834034494e+00 1.147384399414062500e+03
3.889857073216565819e+00 1.133191162109375000e+03
3.893291825599097145e+00 1.127023437500000000e+03
3.896726577981628026e+00 1.125286987304687500e+03
3.900161330364159351e+00 1.116915893554687500e+03
3.903596082746690676e+00 1.110577514648437500e+03
3.907030835129222002e+00 1.103801757812500000e+03
3.910465587511752439e+00 1.100250610351562500e+03
3.913900339894283764e+00 1.098374755859375000e+03
3.917335092276815089e+00 1.097985107421875000e+03
3.920769844659346415e+00 1.104042968750000000e+03
3.924204597041877740e+00 1.098172851562500000e+03
3.927639349424409065e+00 1.093222167968750000e+03
3.931074101806940391e+00 1.081886596679687500e+03
3.934508854189470828e+00 1.079938232421875000e+03
3.937943606572002153e+00 1.076138183593750000e+03
3.941378358954533478e+00 1.078216064453125000e+03
3.944813111337064804e+00 1.082403198242187500e+03
3.948247863719596129e+00 1.079434570312500000e+03
3.951682616102127454e+00 1.082634521484375000e+03
3.955117368484658780e+00 1.071588500976562500e+03
3.958552120867189217e+00 1.070657104492187500e+03
3.961986873249720542e+00 1.065858154296875000e+03
3.965421625632251867e+00 1.068850952148437500e+03
3.968856378014783193e+00 1.070822265625000000e+03
3.972291130397314074e+00 1.073941894531250000e+03
3.975725882779845399e+00 1.084531494140625000e+03
3.979160635162376725e+00 1.101149902343750000e+03
3.982595387544908050e+00 1.103543579101562500e+03
3.986030139927438487e+00 1.100082397460937500e+03
3.989464892309969812e+00 1.084020507812500000e+03
3.992899644692501138e+00 1.081201660156250000e+03
3.996334397075032463e+00 1.076857177734375000e+03
3.999769149457563788e+00 1.074453857421875000e+03
4.003203901840095114e+00 1.070389160156250000e+03
4.006638654222625995e+00 1.066364624023437500e+03
4.010073406605156876e+00 1.071188598632812500e+03
4.013508158987687757e+00 1.075361938476562500e+03
4.016942911370219527e+00 1.075264404296875000e+03
4.020377663752750408e+00 1.072765625000000000e+03
4.023812416135282177e+00 1.073580200195312500e+03
4.027247168517813058e+00 1.079645507812500000e+03
4.030681920900344828e+00 1.079725463867187500e+03
4.034116673282874821e+00 1.074254516601562500e+03
4.037551425665406590e+00 1.068225952148437500e+03
4.040986178047937472e+00 1.072605590820312500e+03
4.044420930430469241e+00 1.083167968750000000e+03
4.047855682813000122e+00 1.098720092773437500e+03
4.051290435195531892e+00 1.100637939453125000e+03
4.054725187578062773e+00 1.102542114257812500e+03
4.058159939960594542e+00 1.102193115234375000e+03
4.061594692343124535e+00 1.114553955078125000e+03
4.065029444725656305e+00 1.127536010742187500e+03
4.068464197108187186e+00 1.139375610351562500e+03
4.071898949490718955e+00 1.144815185546875000e+03
4.075333701873249836e+00 1.147834350585937500e+03
4.078768454255781606e+00 1.157516601562500000e+03
4.082203206638312487e+00 1.177189331054687500e+03
4.085637959020843368e+00 1.204126586914062500e+03
4.089072711403374250e+00 1.228413696289062500e+03
4.092507463785905131e+00 1.256263549804687500e+03
4.095942216168436900e+00 1.303142944335937500e+03
4.099376968550967781e+00 1.378518554687500000e+03
4.102811720933499551e+00 1.514567138671875000e+03
4.106246473316030432e+00 1.789601440429687500e+03
4.109681225698561313e+00 2.290380371093750000e+03
4.113115978081092194e+00 3.423736328125000000e+03
4.116550730463623964e+00 6.160933105468750000e+03
4.119985482846154845e+00 1.067647949218750000e+04
4.123420235228686614e+00 1.713365234375000000e+04
4.126854987611217496e+00 2.258268164062500000e+04
4.130289739993749265e+00 2.382886132812500000e+04
4.133724492376280146e+00 2.043106054687500000e+04
4.137159244758811028e+00 1.430293847656250000e+04
4.140593997141341909e+00 8.628682617187500000e+03
4.144028749523873678e+00 4.877294433593750000e+03
4.147463501906404559e+00 2.820812500000000000e+03
4.150898254288936329e+00 2.044163452148437500e+03
4.154333006671467210e+00 1.658684448242187500e+03
4.157767759053998091e+00 1.453677490234375000e+03
4.161202511436528972e+00 1.350657470703125000e+03
4.164637263819060742e+00 1.292691406250000000e+03
4.168072016201591623e+00 1.247228881835937500e+03
4.171506768584122504e+00 1.217519165039062500e+03
4.174941520966654274e+00 1.196142456054687500e+03
4.178376273349185155e+00 1.166249023437500000e+03
4.181811025731716924e+00 1.146970336914062500e+03
4.185245778114246917e+00 1.134145996093750000e+03
4.188680530496778687e+00 1.126672119140625000e+03
4.192115282879309568e+00 1.109408935546875000e+03
4.195550035261841337e+00 1.093415161132812500e+03
4.198984787644372219e+00 1.081339965820312500e+03
4.202419540026903988e+00 1.066028198242187500e+03
4.205854292409434869e+00 1.052777099609375000e+03
4.209289044791966639e+00 1.043581298828125000e+03
4.212723797174496632e+00 1.042244873046875000e+03
4.216158549557028401e+00 1.033881958007812500e+03
4.219593301939559282e+00 1.024139892578125000e+03
4.223028054322091052e+00 1.011064392089843750e+03
4.226462806704621933e+00 1.004349060058593750e+03
4.229897559087153702e+00 1.000879577636718750e+03
4.233332311469684583e+00 1.001691040039062500e+03
4.236767063852215465e+00 1.000467346191406250e+03
4.240201816234746346e+00 9.957080078125000000e+02
4.243636568617277227e+00 9.862962646484375000e+02
4.247071320999808997e+00 9.863815307617187500e+02
4.250506073382339878e+00 9.870341796875000000e+02
4.253940825764871647e+00 9.852929687500000000e+02
4.257375578147402528e+00 9.813093872070312500e+02
4.260810330529933410e+00 9.767161254882812500e+02
4.264245082912464291e+00 9.751372680664062500e+02
4.267679835294996060e+00 9.710646972656250000e+02
4.271114587677526941e+00 9.701253662109375000e+02
4.274549340060058711e+00 9.694289550781250000e+02
4.277984092442589592e+00 9.636803588867187500e+02
4.281418844825121361e+00 9.612664184570312500e+02
4.284853597207652243e+00 9.599141235351562500e+02
4.288288349590183124e+00 9.595659790039062500e+02
4.291723101972714005e+00 9.550179443359375000e+02
4.295157854355245775e+00 9.518557739257812500e+02
4.298592606737776656e+00 9.518356933593750000e+02
4.302027359120308425e+00 9.569597778320312500e+02
4.305462111502839306e+00 9.633040161132812500e+02
4.308896863885370188e+00 9.661984252929687500e+02
4.312331616267901069e+00 9.668528442382812500e+02
4.315766368650432838e+00 9.610505371093750000e+02
4.319201121032963719e+00 9.596792602539062500e+02
4.322635873415494601e+00 9.581755371093750000e+02
4.326070625798026370e+00 9.529173583984375000e+02
4.329505378180557251e+00 9.517911987304687500e+02
4.332940130563089021e+00 9.497371215820312500e+02
4.336374882945619014e+00 9.505227661132812500e+02
4.339809635328150783e+00 9.454967041015625000e+02
4.343244387710681664e+00 9.379664916992187500e+02
4.346679140093213434e+00 9.311660766601562500e+02
4.350113892475744315e+00 9.257139892578125000e+02
4.353548644858276084e+00 9.226862182617187500e+02
4.356983397240806966e+00 9.258562622070312500e+02
4.360418149623338735e+00 9.274633178710937500e+02
4.363852902005868728e+00 9.296466674804687500e+02
4.367287654388400497e+00 9.326603393554687500e+02
4.370722406770931379e+00 9.305812377929687500e+02
4.374157159153463148e+00 9.261532592773437500e+02
4.377591911535994029e+00 9.256392822265625000e+02
4.381026663918525799e+00 9.283066406250000000e+02
4.384461416301056680e+00 9.239799804687500000e+02
4.387896168683587561e+00 9.201381835937500000e+02
4.391330921066118442e+00 9.146370239257812500e+02
4.394765673448649324e+00 9.162279052734375000e+02
4.398200425831181093e+00 9.157546997070312500e+02
4.401635178213711974e+00 9.183895263671875000e+02
4.405069930596243744e+00 9.232552490234375000e+02
4.408504682978774625e+00 9.202304687500000000e+02
4.411939435361305506e+00 9.196483154296875000e+02
4.415374187743836387e+00 9.150442504882812500e+02
4.418808940126368157e+00 9.160278320312500000e+02
4.422243692508899038e+00 9.124019165039062500e+02
4.425678444891430807e+00 9.095013427734375000e+02
4.429113197273961688e+00 9.080477905273437500e+02
4.432547949656493458e+00 9.118420410156250000e+02
4.435982702039023451e+00 9.156093139648437500e+02
4.439417454421555220e+00 9.123796386718750000e+02
4.442852206804086101e+00 9.065431518554687500e+02
4.446286959186617871e+00 9.041226806640625000e+02
4.449721711569148752e+00 9.032824096679687500e+02
4.453156463951680522e+00 9.046078491210937500e+02
4.456591216334211403e+00 9.092231445312500000e+02
4.460025968716742284e+00 9.085690917968750000e+02
4.463460721099273165e+00 9.039962158203125000e+02
4.466895473481804935e+00 9.008626708984375000e+02
4.470330225864335816e+00 9.040667724609375000e+02
4.473764978246866697e+00 9.070036621093750000e+02
4.477199730629398466e+00 9.094070434570312500e+02
4.480634483011929348e+00 9.158683471679687500e+02
4.484069235394461117e+00 9.118579101562500000e+02
4.487503987776991110e+00 9.117183227539062500e+02
4.490938740159522879e+00 9.121279907226562500e+02
4.494373492542053761e+00 9.135446166992187500e+02
4.497808244924585530e+00 9.029450683593750000e+02
4.501242997307116411e+00 8.870443725585937500e+02
4.504677749689648181e+00 8.844007568359375000e+02
4.508112502072179062e+00 8.846231079101562500e+02
4.511547254454709943e+00 8.932650756835937500e+02
4.514982006837240824e+00 8.978669433593750000e+02
4.518416759219772594e+00 9.001167602539062500e+02
4.521851511602303475e+00 8.977086181640625000e+02
4.525286263984835244e+00 8.962893066406250000e+02
4.528721016367366126e+00 8.975543212890625000e+02
4.532155768749897895e+00 8.958862915039062500e+02
4.535590521132428776e+00 8.979578857421875000e+02
4.539025273514959657e+00 8.968601684570312500e+02
4.542460025897490539e+00 8.943620605468750000e+02
4.545894778280021420e+00 8.926499633789062500e+02
4.549329530662553189e+00 8.975302734375000000e+02
4.552764283045084071e+00 9.000106811523437500e+02
4.556199035427615840e+00 8.975761108398437500e+02
4.559633787810146721e+00 8.964267578125000000e+02
4.563068540192677602e+00 8.998760986328125000e+02
4.566503292575208484e+00 9.027027587890625000e+02
4.569938044957740253e+00 8.980986328125000000e+02
4.573372797340271134e+00 8.962057495117187500e+02
4.576807549722802904e+00 8.963163452148437500e+02
4.580242302105333785e+00 8.917793579101562500e+02
4.583677054487865554e+00 8.873788452148437500e+02
4.587111806870395547e+00 8.896464843750000000e+02
4.590546559252927317e+00 8.939682006835937500e+02
4.593981311635458198e+00 8.990467529296875000e+02
4.597416064017989967e+00 9.020374145507812500e+02
4.600850816400520849e+00 9.024930419921875000e+02
4.604285568783052618e+00 9.018526611328125000e+02
4.607720321165583499e+00 8.974312744140625000e+02
4.611155073548115269e+00 9.028334960937500000e+02
4.614589825930645262e+00 8.984644165039062500e+02
4.618024578313177031e+00 8.973932495117187500e+02
4.621459330695707912e+00 8.964979858398437500e+02
4.624894083078238793e+00 9.017962036132812500e+02
4.628328835460770563e+00 9.028106689453125000e+02
4.631763587843301444e+00 9.031124877929687500e+02
4.635198340225833213e+00 8.945570678710937500e+02
4.638633092608363206e+00 8.916732177734375000e+02
4.642067844990894976e+00 8.861772460937500000e+02
4.645502597373425857e+00 8.963608398437500000e+02
4.648937349755957626e+00 8.977403564453125000e+02
4.652372102138488508e+00 8.980399169921875000e+02
4.655806854521020277e+00 8.988372192382812500e+02
4.659241606903551158e+00 8.991986694335937500e+02
4.662676359286082040e+00 9.074555664062500000e+02
4.666111111668612921e+00 9.101918945312500000e+02
4.669545864051144690e+00 9.160068359375000000e+02
4.672980616433675571e+00 9.181751098632812500e+02
4.676415368816207341e+00 9.230900878906250000e+02
4.679850121198738222e+00 9.291872558593750000e+02
4.683284873581269991e+00 9.231325683593750000e+02
4.686719625963800873e+00 9.195269775390625000e+02
4.690154378346331754e+00 9.173453369140625000e+02
4.693589130728862635e+00 9.288433837890625000e+02
4.697023883111393516e+00 9.332848510742187500e+02
4.700458635493925286e+00 9.406923828125000000e+02
4.703893387876456167e+00 9.459060668945312500e+02
4.707328140258987936e+00 9.492196044921875000e+02
4.710762892641518818e+00 9.495046997070312500e+02
4.714197645024049699e+00 9.493590087890625000e+02
4.717632397406580580e+00 9.497301025390625000e+02
4.721067149789112349e+00 9.502641601562500000e+02
4.724501902171643231e+00 9.571691894531250000e+02
4.727936654554175000e+00 9.726518554687500000e+02
4.731371406936705881e+00 9.927879028320312500e+02
4.734806159319237651e+00 1.017332458496093750e+03
4.738240911701767644e+00 1.050495483398437500e+03
4.741675664084299413e+00 1.095317993164062500e+03
4.745110416466830294e+00 1.183006469726562500e+03
4.748545168849362064e+00 1.365660888671875000e+03
4.751979921231892945e+00 1.771822387695312500e+03
4.755414673614424714e+00 2.565338134765625000e+03
4.758849425996955596e+00 3.961463134765625000e+03
4.762284178379487365e+00 6.141875000000000000e+03
4.765718930762017358e+00 8.087555664062500000e+03
4.769153683144549127e+00 9.607811523437500000e+03
4.772588435527080009e+00 8.938103515625000000e+03
4.776023187909610890e+00 7.047875000000000000e+03
4.779457940292142659e+00 4.472311523437500000e+03
4.782892692674673540e+00 2.686790039062500000e+03
4.786327445057205310e+00 1.820774047851562500e+03
4.789762197439735303e+00 1.393041992187500000e+03
4.793196949822267072e+00 1.201848632812500000e+03
4.796631702204797953e+00 1.115926513671875000e+03
4.800066454587329723e+00 1.061396240234375000e+03
4.803501206969860604e+00 1.027958618164062500e+03
4.806935959352392373e+00 1.008201232910156250e+03
4.810370711734923255e+00 1.002432739257812500e+03
4.813805464117454136e+00 9.898845825195312500e+02
4.817240216499985017e+00 9.756153564453125000e+02
4.820674968882516787e+00 9.721498413085937500e+02
4.824109721265047668e+00 9.660201416015625000e+02
4.827544473647579437e+00 9.672339477539062500e+02
4.830979226030110318e+00 9.590067138671875000e+02
4.834413978412642088e+00 9.550105590820312500e+02
4.837848730795172969e+00 9.537177734375000000e+02
4.841283483177703850e+00 9.529206542968750000e+02
4.844718235560234731e+00 9.528211059570312500e+02
4.848152987942766501e+00 9.451706542968750000e+02
4.851587740325297382e+00 9.389226684570312500e+02
4.855022492707828263e+00 9.312683105468750000e+02
4.858457245090360033e+00 9.298563232421875000e+02
4.861891997472890914e+00 9.305132446289062500e+02
4.865326749855421795e+00 9.264879760742187500e+02
4.868761502237952676e+00 9.310126342773437500e+02
4.872196254620484446e+00 9.260589599609375000e+02
4.875631007003015327e+00 9.261136474609375000e+02
4.879065759385547096e+00 9.208294067382812500e+02
4.882500511768077978e+00 9.187591552734375000e+02
4.885935264150609747e+00 9.100832519531250000e+02
4.889370016533139740e+00 9.055878295898437500e+02
4.892804768915671509e+00 9.125773315429687500e+02
4.896239521298202391e+00 9.230243530273437500e+02
4.899674273680734160e+00 9.225890502929687500e+02
4.903109026063265041e+00 9.199356079101562500e+02
4.906543778445796811e+00 9.201032714843750000e+02
4.909978530828327692e+00 9.295603637695312500e+02
4.913413283210858573e+00 9.325373535156250000e+02
4.916848035593389454e+00 9.288021240234375000e+02
4.920282787975921224e+00 9.214734497070312500e+02
4.923717540358452105e+00 9.252279052734375000e+02
4.927152292740982986e+00 9.291675415039062500e+02
4.930587045123514756e+00 9.316669921875000000e+02
4.934021797506045637e+00 9.318147583007812500e+02
4.937456549888577406e+00 9.449595336914062500e+02
4.940891302271107399e+00 9.544737548828125000e+02
4.944326054653639169e+00 9.613926391601562500e+02
4.947760807036170050e+00 9.614174804687500000e+02
4.951195559418701819e+00 9.630610961914062500e+02
4.954630311801232700e+00 9.653080444335937500e+02
4.958065064183764470e+00 9.651105957031250000e+02
4.961499816566295351e+00 9.730237426757812500e+02
4.964934568948826232e+00 9.788430175781250000e+02
4.968369321331357114e+00 9.883076782226562500e+02
4.971804073713888883e+00 9.956870117187500000e+02
4.975238826096419764e+00 1.004941284179687500e+03
4.978673578478951534e+00 1.014751770019531250e+03
4.982108330861482415e+00 1.023051086425781250e+03
4.985543083244014184e+00 1.030096069335937500e+03
4.988977835626544177e+00 1.043785400390625000e+03
4.992412588009075947e+00 1.051268432617187500e+03
4.995847340391606828e+00 1.065316772460937500e+03
4.999282092774138597e+00 1.081164062500000000e+03
5.002716845156669478e+00 1.105740112304687500e+03
5.006151597539200360e+00 1.133765136718750000e+03
5.009586349921732129e+00 1.155018676757812500e+03
5.013021102304263010e+00 1.177314819335937500e+03
5.016455854686793892e+00 1.201361328125000000e+03
5.019890607069324773e+00 1.258339965820312500e+03
5.023325359451856542e+00 1.330978027343750000e+03
5.026760111834387423e+00 1.430804809570312500e+03
5.030194864216919193e+00 1.600090820312500000e+03
5.033629616599450074e+00 1.913613037109375000e+03
5.037064368981981843e+00 2.475171875000000000e+03
5.040499121364511836e+00 3.784228759765625000e+03
5.043933873747043606e+00 7.062589843750000000e+03
5.047368626129574487e+00 1.275883300781250000e+04
5.050803378512106256e+00 2.296993554687500000e+04
5.054238130894637138e+00 3.322042968750000000e+04
5.057672883277168907e+00 3.805916015625000000e+04
5.061107635659699788e+00 3.631407421875000000e+04
5.064542388042230669e+00 2.749616601562500000e+04
5.067977140424761551e+00 1.877170117187500000e+04
5.071411892807293320e+00 1.047089453125000000e+04
5.074846645189824201e+00 5.449928710937500000e+03
5.078281397572355083e+00 3.379826171875000000e+03
5.081716149954886852e+00 2.295160888671875000e+03
5.085150902337417733e+00 1.784921752929687500e+03
5.088585654719949503e+00 1.564076171875000000e+03
5.092020407102479496e+00 1.428421264648437500e+03
5.095455159485011265e+00 1.342329589843750000e+03
5.098889911867542146e+00 1.283105224609375000e+03
5.102324664250073916e+00 1.236610351562500000e+03
5.105759416632604797e+00 1.191065917968750000e+03
5.109194169015136566e+00 1.166353759765625000e+03
5.112628921397667447e+00 1.150628417968750000e+03
5.116063673780198329e+00 1.140250000000000000e+03
5.119498426162729210e+00 1.128784057617187500e+03
5.122933178545260979e+00 1.113756713867187500e+03
5.126367930927791861e+00 1.093859619140625000e+03
5.129802683310323630e+00 1.073438842773437500e+03
5.133237435692854511e+00 1.057958129882812500e+03
5.136672188075386281e+00 1.046788208007812500e+03
5.140106940457916274e+00 1.042007690429687500e+03
5.143541692840448043e+00 1.032249511718750000e+03
5.146976445222978924e+00 1.026452026367187500e+03
5.150411197605510694e+00 1.013613220214843750e+03
5.153845949988041575e+00 1.006403747558593750e+03
5.157280702370572456e+00 9.948668823242187500e+02
5.160715454753104225e+00 9.865745239257812500e+02
5.164150207135635107e+00 9.781723632812500000e+02
5.167584959518165988e+00 9.717108154296875000e+02
5.171019711900696869e+00 9.624936523437500000e+02
5.174454464283228639e+00 9.557032470703125000e+02
5.177889216665759520e+00 9.546870727539062500e+02
5.181323969048291289e+00 9.552085571289062500e+02
5.184758721430822170e+00 9.543493652343750000e+02
5.188193473813353940e+00 9.534450683593750000e+02
5.191628226195883933e+00 9.508345336914062500e+02
5.195062978578415702e+00 9.544506225585937500e+02
5.198497730960946583e+00 9.530724487304687500e+02
5.201932483343478353e+00 9.502601928710937500e+02
5.205367235726009234e+00 9.511350097656250000e+02
5.208801988108541003e+00 9.487051391601562500e+02
5.212236740491071885e+00 9.510224609375000000e+02
5.215671492873602766e+00 9.416768798828125000e+02
5.219106245256133647e+00 9.482386474609375000e+02
5.222540997638665417e+00 9.487481079101562500e+02
5.225975750021196298e+00 9.555326538085937500e+02
5.229410502403727179e+00 9.495842895507812500e+02
5.232845254786258948e+00 9.488414916992187500e+02
5.236280007168789830e+00 9.498517456054687500e+02
5.239714759551321599e+00 9.564616699218750000e+02
5.243149511933851592e+00 9.640573120117187500e+02
5.246584264316383361e+00 9.723587036132812500e+02
5.250019016698914243e+00 9.795133056640625000e+02
5.253453769081446012e+00 9.858254394531250000e+02
5.256888521463976893e+00 9.876017456054687500e+02
5.260323273846508663e+00 9.936811523437500000e+02
5.263758026229039544e+00 9.978893432617187500e+02
5.267192778611570425e+00 1.003742309570312500e+03
5.270627530994101306e+00 1.017832214355468750e+03
5.274062283376633076e+00 1.029826416015625000e+03
5.277497035759163957e+00 1.048025146484375000e+03
5.280931788141695726e+00 1.056826660156250000e+03
5.284366540524226608e+00 1.073693115234375000e+03
5.287801292906758377e+00 1.091053588867187500e+03
5.291236045289288370e+00 1.120078125000000000e+03
5.294670797671820139e+00 1.151912231445312500e+03
5.298105550054351021e+00 1.198379516601562500e+03
5.301540302436882790e+00 1.267636108398437500e+03
5.304975054819413671e+00 1.390528686523437500e+03
5.308409807201944552e+00 1.604841552734375000e+03
5.311844559584476322e+00 2.051643066406250000e+03
5.315279311967006315e+00 3.085799072265625000e+03
5.318714064349538084e+00 5.224819824218750000e+03
5.322148816732068966e+00 9.254015625000000000e+03
5.325583569114600735e+00 1.556577832031250000e+04
5.329018321497131616e+00 2.185575195312500000e+04
5.332453073879663386e+00 2.495215429687500000e+04
5.335887826262194267e+00 2.304055078125000000e+04
5.339322578644726036e+00 1.668149023437500000e+04
5.342757331027256029e+00 1.044040527343750000e+04
5.346192083409787799e+00 5.398389648437500000e+03
5.349626835792318680e+00 3.144520019531250000e+03
5.353061588174850449e+00 2.112766113281250000e+03
5.356496340557381330e+00 1.632259887695312500e+03
5.359931092939913100e+00 1.410949584960937500e+03
5.363365845322443981e+00 1.290488525390625000e+03
5.366800597704974862e+00 1.219436523437500000e+03
5.370235350087505743e+00 1.178328613281250000e+03
5.373670102470037513e+00 1.147990722656250000e+03
5.377104854852568394e+00 1.114530639648437500e+03
5.380539607235100164e+00 1.088106323242187500e+03
5.383974359617631045e+00 1.066774780273437500e+03
5.387409112000161926e+00 1.051876220703125000e+03
5.390843864382692807e+00 1.044425659179687500e+03
5.394278616765223688e+00 1.032427856445312500e+03
5.397713369147755458e+00 1.019242370605468750e+03
5.401148121530286339e+00 1.004937866210937500e+03
5.404582873912818108e+00 1.000627319335937500e+03
5.408017626295348990e+00 9.926824951171875000e+02
5.411452378677880759e+00 9.854933471679687500e+02
5.414887131060411640e+00 9.782290649414062500e+02
5.418321883442942521e+00 9.819007568359375000e+02
5.421756635825473403e+00 9.761547851562500000e+02
5.425191388208005172e+00 9.731752319335937500e+02
5.428626140590536053e+00 9.622311401367187500e+02
5.432060892973067823e+00 9.551965332031250000e+02
5.435495645355598704e+00 9.451557617187500000e+02
5.438930397738130473e+00 9.398472290039062500e+02
5.442365150120660466e+00 9.347897949218750000e+02
5.445799902503192236e+00 9.341889648437500000e+02
5.449234654885723117e+00 9.315533447265625000e+02
5.452669407268254886e+00 9.283420410156250000e+02
5.456104159650785768e+00 9.246128540039062500e+02
5.459538912033316649e+00 9.194329223632812500e+02
5.462973664415848418e+00 9.179823608398437500e+02
5.466408416798379299e+00 9.081916503906250000e+02
5.469843169180910181e+00 9.135711059570312500e+02
5.473277921563441062e+00 9.157100830078125000e+02
5.476712673945972831e+00 9.283563232421875000e+02
5.480147426328503713e+00 9.216078491210937500e+02
5.483582178711035482e+00 9.186972656250000000e+02
5.487016931093566363e+00 9.135460205078125000e+02
5.490451683476098133e+00 9.156146850585937500e+02
5.493886435858628126e+00 9.150480346679687500e+02
5.497321188241159895e+00 9.129549560546875000e+02
5.500755940623690776e+00 9.144664306640625000e+02
5.504190693006222546e+00 9.143499145507812500e+02
5.507625445388753427e+00 9.151477661132812500e+02
5.511060197771285196e+00 9.196546020507812500e+02
5.514494950153816077e+00 9.308611450195312500e+02
5.517929702536346959e+00 9.440928955078125000e+02
5.521364454918877840e+00 9.500545654296875000e+02
5.524799207301409609e+00 9.487885742187500000e+02
5.528233959683940490e+00 9.564539794921875000e+02
5.531668712066472260e+00 9.649346313476562500e+02
5.535103464449003141e+00 9.728393554687500000e+02
5.538538216831534022e+00 9.732483520507812500e+02
5.541972969214064904e+00 9.841854248046875000e+02
5.545407721596595785e+00 9.962807617187500000e+02
5.548842473979127554e+00 1.007227661132812500e+03
5.552277226361658435e+00 1.017847778320312500e+03
5.555711978744190205e+00 1.034208374023437500e+03
5.559146731126721086e+00 1.065119384765625000e+03
5.562581483509252855e+00 1.113491210937500000e+03
5.566016235891783737e+00 1.190705688476562500e+03
5.569450988274314618e+00 1.320840942382812500e+03
5.572885740656845499e+00 1.620645874023437500e+03
5.576320493039377268e+00 2.282537353515625000e+03
5.579755245421908150e+00 3.532697753906250000e+03
5.583189997804439919e+00 6.137331054687500000e+03
5.586624750186970800e+00 1.024955371093750000e+04
5.590059502569502570e+00 1.388375878906250000e+04
5.593494254952032563e+00 1.735850781250000000e+04
5.596929007334564332e+00 1.561883984375000000e+04
5.600363759717095213e+00 1.235105566406250000e+04
5.603798512099626983e+00 7.031660644531250000e+03
5.607233264482157864e+00 3.933387451171875000e+03
5.610668016864688745e+00 2.387573730468750000e+03
5.614102769247220515e+00 1.635067382812500000e+03
5.617537521629751396e+00 1.343076049804687500e+03
5.620972274012282277e+00 1.211077514648437500e+03
5.624407026394813158e+00 1.126059936523437500e+03
5.627841778777344928e+00 1.070038696289062500e+03
5.631276531159875809e+00 1.039963745117187500e+03
5.634711283542407578e+00 1.016754211425781250e+03
5.638146035924938460e+00 1.001604125976562500e+03
5.641580788307470229e+00 9.917483520507812500e+02
5.645015540690000222e+00 9.790122680664062500e+02
5.648450293072531991e+00 9.672825927734375000e+02
5.651885045455062873e+00 9.598031616210937500e+02
5.655319797837594642e+00 9.553192749023437500e+02
5.658754550220125523e+00 9.410034790039062500e+02
5.662189302602657293e+00 9.314057617187500000e+02
5.665624054985188174e+00 9.238447265625000000e+02
5.669058807367719055e+00 9.224554443359375000e+02
5.672493559750249936e+00 9.127719726562500000e+02
5.675928312132781706e+00 9.068809814453125000e+02
5.679363064515312587e+00 9.065472412109375000e+02
5.682797816897844356e+00 9.066986694335937500e+02
5.686232569280375237e+00 9.046901855468750000e+02
5.689667321662906119e+00 8.966519165039062500e+02
5.693102074045437000e+00 8.967113647460937500e+02
5.696536826427967881e+00 8.973958740234375000e+02
5.699971578810499651e+00 8.956894531250000000e+02
5.703406331193030532e+00 8.956488647460937500e+02
5.706841083575562301e+00 8.962278442382812500e+02
5.710275835958093182e+00 8.933026733398437500e+02
5.713710588340624952e+00 8.859876098632812500e+02
5.717145340723154945e+00 8.830740356445312500e+02
5.720580093105686714e+00 8.875980224609375000e+02
5.724014845488217595e+00 8.886206665039062500e+02
5.727449597870749365e+00 8.904782104492187500e+02
5.730884350253280246e+00 8.894396972656250000e+02
5.734319102635812015e+00 8.837308959960937500e+02
5.737753855018342897e+00 8.792039184570312500e+02
5.741188607400874666e+00 8.721454467773437500e+02
5.744623359783404659e+00 8.776026000976562500e+02
5.748058112165936429e+00 8.776039428710937500e+02
5.751492864548467310e+00 8.764606323242187500e+02
5.754927616930999079e+00 8.679124145507812500e+02
5.758362369313529960e+00 8.630939941406250000e+02
5.761797121696060842e+00 8.648571166992187500e+02
5.765231874078592611e+00 8.674582519531250000e+02
5.768666626461123492e+00 8.683771362304687500e+02
5.772101378843654373e+00 8.652127075195312500e+02
5.775536131226185255e+00 8.628632202148437500e+02
5.778970883608717024e+00 8.602903442382812500e+02
5.782405635991247905e+00 8.631351318359375000e+02
5.785840388373779675e+00 8.644777221679687500e+02
5.789275140756310556e+00 8.660972900390625000e+02
5.792709893138841437e+00 8.669689941406250000e+02
5.796144645521372318e+00 8.777101440429687500e+02
5.799579397903904088e+00 8.847682495117187500e+02
5.803014150286434969e+00 8.905874633789062500e+02
5.806448902668966738e+00 8.918690795898437500e+02
5.809883655051497620e+00 9.025379638671875000e+02
5.813318407434029389e+00 9.161627807617187500e+02
5.816753159816560270e+00 9.320929565429687500e+02
5.820187912199091151e+00 9.699174804687500000e+02
5.823622664581622033e+00 1.064802856445312500e+03
5.827057416964153802e+00 1.308090209960937500e+03
5.830492169346684683e+00 1.738305297851562500e+03
5.833926921729216453e+00 2.434084716796875000e+03
5.837361674111747334e+00 3.072705810546875000e+03
5.840796426494278215e+00 3.367218750000000000e+03
5.844231178876809096e+00 3.211979736328125000e+03
5.847665931259339978e+00 2.578266845703125000e+03
5.851100683641871747e+00 1.998294799804687500e+03
5.854535436024402628e+00 1.453762329101562500e+03
5.857970188406934398e+00 1.176970947265625000e+03
5.861404940789465279e+00 1.025204956054687500e+03
5.864839693171997048e+00 9.550463256835937500e+02
5.868274445554527041e+00 9.299967041015625000e+02
5.871709197937058811e+00 9.098721923828125000e+02
5.875143950319589692e+00 8.977503051757812500e+02
5.878578702702121461e+00 8.859650878906250000e+02
5.882013455084652342e+00 8.840019531250000000e+02
5.885448207467184112e+00 8.787842407226562500e+02
5.888882959849714993e+00 8.810872802734375000e+02
5.892317712232246762e+00 8.704988403320312500e+02
5.895752464614776756e+00 8.619916381835937500e+02
5.899187216997308525e+00 8.528201904296875000e+02
5.902621969379839406e+00 8.560568847656250000e+02
5.906056721762371176e+00 8.547670898437500000e+02
5.909491474144902057e+00 8.567086181640625000e+02
5.912926226527432938e+00 8.560487670898437500e+02
5.916360978909964707e+00 8.596079711914062500e+02
5.919795731292495589e+00 8.585527343750000000e+02
5.923230483675026470e+00 8.602997436523437500e+02
5.926665236057557351e+00 8.600847778320312500e+02
5.930099988440089120e+00 8.616906127929687500e+02
5.933534740822620002e+00 8.583991088867187500e+02
5.936969493205151771e+00 8.532496948242187500e+02
5.940404245587682652e+00 8.502917480468750000e+02
5.943838997970213534e+00 8.503801269531250000e+02
5.947273750352744415e+00 8.556195068359375000e+02
5.950708502735276184e+00 8.582054443359375000e+02
5.954143255117807065e+00 8.552043457031250000e+02
5.957578007500338835e+00 8.559409179687500000e+02
5.961012759882869716e+00 8.585555419921875000e+02
5.964447512265401485e+00 8.629977416992187500e+02
5.967882264647932367e+00 8.620510864257812500e+02
5.971317017030463248e+00 8.644177856445312500e+02
5.974751769412994129e+00 8.668778686523437500e+02
5.978186521795525898e+00 8.725934448242187500e+02
5.981621274178056780e+00 8.743588256835937500e+02
5.985056026560588549e+00 8.731903686523437500e+02
5.988490778943119430e+00 8.703562011718750000e+02
5.991925531325650311e+00 8.729620971679687500e+02
5.995360283708181193e+00 8.768512573242187500e+02
5.998795036090712074e+00 8.814033813476562500e+02
6.002229788473243843e+00 8.809324951171875000e+02
6.005664540855774725e+00 8.802952270507812500e+02
6.009099293238306494e+00 8.821056518554687500e+02
6.012534045620837375e+00 8.835032348632812500e+02
6.015968798003369145e+00 8.887348632812500000e+02
6.019403550385899138e+00 8.917164306640625000e+02
6.022838302768430907e+00 8.940498657226562500e+02
6.026273055150961788e+00 8.996582031250000000e+02
6.029707807533493558e+00 9.038752441406250000e+02
6.033142559916024439e+00 9.137719116210937500e+02
6.036577312298556208e+00 9.232202148437500000e+02
6.040012064681087089e+00 9.351807250976562500e+02
6.043446817063618859e+00 9.517232055664062500e+02
6.046881569446148852e+00 9.693151245117187500e+02
6.050316321828680621e+00 1.001456481933593750e+03
6.053751074211211503e+00 1.047165405273437500e+03
6.057185826593743272e+00 1.123893798828125000e+03
6.060620578976274153e+00 1.330447998046875000e+03
6.064055331358805923e+00 1.804503784179687500e+03
6.067490083741336804e+00 2.615736572265625000e+03
6.070924836123867685e+00 4.180281250000000000e+03
6.074359588506398566e+00 6.162173339843750000e+03
6.077794340888929447e+00 7.873681640625000000e+03
6.081229093271461217e+00 8.727421875000000000e+03
6.084663845653992098e+00 7.781735839843750000e+03
6.088098598036523867e+00 5.989702148437500000e+03
6.091533350419054749e+00 3.857979492187500000e+03
6.094968102801585630e+00 2.377793212890625000e+03
6.098402855184116511e+00 1.639125488281250000e+03
6.101837607566648281e+00 1.284088989257812500e+03
6.105272359949179162e+00 1.119129516601562500e+03
6.108707112331710931e+00 1.048611450195312500e+03
6.112141864714241812e+00 1.010708374023437500e+03
6.115576617096773582e+00 9.895016479492187500e+02
6.119011369479304463e+00 9.708878784179687500e+02
6.122446121861835344e+00 9.516175537109375000e+02
6.125880874244366225e+00 9.344967651367187500e+02
6.129315626626897995e+00 9.247565307617187500e+02
6.132750379009428876e+00 9.200388183593750000e+02
6.136185131391960645e+00 9.195346679687500000e+02
6.139619883774491527e+00 9.089795532226562500e+02
6.143054636157022408e+00 9.045209350585937500e+02
6.146489388539553289e+00 8.939188842773437500e+02
6.149924140922085058e+00 8.935926513671875000e+02
6.153358893304615940e+00 8.893984985351562500e+02
6.156793645687146821e+00 8.863084106445312500e+02
6.160228398069678590e+00 8.846448364257812500e+02
6.163663150452209472e+00 8.885369262695312500e+02
6.167097902834741241e+00 8.919701538085937500e+02
6.170532655217271234e+00 8.888125000000000000e+02
6.173967407599803003e+00 8.898580322265625000e+02
6.177402159982333885e+00 8.913295288085937500e+02
6.180836912364865654e+00 8.914291381835937500e+02
6.184271664747396535e+00 8.893365478515625000e+02
6.187706417129928305e+00 8.899816284179687500e+02
6.191141169512459186e+00 8.898892822265625000e+02
6.194575921894990067e+00 8.894130859375000000e+02
6.198010674277520948e+00 8.886008300781250000e+02
6.201445426660052718e+00 8.941508178710937500e+02
6.204880179042583599e+00 8.890246582031250000e+02
6.208314931425115368e+00 8.909410400390625000e+02
6.211749683807646250e+00 8.869358520507812500e+02
6.215184436190178019e+00 8.940300292968750000e+02
6.218619188572708900e+00 8.995024414062500000e+02
6.222053940955239781e+00 9.040276489257812500e+02
6.225488693337770663e+00 9.127384033203125000e+02
6.228923445720301544e+00 9.139395751953125000e+02
6.232358198102833313e+00 9.202006225585937500e+02
6.235792950485364194e+00 9.189077758789062500e+02
6.239227702867895964e+00 9.211565551757812500e+02
6.242662455250426845e+00 9.280062866210937500e+02
6.246097207632957726e+00 9.325780029296875000e+02
6.249531960015488607e+00 9.404882812500000000e+02
6.252966712398020377e+00 9.466701660156250000e+02
6.256401464780551258e+00 9.559496459960937500e+02
6.259836217163083028e+00 9.690023803710937500e+02
6.263270969545613909e+00 9.855810546875000000e+02
6.266705721928145678e+00 9.980213012695312500e+02
6.270140474310675671e+00 1.009554687500000000e+03
6.273575226693207441e+00 1.032380249023437500e+03
6.277009979075738322e+00 1.074265014648437500e+03
6.280444731458270091e+00 1.139278808593750000e+03
6.283879483840800972e+00 1.222454589843750000e+03
6.287314236223332742e+00 1.393820190429687500e+03
6.290748988605863623e+00 1.760556274414062500e+03
6.294183740988394504e+00 2.464933105468750000e+03
6.297618493370925385e+00 3.933974121093750000e+03
6.301053245753457155e+00 6.787819335937500000e+03
6.304487998135988036e+00 1.024395312500000000e+04
6.307922750518518917e+00 1.402015136718750000e+04
6.311357502901050687e+00 1.569111523437500000e+04
6.314792255283581568e+00 1.476203125000000000e+04
6.318227007666113337e+00 1.172832226562500000e+04
6.321661760048643330e+00 7.570636718750000000e+03
6.325096512431175100e+00 4.522980957031250000e+03
6.328531264813705981e+00 2.553001464843750000e+03
6.331966017196237750e+00 1.751902954101562500e+03
6.335400769578768632e+00 1.417650268554687500e+03
6.338835521961300401e+00 1.242198608398437500e+03
6.342270274343831282e+00 1.146276245117187500e+03
6.345705026726362163e+00 1.093796020507812500e+03
6.349139779108893045e+00 1.057040039062500000e+03
6.352574531491424814e+00 1.030117431640625000e+03
6.356009283873955695e+00 1.004632080078125000e+03
6.359444036256487465e+00 9.922173461914062500e+02
6.362878788639018346e+00 9.802484130859375000e+02
6.366313541021550115e+00 9.748276367187500000e+02
6.369748293404080997e+00 9.638515014648437500e+02
6.373183045786611878e+00 9.530532226562500000e+02
6.376617798169142759e+00 9.394086914062500000e+02
6.380052550551673640e+00 9.256621704101562500e+02
6.383487302934205410e+00 9.166339721679687500e+02
6.386922055316736291e+00 9.092468261718750000e+02
6.390356807699268060e+00 9.024680175781250000e+02
6.393791560081798941e+00 8.957319335937500000e+02
6.397226312464329823e+00 8.942105712890625000e+02
6.400661064846860704e+00 8.999307250976562500e+02
6.404095817229392473e+00 8.980317993164062500e+02
6.407530569611923355e+00 8.900789794921875000e+02
6.410965321994455124e+00 8.879303588867187500e+02
6.414400074376986005e+00 8.894344482421875000e+02
6.417834826759517775e+00 8.944042358398437500e+02
6.421269579142047768e+00 8.956621704101562500e+02
6.424704331524579537e+00 8.934873046875000000e+02
6.428139083907110418e+00 8.871424560546875000e+02
6.431573836289642188e+00 8.745417480468750000e+02
6.435008588672173069e+00 8.703552856445312500e+02
6.438443341054704838e+00 8.694171142578125000e+02
6.441878093437235719e+00 8.731712036132812500e+02
6.445312845819766601e+00 8.673447265625000000e+02
6.448747598202297482e+00 8.626378173828125000e+02
6.452182350584829251e+00 8.587753295898437500e+02
6.455617102967360132e+00 8.610061035156250000e+02
6.459051855349891014e+00 8.599284667968750000e+02
6.462486607732422783e+00 8.558411865234375000e+02
6.465921360114953664e+00 8.515813598632812500e+02
6.469356112497485434e+00 8.561312866210937500e+02
6.472790864880015427e+00 8.642885742187500000e+02
6.476225617262547196e+00 8.602597656250000000e+02
6.479660369645078077e+00 8.481223144531250000e+02
6.483095122027609847e+00 8.413948364257812500e+02
6.486529874410140728e+00 8.450690307617187500e+02
6.489964626792672497e+00 8.538995361328125000e+02
6.493399379175203379e+00 8.572565917968750000e+02
6.496834131557734260e+00 8.578358764648437500e+02
6.500268883940265141e+00 8.518619995117187500e+02
6.503703636322796910e+00 8.469785156250000000e+02
6.507138388705327792e+00 8.424775390625000000e+02
6.510573141087859561e+00 8.431798706054687500e+02
6.514007893470390442e+00 8.425255737304687500e+02
6.517442645852922212e+00 8.423079833984375000e+02
6.520877398235453093e+00 8.448621826171875000e+02
6.524312150617983974e+00 8.521257934570312500e+02
6.527746903000514855e+00 8.587657470703125000e+02
6.531181655383045737e+00 8.611431274414062500e+02
6.534616407765577506e+00 8.515791015625000000e+02
6.538051160148108387e+00 8.432115478515625000e+02
6.541485912530640157e+00 8.337587280273437500e+02
6.544920664913171038e+00 8.347601318359375000e+02
6.548355417295701919e+00 8.391539916992187500e+02
6.551790169678232800e+00 8.352837524414062500e+02
6.555224922060764570e+00 8.308944091796875000e+02
6.558659674443295451e+00 8.251135253906250000e+02
6.562094426825827220e+00 8.319989013671875000e+02
6.565529179208358102e+00 8.408639526367187500e+02
6.568963931590889871e+00 8.418591918945312500e+02
6.572398683973419864e+00 8.446207275390625000e+02
6.575833436355951633e+00 8.467005615234375000e+02
6.579268188738482515e+00 8.469503784179687500e+02
6.582702941121014284e+00 8.410070800781250000e+02
6.586137693503545165e+00 8.371268310546875000e+02
6.589572445886076935e+00 8.388142089843750000e+02
6.593007198268607816e+00 8.404913940429687500e+02
6.596441950651138697e+00 8.338472290039062500e+02
6.599876703033669578e+00 8.325894165039062500e+02
6.603311455416201348e+00 8.335474243164062500e+02
6.606746207798732229e+00 8.375514526367187500e+02
6.610180960181263110e+00 8.378137207031250000e+02
6.613615712563794879e+00 8.372230834960937500e+02
6.617050464946325761e+00 8.363783569335937500e+02
6.620485217328857530e+00 8.366967773437500000e+02
6.623919969711387523e+00 8.391738281250000000e+02
6.627354722093919293e+00 8.398616333007812500e+02
6.630789474476450174e+00 8.431126708984375000e+02
6.634224226858981943e+00 8.442996826171875000e+02
6.637658979241512824e+00 8.443818969726562500e+02
6.641093731624044594e+00 8.427975463867187500e+02
6.644528484006575475e+00 8.408883056640625000e+02
6.647963236389106356e+00 8.451253662109375000e+02
6.651397988771637237e+00 8.484241943359375000e+02
6.654832741154169007e+00 8.492177124023437500e+02
6.658267493536699888e+00 8.481444091796875000e+02
6.661702245919231657e+00 8.507264404296875000e+02
6.665136998301762539e+00 8.563495483398437500e+02
6.668571750684294308e+00 8.576759643554687500e+02
6.672006503066824301e+00 8.565524902343750000e+02
6.675441255449356071e+00 8.573434448242187500e+02
6.678876007831886952e+00 8.588320922851562500e+02
6.682310760214417833e+00 8.604237670898437500e+02
6.685745512596949602e+00 8.620397949218750000e+02
6.689180264979480484e+00 8.646667480468750000e+02
6.692615017362012253e+00 8.664310302734375000e+02
6.696049769744543134e+00 8.700274047851562500e+02
6.699484522127074015e+00 8.719263305664062500e+02
6.702919274509604897e+00 8.738908081054687500e+02
6.706354026892136666e+00 8.799728393554687500e+02
6.709788779274667547e+00 8.876663818359375000e+02
6.713223531657199317e+00 8.929177246093750000e+02
6.716658284039730198e+00 8.955175170898437500e+02
6.720093036422261967e+00 9.131694335937500000e+02
6.723527788804791960e+00 9.491921386718750000e+02
6.726962541187323730e+00 1.030967895507812500e+03
6.730397293569854611e+00 1.200423095703125000e+03
6.733832045952386380e+00 1.492710815429687500e+03
6.737266798334917262e+00 2.169762939453125000e+03
6.740701550717449031e+00 3.235663085937500000e+03
6.744136303099979912e+00 4.260085449218750000e+03
6.747571055482510793e+00 5.142219726562500000e+03
6.751005807865041675e+00 4.760814453125000000e+03
6.754440560247573444e+00 3.937857910156250000e+03
6.757875312630104325e+00 2.669149414062500000e+03
6.761310065012635206e+00 1.795042968750000000e+03
6.764744817395166976e+00 1.335151977539062500e+03
6.768179569777697857e+00 1.089851928710937500e+03
6.771614322160229626e+00 9.939011840820312500e+02
6.775049074542759620e+00 9.516954956054687500e+02
6.778483826925291389e+00 9.226884765625000000e+02
6.781918579307822270e+00 9.074346313476562500e+02
6.785353331690354040e+00 8.998643188476562500e+02
6.788788084072884921e+00 8.981951293945312500e+02
6.792222836455416690e+00 8.932526245117187500e+02
6.795657588837947571e+00 8.886622314453125000e+02
6.799092341220478453e+00 8.874673461914062500e+02
6.802527093603009334e+00 8.827317504882812500e+02
6.805961845985541103e+00 8.776434326171875000e+02
6.809396598368071984e+00 8.756032714843750000e+02
6.812831350750603754e+00 8.742369995117187500e+02
6.816266103133134635e+00 8.752020874023437500e+02
6.819700855515666404e+00 8.792250976562500000e+02
6.823135607898196398e+00 8.766954956054687500e+02
6.826570360280728167e+00 8.741649780273437500e+02
6.830005112663259048e+00 8.731961059570312500e+02
6.833439865045790818e+00 8.741094360351562500e+02
6.836874617428321699e+00 8.735303344726562500e+02
6.840309369810852580e+00 8.702636108398437500e+02
6.843744122193384349e+00 8.693486938476562500e+02
6.847178874575915231e+00 8.687332763671875000e+02
6.850613626958446112e+00 8.648850097656250000e+02
6.854048379340976993e+00 8.698970947265625000e+02
6.857483131723508762e+00 8.748192749023437500e+02
6.860917884106039644e+00 8.780499267578125000e+02
6.864352636488571413e+00 8.791897583007812500e+02
6.867787388871102294e+00 8.801737670898437500e+02
6.871222141253634064e+00 8.826074829101562500e+02
6.874656893636164057e+00 8.826191406250000000e+02
6.878091646018695826e+00 8.854112548828125000e+02
6.881526398401226707e+00 8.941986694335937500e+02
6.884961150783758477e+00 9.006541748046875000e+02
6.888395903166289358e+00 9.013529052734375000e+02
6.891830655548821127e+00 9.004245605468750000e+02
6.895265407931352009e+00 9.074644775390625000e+02
6.898700160313882890e+00 9.183392944335937500e+02
6.902134912696413771e+00 9.314118041992187500e+02
6.905569665078945540e+00 9.353963623046875000e+02
6.909004417461476422e+00 9.437778930664062500e+02
6.912439169844007303e+00 9.515807495117187500e+02
6.915873922226539072e+00 9.700075073242187500e+02
6.919308674609069953e+00 9.867244262695312500e+02
6.922743426991601723e+00 1.015403625488281250e+03
6.926178179374131716e+00 1.077528564453125000e+03
6.929612931756663485e+00 1.179445800781250000e+03
6.933047684139194367e+00 1.368067749023437500e+03
6.936482436521726136e+00 1.796206665039062500e+03
6.939917188904257017e+00 2.654527587890625000e+03
6.943351941286788787e+00 4.111943847656250000e+03
6.946786693669319668e+00 6.820447265625000000e+03
6.950221446051850549e+00 9.424007812500000000e+03
6.953656198434381430e+00 1.156049121093750000e+04
6.957090950816913200e+00 1.179692187500000000e+04
6.960525703199444081e+00 1.012550488281250000e+04
6.963960455581975850e+00 7.426520507812500000e+03
6.967395207964506731e+00 4.559115722656250000e+03
6.970829960347038501e+00 2.787086181640625000e+03
6.974264712729568494e+00 1.842578247070312500e+03
6.977699465112100263e+00 1.398983764648437500e+03
6.981134217494631145e+00 1.203569458007812500e+03
6.984568969877162914e+00 1.102813476562500000e+03
6.988003722259693795e+00 1.047671997070312500e+03
6.991438474642224676e+00 1.014453125000000000e+03
6.994873227024756446e+00 9.965783081054687500e+02
6.998307979407287327e+00 9.779002685546875000e+02
7.001742731789818208e+00 9.633732910156250000e+02
7.005177484172349089e+00 9.520454101562500000e+02
7.008612236554880859e+00 9.426781005859375000e+02
7.012046988937411740e+00 9.332687377929687500e+02
7.015481741319943509e+00 9.288427734375000000e+02
7.018916493702474391e+00 9.265922851562500000e+02
7.022351246085006160e+00 9.240738525390625000e+02
7.025785998467536153e+00 9.110954589843750000e+02
7.029220750850067922e+00 9.007033081054687500e+02
7.032655503232598804e+00 8.969741821289062500e+02
7.036090255615130573e+00 9.023249511718750000e+02
7.039525007997661454e+00 8.990727539062500000e+02
7.042959760380193224e+00 8.924141845703125000e+02
7.046394512762724105e+00 8.940635375976562500e+02
7.049829265145254986e+00 9.003244628906250000e+02
7.053264017527785867e+00 9.030346679687500000e+02
7.056698769910317637e+00 8.967086181640625000e+02
7.060133522292848518e+00 8.921837768554687500e+02
7.063568274675379399e+00 8.939617919921875000e+02
7.067003027057911169e+00 8.921246337890625000e+02
7.070437779440442050e+00 8.878369140625000000e+02
7.073872531822972931e+00 8.823873901367187500e+02
7.077307284205503812e+00 8.811183471679687500e+02
7.080742036588035582e+00 8.848169555664062500e+02
7.084176788970566463e+00 8.851325073242187500e+02
7.087611541353098232e+00 8.910375366210937500e+02
7.091046293735629114e+00 8.932313842773437500e+02
7.094481046118160883e+00 9.002268676757812500e+02
7.097915798500691764e+00 9.027416992187500000e+02
7.101350550883222645e+00 9.073048095703125000e+02
7.104785303265753527e+00 9.116781616210937500e+02
7.108220055648285296e+00 9.176526489257812500e+02
7.111654808030816177e+00 9.261470947265625000e+02
7.115089560413347947e+00 9.378953247070312500e+02
7.118524312795878828e+00 9.549063110351562500e+02
7.121959065178410597e+00 9.822475585937500000e+02
7.125393817560940590e+00 1.015538879394531250e+03
7.128828569943472360e+00 1.060599487304687500e+03
7.132263322326003241e+00 1.143787353515625000e+03
7.135698074708535010e+00 1.317917968750000000e+03
7.139132827091065892e+00 1.655972656250000000e+03
7.142567579473596773e+00 2.340626464843750000e+03
7.146002331856128542e+00 3.744562255859375000e+03
7.149437084238658535e+00 5.641844726562500000e+03
7.152871836621190305e+00 7.893840820312500000e+03
7.156306589003721186e+00 9.649932617187500000e+03
7.159741341386252955e+00 9.738394531250000000e+03
7.163176093768782948e+00 8.364847656250000000e+03
7.166610846151314718e+00 5.765646484375000000e+03
7.170045598533845599e+00 3.711364990234375000e+03
7.173480350916377368e+00 2.278063720703125000e+03
7.176915103298908249e+00 1.557482177734375000e+03
7.180349855681440019e+00 1.275396606445312500e+03
7.183784608063970900e+00 1.131477539062500000e+03
7.187219360446502670e+00 1.054695556640625000e+03
7.190654112829033551e+00 1.007098205566406250e+03
7.194088865211565320e+00 9.756445922851562500e+02
7.197523617594096201e+00 9.515999145507812500e+02
7.200958369976627971e+00 9.354464111328125000e+02
7.204393122359158852e+00 9.248055419921875000e+02
7.207827874741689733e+00 9.176470947265625000e+02
7.211262627124221503e+00 9.120066528320312500e+02
7.214697379506751496e+00 9.080714111328125000e+02
7.218132131889282377e+00 9.043224487304687500e+02
7.221566884271814146e+00 9.010849609375000000e+02
7.225001636654345027e+00 8.928787231445312500e+02
7.228436389036875909e+00 8.800533447265625000e+02
7.231871141419407678e+00 8.711645507812500000e+02
7.235305893801938559e+00 8.693533325195312500e+02
7.238740646184470329e+00 8.739616088867187500e+02
7.242175398567001210e+00 8.762453002929687500e+02
7.245610150949532979e+00 8.764816284179687500e+02
7.249044903332063861e+00 8.759117431640625000e+02
7.252479655714595630e+00 8.710509643554687500e+02
7.255914408097126511e+00 8.677590942382812500e+02
7.259349160479658281e+00 8.648383789062500000e+02
7.262783912862187385e+00 8.602454833984375000e+02
7.266218665244719155e+00 8.587078247070312500e+02
7.269653417627250036e+00 8.588602294921875000e+02
7.273088170009781805e+00 8.657567138671875000e+02
7.276522922392312687e+00 8.696410522460937500e+02
7.279957674774844456e+00 8.694130249023437500e+02
7.283392427157375337e+00 8.681725463867187500e+02
7.286827179539907107e+00 8.682019653320312500e+02
7.290261931922437988e+00 8.677531738281250000e+02
7.293696684304968869e+00 8.632035522460937500e+02
7.297131436687500639e+00 8.605633544921875000e+02
7.300566189070031520e+00 8.679385375976562500e+02
7.304000941452563289e+00 8.716934204101562500e+02
7.307435693835094170e+00 8.747026977539062500e+02
7.310870446217625940e+00 8.727684326171875000e+02
7.314305198600155045e+00 8.788146362304687500e+02
7.317739950982686814e+00 8.874177856445312500e+02
7.321174703365217695e+00 8.994866943359375000e+02
7.324609455747749465e+00 9.181257934570312500e+02
7.328044208130280346e+00 9.488519897460937500e+02
7.331478960512812115e+00 1.020360412597656250e+03
7.334913712895342996e+00 1.160962524414062500e+03
7.338348465277874766e+00 1.419089355468750000e+03
7.341783217660405647e+00 1.955252197265625000e+03
7.345217970042937417e+00 2.682897949218750000e+03
7.348652722425468298e+00 3.525492187500000000e+03
7.352087474808000067e+00 4.171980957031250000e+03
7.355522227190530948e+00 4.335270996093750000e+03
7.358956979573061830e+00 3.865455566406250000e+03
7.362391731955593599e+00 3.002625000000000000e+03
7.365826484338123592e+00 2.086599853515625000e+03
7.369261236720654473e+00 1.498278930664062500e+03
7.372695989103186243e+00 1.167954101562500000e+03
7.376130741485717124e+00 1.016413635253906250e+03
7.379565493868248005e+00 9.572635498046875000e+02
7.383000246250779774e+00 9.292437133789062500e+02
7.386434998633310656e+00 9.089207763671875000e+02
7.389869751015842425e+00 8.934154052734375000e+02
7.393304503398373306e+00 8.826356201171875000e+02
7.396739255780905076e+00 8.771439208984375000e+02
7.400174008163435957e+00 8.770446166992187500e+02
7.403608760545967726e+00 8.771228027343750000e+02
7.407043512928498608e+00 8.733740234375000000e+02
7.410478265311030377e+00 8.656105957031250000e+02
7.413913017693559482e+00 8.579716186523437500e+02
7.417347770076091251e+00 8.584854736328125000e+02
7.420782522458622132e+00 8.643103637695312500e+02
7.424217274841153902e+00 8.681389160156250000e+02
7.427652027223684783e+00 8.714713134765625000e+02
7.431086779606216552e+00 8.641495361328125000e+02
7.434521531988747434e+00 8.638649902343750000e+02
7.437956284371279203e+00 8.610649414062500000e+02
7.441391036753810084e+00 8.623311767578125000e+02
7.444825789136340966e+00 8.606966552734375000e+02
7.448260541518872735e+00 8.568970336914062500e+02
7.451695293901403616e+00 8.558464965820312500e+02
7.455130046283935386e+00 8.544307250976562500e+02
7.458564798666466267e+00 8.583239746093750000e+02
7.461999551048998036e+00 8.610172729492187500e+02
7.465434303431527141e+00 8.635455932617187500e+02
7.468869055814058910e+00 8.640191040039062500e+02
7.472303808196589792e+00 8.669410400390625000e+02
7.475738560579121561e+00 8.746260986328125000e+02
7.479173312961652442e+00 8.803070678710937500e+02
7.482608065344184212e+00 8.819974975585937500e+02
7.486042817726715093e+00 8.848014526367187500e+02
7.489477570109246862e+00 8.855191650390625000e+02
7.492912322491777743e+00 8.908826904296875000e+02
7.496347074874309513e+00 8.949473876953125000e+02
7.499781827256840394e+00 8.993624267578125000e+02
7.503216579639372164e+00 9.071625366210937500e+02
7.506651332021903045e+00 9.215685424804687500e+02
7.510086084404433926e+00 9.450900878906250000e+02
7.513520836786963919e+00 9.668442993164062500e+02
7.516955589169495688e+00 9.970104980468750000e+02
7.520390341552026570e+00 1.052876220703125000e+03
7.523825093934558339e+00 1.168816894531250000e+03
7.527259846317089220e+00 1.385513916015625000e+03
7.530694598699620101e+00 1.880620727539062500e+03
7.534129351082151871e+00 2.757658691406250000e+03
7.537564103464682752e+00 4.107117187500000000e+03
7.540998855847214521e+00 6.175044433593750000e+03
7.544433608229745403e+00 8.647069335937500000e+03
7.547868360612277172e+00 1.015013378906250000e+04
7.551303112994808053e+00 1.031510449218750000e+04
7.554737865377339823e+00 7.653804687500000000e+03
7.558172617759870704e+00 5.305177246093750000e+03
7.561607370142402473e+00 2.842993896484375000e+03
7.565042122524931578e+00 1.824417358398437500e+03
7.568476874907463348e+00 1.369478515625000000e+03
7.571911627289994229e+00 1.141364624023437500e+03
7.575346379672525998e+00 1.053717407226562500e+03
7.578781132055056879e+00 1.008105529785156250e+03
7.582215884437588649e+00 9.762498168945312500e+02
7.585650636820119530e+00 9.585664672851562500e+02
7.589085389202651299e+00 9.397741088867187500e+02
7.592520141585182181e+00 9.237371826171875000e+02
7.595954893967713062e+00 9.136867065429687500e+02
7.599389646350244831e+00 9.092622680664062500e+02
7.602824398732775713e+00 9.114848632812500000e+02
7.606259151115307482e+00 9.051528320312500000e+02
7.609693903497838363e+00 8.960205688476562500e+02
7.613128655880370133e+00 8.825584716796875000e+02
7.616563408262899237e+00 8.719311523437500000e+02
7.619998160645431007e+00 8.744832763671875000e+02
7.623432913027961888e+00 8.744870605468750000e+02
7.626867665410493657e+00 8.818026733398437500e+02
7.630302417793024539e+00 8.753880004882812500e+02
7.633737170175556308e+00 8.750300292968750000e+02
7.637171922558087189e+00 8.713197021484375000e+02
7.640606674940618959e+00 8.788014526367187500e+02
7.644041427323149840e+00 8.811184692382812500e+02
7.647476179705681609e+00 8.853700561523437500e+02
7.650910932088212490e+00 8.836011352539062500e+02
7.654345684470744260e+00 8.865855712890625000e+02
7.657780436853275141e+00 8.855138549804687500e+02
7.661215189235806022e+00 8.813537597656250000e+02
7.664649941618336015e+00 8.807503051757812500e+02
7.668084694000867785e+00 8.881488037109375000e+02
7.671519446383398666e+00 8.970494995117187500e+02
7.674954198765930435e+00 9.020303955078125000e+02
7.678388951148461317e+00 9.058140258789062500e+02
7.681823703530992198e+00 9.109683227539062500e+02
7.685258455913523967e+00 9.188350219726562500e+02
7.688693208296054848e+00 9.270109863281250000e+02
7.692127960678586618e+00 9.412290649414062500e+02
7.695562713061117499e+00 9.576846923828125000e+02
7.698997465443649268e+00 9.821892700195312500e+02
7.702432217826180150e+00 1.025012817382812500e+03
7.705866970208711919e+00 1.110741821289062500e+03
7.709301722591242800e+00 1.266580566406250000e+03
7.712736474973774570e+00 1.551033935546875000e+03
7.716171227356303675e+00 2.197824951171875000e+03
7.719605979738835444e+00 3.510384277343750000e+03
7.723040732121366325e+00 5.343094726562500000e+03
7.726475484503898095e+00 7.897948242187500000e+03
7.729910236886428976e+00 9.885520507812500000e+03
7.733344989268960745e+00 1.041498437500000000e+04
7.736779741651491626e+00 9.268560546875000000e+03
7.740214494034023396e+00 6.765699707031250000e+03
7.743649246416554277e+00 4.531775390625000000e+03
7.747083998799085158e+00 2.782890380859375000e+03
7.750518751181616928e+00 1.806059082031250000e+03
7.753953503564147809e+00 1.366905883789062500e+03
7.757388255946679578e+00 1.164295532226562500e+03
7.760823008329210460e+00 1.065676879882812500e+03
7.764257760711742229e+00 1.012651733398437500e+03
7.767692513094271334e+00 9.777365722656250000e+02
7.771127265476803103e+00 9.583092651367187500e+02
7.774562017859333984e+00 9.476168212890625000e+02
7.777996770241865754e+00 9.402271118164062500e+02
7.781431522624396635e+00 9.311560058593750000e+02
7.784866275006928404e+00 9.250498657226562500e+02
7.788301027389459286e+00 9.202030029296875000e+02
7.791735779771991055e+00 9.110841674804687500e+02
7.795170532154521936e+00 8.970579223632812500e+02
7.798605284537053706e+00 8.846448364257812500e+02
7.802040036919584587e+00 8.795777587890625000e+02
7.805474789302116356e+00 8.808284912109375000e+02
7.808909541684647238e+00 8.774226074218750000e+02
7.812344294067178119e+00 8.724508056640625000e+02
7.815779046449708112e+00 8.732928466796875000e+02
7.819213798832239881e+00 8.727178344726562500e+02
7.822648551214770762e+00 8.712571411132812500e+02
7.826083303597302532e+00 8.677746582031250000e+02
7.829518055979833413e+00 8.691489257812500000e+02
7.832952808362364294e+00 8.683579101562500000e+02
7.836387560744896064e+00 8.688410644531250000e+02
7.839822313127426945e+00 8.652800903320312500e+02
7.843257065509958714e+00 8.672229614257812500e+02
7.846691817892489595e+00 8.632290649414062500e+02
7.850126570275021365e+00 8.631706542968750000e+02
7.853561322657552246e+00 8.620115356445312500e+02
7.856996075040084015e+00 8.629502563476562500e+02
7.860430827422614897e+00 8.674100341796875000e+02
7.863865579805146666e+00 8.732603759765625000e+02
7.867300332187675771e+00 8.794117431640625000e+02
7.870735084570207540e+00 8.829052734375000000e+02
7.874169836952738422e+00 8.868013305664062500e+02
7.877604589335270191e+00 8.960626831054687500e+02
7.881039341717801072e+00 9.118019409179687500e+02
7.884474094100332842e+00 9.352508544921875000e+02
7.887908846482863723e+00 9.741469116210937500e+02
7.891343598865395492e+00 1.040019287109375000e+03
7.894778351247926373e+00 1.188634521484375000e+03
7.898213103630457255e+00 1.470466186523437500e+03
7.901647856012989024e+00 1.974897338867187500e+03
7.905082608395519905e+00 2.917210449218750000e+03
7.908517360778051675e+00 4.271905761718750000e+03
7.911952113160582556e+00 5.788473144531250000e+03
7.915386865543112549e+00 6.871676269531250000e+03
7.918821617925643430e+00 6.894550292968750000e+03
7.922256370308175200e+00 5.731389160156250000e+03
7.925691122690706081e+00 4.119833496093750000e+03
7.929125875073237850e+00 2.618513183593750000e+03
7.932560627455768731e+00 1.716677001953125000e+03
7.935995379838300501e+00 1.290851440429687500e+03
7.939430132220831382e+00 1.076224487304687500e+03
7.942864884603363151e+00 9.894514160156250000e+02
7.946299636985894033e+00 9.475007934570312500e+02
7.949734389368425802e+00 9.227551879882812500e+02
7.953169141750956683e+00 9.039806518554687500e+02
7.956603894133488453e+00 8.890004272460937500e+02
7.960038646516019334e+00 8.703632202148437500e+02
7.963473398898551103e+00 8.636431884765625000e+02
7.966908151281080208e+00 8.619795532226562500e+02
7.970342903663611978e+00 8.609706420898437500e+02
7.973777656046142859e+00 8.548628540039062500e+02
7.977212408428674628e+00 8.533942871093750000e+02
7.980647160811205509e+00 8.560970458984375000e+02
7.984081913193736391e+00 8.602915039062500000e+02
7.987516665576268160e+00 8.596147460937500000e+02
7.990951417958799041e+00 8.561813354492187500e+02
7.994386170341330811e+00 8.461141967773437500e+02
7.997820922723861692e+00 8.380626831054687500e+02
8.001255675106392573e+00 8.345563354492187500e+02
8.004690427488924342e+00 8.369008789062500000e+02
8.008125179871456112e+00 8.402662963867187500e+02
8.011559932253987881e+00 8.377822875976562500e+02
8.014994684636517874e+00 8.333137207031250000e+02
8.018429437019047867e+00 8.253106079101562500e+02
8.021864189401579637e+00 8.200225219726562500e+02
8.025298941784111406e+00 8.157366333007812500e+02
8.028733694166641399e+00 8.176697387695312500e+02
8.032168446549173169e+00 8.198089599609375000e+02
8.035603198931704938e+00 8.238953247070312500e+02
8.039037951314236707e+00 8.168795776367187500e+02
8.042472703696766700e+00 8.170889892578125000e+02
8.045907456079298470e+00 8.118553466796875000e+02
8.049342208461830239e+00 8.132291259765625000e+02
8.052776960844360232e+00 8.080424804687500000e+02
8.056211713226892002e+00 8.061196289062500000e+02
8.059646465609423771e+00 8.022785644531250000e+02
8.063081217991955540e+00 8.018281250000000000e+02
8.066515970374485534e+00 8.045709228515625000e+02
8.069950722757015527e+00 8.111040649414062500e+02
8.073385475139547296e+00 8.175897827148437500e+02
8.076820227522079065e+00 8.204553833007812500e+02
8.080254979904609058e+00 8.168126831054687500e+02
8.083689732287140828e+00 8.082075805664062500e+02
8.087124484669672597e+00 8.019818115234375000e+02
8.090559237052204367e+00 8.029052734375000000e+02
8.093993989434734360e+00 8.114528198242187500e+02
8.097428741817266129e+00 8.114809570312500000e+02
8.100863494199797898e+00 8.101499023437500000e+02
8.104298246582329668e+00 8.055130615234375000e+02
8.107732998964859661e+00 8.095270996093750000e+02
8.111167751347391430e+00 8.088875732421875000e+02
8.114602503729923200e+00 8.062055664062500000e+02
8.118037256112453193e+00 8.032921752929687500e+02
8.121472008494983186e+00 8.028784179687500000e+02
8.124906760877514955e+00 8.070611572265625000e+02
8.128341513260046725e+00 8.100908203125000000e+02
8.131776265642578494e+00 8.111011962890625000e+02
8.135211018025108487e+00 8.104035644531250000e+02
8.138645770407640256e+00 8.062760009765625000e+02
8.142080522790172026e+00 8.024664306640625000e+02
8.145515275172702019e+00 8.034941406250000000e+02
8.148950027555233788e+00 8.047932128906250000e+02
8.152384779937765558e+00 8.080537719726562500e+02
8.155819532320297327e+00 8.065356445312500000e+02
8.159254284702827320e+00 8.067049560546875000e+02
8.162689037085359089e+00 8.048347167968750000e+02
8.166123789467890859e+00 8.061849975585937500e+02
8.169558541850420852e+00 8.076829833984375000e+02
8.172993294232950845e+00 8.086124267578125000e+02
8.176428046615482614e+00 8.063457031250000000e+02
8.179862798998014384e+00 8.072169189453125000e+02
8.183297551380546153e+00 8.061328735351562500e+02
8.186732303763076146e+00 8.115382080078125000e+02
8.190167056145607916e+00 8.115314331054687500e+02
8.193601808528139685e+00 8.101114501953125000e+02
8.197036560910671454e+00 8.067162475585937500e+02
8.200471313293201447e+00 8.068843383789062500e+02
8.203906065675733217e+00 8.125949096679687500e+02
8.207340818058264986e+00 8.143929443359375000e+02
8.210775570440794979e+00 8.191149291992187500e+02
8.214210322823326749e+00 8.215567626953125000e+02
8.217645075205856742e+00 8.222060546875000000e+02
8.221079827588388511e+00 8.196434936523437500e+02
8.224514579970918504e+00 8.234389038085937500e+02
8.227949332353450274e+00 8.303200073242187500e+02
8.231384084735982043e+00 8.387091064453125000e+02
8.234818837118513812e+00 8.485072021484375000e+02
8.238253589501043805e+00 8.636665039062500000e+02
8.241688341883575575e+00 8.864313964843750000e+02
8.245123094266107344e+00 9.381184082031250000e+02
8.248557846648639114e+00 1.052218017578125000e+03
8.251992599031169107e+00 1.315514648437500000e+03
8.255427351413700876e+00 1.714149047851562500e+03
8.258862103796232645e+00 2.310460205078125000e+03
8.262296856178764415e+00 2.946713378906250000e+03
8.265731608561294408e+00 3.312044921875000000e+03
8.269166360943824401e+00 3.402305175781250000e+03
8.272601113326356170e+00 2.894450439453125000e+03
8.276035865708887940e+00 2.326033935546875000e+03
8.279470618091417933e+00 1.720489257812500000e+03
8.282905370473949702e+00 1.286274658203125000e+03
8.286340122856481472e+00 1.078380737304687500e+03
8.289774875239011465e+00 9.495532226562500000e+02
8.293209627621543234e+00 8.987979125976562500e+02
8.296644380004075003e+00 8.736605834960937500e+02
8.300079132386606773e+00 8.600764160156250000e+02
8.303513884769136766e+00 8.498831176757812500e+02
8.306948637151668535e+00 8.423023681640625000e+02
8.310383389534200305e+00 8.346736450195312500e+02
8.313818141916732074e+00 8.238920288085937500e+02
8.317252894299262067e+00 8.181925659179687500e+02
8.320687646681792060e+00 8.204173583984375000e+02
8.324122399064323830e+00 8.247245483398437500e+02
8.327557151446855599e+00 8.245733032226562500e+02
8.330991903829385592e+00 8.211184692382812500e+02
8.334426656211917361e+00 8.170817260742187500e+02
8.337861408594449131e+00 8.159929809570312500e+02
8.341296160976980900e+00 8.202921752929687500e+02
8.344730913359510893e+00 8.291270751953125000e+02
8.348165665742042663e+00 8.320568237304687500e+02
8.351600418124574432e+00 8.312074584960937500e+02
8.355035170507104425e+00 8.257864990234375000e+02
8.358469922889636194e+00 8.232994384765625000e+02
8.361904675272167964e+00 8.229761962890625000e+02
8.365339427654699733e+00 8.252443847656250000e+02
8.368774180037229726e+00 8.280932617187500000e+02
8.372208932419759719e+00 8.288200683593750000e+02
8.375643684802291489e+00 8.231948242187500000e+02
8.379078437184823258e+00 8.166788330078125000e+02
8.382513189567353251e+00 8.148486328125000000e+02
8.385947941949885021e+00 8.172280883789062500e+02
8.389382694332416790e+00 8.223323364257812500e+02
8.392817446714948559e+00 8.257634277343750000e+02
8.396252199097478552e+00 8.320326538085937500e+02
8.399686951480010322e+00 8.323395385742187500e+02
8.403121703862542091e+00 8.423585205078125000e+02
8.406556456245073861e+00 8.537920532226562500e+02
8.409991208627603854e+00 8.790576171875000000e+02
8.413425961010135623e+00 9.065648803710937500e+02
8.416860713392667392e+00 9.615290527343750000e+02
8.420295465775197385e+00 1.079022460937500000e+03
8.423730218157727379e+00 1.311554931640625000e+03
8.427164970540259148e+00 1.721637084960937500e+03
8.430599722922790917e+00 2.280003662109375000e+03
8.434034475305322687e+00 2.749260498046875000e+03
8.437469227687852680e+00 3.044093505859375000e+03
8.440903980070384449e+00 2.882674316406250000e+03
8.444338732452916219e+00 2.464006347656250000e+03
8.447773484835446212e+00 1.892160766601562500e+03
8.451208237217977981e+00 1.408322021484375000e+03
8.454642989600509750e+00 1.128675537109375000e+03
8.458077741983041520e+00 9.713618164062500000e+02
8.461512494365571513e+00 9.020711669921875000e+02
8.464947246748103282e+00 8.789368896484375000e+02
8.468381999130633275e+00 8.672521972656250000e+02
8.471816751513165045e+00 8.597879028320312500e+02
8.475251503895695038e+00 8.526204833984375000e+02
8.478686256278226807e+00 8.481405029296875000e+02
8.482121008660758577e+00 8.443015136718750000e+02
8.485555761043290346e+00 8.384845581054687500e+02
8.488990513425820339e+00 8.400003051757812500e+02
8.492425265808352108e+00 8.491319580078125000e+02
8.495860018190883878e+00 8.549539794921875000e+02
8.499294770573415647e+00 8.548970947265625000e+02
8.502729522955945640e+00 8.497232055664062500e+02
8.506164275338477410e+00 8.452419433593750000e+02
8.509599027721009179e+00 8.439107666015625000e+02
8.513033780103539172e+00 8.423786010742187500e+02
8.516468532486070941e+00 8.416095581054687500e+02
8.519903284868600934e+00 8.425948486328125000e+02
8.523338037251132704e+00 8.425979614257812500e+02
8.526772789633662697e+00 8.451749267578125000e+02
8.530207542016194466e+00 8.486074218750000000e+02
8.533642294398726236e+00 8.598319702148437500e+02
8.537077046781258005e+00 8.659404296875000000e+02
8.540511799163787998e+00 8.672896118164062500e+02
8.543946551546319768e+00 8.627015991210937500e+02
8.547381303928851537e+00 8.625212402343750000e+02
8.550816056311383306e+00 8.723674926757812500e+02
8.554250808693913299e+00 8.885420532226562500e+02
8.557685561076445069e+00 9.067479858398437500e+02
8.561120313458976838e+00 9.150164794921875000e+02
8.564555065841508608e+00 9.221499633789062500e+02
8.567989818224038601e+00 9.328116455078125000e+02
8.571424570606568594e+00 9.655000610351562500e+02
8.574859322989100363e+00 1.007707824707031250e+03
8.578294075371632132e+00 1.072630859375000000e+03
8.581728827754162126e+00 1.190957885742187500e+03
8.585163580136693895e+00 1.473940063476562500e+03
8.588598332519225664e+00 1.999662719726562500e+03
8.592033084901755657e+00 2.978362792968750000e+03
8.595467837284287427e+00 4.906531250000000000e+03
8.598902589666819196e+00 6.888571289062500000e+03
8.602337342049350966e+00 8.943755859375000000e+03
8.605772094431880959e+00 9.842149414062500000e+03
8.609206846814412728e+00 9.343459960937500000e+03
8.612641599196944497e+00 7.601122070312500000e+03
8.616076351579476267e+00 5.180412109375000000e+03
8.619511103962004483e+00 3.297326660156250000e+03
8.622945856344536253e+00 2.141269287109375000e+03
8.626380608727068022e+00 1.520395263671875000e+03
8.629815361109599792e+00 1.225953125000000000e+03
8.633250113492129785e+00 1.093133300781250000e+03
8.636684865874661554e+00 1.019706481933593750e+03
8.640119618257193324e+00 9.751466064453125000e+02
8.643554370639725093e+00 9.518221435546875000e+02
8.646989123022255086e+00 9.363308715820312500e+02
8.650423875404786855e+00 9.244579467773437500e+02
8.653858627787318625e+00 9.117021484375000000e+02
8.657293380169850394e+00 9.001241455078125000e+02
8.660728132552380387e+00 8.932969970703125000e+02
8.664162884934912157e+00 8.876885375976562500e+02
8.667597637317443926e+00 8.821431274414062500e+02
8.671032389699973919e+00 8.742534790039062500e+02
8.674467142082503912e+00 8.677321166992187500e+02
8.677901894465035681e+00 8.649050903320312500e+02
8.681336646847567451e+00 8.603013916015625000e+02
8.684771399230097444e+00 8.584819335937500000e+02
8.688206151612629213e+00 8.582101440429687500e+02
8.691640903995160983e+00 8.603255615234375000e+02
8.695075656377692752e+00 8.572893676757812500e+02
8.698510408760222745e+00 8.525526733398437500e+02
8.701945161142754515e+00 8.546409912109375000e+02
8.705379913525286284e+00 8.559470214843750000e+02
8.708814665907818053e+00 8.559857788085937500e+02
8.712249418290348046e+00 8.441752929687500000e+02
8.715684170672879816e+00 8.431431884765625000e+02
8.719118923055411585e+00 8.448947753906250000e+02
8.722553675437941578e+00 8.506841430664062500e+02
8.725988427820471571e+00 8.524840698242187500e+02
8.729423180203003341e+00 8.583945922851562500e+02
8.732857932585535110e+00 8.654031372070312500e+02
8.736292684968066879e+00 8.715479736328125000e+02
8.739727437350596873e+00 8.851080932617187500e+02
8.743162189733128642e+00 9.211049194335937500e+02
8.746596942115660411e+00 9.845859375000000000e+02
8.750031694498190404e+00 1.105865722656250000e+03
8.753466446880722174e+00 1.363496948242187500e+03
8.756901199263253943e+00 1.756192749023437500e+03
8.760335951645785713e+00 2.363692138671875000e+03
8.763770704028315706e+00 3.146796142578125000e+03
8.767205456410847475e+00 3.720343017578125000e+03
8.770640208793377468e+00 3.962618896484375000e+03
8.774074961175909237e+00 3.547947998046875000e+03
8.777509713558439230e+00 2.901863281250000000e+03
8.780944465940971000e+00 2.144799316406250000e+03
8.784379218323502769e+00 1.543477172851562500e+03
8.787813970706034539e+00 1.189823120117187500e+03
8.791248723088564532e+00 1.013582397460937500e+03
8.794683475471096301e+00 9.336522216796875000e+02
8.798118227853628071e+00 8.999842529296875000e+02
8.801552980236159840e+00 8.811894531250000000e+02
8.804987732618689833e+00 8.696680908203125000e+02
8.808422485001221602e+00 8.583182373046875000e+02
8.811857237383753372e+00 8.432344970703125000e+02
8.815291989766283365e+00 8.291840209960937500e+02
8.818726742148815134e+00 8.227291870117187500e+02
8.822161494531345127e+00 8.225054931640625000e+02
8.825596246913876897e+00 8.253128051757812500e+02
8.829030999296408666e+00 8.233210449218750000e+02
8.832465751678938659e+00 8.179373779296875000e+02
8.835900504061470428e+00 8.102256469726562500e+02
8.839335256444002198e+00 8.106042480468750000e+02
8.842770008826532191e+00 8.112298583984375000e+02
8.846204761209063960e+00 8.093477783203125000e+02
8.849639513591595730e+00 8.063860473632812500e+02
8.853074265974127499e+00 8.050607299804687500e+02
8.856509018356657492e+00 8.053662719726562500e+02
8.859943770739189262e+00 8.045092773437500000e+02
8.863378523121721031e+00 8.081064453125000000e+02
8.866813275504252800e+00 8.104718627929687500e+02
8.870248027886781017e+00 8.086387939453125000e+02
8.873682780269312786e+00 8.035406494140625000e+02
8.877117532651844556e+00 7.980806274414062500e+02
8.880552285034376325e+00 7.981688842773437500e+02
8.883987037416906318e+00 7.999891357421875000e+02
8.887421789799438088e+00 8.013349609375000000e+02
8.890856542181969857e+00 8.028232421875000000e+02
8.894291294564501626e+00 8.019542236328125000e+02
8.897726046947031620e+00 8.028029174804687500e+02
8.901160799329563389e+00 8.032841186523437500e+02
8.904595551712095158e+00 8.059506835937500000e+02
8.908030304094625151e+00 8.118632812500000000e+02
8.911465056477156921e+00 8.083929443359375000e+02
8.914899808859688690e+00 8.037423706054687500e+02
8.918334561242220460e+00 7.988765869140625000e+02
8.921769313624748676e+00 7.950147705078125000e+02
8.925204066007280446e+00 7.970957031250000000e+02
8.928638818389812215e+00 8.009079589843750000e+02
8.932073570772343984e+00 8.036117553710937500e+02
8.935508323154873978e+00 8.011289672851562500e+02
8.938943075537405747e+00 7.969573974609375000e+02
8.942377827919937516e+00 8.012018432617187500e+02
8.945812580302469286e+00 7.989522094726562500e+02
8.949247332684999279e+00 7.990460205078125000e+02
8.952682085067531048e+00 7.975922851562500000e+02
8.956116837450062818e+00 8.037590332031250000e+02
8.959551589832594587e+00 8.085712280273437500e+02
8.962986342215124580e+00 8.131955566406250000e+02
8.966421094597656349e+00 8.134243774414062500e+02
8.969855846980188119e+00 8.103413085937500000e+02
8.973290599362718112e+00 8.076024780273437500e+02
8.976725351745248105e+00 8.032490234375000000e+02
8.980160104127779874e+00 8.053097534179687500e+02
8.983594856510311644e+00 8.048275146484375000e+02
8.987029608892841637e+00 8.139625854492187500e+02
8.990464361275373406e+00 8.158516235351562500e+02
8.993899113657905176e+00 8.155220947265625000e+02
8.997333866040436945e+00 8.116781616210937500e+02
9.000768618422966938e+00 8.119862060546875000e+02
9.004203370805498707e+00 8.162651367187500000e+02
9.007638123188030477e+00 8.184807128906250000e+02
9.011072875570562246e+00 8.220947875976562500e+02
9.014507627953092239e+00 8.295632324218750000e+02
9.017942380335624009e+00 8.352838134765625000e+02
9.021377132718154002e+00 8.409844360351562500e+02
9.024811885100685771e+00 8.398151855468750000e+02
9.028246637483215764e+00 8.424728393554687500e+02
9.031681389865747533e+00 8.446322631835937500e+02
9.035116142248279303e+00 8.463141479492187500e+02
9.038550894630811072e+00 8.494564819335937500e+02
9.041985647013341065e+00 8.505067749023437500e+02
9.045420399395872835e+00 8.569418945312500000e+02
9.048855151778404604e+00 8.660053100585937500e+02
9.052289904160934597e+00 8.819091186523437500e+02
9.055724656543466367e+00 9.033360595703125000e+02
9.059159408925998136e+00 9.346158447265625000e+02
9.062594161308529905e+00 9.899210205078125000e+02
9.066028913691059898e+00 1.094051147460937500e+03
9.069463666073591668e+00 1.293727050781250000e+03
9.072898418456121661e+00 1.693097534179687500e+03
9.076333170838653430e+00 2.483406005859375000e+03
9.079767923221183423e+00 3.647930908203125000e+03
9.083202675603715193e+00 4.971293945312500000e+03
9.086637427986246962e+00 6.296085449218750000e+03
9.090072180368778731e+00 6.768111816406250000e+03
9.093506932751308725e+00 6.394181640625000000e+03
9.096941685133840494e+00 5.291475585937500000e+03
9.100376437516372263e+00 3.786357666015625000e+03
9.103811189898904033e+00 2.640615234375000000e+03
9.107245942281434026e+00 1.771687133789062500e+03
9.110680694663965795e+00 1.312625976562500000e+03
9.114115447046497565e+00 1.118786865234375000e+03
9.117550199429027558e+00 1.008300598144531250e+03
9.120984951811559327e+00 9.478331298828125000e+02
9.124419704194089320e+00 9.200109863281250000e+02
9.127854456576621089e+00 9.019435424804687500e+02
9.131289208959152859e+00 8.868799438476562500e+02
9.134723961341682852e+00 8.724124145507812500e+02
9.138158713724214621e+00 8.621103515625000000e+02
9.141593466106746391e+00 8.556665039062500000e+02
9.145028218489276384e+00 8.533284301757812500e+02
9.148462970871808153e+00 8.486816406250000000e+02
9.151897723254339923e+00 8.427062988281250000e+02
9.155332475636871692e+00 8.384047241210937500e+02
9.158767228019401685e+00 8.379306640625000000e+02
9.162201980401933454e+00 8.411384277343750000e+02
9.165636732784465224e+00 8.423941650390625000e+02
9.169071485166996993e+00 8.443115234375000000e+02
9.172506237549525210e+00 8.409973754882812500e+02
9.175940989932056979e+00 8.364729614257812500e+02
9.179375742314588749e+00 8.336613159179687500e+02
9.182810494697120518e+00 8.312059936523437500e+02
9.186245247079650511e+00 8.341325683593750000e+02
9.189679999462182280e+00 8.343566284179687500e+02
9.193114751844714050e+00 8.366993408203125000e+02
9.196549504227245819e+00 8.370161743164062500e+02
9.199984256609775812e+00 8.390869140625000000e+02
9.203419008992307582e+00 8.393749389648437500e+02
9.206853761374839351e+00 8.385155029296875000e+02
9.210288513757369344e+00 8.380867309570312500e+02
9.213723266139901114e+00 8.438214721679687500e+02
9.217158018522432883e+00 8.564348754882812500e+02
9.220592770904964652e+00 8.853269042968750000e+02
9.224027523287492869e+00 9.439381713867187500e+02
9.227462275670024638e+00 1.059829101562500000e+03
9.230897028052556408e+00 1.258901367187500000e+03
9.234331780435088177e+00 1.634450317382812500e+03
9.237766532817618170e+00 2.057219482421875000e+03
9.241201285200149940e+00 2.517386962890625000e+03
9.244636037582681709e+00 2.883627929687500000e+03
9.248070789965213478e+00 2.886156982421875000e+03
9.251505542347743472e+00 2.614796386718750000e+03
9.254940294730275241e+00 2.055620361328125000e+03
9.258375047112807010e+00 1.566134277343750000e+03
9.261809799495338780e+00 1.217293334960937500e+03
9.265244551877868773e+00 1.007389587402343750e+03
9.268679304260400542e+00 9.177221069335937500e+02
9.272114056642930535e+00 8.743472290039062500e+02
9.275548809025462305e+00 8.527705078125000000e+02
9.278983561407992298e+00 8.373572998046875000e+02
9.282418313790524067e+00 8.335567626953125000e+02
9.285853066173055836e+00 8.300217895507812500e+02
9.289287818555585829e+00 8.267007446289062500e+02
9.292722570938117599e+00 8.233829345703125000e+02
9.296157323320649368e+00 8.171370849609375000e+02
9.299592075703181138e+00 8.085249633789062500e+02
9.303026828085711131e+00 7.992398071289062500e+02
9.306461580468242900e+00 7.963325195312500000e+02
9.309896332850774670e+00 7.956540527343750000e+02
9.313331085233306439e+00 7.957731933593750000e+02
9.316765837615836432e+00 7.928172607421875000e+02
9.320200589998368201e+00 7.927847290039062500e+02
9.323635342380898194e+00 7.908734130859375000e+02
9.327070094763429964e+00 7.957968750000000000e+02
9.330504847145959957e+00 7.935783691406250000e+02
9.333939599528491726e+00 7.959194946289062500e+02
9.337374351911023496e+00 7.967524414062500000e+02
9.340809104293555265e+00 7.986161499023437500e+02
9.344243856676085258e+00 7.952081298828125000e+02
9.347678609058617027e+00 7.932950439453125000e+02
9.351113361441148797e+00 7.994774780273437500e+02
9.354548113823678790e+00 8.046388549804687500e+02
9.357982866206210559e+00 8.007441406250000000e+02
9.361417618588742329e+00 7.946986694335937500e+02
9.364852370971274098e+00 7.913069458007812500e+02
9.368287123353804091e+00 8.295548095703125000e+02
9.371721875736335861e+00 8.395106201171875000e+02
9.375156628118865854e+00 8.406679077148437500e+02
9.378591380501397623e+00 8.011600341796875000e+02
9.382026132883927616e+00 8.019235229492187500e+02
9.385460885266459385e+00 8.004792480468750000e+02
9.388895637648991155e+00 7.966965942382812500e+02
9.392330390031522924e+00 7.886726074218750000e+02
9.395765142414052917e+00 7.847584838867187500e+02
9.399199894796584687e+00 7.836978759765625000e+02
9.402634647179116456e+00 7.828184814453125000e+02
9.406069399561648225e+00 7.820208129882812500e+02
9.409504151944178219e+00 7.827058105468750000e+02
9.412938904326709988e+00 7.905095214843750000e+02
9.416373656709241757e+00 7.869645385742187500e+02
9.419808409091771750e+00 7.793507690429687500e+02
9.423243161474301743e+00 7.693999023437500000e+02
9.426677913856833513e+00 7.730610351562500000e+02
9.430112666239365282e+00 7.773176269531250000e+02
9.433547418621897052e+00 7.773660888671875000e+02
9.436982171004427045e+00 7.753115844726562500e+02
9.440416923386958814e+00 7.750755004882812500e+02
9.443851675769490583e+00 7.732316894531250000e+02
9.447286428152020576e+00 7.724806518554687500e+02
9.450721180534552346e+00 7.688267211914062500e+02
9.454155932917084115e+00 7.679732666015625000e+02
9.457590685299615885e+00 7.647630615234375000e+02
9.461025437682145878e+00 7.665545654296875000e+02
9.464460190064677647e+00 7.717439575195312500e+02
9.467894942447209417e+00 7.729153442382812500e+02
9.471329694829741186e+00 7.737317504882812500e+02
9.474764447212269403e+00 7.747152709960937500e+02
9.478199199594801172e+00 7.727117309570312500e+02
9.481633951977332941e+00 7.674250488281250000e+02
9.485068704359864711e+00 7.647744140625000000e+02
9.488503456742394704e+00 7.621348876953125000e+02
9.491938209124926473e+00 7.592832031250000000e+02
9.495372961507458243e+00 7.543828125000000000e+02
9.498807713889990012e+00 7.544804077148437500e+02
9.502242466272520005e+00 7.564882202148437500e+02
9.505677218655051774e+00 7.564312744140625000e+02
9.509111971037583544e+00 7.600830078125000000e+02
9.512546723420113537e+00 7.659019775390625000e+02
9.515981475802645306e+00 7.704926147460937500e+02
9.519416228185177076e+00 7.766245117187500000e+02
9.522850980567708845e+00 7.865444335937500000e+02
9.526285732950237062e+00 8.047460327148437500e+02
9.529720485332768831e+00 8.373227539062500000e+02
9.533155237715300601e+00 9.050599365234375000e+02
9.536589990097832370e+00 1.033587768554687500e+03
9.540024742480362363e+00 1.217148925781250000e+03
9.543459494862894132e+00 1.430842651367187500e+03
9.546894247245425902e+00 1.560226928710937500e+03
9.550328999627957671e+00 1.584444580078125000e+03
9.553763752010487664e+00 1.451050659179687500e+03
9.557198504393019434e+00 1.276324584960937500e+03
9.560633256775551203e+00 1.095562866210937500e+03
9.564068009158082972e+00 9.525372924804687500e+02
9.567502761540612966e+00 8.692600708007812500e+02
9.570937513923144735e+00 8.195295410156250000e+02
9.574372266305674728e+00 7.987588500976562500e+02
9.577807018688206497e+00 7.881315917968750000e+02
9.581241771070736490e+00 7.764567871093750000e+02
9.584676523453268260e+00 7.713024902343750000e+02
9.588111275835800029e+00 7.717978515625000000e+02
9.591546028218330022e+00 7.717384033203125000e+02
9.594980780600861792e+00 7.705603637695312500e+02
9.598415532983393561e+00 7.706302490234375000e+02
9.601850285365925330e+00 7.704141845703125000e+02
9.605285037748455323e+00 7.760303955078125000e+02
9.608719790130987093e+00 7.696522827148437500e+02
9.612154542513518862e+00 7.691473999023437500e+02
9.615589294896050632e+00 7.638997192382812500e+02
9.619024047278580625e+00 7.690146484375000000e+02
9.622458799661112394e+00 7.701746826171875000e+02
9.625893552043642387e+00 7.731004638671875000e+02
9.629328304426174157e+00 7.791539916992187500e+02
9.632763056808704150e+00 7.828029174804687500e+02
9.636197809191235919e+00 7.846295166015625000e+02
9.639632561573767688e+00 7.842003173828125000e+02
9.643067313956299458e+00 7.833225708007812500e+02
9.646502066338829451e+00 7.843883056640625000e+02
9.649936818721361220e+00 7.870162353515625000e+02
9.653371571103892990e+00 7.946400146484375000e+02
9.656806323486422983e+00 8.042787475585937500e+02
9.660241075868954752e+00 8.141640014648437500e+02
9.663675828251486521e+00 8.254642944335937500e+02
9.667110580634018291e+00 8.395957031250000000e+02
9.670545333016548284e+00 8.641183471679687500e+02
9.673980085399080053e+00 9.176436157226562500e+02
9.677414837781610046e+00 1.031003662109375000e+03
9.680849590164141816e+00 1.223376464843750000e+03
9.684284342546671809e+00 1.629094360351562500e+03
9.687719094929203578e+00 2.247508544921875000e+03
9.691153847311735348e+00 3.031224365234375000e+03
9.694588599694267117e+00 3.804853271484375000e+03
9.698023352076797110e+00 4.211956542968750000e+03
9.701458104459328879e+00 4.031126464843750000e+03
9.704892856841860649e+00 3.442687988281250000e+03
9.708327609224392418e+00 2.551391113281250000e+03
9.711762361606922411e+00 1.863294311523437500e+03
9.715197113989454181e+00 1.379730957031250000e+03
9.718631866371985950e+00 1.080618408203125000e+03
9.722066618754515943e+00 9.517457885742187500e+02
9.725501371137045936e+00 8.861355590820312500e+02
9.728936123519577706e+00 8.505260009765625000e+02
9.732370875902109475e+00 8.322497558593750000e+02
9.735805628284641244e+00 8.218087158203125000e+02
9.739240380667171237e+00 8.126556396484375000e+02
9.742675133049703007e+00 8.060501098632812500e+02
9.746109885432234776e+00 8.012562866210937500e+02
9.749544637814764769e+00 7.994704589843750000e+02
9.752979390197296539e+00 7.941615600585937500e+02
9.756414142579828308e+00 7.883339843750000000e+02
9.759848894962360077e+00 7.805539550781250000e+02
9.763283647344890070e+00 7.777683105468750000e+02
9.766718399727421840e+00 7.792629394531250000e+02
9.770153152109953609e+00 7.845600585937500000e+02
9.773587904492485379e+00 7.880048217773437500e+02
9.777022656875013595e+00 7.880816040039062500e+02
9.780457409257545365e+00 7.872372436523437500e+02
9.783892161640077134e+00 7.903737792968750000e+02
9.787326914022608904e+00 7.904147949218750000e+02
9.790761666405138897e+00 7.864536743164062500e+02
9.794196418787670666e+00 7.818642578125000000e+02
9.797631171170202435e+00 7.783685913085937500e+02
9.801065923552734205e+00 7.875145263671875000e+02
9.804500675935264198e+00 7.908050537109375000e+02
9.807935428317795967e+00 7.996261596679687500e+02
9.811370180700327737e+00 8.125746459960937500e+02
9.814804933082857730e+00 8.342781372070312500e+02
9.818239685465389499e+00 8.654180908203125000e+02
9.821674437847921268e+00 9.478267211914062500e+02
9.825109190230451262e+00 1.099122802734375000e+03
9.828543942612981255e+00 1.364064819335937500e+03
9.831978694995513024e+00 1.881455688476562500e+03
9.835413447378044793e+00 2.536997558593750000e+03
9.838848199760576563e+00 3.186735839843750000e+03
9.842282952143106556e+00 3.826204589843750000e+03
9.845717704525638325e+00 3.896044189453125000e+03
9.849152456908170095e+00 3.541450927734375000e+03
9.852587209290701864e+00 2.875370117187500000e+03
9.856021961673231857e+00 2.011479248046875000e+03
9.859456714055763626e+00 1.529798828125000000e+03
9.862891466438295396e+00 1.161423339843750000e+03
9.866326218820827165e+00 9.630989990234375000e+02
9.869760971203357158e+00 8.830834960937500000e+02
9.873195723585888928e+00 8.305313110351562500e+02
9.876630475968418921e+00 8.043192138671875000e+02
9.880065228350950690e+00 7.913635253906250000e+02
9.883499980733480683e+00 7.860552978515625000e+02
9.886934733116012453e+00 7.803141479492187500e+02
9.890369485498544222e+00 7.779755859375000000e+02
9.893804237881074215e+00 7.746828002929687500e+02
9.897238990263605984e+00 7.709043579101562500e+02
9.900673742646137754e+00 7.726090698242187500e+02
9.904108495028669523e+00 7.738254394531250000e+02
9.907543247411199516e+00 7.684978027343750000e+02
9.910977999793731286e+00 7.650856933593750000e+02
9.914412752176263055e+00 7.621505126953125000e+02
9.917847504558794824e+00 7.575774536132812500e+02
9.921282256941324817e+00 7.575817260742187500e+02
9.924717009323856587e+00 7.507680664062500000e+02
9.928151761706386580e+00 7.505883178710937500e+02
9.931586514088918349e+00 7.489376220703125000e+02
9.935021266471448342e+00 7.539164428710937500e+02
9.938456018853980112e+00 7.555132446289062500e+02
9.941890771236511881e+00 7.603468627929687500e+02
9.945325523619043651e+00 7.595615844726562500e+02
9.948760276001573644e+00 7.590905151367187500e+02
9.952195028384105413e+00 7.590645141601562500e+02
9.955629780766637182e+00 7.687618408203125000e+02
9.959064533149167175e+00 7.896674804687500000e+02
9.962499285531698945e+00 8.170565185546875000e+02
9.965934037914230714e+00 8.672592773437500000e+02
9.969368790296762484e+00 9.935340576171875000e+02
9.972803542679292477e+00 1.193136108398437500e+03
9.976238295061822470e+00 1.546814697265625000e+03
9.979673047444354239e+00 2.166801025390625000e+03
9.983107799826886009e+00 2.641154052734375000e+03
9.986542552209416002e+00 2.990912353515625000e+03
9.989977304591947771e+00 3.025652099609375000e+03
9.993412056974479540e+00 2.674834716796875000e+03
9.996846809357011310e+00 2.233296875000000000e+03
1.000028156173954130e+01 1.643207397460937500e+03
1.000371631412207307e+01 1.223989257812500000e+03
1.000715106650460484e+01 1.011622009277343750e+03
1.001058581888713661e+01 8.641816406250000000e+02
1.001402057126966660e+01 7.980042114257812500e+02
1.001745532365219837e+01 7.752702636718750000e+02
1.002089007603473014e+01 7.559441528320312500e+02
1.002432482841726191e+01 7.454815063476562500e+02
1.002775958079979013e+01 7.397689208984375000e+02
1.003119433318232190e+01 7.410226440429687500e+02
1.003462908556485367e+01 7.228018188476562500e+02
1.003806383794738544e+01 7.097567138671875000e+02
1.004149859032991543e+01 6.999694824218750000e+02
1.004493334271244720e+01 6.966317749023437500e+02
1.004836809509497897e+01 6.965081176757812500e+02
1.005180284747750896e+01 7.012711181640625000e+02
1.005523759986004073e+01 7.073762817382812500e+02
1.005867235224257250e+01 7.075341186523437500e+02
1.006210710462510427e+01 7.063956909179687500e+02
1.006554185700763426e+01 7.033044433593750000e+02
1.006897660939016603e+01 6.943718872070312500e+02
1.007241136177269780e+01 6.794179687500000000e+02
1.007584611415522957e+01 6.808784179687500000e+02
1.007928086653775779e+01 6.866856689453125000e+02
1.008271561892028956e+01 7.015354003906250000e+02
1.008615037130282133e+01 6.982084350585937500e+02
1.008958512368535310e+01 6.929739990234375000e+02
1.009301987606788309e+01 6.700349121093750000e+02
1.009645462845041486e+01 6.686790771484375000e+02
1.009988938083294663e+01 6.740239868164062500e+02
1.010332413321547840e+01 6.896492919921875000e+02
1.010675888559800839e+01 7.122955322265625000e+02
1.011019363798054016e+01 7.486666259765625000e+02
1.011362839036307193e+01 7.981001586914062500e+02
1.011706314274560192e+01 9.567329711914062500e+02
1.012049789512813369e+01 1.123819335937500000e+03
1.012393264751066546e+01 1.302792114257812500e+03
1.012736739989319545e+01 1.625742553710937500e+03
1.013080215227572545e+01 1.816683715820312500e+03
1.013423690465825722e+01 1.940968017578125000e+03
1.013767165704078899e+01 1.807284912109375000e+03
1.014110640942332076e+01 1.314889892578125000e+03
1.014454116180585075e+01 1.030970581054687500e+03
1.014797591418838252e+01 7.835357055664062500e+02
1.015141066657091429e+01 6.802808837890625000e+02
1.015484541895344606e+01 6.326614990234375000e+02
1.015828017133597605e+01 5.981129150390625000e+02
1.016171492371850782e+01 5.611249389648437500e+02
1.016514967610103959e+01 5.430782470703125000e+02
1.016858442848357136e+01 5.289229736328125000e+02
1.017201918086610135e+01 5.116977844238281250e+02
1.017545393324863312e+01 4.870313110351562500e+02
1.017888868563116311e+01 4.780744934082031250e+02
1.018232343801369488e+01 4.767856140136718750e+02
1.018575819039622488e+01 4.480809936523437500e+02
1.018919294277875665e+01 4.248831787109375000e+02
1.019262769516128841e+01 4.005718078613281250e+02
1.019606244754382018e+01 3.780366516113281250e+02
1.019949719992635018e+01 3.689552001953125000e+02
1.020293195230888195e+01 3.611550292968750000e+02
1.020636670469141372e+01 3.489716796875000000e+02
1.020980145707394371e+01 3.225689392089843750e+02
1.021323620945647548e+01 3.137625732421875000e+02
1.021667096183900725e+01 3.078843994140625000e+02
1.022010571422153902e+01 2.937142639160156250e+02
1.022354046660406901e+01 2.785164184570312500e+02
1.022697521898659900e+01 2.674379272460937500e+02
1.023040997136913077e+01 2.756661682128906250e+02
1.023384472375166254e+01 2.661263427734375000e+02
1.023727947613419254e+01 2.463392791748046875e+02
1.024071422851672430e+01 2.017028198242187500e+02
1.024414898089925607e+01 1.981007843017578125e+02
1.024758373328178784e+01 1.746682281494140625e+02
1.025101848566431784e+01 1.413328704833984375e+02
1.025445323804684961e+01 8.239117431640625000e+01
1.025788799042938138e+01 8.913477325439453125e+01
1.026132274281191314e+01 9.113259887695312500e+01
1.026475749519444314e+01 5.343967056274414062e+01
1.026819224757697491e+01 5.000588607788085938e+01
1.027162699995950668e+01 4.201720428466796875e+01
1.027506175234203667e+01 1.786509323120117188e+01
1.027849650472456666e+01 5.927060127258300781e+00
1.028193125710709843e+01 0.000000000000000000e+00
1.028536600948963020e+01 0.000000000000000000e+00
1.028880076187216019e+01 0.000000000000000000e+00
1.029223551425469196e+01 0.000000000000000000e+00
1.029567026663722373e+01 0.000000000000000000e+00
1.029910501901975550e+01 0.000000000000000000e+00
1.030253977140228550e+01 0.000000000000000000e+00
