# # sector 12: chi = -55.01 deg (range [-60, -50))
# # columns: 2theta(deg)  intensity
1.717376191265591965e-03 4.110563354492187500e+02
5.152128573796775461e-03 3.111982116699218750e+02
8.586880956327959391e-03 2.964948730468750000e+02
1.202163333885914419e-02 1.293234252929687500e+02
1.545638572139032552e-02 5.716110610961914062e+01
1.889113810392151205e-02 5.813891220092773438e+01
2.232589048645269511e-02 1.109366149902343750e+02
2.576064286898388164e-02 1.520973052978515625e+02
2.919539525151506124e-02 1.845556335449218750e+02
3.263014763404624430e-02 2.189813537597656250e+02
3.606490001657743083e-02 1.911591796875000000e+02
3.949965239910861736e-02 1.950258026123046875e+02
4.293440478163979696e-02 2.292623138427734375e+02
4.636915716417097655e-02 2.436018218994140625e+02
4.980390954670216308e-02 2.263863983154296875e+02
5.323866192923334961e-02 2.022850952148437500e+02
5.667341431176453614e-02 2.308072357177734375e+02
6.010816669429572268e-02 2.386849822998046875e+02
6.354291907682689533e-02 2.265078125000000000e+02
6.697767145935809574e-02 1.724099884033203125e+02
7.041242384188926839e-02 1.395991668701171875e+02
7.384717622442045493e-02 1.174518661499023438e+02
7.728192860695165534e-02 1.193765487670898438e+02
8.071668098948282799e-02 1.337659149169921875e+02
8.415143337201401452e-02 1.434043579101562500e+02
8.758618575454518718e-02 1.476036224365234375e+02
9.102093813707637371e-02 1.368931732177734375e+02
9.445569051960756024e-02 1.151617507934570312e+02
9.789044290213874677e-02 1.549685516357421875e+02
1.013251952846699333e-01 1.783300628662109375e+02
1.047599476672011198e-01 2.077310485839843750e+02
1.081947000497323064e-01 1.621413116455078125e+02
1.116294524322634790e-01 1.433804931640625000e+02
1.150642048147946794e-01 1.396399078369140625e+02
1.184989571973258382e-01 1.489265441894531250e+02
1.219337095798570386e-01 1.255894546508789062e+02
1.253684619623882113e-01 9.590711212158203125e+01
1.288032143449193978e-01 1.311823425292968750e+02
1.322379667274505843e-01 1.713053283691406250e+02
1.356727191099817709e-01 1.957929229736328125e+02
1.391074714925129574e-01 1.867826232910156250e+02
1.425422238750441439e-01 1.885949249267578125e+02
1.459769762575753027e-01 2.399564514160156250e+02
1.494117286401065170e-01 2.954824523925781250e+02
1.528464810226377035e-01 3.649751892089843750e+02
1.562812334051688623e-01 4.433639831542968750e+02
1.597159857877000488e-01 6.115767211914062500e+02
1.631507381702312354e-01 8.236882934570312500e+02
1.665854905527624219e-01 1.043376708984375000e+03
1.700202429352936084e-01 1.249824340820312500e+03
1.734549953178247950e-01 1.393160278320312500e+03
1.768897477003559815e-01 1.428159057617187500e+03
1.803245000828871403e-01 1.447644897460937500e+03
1.837592524654183268e-01 1.476838745117187500e+03
1.871940048479495411e-01 1.527686157226562500e+03
1.906287572304806999e-01 1.535091430664062500e+03
1.940635096130118864e-01 1.549836181640625000e+03
1.974982619955431007e-01 1.552302246093750000e+03
2.009330143780742595e-01 1.536765380859375000e+03
2.043677667606054460e-01 1.515632934570312500e+03
2.078025191431366325e-01 1.534222412109375000e+03
2.112372715256678191e-01 1.576765136718750000e+03
2.146720239081990056e-01 1.635636352539062500e+03
2.181067762907301644e-01 1.656570556640625000e+03
2.215415286732613787e-01 1.690512084960937500e+03
2.249762810557925652e-01 1.705377685546875000e+03
2.284110334383237517e-01 1.767775634765625000e+03
2.318457858208548827e-01 1.808052856445312500e+03
2.352805382033860970e-01 1.796723999023437500e+03
2.387152905859172836e-01 1.783621826171875000e+03
2.421500429684484701e-01 1.769983520507812500e+03
2.455847953509796566e-01 1.810993774414062500e+03
2.490195477335108154e-01 1.820847412109375000e+03
2.524543001160420297e-01 1.865885375976562500e+03
2.558890524985731885e-01 1.862706787109375000e+03
2.593238048811044028e-01 1.879252197265625000e+03
2.627585572636355615e-01 1.907742919921875000e+03
2.661933096461667758e-01 1.929057861328125000e+03
2.696280620286979346e-01 1.930467651367187500e+03
2.730628144112290934e-01 1.943725463867187500e+03
2.764975667937603077e-01 1.998582153320312500e+03
2.799323191762915219e-01 2.062050292968750000e+03
2.833670715588226807e-01 2.081503662109375000e+03
2.868018239413538395e-01 2.086787841796875000e+03
2.902365763238850538e-01 2.083745361328125000e+03
2.936713287064162126e-01 2.121660644531250000e+03
2.971060810889474268e-01 2.176423095703125000e+03
3.005408334714785856e-01 2.240179199218750000e+03
3.039755858540097999e-01 2.283656005859375000e+03
3.074103382365409587e-01 2.297666015625000000e+03
3.108450906190721175e-01 2.283862304687500000e+03
3.142798430016033318e-01 2.283293457031250000e+03
3.177145953841345460e-01 2.293621826171875000e+03
3.211493477666657048e-01 2.326937500000000000e+03
3.245841001491968636e-01 2.344686279296875000e+03
3.280188525317280779e-01 2.400038574218750000e+03
3.314536049142592367e-01 2.431677734375000000e+03
3.348883572967904509e-01 2.496513427734375000e+03
3.383231096793216652e-01 2.537864013671875000e+03
3.417578620618527685e-01 2.548703369140625000e+03
3.451926144443839828e-01 2.544222900390625000e+03
3.486273668269151416e-01 2.550834716796875000e+03
3.520621192094463558e-01 2.595488769531250000e+03
3.554968715919775701e-01 2.601338378906250000e+03
3.589316239745086734e-01 2.584982421875000000e+03
3.623663763570398877e-01 2.586502685546875000e+03
3.658011287395711020e-01 2.621689697265625000e+03
3.692358811221022608e-01 2.673141601562500000e+03
3.726706335046334750e-01 2.697419189453125000e+03
3.761053858871646893e-01 2.717879638671875000e+03
3.795401382696957926e-01 2.704914306640625000e+03
3.829748906522270069e-01 2.707094238281250000e+03
3.864096430347582212e-01 2.709653808593750000e+03
3.898443954172893799e-01 2.737372558593750000e+03
3.932791477998205942e-01 2.733429199218750000e+03
3.967139001823516975e-01 2.746285156250000000e+03
4.001486525648829118e-01 2.770343017578125000e+03
4.035834049474141261e-01 2.810954589843750000e+03
4.070181573299452849e-01 2.819906982421875000e+03
4.104529097124764991e-01 2.817968261718750000e+03
4.138876620950077134e-01 2.819217773437500000e+03
4.173224144775388167e-01 2.804775390625000000e+03
4.207571668600700310e-01 2.809821044921875000e+03
4.241919192426012453e-01 2.820851074218750000e+03
4.276266716251324040e-01 2.852366699218750000e+03
4.310614240076636183e-01 2.885776367187500000e+03
4.344961763901947771e-01 2.882871582031250000e+03
4.379309287727259359e-01 2.882110839843750000e+03
4.413656811552571502e-01 2.877343261718750000e+03
4.448004335377883089e-01 2.911451660156250000e+03
4.482351859203194677e-01 2.942274658203125000e+03
4.516699383028506820e-01 2.998417968750000000e+03
4.551046906853818408e-01 3.040086425781250000e+03
4.585394430679130551e-01 3.061949707031250000e+03
4.619741954504441583e-01 3.060343261718750000e+03
4.654089478329753171e-01 3.035222412109375000e+03
4.688437002155065314e-01 3.043486816406250000e+03
4.722784525980377457e-01 3.024951660156250000e+03
4.757132049805689045e-01 3.070782714843750000e+03
4.791479573631001188e-01 3.082647460937500000e+03
4.825827097456313330e-01 3.122803222656250000e+03
4.860174621281624918e-01 3.114650878906250000e+03
4.894522145106937061e-01 3.127605712890625000e+03
4.928869668932248649e-01 3.099755859375000000e+03
4.963217192757559681e-01 3.109041015625000000e+03
4.997564716582871824e-01 3.147919189453125000e+03
5.031912240408183967e-01 3.221677490234375000e+03
5.066259764233496110e-01 3.254217529296875000e+03
5.100607288058807143e-01 3.260253662109375000e+03
5.134954811884119286e-01 3.257893554687500000e+03
5.169302335709431429e-01 3.261938232421875000e+03
5.203649859534743571e-01 3.274070556640625000e+03
5.237997383360055714e-01 3.263310546875000000e+03
5.272344907185366747e-01 3.213304443359375000e+03
5.306692431010678890e-01 3.163636718750000000e+03
5.341039954835989922e-01 3.157012207031250000e+03
5.375387478661302065e-01 3.186284667968750000e+03
5.409735002486614208e-01 3.212562988281250000e+03
5.444082526311926351e-01 3.213156005859375000e+03
5.478430050137237384e-01 3.203594482421875000e+03
5.512777573962549527e-01 3.189511230468750000e+03
5.547125097787861669e-01 3.178513183593750000e+03
5.581472621613173812e-01 3.173579101562500000e+03
5.615820145438485955e-01 3.158293701171875000e+03
5.650167669263796988e-01 3.146218994140625000e+03
5.684515193089109131e-01 3.122713134765625000e+03
5.718862716914420163e-01 3.107587158203125000e+03
5.753210240739732306e-01 3.102731445312500000e+03
5.787557764565044449e-01 3.093890869140625000e+03
5.821905288390356592e-01 3.076904541015625000e+03
5.856252812215667625e-01 3.070903564453125000e+03
5.890600336040979768e-01 3.095256835937500000e+03
5.924947859866291910e-01 3.134965576171875000e+03
5.959295383691604053e-01 3.145061279296875000e+03
5.993642907516916196e-01 3.148046386718750000e+03
6.027990431342227229e-01 3.146513183593750000e+03
6.062337955167539372e-01 3.142089599609375000e+03
6.096685478992850404e-01 3.128757324218750000e+03
6.131033002818162547e-01 3.125390625000000000e+03
6.165380526643474690e-01 3.133379882812500000e+03
6.199728050468786833e-01 3.134958251953125000e+03
6.234075574294097866e-01 3.131515136718750000e+03
6.268423098119410009e-01 3.146782470703125000e+03
6.302770621944722151e-01 3.153924804687500000e+03
6.337118145770034294e-01 3.144603027343750000e+03
6.371465669595346437e-01 3.126769775390625000e+03
6.405813193420657470e-01 3.133518554687500000e+03
6.440160717245968502e-01 3.155726806640625000e+03
6.474508241071280645e-01 3.168751708984375000e+03
6.508855764896592788e-01 3.185072998046875000e+03
6.543203288721904931e-01 3.190020507812500000e+03
6.577550812547217074e-01 3.188010742187500000e+03
6.611898336372528107e-01 3.187293212890625000e+03
6.646245860197840249e-01 3.194719726562500000e+03
6.680593384023152392e-01 3.206353271484375000e+03
6.714940907848464535e-01 3.190456054687500000e+03
6.749288431673776678e-01 3.161218505859375000e+03
6.783635955499087711e-01 3.163350341796875000e+03
6.817983479324398743e-01 3.150455566406250000e+03
6.852331003149710886e-01 3.159059814453125000e+03
6.886678526975023029e-01 3.148349365234375000e+03
6.921026050800335172e-01 3.170911376953125000e+03
6.955373574625647315e-01 3.175932128906250000e+03
6.989721098450958348e-01 3.171153564453125000e+03
7.024068622276270490e-01 3.165843261718750000e+03
7.058416146101582633e-01 3.170011718750000000e+03
7.092763669926894776e-01 3.191836669921875000e+03
7.127111193752206919e-01 3.204030517578125000e+03
7.161458717577517952e-01 3.196421386718750000e+03
7.195806241402828984e-01 3.167623535156250000e+03
7.230153765228141127e-01 3.145623535156250000e+03
7.264501289053453270e-01 3.159141845703125000e+03
7.298848812878765413e-01 3.186744873046875000e+03
7.333196336704077556e-01 3.207872558593750000e+03
7.367543860529388589e-01 3.213553710937500000e+03
7.401891384354700731e-01 3.210865234375000000e+03
7.436238908180012874e-01 3.204582519531250000e+03
7.470586432005325017e-01 3.180372802734375000e+03
7.504933955830637160e-01 3.172613525390625000e+03
7.539281479655948193e-01 3.186455078125000000e+03
7.573629003481259225e-01 3.202061035156250000e+03
7.607976527306571368e-01 3.190006835937500000e+03
7.642324051131883511e-01 3.164521484375000000e+03
7.676671574957195654e-01 3.170620117187500000e+03
7.711019098782507797e-01 3.186125244140625000e+03
7.745366622607818829e-01 3.209108886718750000e+03
7.779714146433130972e-01 3.206608398437500000e+03
7.814061670258443115e-01 3.205543457031250000e+03
7.848409194083755258e-01 3.202064208984375000e+03
7.882756717909067401e-01 3.191369140625000000e+03
7.917104241734378434e-01 3.198077880859375000e+03
7.951451765559689466e-01 3.201403808593750000e+03
7.985799289385001609e-01 3.202196777343750000e+03
8.020146813210313752e-01 3.192993408203125000e+03
8.054494337035625895e-01 3.193184326171875000e+03
8.088841860860938038e-01 3.197614257812500000e+03
8.123189384686249070e-01 3.198168701171875000e+03
8.157536908511561213e-01 3.191503906250000000e+03
8.191884432336873356e-01 3.208775878906250000e+03
8.226231956162185499e-01 3.228639892578125000e+03
8.260579479987497642e-01 3.247109619140625000e+03
8.294927003812808675e-01 3.236046142578125000e+03
8.329274527638119707e-01 3.223570556640625000e+03
8.363622051463431850e-01 3.195310546875000000e+03
8.397969575288743993e-01 3.192782226562500000e+03
8.432317099114056136e-01 3.182396972656250000e+03
8.466664622939368279e-01 3.181206542968750000e+03
8.501012146764680422e-01 3.176032958984375000e+03
8.535359670589991454e-01 3.165881591796875000e+03
8.569707194415303597e-01 3.151447509765625000e+03
8.604054718240615740e-01 3.151989013671875000e+03
8.638402242065926773e-01 3.157276367187500000e+03
8.672749765891238916e-01 3.181925292968750000e+03
8.707097289716549948e-01 3.198256591796875000e+03
8.741444813541862091e-01 3.221536132812500000e+03
8.775792337367174234e-01 3.223995849609375000e+03
8.810139861192486377e-01 3.224359619140625000e+03
8.844487385017798520e-01 3.234082275390625000e+03
8.878834908843110663e-01 3.241233398437500000e+03
8.913182432668421695e-01 3.237066162109375000e+03
8.947529956493733838e-01 3.232244628906250000e+03
8.981877480319045981e-01 3.229417968750000000e+03
9.016225004144359234e-01 3.233279541015625000e+03
9.050572527969670267e-01 3.225464599609375000e+03
9.084920051794982410e-01 3.220019042968750000e+03
9.119267575620293442e-01 3.209578613281250000e+03
9.153615099445606695e-01 3.223949218750000000e+03
9.187962623270917728e-01 3.249271972656250000e+03
9.222310147096228761e-01 3.273032226562500000e+03
9.256657670921540904e-01 3.270899414062500000e+03
9.291005194746851936e-01 3.253210205078125000e+03
9.325352718572165189e-01 3.233009765625000000e+03
9.359700242397476222e-01 3.227716796875000000e+03
9.394047766222789475e-01 3.226843505859375000e+03
9.428395290048100508e-01 3.225496826171875000e+03
9.462742813873412651e-01 3.210998535156250000e+03
9.497090337698723683e-01 3.199762207031250000e+03
9.531437861524036936e-01 3.205341796875000000e+03
9.565785385349347969e-01 3.216811035156250000e+03
9.600132909174659002e-01 3.225263427734375000e+03
9.634480432999971145e-01 3.219709716796875000e+03
9.668827956825282177e-01 3.200716552734375000e+03
9.703175480650595430e-01 3.188130126953125000e+03
9.737523004475906463e-01 3.175793457031250000e+03
9.771870528301219716e-01 3.187684570312500000e+03
9.806218052126530749e-01 3.196028564453125000e+03
9.840565575951842892e-01 3.205457275390625000e+03
9.874913099777153924e-01 3.193761718750000000e+03
9.909260623602464957e-01 3.184404541015625000e+03
9.943608147427778210e-01 3.182204589843750000e+03
9.977955671253089243e-01 3.189500488281250000e+03
1.001230319507840250e+00 3.188162841796875000e+03
1.004665071890371353e+00 3.202712890625000000e+03
1.008099824272902678e+00 3.219922119140625000e+03
1.011534576655433781e+00 3.230720214843750000e+03
1.014969329037964885e+00 3.235428955078125000e+03
1.018404081420495988e+00 3.223211914062500000e+03
1.021838833803027313e+00 3.226052734375000000e+03
1.025273586185558417e+00 3.220935302734375000e+03
1.028708338568089520e+00 3.230788330078125000e+03
1.032143090950620845e+00 3.216986083984375000e+03
1.035577843333151948e+00 3.194029296875000000e+03
1.039012595715683274e+00 3.182547607421875000e+03
1.042447348098214377e+00 3.175478515625000000e+03
1.045882100480745702e+00 3.195444335937500000e+03
1.049316852863276806e+00 3.201475830078125000e+03
1.052751605245807909e+00 3.209883789062500000e+03
1.056186357628339012e+00 3.184500244140625000e+03
1.059621110010870337e+00 3.175829101562500000e+03
1.063055862393401441e+00 3.176798583984375000e+03
1.066490614775932544e+00 3.187650634765625000e+03
1.069925367158463869e+00 3.192260498046875000e+03
1.073360119540994972e+00 3.195685546875000000e+03
1.076794871923526298e+00 3.197410888671875000e+03
1.080229624306057401e+00 3.185555175781250000e+03
1.083664376688588726e+00 3.190229492187500000e+03
1.087099129071119830e+00 3.185604003906250000e+03
1.090533881453650933e+00 3.192441162109375000e+03
1.093968633836182036e+00 3.179716796875000000e+03
1.097403386218713361e+00 3.171417480468750000e+03
1.100838138601244465e+00 3.168169921875000000e+03
1.104272890983775568e+00 3.161671875000000000e+03
1.107707643366306893e+00 3.159296630859375000e+03
1.111142395748837997e+00 3.146780029296875000e+03
1.114577148131369322e+00 3.149206298828125000e+03
1.118011900513900425e+00 3.161853515625000000e+03
1.121446652896431750e+00 3.172952636718750000e+03
1.124881405278962854e+00 3.178864990234375000e+03
1.128316157661493957e+00 3.161109375000000000e+03
1.131750910044025060e+00 3.164527832031250000e+03
1.135185662426556386e+00 3.165132324218750000e+03
1.138620414809087489e+00 3.172418945312500000e+03
1.142055167191618592e+00 3.158954589843750000e+03
1.145489919574149917e+00 3.162453125000000000e+03
1.148924671956681021e+00 3.165606201171875000e+03
1.152359424339212346e+00 3.178416503906250000e+03
1.155794176721743449e+00 3.178978515625000000e+03
1.159228929104274775e+00 3.170054931640625000e+03
1.162663681486805878e+00 3.165231201171875000e+03
1.166098433869336981e+00 3.157387939453125000e+03
1.169533186251868084e+00 3.171836914062500000e+03
1.172967938634399410e+00 3.167778808593750000e+03
1.176402691016930513e+00 3.161176513671875000e+03
1.179837443399461616e+00 3.154453857421875000e+03
1.183272195781992941e+00 3.153488525390625000e+03
1.186706948164524045e+00 3.164959228515625000e+03
1.190141700547055370e+00 3.179069335937500000e+03
1.193576452929586473e+00 3.185369628906250000e+03
1.197011205312117799e+00 3.178743164062500000e+03
1.200445957694648902e+00 3.170962890625000000e+03
1.203880710077180005e+00 3.162944335937500000e+03
1.207315462459711108e+00 3.159185546875000000e+03
1.210750214842242434e+00 3.149153320312500000e+03
1.214184967224773537e+00 3.149573974609375000e+03
1.217619719607304640e+00 3.151775634765625000e+03
1.221054471989835966e+00 3.170460693359375000e+03
1.224489224372367069e+00 3.168345703125000000e+03
1.227923976754898394e+00 3.165998291015625000e+03
1.231358729137429497e+00 3.147532226562500000e+03
1.234793481519960823e+00 3.140620605468750000e+03
1.238228233902491926e+00 3.139166015625000000e+03
1.241662986285023029e+00 3.154970458984375000e+03
1.245097738667554133e+00 3.169029296875000000e+03
1.248532491050085236e+00 3.174620117187500000e+03
1.251967243432616561e+00 3.168567382812500000e+03
1.255401995815147664e+00 3.160554687500000000e+03
1.258836748197678990e+00 3.174425048828125000e+03
1.262271500580210093e+00 3.184754638671875000e+03
1.265706252962741418e+00 3.192188232421875000e+03
1.269141005345272522e+00 3.182974121093750000e+03
1.272575757727803847e+00 3.170297363281250000e+03
1.276010510110334950e+00 3.157737792968750000e+03
1.279445262492866053e+00 3.151223388671875000e+03
1.282880014875397157e+00 3.130867919921875000e+03
1.286314767257928260e+00 3.110938720703125000e+03
1.289749519640459585e+00 3.113894531250000000e+03
1.293184272022990688e+00 3.141347412109375000e+03
1.296619024405522014e+00 3.158328857421875000e+03
1.300053776788053117e+00 3.147102783203125000e+03
1.303488529170584442e+00 3.135014892578125000e+03
1.306923281553115546e+00 3.131061035156250000e+03
1.310358033935646871e+00 3.131798583984375000e+03
1.313792786318177974e+00 3.125269042968750000e+03
1.317227538700709077e+00 3.112083251953125000e+03
1.320662291083240181e+00 3.098300048828125000e+03
1.324097043465771284e+00 3.101056884765625000e+03
1.327531795848302609e+00 3.100152832031250000e+03
1.330966548230833713e+00 3.096067626953125000e+03
1.334401300613365038e+00 3.090053710937500000e+03
1.337836052995896141e+00 3.100444335937500000e+03
1.341270805378427466e+00 3.116347167968750000e+03
1.344705557760958570e+00 3.114222900390625000e+03
1.348140310143489895e+00 3.112481933593750000e+03
1.351575062526020998e+00 3.102478759765625000e+03
1.355009814908552102e+00 3.106620117187500000e+03
1.358444567291083205e+00 3.087648925781250000e+03
1.361879319673614308e+00 3.085537109375000000e+03
1.365314072056145633e+00 3.077670410156250000e+03
1.368748824438676737e+00 3.077811767578125000e+03
1.372183576821208062e+00 3.080033691406250000e+03
1.375618329203739165e+00 3.080102539062500000e+03
1.379053081586270491e+00 3.082707031250000000e+03
1.382487833968801594e+00 3.073045898437500000e+03
1.385922586351332919e+00 3.056605224609375000e+03
1.389357338733864022e+00 3.052729736328125000e+03
1.392792091116395126e+00 3.053463867187500000e+03
1.396226843498926229e+00 3.069494140625000000e+03
1.399661595881457332e+00 3.081931152343750000e+03
1.403096348263988657e+00 3.100058593750000000e+03
1.406531100646519761e+00 3.088086181640625000e+03
1.409965853029051086e+00 3.071744384765625000e+03
1.413400605411582189e+00 3.048132080078125000e+03
1.416835357794113515e+00 3.045843505859375000e+03
1.420270110176644618e+00 3.041922119140625000e+03
1.423704862559175943e+00 3.036432861328125000e+03
1.427139614941707046e+00 3.026447021484375000e+03
1.430574367324238150e+00 3.030204589843750000e+03
1.434009119706769253e+00 3.031270751953125000e+03
1.437443872089300356e+00 3.045210693359375000e+03
1.440878624471831682e+00 3.053925781250000000e+03
1.444313376854362785e+00 3.063718505859375000e+03
1.447748129236894110e+00 3.057239746093750000e+03
1.451182881619425213e+00 3.058232910156250000e+03
1.454617634001956539e+00 3.054579345703125000e+03
1.458052386384487642e+00 3.063743164062500000e+03
1.461487138767018967e+00 3.067416259765625000e+03
1.464921891149550071e+00 3.066911376953125000e+03
1.468356643532081174e+00 3.050512207031250000e+03
1.471791395914612277e+00 3.027525634765625000e+03
1.475226148297143380e+00 3.000138183593750000e+03
1.478660900679674706e+00 2.982740722656250000e+03
1.482095653062205809e+00 2.976981933593750000e+03
1.485530405444737134e+00 2.994343017578125000e+03
1.488965157827268238e+00 3.004266113281250000e+03
1.492399910209799563e+00 3.014376464843750000e+03
1.495834662592330666e+00 3.016722167968750000e+03
1.499269414974861991e+00 3.027217529296875000e+03
1.502704167357393095e+00 3.030241210937500000e+03
1.506138919739924198e+00 3.035551025390625000e+03
1.509573672122455301e+00 3.022671630859375000e+03
1.513008424504986404e+00 3.016945312500000000e+03
1.516443176887517730e+00 3.005771728515625000e+03
1.519877929270048833e+00 2.999281982421875000e+03
1.523312681652580158e+00 3.002010253906250000e+03
1.526747434035111262e+00 3.003958251953125000e+03
1.530182186417642587e+00 3.014264648437500000e+03
1.533616938800173690e+00 3.010574462890625000e+03
1.537051691182705015e+00 3.006685058593750000e+03
1.540486443565236119e+00 2.993560058593750000e+03
1.543921195947767222e+00 2.983976074218750000e+03
1.547355948330298325e+00 2.987747558593750000e+03
1.550790700712829429e+00 2.992571044921875000e+03
1.554225453095360754e+00 2.992948486328125000e+03
1.557660205477891857e+00 2.996775634765625000e+03
1.561094957860423182e+00 2.991614013671875000e+03
1.564529710242954286e+00 2.988597167968750000e+03
1.567964462625485611e+00 2.981641113281250000e+03
1.571399215008016714e+00 2.990847900390625000e+03
1.574833967390548040e+00 2.996010742187500000e+03
1.578268719773079143e+00 3.009149414062500000e+03
1.581703472155610246e+00 3.001764892578125000e+03
1.585138224538141349e+00 2.987650390625000000e+03
1.588572976920672453e+00 2.961094726562500000e+03
1.592007729303203778e+00 2.960691162109375000e+03
1.595442481685734881e+00 2.972455078125000000e+03
1.598877234068266207e+00 2.988419677734375000e+03
1.602311986450797310e+00 2.997116943359375000e+03
1.605746738833328635e+00 3.013007080078125000e+03
1.609181491215859738e+00 3.025650878906250000e+03
1.612616243598391064e+00 3.036434082031250000e+03
1.616050995980922167e+00 3.034566894531250000e+03
1.619485748363453270e+00 3.043402099609375000e+03
1.622920500745984373e+00 3.045243164062500000e+03
1.626355253128515477e+00 3.053104492187500000e+03
1.629790005511046802e+00 3.058435791015625000e+03
1.633224757893577905e+00 3.070501464843750000e+03
1.636659510276109231e+00 3.083833496093750000e+03
1.640094262658640334e+00 3.111941406250000000e+03
1.643529015041171659e+00 3.147266601562500000e+03
1.646963767423702762e+00 3.195765136718750000e+03
1.650398519806234088e+00 3.238724365234375000e+03
1.653833272188765191e+00 3.306763427734375000e+03
1.657268024571296294e+00 3.443446777343750000e+03
1.660702776953827398e+00 3.718528808593750000e+03
1.664137529336358501e+00 4.255143554687500000e+03
1.667572281718889826e+00 5.388496093750000000e+03
1.671007034101420929e+00 8.009509277343750000e+03
1.674441786483952255e+00 1.346923730468750000e+04
1.677876538866483358e+00 2.299480664062500000e+04
1.681311291249014683e+00 3.503520703125000000e+04
1.684746043631545787e+00 4.466020312500000000e+04
1.688180796014076890e+00 4.419825781250000000e+04
1.691615548396608215e+00 3.532541015625000000e+04
1.695050300779139318e+00 2.304003710937500000e+04
1.698485053161670422e+00 1.330471093750000000e+04
1.701919805544201525e+00 7.808741699218750000e+03
1.705354557926732850e+00 5.309054687500000000e+03
1.708789310309263954e+00 4.178065917968750000e+03
1.712224062691795279e+00 3.703031738281250000e+03
1.715658815074326382e+00 3.455299804687500000e+03
1.719093567456857707e+00 3.290808105468750000e+03
1.722528319839388811e+00 3.196999755859375000e+03
1.725963072221919914e+00 3.134676269531250000e+03
1.729397824604451239e+00 3.099456787109375000e+03
1.732832576986982343e+00 3.061423828125000000e+03
1.736267329369513446e+00 3.023812011718750000e+03
1.739702081752044549e+00 2.994147216796875000e+03
1.743136834134575874e+00 2.969864257812500000e+03
1.746571586517106978e+00 2.943241943359375000e+03
1.750006338899638303e+00 2.914395507812500000e+03
1.753441091282169406e+00 2.893665039062500000e+03
1.756875843664700731e+00 2.871713867187500000e+03
1.760310596047231835e+00 2.862520996093750000e+03
1.763745348429762938e+00 2.850714599609375000e+03
1.767180100812294263e+00 2.845339843750000000e+03
1.770614853194825367e+00 2.832364013671875000e+03
1.774049605577356470e+00 2.818703369140625000e+03
1.777484357959887573e+00 2.812666015625000000e+03
1.780919110342418898e+00 2.799830566406250000e+03
1.784353862724950002e+00 2.785058593750000000e+03
1.787788615107481327e+00 2.765544189453125000e+03
1.791223367490012208e+00 2.759821533203125000e+03
1.794658119872543534e+00 2.745205078125000000e+03
1.798092872255074859e+00 2.739477783203125000e+03
1.801527624637606184e+00 2.724389892578125000e+03
1.804962377020137065e+00 2.707203857421875000e+03
1.808397129402668391e+00 2.686809570312500000e+03
1.811831881785199494e+00 2.675056640625000000e+03
1.815266634167730819e+00 2.691690673828125000e+03
1.818701386550261700e+00 2.707091796875000000e+03
1.822136138932793026e+00 2.718054931640625000e+03
1.825570891315324351e+00 2.723849853515625000e+03
1.829005643697855676e+00 2.706121582031250000e+03
1.832440396080386558e+00 2.687265380859375000e+03
1.835875148462917883e+00 2.671340576171875000e+03
1.839309900845449208e+00 2.667216064453125000e+03
1.842744653227980089e+00 2.661377197265625000e+03
1.846179405610511415e+00 2.644620605468750000e+03
1.849614157993042740e+00 2.652163085937500000e+03
1.853048910375573843e+00 2.641087646484375000e+03
1.856483662758104725e+00 2.638005615234375000e+03
1.859918415140636050e+00 2.621798828125000000e+03
1.863353167523167375e+00 2.611255615234375000e+03
1.866787919905698701e+00 2.603218750000000000e+03
1.870222672288229582e+00 2.595886718750000000e+03
1.873657424670760907e+00 2.592547607421875000e+03
1.877092177053292232e+00 2.590060058593750000e+03
1.880526929435823114e+00 2.581496826171875000e+03
1.883961681818354439e+00 2.560149658203125000e+03
1.887396434200885764e+00 2.532434570312500000e+03
1.890831186583416867e+00 2.521571533203125000e+03
1.894265938965947749e+00 2.529404052734375000e+03
1.897700691348479074e+00 2.545676025390625000e+03
1.901135443731010399e+00 2.560596191406250000e+03
1.904570196113541725e+00 2.567974365234375000e+03
1.908004948496072606e+00 2.551891845703125000e+03
1.911439700878603931e+00 2.535651367187500000e+03
1.914874453261135256e+00 2.516660156250000000e+03
1.918309205643666138e+00 2.509126953125000000e+03
1.921743958026197463e+00 2.503401855468750000e+03
1.925178710408728788e+00 2.519841552734375000e+03
1.928613462791259892e+00 2.524909179687500000e+03
1.932048215173790773e+00 2.531540527343750000e+03
1.935482967556322098e+00 2.518348632812500000e+03
1.938917719938853423e+00 2.514009521484375000e+03
1.942352472321384749e+00 2.499056884765625000e+03
1.945787224703915630e+00 2.485509521484375000e+03
1.949221977086446955e+00 2.474533935546875000e+03
1.952656729468978281e+00 2.473068847656250000e+03
1.956091481851509162e+00 2.480791503906250000e+03
1.959526234234040487e+00 2.486282226562500000e+03
1.962960986616571812e+00 2.476550537109375000e+03
1.966395738999102916e+00 2.473164550781250000e+03
1.969830491381633797e+00 2.468194824218750000e+03
1.973265243764165122e+00 2.470906005859375000e+03
1.976699996146696447e+00 2.475419921875000000e+03
1.980134748529227329e+00 2.471898925781250000e+03
1.983569500911758654e+00 2.467262207031250000e+03
1.987004253294289979e+00 2.446170166015625000e+03
1.990439005676821305e+00 2.444315673828125000e+03
1.993873758059352186e+00 2.443795898437500000e+03
1.997308510441883511e+00 2.443461181640625000e+03
2.000743262824414614e+00 2.449905517578125000e+03
2.004178015206945940e+00 2.452256347656250000e+03
2.007612767589476821e+00 2.446302734375000000e+03
2.011047519972008146e+00 2.436995849609375000e+03
2.014482272354539472e+00 2.423249023437500000e+03
2.017917024737070353e+00 2.435624267578125000e+03
2.021351777119601678e+00 2.432809082031250000e+03
2.024786529502133003e+00 2.434557617187500000e+03
2.028221281884664329e+00 2.430181640625000000e+03
2.031656034267195210e+00 2.421741455078125000e+03
2.035090786649726535e+00 2.417632568359375000e+03
2.038525539032257861e+00 2.397775390625000000e+03
2.041960291414789186e+00 2.388829345703125000e+03
2.045395043797320067e+00 2.384407714843750000e+03
2.048829796179851392e+00 2.387298583984375000e+03
2.052264548562382718e+00 2.402299804687500000e+03
2.055699300944913599e+00 2.404052490234375000e+03
2.059134053327444924e+00 2.404383056640625000e+03
2.062568805709975805e+00 2.391916015625000000e+03
2.066003558092507131e+00 2.375360107421875000e+03
2.069438310475038012e+00 2.367043457031250000e+03
2.072873062857569337e+00 2.362312011718750000e+03
2.076307815240100663e+00 2.363395019531250000e+03
2.079742567622631988e+00 2.362368896484375000e+03
2.083177320005162869e+00 2.362260498046875000e+03
2.086612072387694194e+00 2.360360107421875000e+03
2.090046824770225520e+00 2.349324462890625000e+03
2.093481577152756401e+00 2.340017333984375000e+03
2.096916329535287726e+00 2.339582031250000000e+03
2.100351081917819052e+00 2.328943115234375000e+03
2.103785834300350377e+00 2.325249023437500000e+03
2.107220586682881258e+00 2.325785644531250000e+03
2.110655339065412583e+00 2.336317626953125000e+03
2.114090091447943909e+00 2.329378173828125000e+03
2.117524843830475234e+00 2.314981689453125000e+03
2.120959596213006115e+00 2.301921386718750000e+03
2.124394348595537441e+00 2.294886718750000000e+03
2.127829100978068766e+00 2.283770996093750000e+03
2.131263853360599647e+00 2.281593261718750000e+03
2.134698605743130972e+00 2.290858398437500000e+03
2.138133358125661854e+00 2.287980712890625000e+03
2.141568110508193179e+00 2.276846679687500000e+03
2.145002862890724060e+00 2.263027587890625000e+03
2.148437615273255386e+00 2.265542724609375000e+03
2.151872367655786711e+00 2.262615234375000000e+03
2.155307120038318036e+00 2.262575195312500000e+03
2.158741872420848917e+00 2.257462158203125000e+03
2.162176624803380243e+00 2.252205322265625000e+03
2.165611377185911568e+00 2.249275634765625000e+03
2.169046129568442449e+00 2.254735839843750000e+03
2.172480881950973775e+00 2.255005859375000000e+03
2.175915634333505100e+00 2.259916992187500000e+03
2.179350386716036425e+00 2.263101318359375000e+03
2.182785139098567306e+00 2.271821533203125000e+03
2.186219891481098632e+00 2.274543212890625000e+03
2.189654643863629957e+00 2.267186767578125000e+03
2.193089396246161282e+00 2.262507812500000000e+03
2.196524148628692163e+00 2.249544433593750000e+03
2.199958901011223489e+00 2.239570068359375000e+03
2.203393653393754814e+00 2.227920898437500000e+03
2.206828405776285695e+00 2.220570312500000000e+03
2.210263158158817021e+00 2.220165527343750000e+03
2.213697910541347902e+00 2.210402832031250000e+03
2.217132662923879227e+00 2.209347167968750000e+03
2.220567415306410108e+00 2.205843261718750000e+03
2.224002167688941434e+00 2.209856689453125000e+03
2.227436920071472759e+00 2.205273925781250000e+03
2.230871672454004084e+00 2.204564453125000000e+03
2.234306424836534966e+00 2.218191894531250000e+03
2.237741177219066291e+00 2.237381347656250000e+03
2.241175929601597616e+00 2.242131347656250000e+03
2.244610681984128497e+00 2.236807373046875000e+03
2.248045434366659823e+00 2.229382812500000000e+03
2.251480186749191148e+00 2.237979248046875000e+03
2.254914939131722473e+00 2.239194335937500000e+03
2.258349691514253355e+00 2.241625732421875000e+03
2.261784443896784680e+00 2.242873779296875000e+03
2.265219196279316005e+00 2.236786376953125000e+03
2.268653948661847330e+00 2.238584960937500000e+03
2.272088701044378212e+00 2.237370361328125000e+03
2.275523453426909537e+00 2.243140625000000000e+03
2.278958205809440862e+00 2.250767333984375000e+03
2.282392958191971744e+00 2.251523193359375000e+03
2.285827710574503069e+00 2.255938720703125000e+03
2.289262462957033950e+00 2.255452148437500000e+03
2.292697215339565275e+00 2.277442382812500000e+03
2.296131967722096157e+00 2.294516357421875000e+03
2.299566720104627482e+00 2.317768066406250000e+03
2.303001472487158807e+00 2.326727783203125000e+03
2.306436224869690133e+00 2.331309082031250000e+03
2.309870977252221014e+00 2.334479248046875000e+03
2.313305729634752339e+00 2.352542968750000000e+03
2.316740482017283664e+00 2.379210693359375000e+03
2.320175234399814546e+00 2.408593261718750000e+03
2.323609986782345871e+00 2.436722167968750000e+03
2.327044739164877196e+00 2.460293945312500000e+03
2.330479491547408522e+00 2.490108642578125000e+03
2.333914243929939403e+00 2.524093750000000000e+03
2.337348996312470728e+00 2.577932861328125000e+03
2.340783748695002053e+00 2.629653320312500000e+03
2.344218501077533379e+00 2.693034912109375000e+03
2.347653253460064260e+00 2.776737304687500000e+03
2.351088005842595585e+00 2.925250000000000000e+03
2.354522758225126911e+00 3.178616210937500000e+03
2.357957510607657792e+00 3.624450683593750000e+03
2.361392262990189117e+00 4.527368652343750000e+03
2.364827015372720442e+00 6.614747558593750000e+03
2.368261767755251324e+00 1.115889746093750000e+04
2.371696520137782205e+00 2.014529492187500000e+04
2.375131272520313530e+00 3.528082812500000000e+04
2.378566024902844855e+00 5.073826953125000000e+04
2.382000777285376181e+00 6.110177343750000000e+04
2.385435529667907062e+00 6.094987500000000000e+04
2.388870282050438387e+00 5.239870312500000000e+04
2.392305034432969713e+00 3.765192187500000000e+04
2.395739786815500594e+00 2.254331250000000000e+04
2.399174539198031919e+00 1.207066699218750000e+04
2.402609291580563244e+00 6.912390625000000000e+03
2.406044043963094570e+00 4.665341308593750000e+03
2.409478796345625451e+00 3.677529541015625000e+03
2.412913548728156776e+00 3.179374023437500000e+03
2.416348301110688102e+00 2.913414794921875000e+03
2.419783053493219427e+00 2.748147460937500000e+03
2.423217805875750308e+00 2.633353759765625000e+03
2.426652558258281633e+00 2.546083740234375000e+03
2.430087310640812959e+00 2.467527587890625000e+03
2.433522063023343840e+00 2.420288085937500000e+03
2.436956815405875165e+00 2.371443847656250000e+03
2.440391567788406491e+00 2.336199462890625000e+03
2.443826320170937372e+00 2.302210449218750000e+03
2.447261072553468253e+00 2.277583496093750000e+03
2.450695824935999578e+00 2.246775146484375000e+03
2.454130577318530904e+00 2.207462158203125000e+03
2.457565329701061785e+00 2.175667236328125000e+03
2.461000082083593110e+00 2.142255126953125000e+03
2.464434834466124435e+00 2.127514648437500000e+03
2.467869586848655761e+00 2.104255371093750000e+03
2.471304339231186642e+00 2.088630126953125000e+03
2.474739091613717967e+00 2.060373291015625000e+03
2.478173843996249293e+00 2.050362304687500000e+03
2.481608596378780618e+00 2.039959228515625000e+03
2.485043348761311499e+00 2.023791503906250000e+03
2.488478101143842824e+00 1.997122924804687500e+03
2.491912853526374150e+00 1.965348999023437500e+03
2.495347605908905031e+00 1.948487426757812500e+03
2.498782358291436356e+00 1.932641845703125000e+03
2.502217110673967682e+00 1.927585327148437500e+03
2.505651863056499007e+00 1.913965087890625000e+03
2.509086615439029888e+00 1.915527343750000000e+03
2.512521367821561213e+00 1.914313964843750000e+03
2.515956120204092539e+00 1.912329711914062500e+03
2.519390872586623420e+00 1.900803588867187500e+03
2.522825624969154301e+00 1.886333618164062500e+03
2.526260377351685626e+00 1.879094360351562500e+03
2.529695129734216952e+00 1.871130615234375000e+03
2.533129882116747833e+00 1.872683715820312500e+03
2.536564634499279158e+00 1.870315551757812500e+03
2.539999386881810484e+00 1.861163452148437500e+03
2.543434139264341809e+00 1.852386352539062500e+03
2.546868891646872690e+00 1.838770385742187500e+03
2.550303644029404015e+00 1.844150024414062500e+03
2.553738396411935341e+00 1.842585937500000000e+03
2.557173148794466666e+00 1.835250732421875000e+03
2.560607901176997547e+00 1.817465698242187500e+03
2.564042653559528873e+00 1.802288330078125000e+03
2.567477405942060198e+00 1.796479614257812500e+03
2.570912158324591079e+00 1.789207275390625000e+03
2.574346910707122404e+00 1.788893554687500000e+03
2.577781663089653730e+00 1.786684570312500000e+03
2.581216415472185055e+00 1.783489868164062500e+03
2.584651167854715936e+00 1.778648437500000000e+03
2.588085920237247262e+00 1.774098388671875000e+03
2.591520672619778587e+00 1.766876953125000000e+03
2.594955425002309468e+00 1.754523193359375000e+03
2.598390177384840349e+00 1.746734741210937500e+03
2.601824929767371675e+00 1.739469604492187500e+03
2.605259682149903000e+00 1.739006591796875000e+03
2.608694434532433881e+00 1.746274658203125000e+03
2.612129186914965207e+00 1.740292480468750000e+03
2.615563939297496532e+00 1.732328735351562500e+03
2.618998691680027857e+00 1.714390014648437500e+03
2.622433444062558738e+00 1.714048950195312500e+03
2.625868196445090064e+00 1.706975585937500000e+03
2.629302948827621389e+00 1.708889648437500000e+03
2.632737701210152714e+00 1.701216552734375000e+03
2.636172453592683596e+00 1.694805541992187500e+03
2.639607205975214921e+00 1.687461059570312500e+03
2.643041958357746246e+00 1.695064208984375000e+03
2.646476710740277127e+00 1.705977661132812500e+03
2.649911463122808453e+00 1.704049804687500000e+03
2.653346215505339778e+00 1.692945922851562500e+03
2.656780967887871103e+00 1.685059448242187500e+03
2.660215720270401984e+00 1.684917236328125000e+03
2.663650472652933310e+00 1.686790771484375000e+03
2.667085225035464635e+00 1.688776489257812500e+03
2.670519977417995516e+00 1.675818603515625000e+03
2.673954729800526398e+00 1.665210815429687500e+03
2.677389482183057723e+00 1.656178588867187500e+03
2.680824234565589048e+00 1.654816284179687500e+03
2.684258986948119929e+00 1.649543457031250000e+03
2.687693739330651255e+00 1.648583862304687500e+03
2.691128491713182580e+00 1.657318725585937500e+03
2.694563244095713905e+00 1.660179199218750000e+03
2.697997996478244787e+00 1.663026245117187500e+03
2.701432748860776112e+00 1.657085083007812500e+03
2.704867501243307437e+00 1.647512207031250000e+03
2.708302253625838762e+00 1.635195068359375000e+03
2.711737006008369644e+00 1.624616210937500000e+03
2.715171758390900969e+00 1.627238525390625000e+03
2.718606510773432294e+00 1.631716796875000000e+03
2.722041263155963176e+00 1.628740478515625000e+03
2.725476015538494501e+00 1.627624267578125000e+03
2.728910767921025826e+00 1.628435180664062500e+03
2.732345520303557151e+00 1.639719238281250000e+03
2.735780272686088033e+00 1.636403198242187500e+03
2.739215025068619358e+00 1.632998901367187500e+03
2.742649777451150683e+00 1.636104614257812500e+03
2.746084529833681565e+00 1.634798339843750000e+03
2.749519282216212890e+00 1.629987304687500000e+03
2.752954034598743771e+00 1.617852539062500000e+03
2.756388786981275096e+00 1.618775756835937500e+03
2.759823539363805978e+00 1.617286987304687500e+03
2.763258291746337303e+00 1.610856079101562500e+03
2.766693044128868628e+00 1.605767211914062500e+03
2.770127796511399954e+00 1.597717407226562500e+03
2.773562548893930835e+00 1.589219726562500000e+03
2.776997301276462160e+00 1.587346435546875000e+03
2.780432053658993485e+00 1.597424926757812500e+03
2.783866806041524811e+00 1.605994384765625000e+03
2.787301558424055692e+00 1.606351684570312500e+03
2.790736310806587017e+00 1.603988159179687500e+03
2.794171063189118343e+00 1.611271972656250000e+03
2.797605815571649224e+00 1.620507202148437500e+03
2.801040567954180549e+00 1.621731323242187500e+03
2.804475320336711874e+00 1.614529052734375000e+03
2.807910072719243200e+00 1.604769042968750000e+03
2.811344825101774081e+00 1.598753906250000000e+03
2.814779577484305406e+00 1.607401977539062500e+03
2.818214329866836731e+00 1.607310791015625000e+03
2.821649082249367613e+00 1.612797607421875000e+03
2.825083834631898938e+00 1.610805786132812500e+03
2.828518587014429819e+00 1.621017822265625000e+03
2.831953339396961145e+00 1.632985961914062500e+03
2.835388091779492026e+00 1.638072143554687500e+03
2.838822844162023351e+00 1.642312133789062500e+03
2.842257596544554676e+00 1.644302001953125000e+03
2.845692348927086002e+00 1.658402465820312500e+03
2.849127101309616883e+00 1.663998046875000000e+03
2.852561853692148208e+00 1.669685058593750000e+03
2.855996606074679534e+00 1.668477050781250000e+03
2.859431358457210415e+00 1.677526489257812500e+03
2.862866110839741740e+00 1.683475341796875000e+03
2.866300863222273065e+00 1.701742675781250000e+03
2.869735615604804391e+00 1.721889892578125000e+03
2.873170367987335272e+00 1.748414062500000000e+03
2.876605120369866597e+00 1.778616577148437500e+03
2.880039872752397923e+00 1.809618774414062500e+03
2.883474625134929248e+00 1.853603271484375000e+03
2.886909377517460129e+00 1.914313110351562500e+03
2.890344129899991454e+00 2.024913330078125000e+03
2.893778882282522780e+00 2.220036621093750000e+03
2.897213634665053661e+00 2.611033447265625000e+03
2.900648387047584986e+00 3.492773437500000000e+03
2.904083139430115867e+00 5.423710449218750000e+03
2.907517891812647193e+00 9.515915039062500000e+03
2.910952644195178074e+00 1.605776269531250000e+04
2.914387396577709399e+00 2.366775390625000000e+04
2.917822148960240725e+00 2.783491406250000000e+04
2.921256901342772050e+00 2.719656250000000000e+04
2.924691653725302931e+00 2.150451367187500000e+04
2.928126406107834256e+00 1.505755664062500000e+04
2.931561158490365582e+00 9.057616210937500000e+03
2.934995910872896463e+00 5.299160644531250000e+03
2.938430663255427788e+00 3.428348144531250000e+03
2.941865415637959114e+00 2.594302734375000000e+03
2.945300168020490439e+00 2.201299072265625000e+03
2.948734920403021320e+00 1.997994262695312500e+03
2.952169672785552645e+00 1.879218872070312500e+03
2.955604425168083971e+00 1.804458007812500000e+03
2.959039177550615296e+00 1.749163940429687500e+03
2.962473929933146177e+00 1.716346679687500000e+03
2.965908682315677503e+00 1.698529541015625000e+03
2.969343434698208828e+00 1.673408813476562500e+03
2.972778187080739709e+00 1.644838134765625000e+03
2.976212939463271034e+00 1.624687011718750000e+03
2.979647691845801916e+00 1.618358886718750000e+03
2.983082444228333241e+00 1.616366333007812500e+03
2.986517196610864122e+00 1.612829345703125000e+03
2.989951948993395447e+00 1.602473754882812500e+03
2.993386701375926773e+00 1.581977172851562500e+03
2.996821453758458098e+00 1.560406982421875000e+03
3.000256206140988979e+00 1.542218750000000000e+03
3.003690958523520305e+00 1.535164916992187500e+03
3.007125710906051630e+00 1.529265502929687500e+03
3.010560463288582511e+00 1.524808349609375000e+03
3.013995215671113836e+00 1.509581054687500000e+03
3.017429968053645162e+00 1.503763671875000000e+03
3.020864720436176487e+00 1.503502075195312500e+03
3.024299472818707368e+00 1.503405639648437500e+03
3.027734225201238694e+00 1.492048706054687500e+03
3.031168977583770019e+00 1.476700317382812500e+03
3.034603729966301344e+00 1.459973266601562500e+03
3.038038482348832225e+00 1.457399291992187500e+03
3.041473234731363551e+00 1.450873168945312500e+03
3.044907987113894876e+00 1.455404663085937500e+03
3.048342739496425757e+00 1.451161621093750000e+03
3.051777491878957083e+00 1.447218627929687500e+03
3.055212244261487964e+00 1.434022705078125000e+03
3.058646996644019289e+00 1.419638793945312500e+03
3.062081749026550170e+00 1.415162109375000000e+03
3.065516501409081496e+00 1.421913452148437500e+03
3.068951253791612821e+00 1.419910034179687500e+03
3.072386006174144146e+00 1.418690185546875000e+03
3.075820758556675028e+00 1.416479858398437500e+03
3.079255510939206353e+00 1.418962402343750000e+03
3.082690263321737678e+00 1.413022216796875000e+03
3.086125015704268559e+00 1.404755859375000000e+03
3.089559768086799885e+00 1.403667480468750000e+03
3.092994520469331210e+00 1.404959838867187500e+03
3.096429272851862535e+00 1.399527954101562500e+03
3.099864025234393416e+00 1.397172851562500000e+03
3.103298777616924742e+00 1.397607788085937500e+03
3.106733529999456067e+00 1.393532836914062500e+03
3.110168282381987392e+00 1.391557128906250000e+03
3.113603034764518274e+00 1.392809692382812500e+03
3.117037787147049599e+00 1.404160644531250000e+03
3.120472539529580924e+00 1.423448730468750000e+03
3.123907291912111805e+00 1.451043457031250000e+03
3.127342044294643131e+00 1.461554199218750000e+03
3.130776796677174012e+00 1.461871337890625000e+03
3.134211549059705337e+00 1.441938842773437500e+03
3.137646301442236219e+00 1.425392456054687500e+03
3.141081053824767544e+00 1.403533569335937500e+03
3.144515806207298869e+00 1.381660034179687500e+03
3.147950558589830194e+00 1.369241943359375000e+03
3.151385310972361076e+00 1.359224243164062500e+03
3.154820063354892401e+00 1.365012329101562500e+03
3.158254815737423726e+00 1.364936401367187500e+03
3.161689568119954608e+00 1.356137207031250000e+03
3.165124320502485933e+00 1.340115112304687500e+03
3.168559072885017258e+00 1.327633300781250000e+03
3.171993825267548583e+00 1.335313232421875000e+03
3.175428577650079465e+00 1.343040649414062500e+03
3.178863330032610790e+00 1.351307983398437500e+03
3.182298082415142115e+00 1.352848510742187500e+03
3.185732834797673441e+00 1.353449951171875000e+03
3.189167587180204322e+00 1.351552368164062500e+03
3.192602339562735647e+00 1.346723022460937500e+03
3.196037091945266972e+00 1.334579956054687500e+03
3.199471844327797854e+00 1.324697875976562500e+03
3.202906596710329179e+00 1.318959472656250000e+03
3.206341349092860060e+00 1.321839477539062500e+03
3.209776101475391386e+00 1.312548583984375000e+03
3.213210853857922267e+00 1.316976318359375000e+03
3.216645606240453592e+00 1.324279541015625000e+03
3.220080358622984917e+00 1.338275634765625000e+03
3.223515111005516243e+00 1.331282470703125000e+03
3.226949863388047124e+00 1.323438232421875000e+03
3.230384615770578449e+00 1.316698974609375000e+03
3.233819368153109775e+00 1.318654785156250000e+03
3.237254120535640656e+00 1.321554931640625000e+03
3.240688872918171981e+00 1.331308471679687500e+03
3.244123625300703306e+00 1.330675903320312500e+03
3.247558377683234632e+00 1.331216064453125000e+03
3.250993130065765513e+00 1.325898925781250000e+03
3.254427882448296838e+00 1.320935180664062500e+03
3.257862634830828164e+00 1.316948486328125000e+03
3.261297387213359489e+00 1.312785034179687500e+03
3.264732139595890370e+00 1.318754028320312500e+03
3.268166891978421695e+00 1.319390502929687500e+03
3.271601644360953021e+00 1.320646972656250000e+03
3.275036396743483902e+00 1.319334838867187500e+03
3.278471149126015227e+00 1.319738159179687500e+03
3.281905901508546108e+00 1.328225097656250000e+03
3.285340653891077434e+00 1.346267822265625000e+03
3.288775406273608315e+00 1.363609619140625000e+03
3.292210158656139640e+00 1.375172729492187500e+03
3.295644911038670966e+00 1.377532348632812500e+03
3.299079663421202291e+00 1.378869140625000000e+03
3.302514415803733172e+00 1.390177124023437500e+03
3.305949168186264497e+00 1.394938598632812500e+03
3.309383920568795823e+00 1.406465454101562500e+03
3.312818672951326704e+00 1.406802734375000000e+03
3.316253425333858029e+00 1.410579956054687500e+03
3.319688177716389355e+00 1.410581176757812500e+03
3.323122930098920680e+00 1.421687500000000000e+03
3.326557682481451561e+00 1.448413452148437500e+03
3.329992434863982886e+00 1.477710205078125000e+03
3.333427187246514212e+00 1.513556152343750000e+03
3.336861939629045093e+00 1.556265869140625000e+03
3.340296692011576418e+00 1.627804077148437500e+03
3.343731444394107744e+00 1.759389160156250000e+03
3.347166196776639069e+00 2.021318603515625000e+03
3.350600949159169950e+00 2.611463378906250000e+03
3.354035701541701275e+00 3.942549804687500000e+03
3.357470453924232601e+00 7.356437500000000000e+03
3.360905206306763482e+00 1.267223339843750000e+04
3.364339958689294363e+00 1.945062890625000000e+04
3.367774711071825688e+00 2.392742968750000000e+04
3.371209463454357014e+00 2.388723828125000000e+04
3.374644215836887895e+00 1.968416406250000000e+04
3.378078968219419220e+00 1.395378222656250000e+04
3.381513720601950546e+00 8.918028320312500000e+03
3.384948472984481871e+00 5.190349609375000000e+03
3.388383225367012752e+00 3.298632324218750000e+03
3.391817977749544077e+00 2.380256103515625000e+03
3.395252730132075403e+00 1.937897583007812500e+03
3.398687482514606728e+00 1.724778564453125000e+03
3.402122234897137609e+00 1.601874389648437500e+03
3.405556987279668935e+00 1.534807495117187500e+03
3.408991739662200260e+00 1.501096679687500000e+03
3.412426492044731141e+00 1.468083374023437500e+03
3.415861244427262466e+00 1.441089111328125000e+03
3.419295996809793792e+00 1.416134887695312500e+03
3.422730749192325117e+00 1.401709350585937500e+03
3.426165501574855998e+00 1.388666992187500000e+03
3.429600253957387324e+00 1.382846801757812500e+03
3.433035006339918649e+00 1.373632080078125000e+03
3.436469758722449530e+00 1.356181518554687500e+03
3.439904511104980411e+00 1.344027343750000000e+03
3.443339263487511737e+00 1.330696411132812500e+03
3.446774015870043062e+00 1.324459716796875000e+03
3.450208768252573943e+00 1.315415405273437500e+03
3.453643520635105268e+00 1.307749023437500000e+03
3.457078273017636594e+00 1.300667724609375000e+03
3.460513025400167919e+00 1.289318969726562500e+03
3.463947777782698800e+00 1.282599975585937500e+03
3.467382530165230126e+00 1.275948364257812500e+03
3.470817282547761451e+00 1.267876586914062500e+03
3.474252034930292776e+00 1.265469604492187500e+03
3.477686787312823657e+00 1.263043701171875000e+03
3.481121539695354983e+00 1.262723632812500000e+03
3.484556292077886308e+00 1.258121948242187500e+03
3.487991044460417189e+00 1.256684204101562500e+03
3.491425796842948515e+00 1.250363891601562500e+03
3.494860549225479840e+00 1.249176635742187500e+03
3.498295301608011165e+00 1.246032226562500000e+03
3.501730053990542046e+00 1.234267822265625000e+03
3.505164806373073372e+00 1.224673706054687500e+03
3.508599558755604697e+00 1.221996337890625000e+03
3.512034311138135578e+00 1.228505493164062500e+03
3.515469063520666460e+00 1.225061035156250000e+03
3.518903815903197785e+00 1.216693359375000000e+03
3.522338568285729110e+00 1.210462768554687500e+03
3.525773320668259991e+00 1.207090820312500000e+03
3.529208073050791317e+00 1.205928222656250000e+03
3.532642825433322642e+00 1.211574707031250000e+03
3.536077577815853967e+00 1.214215820312500000e+03
3.539512330198384849e+00 1.213756469726562500e+03
3.542947082580916174e+00 1.206675903320312500e+03
3.546381834963447499e+00 1.200786743164062500e+03
3.549816587345978824e+00 1.185598632812500000e+03
3.553251339728509706e+00 1.179349975585937500e+03
3.556686092111041031e+00 1.184102172851562500e+03
3.560120844493572356e+00 1.196968627929687500e+03
3.563555596876103237e+00 1.203010620117187500e+03
3.566990349258634563e+00 1.200084716796875000e+03
3.570425101641165888e+00 1.192341064453125000e+03
3.573859854023697213e+00 1.191977539062500000e+03
3.577294606406228095e+00 1.190949096679687500e+03
3.580729358788759420e+00 1.193383056640625000e+03
3.584164111171290301e+00 1.190806396484375000e+03
3.587598863553821626e+00 1.196375122070312500e+03
3.591033615936352508e+00 1.203582275390625000e+03
3.594468368318883833e+00 1.206576416015625000e+03
3.597903120701415158e+00 1.209549316406250000e+03
3.601337873083946484e+00 1.203385986328125000e+03
3.604772625466477809e+00 1.204019409179687500e+03
3.608207377849008246e+00 1.195727783203125000e+03
3.611642130231539571e+00 1.196006835937500000e+03
3.615076882614070897e+00 1.190170898437500000e+03
3.618511634996602222e+00 1.196083984375000000e+03
3.621946387379133547e+00 1.202237182617187500e+03
3.625381139761664873e+00 1.216198242187500000e+03
3.628815892144196198e+00 1.218968383789062500e+03
3.632250644526726635e+00 1.229344360351562500e+03
3.635685396909257960e+00 1.227080444335937500e+03
3.639120149291789286e+00 1.224540405273437500e+03
3.642554901674320611e+00 1.212788574218750000e+03
3.645989654056851936e+00 1.205276367187500000e+03
3.649424406439383262e+00 1.211758178710937500e+03
3.652859158821914587e+00 1.222176147460937500e+03
3.656293911204445912e+00 1.231603759765625000e+03
3.659728663586976349e+00 1.225861328125000000e+03
3.663163415969507675e+00 1.221458374023437500e+03
3.666598168352038556e+00 1.227662719726562500e+03
3.670032920734569881e+00 1.236253540039062500e+03
3.673467673117101207e+00 1.242499389648437500e+03
3.676902425499632532e+00 1.248319091796875000e+03
3.680337177882163857e+00 1.257803466796875000e+03
3.683771930264694294e+00 1.269532836914062500e+03
3.687206682647225620e+00 1.277738525390625000e+03
3.690641435029756945e+00 1.287661499023437500e+03
3.694076187412288270e+00 1.290402709960937500e+03
3.697510939794819596e+00 1.305698486328125000e+03
3.700945692177350921e+00 1.320597045898437500e+03
3.704380444559882246e+00 1.339654296875000000e+03
3.707815196942412683e+00 1.357602050781250000e+03
3.711249949324944009e+00 1.371830322265625000e+03
3.714684701707475334e+00 1.390548217773437500e+03
3.718119454090006659e+00 1.406750732421875000e+03
3.721554206472537984e+00 1.437472656250000000e+03
3.724988958855069310e+00 1.480325683593750000e+03
3.728423711237600635e+00 1.525383422851562500e+03
3.731858463620131960e+00 1.592095458984375000e+03
3.735293216002662398e+00 1.684987548828125000e+03
3.738727968385193723e+00 1.837141967773437500e+03
3.742162720767725048e+00 2.087174560546875000e+03
3.745597473150255929e+00 2.556912353515625000e+03
3.749032225532787255e+00 3.515848632812500000e+03
3.752466977915318580e+00 5.845341308593750000e+03
3.755901730297849905e+00 1.052714843750000000e+04
3.759336482680380342e+00 1.918725195312500000e+04
3.762771235062911668e+00 2.961268945312500000e+04
3.766205987445442993e+00 3.991246875000000000e+04
3.769640739827974318e+00 4.471453515625000000e+04
3.773075492210505644e+00 4.098788281250000000e+04
3.776510244593036969e+00 3.028133984375000000e+04
3.779944996975568294e+00 1.768709375000000000e+04
3.783379749358098731e+00 9.615956054687500000e+03
3.786814501740630057e+00 5.269656738281250000e+03
3.790249254123161382e+00 3.360726074218750000e+03
3.793684006505692707e+00 2.490653076171875000e+03
3.797118758888224033e+00 2.067250732421875000e+03
3.800553511270755358e+00 1.838144653320312500e+03
3.803988263653286683e+00 1.696015014648437500e+03
3.807423016035818009e+00 1.610185424804687500e+03
3.810857768418348446e+00 1.539945190429687500e+03
3.814292520800879771e+00 1.496967773437500000e+03
3.817727273183411096e+00 1.455320434570312500e+03
3.821162025565941978e+00 1.423463134765625000e+03
3.824596777948473303e+00 1.388575561523437500e+03
3.828031530331004628e+00 1.358294677734375000e+03
3.831466282713535954e+00 1.337587158203125000e+03
3.834901035096066391e+00 1.316693237304687500e+03
3.838335787478597716e+00 1.298008422851562500e+03
3.841770539861129041e+00 1.272323120117187500e+03
3.845205292243660367e+00 1.256227905273437500e+03
3.848640044626191692e+00 1.233078369140625000e+03
3.852074797008723017e+00 1.222882080078125000e+03
3.855509549391254343e+00 1.210580322265625000e+03
3.858944301773784780e+00 1.201696899414062500e+03
3.862379054156316105e+00 1.190070190429687500e+03
3.865813806538847430e+00 1.178304687500000000e+03
3.869248558921378756e+00 1.170495971679687500e+03
3.872683311303910081e+00 1.167530761718750000e+03
3.876118063686441406e+00 1.171566894531250000e+03
3.879552816068972732e+00 1.168166870117187500e+03
3.882987568451504057e+00 1.158515625000000000e+03
3.886422320834034494e+00 1.144803955078125000e+03
3.889857073216565819e+00 1.133717407226562500e+03
3.893291825599097145e+00 1.121817993164062500e+03
3.896726577981628026e+00 1.111584838867187500e+03
3.900161330364159351e+00 1.108742065429687500e+03
3.903596082746690676e+00 1.114017333984375000e+03
3.907030835129222002e+00 1.123790161132812500e+03
3.910465587511752439e+00 1.116762817382812500e+03
3.913900339894283764e+00 1.102860717773437500e+03
3.917335092276815089e+00 1.090422363281250000e+03
3.920769844659346415e+00 1.090638793945312500e+03
3.924204597041877740e+00 1.085662475585937500e+03
3.927639349424409065e+00 1.082990356445312500e+03
3.931074101806940391e+00 1.078923828125000000e+03
3.934508854189470828e+00 1.084893798828125000e+03
3.937943606572002153e+00 1.082508422851562500e+03
3.941378358954533478e+00 1.077801391601562500e+03
3.944813111337064804e+00 1.071573730468750000e+03
3.948247863719596129e+00 1.067796020507812500e+03
3.951682616102127454e+00 1.067420288085937500e+03
3.955117368484658780e+00 1.066809814453125000e+03
3.958552120867189217e+00 1.070674682617187500e+03
3.961986873249720542e+00 1.074421386718750000e+03
3.965421625632251867e+00 1.073532104492187500e+03
3.968856378014783193e+00 1.068818603515625000e+03
3.972291130397314074e+00 1.061027343750000000e+03
3.975725882779845399e+00 1.063677490234375000e+03
3.979160635162376725e+00 1.067694091796875000e+03
3.982595387544908050e+00 1.069172363281250000e+03
3.986030139927438487e+00 1.068130371093750000e+03
3.989464892309969812e+00 1.069281005859375000e+03
3.992899644692501138e+00 1.070734863281250000e+03
3.996334397075032463e+00 1.075459472656250000e+03
3.999769149457563788e+00 1.075085205078125000e+03
4.003203901840095114e+00 1.079923461914062500e+03
4.006638654222625995e+00 1.080419433593750000e+03
4.010073406605156876e+00 1.082279541015625000e+03
4.013508158987687757e+00 1.076179199218750000e+03
4.016942911370219527e+00 1.069249511718750000e+03
4.020377663752750408e+00 1.061072387695312500e+03
4.023812416135282177e+00 1.061266113281250000e+03
4.027247168517813058e+00 1.066747802734375000e+03
4.030681920900344828e+00 1.072365234375000000e+03
4.034116673282874821e+00 1.077093627929687500e+03
4.037551425665406590e+00 1.076599487304687500e+03
4.040986178047937472e+00 1.075375366210937500e+03
4.044420930430469241e+00 1.080878417968750000e+03
4.047855682813000122e+00 1.093965209960937500e+03
4.051290435195531892e+00 1.100471313476562500e+03
4.054725187578062773e+00 1.100244750976562500e+03
4.058159939960594542e+00 1.101060668945312500e+03
4.061594692343124535e+00 1.112996459960937500e+03
4.065029444725656305e+00 1.124632080078125000e+03
4.068464197108187186e+00 1.144002075195312500e+03
4.071898949490718955e+00 1.152217041015625000e+03
4.075333701873249836e+00 1.164673950195312500e+03
4.078768454255781606e+00 1.173192993164062500e+03
4.082203206638312487e+00 1.189994750976562500e+03
4.085637959020843368e+00 1.213657348632812500e+03
4.089072711403374250e+00 1.242869384765625000e+03
4.092507463785905131e+00 1.276688232421875000e+03
4.095942216168436900e+00 1.329292114257812500e+03
4.099376968550967781e+00 1.411900512695312500e+03
4.102811720933499551e+00 1.550429565429687500e+03
4.106246473316030432e+00 1.818061889648437500e+03
4.109681225698561313e+00 2.413943847656250000e+03
4.113115978081092194e+00 3.744838134765625000e+03
4.116550730463623964e+00 6.482110351562500000e+03
4.119985482846154845e+00 1.105383007812500000e+04
4.123420235228686614e+00 1.660234960937500000e+04
4.126854987611217496e+00 2.162973437500000000e+04
4.130289739993749265e+00 2.288967578125000000e+04
4.133724492376280146e+00 2.034709570312500000e+04
4.137159244758811028e+00 1.468438378906250000e+04
4.140593997141341909e+00 8.978756835937500000e+03
4.144028749523873678e+00 5.057213378906250000e+03
4.147463501906404559e+00 2.970082031250000000e+03
4.150898254288936329e+00 2.085923095703125000e+03
4.154333006671467210e+00 1.672815795898437500e+03
4.157767759053998091e+00 1.464387207031250000e+03
4.161202511436528972e+00 1.352732910156250000e+03
4.164637263819060742e+00 1.286344726562500000e+03
4.168072016201591623e+00 1.244187622070312500e+03
4.171506768584122504e+00 1.222757446289062500e+03
4.174941520966654274e+00 1.195514160156250000e+03
4.178376273349185155e+00 1.175894897460937500e+03
4.181811025731716924e+00 1.151981201171875000e+03
4.185245778114246917e+00 1.145172485351562500e+03
4.188680530496778687e+00 1.143130981445312500e+03
4.192115282879309568e+00 1.138495483398437500e+03
4.195550035261841337e+00 1.118797607421875000e+03
4.198984787644372219e+00 1.102106201171875000e+03
4.202419540026903988e+00 1.092197265625000000e+03
4.205854292409434869e+00 1.085892211914062500e+03
4.209289044791966639e+00 1.074953125000000000e+03
4.212723797174496632e+00 1.064627197265625000e+03
4.216158549557028401e+00 1.060825439453125000e+03
4.219593301939559282e+00 1.046223388671875000e+03
4.223028054322091052e+00 1.033726196289062500e+03
4.226462806704621933e+00 1.020758850097656250e+03
4.229897559087153702e+00 1.020051452636718750e+03
4.233332311469684583e+00 1.012573364257812500e+03
4.236767063852215465e+00 1.012300964355468750e+03
4.240201816234746346e+00 1.011552185058593750e+03
4.243636568617277227e+00 1.009332580566406250e+03
4.247071320999808997e+00 1.004952087402343750e+03
4.250506073382339878e+00 9.963242187500000000e+02
4.253940825764871647e+00 9.960466918945312500e+02
4.257375578147402528e+00 9.938965454101562500e+02
4.260810330529933410e+00 9.972556152343750000e+02
4.264245082912464291e+00 9.941275634765625000e+02
4.267679835294996060e+00 9.927368164062500000e+02
4.271114587677526941e+00 9.847108764648437500e+02
4.274549340060058711e+00 9.790006103515625000e+02
4.277984092442589592e+00 9.765873413085937500e+02
4.281418844825121361e+00 9.714694824218750000e+02
4.284853597207652243e+00 9.692380981445312500e+02
4.288288349590183124e+00 9.572836914062500000e+02
4.291723101972714005e+00 9.549206542968750000e+02
4.295157854355245775e+00 9.546951293945312500e+02
4.298592606737776656e+00 9.673271484375000000e+02
4.302027359120308425e+00 9.685274658203125000e+02
4.305462111502839306e+00 9.682190551757812500e+02
4.308896863885370188e+00 9.561499023437500000e+02
4.312331616267901069e+00 9.567476806640625000e+02
4.315766368650432838e+00 9.546651611328125000e+02
4.319201121032963719e+00 9.576056518554687500e+02
4.322635873415494601e+00 9.517670898437500000e+02
4.326070625798026370e+00 9.483449707031250000e+02
4.329505378180557251e+00 9.414720458984375000e+02
4.332940130563089021e+00 9.419199218750000000e+02
4.336374882945619014e+00 9.393878173828125000e+02
4.339809635328150783e+00 9.433999633789062500e+02
4.343244387710681664e+00 9.379234008789062500e+02
4.346679140093213434e+00 9.370317993164062500e+02
4.350113892475744315e+00 9.375958251953125000e+02
4.353548644858276084e+00 9.461871337890625000e+02
4.356983397240806966e+00 9.456784667968750000e+02
4.360418149623338735e+00 9.315441894531250000e+02
4.363852902005868728e+00 9.262533569335937500e+02
4.367287654388400497e+00 9.291926269531250000e+02
4.370722406770931379e+00 9.315564575195312500e+02
4.374157159153463148e+00 9.215772094726562500e+02
4.377591911535994029e+00 9.160536499023437500e+02
4.381026663918525799e+00 9.186986083984375000e+02
4.384461416301056680e+00 9.281544189453125000e+02
4.387896168683587561e+00 9.320408325195312500e+02
4.391330921066118442e+00 9.272220458984375000e+02
4.394765673448649324e+00 9.232716064453125000e+02
4.398200425831181093e+00 9.208377685546875000e+02
4.401635178213711974e+00 9.275271606445312500e+02
4.405069930596243744e+00 9.326924438476562500e+02
4.408504682978774625e+00 9.239022216796875000e+02
4.411939435361305506e+00 9.162097167968750000e+02
4.415374187743836387e+00 9.050997924804687500e+02
4.418808940126368157e+00 9.131693725585937500e+02
4.422243692508899038e+00 9.201265258789062500e+02
4.425678444891430807e+00 9.361027832031250000e+02
4.429113197273961688e+00 9.373126220703125000e+02
4.432547949656493458e+00 9.239880371093750000e+02
4.435982702039023451e+00 9.097885742187500000e+02
4.439417454421555220e+00 9.051051635742187500e+02
4.442852206804086101e+00 9.174813842773437500e+02
4.446286959186617871e+00 9.220447998046875000e+02
4.449721711569148752e+00 9.254520263671875000e+02
4.453156463951680522e+00 9.193533935546875000e+02
4.456591216334211403e+00 9.191485595703125000e+02
4.460025968716742284e+00 9.243506469726562500e+02
4.463460721099273165e+00 9.286112060546875000e+02
4.466895473481804935e+00 9.260512695312500000e+02
4.470330225864335816e+00 9.149205322265625000e+02
4.473764978246866697e+00 9.048138427734375000e+02
4.477199730629398466e+00 8.974273681640625000e+02
4.480634483011929348e+00 8.993816528320312500e+02
4.484069235394461117e+00 9.014788208007812500e+02
4.487503987776991110e+00 8.975833129882812500e+02
4.490938740159522879e+00 8.894051513671875000e+02
4.494373492542053761e+00 8.874344482421875000e+02
4.497808244924585530e+00 8.915582885742187500e+02
4.501242997307116411e+00 8.985202026367187500e+02
4.504677749689648181e+00 8.961290283203125000e+02
4.508112502072179062e+00 8.990757446289062500e+02
4.511547254454709943e+00 9.026544189453125000e+02
4.514982006837240824e+00 9.097375488281250000e+02
4.518416759219772594e+00 9.068685302734375000e+02
4.521851511602303475e+00 9.014321289062500000e+02
4.525286263984835244e+00 8.977412719726562500e+02
4.528721016367366126e+00 9.043993530273437500e+02
4.532155768749897895e+00 9.091431274414062500e+02
4.535590521132428776e+00 9.101016235351562500e+02
4.539025273514959657e+00 9.016368408203125000e+02
4.542460025897490539e+00 8.874620971679687500e+02
4.545894778280021420e+00 8.764147338867187500e+02
4.549329530662553189e+00 8.759281616210937500e+02
4.552764283045084071e+00 8.828208618164062500e+02
4.556199035427615840e+00 8.903933715820312500e+02
4.559633787810146721e+00 8.931589355468750000e+02
4.563068540192677602e+00 8.979822998046875000e+02
4.566503292575208484e+00 9.055501708984375000e+02
4.569938044957740253e+00 9.138639526367187500e+02
4.573372797340271134e+00 9.135382080078125000e+02
4.576807549722802904e+00 9.053201904296875000e+02
4.580242302105333785e+00 9.020508422851562500e+02
4.583677054487865554e+00 9.033525390625000000e+02
4.587111806870395547e+00 9.046103515625000000e+02
4.590546559252927317e+00 9.041320800781250000e+02
4.593981311635458198e+00 9.076451416015625000e+02
4.597416064017989967e+00 9.053507690429687500e+02
4.600850816400520849e+00 8.993447265625000000e+02
4.604285568783052618e+00 8.884769287109375000e+02
4.607720321165583499e+00 8.902617797851562500e+02
4.611155073548115269e+00 8.893566894531250000e+02
4.614589825930645262e+00 8.962128295898437500e+02
4.618024578313177031e+00 9.010218505859375000e+02
4.621459330695707912e+00 9.075789184570312500e+02
4.624894083078238793e+00 9.077781372070312500e+02
4.628328835460770563e+00 9.099193725585937500e+02
4.631763587843301444e+00 9.095497436523437500e+02
4.635198340225833213e+00 9.107207031250000000e+02
4.638633092608363206e+00 9.077850952148437500e+02
4.642067844990894976e+00 9.101647949218750000e+02
4.645502597373425857e+00 9.125434570312500000e+02
4.648937349755957626e+00 9.163217163085937500e+02
4.652372102138488508e+00 9.196560058593750000e+02
4.655806854521020277e+00 9.241966552734375000e+02
4.659241606903551158e+00 9.321643676757812500e+02
4.662676359286082040e+00 9.376422729492187500e+02
4.666111111668612921e+00 9.385453491210937500e+02
4.669545864051144690e+00 9.343978271484375000e+02
4.672980616433675571e+00 9.323793334960937500e+02
4.676415368816207341e+00 9.342084350585937500e+02
4.679850121198738222e+00 9.340393676757812500e+02
4.683284873581269991e+00 9.358733520507812500e+02
4.686719625963800873e+00 9.387025146484375000e+02
4.690154378346331754e+00 9.424080810546875000e+02
4.693589130728862635e+00 9.441875610351562500e+02
4.697023883111393516e+00 9.451812744140625000e+02
4.700458635493925286e+00 9.449932250976562500e+02
4.703893387876456167e+00 9.448038330078125000e+02
4.707328140258987936e+00 9.515184326171875000e+02
4.710762892641518818e+00 9.629130859375000000e+02
4.714197645024049699e+00 9.729720458984375000e+02
4.717632397406580580e+00 9.820006103515625000e+02
4.721067149789112349e+00 9.904639282226562500e+02
4.724501902171643231e+00 9.987664794921875000e+02
4.727936654554175000e+00 1.002182373046875000e+03
4.731371406936705881e+00 1.012641418457031250e+03
4.734806159319237651e+00 1.034071411132812500e+03
4.738240911701767644e+00 1.075020263671875000e+03
4.741675664084299413e+00 1.139856201171875000e+03
4.745110416466830294e+00 1.263928344726562500e+03
4.748545168849362064e+00 1.519727050781250000e+03
4.751979921231892945e+00 2.104418457031250000e+03
4.755414673614424714e+00 3.522508056640625000e+03
4.758849425996955596e+00 6.133443359375000000e+03
4.762284178379487365e+00 9.137400390625000000e+03
4.765718930762017358e+00 1.130535449218750000e+04
4.769153683144549127e+00 1.176136132812500000e+04
4.772588435527080009e+00 1.048137988281250000e+04
4.776023187909610890e+00 8.081334960937500000e+03
4.779457940292142659e+00 5.129970214843750000e+03
4.782892692674673540e+00 3.175061523437500000e+03
4.786327445057205310e+00 1.971104125976562500e+03
4.789762197439735303e+00 1.472668457031250000e+03
4.793196949822267072e+00 1.248586181640625000e+03
4.796631702204797953e+00 1.149961547851562500e+03
4.800066454587329723e+00 1.098716186523437500e+03
4.803501206969860604e+00 1.067340087890625000e+03
4.806935959352392373e+00 1.036519165039062500e+03
4.810370711734923255e+00 1.016847961425781250e+03
4.813805464117454136e+00 1.007506591796875000e+03
4.817240216499985017e+00 1.000213684082031250e+03
4.820674968882516787e+00 9.917888183593750000e+02
4.824109721265047668e+00 9.768663940429687500e+02
4.827544473647579437e+00 9.754343261718750000e+02
4.830979226030110318e+00 9.747800903320312500e+02
4.834413978412642088e+00 9.754630737304687500e+02
4.837848730795172969e+00 9.657239990234375000e+02
4.841283483177703850e+00 9.531114501953125000e+02
4.844718235560234731e+00 9.459266357421875000e+02
4.848152987942766501e+00 9.389931030273437500e+02
4.851587740325297382e+00 9.350004272460937500e+02
4.855022492707828263e+00 9.342022705078125000e+02
4.858457245090360033e+00 9.294322509765625000e+02
4.861891997472890914e+00 9.216229858398437500e+02
4.865326749855421795e+00 9.114679565429687500e+02
4.868761502237952676e+00 9.114597167968750000e+02
4.872196254620484446e+00 9.182532348632812500e+02
4.875631007003015327e+00 9.227025756835937500e+02
4.879065759385547096e+00 9.236944580078125000e+02
4.882500511768077978e+00 9.198935546875000000e+02
4.885935264150609747e+00 9.167410278320312500e+02
4.889370016533139740e+00 9.122900390625000000e+02
4.892804768915671509e+00 9.161987915039062500e+02
4.896239521298202391e+00 9.204363403320312500e+02
4.899674273680734160e+00 9.248068847656250000e+02
4.903109026063265041e+00 9.252604370117187500e+02
4.906543778445796811e+00 9.234851074218750000e+02
4.909978530828327692e+00 9.251002807617187500e+02
4.913413283210858573e+00 9.242668457031250000e+02
4.916848035593389454e+00 9.263686523437500000e+02
4.920282787975921224e+00 9.236081542968750000e+02
4.923717540358452105e+00 9.211838378906250000e+02
4.927152292740982986e+00 9.239124145507812500e+02
4.930587045123514756e+00 9.290751953125000000e+02
4.934021797506045637e+00 9.302213134765625000e+02
4.937456549888577406e+00 9.331987915039062500e+02
4.940891302271107399e+00 9.331742553710937500e+02
4.944326054653639169e+00 9.376890869140625000e+02
4.947760807036170050e+00 9.398665771484375000e+02
4.951195559418701819e+00 9.443104858398437500e+02
4.954630311801232700e+00 9.483259277343750000e+02
4.958065064183764470e+00 9.515585327148437500e+02
4.961499816566295351e+00 9.557354736328125000e+02
4.964934568948826232e+00 9.588840332031250000e+02
4.968369321331357114e+00 9.652815551757812500e+02
4.971804073713888883e+00 9.721799316406250000e+02
4.975238826096419764e+00 9.868924560546875000e+02
4.978673578478951534e+00 1.001643127441406250e+03
4.982108330861482415e+00 1.013291015625000000e+03
4.985543083244014184e+00 1.022847167968750000e+03
4.988977835626544177e+00 1.033862670898437500e+03
4.992412588009075947e+00 1.048480834960937500e+03
4.995847340391606828e+00 1.054907470703125000e+03
4.999282092774138597e+00 1.070046264648437500e+03
5.002716845156669478e+00 1.103356811523437500e+03
5.006151597539200360e+00 1.166859985351562500e+03
5.009586349921732129e+00 1.210324462890625000e+03
5.013021102304263010e+00 1.236991821289062500e+03
5.016455854686793892e+00 1.240263549804687500e+03
5.019890607069324773e+00 1.255719604492187500e+03
5.023325359451856542e+00 1.296686767578125000e+03
5.026760111834387423e+00 1.371351806640625000e+03
5.030194864216919193e+00 1.507623168945312500e+03
5.033629616599450074e+00 1.751098999023437500e+03
5.037064368981981843e+00 2.247919921875000000e+03
5.040499121364511836e+00 3.308205566406250000e+03
5.043933873747043606e+00 5.689300292968750000e+03
5.047368626129574487e+00 1.013529296875000000e+04
5.050803378512106256e+00 1.669063671875000000e+04
5.054238130894637138e+00 2.459505664062500000e+04
5.057672883277168907e+00 3.049714062500000000e+04
5.061107635659699788e+00 3.128097851562500000e+04
5.064542388042230669e+00 2.693199218750000000e+04
5.067977140424761551e+00 1.822434570312500000e+04
5.071411892807293320e+00 1.092941308593750000e+04
5.074846645189824201e+00 5.342313476562500000e+03
5.078281397572355083e+00 3.243409423828125000e+03
5.081716149954886852e+00 2.196137451171875000e+03
5.085150902337417733e+00 1.725343994140625000e+03
5.088585654719949503e+00 1.503296997070312500e+03
5.092020407102479496e+00 1.380418090820312500e+03
5.095455159485011265e+00 1.296143432617187500e+03
5.098889911867542146e+00 1.237344848632812500e+03
5.102324664250073916e+00 1.196388061523437500e+03
5.105759416632604797e+00 1.163214355468750000e+03
5.109194169015136566e+00 1.136720703125000000e+03
5.112628921397667447e+00 1.112372802734375000e+03
5.116063673780198329e+00 1.094832397460937500e+03
5.119498426162729210e+00 1.084443725585937500e+03
5.122933178545260979e+00 1.077825805664062500e+03
5.126367930927791861e+00 1.067172363281250000e+03
5.129802683310323630e+00 1.051064941406250000e+03
5.133237435692854511e+00 1.036779541015625000e+03
5.136672188075386281e+00 1.028915771484375000e+03
5.140106940457916274e+00 1.020352172851562500e+03
5.143541692840448043e+00 1.005700805664062500e+03
5.146976445222978924e+00 9.913854370117187500e+02
5.150411197605510694e+00 9.826873779296875000e+02
5.153845949988041575e+00 9.812434692382812500e+02
5.157280702370572456e+00 9.739836425781250000e+02
5.160715454753104225e+00 9.698847656250000000e+02
5.164150207135635107e+00 9.644058837890625000e+02
5.167584959518165988e+00 9.647684936523437500e+02
5.171019711900696869e+00 9.604656982421875000e+02
5.174454464283228639e+00 9.564406127929687500e+02
5.177889216665759520e+00 9.536249389648437500e+02
5.181323969048291289e+00 9.508927001953125000e+02
5.184758721430822170e+00 9.499293212890625000e+02
5.188193473813353940e+00 9.477335205078125000e+02
5.191628226195883933e+00 9.447765502929687500e+02
5.195062978578415702e+00 9.390063476562500000e+02
5.198497730960946583e+00 9.406318969726562500e+02
5.201932483343478353e+00 9.391941528320312500e+02
5.205367235726009234e+00 9.357697753906250000e+02
5.208801988108541003e+00 9.308521118164062500e+02
5.212236740491071885e+00 9.363775634765625000e+02
5.215671492873602766e+00 9.407155151367187500e+02
5.219106245256133647e+00 9.398625488281250000e+02
5.222540997638665417e+00 9.380917358398437500e+02
5.225975750021196298e+00 9.326784057617187500e+02
5.229410502403727179e+00 9.377000732421875000e+02
5.232845254786258948e+00 9.405065307617187500e+02
5.236280007168789830e+00 9.477670288085937500e+02
5.239714759551321599e+00 9.504013061523437500e+02
5.243149511933851592e+00 9.546458740234375000e+02
5.246584264316383361e+00 9.627631835937500000e+02
5.250019016698914243e+00 9.686464843750000000e+02
5.253453769081446012e+00 9.750455322265625000e+02
5.256888521463976893e+00 9.846817626953125000e+02
5.260323273846508663e+00 1.002329406738281250e+03
5.263758026229039544e+00 1.035099487304687500e+03
5.267192778611570425e+00 1.071650146484375000e+03
5.270627530994101306e+00 1.100705078125000000e+03
5.274062283376633076e+00 1.114380493164062500e+03
5.277497035759163957e+00 1.105715332031250000e+03
5.280931788141695726e+00 1.096143798828125000e+03
5.284366540524226608e+00 1.075339233398437500e+03
5.287801292906758377e+00 1.078709716796875000e+03
5.291236045289288370e+00 1.089550048828125000e+03
5.294670797671820139e+00 1.114466918945312500e+03
5.298105550054351021e+00 1.159011352539062500e+03
5.301540302436882790e+00 1.235170288085937500e+03
5.304975054819413671e+00 1.369741210937500000e+03
5.308409807201944552e+00 1.632080932617187500e+03
5.311844559584476322e+00 2.147571777343750000e+03
5.315279311967006315e+00 3.321954345703125000e+03
5.318714064349538084e+00 5.762013671875000000e+03
5.322148816732068966e+00 9.632624023437500000e+03
5.325583569114600735e+00 1.489488671875000000e+04
5.329018321497131616e+00 2.179802734375000000e+04
5.332453073879663386e+00 2.431083203125000000e+04
5.335887826262194267e+00 2.276540234375000000e+04
5.339322578644726036e+00 1.578024316406250000e+04
5.342757331027256029e+00 9.923642578125000000e+03
5.346192083409787799e+00 5.669132812500000000e+03
5.349626835792318680e+00 3.135294433593750000e+03
5.353061588174850449e+00 2.103377441406250000e+03
5.356496340557381330e+00 1.620906005859375000e+03
5.359931092939913100e+00 1.377871459960937500e+03
5.363365845322443981e+00 1.255787963867187500e+03
5.366800597704974862e+00 1.185065429687500000e+03
5.370235350087505743e+00 1.143740966796875000e+03
5.373670102470037513e+00 1.114243774414062500e+03
5.377104854852568394e+00 1.088953857421875000e+03
5.380539607235100164e+00 1.060900878906250000e+03
5.383974359617631045e+00 1.037846435546875000e+03
5.387409112000161926e+00 1.021454711914062500e+03
5.390843864382692807e+00 1.019330322265625000e+03
5.394278616765223688e+00 1.008456787109375000e+03
5.397713369147755458e+00 9.978149414062500000e+02
5.401148121530286339e+00 9.792590942382812500e+02
5.404582873912818108e+00 9.712813110351562500e+02
5.408017626295348990e+00 9.649074707031250000e+02
5.411452378677880759e+00 9.640259399414062500e+02
5.414887131060411640e+00 9.601821899414062500e+02
5.418321883442942521e+00 9.523605346679687500e+02
5.421756635825473403e+00 9.477301025390625000e+02
5.425191388208005172e+00 9.469721069335937500e+02
5.428626140590536053e+00 9.518167114257812500e+02
5.432060892973067823e+00 9.476501464843750000e+02
5.435495645355598704e+00 9.402593383789062500e+02
5.438930397738130473e+00 9.313283081054687500e+02
5.442365150120660466e+00 9.264071044921875000e+02
5.445799902503192236e+00 9.211947021484375000e+02
5.449234654885723117e+00 9.135700073242187500e+02
5.452669407268254886e+00 9.137911376953125000e+02
5.456104159650785768e+00 9.182713623046875000e+02
5.459538912033316649e+00 9.145184326171875000e+02
5.462973664415848418e+00 9.035553588867187500e+02
5.466408416798379299e+00 8.943696899414062500e+02
5.469843169180910181e+00 8.915858764648437500e+02
5.473277921563441062e+00 8.926355590820312500e+02
5.476712673945972831e+00 8.995175170898437500e+02
5.480147426328503713e+00 9.022874755859375000e+02
5.483582178711035482e+00 9.007836303710937500e+02
5.487016931093566363e+00 8.965511474609375000e+02
5.490451683476098133e+00 8.979739990234375000e+02
5.493886435858628126e+00 8.965617675781250000e+02
5.497321188241159895e+00 8.989650878906250000e+02
5.500755940623690776e+00 9.001119995117187500e+02
5.504190693006222546e+00 9.088422241210937500e+02
5.507625445388753427e+00 9.062061157226562500e+02
5.511060197771285196e+00 9.091881713867187500e+02
5.514494950153816077e+00 9.086300659179687500e+02
5.517929702536346959e+00 9.200106201171875000e+02
5.521364454918877840e+00 9.264557495117187500e+02
5.524799207301409609e+00 9.325754394531250000e+02
5.528233959683940490e+00 9.359387207031250000e+02
5.531668712066472260e+00 9.368945312500000000e+02
5.535103464449003141e+00 9.384900512695312500e+02
5.538538216831534022e+00 9.444879760742187500e+02
5.541972969214064904e+00 9.515552978515625000e+02
5.545407721596595785e+00 9.678235473632812500e+02
5.548842473979127554e+00 9.798407592773437500e+02
5.552277226361658435e+00 9.918087768554687500e+02
5.555711978744190205e+00 1.004677246093750000e+03
5.559146731126721086e+00 1.031429931640625000e+03
5.562581483509252855e+00 1.085016479492187500e+03
5.566016235891783737e+00 1.181818847656250000e+03
5.569450988274314618e+00 1.374718139648437500e+03
5.572885740656845499e+00 1.771298583984375000e+03
5.576320493039377268e+00 2.649116699218750000e+03
5.579755245421908150e+00 4.454944335937500000e+03
5.583189997804439919e+00 7.178573242187500000e+03
5.586624750186970800e+00 1.047580175781250000e+04
5.590059502569502570e+00 1.267292382812500000e+04
5.593494254952032563e+00 1.294587304687500000e+04
5.596929007334564332e+00 1.106799707031250000e+04
5.600363759717095213e+00 8.115298828125000000e+03
5.603798512099626983e+00 5.153992187500000000e+03
5.607233264482157864e+00 3.065352783203125000e+03
5.610668016864688745e+00 1.966225341796875000e+03
5.614102769247220515e+00 1.460660034179687500e+03
5.617537521629751396e+00 1.233584472656250000e+03
5.620972274012282277e+00 1.126024047851562500e+03
5.624407026394813158e+00 1.068799194335937500e+03
5.627841778777344928e+00 1.028903564453125000e+03
5.631276531159875809e+00 1.001597106933593750e+03
5.634711283542407578e+00 9.822452392578125000e+02
5.638146035924938460e+00 9.667783813476562500e+02
5.641580788307470229e+00 9.496825561523437500e+02
5.645015540690000222e+00 9.432249755859375000e+02
5.648450293072531991e+00 9.330459594726562500e+02
5.651885045455062873e+00 9.245305175781250000e+02
5.655319797837594642e+00 9.106914062500000000e+02
5.658754550220125523e+00 9.117380371093750000e+02
5.662189302602657293e+00 9.144817504882812500e+02
5.665624054985188174e+00 9.094281005859375000e+02
5.669058807367719055e+00 8.974794311523437500e+02
5.672493559750249936e+00 8.894310302734375000e+02
5.675928312132781706e+00 8.852283935546875000e+02
5.679363064515312587e+00 8.805701904296875000e+02
5.682797816897844356e+00 8.748956909179687500e+02
5.686232569280375237e+00 8.710474243164062500e+02
5.689667321662906119e+00 8.673314819335937500e+02
5.693102074045437000e+00 8.627667846679687500e+02
5.696536826427967881e+00 8.544012451171875000e+02
5.699971578810499651e+00 8.578383178710937500e+02
5.703406331193030532e+00 8.573455810546875000e+02
5.706841083575562301e+00 8.600003051757812500e+02
5.710275835958093182e+00 8.556428222656250000e+02
5.713710588340624952e+00 8.611234130859375000e+02
5.717145340723154945e+00 8.609782714843750000e+02
5.720580093105686714e+00 8.597763671875000000e+02
5.724014845488217595e+00 8.513872680664062500e+02
5.727449597870749365e+00 8.507994384765625000e+02
5.730884350253280246e+00 8.517662353515625000e+02
5.734319102635812015e+00 8.593101806640625000e+02
5.737753855018342897e+00 8.613022460937500000e+02
5.741188607400874666e+00 8.536939697265625000e+02
5.744623359783404659e+00 8.436553955078125000e+02
5.748058112165936429e+00 8.382912597656250000e+02
5.751492864548467310e+00 8.434176025390625000e+02
5.754927616930999079e+00 8.470092773437500000e+02
5.758362369313529960e+00 8.478250732421875000e+02
5.761797121696060842e+00 8.472828979492187500e+02
5.765231874078592611e+00 8.443997192382812500e+02
5.768666626461123492e+00 8.436564941406250000e+02
5.772101378843654373e+00 8.403724365234375000e+02
5.775536131226185255e+00 8.426029052734375000e+02
5.778970883608717024e+00 8.440181274414062500e+02
5.782405635991247905e+00 8.453666381835937500e+02
5.785840388373779675e+00 8.486651000976562500e+02
5.789275140756310556e+00 8.474886474609375000e+02
5.792709893138841437e+00 8.464617309570312500e+02
5.796144645521372318e+00 8.433784179687500000e+02
5.799579397903904088e+00 8.443931884765625000e+02
5.803014150286434969e+00 8.480211791992187500e+02
5.806448902668966738e+00 8.564638671875000000e+02
5.809883655051497620e+00 8.682800903320312500e+02
5.813318407434029389e+00 8.851060180664062500e+02
5.816753159816560270e+00 8.988045654296875000e+02
5.820187912199091151e+00 9.230935058593750000e+02
5.823622664581622033e+00 9.904158935546875000e+02
5.827057416964153802e+00 1.146597167968750000e+03
5.830492169346684683e+00 1.427215576171875000e+03
5.833926921729216453e+00 1.840738647460937500e+03
5.837361674111747334e+00 2.216708251953125000e+03
5.840796426494278215e+00 2.448956542968750000e+03
5.844231178876809096e+00 2.408023437500000000e+03
5.847665931259339978e+00 2.159079589843750000e+03
5.851100683641871747e+00 1.765938964843750000e+03
5.854535436024402628e+00 1.363996948242187500e+03
5.857970188406934398e+00 1.118109619140625000e+03
5.861404940789465279e+00 9.833956909179687500e+02
5.864839693171997048e+00 9.233238525390625000e+02
5.868274445554527041e+00 8.970186767578125000e+02
5.871709197937058811e+00 8.835650634765625000e+02
5.875143950319589692e+00 8.757900390625000000e+02
5.878578702702121461e+00 8.681784667968750000e+02
5.882013455084652342e+00 8.610147094726562500e+02
5.885448207467184112e+00 8.506746215820312500e+02
5.888882959849714993e+00 8.431109008789062500e+02
5.892317712232246762e+00 8.405370483398437500e+02
5.895752464614776756e+00 8.410258178710937500e+02
5.899187216997308525e+00 8.407667846679687500e+02
5.902621969379839406e+00 8.463898315429687500e+02
5.906056721762371176e+00 8.502614135742187500e+02
5.909491474144902057e+00 8.519970092773437500e+02
5.912926226527432938e+00 8.459407958984375000e+02
5.916360978909964707e+00 8.474255371093750000e+02
5.919795731292495589e+00 8.509826049804687500e+02
5.923230483675026470e+00 8.534342651367187500e+02
5.926665236057557351e+00 8.545867919921875000e+02
5.930099988440089120e+00 8.490973510742187500e+02
5.933534740822620002e+00 8.425952148437500000e+02
5.936969493205151771e+00 8.341181030273437500e+02
5.940404245587682652e+00 8.324880371093750000e+02
5.943838997970213534e+00 8.377049560546875000e+02
5.947273750352744415e+00 8.404261474609375000e+02
5.950708502735276184e+00 8.469335937500000000e+02
5.954143255117807065e+00 8.455773925781250000e+02
5.957578007500338835e+00 8.465473022460937500e+02
5.961012759882869716e+00 8.445289306640625000e+02
5.964447512265401485e+00 8.459688720703125000e+02
5.967882264647932367e+00 8.439118652343750000e+02
5.971317017030463248e+00 8.424343872070312500e+02
5.974751769412994129e+00 8.415767211914062500e+02
5.978186521795525898e+00 8.464653930664062500e+02
5.981621274178056780e+00 8.485850219726562500e+02
5.985056026560588549e+00 8.532449951171875000e+02
5.988490778943119430e+00 8.533928833007812500e+02
5.991925531325650311e+00 8.594863891601562500e+02
5.995360283708181193e+00 8.591462402343750000e+02
5.998795036090712074e+00 8.619116210937500000e+02
6.002229788473243843e+00 8.630092773437500000e+02
6.005664540855774725e+00 8.696394653320312500e+02
6.009099293238306494e+00 8.706475219726562500e+02
6.012534045620837375e+00 8.718222656250000000e+02
6.015968798003369145e+00 8.721270141601562500e+02
6.019403550385899138e+00 8.718795166015625000e+02
6.022838302768430907e+00 8.783210449218750000e+02
6.026273055150961788e+00 8.868063964843750000e+02
6.029707807533493558e+00 8.941135253906250000e+02
6.033142559916024439e+00 8.965611572265625000e+02
6.036577312298556208e+00 9.057059936523437500e+02
6.040012064681087089e+00 9.199808349609375000e+02
6.043446817063618859e+00 9.324010620117187500e+02
6.046881569446148852e+00 9.470403442382812500e+02
6.050316321828680621e+00 9.772410278320312500e+02
6.053751074211211503e+00 1.032043945312500000e+03
6.057185826593743272e+00 1.141400756835937500e+03
6.060620578976274153e+00 1.358416992187500000e+03
6.064055331358805923e+00 1.871106933593750000e+03
6.067490083741336804e+00 2.817746826171875000e+03
6.070924836123867685e+00 4.176869628906250000e+03
6.074359588506398566e+00 5.901326171875000000e+03
6.077794340888929447e+00 7.252169921875000000e+03
6.081229093271461217e+00 7.959430664062500000e+03
6.084663845653992098e+00 7.383127441406250000e+03
6.088098598036523867e+00 5.833303222656250000e+03
6.091533350419054749e+00 3.969511230468750000e+03
6.094968102801585630e+00 2.486235351562500000e+03
6.098402855184116511e+00 1.683435913085937500e+03
6.101837607566648281e+00 1.284318603515625000e+03
6.105272359949179162e+00 1.112471069335937500e+03
6.108707112331710931e+00 1.025216796875000000e+03
6.112141864714241812e+00 9.862382202148437500e+02
6.115576617096773582e+00 9.622322387695312500e+02
6.119011369479304463e+00 9.512049560546875000e+02
6.122446121861835344e+00 9.394644775390625000e+02
6.125880874244366225e+00 9.267091064453125000e+02
6.129315626626897995e+00 9.172563476562500000e+02
6.132750379009428876e+00 9.065617675781250000e+02
6.136185131391960645e+00 9.028046264648437500e+02
6.139619883774491527e+00 9.008493041992187500e+02
6.143054636157022408e+00 9.049625854492187500e+02
6.146489388539553289e+00 9.003530273437500000e+02
6.149924140922085058e+00 8.952401733398437500e+02
6.153358893304615940e+00 8.902833251953125000e+02
6.156793645687146821e+00 8.881294555664062500e+02
6.160228398069678590e+00 8.876152343750000000e+02
6.163663150452209472e+00 8.859658813476562500e+02
6.167097902834741241e+00 8.865660400390625000e+02
6.170532655217271234e+00 8.835282592773437500e+02
6.173967407599803003e+00 8.875337524414062500e+02
6.177402159982333885e+00 8.871367187500000000e+02
6.180836912364865654e+00 8.883005371093750000e+02
6.184271664747396535e+00 8.813176269531250000e+02
6.187706417129928305e+00 8.792152099609375000e+02
6.191141169512459186e+00 8.742749023437500000e+02
6.194575921894990067e+00 8.729465942382812500e+02
6.198010674277520948e+00 8.716104125976562500e+02
6.201445426660052718e+00 8.756207885742187500e+02
6.204880179042583599e+00 8.781776733398437500e+02
6.208314931425115368e+00 8.805240478515625000e+02
6.211749683807646250e+00 8.809909057617187500e+02
6.215184436190178019e+00 8.825200805664062500e+02
6.218619188572708900e+00 8.848756713867187500e+02
6.222053940955239781e+00 8.918731689453125000e+02
6.225488693337770663e+00 8.983208007812500000e+02
6.228923445720301544e+00 9.023790893554687500e+02
6.232358198102833313e+00 9.003071899414062500e+02
6.235792950485364194e+00 9.001412963867187500e+02
6.239227702867895964e+00 9.048370361328125000e+02
6.242662455250426845e+00 9.106315307617187500e+02
6.246097207632957726e+00 9.197003784179687500e+02
6.249531960015488607e+00 9.314108886718750000e+02
6.252966712398020377e+00 9.466873168945312500e+02
6.256401464780551258e+00 9.564060058593750000e+02
6.259836217163083028e+00 9.695334472656250000e+02
6.263270969545613909e+00 9.843675537109375000e+02
6.266705721928145678e+00 1.001269653320312500e+03
6.270140474310675671e+00 1.020871459960937500e+03
6.273575226693207441e+00 1.048970092773437500e+03
6.277009979075738322e+00 1.088183471679687500e+03
6.280444731458270091e+00 1.148663940429687500e+03
6.283879483840800972e+00 1.260394287109375000e+03
6.287314236223332742e+00 1.481726196289062500e+03
6.290748988605863623e+00 1.936588378906250000e+03
6.294183740988394504e+00 2.942784179687500000e+03
6.297618493370925385e+00 4.878580078125000000e+03
6.301053245753457155e+00 7.879914550781250000e+03
6.304487998135988036e+00 1.173279492187500000e+04
6.307922750518518917e+00 1.473522363281250000e+04
6.311357502901050687e+00 1.613539746093750000e+04
6.314792255283581568e+00 1.453377343750000000e+04
6.318227007666113337e+00 1.119272070312500000e+04
6.321661760048643330e+00 7.116320312500000000e+03
6.325096512431175100e+00 4.173311523437500000e+03
6.328531264813705981e+00 2.549072021484375000e+03
6.331966017196237750e+00 1.761326171875000000e+03
6.335400769578768632e+00 1.406900146484375000e+03
6.338835521961300401e+00 1.233234130859375000e+03
6.342270274343831282e+00 1.143937866210937500e+03
6.345705026726362163e+00 1.090773193359375000e+03
6.349139779108893045e+00 1.055117065429687500e+03
6.352574531491424814e+00 1.017539916992187500e+03
6.356009283873955695e+00 1.000273986816406250e+03
6.359444036256487465e+00 9.871134033203125000e+02
6.362878788639018346e+00 9.810372924804687500e+02
6.366313541021550115e+00 9.646660156250000000e+02
6.369748293404080997e+00 9.474292602539062500e+02
6.373183045786611878e+00 9.414165039062500000e+02
6.376617798169142759e+00 9.415272827148437500e+02
6.380052550551673640e+00 9.419490356445312500e+02
6.383487302934205410e+00 9.330426635742187500e+02
6.386922055316736291e+00 9.232092285156250000e+02
6.390356807699268060e+00 9.114616699218750000e+02
6.393791560081798941e+00 9.025531616210937500e+02
6.397226312464329823e+00 8.932111816406250000e+02
6.400661064846860704e+00 8.881907348632812500e+02
6.404095817229392473e+00 8.803538208007812500e+02
6.407530569611923355e+00 8.846072998046875000e+02
6.410965321994455124e+00 8.875927124023437500e+02
6.414400074376986005e+00 8.870093383789062500e+02
6.417834826759517775e+00 8.800712280273437500e+02
6.421269579142047768e+00 8.750281982421875000e+02
6.424704331524579537e+00 8.713009643554687500e+02
6.428139083907110418e+00 8.672458496093750000e+02
6.431573836289642188e+00 8.660324096679687500e+02
6.435008588672173069e+00 8.662314453125000000e+02
6.438443341054704838e+00 8.648207397460937500e+02
6.441878093437235719e+00 8.609218750000000000e+02
6.445312845819766601e+00 8.574332275390625000e+02
6.448747598202297482e+00 8.524725341796875000e+02
6.452182350584829251e+00 8.508889770507812500e+02
6.455617102967360132e+00 8.519050903320312500e+02
6.459051855349891014e+00 8.494499511718750000e+02
6.462486607732422783e+00 8.477515869140625000e+02
6.465921360114953664e+00 8.462310791015625000e+02
6.469356112497485434e+00 8.474570312500000000e+02
6.472790864880015427e+00 8.460571289062500000e+02
6.476225617262547196e+00 8.435513305664062500e+02
6.479660369645078077e+00 8.433235473632812500e+02
6.483095122027609847e+00 8.438477172851562500e+02
6.486529874410140728e+00 8.418422851562500000e+02
6.489964626792672497e+00 8.411844482421875000e+02
6.493399379175203379e+00 8.419100952148437500e+02
6.496834131557734260e+00 8.457395629882812500e+02
6.500268883940265141e+00 8.417445068359375000e+02
6.503703636322796910e+00 8.379659423828125000e+02
6.507138388705327792e+00 8.355729370117187500e+02
6.510573141087859561e+00 8.404212646484375000e+02
6.514007893470390442e+00 8.391983032226562500e+02
6.517442645852922212e+00 8.392921752929687500e+02
6.520877398235453093e+00 8.318203735351562500e+02
6.524312150617983974e+00 8.300397338867187500e+02
6.527746903000514855e+00 8.299159545898437500e+02
6.531181655383045737e+00 8.371867675781250000e+02
6.534616407765577506e+00 8.393972778320312500e+02
6.538051160148108387e+00 8.332480468750000000e+02
6.541485912530640157e+00 8.270001831054687500e+02
6.544920664913171038e+00 8.241766357421875000e+02
6.548355417295701919e+00 8.258145751953125000e+02
6.551790169678232800e+00 8.267501220703125000e+02
6.555224922060764570e+00 8.242797851562500000e+02
6.558659674443295451e+00 8.250797119140625000e+02
6.562094426825827220e+00 8.229686889648437500e+02
6.565529179208358102e+00 8.248163452148437500e+02
6.568963931590889871e+00 8.206537475585937500e+02
6.572398683973419864e+00 8.200405273437500000e+02
6.575833436355951633e+00 8.189910888671875000e+02
6.579268188738482515e+00 8.240776977539062500e+02
6.582702941121014284e+00 8.267255859375000000e+02
6.586137693503545165e+00 8.277557983398437500e+02
6.589572445886076935e+00 8.259760131835937500e+02
6.593007198268607816e+00 8.243952636718750000e+02
6.596441950651138697e+00 8.231405029296875000e+02
6.599876703033669578e+00 8.270421752929687500e+02
6.603311455416201348e+00 8.341892089843750000e+02
6.606746207798732229e+00 8.381311035156250000e+02
6.610180960181263110e+00 8.388849487304687500e+02
6.613615712563794879e+00 8.333585205078125000e+02
6.617050464946325761e+00 8.341611328125000000e+02
6.620485217328857530e+00 8.305808715820312500e+02
6.623919969711387523e+00 8.310817260742187500e+02
6.627354722093919293e+00 8.325405883789062500e+02
6.630789474476450174e+00 8.354362792968750000e+02
6.634224226858981943e+00 8.378266601562500000e+02
6.637658979241512824e+00 8.362759399414062500e+02
6.641093731624044594e+00 8.380683593750000000e+02
6.644528484006575475e+00 8.374063110351562500e+02
6.647963236389106356e+00 8.383326416015625000e+02
6.651397988771637237e+00 8.410200195312500000e+02
6.654832741154169007e+00 8.401596069335937500e+02
6.658267493536699888e+00 8.399074707031250000e+02
6.661702245919231657e+00 8.372091064453125000e+02
6.665136998301762539e+00 8.403682250976562500e+02
6.668571750684294308e+00 8.372969360351562500e+02
6.672006503066824301e+00 8.398269042968750000e+02
6.675441255449356071e+00 8.467294311523437500e+02
6.678876007831886952e+00 8.531452026367187500e+02
6.682310760214417833e+00 8.553247070312500000e+02
6.685745512596949602e+00 8.516495361328125000e+02
6.689180264979480484e+00 8.468737182617187500e+02
6.692615017362012253e+00 8.435059204101562500e+02
6.696049769744543134e+00 8.415664672851562500e+02
6.699484522127074015e+00 8.467080078125000000e+02
6.702919274509604897e+00 8.576785888671875000e+02
6.706354026892136666e+00 8.640091552734375000e+02
6.709788779274667547e+00 8.657095336914062500e+02
6.713223531657199317e+00 8.639238891601562500e+02
6.716658284039730198e+00 8.744957275390625000e+02
6.720093036422261967e+00 8.992985229492187500e+02
6.723527788804791960e+00 9.462167358398437500e+02
6.726962541187323730e+00 1.033167114257812500e+03
6.730397293569854611e+00 1.212437866210937500e+03
6.733832045952386380e+00 1.632733276367187500e+03
6.737266798334917262e+00 2.135620849609375000e+03
6.740701550717449031e+00 2.749167236328125000e+03
6.744136303099979912e+00 3.262913574218750000e+03
6.747571055482510793e+00 3.666862060546875000e+03
6.751005807865041675e+00 3.780460205078125000e+03
6.754440560247573444e+00 3.465679199218750000e+03
6.757875312630104325e+00 2.660118408203125000e+03
6.761310065012635206e+00 1.859550415039062500e+03
6.764744817395166976e+00 1.293409179687500000e+03
6.768179569777697857e+00 1.059197875976562500e+03
6.771614322160229626e+00 9.609299316406250000e+02
6.775049074542759620e+00 9.164907226562500000e+02
6.778483826925291389e+00 9.017684936523437500e+02
6.781918579307822270e+00 8.924538574218750000e+02
6.785353331690354040e+00 8.859818725585937500e+02
6.788788084072884921e+00 8.779562377929687500e+02
6.792222836455416690e+00 8.697318115234375000e+02
6.795657588837947571e+00 8.626705322265625000e+02
6.799092341220478453e+00 8.606829223632812500e+02
6.802527093603009334e+00 8.620831298828125000e+02
6.805961845985541103e+00 8.611465454101562500e+02
6.809396598368071984e+00 8.643028564453125000e+02
6.812831350750603754e+00 8.701386108398437500e+02
6.816266103133134635e+00 8.737064208984375000e+02
6.819700855515666404e+00 8.709496459960937500e+02
6.823135607898196398e+00 8.670403442382812500e+02
6.826570360280728167e+00 8.654879760742187500e+02
6.830005112663259048e+00 8.631546020507812500e+02
6.833439865045790818e+00 8.617122802734375000e+02
6.836874617428321699e+00 8.580647583007812500e+02
6.840309369810852580e+00 8.566612548828125000e+02
6.843744122193384349e+00 8.550701904296875000e+02
6.847178874575915231e+00 8.550742797851562500e+02
6.850613626958446112e+00 8.600828247070312500e+02
6.854048379340976993e+00 8.683986206054687500e+02
6.857483131723508762e+00 8.673591918945312500e+02
6.860917884106039644e+00 8.652366943359375000e+02
6.864352636488571413e+00 8.656572265625000000e+02
6.867787388871102294e+00 8.750595092773437500e+02
6.871222141253634064e+00 8.779810791015625000e+02
6.874656893636164057e+00 8.822794189453125000e+02
6.878091646018695826e+00 8.848109741210937500e+02
6.881526398401226707e+00 8.915507202148437500e+02
6.884961150783758477e+00 8.876101074218750000e+02
6.888395903166289358e+00 8.858934936523437500e+02
6.891830655548821127e+00 8.806240234375000000e+02
6.895265407931352009e+00 8.905324096679687500e+02
6.898700160313882890e+00 8.981246337890625000e+02
6.902134912696413771e+00 9.153543090820312500e+02
6.905569665078945540e+00 9.246618041992187500e+02
6.909004417461476422e+00 9.364111938476562500e+02
6.912439169844007303e+00 9.471386108398437500e+02
6.915873922226539072e+00 9.630111694335937500e+02
6.919308674609069953e+00 9.857393188476562500e+02
6.922743426991601723e+00 1.020789672851562500e+03
6.926178179374131716e+00 1.078000854492187500e+03
6.929612931756663485e+00 1.172293090820312500e+03
6.933047684139194367e+00 1.367666992187500000e+03
6.936482436521726136e+00 1.795497192382812500e+03
6.939917188904257017e+00 2.688364501953125000e+03
6.943351941286788787e+00 4.332799316406250000e+03
6.946786693669319668e+00 6.568714843750000000e+03
6.950221446051850549e+00 9.007545898437500000e+03
6.953656198434381430e+00 1.042797656250000000e+04
6.957090950816913200e+00 1.047142871093750000e+04
6.960525703199444081e+00 8.885453125000000000e+03
6.963960455581975850e+00 6.524617187500000000e+03
6.967395207964506731e+00 4.168307128906250000e+03
6.970829960347038501e+00 2.616782958984375000e+03
6.974264712729568494e+00 1.741833007812500000e+03
6.977699465112100263e+00 1.352168701171875000e+03
6.981134217494631145e+00 1.180419067382812500e+03
6.984568969877162914e+00 1.091832641601562500e+03
6.988003722259693795e+00 1.035470214843750000e+03
6.991438474642224676e+00 9.964666748046875000e+02
6.994873227024756446e+00 9.757659912109375000e+02
6.998307979407287327e+00 9.720513305664062500e+02
7.001742731789818208e+00 9.626647338867187500e+02
7.005177484172349089e+00 9.503521728515625000e+02
7.008612236554880859e+00 9.353601684570312500e+02
7.012046988937411740e+00 9.252128295898437500e+02
7.015481741319943509e+00 9.147778320312500000e+02
7.018916493702474391e+00 9.111253662109375000e+02
7.022351246085006160e+00 9.033479003906250000e+02
7.025785998467536153e+00 9.016185302734375000e+02
7.029220750850067922e+00 8.994403076171875000e+02
7.032655503232598804e+00 8.986434326171875000e+02
7.036090255615130573e+00 8.944590454101562500e+02
7.039525007997661454e+00 8.882232055664062500e+02
7.042959760380193224e+00 8.858448486328125000e+02
7.046394512762724105e+00 8.818778076171875000e+02
7.049829265145254986e+00 8.799041748046875000e+02
7.053264017527785867e+00 8.806559448242187500e+02
7.056698769910317637e+00 8.792780761718750000e+02
7.060133522292848518e+00 8.793547363281250000e+02
7.063568274675379399e+00 8.771982421875000000e+02
7.067003027057911169e+00 8.854476318359375000e+02
7.070437779440442050e+00 8.946376342773437500e+02
7.073872531822972931e+00 8.961148681640625000e+02
7.077307284205503812e+00 8.932965698242187500e+02
7.080742036588035582e+00 8.876706542968750000e+02
7.084176788970566463e+00 8.889693603515625000e+02
7.087611541353098232e+00 8.853060302734375000e+02
7.091046293735629114e+00 8.835590209960937500e+02
7.094481046118160883e+00 8.835878295898437500e+02
7.097915798500691764e+00 8.920658569335937500e+02
7.101350550883222645e+00 9.030382690429687500e+02
7.104785303265753527e+00 9.082425537109375000e+02
7.108220055648285296e+00 9.160543212890625000e+02
7.111654808030816177e+00 9.315366821289062500e+02
7.115089560413347947e+00 9.517307128906250000e+02
7.118524312795878828e+00 9.667205810546875000e+02
7.121959065178410597e+00 9.841690673828125000e+02
7.125393817560940590e+00 1.017538696289062500e+03
7.128828569943472360e+00 1.077216552734375000e+03
7.132263322326003241e+00 1.185617187500000000e+03
7.135698074708535010e+00 1.397001708984375000e+03
7.139132827091065892e+00 1.879096679687500000e+03
7.142567579473596773e+00 2.789858154296875000e+03
7.146002331856128542e+00 4.406056640625000000e+03
7.149437084238658535e+00 6.599211914062500000e+03
7.152871836621190305e+00 8.643254882812500000e+03
7.156306589003721186e+00 1.008388183593750000e+04
7.159741341386252955e+00 9.697006835937500000e+03
7.163176093768782948e+00 8.178341308593750000e+03
7.166610846151314718e+00 5.671110839843750000e+03
7.170045598533845599e+00 3.550306640625000000e+03
7.173480350916377368e+00 2.204498046875000000e+03
7.176915103298908249e+00 1.542205810546875000e+03
7.180349855681440019e+00 1.247419921875000000e+03
7.183784608063970900e+00 1.103097900390625000e+03
7.187219360446502670e+00 1.025690795898437500e+03
7.190654112829033551e+00 9.828203735351562500e+02
7.194088865211565320e+00 9.572325439453125000e+02
7.197523617594096201e+00 9.476436767578125000e+02
7.200958369976627971e+00 9.376888427734375000e+02
7.204393122359158852e+00 9.277891235351562500e+02
7.207827874741689733e+00 9.132520751953125000e+02
7.211262627124221503e+00 9.058864746093750000e+02
7.214697379506751496e+00 9.006273803710937500e+02
7.218132131889282377e+00 8.969507446289062500e+02
7.221566884271814146e+00 8.903890991210937500e+02
7.225001636654345027e+00 8.807463378906250000e+02
7.228436389036875909e+00 8.697883911132812500e+02
7.231871141419407678e+00 8.615769653320312500e+02
7.235305893801938559e+00 8.603604736328125000e+02
7.238740646184470329e+00 8.594071044921875000e+02
7.242175398567001210e+00 8.633776855468750000e+02
7.245610150949532979e+00 8.621134643554687500e+02
7.249044903332063861e+00 8.621479492187500000e+02
7.252479655714595630e+00 8.596959228515625000e+02
7.255914408097126511e+00 8.622600708007812500e+02
7.259349160479658281e+00 8.582654418945312500e+02
7.262783912862187385e+00 8.553572998046875000e+02
7.266218665244719155e+00 8.528428344726562500e+02
7.269653417627250036e+00 8.457815551757812500e+02
7.273088170009781805e+00 8.453324584960937500e+02
7.276522922392312687e+00 8.451752929687500000e+02
7.279957674774844456e+00 8.526236572265625000e+02
7.283392427157375337e+00 8.500260009765625000e+02
7.286827179539907107e+00 8.518085937500000000e+02
7.290261931922437988e+00 8.525196533203125000e+02
7.293696684304968869e+00 8.495880126953125000e+02
7.297131436687500639e+00 8.533831787109375000e+02
7.300566189070031520e+00 8.560415039062500000e+02
7.304000941452563289e+00 8.629874267578125000e+02
7.307435693835094170e+00 8.653939819335937500e+02
7.310870446217625940e+00 8.678653564453125000e+02
7.314305198600155045e+00 8.712423706054687500e+02
7.317739950982686814e+00 8.757243652343750000e+02
7.321174703365217695e+00 8.887796630859375000e+02
7.324609455747749465e+00 9.070589599609375000e+02
7.328044208130280346e+00 9.461235961914062500e+02
7.331478960512812115e+00 1.028640014648437500e+03
7.334913712895342996e+00 1.205282348632812500e+03
7.338348465277874766e+00 1.572239624023437500e+03
7.341783217660405647e+00 2.187127685546875000e+03
7.345217970042937417e+00 2.989006835937500000e+03
7.348652722425468298e+00 3.812545410156250000e+03
7.352087474808000067e+00 4.194566406250000000e+03
7.355522227190530948e+00 4.110282226562500000e+03
7.358956979573061830e+00 3.518678955078125000e+03
7.362391731955593599e+00 2.744566650390625000e+03
7.365826484338123592e+00 2.010655273437500000e+03
7.369261236720654473e+00 1.453243530273437500e+03
7.372695989103186243e+00 1.147878051757812500e+03
7.376130741485717124e+00 1.002564453125000000e+03
7.379565493868248005e+00 9.378742675781250000e+02
7.383000246250779774e+00 9.112672729492187500e+02
7.386434998633310656e+00 8.929036865234375000e+02
7.389869751015842425e+00 8.743450317382812500e+02
7.393304503398373306e+00 8.633806152343750000e+02
7.396739255780905076e+00 8.545361938476562500e+02
7.400174008163435957e+00 8.519917602539062500e+02
7.403608760545967726e+00 8.445438842773437500e+02
7.407043512928498608e+00 8.462155761718750000e+02
7.410478265311030377e+00 8.429468994140625000e+02
7.413913017693559482e+00 8.426840820312500000e+02
7.417347770076091251e+00 8.421814575195312500e+02
7.420782522458622132e+00 8.416393432617187500e+02
7.424217274841153902e+00 8.383453369140625000e+02
7.427652027223684783e+00 8.313405761718750000e+02
7.431086779606216552e+00 8.307450561523437500e+02
7.434521531988747434e+00 8.279384155273437500e+02
7.437956284371279203e+00 8.312714233398437500e+02
7.441391036753810084e+00 8.275339355468750000e+02
7.444825789136340966e+00 8.292357177734375000e+02
7.448260541518872735e+00 8.245109252929687500e+02
7.451695293901403616e+00 8.291043701171875000e+02
7.455130046283935386e+00 8.348186035156250000e+02
7.458564798666466267e+00 8.395347900390625000e+02
7.461999551048998036e+00 8.428841552734375000e+02
7.465434303431527141e+00 8.424923706054687500e+02
7.468869055814058910e+00 8.449727783203125000e+02
7.472303808196589792e+00 8.445614624023437500e+02
7.475738560579121561e+00 8.442685546875000000e+02
7.479173312961652442e+00 8.428763427734375000e+02
7.482608065344184212e+00 8.450184936523437500e+02
7.486042817726715093e+00 8.500938720703125000e+02
7.489477570109246862e+00 8.536741943359375000e+02
7.492912322491777743e+00 8.547349853515625000e+02
7.496347074874309513e+00 8.505766601562500000e+02
7.499781827256840394e+00 8.528658447265625000e+02
7.503216579639372164e+00 8.598761596679687500e+02
7.506651332021903045e+00 8.787201538085937500e+02
7.510086084404433926e+00 8.931127929687500000e+02
7.513520836786963919e+00 9.105083618164062500e+02
7.516955589169495688e+00 9.333519287109375000e+02
7.520390341552026570e+00 9.820465087890625000e+02
7.523825093934558339e+00 1.086944946289062500e+03
7.527259846317089220e+00 1.321574462890625000e+03
7.530694598699620101e+00 1.760231201171875000e+03
7.534129351082151871e+00 2.563499755859375000e+03
7.537564103464682752e+00 3.525325439453125000e+03
7.540998855847214521e+00 4.349743164062500000e+03
7.544433608229745403e+00 4.689738281250000000e+03
7.547868360612277172e+00 4.338181640625000000e+03
7.551303112994808053e+00 3.652637207031250000e+03
7.554737865377339823e+00 2.702169921875000000e+03
7.558172617759870704e+00 1.934669677734375000e+03
7.561607370142402473e+00 1.400145385742187500e+03
7.565042122524931578e+00 1.138141601562500000e+03
7.568476874907463348e+00 1.009540649414062500e+03
7.571911627289994229e+00 9.457789916992187500e+02
7.575346379672525998e+00 9.065993041992187500e+02
7.578781132055056879e+00 8.838882446289062500e+02
7.582215884437588649e+00 8.738219604492187500e+02
7.585650636820119530e+00 8.679982910156250000e+02
7.589085389202651299e+00 8.667609252929687500e+02
7.592520141585182181e+00 8.686080932617187500e+02
7.595954893967713062e+00 8.689863281250000000e+02
7.599389646350244831e+00 8.724108276367187500e+02
7.602824398732775713e+00 8.643295288085937500e+02
7.606259151115307482e+00 8.613782348632812500e+02
7.609693903497838363e+00 8.495996093750000000e+02
7.613128655880370133e+00 8.473251953125000000e+02
7.616563408262899237e+00 8.484876098632812500e+02
7.619998160645431007e+00 8.532860717773437500e+02
7.623432913027961888e+00 8.515346679687500000e+02
7.626867665410493657e+00 8.489958496093750000e+02
7.630302417793024539e+00 8.471604614257812500e+02
7.633737170175556308e+00 8.489788818359375000e+02
7.637171922558087189e+00 8.552981567382812500e+02
7.640606674940618959e+00 8.562855834960937500e+02
7.644041427323149840e+00 8.599688720703125000e+02
7.647476179705681609e+00 8.604500732421875000e+02
7.650910932088212490e+00 8.641102905273437500e+02
7.654345684470744260e+00 8.645803833007812500e+02
7.657780436853275141e+00 8.656944580078125000e+02
7.661215189235806022e+00 8.676979980468750000e+02
7.664649941618336015e+00 8.722953491210937500e+02
7.668084694000867785e+00 8.765171508789062500e+02
7.671519446383398666e+00 8.874813232421875000e+02
7.674954198765930435e+00 8.937105712890625000e+02
7.678388951148461317e+00 9.025958251953125000e+02
7.681823703530992198e+00 9.106062622070312500e+02
7.685258455913523967e+00 9.227536621093750000e+02
7.688693208296054848e+00 9.284446411132812500e+02
7.692127960678586618e+00 9.379232788085937500e+02
7.695562713061117499e+00 9.545885620117187500e+02
7.698997465443649268e+00 9.880809326171875000e+02
7.702432217826180150e+00 1.042300659179687500e+03
7.705866970208711919e+00 1.135023803710937500e+03
7.709301722591242800e+00 1.318160156250000000e+03
7.712736474973774570e+00 1.684989624023437500e+03
7.716171227356303675e+00 2.473653076171875000e+03
7.719605979738835444e+00 3.933269042968750000e+03
7.723040732121366325e+00 5.906245117187500000e+03
7.726475484503898095e+00 8.189250488281250000e+03
7.729910236886428976e+00 9.602751953125000000e+03
7.733344989268960745e+00 9.964507812500000000e+03
7.736779741651491626e+00 8.660221679687500000e+03
7.740214494034023396e+00 6.622410644531250000e+03
7.743649246416554277e+00 4.390753906250000000e+03
7.747083998799085158e+00 2.735541259765625000e+03
7.750518751181616928e+00 1.826583984375000000e+03
7.753953503564147809e+00 1.381987060546875000e+03
7.757388255946679578e+00 1.166363037109375000e+03
7.760823008329210460e+00 1.058871582031250000e+03
7.764257760711742229e+00 9.995905151367187500e+02
7.767692513094271334e+00 9.690277709960937500e+02
7.771127265476803103e+00 9.527884521484375000e+02
7.774562017859333984e+00 9.403767700195312500e+02
7.777996770241865754e+00 9.288043212890625000e+02
7.781431522624396635e+00 9.163634033203125000e+02
7.784866275006928404e+00 9.067561035156250000e+02
7.788301027389459286e+00 8.957546997070312500e+02
7.791735779771991055e+00 8.936214599609375000e+02
7.795170532154521936e+00 8.876372680664062500e+02
7.798605284537053706e+00 8.807596435546875000e+02
7.802040036919584587e+00 8.717122802734375000e+02
7.805474789302116356e+00 8.685965576171875000e+02
7.808909541684647238e+00 8.673226928710937500e+02
7.812344294067178119e+00 8.639705200195312500e+02
7.815779046449708112e+00 8.585827026367187500e+02
7.819213798832239881e+00 8.594468383789062500e+02
7.822648551214770762e+00 8.614549560546875000e+02
7.826083303597302532e+00 8.600642700195312500e+02
7.829518055979833413e+00 8.588314208984375000e+02
7.832952808362364294e+00 8.572227783203125000e+02
7.836387560744896064e+00 8.612150268554687500e+02
7.839822313127426945e+00 8.595700073242187500e+02
7.843257065509958714e+00 8.599990844726562500e+02
7.846691817892489595e+00 8.628066406250000000e+02
7.850126570275021365e+00 8.589269409179687500e+02
7.853561322657552246e+00 8.552842407226562500e+02
7.856996075040084015e+00 8.546025390625000000e+02
7.860430827422614897e+00 8.627270507812500000e+02
7.863865579805146666e+00 8.697549438476562500e+02
7.867300332187675771e+00 8.750346069335937500e+02
7.870735084570207540e+00 8.802379760742187500e+02
7.874169836952738422e+00 8.870702514648437500e+02
7.877604589335270191e+00 8.916444702148437500e+02
7.881039341717801072e+00 8.970809326171875000e+02
7.884474094100332842e+00 9.152498168945312500e+02
7.887908846482863723e+00 9.544248657226562500e+02
7.891343598865395492e+00 1.034478393554687500e+03
7.894778351247926373e+00 1.184738159179687500e+03
7.898213103630457255e+00 1.502747802734375000e+03
7.901647856012989024e+00 2.069061035156250000e+03
7.905082608395519905e+00 2.988001708984375000e+03
7.908517360778051675e+00 4.090735107421875000e+03
7.911952113160582556e+00 4.953953613281250000e+03
7.915386865543112549e+00 5.357836425781250000e+03
7.918821617925643430e+00 4.829301757812500000e+03
7.922256370308175200e+00 3.842358886718750000e+03
7.925691122690706081e+00 2.668395751953125000e+03
7.929125875073237850e+00 1.826804077148437500e+03
7.932560627455768731e+00 1.346560668945312500e+03
7.935995379838300501e+00 1.106093994140625000e+03
7.939430132220831382e+00 9.950618896484375000e+02
7.942864884603363151e+00 9.415378417968750000e+02
7.946299636985894033e+00 9.092317504882812500e+02
7.949734389368425802e+00 8.899525756835937500e+02
7.953169141750956683e+00 8.772586059570312500e+02
7.956603894133488453e+00 8.689539794921875000e+02
7.960038646516019334e+00 8.611115112304687500e+02
7.963473398898551103e+00 8.577652587890625000e+02
7.966908151281080208e+00 8.581358642578125000e+02
7.970342903663611978e+00 8.545230712890625000e+02
7.973777656046142859e+00 8.491217041015625000e+02
7.977212408428674628e+00 8.397353515625000000e+02
7.980647160811205509e+00 8.394782104492187500e+02
7.984081913193736391e+00 8.397800292968750000e+02
7.987516665576268160e+00 8.464165039062500000e+02
7.990951417958799041e+00 8.459569702148437500e+02
7.994386170341330811e+00 8.425159301757812500e+02
7.997820922723861692e+00 8.381270751953125000e+02
8.001255675106392573e+00 8.338441772460937500e+02
8.004690427488924342e+00 8.320850219726562500e+02
8.008125179871456112e+00 8.261583251953125000e+02
8.011559932253987881e+00 8.243242797851562500e+02
8.014994684636517874e+00 8.207041625976562500e+02
8.018429437019047867e+00 8.197974853515625000e+02
8.021864189401579637e+00 8.191695556640625000e+02
8.025298941784111406e+00 8.196671142578125000e+02
8.028733694166641399e+00 8.140289306640625000e+02
8.032168446549173169e+00 8.103744506835937500e+02
8.035603198931704938e+00 8.110228271484375000e+02
8.039037951314236707e+00 8.168278808593750000e+02
8.042472703696766700e+00 8.200673217773437500e+02
8.045907456079298470e+00 8.198123779296875000e+02
8.049342208461830239e+00 8.128624267578125000e+02
8.052776960844360232e+00 8.028618164062500000e+02
8.056211713226892002e+00 8.009169311523437500e+02
8.059646465609423771e+00 8.049323120117187500e+02
8.063081217991955540e+00 8.090427246093750000e+02
8.066515970374485534e+00 8.074957885742187500e+02
8.069950722757015527e+00 8.101145629882812500e+02
8.073385475139547296e+00 8.096895141601562500e+02
8.076820227522079065e+00 8.120619506835937500e+02
8.080254979904609058e+00 8.130438842773437500e+02
8.083689732287140828e+00 8.129152221679687500e+02
8.087124484669672597e+00 8.096705322265625000e+02
8.090559237052204367e+00 8.094413452148437500e+02
8.093993989434734360e+00 8.073984985351562500e+02
8.097428741817266129e+00 8.058772583007812500e+02
8.100863494199797898e+00 8.036804809570312500e+02
8.104298246582329668e+00 8.020673217773437500e+02
8.107732998964859661e+00 8.031939697265625000e+02
8.111167751347391430e+00 8.019265136718750000e+02
8.114602503729923200e+00 8.027174682617187500e+02
8.118037256112453193e+00 8.019112548828125000e+02
8.121472008494983186e+00 8.079163818359375000e+02
8.124906760877514955e+00 8.095026245117187500e+02
8.128341513260046725e+00 8.083986206054687500e+02
8.131776265642578494e+00 8.039819335937500000e+02
8.135211018025108487e+00 8.088106689453125000e+02
8.138645770407640256e+00 8.107855834960937500e+02
8.142080522790172026e+00 8.111312255859375000e+02
8.145515275172702019e+00 8.068345947265625000e+02
8.148950027555233788e+00 8.071591186523437500e+02
8.152384779937765558e+00 8.118461303710937500e+02
8.155819532320297327e+00 8.120621948242187500e+02
8.159254284702827320e+00 8.115147094726562500e+02
8.162689037085359089e+00 8.136375122070312500e+02
8.166123789467890859e+00 8.110266113281250000e+02
8.169558541850420852e+00 8.088747558593750000e+02
8.172993294232950845e+00 8.032958984375000000e+02
8.176428046615482614e+00 8.090957641601562500e+02
8.179862798998014384e+00 8.073875122070312500e+02
8.183297551380546153e+00 8.059414672851562500e+02
8.186732303763076146e+00 8.041993408203125000e+02
8.190167056145607916e+00 8.073594970703125000e+02
8.193601808528139685e+00 8.137461547851562500e+02
8.197036560910671454e+00 8.152849121093750000e+02
8.200471313293201447e+00 8.185759887695312500e+02
8.203906065675733217e+00 8.203087158203125000e+02
8.207340818058264986e+00 8.243863525390625000e+02
8.210775570440794979e+00 8.234990844726562500e+02
8.214210322823326749e+00 8.270811157226562500e+02
8.217645075205856742e+00 8.274405517578125000e+02
8.221079827588388511e+00 8.278485717773437500e+02
8.224514579970918504e+00 8.322435913085937500e+02
8.227949332353450274e+00 8.354211425781250000e+02
8.231384084735982043e+00 8.419177856445312500e+02
8.234818837118513812e+00 8.469544067382812500e+02
8.238253589501043805e+00 8.676141357421875000e+02
8.241688341883575575e+00 8.953625488281250000e+02
8.245123094266107344e+00 9.531400146484375000e+02
8.248557846648639114e+00 1.069876953125000000e+03
8.251992599031169107e+00 1.286987182617187500e+03
8.255427351413700876e+00 1.700871337890625000e+03
8.258862103796232645e+00 2.247514892578125000e+03
8.262296856178764415e+00 2.755665771484375000e+03
8.265731608561294408e+00 3.130619140625000000e+03
8.269166360943824401e+00 2.930330810546875000e+03
8.272601113326356170e+00 2.544021972656250000e+03
8.276035865708887940e+00 1.914703002929687500e+03
8.279470618091417933e+00 1.471452636718750000e+03
8.282905370473949702e+00 1.170379638671875000e+03
8.286340122856481472e+00 1.008608764648437500e+03
8.289774875239011465e+00 9.344874877929687500e+02
8.293209627621543234e+00 8.977865600585937500e+02
8.296644380004075003e+00 8.721430053710937500e+02
8.300079132386606773e+00 8.617593383789062500e+02
8.303513884769136766e+00 8.556620483398437500e+02
8.306948637151668535e+00 8.498099975585937500e+02
8.310383389534200305e+00 8.413941650390625000e+02
8.313818141916732074e+00 8.383848266601562500e+02
8.317252894299262067e+00 8.416427001953125000e+02
8.320687646681792060e+00 8.454728393554687500e+02
8.324122399064323830e+00 8.429746704101562500e+02
8.327557151446855599e+00 8.411518554687500000e+02
8.330991903829385592e+00 8.384969482421875000e+02
8.334426656211917361e+00 8.371604614257812500e+02
8.337861408594449131e+00 8.336863403320312500e+02
8.341296160976980900e+00 8.292451782226562500e+02
8.344730913359510893e+00 8.274481201171875000e+02
8.348165665742042663e+00 8.247848510742187500e+02
8.351600418124574432e+00 8.256113891601562500e+02
8.355035170507104425e+00 8.241098632812500000e+02
8.358469922889636194e+00 8.229574584960937500e+02
8.361904675272167964e+00 8.204251708984375000e+02
8.365339427654699733e+00 8.183610839843750000e+02
8.368774180037229726e+00 8.126660766601562500e+02
8.372208932419759719e+00 8.134910278320312500e+02
8.375643684802291489e+00 8.158033447265625000e+02
8.379078437184823258e+00 8.189490966796875000e+02
8.382513189567353251e+00 8.167857666015625000e+02
8.385947941949885021e+00 8.170805053710937500e+02
8.389382694332416790e+00 8.177026367187500000e+02
8.392817446714948559e+00 8.195069580078125000e+02
8.396252199097478552e+00 8.199594726562500000e+02
8.399686951480010322e+00 8.251374511718750000e+02
8.403121703862542091e+00 8.288081665039062500e+02
8.406556456245073861e+00 8.354381713867187500e+02
8.409991208627603854e+00 8.475261230468750000e+02
8.413425961010135623e+00 8.791686401367187500e+02
8.416860713392667392e+00 9.417153320312500000e+02
8.420295465775197385e+00 1.076786254882812500e+03
8.423730218157727379e+00 1.327728515625000000e+03
8.427164970540259148e+00 1.708040649414062500e+03
8.430599722922790917e+00 2.130414306640625000e+03
8.434034475305322687e+00 2.474504150390625000e+03
8.437469227687852680e+00 2.549606445312500000e+03
8.440903980070384449e+00 2.413146484375000000e+03
8.444338732452916219e+00 2.059316406250000000e+03
8.447773484835446212e+00 1.662237670898437500e+03
8.451208237217977981e+00 1.303996459960937500e+03
8.454642989600509750e+00 1.074265380859375000e+03
8.458077741983041520e+00 9.519128417968750000e+02
8.461512494365571513e+00 8.971674194335937500e+02
8.464947246748103282e+00 8.741517944335937500e+02
8.468381999130633275e+00 8.648322753906250000e+02
8.471816751513165045e+00 8.597156982421875000e+02
8.475251503895695038e+00 8.556563110351562500e+02
8.478686256278226807e+00 8.511001586914062500e+02
8.482121008660758577e+00 8.428490600585937500e+02
8.485555761043290346e+00 8.347637329101562500e+02
8.488990513425820339e+00 8.294588012695312500e+02
8.492425265808352108e+00 8.291204833984375000e+02
8.495860018190883878e+00 8.271872558593750000e+02
8.499294770573415647e+00 8.263572998046875000e+02
8.502729522955945640e+00 8.248806762695312500e+02
8.506164275338477410e+00 8.228678588867187500e+02
8.509599027721009179e+00 8.230887451171875000e+02
8.513033780103539172e+00 8.205692138671875000e+02
8.516468532486070941e+00 8.210571289062500000e+02
8.519903284868600934e+00 8.202438354492187500e+02
8.523338037251132704e+00 8.213093261718750000e+02
8.526772789633662697e+00 8.230805053710937500e+02
8.530207542016194466e+00 8.293710937500000000e+02
8.533642294398726236e+00 8.391921997070312500e+02
8.537077046781258005e+00 8.427689819335937500e+02
8.540511799163787998e+00 8.476220092773437500e+02
8.543946551546319768e+00 8.510953369140625000e+02
8.547381303928851537e+00 8.579091796875000000e+02
8.550816056311383306e+00 8.646505737304687500e+02
8.554250808693913299e+00 8.655870361328125000e+02
8.557685561076445069e+00 8.716287231445312500e+02
8.561120313458976838e+00 8.779550170898437500e+02
8.564555065841508608e+00 8.965388793945312500e+02
8.567989818224038601e+00 9.194155883789062500e+02
8.571424570606568594e+00 9.542185668945312500e+02
8.574859322989100363e+00 1.000762084960937500e+03
8.578294075371632132e+00 1.085049560546875000e+03
8.581728827754162126e+00 1.264528930664062500e+03
8.585163580136693895e+00 1.660198730468750000e+03
8.588598332519225664e+00 2.413051757812500000e+03
8.592033084901755657e+00 3.838711425781250000e+03
8.595467837284287427e+00 5.819753906250000000e+03
8.598902589666819196e+00 8.096042480468750000e+03
8.602337342049350966e+00 9.854393554687500000e+03
8.605772094431880959e+00 1.040038769531250000e+04
8.609206846814412728e+00 9.654202148437500000e+03
8.612641599196944497e+00 7.699966796875000000e+03
8.616076351579476267e+00 5.486747070312500000e+03
8.619511103962004483e+00 3.436792236328125000e+03
8.622945856344536253e+00 2.204219238281250000e+03
8.626380608727068022e+00 1.538255859375000000e+03
8.629815361109599792e+00 1.223852050781250000e+03
8.633250113492129785e+00 1.076458129882812500e+03
8.636684865874661554e+00 1.001155578613281250e+03
8.640119618257193324e+00 9.613115844726562500e+02
8.643554370639725093e+00 9.331066894531250000e+02
8.646989123022255086e+00 9.105599975585937500e+02
8.650423875404786855e+00 8.937009277343750000e+02
8.653858627787318625e+00 8.832269897460937500e+02
8.657293380169850394e+00 8.756272583007812500e+02
8.660728132552380387e+00 8.674836425781250000e+02
8.664162884934912157e+00 8.628023071289062500e+02
8.667597637317443926e+00 8.583476562500000000e+02
8.671032389699973919e+00 8.520772094726562500e+02
8.674467142082503912e+00 8.475728149414062500e+02
8.677901894465035681e+00 8.462156372070312500e+02
8.681336646847567451e+00 8.453930053710937500e+02
8.684771399230097444e+00 8.399713134765625000e+02
8.688206151612629213e+00 8.303322753906250000e+02
8.691640903995160983e+00 8.264088745117187500e+02
8.695075656377692752e+00 8.300124511718750000e+02
8.698510408760222745e+00 8.305614624023437500e+02
8.701945161142754515e+00 8.264808959960937500e+02
8.705379913525286284e+00 8.194843139648437500e+02
8.708814665907818053e+00 8.146259765625000000e+02
8.712249418290348046e+00 8.138619384765625000e+02
8.715684170672879816e+00 8.093097534179687500e+02
8.719118923055411585e+00 8.125775756835937500e+02
8.722553675437941578e+00 8.119393920898437500e+02
8.725988427820471571e+00 8.164589843750000000e+02
8.729423180203003341e+00 8.208934936523437500e+02
8.732857932585535110e+00 8.224672851562500000e+02
8.736292684968066879e+00 8.299725952148437500e+02
8.739727437350596873e+00 8.423682861328125000e+02
8.743162189733128642e+00 8.748082275390625000e+02
8.746596942115660411e+00 9.258520507812500000e+02
8.750031694498190404e+00 1.049977172851562500e+03
8.753466446880722174e+00 1.270744873046875000e+03
8.756901199263253943e+00 1.629416625976562500e+03
8.760335951645785713e+00 2.131948242187500000e+03
8.763770704028315706e+00 2.696086669921875000e+03
8.767205456410847475e+00 3.153673828125000000e+03
8.770640208793377468e+00 3.373158935546875000e+03
8.774074961175909237e+00 3.156102783203125000e+03
8.777509713558439230e+00 2.641030517578125000e+03
8.780944465940971000e+00 1.981318603515625000e+03
8.784379218323502769e+00 1.468337768554687500e+03
8.787813970706034539e+00 1.149664916992187500e+03
8.791248723088564532e+00 9.733796386718750000e+02
8.794683475471096301e+00 8.999938354492187500e+02
8.798118227853628071e+00 8.622809448242187500e+02
8.801552980236159840e+00 8.381360473632812500e+02
8.804987732618689833e+00 8.209448852539062500e+02
8.808422485001221602e+00 8.121282348632812500e+02
8.811857237383753372e+00 8.044942016601562500e+02
8.815291989766283365e+00 8.014647827148437500e+02
8.818726742148815134e+00 7.936897583007812500e+02
8.822161494531345127e+00 7.859571533203125000e+02
8.825596246913876897e+00 7.798673095703125000e+02
8.829030999296408666e+00 7.799126586914062500e+02
8.832465751678938659e+00 7.778273925781250000e+02
8.835900504061470428e+00 7.739660034179687500e+02
8.839335256444002198e+00 7.726571655273437500e+02
8.842770008826532191e+00 7.723842773437500000e+02
8.846204761209063960e+00 7.691953125000000000e+02
8.849639513591595730e+00 7.759467163085937500e+02
8.853074265974127499e+00 7.757662353515625000e+02
8.856509018356657492e+00 7.774398803710937500e+02
8.859943770739189262e+00 7.764705810546875000e+02
8.863378523121721031e+00 7.823027954101562500e+02
8.866813275504252800e+00 7.785438842773437500e+02
8.870248027886781017e+00 7.730023803710937500e+02
8.873682780269312786e+00 7.700322265625000000e+02
8.877117532651844556e+00 7.694470214843750000e+02
8.880552285034376325e+00 7.642279663085937500e+02
8.883987037416906318e+00 7.617203979492187500e+02
8.887421789799438088e+00 7.643671875000000000e+02
8.890856542181969857e+00 7.677705688476562500e+02
8.894291294564501626e+00 7.680156250000000000e+02
8.897726046947031620e+00 7.657144165039062500e+02
8.901160799329563389e+00 7.644576416015625000e+02
8.904595551712095158e+00 7.645583496093750000e+02
8.908030304094625151e+00 7.658255615234375000e+02
8.911465056477156921e+00 7.605664672851562500e+02
8.914899808859688690e+00 7.550974731445312500e+02
8.918334561242220460e+00 7.529812011718750000e+02
8.921769313624748676e+00 7.588407592773437500e+02
8.925204066007280446e+00 7.558892211914062500e+02
8.928638818389812215e+00 7.482209472656250000e+02
8.932073570772343984e+00 7.460552978515625000e+02
8.935508323154873978e+00 7.467985839843750000e+02
8.938943075537405747e+00 7.502477416992187500e+02
8.942377827919937516e+00 7.566491088867187500e+02
8.945812580302469286e+00 7.652899780273437500e+02
8.949247332684999279e+00 7.725029907226562500e+02
8.952682085067531048e+00 7.700156860351562500e+02
8.956116837450062818e+00 7.672178955078125000e+02
8.959551589832594587e+00 7.576619873046875000e+02
8.962986342215124580e+00 7.523828125000000000e+02
8.966421094597656349e+00 7.569057006835937500e+02
8.969855846980188119e+00 7.637368774414062500e+02
8.973290599362718112e+00 7.649901733398437500e+02
8.976725351745248105e+00 7.610834350585937500e+02
8.980160104127779874e+00 7.625541381835937500e+02
8.983594856510311644e+00 7.611193847656250000e+02
8.987029608892841637e+00 7.635858764648437500e+02
8.990464361275373406e+00 7.631865234375000000e+02
8.993899113657905176e+00 7.662838745117187500e+02
8.997333866040436945e+00 7.676362304687500000e+02
9.000768618422966938e+00 7.754011840820312500e+02
9.004203370805498707e+00 7.775306396484375000e+02
9.007638123188030477e+00 7.765733642578125000e+02
9.011072875570562246e+00 7.666578979492187500e+02
9.014507627953092239e+00 7.632593383789062500e+02
9.017942380335624009e+00 7.605340576171875000e+02
9.021377132718154002e+00 7.624430541992187500e+02
9.024811885100685771e+00 7.631948242187500000e+02
9.028246637483215764e+00 7.669338378906250000e+02
9.031681389865747533e+00 7.762086791992187500e+02
9.035116142248279303e+00 7.906429443359375000e+02
9.038550894630811072e+00 8.022062377929687500e+02
9.041985647013341065e+00 8.085967407226562500e+02
9.045420399395872835e+00 8.148215332031250000e+02
9.048855151778404604e+00 8.197007446289062500e+02
9.052289904160934597e+00 8.374287719726562500e+02
9.055724656543466367e+00 8.518612060546875000e+02
9.059159408925998136e+00 8.762846679687500000e+02
9.062594161308529905e+00 9.167443847656250000e+02
9.066028913691059898e+00 1.007486022949218750e+03
9.069463666073591668e+00 1.188464233398437500e+03
9.072898418456121661e+00 1.526127685546875000e+03
9.076333170838653430e+00 2.135417724609375000e+03
9.079767923221183423e+00 3.072386718750000000e+03
9.083202675603715193e+00 4.300260742187500000e+03
9.086637427986246962e+00 5.503595214843750000e+03
9.090072180368778731e+00 6.031972656250000000e+03
9.093506932751308725e+00 5.876224121093750000e+03
9.096941685133840494e+00 5.003285644531250000e+03
9.100376437516372263e+00 3.867283203125000000e+03
9.103811189898904033e+00 2.837211669921875000e+03
9.107245942281434026e+00 1.933409423828125000e+03
9.110680694663965795e+00 1.463786254882812500e+03
9.114115447046497565e+00 1.152197143554687500e+03
9.117550199429027558e+00 9.697691650390625000e+02
9.120984951811559327e+00 9.077758178710937500e+02
9.124419704194089320e+00 8.555083007812500000e+02
9.127854456576621089e+00 8.285407104492187500e+02
9.131289208959152859e+00 8.162767333984375000e+02
9.134723961341682852e+00 8.097913208007812500e+02
9.138158713724214621e+00 7.980051879882812500e+02
9.141593466106746391e+00 7.845993041992187500e+02
9.145028218489276384e+00 7.802338867187500000e+02
9.148462970871808153e+00 7.885624389648437500e+02
9.151897723254339923e+00 7.843030395507812500e+02
9.155332475636871692e+00 7.736442871093750000e+02
9.158767228019401685e+00 7.611039428710937500e+02
9.162201980401933454e+00 7.620744628906250000e+02
9.165636732784465224e+00 7.581759643554687500e+02
9.169071485166996993e+00 7.512493286132812500e+02
9.172506237549525210e+00 7.550855102539062500e+02
9.175940989932056979e+00 7.513822021484375000e+02
9.179375742314588749e+00 7.456762084960937500e+02
9.182810494697120518e+00 7.415221557617187500e+02
9.186245247079650511e+00 7.498820800781250000e+02
9.189679999462182280e+00 7.561038818359375000e+02
9.193114751844714050e+00 7.494590454101562500e+02
9.196549504227245819e+00 7.380740356445312500e+02
9.199984256609775812e+00 7.259548339843750000e+02
9.203419008992307582e+00 7.286743774414062500e+02
9.206853761374839351e+00 7.397828369140625000e+02
9.210288513757369344e+00 7.453662719726562500e+02
9.213723266139901114e+00 7.403204345703125000e+02
9.217158018522432883e+00 7.583478393554687500e+02
9.220592770904964652e+00 7.885825805664062500e+02
9.224027523287492869e+00 8.530888061523437500e+02
9.227462275670024638e+00 1.022656005859375000e+03
9.230897028052556408e+00 1.324410034179687500e+03
9.234331780435088177e+00 1.747429199218750000e+03
9.237766532817618170e+00 2.331954101562500000e+03
9.241201285200149940e+00 2.684160888671875000e+03
9.244636037582681709e+00 2.731410400390625000e+03
9.248070789965213478e+00 2.409599121093750000e+03
9.251505542347743472e+00 1.986529785156250000e+03
9.254940294730275241e+00 1.541761596679687500e+03
9.258375047112807010e+00 1.231321777343750000e+03
9.261809799495338780e+00 9.988733520507812500e+02
9.265244551877868773e+00 8.684091186523437500e+02
9.268679304260400542e+00 8.089439086914062500e+02
9.272114056642930535e+00 7.671441650390625000e+02
9.275548809025462305e+00 7.487988281250000000e+02
9.278983561407992298e+00 7.133374023437500000e+02
9.282418313790524067e+00 6.809926147460937500e+02
9.285853066173055836e+00 6.740583496093750000e+02
9.289287818555585829e+00 6.785646362304687500e+02
9.292722570938117599e+00 6.812413330078125000e+02
9.296157323320649368e+00 6.652450561523437500e+02
9.299592075703181138e+00 6.497244873046875000e+02
9.303026828085711131e+00 6.505552978515625000e+02
9.306461580468242900e+00 6.530017089843750000e+02
9.309896332850774670e+00 6.631662597656250000e+02
9.313331085233306439e+00 6.580027465820312500e+02
9.316765837615836432e+00 6.481965332031250000e+02
9.320200589998368201e+00 6.405748291015625000e+02
9.323635342380898194e+00 6.334586791992187500e+02
9.327070094763429964e+00 6.349235839843750000e+02
9.330504847145959957e+00 6.297711791992187500e+02
9.333939599528491726e+00 6.348881225585937500e+02
9.337374351911023496e+00 6.476784057617187500e+02
9.340809104293555265e+00 6.610890502929687500e+02
9.344243856676085258e+00 6.545053710937500000e+02
9.347678609058617027e+00 6.378698730468750000e+02
9.351113361441148797e+00 6.236353759765625000e+02
9.354548113823678790e+00 6.092933959960937500e+02
9.357982866206210559e+00 5.994722290039062500e+02
9.361417618588742329e+00 5.983246459960937500e+02
9.364852370971274098e+00 6.025889892578125000e+02
9.368287123353804091e+00 5.909653320312500000e+02
9.371721875736335861e+00 5.767446899414062500e+02
9.375156628118865854e+00 5.567545776367187500e+02
9.378591380501397623e+00 5.480854492187500000e+02
9.382026132883927616e+00 5.427864990234375000e+02
9.385460885266459385e+00 5.448066406250000000e+02
9.388895637648991155e+00 5.389431152343750000e+02
9.392330390031522924e+00 5.407053833007812500e+02
9.395765142414052917e+00 5.270343627929687500e+02
9.399199894796584687e+00 5.185379638671875000e+02
9.402634647179116456e+00 5.097581176757812500e+02
9.406069399561648225e+00 5.138606567382812500e+02
9.409504151944178219e+00 5.123936767578125000e+02
9.412938904326709988e+00 4.943084716796875000e+02
9.416373656709241757e+00 4.742919616699218750e+02
9.419808409091771750e+00 4.463782348632812500e+02
9.423243161474301743e+00 4.420600280761718750e+02
9.426677913856833513e+00 4.432018432617187500e+02
9.430112666239365282e+00 4.283471069335937500e+02
9.433547418621897052e+00 4.025749816894531250e+02
9.436982171004427045e+00 3.738672485351562500e+02
9.440416923386958814e+00 3.570177612304687500e+02
9.443851675769490583e+00 3.670421752929687500e+02
9.447286428152020576e+00 3.810897827148437500e+02
9.450721180534552346e+00 3.532134399414062500e+02
9.454155932917084115e+00 2.995543518066406250e+02
9.457590685299615885e+00 2.767121276855468750e+02
9.461025437682145878e+00 2.954976196289062500e+02
9.464460190064677647e+00 2.871773986816406250e+02
9.467894942447209417e+00 3.009260559082031250e+02
9.471329694829741186e+00 2.827877197265625000e+02
9.474764447212269403e+00 2.612802124023437500e+02
9.478199199594801172e+00 1.868406524658203125e+02
9.481633951977332941e+00 9.467455291748046875e+01
9.485068704359864711e+00 4.450156021118164062e+01
9.488503456742394704e+00 0.000000000000000000e+00
9.491938209124926473e+00 0.000000000000000000e+00
9.495372961507458243e+00 0.000000000000000000e+00
9.498807713889990012e+00 0.000000000000000000e+00
9.502242466272520005e+00 0.000000000000000000e+00
9.505677218655051774e+00 0.000000000000000000e+00
9.509111971037583544e+00 0.000000000000000000e+00
9.512546723420113537e+00 0.000000000000000000e+00
9.515981475802645306e+00 0.000000000000000000e+00
9.519416228185177076e+00 0.000000000000000000e+00
9.522850980567708845e+00 0.000000000000000000e+00
9.526285732950237062e+00 0.000000000000000000e+00
9.529720485332768831e+00 0.000000000000000000e+00
9.533155237715300601e+00 0.000000000000000000e+00
9.536589990097832370e+00 0.000000000000000000e+00
9.540024742480362363e+00 0.000000000000000000e+00
9.543459494862894132e+00 0.000000000000000000e+00
9.546894247245425902e+00 0.000000000000000000e+00
9.550328999627957671e+00 0.000000000000000000e+00
9.553763752010487664e+00 0.000000000000000000e+00
9.557198504393019434e+00 0.000000000000000000e+00
9.560633256775551203e+00 0.000000000000000000e+00
9.564068009158082972e+00 0.000000000000000000e+00
9.567502761540612966e+00 0.000000000000000000e+00
9.570937513923144735e+00 0.000000000000000000e+00
9.574372266305674728e+00 0.000000000000000000e+00
9.577807018688206497e+00 0.000000000000000000e+00
9.581241771070736490e+00 0.000000000000000000e+00
9.584676523453268260e+00 0.000000000000000000e+00
9.588111275835800029e+00 0.000000000000000000e+00
9.591546028218330022e+00 0.000000000000000000e+00
9.594980780600861792e+00 0.000000000000000000e+00
9.598415532983393561e+00 0.000000000000000000e+00
9.601850285365925330e+00 0.000000000000000000e+00
9.605285037748455323e+00 0.000000000000000000e+00
9.608719790130987093e+00 0.000000000000000000e+00
9.612154542513518862e+00 0.000000000000000000e+00
9.615589294896050632e+00 0.000000000000000000e+00
9.619024047278580625e+00 0.000000000000000000e+00
9.622458799661112394e+00 0.000000000000000000e+00
9.625893552043642387e+00 0.000000000000000000e+00
9.629328304426174157e+00 0.000000000000000000e+00
9.632763056808704150e+00 0.000000000000000000e+00
9.636197809191235919e+00 0.000000000000000000e+00
9.639632561573767688e+00 0.000000000000000000e+00
9.643067313956299458e+00 0.000000000000000000e+00
9.646502066338829451e+00 0.000000000000000000e+00
9.649936818721361220e+00 0.000000000000000000e+00
9.653371571103892990e+00 0.000000000000000000e+00
9.656806323486422983e+00 0.000000000000000000e+00
9.660241075868954752e+00 0.000000000000000000e+00
9.663675828251486521e+00 0.000000000000000000e+00
9.667110580634018291e+00 0.000000000000000000e+00
9.670545333016548284e+00 0.000000000000000000e+00
9.673980085399080053e+00 0.000000000000000000e+00
9.677414837781610046e+00 0.000000000000000000e+00
9.680849590164141816e+00 0.000000000000000000e+00
9.684284342546671809e+00 0.000000000000000000e+00
9.687719094929203578e+00 0.000000000000000000e+00
9.691153847311735348e+00 0.000000000000000000e+00
9.694588599694267117e+00 0.000000000000000000e+00
9.698023352076797110e+00 0.000000000000000000e+00
9.701458104459328879e+00 0.000000000000000000e+00
9.704892856841860649e+00 0.000000000000000000e+00
9.708327609224392418e+00 0.000000000000000000e+00
9.711762361606922411e+00 0.000000000000000000e+00
9.715197113989454181e+00 0.000000000000000000e+00
9.718631866371985950e+00 0.000000000000000000e+00
9.722066618754515943e+00 0.000000000000000000e+00
9.725501371137045936e+00 0.000000000000000000e+00
9.728936123519577706e+00 0.000000000000000000e+00
9.732370875902109475e+00 0.000000000000000000e+00
9.735805628284641244e+00 0.000000000000000000e+00
9.739240380667171237e+00 0.000000000000000000e+00
9.742675133049703007e+00 0.000000000000000000e+00
9.746109885432234776e+00 0.000000000000000000e+00
9.749544637814764769e+00 0.000000000000000000e+00
9.752979390197296539e+00 0.000000000000000000e+00
9.756414142579828308e+00 0.000000000000000000e+00
9.759848894962360077e+00 0.000000000000000000e+00
9.763283647344890070e+00 0.000000000000000000e+00
9.766718399727421840e+00 0.000000000000000000e+00
9.770153152109953609e+00 0.000000000000000000e+00
9.773587904492485379e+00 0.000000000000000000e+00
9.777022656875013595e+00 0.000000000000000000e+00
9.780457409257545365e+00 0.000000000000000000e+00
9.783892161640077134e+00 0.000000000000000000e+00
9.787326914022608904e+00 0.000000000000000000e+00
9.790761666405138897e+00 0.000000000000000000e+00
9.794196418787670666e+00 0.000000000000000000e+00
9.797631171170202435e+00 0.000000000000000000e+00
9.801065923552734205e+00 0.000000000000000000e+00
9.804500675935264198e+00 0.000000000000000000e+00
9.807935428317795967e+00 0.000000000000000000e+00
9.811370180700327737e+00 0.000000000000000000e+00
9.814804933082857730e+00 0.000000000000000000e+00
9.818239685465389499e+00 0.000000000000000000e+00
9.821674437847921268e+00 0.000000000000000000e+00
9.825109190230451262e+00 0.000000000000000000e+00
9.828543942612981255e+00 0.000000000000000000e+00
9.831978694995513024e+00 0.000000000000000000e+00
9.835413447378044793e+00 0.000000000000000000e+00
9.838848199760576563e+00 0.000000000000000000e+00
9.842282952143106556e+00 0.000000000000000000e+00
9.845717704525638325e+00 0.000000000000000000e+00
9.849152456908170095e+00 0.000000000000000000e+00
9.852587209290701864e+00 0.000000000000000000e+00
9.856021961673231857e+00 0.000000000000000000e+00
9.859456714055763626e+00 0.000000000000000000e+00
9.862891466438295396e+00 0.000000000000000000e+00
9.866326218820827165e+00 0.000000000000000000e+00
9.869760971203357158e+00 0.000000000000000000e+00
9.873195723585888928e+00 0.000000000000000000e+00
9.876630475968418921e+00 0.000000000000000000e+00
9.880065228350950690e+00 0.000000000000000000e+00
9.883499980733480683e+00 0.000000000000000000e+00
9.886934733116012453e+00 0.000000000000000000e+00
9.890369485498544222e+00 0.000000000000000000e+00
9.893804237881074215e+00 0.000000000000000000e+00
9.897238990263605984e+00 0.000000000000000000e+00
9.900673742646137754e+00 0.000000000000000000e+00
9.904108495028669523e+00 0.000000000000000000e+00
9.907543247411199516e+00 0.000000000000000000e+00
9.910977999793731286e+00 0.000000000000000000e+00
9.914412752176263055e+00 0.000000000000000000e+00
9.917847504558794824e+00 0.000000000000000000e+00
9.921282256941324817e+00 0.000000000000000000e+00
9.924717009323856587e+00 0.000000000000000000e+00
9.928151761706386580e+00 0.000000000000000000e+00
9.931586514088918349e+00 0.000000000000000000e+00
9.935021266471448342e+00 0.000000000000000000e+00
9.938456018853980112e+00 0.000000000000000000e+00
9.941890771236511881e+00 0.000000000000000000e+00
9.945325523619043651e+00 0.000000000000000000e+00
9.948760276001573644e+00 0.000000000000000000e+00
9.952195028384105413e+00 0.000000000000000000e+00
9.955629780766637182e+00 0.000000000000000000e+00
9.959064533149167175e+00 0.000000000000000000e+00
9.962499285531698945e+00 0.000000000000000000e+00
9.965934037914230714e+00 0.000000000000000000e+00
9.969368790296762484e+00 0.000000000000000000e+00
9.972803542679292477e+00 0.000000000000000000e+00
9.976238295061822470e+00 0.000000000000000000e+00
9.979673047444354239e+00 0.000000000000000000e+00
9.983107799826886009e+00 0.000000000000000000e+00
9.986542552209416002e+00 0.000000000000000000e+00
9.989977304591947771e+00 0.000000000000000000e+00
9.993412056974479540e+00 0.000000000000000000e+00
9.996846809357011310e+00 0.000000000000000000e+00
1.000028156173954130e+01 0.000000000000000000e+00
1.000371631412207307e+01 0.000000000000000000e+00
1.000715106650460484e+01 0.000000000000000000e+00
1.001058581888713661e+01 0.000000000000000000e+00
1.001402057126966660e+01 0.000000000000000000e+00
1.001745532365219837e+01 0.000000000000000000e+00
1.002089007603473014e+01 0.000000000000000000e+00
1.002432482841726191e+01 0.000000000000000000e+00
1.002775958079979013e+01 0.000000000000000000e+00
1.003119433318232190e+01 0.000000000000000000e+00
1.003462908556485367e+01 0.000000000000000000e+00
1.003806383794738544e+01 0.000000000000000000e+00
1.004149859032991543e+01 0.000000000000000000e+00
1.004493334271244720e+01 0.000000000000000000e+00
1.004836809509497897e+01 0.000000000000000000e+00
1.005180284747750896e+01 0.000000000000000000e+00
1.005523759986004073e+01 0.000000000000000000e+00
1.005867235224257250e+01 0.000000000000000000e+00
1.006210710462510427e+01 0.000000000000000000e+00
1.006554185700763426e+01 0.000000000000000000e+00
1.006897660939016603e+01 0.000000000000000000e+00
1.007241136177269780e+01 0.000000000000000000e+00
1.007584611415522957e+01 0.000000000000000000e+00
1.007928086653775779e+01 0.000000000000000000e+00
1.008271561892028956e+01 0.000000000000000000e+00
1.008615037130282133e+01 0.000000000000000000e+00
1.008958512368535310e+01 0.000000000000000000e+00
1.009301987606788309e+01 0.000000000000000000e+00
1.009645462845041486e+01 0.000000000000000000e+00
1.009988938083294663e+01 0.000000000000000000e+00
1.010332413321547840e+01 0.000000000000000000e+00
1.010675888559800839e+01 0.000000000000000000e+00
1.011019363798054016e+01 0.000000000000000000e+00
1.011362839036307193e+01 0.000000000000000000e+00
1.011706314274560192e+01 0.000000000000000000e+00
1.012049789512813369e+01 0.000000000000000000e+00
1.012393264751066546e+01 0.000000000000000000e+00
1.012736739989319545e+01 0.000000000000000000e+00
1.013080215227572545e+01 0.000000000000000000e+00
1.013423690465825722e+01 0.000000000000000000e+00
1.013767165704078899e+01 0.000000000000000000e+00
1.014110640942332076e+01 0.000000000000000000e+00
1.014454116180585075e+01 0.000000000000000000e+00
1.014797591418838252e+01 0.000000000000000000e+00
1.015141066657091429e+01 0.000000000000000000e+00
1.015484541895344606e+01 0.000000000000000000e+00
1.015828017133597605e+01 0.000000000000000000e+00
1.016171492371850782e+01 0.000000000000000000e+00
1.016514967610103959e+01 0.000000000000000000e+00
1.016858442848357136e+01 0.000000000000000000e+00
1.017201918086610135e+01 0.000000000000000000e+00
1.017545393324863312e+01 0.000000000000000000e+00
1.017888868563116311e+01 0.000000000000000000e+00
1.018232343801369488e+01 0.000000000000000000e+00
1.018575819039622488e+01 0.000000000000000000e+00
1.018919294277875665e+01 0.000000000000000000e+00
1.019262769516128841e+01 0.000000000000000000e+00
1.019606244754382018e+01 0.000000000000000000e+00
1.019949719992635018e+01 0.000000000000000000e+00
1.020293195230888195e+01 0.000000000000000000e+00
1.020636670469141372e+01 0.000000000000000000e+00
1.020980145707394371e+01 0.000000000000000000e+00
1.021323620945647548e+01 0.000000000000000000e+00
1.021667096183900725e+01 0.000000000000000000e+00
1.022010571422153902e+01 0.000000000000000000e+00
1.022354046660406901e+01 0.000000000000000000e+00
1.022697521898659900e+01 0.000000000000000000e+00
1.023040997136913077e+01 0.000000000000000000e+00
1.023384472375166254e+01 0.000000000000000000e+00
1.023727947613419254e+01 0.000000000000000000e+00
1.024071422851672430e+01 0.000000000000000000e+00
1.024414898089925607e+01 0.000000000000000000e+00
1.024758373328178784e+01 0.000000000000000000e+00
1.025101848566431784e+01 0.000000000000000000e+00
1.025445323804684961e+01 0.000000000000000000e+00
1.025788799042938138e+01 0.000000000000000000e+00
1.026132274281191314e+01 0.000000000000000000e+00
1.026475749519444314e+01 0.000000000000000000e+00
1.026819224757697491e+01 0.000000000000000000e+00
1.027162699995950668e+01 0.000000000000000000e+00
1.027506175234203667e+01 0.000000000000000000e+00
1.027849650472456666e+01 0.000000000000000000e+00
1.028193125710709843e+01 0.000000000000000000e+00
1.028536600948963020e+01 0.000000000000000000e+00
1.028880076187216019e+01 0.000000000000000000e+00
1.029223551425469196e+01 0.000000000000000000e+00
1.029567026663722373e+01 0.000000000000000000e+00
1.029910501901975550e+01 0.000000000000000000e+00
1.030253977140228550e+01 0.000000000000000000e+00
