# # sector 12: chi = -54.98 deg (range [-60, -50))
# # columns: 2theta(deg)  intensity
1.717363048248531218e-03 -2.000024414062500000e+01
5.152089144745594304e-03 4.523989486694335938e+01
8.586815241242657173e-03 4.875200271606445312e+01
1.202154133773972004e-02 3.695573806762695312e+01
1.545626743423678291e-02 -2.797742462158203125e+01
1.889099353073384752e-02 -3.071634292602539062e+01
2.232571962723091039e-02 -3.153821754455566406e+01
2.576044572372797326e-02 1.187878322601318359e+01
2.919517182022503266e-02 1.087051677703857422e+01
3.262989791672209205e-02 8.717442512512207031e+00
3.606462401321915839e-02 5.585286617279052734e+00
3.949935010971622473e-02 5.576247787475585938e+01
4.293407620621328413e-02 9.500940704345703125e+01
4.636880230271035047e-02 5.569574737548828125e+01
4.980352839920740987e-02 2.376370620727539062e+01
5.323825449570447621e-02 1.542798519134521484e+01
5.667298059220153561e-02 4.882964324951171875e+01
6.010770668869859501e-02 4.159070587158203125e+01
6.354243278519566829e-02 5.100788497924804688e+01
6.697715888169272769e-02 6.981509399414062500e+01
7.041188497818978709e-02 7.644731903076171875e+01
7.384661107468684649e-02 8.170565795898437500e+01
7.728133717118391977e-02 9.050914764404296875e+01
8.071606326768097917e-02 9.201925659179687500e+01
8.415078936417803857e-02 7.635961914062500000e+01
8.758551546067509797e-02 5.201141357421875000e+01
9.102024155717217124e-02 4.530263137817382812e+01
9.445496765366923064e-02 4.804212570190429688e+01
9.788969375016629004e-02 3.280738449096679688e+01
1.013244198466633494e-01 4.447217178344726562e+01
1.047591459431604227e-01 4.422200393676757812e+01
1.081938720396574821e-01 5.754111480712890625e+01
1.116285981361545415e-01 2.554552268981933594e+01
1.150633242326516009e-01 3.386950683593750000e+01
1.184980503291486603e-01 6.470024108886718750e+01
1.219327764256457336e-01 8.065714263916015625e+01
1.253675025221427930e-01 6.823714447021484375e+01
1.288022286186398524e-01 4.355576705932617188e+01
1.322369547151369396e-01 6.263489151000976562e+01
1.356716808116339990e-01 7.501380157470703125e+01
1.391064069081310584e-01 6.980755615234375000e+01
1.425411330046281178e-01 3.917832946777343750e+01
1.459758591011251494e-01 3.840658569335937500e+01
1.494105851976222366e-01 3.833645629882812500e+01
1.528453112941192960e-01 8.494281005859375000e+01
1.562800373906163554e-01 1.412070922851562500e+02
1.597147634871134425e-01 2.332333221435546875e+02
1.631494895836105019e-01 2.990475769042968750e+02
1.665842156801075613e-01 3.771330871582031250e+02
1.700189417766046207e-01 4.100713500976562500e+02
1.734536678731016524e-01 4.498169860839843750e+02
1.768883939695987395e-01 4.617247924804687500e+02
1.803231200660957989e-01 4.694084472656250000e+02
1.837578461625928583e-01 4.996749877929687500e+02
1.871925722590899455e-01 5.032079162597656250e+02
1.906272983555870049e-01 5.216923217773437500e+02
1.940620244520840643e-01 5.258389892578125000e+02
1.974967505485811237e-01 5.520705566406250000e+02
2.009314766450781831e-01 5.599276733398437500e+02
2.043662027415752425e-01 5.556022949218750000e+02
2.078009288380723019e-01 5.522917480468750000e+02
2.112356549345693613e-01 5.653322143554687500e+02
2.146703810310664484e-01 5.668000488281250000e+02
2.181051071275635078e-01 5.565316162109375000e+02
2.215398332240605672e-01 5.623657836914062500e+02
2.249745593205576544e-01 5.791456909179687500e+02
2.284092854170546860e-01 5.910878906250000000e+02
2.318440115135517454e-01 6.126418457031250000e+02
2.352787376100488048e-01 6.171666259765625000e+02
2.387134637065459197e-01 6.227128295898437500e+02
2.421481898030429791e-01 6.144337768554687500e+02
2.455829158995400385e-01 6.347682495117187500e+02
2.490176419960370979e-01 6.514204711914062500e+02
2.524523680925341296e-01 6.467521362304687500e+02
2.558870941890312167e-01 6.129840087890625000e+02
2.593218202855282484e-01 6.055703735351562500e+02
2.627565463820253910e-01 6.314576416015625000e+02
2.661912724785224227e-01 6.784557495117187500e+02
2.696259985750194543e-01 6.893796997070312500e+02
2.730607246715165415e-01 7.067130737304687500e+02
2.764954507680135731e-01 7.255804443359375000e+02
2.799301768645106603e-01 7.554655761718750000e+02
2.833649029610076919e-01 7.637861938476562500e+02
2.867996290575047791e-01 7.333366699218750000e+02
2.902343551540018107e-01 7.153594970703125000e+02
2.936690812504989534e-01 7.106427001953125000e+02
2.971038073469959850e-01 7.505568847656250000e+02
3.005385334434930167e-01 7.577174682617187500e+02
3.039732595399901038e-01 7.782409667968750000e+02
3.074079856364871355e-01 8.023546752929687500e+02
3.108427117329842226e-01 8.403542480468750000e+02
3.142774378294812543e-01 8.503845825195312500e+02
3.177121639259783970e-01 8.537217407226562500e+02
3.211468900224754286e-01 8.757973022460937500e+02
3.245816161189724602e-01 9.162799072265625000e+02
3.280163422154695474e-01 9.424129638671875000e+02
3.314510683119665790e-01 9.544985961914062500e+02
3.348857944084636662e-01 9.596572875976562500e+02
3.383205205049606978e-01 9.732651367187500000e+02
3.417552466014577850e-01 9.874480590820312500e+02
3.451899726979548166e-01 1.014951293945312500e+03
3.486246987944519593e-01 1.041491577148437500e+03
3.520594248909489909e-01 1.082481689453125000e+03
3.554941509874460226e-01 1.116510498046875000e+03
3.589288770839431097e-01 1.140477050781250000e+03
3.623636031804401414e-01 1.156293823242187500e+03
3.657983292769372285e-01 1.151047851562500000e+03
3.692330553734342602e-01 1.147107543945312500e+03
3.726677814699314029e-01 1.130340942382812500e+03
3.761025075664284345e-01 1.137634277343750000e+03
3.795372336629255217e-01 1.148148193359375000e+03
3.829719597594225533e-01 1.166808105468750000e+03
3.864066858559195849e-01 1.168635986328125000e+03
3.898414119524166721e-01 1.182400878906250000e+03
3.932761380489137037e-01 1.186480224609375000e+03
3.967108641454107909e-01 1.211215332031250000e+03
4.001455902419078225e-01 1.222617309570312500e+03
4.035803163384049652e-01 1.256622680664062500e+03
4.070150424349019969e-01 1.274913452148437500e+03
4.104497685313990840e-01 1.287855102539062500e+03
4.138844946278961157e-01 1.280025878906250000e+03
4.173192207243931473e-01 1.277404174804687500e+03
4.207539468208902345e-01 1.286157836914062500e+03
4.241886729173872661e-01 1.291361694335937500e+03
4.276233990138844088e-01 1.293363281250000000e+03
4.310581251103814404e-01 1.300043579101562500e+03
4.344928512068785276e-01 1.324358764648437500e+03
4.379275773033755592e-01 1.340592529296875000e+03
4.413623033998725909e-01 1.354181884765625000e+03
4.447970294963696780e-01 1.360766113281250000e+03
4.482317555928666541e-01 1.357167480468750000e+03
4.516664816893637968e-01 1.352147460937500000e+03
4.551012077858607729e-01 1.359152954101562500e+03
4.585359338823579156e-01 1.367676269531250000e+03
4.619706599788548917e-01 1.378379516601562500e+03
4.654053860753520344e-01 1.371510742187500000e+03
4.688401121718490105e-01 1.369756713867187500e+03
4.722748382683461532e-01 1.354621093750000000e+03
4.757095643648432404e-01 1.343563110351562500e+03
4.791442904613402165e-01 1.329038208007812500e+03
4.825790165578373592e-01 1.339794921875000000e+03
4.860137426543343353e-01 1.351185546875000000e+03
4.894484687508314780e-01 1.369177856445312500e+03
4.928831948473284541e-01 1.367668212890625000e+03
4.963179209438255968e-01 1.357470336914062500e+03
4.997526470403226839e-01 1.343936889648437500e+03
5.031873731368197156e-01 1.327303833007812500e+03
5.066220992333168027e-01 1.336489135742187500e+03
5.100568253298137789e-01 1.357735107421875000e+03
5.134915514263108660e-01 1.359513427734375000e+03
5.169262775228079532e-01 1.343944946289062500e+03
5.203610036193050403e-01 1.319355346679687500e+03
5.237957297158021275e-01 1.311264892578125000e+03
5.272304558122991036e-01 1.307705810546875000e+03
5.306651819087961908e-01 1.294218750000000000e+03
5.340999080052932779e-01 1.289193237304687500e+03
5.375346341017903651e-01 1.278087524414062500e+03
5.409693601982873412e-01 1.283469726562500000e+03
5.444040862947844284e-01 1.279534179687500000e+03
5.478388123912815155e-01 1.273064331054687500e+03
5.512735384877786027e-01 1.252475708007812500e+03
5.547082645842756898e-01 1.230446533203125000e+03
5.581429906807726660e-01 1.226875244140625000e+03
5.615777167772697531e-01 1.226913452148437500e+03
5.650124428737668403e-01 1.232450317382812500e+03
5.684471689702639274e-01 1.223194213867187500e+03
5.718818950667609036e-01 1.211307128906250000e+03
5.753166211632579907e-01 1.193267578125000000e+03
5.787513472597550779e-01 1.193511718750000000e+03
5.821860733562521650e-01 1.197265991210937500e+03
5.856207994527492522e-01 1.198729003906250000e+03
5.890555255492462283e-01 1.199125366210937500e+03
5.924902516457433155e-01 1.184354125976562500e+03
5.959249777422404026e-01 1.175518310546875000e+03
5.993597038387374898e-01 1.170815185546875000e+03
6.027944299352344659e-01 1.162090942382812500e+03
6.062291560317315531e-01 1.172018066406250000e+03
6.096638821282287513e-01 1.189745483398437500e+03
6.130986082247257274e-01 1.219941284179687500e+03
6.165333343212228145e-01 1.231663208007812500e+03
6.199680604177197907e-01 1.227023193359375000e+03
6.234027865142168778e-01 1.212361083984375000e+03
6.268375126107139650e-01 1.188085327148437500e+03
6.302722387072110521e-01 1.163152343750000000e+03
6.337069648037081393e-01 1.156326660156250000e+03
6.371416909002051154e-01 1.157449096679687500e+03
6.405764169967023136e-01 1.177923950195312500e+03
6.440111430931992897e-01 1.173687622070312500e+03
6.474458691896963769e-01 1.176635498046875000e+03
6.508805952861933530e-01 1.160518310546875000e+03
6.543153213826904402e-01 1.161036987304687500e+03
6.577500474791875273e-01 1.149334350585937500e+03
6.611847735756846145e-01 1.138092285156250000e+03
6.646194996721817017e-01 1.141753051757812500e+03
6.680542257686786778e-01 1.161870605468750000e+03
6.714889518651757649e-01 1.186281372070312500e+03
6.749236779616728521e-01 1.173290161132812500e+03
6.783584040581699393e-01 1.155370117187500000e+03
6.817931301546669154e-01 1.156160156250000000e+03
6.852278562511640025e-01 1.172036254882812500e+03
6.886625823476610897e-01 1.177347656250000000e+03
6.920973084441581769e-01 1.172774414062500000e+03
6.955320345406552640e-01 1.172952392578125000e+03
6.989667606371522401e-01 1.169626708984375000e+03
7.024014867336493273e-01 1.152370239257812500e+03
7.058362128301464145e-01 1.150496582031250000e+03
7.092709389266435016e-01 1.143301269531250000e+03
7.127056650231404777e-01 1.138277709960937500e+03
7.161403911196375649e-01 1.128043334960937500e+03
7.195751172161347631e-01 1.140645996093750000e+03
7.230098433126317392e-01 1.149813232421875000e+03
7.264445694091288264e-01 1.155110839843750000e+03
7.298792955056258025e-01 1.148863281250000000e+03
7.333140216021228897e-01 1.144045776367187500e+03
7.367487476986199768e-01 1.142168823242187500e+03
7.401834737951170640e-01 1.150613769531250000e+03
7.436181998916141511e-01 1.156514770507812500e+03
7.470529259881111273e-01 1.156419067382812500e+03
7.504876520846083254e-01 1.158660888671875000e+03
7.539223781811053016e-01 1.163507202148437500e+03
7.573571042776023887e-01 1.168004394531250000e+03
7.607918303740993649e-01 1.177320678710937500e+03
7.642265564705964520e-01 1.195908081054687500e+03
7.676612825670935392e-01 1.207255981445312500e+03
7.710960086635906263e-01 1.183250488281250000e+03
7.745307347600877135e-01 1.161859375000000000e+03
7.779654608565846896e-01 1.148453857421875000e+03
7.814001869530818878e-01 1.145772338867187500e+03
7.848349130495788639e-01 1.150059082031250000e+03
7.882696391460759511e-01 1.166387451171875000e+03
7.917043652425729272e-01 1.178378906250000000e+03
7.951390913390700144e-01 1.173578491210937500e+03
7.985738174355671015e-01 1.164111816406250000e+03
8.020085435320641887e-01 1.144186157226562500e+03
8.054432696285612758e-01 1.138155761718750000e+03
8.088779957250582520e-01 1.142393798828125000e+03
8.123127218215554501e-01 1.165587768554687500e+03
8.157474479180524263e-01 1.153767700195312500e+03
8.191821740145495134e-01 1.144445556640625000e+03
8.226169001110464896e-01 1.132549682617187500e+03
8.260516262075435767e-01 1.154745483398437500e+03
8.294863523040407749e-01 1.169474853515625000e+03
8.329210784005377510e-01 1.185106323242187500e+03
8.363558044970348382e-01 1.185166748046875000e+03
8.397905305935318143e-01 1.185224365234375000e+03
8.432252566900290125e-01 1.175392822265625000e+03
8.466599827865259886e-01 1.179282714843750000e+03
8.500947088830230758e-01 1.187224731445312500e+03
8.535294349795201629e-01 1.209302246093750000e+03
8.569641610760171391e-01 1.213042480468750000e+03
8.603988871725143373e-01 1.218505126953125000e+03
8.638336132690113134e-01 1.201911865234375000e+03
8.672683393655084005e-01 1.199588623046875000e+03
8.707030654620053767e-01 1.200680786132812500e+03
8.741377915585024638e-01 1.211803955078125000e+03
8.775725176549995510e-01 1.209961669921875000e+03
8.810072437514966381e-01 1.211063232421875000e+03
8.844419698479937253e-01 1.214689086914062500e+03
8.878766959444907014e-01 1.220675170898437500e+03
8.913114220409878996e-01 1.229804321289062500e+03
8.947461481374848757e-01 1.224054931640625000e+03
8.981808742339819629e-01 1.223416870117187500e+03
9.016156003304791611e-01 1.215697509765625000e+03
9.050503264269761372e-01 1.222572021484375000e+03
9.084850525234732244e-01 1.235395019531250000e+03
9.119197786199704225e-01 1.241090698242187500e+03
9.153545047164673987e-01 1.240107788085937500e+03
9.187892308129643748e-01 1.236498535156250000e+03
9.222239569094614620e-01 1.239935791015625000e+03
9.256586830059586601e-01 1.251617309570312500e+03
9.290934091024556363e-01 1.250235595703125000e+03
9.325281351989526124e-01 1.250862792968750000e+03
9.359628612954495885e-01 1.235975219726562500e+03
9.393975873919468977e-01 1.234790283203125000e+03
9.428323134884438739e-01 1.232194458007812500e+03
9.462670395849408500e-01 1.243976318359375000e+03
9.497017656814380482e-01 1.239081542968750000e+03
9.531364917779350243e-01 1.219467895507812500e+03
9.565712178744321115e-01 1.207668457031250000e+03
9.600059439709290876e-01 1.219980590820312500e+03
9.634406700674262858e-01 1.238362915039062500e+03
9.668753961639232619e-01 1.250022460937500000e+03
9.703101222604203491e-01 1.240997436523437500e+03
9.737448483569175472e-01 1.231772827148437500e+03
9.771795744534145234e-01 1.219841430664062500e+03
9.806143005499114995e-01 1.225086059570312500e+03
9.840490266464085867e-01 1.240004028320312500e+03
9.874837527429057848e-01 1.257196777343750000e+03
9.909184788394027610e-01 1.263089111328125000e+03
9.943532049358997371e-01 1.264903320312500000e+03
9.977879310323969353e-01 1.269330322265625000e+03
1.001222657128894022e+00 1.274845092773437500e+03
1.004657383225390888e+00 1.274470214843750000e+03
1.008092109321887975e+00 1.264690673828125000e+03
1.011526835418385284e+00 1.255225708007812500e+03
1.014961561514882149e+00 1.258652465820312500e+03
1.018396287611379236e+00 1.256108032226562500e+03
1.021831013707876323e+00 1.241440185546875000e+03
1.025265739804373410e+00 1.235957763671875000e+03
1.028700465900870498e+00 1.238141967773437500e+03
1.032135191997367363e+00 1.260394531250000000e+03
1.035569918093864672e+00 1.259135864257812500e+03
1.039004644190361537e+00 1.260103027343750000e+03
1.042439370286858624e+00 1.253363525390625000e+03
1.045874096383355933e+00 1.256034057617187500e+03
1.049308822479852799e+00 1.251109619140625000e+03
1.052743548576349886e+00 1.252234741210937500e+03
1.056178274672846973e+00 1.252778686523437500e+03
1.059613000769344060e+00 1.273836181640625000e+03
1.063047726865841147e+00 1.278164306640625000e+03
1.066482452962338012e+00 1.281087768554687500e+03
1.069917179058835099e+00 1.276176757812500000e+03
1.073351905155332409e+00 1.278066162109375000e+03
1.076786631251829274e+00 1.292437622070312500e+03
1.080221357348326361e+00 1.287925048828125000e+03
1.083656083444823448e+00 1.282512451171875000e+03
1.087090809541320535e+00 1.277128662109375000e+03
1.090525535637817622e+00 1.285492797851562500e+03
1.093960261734314487e+00 1.293750122070312500e+03
1.097394987830811797e+00 1.299532348632812500e+03
1.100829713927308662e+00 1.296420410156250000e+03
1.104264440023805749e+00 1.293724975585937500e+03
1.107699166120303058e+00 1.288011230468750000e+03
1.111133892216799923e+00 1.291718750000000000e+03
1.114568618313297010e+00 1.298127075195312500e+03
1.118003344409794098e+00 1.298282470703125000e+03
1.121438070506291185e+00 1.298423950195312500e+03
1.124872796602788272e+00 1.300781494140625000e+03
1.128307522699285137e+00 1.302540161132812500e+03
1.131742248795782446e+00 1.308194458007812500e+03
1.135176974892279533e+00 1.307066040039062500e+03
1.138611700988776398e+00 1.305492309570312500e+03
1.142046427085273486e+00 1.291796020507812500e+03
1.145481153181770573e+00 1.291762207031250000e+03
1.148915879278267660e+00 1.297748046875000000e+03
1.152350605374764747e+00 1.312096679687500000e+03
1.155785331471261612e+00 1.313752563476562500e+03
1.159220057567758921e+00 1.308861083984375000e+03
1.162654783664255786e+00 1.313360595703125000e+03
1.166089509760752874e+00 1.321409179687500000e+03
1.169524235857250183e+00 1.332578125000000000e+03
1.172958961953747048e+00 1.344250000000000000e+03
1.176393688050244135e+00 1.347677612304687500e+03
1.179828414146741222e+00 1.345470214843750000e+03
1.183263140243238309e+00 1.342540039062500000e+03
1.186697866339735397e+00 1.345752929687500000e+03
1.190132592436232262e+00 1.345771484375000000e+03
1.193567318532729571e+00 1.337508300781250000e+03
1.197002044629226658e+00 1.335008666992187500e+03
1.200436770725723523e+00 1.338922607421875000e+03
1.203871496822220610e+00 1.340506347656250000e+03
1.207306222918717697e+00 1.339341918945312500e+03
1.210740949015214785e+00 1.340348999023437500e+03
1.214175675111711872e+00 1.345830200195312500e+03
1.217610401208208959e+00 1.357449707031250000e+03
1.221045127304706046e+00 1.363034667968750000e+03
1.224479853401202911e+00 1.363784301757812500e+03
1.227914579497699998e+00 1.352530151367187500e+03
1.231349305594197308e+00 1.347532226562500000e+03
1.234784031690694173e+00 1.344708740234375000e+03
1.238218757787191260e+00 1.361268554687500000e+03
1.241653483883688347e+00 1.380173950195312500e+03
1.245088209980185434e+00 1.396679687500000000e+03
1.248522936076682521e+00 1.393984008789062500e+03
1.251957662173179386e+00 1.387390625000000000e+03
1.255392388269676696e+00 1.377366699218750000e+03
1.258827114366173783e+00 1.380301025390625000e+03
1.262261840462670648e+00 1.394326660156250000e+03
1.265696566559167957e+00 1.398513061523437500e+03
1.269131292655664822e+00 1.394404052734375000e+03
1.272566018752161909e+00 1.385036254882812500e+03
1.276000744848658996e+00 1.389006469726562500e+03
1.279435470945156084e+00 1.392731079101562500e+03
1.282870197041653171e+00 1.385664672851562500e+03
1.286304923138150036e+00 1.388042480468750000e+03
1.289739649234647123e+00 1.381887329101562500e+03
1.293174375331144432e+00 1.400769165039062500e+03
1.296609101427641297e+00 1.400225830078125000e+03
1.300043827524138385e+00 1.411198730468750000e+03
1.303478553620635472e+00 1.397768066406250000e+03
1.306913279717132559e+00 1.389156372070312500e+03
1.310348005813629646e+00 1.384329833984375000e+03
1.313782731910126511e+00 1.394124877929687500e+03
1.317217458006623820e+00 1.395185180664062500e+03
1.320652184103120685e+00 1.398347045898437500e+03
1.324086910199617773e+00 1.401212036132812500e+03
1.327521636296115082e+00 1.418541259765625000e+03
1.330956362392611947e+00 1.431130004882812500e+03
1.334391088489109034e+00 1.457097900390625000e+03
1.337825814585606121e+00 1.497779296875000000e+03
1.341260540682103208e+00 1.547545532226562500e+03
1.344695266778600296e+00 1.578090332031250000e+03
1.348129992875097161e+00 1.591243408203125000e+03
1.351564718971594470e+00 1.584244384765625000e+03
1.354999445068091557e+00 1.557346923828125000e+03
1.358434171164588422e+00 1.526793457031250000e+03
1.361868897261085509e+00 1.491513305664062500e+03
1.365303623357582596e+00 1.471756225585937500e+03
1.368738349454079684e+00 1.461358032226562500e+03
1.372173075550576771e+00 1.464609741210937500e+03
1.375607801647073636e+00 1.468487915039062500e+03
1.379042527743570945e+00 1.468499389648437500e+03
1.382477253840067810e+00 1.457008300781250000e+03
1.385911979936564897e+00 1.446462890625000000e+03
1.389346706033062206e+00 1.435732910156250000e+03
1.392781432129559072e+00 1.426894775390625000e+03
1.396216158226056159e+00 1.420878051757812500e+03
1.399650884322553246e+00 1.417725708007812500e+03
1.403085610419050333e+00 1.422920898437500000e+03
1.406520336515547420e+00 1.442083007812500000e+03
1.409955062612044285e+00 1.456324096679687500e+03
1.413389788708541595e+00 1.460819702148437500e+03
1.416824514805038682e+00 1.451833374023437500e+03
1.420259240901535547e+00 1.448081665039062500e+03
1.423693966998032634e+00 1.445864990234375000e+03
1.427128693094529721e+00 1.457021606445312500e+03
1.430563419191026808e+00 1.476583374023437500e+03
1.433998145287523895e+00 1.493427856445312500e+03
1.437432871384020983e+00 1.486867431640625000e+03
1.440867597480518070e+00 1.479389038085937500e+03
1.444302323577014935e+00 1.476216552734375000e+03
1.447737049673512022e+00 1.481860961914062500e+03
1.451171775770009331e+00 1.487773193359375000e+03
1.454606501866506196e+00 1.492491577148437500e+03
1.458041227963003283e+00 1.503427124023437500e+03
1.461475954059500371e+00 1.494695922851562500e+03
1.464910680155997458e+00 1.486886718750000000e+03
1.468345406252494545e+00 1.473669067382812500e+03
1.471780132348991410e+00 1.471691284179687500e+03
1.475214858445488719e+00 1.477226074218750000e+03
1.478649584541985806e+00 1.484256591796875000e+03
1.482084310638482672e+00 1.497260498046875000e+03
1.485519036734979981e+00 1.504380371093750000e+03
1.488953762831476846e+00 1.510817138671875000e+03
1.492388488927973933e+00 1.509099487304687500e+03
1.495823215024471020e+00 1.504103393554687500e+03
1.499257941120968107e+00 1.514219970703125000e+03
1.502692667217465194e+00 1.523701416015625000e+03
1.506127393313962060e+00 1.533336914062500000e+03
1.509562119410459147e+00 1.535371459960937500e+03
1.512996845506956456e+00 1.527608398437500000e+03
1.516431571603453321e+00 1.523005615234375000e+03
1.519866297699950408e+00 1.509480346679687500e+03
1.523301023796447495e+00 1.505333251953125000e+03
1.526735749892944582e+00 1.500010498046875000e+03
1.530170475989441670e+00 1.492069213867187500e+03
1.533605202085938535e+00 1.487636718750000000e+03
1.537039928182435844e+00 1.484182006835937500e+03
1.540474654278932931e+00 1.488828002929687500e+03
1.543909380375429796e+00 1.498795776367187500e+03
1.547344106471927105e+00 1.508156372070312500e+03
1.550778832568423971e+00 1.519718383789062500e+03
1.554213558664921058e+00 1.522363037109375000e+03
1.557648284761418145e+00 1.517361328125000000e+03
1.561083010857915232e+00 1.521446289062500000e+03
1.564517736954412319e+00 1.533217895507812500e+03
1.567952463050909184e+00 1.540869995117187500e+03
1.571387189147406493e+00 1.541406250000000000e+03
1.574821915243903581e+00 1.541218505859375000e+03
1.578256641340400446e+00 1.549233398437500000e+03
1.581691367436897533e+00 1.553805786132812500e+03
1.585126093533394620e+00 1.554021118164062500e+03
1.588560819629891707e+00 1.560375854492187500e+03
1.591995545726388794e+00 1.557729858398437500e+03
1.595430271822885659e+00 1.555666015625000000e+03
1.598864997919382969e+00 1.545493530273437500e+03
1.602299724015880056e+00 1.549172973632812500e+03
1.605734450112376921e+00 1.551754760742187500e+03
1.609169176208874230e+00 1.572865600585937500e+03
1.612603902305371095e+00 1.595942504882812500e+03
1.616038628401868182e+00 1.636194091796875000e+03
1.619473354498365270e+00 1.678823364257812500e+03
1.622908080594862357e+00 1.739597778320312500e+03
1.626342806691359444e+00 1.810476684570312500e+03
1.629777532787856309e+00 1.863895263671875000e+03
1.633212258884353618e+00 1.875483276367187500e+03
1.636646984980850705e+00 1.835608886718750000e+03
1.640081711077347570e+00 1.758459228515625000e+03
1.643516437173844658e+00 1.683800415039062500e+03
1.646951163270341745e+00 1.631601684570312500e+03
1.650385889366838832e+00 1.604109497070312500e+03
1.653820615463335919e+00 1.591941406250000000e+03
1.657255341559833006e+00 1.584246948242187500e+03
1.660690067656330093e+00 1.582590087890625000e+03
1.664124793752827181e+00 1.581256591796875000e+03
1.667559519849324046e+00 1.586179077148437500e+03
1.670994245945821355e+00 1.591713134765625000e+03
1.674428972042318220e+00 1.600576904296875000e+03
1.677863698138815307e+00 1.594292480468750000e+03
1.681298424235312394e+00 1.590307373046875000e+03
1.684733150331809481e+00 1.574761230468750000e+03
1.688167876428306569e+00 1.567520019531250000e+03
1.691602602524803434e+00 1.553252197265625000e+03
1.695037328621300743e+00 1.551868774414062500e+03
1.698472054717797830e+00 1.563560302734375000e+03
1.701906780814294695e+00 1.575757080078125000e+03
1.705341506910792004e+00 1.587448120117187500e+03
1.708776233007288869e+00 1.582717529296875000e+03
1.712210959103785957e+00 1.584114257812500000e+03
1.715645685200283044e+00 1.585604370117187500e+03
1.719080411296780131e+00 1.582283203125000000e+03
1.722515137393277218e+00 1.580718872070312500e+03
1.725949863489774083e+00 1.577120117187500000e+03
1.729384589586271170e+00 1.583481811523437500e+03
1.732819315682768480e+00 1.581875000000000000e+03
1.736254041779265345e+00 1.580450195312500000e+03
1.739688767875762432e+00 1.571129882812500000e+03
1.743123493972259519e+00 1.566971069335937500e+03
1.746558220068756606e+00 1.570437500000000000e+03
1.749992946165253693e+00 1.570747436523437500e+03
1.753427672261750558e+00 1.552147827148437500e+03
1.756862398358247868e+00 1.536850952148437500e+03
1.760297124454744955e+00 1.541574340820312500e+03
1.763731850551241820e+00 1.553076416015625000e+03
1.767166576647739129e+00 1.563663818359375000e+03
1.770601302744235994e+00 1.571833618164062500e+03
1.774036028840733081e+00 1.590644653320312500e+03
1.777470754937230168e+00 1.600721069335937500e+03
1.780905481033727256e+00 1.604741821289062500e+03
1.784340207130224343e+00 1.597829101562500000e+03
1.787774933226721208e+00 1.580743164062500000e+03
1.791209659323218295e+00 1.555587890625000000e+03
1.794644385419715160e+00 1.537078002929687500e+03
1.798079111516212247e+00 1.519459106445312500e+03
1.801513837612709557e+00 1.505561035156250000e+03
1.804948563709206422e+00 1.488261596679687500e+03
1.808383289805703509e+00 1.485132080078125000e+03
1.811818015902200818e+00 1.482438720703125000e+03
1.815252741998697461e+00 1.479749511718750000e+03
1.818687468095194770e+00 1.469256225585937500e+03
1.822122194191692079e+00 1.460505249023437500e+03
1.825556920288188723e+00 1.456043090820312500e+03
1.828991646384686032e+00 1.457158691406250000e+03
1.832426372481182897e+00 1.455897216796875000e+03
1.835861098577679984e+00 1.451221923828125000e+03
1.839295824674177293e+00 1.442004638671875000e+03
1.842730550770673936e+00 1.428094116210937500e+03
1.846165276867171245e+00 1.421925781250000000e+03
1.849600002963668333e+00 1.418978393554687500e+03
1.853034729060165198e+00 1.417682983398437500e+03
1.856469455156662507e+00 1.412534423828125000e+03
1.859904181253159594e+00 1.415655517578125000e+03
1.863338907349656459e+00 1.415727783203125000e+03
1.866773633446153768e+00 1.408508544921875000e+03
1.870208359542650411e+00 1.400840942382812500e+03
1.873643085639147721e+00 1.392696289062500000e+03
1.877077811735644808e+00 1.395884887695312500e+03
1.880512537832141673e+00 1.398712768554687500e+03
1.883947263928638982e+00 1.394699584960937500e+03
1.887381990025136069e+00 1.383904418945312500e+03
1.890816716121632934e+00 1.373662963867187500e+03
1.894251442218130022e+00 1.373248779296875000e+03
1.897686168314627331e+00 1.365135009765625000e+03
1.901120894411124196e+00 1.349256713867187500e+03
1.904555620507621283e+00 1.334199218750000000e+03
1.907990346604118592e+00 1.320067871093750000e+03
1.911425072700615457e+00 1.314139038085937500e+03
1.914859798797112544e+00 1.311428100585937500e+03
1.918294524893609410e+00 1.318972534179687500e+03
1.921729250990106497e+00 1.322164672851562500e+03
1.925163977086603806e+00 1.316792358398437500e+03
1.928598703183100671e+00 1.316017456054687500e+03
1.932033429279597758e+00 1.314868530273437500e+03
1.935468155376095067e+00 1.308166748046875000e+03
1.938902881472591710e+00 1.291009399414062500e+03
1.942337607569089020e+00 1.280407104492187500e+03
1.945772333665586329e+00 1.277043945312500000e+03
1.949207059762082972e+00 1.275001098632812500e+03
1.952641785858580281e+00 1.270091674804687500e+03
1.956076511955077368e+00 1.262674072265625000e+03
1.959511238051574233e+00 1.255444091796875000e+03
1.962945964148071543e+00 1.252566162109375000e+03
1.966380690244568186e+00 1.252341430664062500e+03
1.969815416341065495e+00 1.253216796875000000e+03
1.973250142437562582e+00 1.260752319335937500e+03
1.976684868534059447e+00 1.273863037109375000e+03
1.980119594630556756e+00 1.280933959960937500e+03
1.983554320727053843e+00 1.288897583007812500e+03
1.986989046823550709e+00 1.312129882812500000e+03
1.990423772920048018e+00 1.363797119140625000e+03
1.993858499016545105e+00 1.448159667968750000e+03
1.997293225113041970e+00 1.540988037109375000e+03
2.000727951209539057e+00 1.626702392578125000e+03
2.004162677306036144e+00 1.657399780273437500e+03
2.007597403402533232e+00 1.627521484375000000e+03
2.011032129499030319e+00 1.540382812500000000e+03
2.014466855595526962e+00 1.431973510742187500e+03
2.017901581692024493e+00 1.329965820312500000e+03
2.021336307788521580e+00 1.257849365234375000e+03
2.024771033885018223e+00 1.210639892578125000e+03
2.028205759981515754e+00 1.186550903320312500e+03
2.031640486078012842e+00 1.177385375976562500e+03
2.035075212174509485e+00 1.177912841796875000e+03
2.038509938271007016e+00 1.179591430664062500e+03
2.041944664367504103e+00 1.171952392578125000e+03
2.045379390464000746e+00 1.170101074218750000e+03
2.048814116560497833e+00 1.164394531250000000e+03
2.052248842656994920e+00 1.161427124023437500e+03
2.055683568753492008e+00 1.156378784179687500e+03
2.059118294849989095e+00 1.151811645507812500e+03
2.062553020946486182e+00 1.151399536132812500e+03
2.065987747042983269e+00 1.150922485351562500e+03
2.069422473139480356e+00 1.147949707031250000e+03
2.072857199235977443e+00 1.147507568359375000e+03
2.076291925332474531e+00 1.147399536132812500e+03
2.079726651428971618e+00 1.147223388671875000e+03
2.083161377525468705e+00 1.153999389648437500e+03
2.086596103621965792e+00 1.150170532226562500e+03
2.090030829718462879e+00 1.144736938476562500e+03
2.093465555814959522e+00 1.136270385742187500e+03
2.096900281911457053e+00 1.135955444335937500e+03
2.100335008007953697e+00 1.135939331054687500e+03
2.103769734104450784e+00 1.127201293945312500e+03
2.107204460200948315e+00 1.121370727539062500e+03
2.110639186297444958e+00 1.118849243164062500e+03
2.114073912393942045e+00 1.113240234375000000e+03
2.117508638490439576e+00 1.103996582031250000e+03
2.120943364586936219e+00 1.095572387695312500e+03
2.124378090683433307e+00 1.091986694335937500e+03
2.127812816779930394e+00 1.086737182617187500e+03
2.131247542876427481e+00 1.081124267578125000e+03
2.134682268972924568e+00 1.083961425781250000e+03
2.138116995069421211e+00 1.081492553710937500e+03
2.141551721165918742e+00 1.081324951171875000e+03
2.144986447262415830e+00 1.078219726562500000e+03
2.148421173358912473e+00 1.077546508789062500e+03
2.151855899455410004e+00 1.075314208984375000e+03
2.155290625551907091e+00 1.063817871093750000e+03
2.158725351648403734e+00 1.063550415039062500e+03
2.162160077744901265e+00 1.067734008789062500e+03
2.165594803841398353e+00 1.061353271484375000e+03
2.169029529937894996e+00 1.047722412109375000e+03
2.172464256034392083e+00 1.032701660156250000e+03
2.175898982130889614e+00 1.027280029296875000e+03
2.179333708227386257e+00 1.022364685058593750e+03
2.182768434323883344e+00 1.021624877929687500e+03
2.186203160420380431e+00 1.026072753906250000e+03
2.189637886516877519e+00 1.019858642578125000e+03
2.193072612613374606e+00 1.014548706054687500e+03
2.196507338709871693e+00 1.015236389160156250e+03
2.199942064806368780e+00 1.019931213378906250e+03
2.203376790902865867e+00 1.018605651855468750e+03
2.206811516999362954e+00 1.007231445312500000e+03
2.210246243095860041e+00 1.004013122558593750e+03
2.213680969192357129e+00 1.003303283691406250e+03
2.217115695288853772e+00 1.004521972656250000e+03
2.220550421385351303e+00 9.988826904296875000e+02
2.223985147481847946e+00 9.872990722656250000e+02
2.227419873578345033e+00 9.819169921875000000e+02
2.230854599674842564e+00 9.850905761718750000e+02
2.234289325771339207e+00 9.871264648437500000e+02
2.237724051867836295e+00 9.852572631835937500e+02
2.241158777964333826e+00 9.871896362304687500e+02
2.244593504060830469e+00 9.919185791015625000e+02
2.248028230157327556e+00 9.883798217773437500e+02
2.251462956253824643e+00 9.795746459960937500e+02
2.254897682350321730e+00 9.652486572265625000e+02
2.258332408446818818e+00 9.536214599609375000e+02
2.261767134543315905e+00 9.475238647460937500e+02
2.265201860639812992e+00 9.554133911132812500e+02
2.268636586736310079e+00 9.575880737304687500e+02
2.272071312832806722e+00 9.649314575195312500e+02
2.275506038929304253e+00 9.647673950195312500e+02
2.278940765025801340e+00 9.701051025390625000e+02
2.282375491122297984e+00 9.744479370117187500e+02
2.285810217218795515e+00 9.775944824218750000e+02
2.289244943315292602e+00 9.680494384765625000e+02
2.292679669411789245e+00 9.569868164062500000e+02
2.296114395508286332e+00 9.563717041015625000e+02
2.299549121604783863e+00 9.669912109375000000e+02
2.302983847701280506e+00 9.833612060546875000e+02
2.306418573797777594e+00 1.010840270996093750e+03
2.309853299894274681e+00 1.065264160156250000e+03
2.313288025990771768e+00 1.146059448242187500e+03
2.316722752087268855e+00 1.229884887695312500e+03
2.320157478183765942e+00 1.288859741210937500e+03
2.323592204280263029e+00 1.293802856445312500e+03
2.327026930376760117e+00 1.251032226562500000e+03
2.330461656473257204e+00 1.163013549804687500e+03
2.333896382569754291e+00 1.075977539062500000e+03
2.337331108666251378e+00 1.003707397460937500e+03
2.340765834762748021e+00 9.618396606445312500e+02
2.344200560859245552e+00 9.309871826171875000e+02
2.347635286955742639e+00 9.195278320312500000e+02
2.351070013052239283e+00 9.140230712890625000e+02
2.354504739148736814e+00 9.086516723632812500e+02
2.357939465245233457e+00 9.064092407226562500e+02
2.361374191341730544e+00 9.066555786132812500e+02
2.364808917438227631e+00 9.093024902343750000e+02
2.368243643534724718e+00 9.116317749023437500e+02
2.371678369631221805e+00 9.085076904296875000e+02
2.375113095727718893e+00 9.052523193359375000e+02
2.378547821824215980e+00 8.953940429687500000e+02
2.381982547920713067e+00 8.803818969726562500e+02
2.385417274017210154e+00 8.685582275390625000e+02
2.388852000113707241e+00 8.693734741210937500e+02
2.392286726210204328e+00 8.787666015625000000e+02
2.395721452306701416e+00 8.815722045898437500e+02
2.399156178403198503e+00 8.732097778320312500e+02
2.402590904499695590e+00 8.593480224609375000e+02
2.406025630596192233e+00 8.491202392578125000e+02
2.409460356692689320e+00 8.454347534179687500e+02
2.412895082789186851e+00 8.445460205078125000e+02
2.416329808885683494e+00 8.476146850585937500e+02
2.419764534982180582e+00 8.488719482421875000e+02
2.423199261078678113e+00 8.559270019531250000e+02
2.426633987175174756e+00 8.556638183593750000e+02
2.430068713271671843e+00 8.543249511718750000e+02
2.433503439368169374e+00 8.540228271484375000e+02
2.436938165464666017e+00 8.553400268554687500e+02
2.440372891561163105e+00 8.533436279296875000e+02
2.443807617657660192e+00 8.466540527343750000e+02
2.447242343754157279e+00 8.420370483398437500e+02
2.450677069850654366e+00 8.419912719726562500e+02
2.454111795947151009e+00 8.376852416992187500e+02
2.457546522043648540e+00 8.402528686523437500e+02
2.460981248140145627e+00 8.472809448242187500e+02
2.464415974236642271e+00 8.519994506835937500e+02
2.467850700333139802e+00 8.529365234375000000e+02
2.471285426429636889e+00 8.535947265625000000e+02
2.474720152526133532e+00 8.600441284179687500e+02
2.478154878622631063e+00 8.573404541015625000e+02
2.481589604719128150e+00 8.529759521484375000e+02
2.485024330815624793e+00 8.425390014648437500e+02
2.488459056912121881e+00 8.382588500976562500e+02
2.491893783008618968e+00 8.384172973632812500e+02
2.495328509105116055e+00 8.415610961914062500e+02
2.498763235201613142e+00 8.485415039062500000e+02
2.502197961298110229e+00 8.742200927734375000e+02
2.505632687394607316e+00 9.125522460937500000e+02
2.509067413491104404e+00 9.556088867187500000e+02
2.512502139587601491e+00 9.668104248046875000e+02
2.515936865684098578e+00 9.600899047851562500e+02
2.519371591780595665e+00 9.282210693359375000e+02
2.522806317877092752e+00 8.932315063476562500e+02
2.526241043973589839e+00 8.601442871093750000e+02
2.529675770070086926e+00 8.323226318359375000e+02
2.533110496166583570e+00 8.160125732421875000e+02
2.536545222263081101e+00 8.061494140625000000e+02
2.539979948359577744e+00 8.077871093750000000e+02
2.543414674456074831e+00 8.000796508789062500e+02
2.546849400552572362e+00 7.960759277343750000e+02
2.550284126649069005e+00 7.918609619140625000e+02
2.553718852745566092e+00 7.964431152343750000e+02
2.557153578842063624e+00 7.907516479492187500e+02
2.560588304938560267e+00 7.903038330078125000e+02
2.564023031035057354e+00 7.804734497070312500e+02
2.567457757131554441e+00 7.808204956054687500e+02
2.570892483228051528e+00 7.824768066406250000e+02
2.574327209324548615e+00 7.851777343750000000e+02
2.577761935421045258e+00 7.797389526367187500e+02
2.581196661517542790e+00 7.732307739257812500e+02
2.584631387614039877e+00 7.717480468750000000e+02
2.588066113710536520e+00 7.672627563476562500e+02
2.591500839807034051e+00 7.620885009765625000e+02
2.594935565903531138e+00 7.644049682617187500e+02
2.598370292000027781e+00 7.731020507812500000e+02
2.601805018096525313e+00 7.768958740234375000e+02
2.605239744193022400e+00 7.691563110351562500e+02
2.608674470289519043e+00 7.641283569335937500e+02
2.612109196386016130e+00 7.630363769531250000e+02
2.615543922482513661e+00 7.643197631835937500e+02
2.618978648579010304e+00 7.588309326171875000e+02
2.622413374675507391e+00 7.521115112304687500e+02
2.625848100772004479e+00 7.451275634765625000e+02
2.629282826868501566e+00 7.428117065429687500e+02
2.632717552964998653e+00 7.461461791992187500e+02
2.636152279061495740e+00 7.497349243164062500e+02
2.639587005157992827e+00 7.651179809570312500e+02
2.643021731254489914e+00 7.630885009765625000e+02
2.646456457350987002e+00 7.564202270507812500e+02
2.649891183447484089e+00 7.387639770507812500e+02
2.653325909543981176e+00 7.384853515625000000e+02
2.656760635640477819e+00 7.413574829101562500e+02
2.660195361736975350e+00 7.456448974609375000e+02
2.663630087833471993e+00 7.424996337890625000e+02
2.667064813929969080e+00 7.396842041015625000e+02
2.670499540026466612e+00 7.345632934570312500e+02
2.673934266122963255e+00 7.387467651367187500e+02
2.677368992219460342e+00 7.422061767578125000e+02
2.680803718315957873e+00 7.511511840820312500e+02
2.684238444412454516e+00 7.595290527343750000e+02
2.687673170508951603e+00 7.662852172851562500e+02
2.691107896605448691e+00 7.608454589843750000e+02
2.694542622701945778e+00 7.484499511718750000e+02
2.697977348798442865e+00 7.423377075195312500e+02
2.701412074894939952e+00 7.418295288085937500e+02
2.704846800991437039e+00 7.388017578125000000e+02
2.708281527087934126e+00 7.309995117187500000e+02
2.711716253184430769e+00 7.301806030273437500e+02
2.715150979280928301e+00 7.330209350585937500e+02
2.718585705377425388e+00 7.413432617187500000e+02
2.722020431473922031e+00 7.412435913085937500e+02
2.725455157570419562e+00 7.471741943359375000e+02
2.728889883666916649e+00 7.444765625000000000e+02
2.732324609763413292e+00 7.389334106445312500e+02
2.735759335859910379e+00 7.372691650390625000e+02
2.739194061956407911e+00 7.393588867187500000e+02
2.742628788052904554e+00 7.473352050781250000e+02
2.746063514149401641e+00 7.508206176757812500e+02
2.749498240245898728e+00 7.658365478515625000e+02
2.752932966342395815e+00 8.044677734375000000e+02
2.756367692438892902e+00 8.754381713867187500e+02
2.759802418535389990e+00 9.809051513671875000e+02
2.763237144631887077e+00 1.093891113281250000e+03
2.766671870728384164e+00 1.186239624023437500e+03
2.770106596824881251e+00 1.209763427734375000e+03
2.773541322921378338e+00 1.157731079101562500e+03
2.776976049017875425e+00 1.049425537109375000e+03
2.780410775114372068e+00 9.303106079101562500e+02
2.783845501210869600e+00 8.386072387695312500e+02
2.787280227307366687e+00 7.786884155273437500e+02
2.790714953403863330e+00 7.537159423828125000e+02
2.794149679500360861e+00 7.395546264648437500e+02
2.797584405596857504e+00 7.295238647460937500e+02
2.801019131693354591e+00 7.213582763671875000e+02
2.804453857789852123e+00 7.188278198242187500e+02
2.807888583886348766e+00 7.177765502929687500e+02
2.811323309982845853e+00 7.081768798828125000e+02
2.814758036079342940e+00 6.957168579101562500e+02
2.818192762175840027e+00 6.955877075195312500e+02
2.821627488272337114e+00 7.073471679687500000e+02
2.825062214368834201e+00 7.244484863281250000e+02
2.828496940465331289e+00 7.511513061523437500e+02
2.831931666561828376e+00 7.914216308593750000e+02
2.835366392658325463e+00 8.331390380859375000e+02
2.838801118754822550e+00 8.602771606445312500e+02
2.842235844851319637e+00 8.589001464843750000e+02
2.845670570947816280e+00 8.357321777343750000e+02
2.849105297044313811e+00 7.955670776367187500e+02
2.852540023140810899e+00 7.567089843750000000e+02
2.855974749237307542e+00 7.283172607421875000e+02
2.859409475333804629e+00 7.061876831054687500e+02
2.862844201430302160e+00 6.914705810546875000e+02
2.866278927526798803e+00 6.834433593750000000e+02
2.869713653623295890e+00 6.814778442382812500e+02
2.873148379719793422e+00 6.808452148437500000e+02
2.876583105816290065e+00 6.834074096679687500e+02
2.880017831912787152e+00 6.823269042968750000e+02
2.883452558009284239e+00 6.848588256835937500e+02
2.886887284105781326e+00 6.780805053710937500e+02
2.890322010202278413e+00 6.762801513671875000e+02
2.893756736298775500e+00 6.734829711914062500e+02
2.897191462395272588e+00 6.751073608398437500e+02
2.900626188491769675e+00 6.751130981445312500e+02
2.904060914588266318e+00 6.711074218750000000e+02
2.907495640684763849e+00 6.687528686523437500e+02
2.910930366781260936e+00 6.691532592773437500e+02
2.914365092877757579e+00 6.724929199218750000e+02
2.917799818974255111e+00 6.766760253906250000e+02
2.921234545070752198e+00 6.797278442382812500e+02
2.924669271167248841e+00 6.895780639648437500e+02
2.928103997263746372e+00 7.019879760742187500e+02
2.931538723360243015e+00 7.215646972656250000e+02
2.934973449456740102e+00 7.445991210937500000e+02
2.938408175553237189e+00 7.637240600585937500e+02
2.941842901649734277e+00 7.730495605468750000e+02
2.945277627746231364e+00 7.652773437500000000e+02
2.948712353842728451e+00 7.534055786132812500e+02
2.952147079939225538e+00 7.376425170898437500e+02
2.955581806035722625e+00 7.258084716796875000e+02
2.959016532132219712e+00 7.193149414062500000e+02
2.962451258228716799e+00 7.313793334960937500e+02
2.965885984325213887e+00 7.701134643554687500e+02
2.969320710421710974e+00 8.639554443359375000e+02
2.972755436518208061e+00 1.037310302734375000e+03
2.976190162614705148e+00 1.268893676757812500e+03
2.979624888711201791e+00 1.490048217773437500e+03
2.983059614807698878e+00 1.610867065429687500e+03
2.986494340904196410e+00 1.588293090820312500e+03
2.989929067000693053e+00 1.425949462890625000e+03
2.993363793097190140e+00 1.192703979492187500e+03
2.996798519193687671e+00 9.723125000000000000e+02
3.000233245290184314e+00 8.141440429687500000e+02
3.003667971386681401e+00 7.331286621093750000e+02
3.007102697483178932e+00 6.942393188476562500e+02
3.010537423579675576e+00 6.801671142578125000e+02
3.013972149676172663e+00 6.710512695312500000e+02
3.017406875772669750e+00 6.665479736328125000e+02
3.020841601869166837e+00 6.626549072265625000e+02
3.024276327965663924e+00 6.609105834960937500e+02
3.027711054062160567e+00 6.600191040039062500e+02
3.031145780158658098e+00 6.622084960937500000e+02
3.034580506255155186e+00 6.659882812500000000e+02
3.038015232351651829e+00 6.705194702148437500e+02
3.041449958448149360e+00 6.794868774414062500e+02
3.044884684544646447e+00 6.950253906250000000e+02
3.048319410641143090e+00 7.107365112304687500e+02
3.051754136737640177e+00 7.150507812500000000e+02
3.055188862834137709e+00 7.138389892578125000e+02
3.058623588930634352e+00 7.149672851562500000e+02
3.062058315027131439e+00 7.160607299804687500e+02
3.065493041123628526e+00 7.238979492187500000e+02
3.068927767220125613e+00 7.310299072265625000e+02
3.072362493316622700e+00 7.485437011718750000e+02
3.075797219413119787e+00 7.556920166015625000e+02
3.079231945509616875e+00 7.605397949218750000e+02
3.082666671606113962e+00 7.496813964843750000e+02
3.086101397702611049e+00 7.346475219726562500e+02
3.089536123799108136e+00 7.128328247070312500e+02
3.092970849895605223e+00 6.889637451171875000e+02
3.096405575992101866e+00 6.659539184570312500e+02
3.099840302088599397e+00 6.471059570312500000e+02
3.103275028185096041e+00 6.362838745117187500e+02
3.106709754281593128e+00 6.411279296875000000e+02
3.110144480378090659e+00 6.394613647460937500e+02
3.113579206474587302e+00 6.397236328125000000e+02
3.117013932571084389e+00 6.293629150390625000e+02
3.120448658667581920e+00 6.255598754882812500e+02
3.123883384764078563e+00 6.229474487304687500e+02
3.127318110860575651e+00 6.224636840820312500e+02
3.130752836957072738e+00 6.247422485351562500e+02
3.134187563053569825e+00 6.271694946289062500e+02
3.137622289150066912e+00 6.196926269531250000e+02
3.141057015246563999e+00 6.079383544921875000e+02
3.144491741343061086e+00 5.967244873046875000e+02
3.147926467439558174e+00 5.979271850585937500e+02
3.151361193536054817e+00 5.993942260742187500e+02
3.154795919632552348e+00 6.000780029296875000e+02
3.158230645729049435e+00 6.013429565429687500e+02
3.161665371825546078e+00 6.045432128906250000e+02
3.165100097922043609e+00 6.087587890625000000e+02
3.168534824018540696e+00 6.115687866210937500e+02
3.171969550115037340e+00 6.113920288085937500e+02
3.175404276211534427e+00 6.080544433593750000e+02
3.178839002308031958e+00 6.038482055664062500e+02
3.182273728404528601e+00 6.014267578125000000e+02
3.185708454501025688e+00 5.977517700195312500e+02
3.189143180597522775e+00 5.975086059570312500e+02
3.192577906694019862e+00 5.927032470703125000e+02
3.196012632790516950e+00 5.951503295898437500e+02
3.199447358887014037e+00 5.948600463867187500e+02
3.202882084983511124e+00 6.011342773437500000e+02
3.206316811080008211e+00 6.037951049804687500e+02
3.209751537176505298e+00 6.024687500000000000e+02
3.213186263273002385e+00 5.990479736328125000e+02
3.216620989369499473e+00 5.937704467773437500e+02
3.220055715465996116e+00 5.885175781250000000e+02
3.223490441562493647e+00 5.869317626953125000e+02
3.226925167658990734e+00 5.935800781250000000e+02
3.230359893755487377e+00 6.026570434570312500e+02
3.233794619851984908e+00 6.056760253906250000e+02
3.237229345948481551e+00 6.013831787109375000e+02
3.240664072044978639e+00 5.986254882812500000e+02
3.244098798141476170e+00 6.031099853515625000e+02
3.247533524237972813e+00 6.071158447265625000e+02
3.250968250334469900e+00 6.137097167968750000e+02
3.254402976430966987e+00 6.248933105468750000e+02
3.257837702527464074e+00 6.466920166015625000e+02
3.261272428623961162e+00 6.756835327148437500e+02
3.264707154720458249e+00 6.981173095703125000e+02
3.268141880816955336e+00 7.009484252929687500e+02
3.271576606913452423e+00 6.906950683593750000e+02
3.275011333009949510e+00 6.677875366210937500e+02
3.278446059106446597e+00 6.453961181640625000e+02
3.281880785202943684e+00 6.190437622070312500e+02
3.285315511299440328e+00 6.077681274414062500e+02
3.288750237395937859e+00 6.065725097656250000e+02
3.292184963492434946e+00 6.079310302734375000e+02
3.295619689588931589e+00 6.026142578125000000e+02
3.299054415685428676e+00 5.966904296875000000e+02
3.302489141781926207e+00 5.949158325195312500e+02
3.305923867878422850e+00 5.939882202148437500e+02
3.309358593974919938e+00 5.891802978515625000e+02
3.312793320071417469e+00 5.799747924804687500e+02
3.316228046167914112e+00 5.792339477539062500e+02
3.319662772264411199e+00 5.808928222656250000e+02
3.323097498360908286e+00 5.807783813476562500e+02
3.326532224457405373e+00 5.779758300781250000e+02
3.329966950553902461e+00 5.798916015625000000e+02
3.333401676650399548e+00 5.863468627929687500e+02
3.336836402746896635e+00 5.888575439453125000e+02
3.340271128843393722e+00 5.919298095703125000e+02
3.343705854939890365e+00 5.928206176757812500e+02
3.347140581036387896e+00 5.996928100585937500e+02
3.350575307132884983e+00 6.064500732421875000e+02
3.354010033229381627e+00 6.122512207031250000e+02
3.357444759325879158e+00 6.106912231445312500e+02
3.360879485422376245e+00 6.023964843750000000e+02
3.364314211518872888e+00 5.982058715820312500e+02
3.367748937615370419e+00 5.933631591796875000e+02
3.371183663711867062e+00 5.938988647460937500e+02
3.374618389808364149e+00 5.877199096679687500e+02
3.378053115904861237e+00 5.882714233398437500e+02
3.381487842001358324e+00 5.838653564453125000e+02
3.384922568097855411e+00 5.839199829101562500e+02
3.388357294194352498e+00 5.795867919921875000e+02
3.391792020290849585e+00 5.793609008789062500e+02
3.395226746387346672e+00 5.750342407226562500e+02
3.398661472483843760e+00 5.747252807617187500e+02
3.402096198580340847e+00 5.766818237304687500e+02
3.405530924676837934e+00 5.821603393554687500e+02
3.408965650773335021e+00 5.861103515625000000e+02
3.412400376869832108e+00 5.921447753906250000e+02
3.415835102966329195e+00 5.959978637695312500e+02
3.419269829062825838e+00 6.039680786132812500e+02
3.422704555159322926e+00 6.096394653320312500e+02
3.426139281255820457e+00 6.193315429687500000e+02
3.429574007352317100e+00 6.149928588867187500e+02
3.433008733448814187e+00 6.062029418945312500e+02
3.436443459545311718e+00 5.983046264648437500e+02
3.439878185641808361e+00 5.994472656250000000e+02
3.443312911738305448e+00 6.088166503906250000e+02
3.446747637834802980e+00 6.128818969726562500e+02
3.450182363931299623e+00 6.131309204101562500e+02
3.453617090027796710e+00 6.080980834960937500e+02
3.457051816124293797e+00 5.990924682617187500e+02
3.460486542220790884e+00 5.956195678710937500e+02
3.463921268317287971e+00 5.958144531250000000e+02
3.467355994413784614e+00 6.058525390625000000e+02
3.470790720510282146e+00 6.057027587890625000e+02
3.474225446606779233e+00 5.970465087890625000e+02
3.477660172703275876e+00 5.842598266601562500e+02
3.481094898799773407e+00 5.745029907226562500e+02
3.484529624896270494e+00 5.628285522460937500e+02
3.487964350992767137e+00 5.549240112304687500e+02
3.491399077089264669e+00 5.564195556640625000e+02
3.494833803185761756e+00 5.566126098632812500e+02
3.498268529282258399e+00 5.545784912109375000e+02
3.501703255378755486e+00 5.509562988281250000e+02
3.505137981475252573e+00 5.593199462890625000e+02
3.508572707571749660e+00 5.594718627929687500e+02
3.512007433668246748e+00 5.550441894531250000e+02
3.515442159764743835e+00 5.506485595703125000e+02
3.518876885861240922e+00 5.552264404296875000e+02
3.522311611957738009e+00 5.562484741210937500e+02
3.525746338054235096e+00 5.557802734375000000e+02
3.529181064150732183e+00 5.534019775390625000e+02
3.532615790247229270e+00 5.558244628906250000e+02
3.536050516343726358e+00 5.561233520507812500e+02
3.539485242440223445e+00 5.582307128906250000e+02
3.542919968536720088e+00 5.600824584960937500e+02
3.546354694633217175e+00 5.603526000976562500e+02
3.549789420729714706e+00 5.628150024414062500e+02
3.553224146826211349e+00 5.668248901367187500e+02
3.556658872922708436e+00 5.704393310546875000e+02
3.560093599019205968e+00 5.669190063476562500e+02
3.563528325115702611e+00 5.604479370117187500e+02
3.566963051212199698e+00 5.572216186523437500e+02
3.570397777308697229e+00 5.589213256835937500e+02
3.573832503405193872e+00 5.566978149414062500e+02
3.577267229501690959e+00 5.496832275390625000e+02
3.580701955598188047e+00 5.453264770507812500e+02
3.584136681694685134e+00 5.443709716796875000e+02
3.587571407791181777e+00 5.431426391601562500e+02
3.591006133887679308e+00 5.455013427734375000e+02
3.594440859984176395e+00 5.391902465820312500e+02
3.597875586080673038e+00 5.419219970703125000e+02
3.601310312177170569e+00 5.476205444335937500e+02
3.604745038273667657e+00 5.513358154296875000e+02
3.608179764370164300e+00 5.489415893554687500e+02
3.611614490466661831e+00 5.434375610351562500e+02
3.615049216563158918e+00 5.470015869140625000e+02
3.618483942659655561e+00 5.471733398437500000e+02
3.621918668756153092e+00 5.457648315429687500e+02
3.625353394852649735e+00 5.467794799804687500e+02
3.628788120949146823e+00 5.417389526367187500e+02
3.632222847045644354e+00 5.382113037109375000e+02
3.635657573142140997e+00 5.337651367187500000e+02
3.639092299238638084e+00 5.337847900390625000e+02
3.642527025335135615e+00 5.370596923828125000e+02
3.645961751431632258e+00 5.393772583007812500e+02
3.649396477528129346e+00 5.395575561523437500e+02
3.652831203624625989e+00 5.385759887695312500e+02
3.656265929721123520e+00 5.339519042968750000e+02
3.659700655817620607e+00 5.343066406250000000e+02
3.663135381914117250e+00 5.355669555664062500e+02
3.666570108010614781e+00 5.355976562500000000e+02
3.670004834107111424e+00 5.367438354492187500e+02
3.673439560203608512e+00 5.316547241210937500e+02
3.676874286300106043e+00 5.372132568359375000e+02
3.680309012396602686e+00 5.391249389648437500e+02
3.683743738493099773e+00 5.477855834960937500e+02
3.687178464589597304e+00 5.485941162109375000e+02
3.690613190686093947e+00 5.467515258789062500e+02
3.694047916782591034e+00 5.397742309570312500e+02
3.697482642879088566e+00 5.352727661132812500e+02
3.700917368975585209e+00 5.303113403320312500e+02
3.704352095072082296e+00 5.309240112304687500e+02
3.707786821168579827e+00 5.311505737304687500e+02
3.711221547265076470e+00 5.329793090820312500e+02
3.714656273361573113e+00 5.266059570312500000e+02
3.718090999458071089e+00 5.216519775390625000e+02
3.721525725554567732e+00 5.210134277343750000e+02
3.724960451651064375e+00 5.191262817382812500e+02
3.728395177747561906e+00 5.198841552734375000e+02
3.731829903844058993e+00 5.194851684570312500e+02
3.735264629940555636e+00 5.261367797851562500e+02
3.738699356037052723e+00 5.247446899414062500e+02
3.742134082133550255e+00 5.327705078125000000e+02
3.745568808230046898e+00 5.339950561523437500e+02
3.749003534326543985e+00 5.338260498046875000e+02
3.752438260423041516e+00 5.269970703125000000e+02
3.755872986519538159e+00 5.224561767578125000e+02
3.759307712616034802e+00 5.245414428710937500e+02
3.762742438712532778e+00 5.323099365234375000e+02
3.766177164809029421e+00 5.516965332031250000e+02
3.769611890905526064e+00 5.749422607421875000e+02
3.773046617002023595e+00 5.971396484375000000e+02
3.776481343098520682e+00 6.071665039062500000e+02
3.779916069195017325e+00 6.013294677734375000e+02
3.783350795291514856e+00 5.845248413085937500e+02
3.786785521388011944e+00 5.686564331054687500e+02
3.790220247484508587e+00 5.518191528320312500e+02
3.793654973581006118e+00 5.321176147460937500e+02
3.797089699677503205e+00 5.215354614257812500e+02
3.800524425773999848e+00 5.185142822265625000e+02
3.803959151870497379e+00 5.209226074218750000e+02
3.807393877966994467e+00 5.174026489257812500e+02
3.810828604063491110e+00 5.135814819335937500e+02
3.814263330159988641e+00 5.125011596679687500e+02
3.817698056256485284e+00 5.108466491699218750e+02
3.821132782352982371e+00 5.158184814453125000e+02
3.824567508449479902e+00 5.211459960937500000e+02
3.828002234545976545e+00 5.282371215820312500e+02
3.831436960642473633e+00 5.380560302734375000e+02
3.834871686738970276e+00 5.479266967773437500e+02
3.838306412835467807e+00 5.637150878906250000e+02
3.841741138931964894e+00 5.844902954101562500e+02
3.845175865028461537e+00 6.058180541992187500e+02
3.848610591124959068e+00 6.172382812500000000e+02
3.852045317221456155e+00 6.174162597656250000e+02
3.855480043317952799e+00 6.089959716796875000e+02
3.858914769414450330e+00 5.936594238281250000e+02
3.862349495510946973e+00 5.771011962890625000e+02
3.865784221607444060e+00 5.681699829101562500e+02
3.869218947703941591e+00 5.675097656250000000e+02
3.872653673800438234e+00 5.648843383789062500e+02
3.876088399896935321e+00 5.555062255859375000e+02
3.879523125993432853e+00 5.429533691406250000e+02
3.882957852089929496e+00 5.316660156250000000e+02
3.886392578186426583e+00 5.298340454101562500e+02
3.889827304282924114e+00 5.282478027343750000e+02
3.893262030379420757e+00 5.226597900390625000e+02
3.896696756475917844e+00 5.196057739257812500e+02
3.900131482572415376e+00 5.186992797851562500e+02
3.903566208668912019e+00 5.207391357421875000e+02
3.907000934765408662e+00 5.210021972656250000e+02
3.910435660861906637e+00 5.173741455078125000e+02
3.913870386958403280e+00 5.119476013183593750e+02
3.917305113054899923e+00 5.030958557128906250e+02
3.920739839151397010e+00 5.026949462890625000e+02
3.924174565247894542e+00 5.071752929687500000e+02
3.927609291344391185e+00 5.061448364257812500e+02
3.931044017440888272e+00 5.063861694335937500e+02
3.934478743537385803e+00 5.051496276855468750e+02
3.937913469633882446e+00 5.096770324707031250e+02
3.941348195730379533e+00 5.091302795410156250e+02
3.944782921826877065e+00 5.040737915039062500e+02
3.948217647923373708e+00 5.034660034179687500e+02
3.951652374019870351e+00 5.042173767089843750e+02
3.955087100116368326e+00 5.064850769042968750e+02
3.958521826212864969e+00 5.099016723632812500e+02
3.961956552309361612e+00 5.123184204101562500e+02
3.965391278405859588e+00 5.199706420898437500e+02
3.968826004502356231e+00 5.330988769531250000e+02
3.972260730598852874e+00 5.687310180664062500e+02
3.975695456695350405e+00 6.304122314453125000e+02
3.979130182791847492e+00 7.038361816406250000e+02
3.982564908888344135e+00 7.475877075195312500e+02
3.985999634984841666e+00 7.042986450195312500e+02
3.989434361081338754e+00 6.344534912109375000e+02
3.992869087177835397e+00 5.771256713867187500e+02
3.996303813274332928e+00 5.703034667968750000e+02
3.999738539370830015e+00 5.869719848632812500e+02
4.003173265467326658e+00 6.249415893554687500e+02
4.006607991563823745e+00 6.792617187500000000e+02
4.010042717660320832e+00 7.235031738281250000e+02
4.013477443756817920e+00 7.441258544921875000e+02
4.016912169853315007e+00 7.344353637695312500e+02
4.020346895949812094e+00 7.044322509765625000e+02
4.023781622046309181e+00 6.641876220703125000e+02
4.027216348142806268e+00 6.237496948242187500e+02
4.030651074239303355e+00 5.858075561523437500e+02
4.034085800335800442e+00 5.521912231445312500e+02
4.037520526432297530e+00 5.302253417968750000e+02
4.040955252528794617e+00 5.226013793945312500e+02
4.044389978625291704e+00 5.168478393554687500e+02
4.047824704721788791e+00 5.088460693359375000e+02
4.051259430818285878e+00 5.031820068359375000e+02
4.054694156914782965e+00 4.984943847656250000e+02
4.058128883011279164e+00 4.982815551757812500e+02
4.061563609107777140e+00 5.021725769042968750e+02
4.064998335204274227e+00 5.106410522460937500e+02
4.068433061300770426e+00 5.103749694824218750e+02
4.071867787397268401e+00 5.034743041992187500e+02
4.075302513493765488e+00 4.983919372558593750e+02
4.078737239590261687e+00 4.969247741699218750e+02
4.082171965686759663e+00 4.922431030273437500e+02
4.085606691783256750e+00 4.878354797363281250e+02
4.089041417879752949e+00 4.886327209472656250e+02
4.092476143976250036e+00 4.903691406250000000e+02
4.095910870072748011e+00 4.919768371582031250e+02
4.099345596169244210e+00 4.895107116699218750e+02
4.102780322265741297e+00 4.882933349609375000e+02
4.106215048362239273e+00 4.842780456542968750e+02
4.109649774458735472e+00 4.803848571777343750e+02
4.113084500555232559e+00 4.785634460449218750e+02
4.116519226651730534e+00 4.777418518066406250e+02
4.119953952748226733e+00 4.789915466308593750e+02
4.123388678844723820e+00 4.731010437011718750e+02
4.126823404941220907e+00 4.701941528320312500e+02
4.130258131037717995e+00 4.658474121093750000e+02
4.133692857134215082e+00 4.752951660156250000e+02
4.137127583230712169e+00 4.853384704589843750e+02
4.140562309327209256e+00 4.926482849121093750e+02
4.143997035423706343e+00 4.892280273437500000e+02
4.147431761520203430e+00 4.837454223632812500e+02
4.150866487616700518e+00 4.837347412109375000e+02
4.154301213713197605e+00 4.852075195312500000e+02
4.157735939809694692e+00 4.883274536132812500e+02
4.161170665906191779e+00 4.887585449218750000e+02
4.164605392002688866e+00 4.949832763671875000e+02
4.168040118099185953e+00 5.006836242675781250e+02
4.171474844195683040e+00 5.119890441894531250e+02
4.174909570292180128e+00 5.212647094726562500e+02
4.178344296388677215e+00 5.406452636718750000e+02
4.181779022485174302e+00 5.623322143554687500e+02
4.185213748581671389e+00 5.782590942382812500e+02
4.188648474678167588e+00 5.799845581054687500e+02
4.192083200774665563e+00 5.698347778320312500e+02
4.195517926871162651e+00 5.534331665039062500e+02
4.198952652967658850e+00 5.298677978515625000e+02
4.202387379064156825e+00 5.135134887695312500e+02
4.205822105160653912e+00 5.114153137207031250e+02
4.209256831257150111e+00 5.338909301757812500e+02
4.212691557353648086e+00 5.663410644531250000e+02
4.216126283450144285e+00 5.921452636718750000e+02
4.219561009546641372e+00 6.008167724609375000e+02
4.222995735643139348e+00 5.936386718750000000e+02
4.226430461739635547e+00 5.730848388671875000e+02
4.229865187836132634e+00 5.415136108398437500e+02
4.233299913932630609e+00 5.151405029296875000e+02
4.236734640029126808e+00 4.918529968261718750e+02
4.240169366125623895e+00 4.782282409667968750e+02
4.243604092222121871e+00 4.677901916503906250e+02
4.247038818318618070e+00 4.701582946777343750e+02
4.250473544415115157e+00 4.738020935058593750e+02
4.253908270511613132e+00 4.693545837402343750e+02
4.257342996608109331e+00 4.610674438476562500e+02
4.260777722704606418e+00 4.572694396972656250e+02
4.264212448801104394e+00 4.605060424804687500e+02
4.267647174897600593e+00 4.651307983398437500e+02
4.271081900994097680e+00 4.721254272460937500e+02
4.274516627090594767e+00 4.812528686523437500e+02
4.277951353187091854e+00 4.842470092773437500e+02
4.281386079283588941e+00 4.886420288085937500e+02
4.284820805380086028e+00 4.969803771972656250e+02
4.288255531476583116e+00 5.212112426757812500e+02
4.291690257573080203e+00 5.511547851562500000e+02
4.295124983669576402e+00 5.872311401367187500e+02
4.298559709766074377e+00 6.139075927734375000e+02
4.301994435862571464e+00 6.190503540039062500e+02
4.305429161959067663e+00 5.991927490234375000e+02
4.308863888055565639e+00 5.648937988281250000e+02
4.312298614152062726e+00 5.313438110351562500e+02
4.315733340248558925e+00 5.026568298339843750e+02
4.319168066345056900e+00 4.846837158203125000e+02
4.322602792441553987e+00 4.760178222656250000e+02
4.326037518538050186e+00 4.684870910644531250e+02
4.329472244634548161e+00 4.611434631347656250e+02
4.332906970731045249e+00 4.571090393066406250e+02
4.336341696827541448e+00 4.600607910156250000e+02
4.339776422924039423e+00 4.615492858886718750e+02
4.343211149020536510e+00 4.608578186035156250e+02
4.346645875117032709e+00 4.607993774414062500e+02
4.350080601213530684e+00 4.611946411132812500e+02
4.353515327310027772e+00 4.621959228515625000e+02
4.356950053406523971e+00 4.670928344726562500e+02
4.360384779503021058e+00 4.758027038574218750e+02
4.363819505599518145e+00 4.802995605468750000e+02
4.367254231696015232e+00 4.769204406738281250e+02
4.370688957792512319e+00 4.711495971679687500e+02
4.374123683889009406e+00 4.655314331054687500e+02
4.377558409985506493e+00 4.614789733886718750e+02
4.380993136082003581e+00 4.567495422363281250e+02
4.384427862178500668e+00 4.540166320800781250e+02
4.387862588274997755e+00 4.501351318359375000e+02
4.391297314371494842e+00 4.497028198242187500e+02
4.394732040467991929e+00 4.524848022460937500e+02
4.398166766564489016e+00 4.591378479003906250e+02
4.401601492660986104e+00 4.730432739257812500e+02
4.405036218757483191e+00 4.919289245605468750e+02
4.408470944853980278e+00 5.109318237304687500e+02
4.411905670950477365e+00 5.252145996093750000e+02
4.415340397046974452e+00 5.285148315429687500e+02
4.418775123143471539e+00 5.236343383789062500e+02
4.422209849239968626e+00 5.077937316894531250e+02
4.425644575336465714e+00 4.867089233398437500e+02
4.429079301432962801e+00 4.738880310058593750e+02
4.432514027529459888e+00 4.636297912597656250e+02
4.435948753625956975e+00 4.559210815429687500e+02
4.439383479722454062e+00 4.445086669921875000e+02
4.442818205818951149e+00 4.425150451660156250e+02
4.446252931915447348e+00 4.437634277343750000e+02
4.449687658011945324e+00 4.460868835449218750e+02
4.453122384108441523e+00 4.482448120117187500e+02
4.456557110204938610e+00 4.502446289062500000e+02
4.459991836301436585e+00 4.487565917968750000e+02
4.463426562397932784e+00 4.444997253417968750e+02
4.466861288494429871e+00 4.400146789550781250e+02
4.470296014590927847e+00 4.430146789550781250e+02
4.473730740687424046e+00 4.438033447265625000e+02
4.477165466783921133e+00 4.474899902343750000e+02
4.480600192880419108e+00 4.471496276855468750e+02
4.484034918976915307e+00 4.449500122070312500e+02
4.487469645073412394e+00 4.397501525878906250e+02
4.490904371169910370e+00 4.365700683593750000e+02
4.494339097266406569e+00 4.370943298339843750e+02
4.497773823362903656e+00 4.365153503417968750e+02
4.501208549459401631e+00 4.349130859375000000e+02
4.504643275555897830e+00 4.327765808105468750e+02
4.508078001652394917e+00 4.375492248535156250e+02
4.511512727748892893e+00 4.410141296386718750e+02
4.514947453845389091e+00 4.460836486816406250e+02
4.518382179941886179e+00 4.472073059082031250e+02
4.521816906038383266e+00 4.447913818359375000e+02
4.525251632134880353e+00 4.393668823242187500e+02
4.528686358231377440e+00 4.331510620117187500e+02
4.532121084327874527e+00 4.386529846191406250e+02
4.535555810424371614e+00 4.365407714843750000e+02
4.538990536520868702e+00 4.364340515136718750e+02
4.542425262617364901e+00 4.337142944335937500e+02
4.545859988713862876e+00 4.369591064453125000e+02
4.549294714810359963e+00 4.436398620605468750e+02
4.552729440906856162e+00 4.425951538085937500e+02
4.556164167003354137e+00 4.436661987304687500e+02
4.559598893099851225e+00 4.428145751953125000e+02
4.563033619196347423e+00 4.416104431152343750e+02
4.566468345292845399e+00 4.383024597167968750e+02
4.569903071389342486e+00 4.346915283203125000e+02
4.573337797485838685e+00 4.348240356445312500e+02
4.576772523582336660e+00 4.356274414062500000e+02
4.580207249678833747e+00 4.321335449218750000e+02
4.583641975775329946e+00 4.299091186523437500e+02
4.587076701871827922e+00 4.292008361816406250e+02
4.590511427968325009e+00 4.346116943359375000e+02
4.593946154064821208e+00 4.385918884277343750e+02
4.597380880161319183e+00 4.392239074707031250e+02
4.600815606257816270e+00 4.343244018554687500e+02
4.604250332354312469e+00 4.343480224609375000e+02
4.607685058450810445e+00 4.356589660644531250e+02
4.611119784547306644e+00 4.392413330078125000e+02
4.614554510643803731e+00 4.339196166992187500e+02
4.617989236740300818e+00 4.299754943847656250e+02
4.621423962836797905e+00 4.254049682617187500e+02
4.624858688933294992e+00 4.332932128906250000e+02
4.628293415029792079e+00 4.388411560058593750e+02
4.631728141126289167e+00 4.511153259277343750e+02
4.635162867222786254e+00 4.597681579589843750e+02
4.638597593319283341e+00 4.780596008300781250e+02
4.642032319415780428e+00 5.050039367675781250e+02
4.645467045512277515e+00 5.366580810546875000e+02
4.648901771608774602e+00 5.687829589843750000e+02
4.652336497705271690e+00 5.896712036132812500e+02
4.655771223801768777e+00 6.005305175781250000e+02
4.659205949898265864e+00 5.949702148437500000e+02
4.662640675994762951e+00 5.811432495117187500e+02
4.666075402091260038e+00 5.775311279296875000e+02
4.669510128187757125e+00 5.691519775390625000e+02
4.672944854284254212e+00 5.609956054687500000e+02
4.676379580380751300e+00 5.458526000976562500e+02
4.679814306477248387e+00 5.331937255859375000e+02
4.683249032573745474e+00 5.105645751953125000e+02
4.686683758670242561e+00 4.824289550781250000e+02
4.690118484766739648e+00 4.615168151855468750e+02
4.693553210863236735e+00 4.491901245117187500e+02
4.696987936959733823e+00 4.379219970703125000e+02
4.700422663056230022e+00 4.319642639160156250e+02
4.703857389152727997e+00 4.285146484375000000e+02
4.707292115249225084e+00 4.350237731933593750e+02
4.710726841345721283e+00 4.362030334472656250e+02
4.714161567442218370e+00 4.375381164550781250e+02
4.717596293538716345e+00 4.310719604492187500e+02
4.721031019635212544e+00 4.295344848632812500e+02
4.724465745731709632e+00 4.291627197265625000e+02
4.727900471828207607e+00 4.304926452636718750e+02
4.731335197924703806e+00 4.293741149902343750e+02
4.734769924021200893e+00 4.271517028808593750e+02
4.738204650117698868e+00 4.243277893066406250e+02
4.741639376214195067e+00 4.241928710937500000e+02
4.745074102310692155e+00 4.200738220214843750e+02
4.748508828407190130e+00 4.217875366210937500e+02
4.751943554503686329e+00 4.188133850097656250e+02
4.755378280600183416e+00 4.228356323242187500e+02
4.758813006696681391e+00 4.236555480957031250e+02
4.762247732793177590e+00 4.264271240234375000e+02
4.765682458889674677e+00 4.259412536621093750e+02
4.769117184986171765e+00 4.224794006347656250e+02
4.772551911082668852e+00 4.212839660644531250e+02
4.775986637179165939e+00 4.214451904296875000e+02
4.779421363275663026e+00 4.243358459472656250e+02
4.782856089372160113e+00 4.258863525390625000e+02
4.786290815468657200e+00 4.249077148437500000e+02
4.789725541565154288e+00 4.260553894042968750e+02
4.793160267661651375e+00 4.262360534667968750e+02
4.796594993758148462e+00 4.281834716796875000e+02
4.800029719854644661e+00 4.339822082519531250e+02
4.803464445951142636e+00 4.366113891601562500e+02
4.806899172047639723e+00 4.441305847167968750e+02
4.810333898144135922e+00 4.472868041992187500e+02
4.813768624240633898e+00 4.518262939453125000e+02
4.817203350337130985e+00 4.483459472656250000e+02
4.820638076433627184e+00 4.463321533203125000e+02
4.824072802530125159e+00 4.437084655761718750e+02
4.827507528626622246e+00 4.399137878417968750e+02
4.830942254723118445e+00 4.342920227050781250e+02
4.834376980819616421e+00 4.323198547363281250e+02
4.837811706916113508e+00 4.348308715820312500e+02
4.841246433012609707e+00 4.411131896972656250e+02
4.844681159109107682e+00 4.423526306152343750e+02
4.848115885205604769e+00 4.463982849121093750e+02
4.851550611302100968e+00 4.501223754882812500e+02
4.854985337398598944e+00 4.670102233886718750e+02
4.858420063495095143e+00 5.006299438476562500e+02
4.861854789591592230e+00 5.747219238281250000e+02
4.865289515688090205e+00 6.947294311523437500e+02
4.868724241784586404e+00 8.501065063476562500e+02
4.872158967881083491e+00 9.968699340820312500e+02
4.875593693977581466e+00 1.072999267578125000e+03
4.879028420074077665e+00 1.054813964843750000e+03
4.882463146170574753e+00 9.503260498046875000e+02
4.885897872267071840e+00 8.048255004882812500e+02
4.889332598363568927e+00 6.643255615234375000e+02
4.892767324460066014e+00 5.616300048828125000e+02
4.896202050556563101e+00 5.012486877441406250e+02
4.899636776653060188e+00 4.669071350097656250e+02
4.903071502749557276e+00 4.510038146972656250e+02
4.906506228846054363e+00 4.389235534667968750e+02
4.909940954942551450e+00 4.373250122070312500e+02
4.913375681039048537e+00 4.316004333496093750e+02
4.916810407135545624e+00 4.284359130859375000e+02
4.920245133232042711e+00 4.284382019042968750e+02
4.923679859328539798e+00 4.351606445312500000e+02
4.927114585425036886e+00 4.374113464355468750e+02
4.930549311521533973e+00 4.384121704101562500e+02
4.933984037618031060e+00 4.376585693359375000e+02
4.937418763714528147e+00 4.348973999023437500e+02
4.940853489811025234e+00 4.302344055175781250e+02
4.944288215907522321e+00 4.297473754882812500e+02
4.947722942004018520e+00 4.311519470214843750e+02
4.951157668100516496e+00 4.325320434570312500e+02
4.954592394197013583e+00 4.363220214843750000e+02
4.958027120293509782e+00 4.456468505859375000e+02
4.961461846390007757e+00 4.555232849121093750e+02
4.964896572486504844e+00 4.611055908203125000e+02
4.968331298583001043e+00 4.546822814941406250e+02
4.971766024679498130e+00 4.395053710937500000e+02
4.975200750775996106e+00 4.216096191406250000e+02
4.978635476872492305e+00 4.131225891113281250e+02
4.982070202968989392e+00 4.093055419921875000e+02
4.985504929065487367e+00 4.077293701171875000e+02
4.988939655161983566e+00 4.067585754394531250e+02
4.992374381258480653e+00 4.088026733398437500e+02
4.995809107354978629e+00 4.106257629394531250e+02
4.999243833451474828e+00 4.117460632324218750e+02
5.002678559547971915e+00 4.129773559570312500e+02
5.006113285644469002e+00 4.179862976074218750e+02
5.009548011740966089e+00 4.223599548339843750e+02
5.012982737837463176e+00 4.186411743164062500e+02
5.016417463933960263e+00 4.177139282226562500e+02
5.019852190030457351e+00 4.216042175292968750e+02
5.023286916126954438e+00 4.324338378906250000e+02
5.026721642223451525e+00 4.388050842285156250e+02
5.030156368319948612e+00 4.446857299804687500e+02
5.033591094416445699e+00 4.478667297363281250e+02
5.037025820512942786e+00 4.514923706054687500e+02
5.040460546609439874e+00 4.506856689453125000e+02
5.043895272705936961e+00 4.525719909667968750e+02
5.047329998802434048e+00 4.471179199218750000e+02
5.050764724898931135e+00 4.401508789062500000e+02
5.054199450995428222e+00 4.296958618164062500e+02
5.057634177091925309e+00 4.178222351074218750e+02
5.061068903188422397e+00 4.096220397949218750e+02
5.064503629284919484e+00 4.063609619140625000e+02
5.067938355381415683e+00 4.143825378417968750e+02
5.071373081477913658e+00 4.192652587890625000e+02
5.074807807574410745e+00 4.185861816406250000e+02
5.078242533670906944e+00 4.155791015625000000e+02
5.081677259767404919e+00 4.124862670898437500e+02
5.085111985863902007e+00 4.140200805664062500e+02
5.088546711960398206e+00 4.101450500488281250e+02
5.091981438056896181e+00 4.112979736328125000e+02
5.095416164153392380e+00 4.052834777832031250e+02
5.098850890249889467e+00 4.036704406738281250e+02
5.102285616346387442e+00 4.011456298828125000e+02
5.105720342442883641e+00 4.043189086914062500e+02
5.109155068539380729e+00 4.075883483886718750e+02
5.112589794635878704e+00 4.071197814941406250e+02
5.116024520732374903e+00 4.059670104980468750e+02
5.119459246828871990e+00 4.043688964843750000e+02
5.122893972925369965e+00 4.042159118652343750e+02
5.126328699021866164e+00 4.045181274414062500e+02
5.129763425118363251e+00 4.047141723632812500e+02
5.133198151214861227e+00 4.021986389160156250e+02
5.136632877311357426e+00 3.998793029785156250e+02
5.140067603407854513e+00 3.982810974121093750e+02
5.143502329504352488e+00 4.008506774902343750e+02
5.146937055600848687e+00 4.024399719238281250e+02
5.150371781697345774e+00 4.002278137207031250e+02
5.153806507793842862e+00 4.020533447265625000e+02
5.157241233890339949e+00 4.076359252929687500e+02
5.160675959986837036e+00 4.163771057128906250e+02
5.164110686083334123e+00 4.217201843261718750e+02
5.167545412179831210e+00 4.231748962402343750e+02
5.170980138276328297e+00 4.224049377441406250e+02
5.174414864372825384e+00 4.139067077636718750e+02
5.177849590469322472e+00 4.050720825195312500e+02
5.181284316565819559e+00 3.939200744628906250e+02
5.184719042662315758e+00 3.955767211914062500e+02
5.188153768758813733e+00 3.961887207031250000e+02
5.191588494855310820e+00 4.012940063476562500e+02
5.195023220951807019e+00 3.986994323730468750e+02
5.198457947048304995e+00 3.996135864257812500e+02
5.201892673144802082e+00 4.076885375976562500e+02
5.205327399241298281e+00 4.246055297851562500e+02
5.208762125337796256e+00 4.470287780761718750e+02
5.212196851434293343e+00 4.639190368652343750e+02
5.215631577530789542e+00 4.775726623535156250e+02
5.219066303627287517e+00 4.789335632324218750e+02
5.222501029723784605e+00 4.703934936523437500e+02
5.225935755820280804e+00 4.524273071289062500e+02
5.229370481916778779e+00 4.309187011718750000e+02
5.232805208013275866e+00 4.177355041503906250e+02
5.236239934109772065e+00 4.058932495117187500e+02
5.239674660206269152e+00 4.003419799804687500e+02
5.243109386302767128e+00 3.981871032714843750e+02
5.246544112399263327e+00 3.998082580566406250e+02
5.249978838495760414e+00 4.025253906250000000e+02
5.253413564592257501e+00 4.005771484375000000e+02
5.256848290688754588e+00 4.038453979492187500e+02
5.260283016785251675e+00 4.052262268066406250e+02
5.263717742881748762e+00 4.058631286621093750e+02
5.267152468978245849e+00 3.995049133300781250e+02
5.270587195074742937e+00 3.966112670898437500e+02
5.274021921171240024e+00 3.971396484375000000e+02
5.277456647267737111e+00 4.018559265136718750e+02
5.280891373364234198e+00 4.116788330078125000e+02
5.284326099460731285e+00 4.191199645996093750e+02
5.287760825557228372e+00 4.203655395507812500e+02
5.291195551653725460e+00 4.150702819824218750e+02
5.294630277750222547e+00 4.089051513671875000e+02
5.298065003846719634e+00 4.026293029785156250e+02
5.301499729943216721e+00 3.965774536132812500e+02
5.304934456039713808e+00 3.929444885253906250e+02
5.308369182136210895e+00 3.923632202148437500e+02
5.311803908232707983e+00 3.948648071289062500e+02
5.315238634329205070e+00 3.961110839843750000e+02
5.318673360425702157e+00 4.038430786132812500e+02
5.322108086522199244e+00 4.105056457519531250e+02
5.325542812618695443e+00 4.132563171386718750e+02
5.328977538715193418e+00 4.083106079101562500e+02
5.332412264811690505e+00 4.065075378417968750e+02
5.335846990908186704e+00 4.136103515625000000e+02
5.339281717004684680e+00 4.258380126953125000e+02
5.342716443101180879e+00 4.415700378417968750e+02
5.346151169197677966e+00 4.565397644042968750e+02
5.349585895294175941e+00 4.676913452148437500e+02
5.353020621390672140e+00 4.729623718261718750e+02
5.356455347487169227e+00 4.676077575683593750e+02
5.359890073583667203e+00 4.542483825683593750e+02
5.363324799680163402e+00 4.346192932128906250e+02
5.366759525776660489e+00 4.161238403320312500e+02
5.370194251873158464e+00 4.017246704101562500e+02
5.373628977969654663e+00 3.959867858886718750e+02
5.377063704066151750e+00 3.947866821289062500e+02
5.380498430162649726e+00 3.945117797851562500e+02
5.383933156259145925e+00 3.905471496582031250e+02
5.387367882355643012e+00 3.860699768066406250e+02
5.390802608452140987e+00 3.819905090332031250e+02
5.394237334548637186e+00 3.859622497558593750e+02
5.397672060645134273e+00 3.907640380859375000e+02
5.401106786741632249e+00 3.956133422851562500e+02
5.404541512838128448e+00 3.959489440917968750e+02
5.407976238934625535e+00 3.961813964843750000e+02
5.411410965031122622e+00 3.943991394042968750e+02
5.414845691127619709e+00 3.941888427734375000e+02
5.418280417224116796e+00 3.992295837402343750e+02
5.421715143320613883e+00 4.062370605468750000e+02
5.425149869417110970e+00 4.110677795410156250e+02
5.428584595513608058e+00 4.102998352050781250e+02
5.432019321610104257e+00 4.085622253417968750e+02
5.435454047706602232e+00 4.070048828125000000e+02
5.438888773803099319e+00 4.061081237792968750e+02
5.442323499899595518e+00 4.039557495117187500e+02
5.445758225996093493e+00 3.990954895019531250e+02
5.449192952092590581e+00 3.933173522949218750e+02
5.452627678189086780e+00 3.920644531250000000e+02
5.456062404285584755e+00 3.904312744140625000e+02
5.459497130382081842e+00 3.912360534667968750e+02
5.462931856478578041e+00 3.898666076660156250e+02
5.466366582575076016e+00 3.941906738281250000e+02
5.469801308671573103e+00 4.038578186035156250e+02
5.473236034768069302e+00 4.174855957031250000e+02
5.476670760864567278e+00 4.312382507324218750e+02
5.480105486961064365e+00 4.397806396484375000e+02
5.483540213057560564e+00 4.446651916503906250e+02
5.486974939154058539e+00 4.424161987304687500e+02
5.490409665250555626e+00 4.358012695312500000e+02
5.493844391347051825e+00 4.240935974121093750e+02
5.497279117443548913e+00 4.121578674316406250e+02
5.500713843540046000e+00 4.017670898437500000e+02
5.504148569636543087e+00 3.966196594238281250e+02
5.507583295733040174e+00 3.972198791503906250e+02
5.511018021829537261e+00 3.977501220703125000e+02
5.514452747926034348e+00 3.961727294921875000e+02
5.517887474022531435e+00 3.924399108886718750e+02
5.521322200119028523e+00 3.922513122558593750e+02
5.524756926215525610e+00 3.949371948242187500e+02
5.528191652312022697e+00 3.972279357910156250e+02
5.531626378408519784e+00 3.954723510742187500e+02
5.535061104505016871e+00 3.970154724121093750e+02
5.538495830601513958e+00 3.966921997070312500e+02
5.541930556698011046e+00 3.958395996093750000e+02
5.545365282794508133e+00 3.963340148925781250e+02
5.548800008891005220e+00 3.951130371093750000e+02
5.552234734987502307e+00 3.980560607910156250e+02
5.555669461083999394e+00 3.995945739746093750e+02
5.559104187180496481e+00 4.050700378417968750e+02
5.562538913276993569e+00 4.046325378417968750e+02
5.565973639373490656e+00 4.051575317382812500e+02
5.569408365469987743e+00 4.007781372070312500e+02
5.572843091566484830e+00 3.998375244140625000e+02
5.576277817662981917e+00 3.952285156250000000e+02
5.579712543759479004e+00 3.910315551757812500e+02
5.583147269855976091e+00 3.874049682617187500e+02
5.586581995952473179e+00 3.865491943359375000e+02
5.590016722048969378e+00 3.879049072265625000e+02
5.593451448145466465e+00 3.902183227539062500e+02
5.596886174241964440e+00 3.880246276855468750e+02
5.600320900338460639e+00 3.855890502929687500e+02
5.603755626434957726e+00 3.838333435058593750e+02
5.607190352531455702e+00 3.887663269042968750e+02
5.610625078627951901e+00 3.892168884277343750e+02
5.614059804724448988e+00 3.855174255371093750e+02
5.617494530820946963e+00 3.799058532714843750e+02
5.620929256917443162e+00 3.772702636718750000e+02
5.624363983013940249e+00 3.781243591308593750e+02
5.627798709110438224e+00 3.774263305664062500e+02
5.631233435206934423e+00 3.792651062011718750e+02
5.634668161303431511e+00 3.828975219726562500e+02
5.638102887399929486e+00 3.825686035156250000e+02
5.641537613496425685e+00 3.815892028808593750e+02
5.644972339592922772e+00 3.813998107910156250e+02
5.648407065689419859e+00 3.867654113769531250e+02
5.651841791785916946e+00 3.861227111816406250e+02
5.655276517882414034e+00 3.830658569335937500e+02
5.658711243978911121e+00 3.789305114746093750e+02
5.662145970075408208e+00 3.826712036132812500e+02
5.665580696171905295e+00 3.865761108398437500e+02
5.669015422268402382e+00 3.881235046386718750e+02
5.672450148364899469e+00 3.898384399414062500e+02
5.675884874461396556e+00 3.907246093750000000e+02
5.679319600557892755e+00 3.972778320312500000e+02
5.682754326654390731e+00 4.001732177734375000e+02
5.686189052750887818e+00 4.066711730957031250e+02
5.689623778847384017e+00 4.134037475585937500e+02
5.693058504943881992e+00 4.233417663574218750e+02
5.696493231040379079e+00 4.230506286621093750e+02
5.699927957136875278e+00 4.216200561523437500e+02
5.703362683233373254e+00 4.193459167480468750e+02
5.706797409329870341e+00 4.259768066406250000e+02
5.710232135426366540e+00 4.331715698242187500e+02
5.713666861522864515e+00 4.416828002929687500e+02
5.717101587619361602e+00 4.464962768554687500e+02
5.720536313715857801e+00 4.447190856933593750e+02
5.723971039812355777e+00 4.395541381835937500e+02
5.727405765908852864e+00 4.305119018554687500e+02
5.730840492005349063e+00 4.198419799804687500e+02
5.734275218101847038e+00 4.095194702148437500e+02
5.737709944198343237e+00 3.994638366699218750e+02
5.741144670294840324e+00 3.924341125488281250e+02
5.744579396391338300e+00 3.837087097167968750e+02
5.748014122487834499e+00 3.807067260742187500e+02
5.751448848584331586e+00 3.796613464355468750e+02
5.754883574680829561e+00 3.805844116210937500e+02
5.758318300777325760e+00 3.826056213378906250e+02
5.761753026873822847e+00 3.850694580078125000e+02
5.765187752970319934e+00 3.856003417968750000e+02
5.768622479066817021e+00 3.807651062011718750e+02
5.772057205163314109e+00 3.749978027343750000e+02
5.775491931259811196e+00 3.704348144531250000e+02
5.778926657356308283e+00 3.713034362792968750e+02
5.782361383452805370e+00 3.713798217773437500e+02
5.785796109549302457e+00 3.757822875976562500e+02
5.789230835645799544e+00 3.777780456542968750e+02
5.792665561742296632e+00 3.834942321777343750e+02
5.796100287838793719e+00 3.815376586914062500e+02
5.799535013935290806e+00 3.754992675781250000e+02
5.802969740031787893e+00 3.710983276367187500e+02
5.806404466128284980e+00 3.713098449707031250e+02
5.809839192224782067e+00 3.750739135742187500e+02
5.813273918321279154e+00 3.769790344238281250e+02
5.816708644417776242e+00 3.781187133789062500e+02
5.820143370514273329e+00 3.783071289062500000e+02
5.823578096610770416e+00 3.816698913574218750e+02
5.827012822707266615e+00 3.850485839843750000e+02
5.830447548803764590e+00 3.882532653808593750e+02
5.833882274900261677e+00 3.853512573242187500e+02
5.837317000996757876e+00 3.815794067382812500e+02
5.840751727093255852e+00 3.784535217285156250e+02
5.844186453189752939e+00 3.760848999023437500e+02
5.847621179286249138e+00 3.749632873535156250e+02
5.851055905382746225e+00 3.709689636230468750e+02
5.854490631479244200e+00 3.749857788085937500e+02
5.857925357575740399e+00 3.742804870605468750e+02
5.861360083672237486e+00 3.764667663574218750e+02
5.864794809768735462e+00 3.719506530761718750e+02
5.868229535865231661e+00 3.726186218261718750e+02
5.871664261961728748e+00 3.712146301269531250e+02
5.875098988058226723e+00 3.716309814453125000e+02
5.878533714154722922e+00 3.766392822265625000e+02
5.881968440251220009e+00 3.780392150878906250e+02
5.885403166347717985e+00 3.783270874023437500e+02
5.888837892444214184e+00 3.744078063964843750e+02
5.892272618540711271e+00 3.729288940429687500e+02
5.895707344637208358e+00 3.739858093261718750e+02
5.899142070733705445e+00 3.755714721679687500e+02
5.902576796830202532e+00 3.775102539062500000e+02
5.906011522926699620e+00 3.719954833984375000e+02
5.909446249023196707e+00 3.695126647949218750e+02
5.912880975119693794e+00 3.670075988769531250e+02
5.916315701216190881e+00 3.694038696289062500e+02
5.919750427312687968e+00 3.726703796386718750e+02
5.923185153409185055e+00 3.756780395507812500e+02
5.926619879505682142e+00 3.768047485351562500e+02
5.930054605602179230e+00 3.736932678222656250e+02
5.933489331698676317e+00 3.747008972167968750e+02
5.936924057795173404e+00 3.768563537597656250e+02
5.940358783891670491e+00 3.777305297851562500e+02
5.943793509988167578e+00 3.781672058105468750e+02
5.947228236084663777e+00 3.799613647460937500e+02
5.950662962181161753e+00 3.814090881347656250e+02
5.954097688277658840e+00 3.826468811035156250e+02
5.957532414374155039e+00 3.879492187500000000e+02
5.960967140470653014e+00 4.011217651367187500e+02
5.964401866567150101e+00 4.188767395019531250e+02
5.967836592663646300e+00 4.397753601074218750e+02
5.971271318760144275e+00 4.573361816406250000e+02
5.974706044856641363e+00 4.700035400390625000e+02
5.978140770953137562e+00 4.687780151367187500e+02
5.981575497049635537e+00 4.540305480957031250e+02
5.985010223146131736e+00 4.311232299804687500e+02
5.988444949242628823e+00 4.115725402832031250e+02
5.991879675339126798e+00 4.013849792480468750e+02
5.995314401435622997e+00 3.963086853027343750e+02
5.998749127532120085e+00 3.897320861816406250e+02
6.002183853628618060e+00 3.854896850585937500e+02
6.005618579725114259e+00 3.814927978515625000e+02
6.009053305821611346e+00 3.837674255371093750e+02
6.012488031918109321e+00 3.799251403808593750e+02
6.015922758014605520e+00 3.775261840820312500e+02
6.019357484111102607e+00 3.799820861816406250e+02
6.022792210207600583e+00 3.871712036132812500e+02
6.026226936304096782e+00 3.864480590820312500e+02
6.029661662400593869e+00 3.800675659179687500e+02
6.033096388497090956e+00 3.742232971191406250e+02
6.036531114593588043e+00 3.765414733886718750e+02
6.039965840690085130e+00 3.765527343750000000e+02
6.043400566786582218e+00 3.786397094726562500e+02
6.046835292883079305e+00 3.787310791015625000e+02
6.050270018979576392e+00 3.809227600097656250e+02
6.053704745076073479e+00 3.827719421386718750e+02
6.057139471172570566e+00 3.883934631347656250e+02
6.060574197269067653e+00 3.926579589843750000e+02
6.064008923365564740e+00 3.945181274414062500e+02
6.067443649462061828e+00 3.944550476074218750e+02
6.070878375558558915e+00 3.957924804687500000e+02
6.074313101655055114e+00 3.957371826171875000e+02
6.077747827751553089e+00 3.938980102539062500e+02
6.081182553848050176e+00 3.894836425781250000e+02
6.084617279944546375e+00 3.853711853027343750e+02
6.088052006041044351e+00 3.785436401367187500e+02
6.091486732137541438e+00 3.767529602050781250e+02
6.094921458234037637e+00 3.735665893554687500e+02
6.098356184330535612e+00 3.724156494140625000e+02
6.101790910427032699e+00 3.685569152832031250e+02
6.105225636523528898e+00 3.693127136230468750e+02
6.108660362620026874e+00 3.708079528808593750e+02
6.112095088716523961e+00 3.727276916503906250e+02
6.115529814813020160e+00 3.726025390625000000e+02
6.118964540909517247e+00 3.734900512695312500e+02
6.122399267006015222e+00 3.739794311523437500e+02
6.125833993102511421e+00 3.734650573730468750e+02
6.129268719199008508e+00 3.706721801757812500e+02
6.132703445295506484e+00 3.669689025878906250e+02
6.136138171392002683e+00 3.670335083007812500e+02
6.139572897488499770e+00 3.728273010253906250e+02
6.143007623584996857e+00 3.778378295898437500e+02
6.146442349681493944e+00 3.849419250488281250e+02
6.149877075777991031e+00 3.889452819824218750e+02
6.153311801874488118e+00 3.882677001953125000e+02
6.156746527970985206e+00 3.808357543945312500e+02
6.160181254067482293e+00 3.753093872070312500e+02
6.163615980163979380e+00 3.728627014160156250e+02
6.167050706260476467e+00 3.716302185058593750e+02
6.170485432356973554e+00 3.702428283691406250e+02
6.173920158453470641e+00 3.691884765625000000e+02
6.177354884549967728e+00 3.680786743164062500e+02
6.180789610646464816e+00 3.676738891601562500e+02
6.184224336742961903e+00 3.695666503906250000e+02
6.187659062839458990e+00 3.679753417968750000e+02
6.191093788935956077e+00 3.625542297363281250e+02
6.194528515032453164e+00 3.586124267578125000e+02
6.197963241128950251e+00 3.560068969726562500e+02
6.201397967225447339e+00 3.584906005859375000e+02
6.204832693321943538e+00 3.569570007324218750e+02
6.208267419418441513e+00 3.599635314941406250e+02
6.211702145514938600e+00 3.606373596191406250e+02
6.215136871611434799e+00 3.657152404785156250e+02
6.218571597707932774e+00 3.677155151367187500e+02
6.222006323804429861e+00 3.677504577636718750e+02
6.225441049900926060e+00 3.666723022460937500e+02
6.228875775997424036e+00 3.632671203613281250e+02
6.232310502093920235e+00 3.593910522460937500e+02
6.235745228190417322e+00 3.558789062500000000e+02
6.239179954286915297e+00 3.555447692871093750e+02
6.242614680383411496e+00 3.609904174804687500e+02
6.246049406479908583e+00 3.671645202636718750e+02
6.249484132576406559e+00 3.699631958007812500e+02
6.252918858672902758e+00 3.673706665039062500e+02
6.256353584769399845e+00 3.626492614746093750e+02
6.259788310865897820e+00 3.625850219726562500e+02
6.263223036962394019e+00 3.688407592773437500e+02
6.266657763058891106e+00 3.817805480957031250e+02
6.270092489155389082e+00 3.932868041992187500e+02
6.273527215251885281e+00 3.980722351074218750e+02
6.276961941348382368e+00 3.992597351074218750e+02
6.280396667444880343e+00 4.051773071289062500e+02
6.283831393541376542e+00 4.125305175781250000e+02
6.287266119637873629e+00 4.233222961425781250e+02
6.290700845734370716e+00 4.343855895996093750e+02
6.294135571830867804e+00 4.544757080078125000e+02
6.297570297927364891e+00 4.817746276855468750e+02
6.301005024023861978e+00 5.002261352539062500e+02
6.304439750120359065e+00 5.040711059570312500e+02
6.307874476216856152e+00 4.749972839355468750e+02
6.311309202313353239e+00 4.395769653320312500e+02
6.314743928409850326e+00 4.047732849121093750e+02
6.318178654506347414e+00 3.852546997070312500e+02
6.321613380602843613e+00 3.761356506347656250e+02
6.325048106699341588e+00 3.738792724609375000e+02
6.328482832795838675e+00 3.771702880859375000e+02
6.331917558892334874e+00 3.813392944335937500e+02
6.335352284988832849e+00 3.890318603515625000e+02
6.338787011085329937e+00 3.938311157226562500e+02
6.342221737181826136e+00 3.943296813964843750e+02
6.345656463278324111e+00 3.859909973144531250e+02
6.349091189374821198e+00 3.763905334472656250e+02
6.352525915471317397e+00 3.711834106445312500e+02
6.355960641567815372e+00 3.659063720703125000e+02
6.359395367664312460e+00 3.640154418945312500e+02
6.362830093760808658e+00 3.596407470703125000e+02
6.366264819857306634e+00 3.540605468750000000e+02
6.369699545953803721e+00 3.547803344726562500e+02
6.373134272050299920e+00 3.548190917968750000e+02
6.376568998146797007e+00 3.582159423828125000e+02
6.380003724243294982e+00 3.586286926269531250e+02
6.383438450339791181e+00 3.609488220214843750e+02
6.386873176436288269e+00 3.620863647460937500e+02
6.390307902532785356e+00 3.581268310546875000e+02
6.393742628629282443e+00 3.601164550781250000e+02
6.397177354725779530e+00 3.601499633789062500e+02
6.400612080822276617e+00 3.605413208007812500e+02
6.404046806918773704e+00 3.576811218261718750e+02
6.407481533015270792e+00 3.598977050781250000e+02
6.410916259111767879e+00 3.670234375000000000e+02
6.414350985208264966e+00 3.690010681152343750e+02
6.417785711304762053e+00 3.728196105957031250e+02
6.421220437401259140e+00 3.773908996582031250e+02
6.424655163497756227e+00 3.867352600097656250e+02
6.428089889594253314e+00 3.933606872558593750e+02
6.431524615690750402e+00 3.934929199218750000e+02
6.434959341787247489e+00 3.916076660156250000e+02
6.438394067883744576e+00 3.847172851562500000e+02
6.441828793980241663e+00 3.778245849609375000e+02
6.445263520076738750e+00 3.708458862304687500e+02
6.448698246173235837e+00 3.661359863281250000e+02
6.452132972269732925e+00 3.618292541503906250e+02
6.455567698366230012e+00 3.553742980957031250e+02
6.459002424462727099e+00 3.566283264160156250e+02
6.462437150559224186e+00 3.606528930664062500e+02
6.465871876655721273e+00 3.629165649414062500e+02
6.469306602752218360e+00 3.560799865722656250e+02
6.472741328848714559e+00 3.506188354492187500e+02
6.476176054945212535e+00 3.477350463867187500e+02
6.479610781041708734e+00 3.494596862792968750e+02
6.483045507138205821e+00 3.501498107910156250e+02
6.486480233234703796e+00 3.525789794921875000e+02
6.489914959331199995e+00 3.551293334960937500e+02
6.493349685427697082e+00 3.555068054199218750e+02
6.496784411524195058e+00 3.538954467773437500e+02
6.500219137620691257e+00 3.538665771484375000e+02
6.503653863717188344e+00 3.532187500000000000e+02
6.507088589813686319e+00 3.540492248535156250e+02
6.510523315910182518e+00 3.559422912597656250e+02
6.513958042006679605e+00 3.582465820312500000e+02
6.517392768103177580e+00 3.592470703125000000e+02
6.520827494199673779e+00 3.579736328125000000e+02
6.524262220296170867e+00 3.572980651855468750e+02
6.527696946392668842e+00 3.527472229003906250e+02
6.531131672489165041e+00 3.519240417480468750e+02
6.534566398585662128e+00 3.518744201660156250e+02
6.538001124682159215e+00 3.535676879882812500e+02
6.541435850778656302e+00 3.548812866210937500e+02
6.544870576875153390e+00 3.559797668457031250e+02
6.548305302971650477e+00 3.546351623535156250e+02
6.551740029068147564e+00 3.498283386230468750e+02
6.555174755164644651e+00 3.446107482910156250e+02
6.558609481261141738e+00 3.407029724121093750e+02
6.562044207357638825e+00 3.423781738281250000e+02
6.565478933454135912e+00 3.462897033691406250e+02
6.568913659550632111e+00 3.481839599609375000e+02
6.572348385647130087e+00 3.498830871582031250e+02
6.575783111743627174e+00 3.492260742187500000e+02
6.579217837840123373e+00 3.515420837402343750e+02
6.582652563936621348e+00 3.487980651855468750e+02
6.586087290033118435e+00 3.506051635742187500e+02
6.589522016129614634e+00 3.541448669433593750e+02
6.592956742226112610e+00 3.611206665039062500e+02
6.596391468322609697e+00 3.624544982910156250e+02
6.599826194419105896e+00 3.634751586914062500e+02
6.603260920515603871e+00 3.594145202636718750e+02
6.606695646612100958e+00 3.530053405761718750e+02
6.610130372708597157e+00 3.453565979003906250e+02
6.613565098805095133e+00 3.472426147460937500e+02
6.616999824901592220e+00 3.504818115234375000e+02
6.620434550998088419e+00 3.549005126953125000e+02
6.623869277094586394e+00 3.507175292968750000e+02
6.627304003191082593e+00 3.439334411621093750e+02
6.630738729287579680e+00 3.361073608398437500e+02
6.634173455384077656e+00 3.352472229003906250e+02
6.637608181480573855e+00 3.380927734375000000e+02
6.641042907577070942e+00 3.417020263671875000e+02
6.644477633673568029e+00 3.467456665039062500e+02
6.647912359770065116e+00 3.484093017578125000e+02
6.651347085866562203e+00 3.481022949218750000e+02
6.654781811963059290e+00 3.431232299804687500e+02
6.658216538059556378e+00 3.400968017578125000e+02
6.661651264156053465e+00 3.375269775390625000e+02
6.665085990252550552e+00 3.403218688964843750e+02
6.668520716349047639e+00 3.417017517089843750e+02
6.671955442445544726e+00 3.447678222656250000e+02
6.675390168542041813e+00 3.478064575195312500e+02
6.678824894638538900e+00 3.567571105957031250e+02
6.682259620735035988e+00 3.693721008300781250e+02
6.685694346831533075e+00 3.772608642578125000e+02
6.689129072928030162e+00 3.763648986816406250e+02
6.692563799024527249e+00 3.716605224609375000e+02
6.695998525121024336e+00 3.656003417968750000e+02
6.699433251217521423e+00 3.576539306640625000e+02
6.702867977314018511e+00 3.491767272949218750e+02
6.706302703410515598e+00 3.451917419433593750e+02
6.709737429507012685e+00 3.442028503417968750e+02
6.713172155603509772e+00 3.425626525878906250e+02
6.716606881700005971e+00 3.442786865234375000e+02
6.720041607796503946e+00 3.434426269531250000e+02
6.723476333893001033e+00 3.420211486816406250e+02
6.726911059989497232e+00 3.379626159667968750e+02
6.730345786085994320e+00 3.392114562988281250e+02
6.733780512182492295e+00 3.433675842285156250e+02
6.737215238278988494e+00 3.460411987304687500e+02
6.740649964375485581e+00 3.450730590820312500e+02
6.744084690471983556e+00 3.391510314941406250e+02
6.747519416568479755e+00 3.381872558593750000e+02
6.750954142664976843e+00 3.338352355957031250e+02
6.754388868761474818e+00 3.362998046875000000e+02
6.757823594857971017e+00 3.373493347167968750e+02
6.761258320954468104e+00 3.447529602050781250e+02
6.764693047050966079e+00 3.530320434570312500e+02
6.768127773147462278e+00 3.579561767578125000e+02
6.771562499243959365e+00 3.555385131835937500e+02
6.774997225340457341e+00 3.501252136230468750e+02
6.778431951436953540e+00 3.459515686035156250e+02
6.781866677533450627e+00 3.408272399902343750e+02
6.785301403629947714e+00 3.356446533203125000e+02
6.788736129726444801e+00 3.386628417968750000e+02
6.792170855822941888e+00 3.466633911132812500e+02
6.795605581919438976e+00 3.529057922363281250e+02
6.799040308015936063e+00 3.592189025878906250e+02
6.802475034112433150e+00 3.665444030761718750e+02
6.805909760208930237e+00 3.695037841796875000e+02
6.809344486305427324e+00 3.689837036132812500e+02
6.812779212401924411e+00 3.675821838378906250e+02
6.816213938498421498e+00 3.669404296875000000e+02
6.819648664594918586e+00 3.641031188964843750e+02
6.823083390691415673e+00 3.559609375000000000e+02
6.826518116787911872e+00 3.467610778808593750e+02
6.829952842884409847e+00 3.450473327636718750e+02
6.833387568980906934e+00 3.478301391601562500e+02
6.836822295077403133e+00 3.492901611328125000e+02
6.840257021173901109e+00 3.462605590820312500e+02
6.843691747270398196e+00 3.424841613769531250e+02
6.847126473366894395e+00 3.408992614746093750e+02
6.850561199463392370e+00 3.414749450683593750e+02
6.853995925559889457e+00 3.401996459960937500e+02
6.857430651656385656e+00 3.421485900878906250e+02
6.860865377752883632e+00 3.459769897460937500e+02
6.864300103849380719e+00 3.493904724121093750e+02
6.867734829945876918e+00 3.473962097167968750e+02
6.871169556042374893e+00 3.408293762207031250e+02
6.874604282138871092e+00 3.411861572265625000e+02
6.878039008235368179e+00 3.375976257324218750e+02
6.881473734331866154e+00 3.376876831054687500e+02
6.884908460428362353e+00 3.319015502929687500e+02
6.888343186524859441e+00 3.349654846191406250e+02
6.891777912621357416e+00 3.352154846191406250e+02
6.895212638717853615e+00 3.381303100585937500e+02
6.898647364814350702e+00 3.390841979980468750e+02
6.902082090910848677e+00 3.397790222167968750e+02
6.905516817007344876e+00 3.381720275878906250e+02
6.908951543103841964e+00 3.340674438476562500e+02
6.912386269200339051e+00 3.328226013183593750e+02
6.915820995296836138e+00 3.330711059570312500e+02
6.919255721393333225e+00 3.360275573730468750e+02
6.922690447489830312e+00 3.389098205566406250e+02
6.926125173586327399e+00 3.364669799804687500e+02
6.929559899682824486e+00 3.326352844238281250e+02
6.932994625779321574e+00 3.342141418457031250e+02
6.936429351875818661e+00 3.403496704101562500e+02
6.939864077972315748e+00 3.504855957031250000e+02
6.943298804068812835e+00 3.586220703125000000e+02
6.946733530165309922e+00 3.601849060058593750e+02
6.950168256261807009e+00 3.580429687500000000e+02
6.953602982358304097e+00 3.509480285644531250e+02
6.957037708454801184e+00 3.473260192871093750e+02
6.960472434551298271e+00 3.418604125976562500e+02
6.963907160647794470e+00 3.394192504882812500e+02
6.967341886744292445e+00 3.372614135742187500e+02
6.970776612840789532e+00 3.372918701171875000e+02
6.974211338937285731e+00 3.375598449707031250e+02
6.977646065033783707e+00 3.426024780273437500e+02
6.981080791130280794e+00 3.446065368652343750e+02
6.984515517226776993e+00 3.432620544433593750e+02
6.987950243323274968e+00 3.400401306152343750e+02
6.991384969419772055e+00 3.395512695312500000e+02
6.994819695516268254e+00 3.373832702636718750e+02
6.998254421612765341e+00 3.311825866699218750e+02
7.001689147709263317e+00 3.313013916015625000e+02
7.005123873805759516e+00 3.340578002929687500e+02
7.008558599902256603e+00 3.393467102050781250e+02
7.011993325998754578e+00 3.383328857421875000e+02
7.015428052095250777e+00 3.371342468261718750e+02
7.018862778191747864e+00 3.332908630371093750e+02
7.022297504288245840e+00 3.359363098144531250e+02
7.025732230384742039e+00 3.404020690917968750e+02
7.029166956481239126e+00 3.481861572265625000e+02
7.032601682577736213e+00 3.468290405273437500e+02
7.036036408674233300e+00 3.455867309570312500e+02
7.039471134770730387e+00 3.373854675292968750e+02
7.042905860867227474e+00 3.388477478027343750e+02
7.046340586963724562e+00 3.352091979980468750e+02
7.049775313060221649e+00 3.335657043457031250e+02
7.053210039156718736e+00 3.296029968261718750e+02
7.056644765253215823e+00 3.304109191894531250e+02
7.060079491349712910e+00 3.308557128906250000e+02
7.063514217446209997e+00 3.335404663085937500e+02
7.066948943542707084e+00 3.334455871582031250e+02
7.070383669639204172e+00 3.385791931152343750e+02
7.073818395735701259e+00 3.428310241699218750e+02
7.077253121832198346e+00 3.472703857421875000e+02
7.080687847928695433e+00 3.517321472167968750e+02
7.084122574025191632e+00 3.560399780273437500e+02
7.087557300121689607e+00 3.591368103027343750e+02
7.090992026218186695e+00 3.594856872558593750e+02
7.094426752314682894e+00 3.605929870605468750e+02
7.097861478411180869e+00 3.619429321289062500e+02
7.101296204507677956e+00 3.576501464843750000e+02
7.104730930604174155e+00 3.502941284179687500e+02
7.108165656700672130e+00 3.420823059082031250e+02
7.111600382797169217e+00 3.364295349121093750e+02
7.115035108893665416e+00 3.308503112792968750e+02
7.118469834990163392e+00 3.336325683593750000e+02
7.121904561086659591e+00 3.368515014648437500e+02
7.125339287183156678e+00 3.386873474121093750e+02
7.128774013279654653e+00 3.354284973144531250e+02
7.132208739376150852e+00 3.323134155273437500e+02
7.135643465472647939e+00 3.295343627929687500e+02
7.139078191569145915e+00 3.272373352050781250e+02
7.142512917665642114e+00 3.253052978515625000e+02
7.145947643762139201e+00 3.270278930664062500e+02
7.149382369858637176e+00 3.266272583007812500e+02
7.152817095955133375e+00 3.310660400390625000e+02
7.156251822051630462e+00 3.313975219726562500e+02
7.159686548148128438e+00 3.344244995117187500e+02
7.163121274244624637e+00 3.354346313476562500e+02
7.166556000341121724e+00 3.369921569824218750e+02
7.169990726437618811e+00 3.356040344238281250e+02
7.173425452534115010e+00 3.307648925781250000e+02
7.176860178630613873e+00 3.316716613769531250e+02
7.180294904727110072e+00 3.326271057128906250e+02
7.183729630823607160e+00 3.321568908691406250e+02
7.187164356920104247e+00 3.282659606933593750e+02
7.190599083016601334e+00 3.276771545410156250e+02
7.194033809113097533e+00 3.266963806152343750e+02
7.197468535209596396e+00 3.227745666503906250e+02
7.200903261306092595e+00 3.199168701171875000e+02
7.204337987402589683e+00 3.162963562011718750e+02
7.207772713499086770e+00 3.120378417968750000e+02
7.211207439595582969e+00 3.111255493164062500e+02
7.214642165692080056e+00 3.164596557617187500e+02
7.218076891788577143e+00 3.233843994140625000e+02
7.221511617885075118e+00 3.193890686035156250e+02
7.224946343981572205e+00 3.193103942871093750e+02
7.228381070078069293e+00 3.152386779785156250e+02
7.231815796174565492e+00 3.180788879394531250e+02
7.235250522271062579e+00 3.139062805175781250e+02
7.238685248367559666e+00 3.168683776855468750e+02
7.242119974464057641e+00 3.172575988769531250e+02
7.245554700560554728e+00 3.173706359863281250e+02
7.248989426657051816e+00 3.183059997558593750e+02
7.252424152753548015e+00 3.209951477050781250e+02
7.255858878850045102e+00 3.222252197265625000e+02
7.259293604946542189e+00 3.216544799804687500e+02
7.262728331043040164e+00 3.224687805175781250e+02
7.266163057139537251e+00 3.206902465820312500e+02
7.269597783236033450e+00 3.205831604003906250e+02
7.273032509332530537e+00 3.185889892578125000e+02
7.276467235429027625e+00 3.198510742187500000e+02
7.279901961525524712e+00 3.180281066894531250e+02
7.283336687622022687e+00 3.206757507324218750e+02
7.286771413718519774e+00 3.220253295898437500e+02
7.290206139815015973e+00 3.239961853027343750e+02
7.293640865911513060e+00 3.227974548339843750e+02
7.297075592008010148e+00 3.224444274902343750e+02
7.300510318104506347e+00 3.253986206054687500e+02
7.303945044201003434e+00 3.238170776367187500e+02
7.307379770297502297e+00 3.221163940429687500e+02
7.310814496393998496e+00 3.161631774902343750e+02
7.314249222490495583e+00 3.170951232910156250e+02
7.317683948586992670e+00 3.167786865234375000e+02
7.321118674683488869e+00 3.184588317871093750e+02
7.324553400779985957e+00 3.149718627929687500e+02
7.327988126876484820e+00 3.174361267089843750e+02
7.331422852972981019e+00 3.181893920898437500e+02
7.334857579069478106e+00 3.210968933105468750e+02
7.338292305165975193e+00 3.200281982421875000e+02
7.341727031262471392e+00 3.201598815917968750e+02
7.345161757358968480e+00 3.195794372558593750e+02
7.348596483455466455e+00 3.184860839843750000e+02
7.352031209551963542e+00 3.155270996093750000e+02
7.355465935648460629e+00 3.173735351562500000e+02
7.358900661744956828e+00 3.239848937988281250e+02
7.362335387841453915e+00 3.314381408691406250e+02
7.365770113937951002e+00 3.318229675292968750e+02
7.369204840034448978e+00 3.327225952148437500e+02
7.372639566130946065e+00 3.314275207519531250e+02
7.376074292227443152e+00 3.281554870605468750e+02
7.379509018323939351e+00 3.219991149902343750e+02
7.382943744420436438e+00 3.184757690429687500e+02
7.386378470516933525e+00 3.159425354003906250e+02
7.389813196613429724e+00 3.165307922363281250e+02
7.393247922709928588e+00 3.248181152343750000e+02
7.396682648806425675e+00 3.281244812011718750e+02
7.400117374902921874e+00 3.313958129882812500e+02
7.403552100999418961e+00 3.248102722167968750e+02
7.406986827095916048e+00 3.213836669921875000e+02
7.410421553192412247e+00 3.185947875976562500e+02
7.413856279288911111e+00 3.214363098144531250e+02
7.417291005385408198e+00 3.242042846679687500e+02
7.420725731481904397e+00 3.287623596191406250e+02
7.424160457578401484e+00 3.276036682128906250e+02
7.427595183674898571e+00 3.253770446777343750e+02
7.431029909771394770e+00 3.192798461914062500e+02
7.434464635867893634e+00 3.141568298339843750e+02
7.437899361964389833e+00 3.164977416992187500e+02
7.441334088060886920e+00 3.172012939453125000e+02
7.444768814157384007e+00 3.218671264648437500e+02
7.448203540253880206e+00 3.209506835937500000e+02
7.451638266350377293e+00 3.196235351562500000e+02
7.455072992446876157e+00 3.203548889160156250e+02
7.458507718543372356e+00 3.238375854492187500e+02
7.461942444639869443e+00 3.259071960449218750e+02
7.465377170736366530e+00 3.238638305664062500e+02
7.468811896832862729e+00 3.206987609863281250e+02
7.472246622929359816e+00 3.191957702636718750e+02
7.475681349025856903e+00 3.183858642578125000e+02
7.479116075122354879e+00 3.177970581054687500e+02
7.482550801218851966e+00 3.248445129394531250e+02
7.485985527315349053e+00 3.287474060058593750e+02
7.489420253411845252e+00 3.331208496093750000e+02
7.492854979508342339e+00 3.329541320800781250e+02
7.496289705604839426e+00 3.370663757324218750e+02
7.499724431701337402e+00 3.478815612792968750e+02
7.503159157797834489e+00 3.660779418945312500e+02
7.506593883894331576e+00 3.942812805175781250e+02
7.510028609990827775e+00 4.356875305175781250e+02
7.513463336087324862e+00 4.944010314941406250e+02
7.516898062183821949e+00 5.581981811523437500e+02
7.520332788280319924e+00 6.082667236328125000e+02
7.523767514376817012e+00 6.221271362304687500e+02
7.527202240473313211e+00 5.947058105468750000e+02
7.530636966569810298e+00 5.386697387695312500e+02
7.534071692666307385e+00 4.757460021972656250e+02
7.537506418762803584e+00 4.200900878906250000e+02
7.540941144859302447e+00 3.755957031250000000e+02
7.544375870955799535e+00 3.478956298828125000e+02
7.547810597052295734e+00 3.312450256347656250e+02
7.551245323148792821e+00 3.273191223144531250e+02
7.554680049245289908e+00 3.300103759765625000e+02
7.558114775341786107e+00 3.332788391113281250e+02
7.561549501438284970e+00 3.313866577148437500e+02
7.564984227534782057e+00 3.322360229492187500e+02
7.568418953631278256e+00 3.333061523437500000e+02
7.571853679727775344e+00 3.326397399902343750e+02
7.575288405824272431e+00 3.292988586425781250e+02
7.578723131920768630e+00 3.255820312500000000e+02
7.582157858017265717e+00 3.284403076171875000e+02
7.585592584113763692e+00 3.281395263671875000e+02
7.589027310210260779e+00 3.336242065429687500e+02
7.592462036306757867e+00 3.309962768554687500e+02
7.595896762403254954e+00 3.277292785644531250e+02
7.599331488499751153e+00 3.237102661132812500e+02
7.602766214596248240e+00 3.237584838867187500e+02
7.606200940692746215e+00 3.242095642089843750e+02
7.609635666789243302e+00 3.212196960449218750e+02
7.613070392885740389e+00 3.224425354003906250e+02
7.616505118982236588e+00 3.200319519042968750e+02
7.619939845078733676e+00 3.182308349609375000e+02
7.623374571175230763e+00 3.167031860351562500e+02
7.626809297271728738e+00 3.191547241210937500e+02
7.630244023368225825e+00 3.183341064453125000e+02
7.633678749464722912e+00 3.141063842773437500e+02
7.637113475561219111e+00 3.089677734375000000e+02
7.640548201657716199e+00 3.047284240722656250e+02
7.643982927754213286e+00 3.064353637695312500e+02
7.647417653850711261e+00 3.117395629882812500e+02
7.650852379947208348e+00 3.139650878906250000e+02
7.654287106043705435e+00 3.097720031738281250e+02
7.657721832140201634e+00 3.078059692382812500e+02
7.661156558236698721e+00 3.098024902343750000e+02
7.664591284333195809e+00 3.144002380371093750e+02
7.668026010429692008e+00 3.135590515136718750e+02
7.671460736526190871e+00 3.123669128417968750e+02
7.674895462622687070e+00 3.119425964355468750e+02
7.678330188719184157e+00 3.138778686523437500e+02
7.681764914815681244e+00 3.147518310546875000e+02
7.685199640912178332e+00 3.138799133300781250e+02
7.688634367008674531e+00 3.156001586914062500e+02
7.692069093105173394e+00 3.176754455566406250e+02
7.695503819201669593e+00 3.222116394042968750e+02
7.698938545298166680e+00 3.227267150878906250e+02
7.702373271394663767e+00 3.232130126953125000e+02
7.705807997491159966e+00 3.249966735839843750e+02
7.709242723587657053e+00 3.291474609375000000e+02
7.712677449684155917e+00 3.295071411132812500e+02
7.716112175780652116e+00 3.271956176757812500e+02
7.719546901877149203e+00 3.252633361816406250e+02
7.722981627973646290e+00 3.249561767578125000e+02
7.726416354070142489e+00 3.212408142089843750e+02
7.729851080166639576e+00 3.141093750000000000e+02
7.733285806263138440e+00 3.089374389648437500e+02
7.736720532359634639e+00 3.077800903320312500e+02
7.740155258456131726e+00 3.053415527343750000e+02
7.743589984552628813e+00 3.058491821289062500e+02
7.747024710649125012e+00 3.057888488769531250e+02
7.750459436745622099e+00 3.038521728515625000e+02
7.753894162842119187e+00 3.012143859863281250e+02
7.757328888938617162e+00 2.999787292480468750e+02
7.760763615035114249e+00 3.014267272949218750e+02
7.764198341131610448e+00 2.990141296386718750e+02
7.767633067228107535e+00 2.987110595703125000e+02
7.771067793324604622e+00 2.963355407714843750e+02
7.774502519421101709e+00 2.956037597656250000e+02
7.777937245517599685e+00 2.968716430664062500e+02
7.781371971614096772e+00 3.006423339843750000e+02
7.784806697710592971e+00 3.053190307617187500e+02
7.788241423807090058e+00 3.056964721679687500e+02
7.791676149903587145e+00 3.027020263671875000e+02
7.795110876000083344e+00 3.012480773925781250e+02
7.798545602096582208e+00 3.033237609863281250e+02
7.801980328193079295e+00 3.085591125488281250e+02
7.805415054289575494e+00 3.101567993164062500e+02
7.808849780386072581e+00 3.130036010742187500e+02
7.812284506482569668e+00 3.143397521972656250e+02
7.815719232579065867e+00 3.180264587402343750e+02
7.819153958675564731e+00 3.209353637695312500e+02
7.822588684772061818e+00 3.180703430175781250e+02
7.826023410868558017e+00 3.112468566894531250e+02
7.829458136965055104e+00 3.067522583007812500e+02
7.832892863061552191e+00 3.095816040039062500e+02
7.836327589158048390e+00 3.088183898925781250e+02
7.839762315254545477e+00 3.034510192871093750e+02
7.843197041351043453e+00 2.984286193847656250e+02
7.846631767447540540e+00 3.020166625976562500e+02
7.850066493544037627e+00 3.052668151855468750e+02
7.853501219640533826e+00 3.011463317871093750e+02
7.856935945737030913e+00 2.986253967285156250e+02
7.860370671833528000e+00 2.948802185058593750e+02
7.863805397930025975e+00 2.970371093750000000e+02
7.867240124026523063e+00 2.935829467773437500e+02
7.870674850123020150e+00 2.984367675781250000e+02
7.874109576219516349e+00 3.010713500976562500e+02
7.877544302316013436e+00 3.017901306152343750e+02
7.880979028412510523e+00 3.007767333984375000e+02
7.884413754509008498e+00 3.005612487792968750e+02
7.887848480605505586e+00 3.009693603515625000e+02
7.891283206702002673e+00 2.995813293457031250e+02
7.894717932798498872e+00 2.988266601562500000e+02
7.898152658894995959e+00 3.017870178222656250e+02
7.901587384991493046e+00 3.074305725097656250e+02
7.905022111087991021e+00 3.122938232421875000e+02
7.908456837184488109e+00 3.109672546386718750e+02
7.911891563280985196e+00 3.074227905273437500e+02
7.915326289377481395e+00 3.051329650878906250e+02
7.918761015473978482e+00 3.060665283203125000e+02
7.922195741570475569e+00 3.050475158691406250e+02
7.925630467666971768e+00 3.033465881347656250e+02
7.929065193763470631e+00 2.993948974609375000e+02
7.932499919859966830e+00 2.969132995605468750e+02
7.935934645956463918e+00 2.985398559570312500e+02
7.939369372052961005e+00 2.986569213867187500e+02
7.942804098149457204e+00 2.969628601074218750e+02
7.946238824245954291e+00 2.926783142089843750e+02
7.949673550342453154e+00 2.934533081054687500e+02
7.953108276438949353e+00 2.945589904785156250e+02
7.956543002535446441e+00 2.961633911132812500e+02
7.959977728631943528e+00 2.941093750000000000e+02
7.963412454728439727e+00 2.940983581542968750e+02
7.966847180824936814e+00 2.980062255859375000e+02
7.970281906921435677e+00 3.023923034667968750e+02
7.973716633017931876e+00 3.042486572265625000e+02
7.977151359114428963e+00 3.028865051269531250e+02
7.980586085210926051e+00 3.032254638671875000e+02
7.984020811307422250e+00 3.030012512207031250e+02
7.987455537403919337e+00 3.028377380371093750e+02
7.990890263500417312e+00 3.044701538085937500e+02
7.994324989596914399e+00 3.035579833984375000e+02
7.997759715693411486e+00 3.054110412597656250e+02
8.001194441789907685e+00 3.045913085937500000e+02
8.004629167886404773e+00 3.067073059082031250e+02
8.008063893982901860e+00 3.078198547363281250e+02
8.011498620079398947e+00 3.094983520507812500e+02
8.014933346175897810e+00 3.106205749511718750e+02
8.018368072272393121e+00 3.114086303710937500e+02
8.021802798368890208e+00 3.096165466308593750e+02
8.025237524465387295e+00 3.076290893554687500e+02
8.028672250561884383e+00 3.047614135742187500e+02
8.032106976658381470e+00 3.017741394042968750e+02
8.035541702754878557e+00 2.990482177734375000e+02
8.038976428851375644e+00 2.965630187988281250e+02
8.042411154947872731e+00 2.986253051757812500e+02
8.045845881044369818e+00 3.002297363281250000e+02
8.049280607140866906e+00 3.019688415527343750e+02
8.052715333237363993e+00 3.033450622558593750e+02
8.056150059333861080e+00 2.994762268066406250e+02
8.059584785430358167e+00 2.959371948242187500e+02
8.063019511526855254e+00 2.972040710449218750e+02
8.066454237623352341e+00 3.020872497558593750e+02
8.069888963719849428e+00 3.050156555175781250e+02
8.073323689816346516e+00 3.034415283203125000e+02
8.076758415912843603e+00 3.004167175292968750e+02
8.080193142009340690e+00 2.965068054199218750e+02
8.083627868105837777e+00 2.976603393554687500e+02
8.087062594202334864e+00 2.979800109863281250e+02
8.090497320298831951e+00 2.964911193847656250e+02
8.093932046395329039e+00 2.927541809082031250e+02
8.097366772491824349e+00 2.911159973144531250e+02
8.100801498588323213e+00 2.947380981445312500e+02
8.104236224684820300e+00 3.005358276367187500e+02
8.107670950781317387e+00 3.018192138671875000e+02
8.111105676877814474e+00 3.029775390625000000e+02
8.114540402974311561e+00 2.976828308105468750e+02
8.117975129070806872e+00 2.976197509765625000e+02
8.121409855167305736e+00 2.945743713378906250e+02
8.124844581263802823e+00 2.949422302246093750e+02
8.128279307360299910e+00 2.958933715820312500e+02
8.131714033456796997e+00 2.982476501464843750e+02
8.135148759553292308e+00 2.987156677246093750e+02
8.138583485649789395e+00 2.937753295898437500e+02
8.142018211746288259e+00 2.875657043457031250e+02
8.145452937842785346e+00 2.855574035644531250e+02
8.148887663939282433e+00 2.877050170898437500e+02
8.152322390035779520e+00 2.922501525878906250e+02
8.155757116132274831e+00 2.940997314453125000e+02
8.159191842228771918e+00 2.951631164550781250e+02
8.162626568325270782e+00 2.937236938476562500e+02
8.166061294421767869e+00 2.971099548339843750e+02
8.169496020518264956e+00 3.008836059570312500e+02
8.172930746614762043e+00 3.034912109375000000e+02
8.176365472711257354e+00 3.028250427246093750e+02
8.179800198807754441e+00 3.025845031738281250e+02
8.183234924904251528e+00 3.060002136230468750e+02
8.186669651000750392e+00 3.086073608398437500e+02
8.190104377097247479e+00 3.103262634277343750e+02
8.193539103193744566e+00 3.140254821777343750e+02
8.196973829290239877e+00 3.167387390136718750e+02
8.200408555386736964e+00 3.150322570800781250e+02
8.203843281483234051e+00 3.091654357910156250e+02
8.207278007579732915e+00 3.056896362304687500e+02
8.210712733676230002e+00 3.071639099121093750e+02
8.214147459772725313e+00 3.041978759765625000e+02
8.217582185869222400e+00 3.041222229003906250e+02
8.221016911965719487e+00 3.027412719726562500e+02
8.224451638062216574e+00 3.019945983886718750e+02
8.227886364158715438e+00 2.983908691406250000e+02
8.231321090255212525e+00 2.962125549316406250e+02
8.234755816351707836e+00 2.965340270996093750e+02
8.238190542448204923e+00 2.978945312500000000e+02
8.241625268544702010e+00 2.985174865722656250e+02
8.245059994641199097e+00 3.002941894531250000e+02
8.248494720737697961e+00 3.020152282714843750e+02
8.251929446834195048e+00 3.060426635742187500e+02
8.255364172930690358e+00 3.033624877929687500e+02
8.258798899027187446e+00 3.033186950683593750e+02
8.262233625123684533e+00 3.017403259277343750e+02
8.265668351220181620e+00 3.040013122558593750e+02
8.269103077316678707e+00 3.036603393554687500e+02
8.272537803413175794e+00 3.025658569335937500e+02
8.275972529509672881e+00 2.985641174316406250e+02
8.279407255606169969e+00 2.942048645019531250e+02
8.282841981702667056e+00 2.925290832519531250e+02
8.286276707799164143e+00 2.913908996582031250e+02
8.289711433895661230e+00 2.935777282714843750e+02
8.293146159992158317e+00 2.942129821777343750e+02
8.296580886088655404e+00 2.948523864746093750e+02
8.300015612185152492e+00 2.954396667480468750e+02
8.303450338281649579e+00 2.941871643066406250e+02
8.306885064378146666e+00 2.948156738281250000e+02
8.310319790474643753e+00 2.935923461914062500e+02
8.313754516571140840e+00 2.977793579101562500e+02
8.317189242667637927e+00 3.005495605468750000e+02
8.320623968764135014e+00 3.038060607910156250e+02
8.324058694860632102e+00 3.007654113769531250e+02
8.327493420957129189e+00 2.973131103515625000e+02
8.330928147053626276e+00 2.955552978515625000e+02
8.334362873150123363e+00 2.982490234375000000e+02
8.337797599246620450e+00 3.013230590820312500e+02
8.341232325343117537e+00 3.019950256347656250e+02
8.344667051439614625e+00 2.988027038574218750e+02
8.348101777536111712e+00 2.956177673339843750e+02
8.351536503632608799e+00 2.918510437011718750e+02
8.354971229729105886e+00 2.920165100097656250e+02
8.358405955825602973e+00 2.903340759277343750e+02
8.361840681922100060e+00 2.918341064453125000e+02
8.365275408018597147e+00 2.937385559082031250e+02
8.368710134115094235e+00 2.942077331542968750e+02
8.372144860211591322e+00 2.893440856933593750e+02
8.375579586308086633e+00 2.876706848144531250e+02
8.379014312404585496e+00 2.877695617675781250e+02
8.382449038501082583e+00 2.906338806152343750e+02
8.385883764597579670e+00 2.924815979003906250e+02
8.389318490694076758e+00 2.941370544433593750e+02
8.392753216790572068e+00 2.949423217773437500e+02
8.396187942887069156e+00 2.960900268554687500e+02
8.399622668983568019e+00 2.951478576660156250e+02
8.403057395080065106e+00 2.928495788574218750e+02
8.406492121176562193e+00 2.888633117675781250e+02
8.409926847273059280e+00 2.877112426757812500e+02
8.413361573369554591e+00 2.862902221679687500e+02
8.416796299466051678e+00 2.857553405761718750e+02
8.420231025562550542e+00 2.876784667968750000e+02
8.423665751659047629e+00 2.913679199218750000e+02
8.427100477755544716e+00 2.943070678710937500e+02
8.430535203852041803e+00 2.980083312988281250e+02
8.433969929948537114e+00 2.997175598144531250e+02
8.437404656045034201e+00 3.015512084960937500e+02
8.440839382141533065e+00 3.054870300292968750e+02
8.444274108238030152e+00 3.171944885253906250e+02
8.447708834334527239e+00 3.297127075195312500e+02
8.451143560431022550e+00 3.460794677734375000e+02
8.454578286527519637e+00 3.582145996093750000e+02
8.458013012624016724e+00 3.640651855468750000e+02
8.461447738720513811e+00 3.567107849121093750e+02
8.464882464817012675e+00 3.397406921386718750e+02
8.468317190913509762e+00 3.253566589355468750e+02
8.471751917010005073e+00 3.101911621093750000e+02
8.475186643106502160e+00 2.981994628906250000e+02
8.478621369202999247e+00 2.941344604492187500e+02
8.482056095299496334e+00 2.969022216796875000e+02
8.485490821395995198e+00 2.933108215332031250e+02
8.488925547492492285e+00 2.887822265625000000e+02
8.492360273588987596e+00 2.833437194824218750e+02
8.495794999685484683e+00 2.826182250976562500e+02
8.499229725781981770e+00 2.812729797363281250e+02
8.502664451878478857e+00 2.843139343261718750e+02
8.506099177974977721e+00 2.890863952636718750e+02
8.509533904071474808e+00 2.938987426757812500e+02
8.512968630167970119e+00 2.950421752929687500e+02
8.516403356264467206e+00 2.920643920898437500e+02
8.519838082360964293e+00 2.880874328613281250e+02
8.523272808457461380e+00 2.866732788085937500e+02
8.526707534553960244e+00 2.882761535644531250e+02
8.530142260650455555e+00 2.898596496582031250e+02
8.533576986746952642e+00 2.905979919433593750e+02
8.537011712843449729e+00 2.911795654296875000e+02
8.540446438939946816e+00 2.881116943359375000e+02
8.543881165036443903e+00 2.834026184082031250e+02
8.547315891132940990e+00 2.805325317382812500e+02
8.550750617229438078e+00 2.813663330078125000e+02
8.554185343325935165e+00 2.802202758789062500e+02
8.557620069422432252e+00 2.791453552246093750e+02
8.561054795518929339e+00 2.818724975585937500e+02
8.564489521615426426e+00 2.856998901367187500e+02
8.567924247711923513e+00 2.904819030761718750e+02
8.571358973808420600e+00 2.902696533203125000e+02
8.574793699904917688e+00 2.908362121582031250e+02
8.578228426001414775e+00 2.879230346679687500e+02
8.581663152097911862e+00 2.848119812011718750e+02
8.585097878194408949e+00 2.845395507812500000e+02
8.588532604290906036e+00 2.847259521484375000e+02
8.591967330387403123e+00 2.858771057128906250e+02
8.595402056483900211e+00 2.860032348632812500e+02
8.598836782580397298e+00 2.851556701660156250e+02
8.602271508676894385e+00 2.841077880859375000e+02
8.605706234773391472e+00 2.805615844726562500e+02
8.609140960869888559e+00 2.799434204101562500e+02
8.612575686966385646e+00 2.793491516113281250e+02
8.616010413062882733e+00 2.765347290039062500e+02
8.619445139159379821e+00 2.748070068359375000e+02
8.622879865255876908e+00 2.754157104492187500e+02
8.626314591352373995e+00 2.772821350097656250e+02
8.629749317448869306e+00 2.747821655273437500e+02
8.633184043545366393e+00 2.737282714843750000e+02
8.636618769641865256e+00 2.731083068847656250e+02
8.640053495738362344e+00 2.752149658203125000e+02
8.643488221834859431e+00 2.735382995605468750e+02
8.646922947931356518e+00 2.756649475097656250e+02
8.650357674027851829e+00 2.763998107910156250e+02
8.653792400124348916e+00 2.783296203613281250e+02
8.657227126220847779e+00 2.792982788085937500e+02
8.660661852317344866e+00 2.822481994628906250e+02
8.664096578413841954e+00 2.911981506347656250e+02
8.667531304510339041e+00 2.918001708984375000e+02
8.670966030606834352e+00 2.884309387207031250e+02
8.674400756703331439e+00 2.799753723144531250e+02
8.677835482799830302e+00 2.797842712402343750e+02
8.681270208896327389e+00 2.789603271484375000e+02
8.684704934992824477e+00 2.772039489746093750e+02
8.688139661089321564e+00 2.735179748535156250e+02
8.691574387185816875e+00 2.703577270507812500e+02
8.695009113282313962e+00 2.710275268554687500e+02
8.698443839378812825e+00 2.769543151855468750e+02
8.701878565475309912e+00 2.819366455078125000e+02
8.705313291571807000e+00 2.825130004882812500e+02
8.708748017668302310e+00 2.788523254394531250e+02
8.712182743764799397e+00 2.772734375000000000e+02
8.715617469861296485e+00 2.756614074707031250e+02
8.719052195957793572e+00 2.682926635742187500e+02
8.722486922054292435e+00 2.660288696289062500e+02
8.725921648150789522e+00 2.668077697753906250e+02
8.729356374247284833e+00 2.730735778808593750e+02
8.732791100343781920e+00 2.732536926269531250e+02
8.736225826440279008e+00 2.746709899902343750e+02
8.739660552536776095e+00 2.723002929687500000e+02
8.743095278633274958e+00 2.749883728027343750e+02
8.746530004729772045e+00 2.769671325683593750e+02
8.749964730826267356e+00 2.779501953125000000e+02
8.753399456922764443e+00 2.758670349121093750e+02
8.756834183019261530e+00 2.771916503906250000e+02
8.760268909115758618e+00 2.822169799804687500e+02
8.763703635212257481e+00 2.805458679199218750e+02
8.767138361308752792e+00 2.762035522460937500e+02
8.770573087405249879e+00 2.758074951171875000e+02
8.774007813501746966e+00 2.762212524414062500e+02
8.777442539598244053e+00 2.740273132324218750e+02
8.780877265694741141e+00 2.651363525390625000e+02
8.784311991791240004e+00 2.676156616210937500e+02
8.787746717887735315e+00 2.728052978515625000e+02
8.791181443984232402e+00 2.770392150878906250e+02
8.794616170080729489e+00 2.738392944335937500e+02
8.798050896177226576e+00 2.739286499023437500e+02
8.801485622273723664e+00 2.776640930175781250e+02
8.804920348370220751e+00 2.753143310546875000e+02
8.808355074466717838e+00 2.724411010742187500e+02
8.811789800563214925e+00 2.670513000488281250e+02
8.815224526659712012e+00 2.670087280273437500e+02
8.818659252756209099e+00 2.639844970703125000e+02
8.822093978852706186e+00 2.707740478515625000e+02
8.825528704949203274e+00 2.763594970703125000e+02
8.828963431045700361e+00 2.801699523925781250e+02
8.832398157142197448e+00 2.777322387695312500e+02
8.835832883238694535e+00 2.753538513183593750e+02
8.839267609335191622e+00 2.746802368164062500e+02
8.842702335431688709e+00 2.750991516113281250e+02
8.846137061528185797e+00 2.724823303222656250e+02
8.849571787624682884e+00 2.682035217285156250e+02
8.853006513721179971e+00 2.661398620605468750e+02
8.856441239817677058e+00 2.630136718750000000e+02
8.859875965914174145e+00 2.649157409667968750e+02
8.863310692010671232e+00 2.674896850585937500e+02
8.866745418107168319e+00 2.721541748046875000e+02
8.870180144203665407e+00 2.744212951660156250e+02
8.873614870300162494e+00 2.692013549804687500e+02
8.877049596396659581e+00 2.712021484375000000e+02
8.880484322493156668e+00 2.693025207519531250e+02
8.883919048589653755e+00 2.731557617187500000e+02
8.887353774686149066e+00 2.694821472167968750e+02
8.890788500782646153e+00 2.715901184082031250e+02
8.894223226879145017e+00 2.704137268066406250e+02
8.897657952975642104e+00 2.736671447753906250e+02
8.901092679072139191e+00 2.737280578613281250e+02
8.904527405168636278e+00 2.744862365722656250e+02
8.907962131265131589e+00 2.741948547363281250e+02
8.911396857361628676e+00 2.803677368164062500e+02
8.914831583458127540e+00 2.782393188476562500e+02
8.918266309554624627e+00 2.745906982421875000e+02
8.921701035651121714e+00 2.681067504882812500e+02
8.925135761747618801e+00 2.715447998046875000e+02
8.928570487844114112e+00 2.746769104003906250e+02
8.932005213940611199e+00 2.766273498535156250e+02
8.935439940037110063e+00 2.707010192871093750e+02
8.938874666133607150e+00 2.703374633789062500e+02
8.942309392230104237e+00 2.689322204589843750e+02
8.945744118326599548e+00 2.747514648437500000e+02
8.949178844423096635e+00 2.753062133789062500e+02
8.952613570519593722e+00 2.769041137695312500e+02
8.956048296616092586e+00 2.713570861816406250e+02
8.959483022712589673e+00 2.775299072265625000e+02
8.962917748809086760e+00 2.813669128417968750e+02
8.966352474905582071e+00 2.890959472656250000e+02
8.969787201002079158e+00 2.846682434082031250e+02
8.973221927098576245e+00 2.829911193847656250e+02
8.976656653195073332e+00 2.783762207031250000e+02
8.980091379291572196e+00 2.827330627441406250e+02
8.983526105388069283e+00 2.828594970703125000e+02
8.986960831484564594e+00 2.839809875488281250e+02
8.990395557581061681e+00 2.754971313476562500e+02
8.993830283677558768e+00 2.735528869628906250e+02
8.997265009774055855e+00 2.720675964355468750e+02
9.000699735870554719e+00 2.775437011718750000e+02
9.004134461967050029e+00 2.819398193359375000e+02
9.007569188063547116e+00 2.813858032226562500e+02
9.011003914160044204e+00 2.737827453613281250e+02
9.014438640256541291e+00 2.686609191894531250e+02
9.017873366353038378e+00 2.671143798828125000e+02
9.021308092449537241e+00 2.719018554687500000e+02
9.024742818546032552e+00 2.707551574707031250e+02
9.028177544642529639e+00 2.655106506347656250e+02
9.031612270739026727e+00 2.591245727539062500e+02
9.035046996835523814e+00 2.615148010253906250e+02
9.038481722932020901e+00 2.626843261718750000e+02
9.041916449028519764e+00 2.651700744628906250e+02
9.045351175125015075e+00 2.684096679687500000e+02
9.048785901221512162e+00 2.718237304687500000e+02
9.052220627318009250e+00 2.716694335937500000e+02
9.055655353414506337e+00 2.669717712402343750e+02
9.059090079511003424e+00 2.658656616210937500e+02
9.062524805607500511e+00 2.685181579589843750e+02
9.065959531703997598e+00 2.690130310058593750e+02
9.069394257800494685e+00 2.703771362304687500e+02
9.072828983896991772e+00 2.710389709472656250e+02
9.076263709993488860e+00 2.764105529785156250e+02
9.079698436089985947e+00 2.753440551757812500e+02
9.083133162186483034e+00 2.706552734375000000e+02
9.086567888282980121e+00 2.601281433105468750e+02
9.090002614379477208e+00 2.630891723632812500e+02
9.093437340475974295e+00 2.653153991699218750e+02
9.096872066572471383e+00 2.728630676269531250e+02
9.100306792668968470e+00 2.738417358398437500e+02
9.103741518765465557e+00 2.751662902832031250e+02
9.107176244861962644e+00 2.706068420410156250e+02
9.110610970958459731e+00 2.692516174316406250e+02
9.114045697054956818e+00 2.706479797363281250e+02
9.117480423151453905e+00 2.730461120605468750e+02
9.120915149247950993e+00 2.668659362792968750e+02
9.124349875344446303e+00 2.607784423828125000e+02
9.127784601440945167e+00 2.657010803222656250e+02
9.131219327537442254e+00 2.654445495605468750e+02
9.134654053633939341e+00 2.689176025390625000e+02
9.138088779730436428e+00 2.649181518554687500e+02
9.141523505826933516e+00 2.669239501953125000e+02
9.144958231923428826e+00 2.600117797851562500e+02
9.148392958019925914e+00 2.565433044433593750e+02
9.151827684116424777e+00 2.551585540771484375e+02
9.155262410212921864e+00 2.559185028076171875e+02
9.158697136309418951e+00 2.629456176757812500e+02
9.162131862405916038e+00 2.605561828613281250e+02
9.165566588502411349e+00 2.614934997558593750e+02
9.169001314598908436e+00 2.506147766113281250e+02
9.172436040695407300e+00 2.460419616699218750e+02
9.175870766791904387e+00 2.469343109130859375e+02
9.179305492888401474e+00 2.510228576660156250e+02
9.182740218984896785e+00 2.562273864746093750e+02
9.186174945081393872e+00 2.531076202392578125e+02
9.189609671177890959e+00 2.510216064453125000e+02
9.193044397274389823e+00 2.461571044921875000e+02
9.196479123370886910e+00 2.422717285156250000e+02
9.199913849467383997e+00 2.428414916992187500e+02
9.203348575563879308e+00 2.445816650390625000e+02
9.206783301660376395e+00 2.438158416748046875e+02
9.210218027756873482e+00 2.437993011474609375e+02
9.213652753853372346e+00 2.414433135986328125e+02
9.217087479949869433e+00 2.423552703857421875e+02
9.220522206046366520e+00 2.371056671142578125e+02
9.223956932142861831e+00 2.337021636962890625e+02
9.227391658239358918e+00 2.332642517089843750e+02
9.230826384335856005e+00 2.411602783203125000e+02
9.234261110432353092e+00 2.463295745849609375e+02
9.237695836528851956e+00 2.476502380371093750e+02
9.241130562625349043e+00 2.488669586181640625e+02
9.244565288721844354e+00 2.482992095947265625e+02
9.248000014818341441e+00 2.423157043457031250e+02
9.251434740914838528e+00 2.411626434326171875e+02
9.254869467011335615e+00 2.486733703613281250e+02
9.258304193107834479e+00 2.489914855957031250e+02
9.261738919204329790e+00 2.451802215576171875e+02
9.265173645300826877e+00 2.428047485351562500e+02
9.268608371397323964e+00 2.357629852294921875e+02
9.272043097493821051e+00 2.309999389648437500e+02
9.275477823590318138e+00 2.343927764892578125e+02
9.278912549686817002e+00 2.478513793945312500e+02
9.282347275783312313e+00 2.455757141113281250e+02
9.285782001879809400e+00 2.319530181884765625e+02
9.289216727976306487e+00 2.282302093505859375e+02
9.292651454072803574e+00 2.318458251953125000e+02
9.296086180169300661e+00 2.301845397949218750e+02
9.299520906265799525e+00 2.285416717529296875e+02
9.302955632362294836e+00 2.313822021484375000e+02
9.306390358458791923e+00 2.405703430175781250e+02
9.309825084555289010e+00 2.398987274169921875e+02
9.313259810651786097e+00 2.321619567871093750e+02
9.316694536748283184e+00 2.367595367431640625e+02
9.320129262844780271e+00 2.358913269042968750e+02
9.323563988941277358e+00 2.425385894775390625e+02
9.326998715037774446e+00 2.363498382568359375e+02
9.330433441134271533e+00 2.320907440185546875e+02
9.333868167230768620e+00 2.249186401367187500e+02
9.337302893327265707e+00 2.251336364746093750e+02
9.340737619423762794e+00 2.154798889160156250e+02
9.344172345520259881e+00 2.056173248291015625e+02
9.347607071616756969e+00 2.009746551513671875e+02
9.351041797713254056e+00 2.100657653808593750e+02
9.354476523809751143e+00 2.120644226074218750e+02
9.357911249906248230e+00 2.050745697021484375e+02
9.361345976002743541e+00 1.931982269287109375e+02
9.364780702099242404e+00 1.891343841552734375e+02
9.368215428195739491e+00 1.955276489257812500e+02
9.371650154292236579e+00 2.035046386718750000e+02
9.375084880388733666e+00 2.033592987060546875e+02
9.378519606485230753e+00 1.949954376220703125e+02
9.381954332581726064e+00 1.858325805664062500e+02
9.385389058678224927e+00 1.954742126464843750e+02
9.388823784774722014e+00 2.097645263671875000e+02
9.392258510871219102e+00 1.948500671386718750e+02
9.395693236967716189e+00 1.813861694335937500e+02
9.399127963064213276e+00 1.811109008789062500e+02
9.402562689160708587e+00 1.897200012207031250e+02
9.405997415257207450e+00 1.630108947753906250e+02
9.409432141353704537e+00 1.506838073730468750e+02
9.412866867450201624e+00 1.396098327636718750e+02
9.416301593546698712e+00 1.476700897216796875e+02
9.419736319643195799e+00 1.415289764404296875e+02
9.423171045739691110e+00 1.460455932617187500e+02
9.426605771836188197e+00 1.307744445800781250e+02
9.430040497932687060e+00 1.192786560058593750e+02
9.433475224029184147e+00 1.214730300903320312e+02
9.436909950125681235e+00 1.262325210571289062e+02
9.440344676222176545e+00 1.208125839233398438e+02
9.443779402318673633e+00 1.109185333251953125e+02
9.447214128415170720e+00 1.180355224609375000e+02
9.450648854511669583e+00 1.351638031005859375e+02
9.454083580608166670e+00 1.307752990722656250e+02
9.457518306704663758e+00 1.160598144531250000e+02
9.460953032801159068e+00 1.045863571166992188e+02
9.464387758897656155e+00 1.013765182495117188e+02
9.467822484994153243e+00 9.665578460693359375e+01
9.471257211090652106e+00 8.395023345947265625e+01
9.474691937187149193e+00 7.083208465576171875e+01
9.478126663283646280e+00 5.538178253173828125e+01
9.481561389380141591e+00 2.315989303588867188e+01
9.484996115476638678e+00 1.459571456909179688e+01
9.488430841573135766e+00 6.931632041931152344e+00
9.491865567669634629e+00 0.000000000000000000e+00
9.495300293766131716e+00 0.000000000000000000e+00
9.498735019862627027e+00 0.000000000000000000e+00
9.502169745959124114e+00 0.000000000000000000e+00
9.505604472055621201e+00 0.000000000000000000e+00
9.509039198152118288e+00 0.000000000000000000e+00
9.512473924248615376e+00 0.000000000000000000e+00
9.515908650345114239e+00 0.000000000000000000e+00
9.519343376441609550e+00 0.000000000000000000e+00
9.522778102538106637e+00 0.000000000000000000e+00
9.526212828634603724e+00 0.000000000000000000e+00
9.529647554731100811e+00 0.000000000000000000e+00
9.533082280827597899e+00 0.000000000000000000e+00
9.536517006924096762e+00 0.000000000000000000e+00
9.539951733020592073e+00 0.000000000000000000e+00
9.543386459117089160e+00 0.000000000000000000e+00
9.546821185213586247e+00 0.000000000000000000e+00
9.550255911310083334e+00 0.000000000000000000e+00
9.553690637406580421e+00 0.000000000000000000e+00
9.557125363503077509e+00 0.000000000000000000e+00
9.560560089599574596e+00 0.000000000000000000e+00
9.563994815696071683e+00 0.000000000000000000e+00
9.567429541792568770e+00 0.000000000000000000e+00
9.570864267889065857e+00 0.000000000000000000e+00
9.574298993985562944e+00 0.000000000000000000e+00
9.577733720082060032e+00 0.000000000000000000e+00
9.581168446178557119e+00 0.000000000000000000e+00
9.584603172275054206e+00 0.000000000000000000e+00
9.588037898371551293e+00 0.000000000000000000e+00
9.591472624468048380e+00 0.000000000000000000e+00
9.594907350564545467e+00 0.000000000000000000e+00
9.598342076661042555e+00 0.000000000000000000e+00
9.601776802757539642e+00 0.000000000000000000e+00
9.605211528854036729e+00 0.000000000000000000e+00
9.608646254950533816e+00 0.000000000000000000e+00
9.612080981047030903e+00 0.000000000000000000e+00
9.615515707143527990e+00 0.000000000000000000e+00
9.618950433240023301e+00 0.000000000000000000e+00
9.622385159336522165e+00 0.000000000000000000e+00
9.625819885433019252e+00 0.000000000000000000e+00
9.629254611529516339e+00 0.000000000000000000e+00
9.632689337626013426e+00 0.000000000000000000e+00
9.636124063722510513e+00 0.000000000000000000e+00
9.639558789819005824e+00 0.000000000000000000e+00
9.642993515915504688e+00 0.000000000000000000e+00
9.646428242012001775e+00 0.000000000000000000e+00
9.649862968108498862e+00 0.000000000000000000e+00
9.653297694204995949e+00 0.000000000000000000e+00
9.656732420301493036e+00 0.000000000000000000e+00
9.660167146397988347e+00 0.000000000000000000e+00
9.663601872494487210e+00 0.000000000000000000e+00
9.667036598590984298e+00 0.000000000000000000e+00
9.670471324687481385e+00 0.000000000000000000e+00
9.673906050783978472e+00 0.000000000000000000e+00
9.677340776880473783e+00 0.000000000000000000e+00
9.680775502976970870e+00 0.000000000000000000e+00
9.684210229073467957e+00 0.000000000000000000e+00
9.687644955169966821e+00 0.000000000000000000e+00
9.691079681266463908e+00 0.000000000000000000e+00
9.694514407362960995e+00 0.000000000000000000e+00
9.697949133459456306e+00 0.000000000000000000e+00
9.701383859555953393e+00 0.000000000000000000e+00
9.704818585652450480e+00 0.000000000000000000e+00
9.708253311748949343e+00 0.000000000000000000e+00
9.711688037845446431e+00 0.000000000000000000e+00
9.715122763941943518e+00 0.000000000000000000e+00
9.718557490038438829e+00 0.000000000000000000e+00
9.721992216134935916e+00 0.000000000000000000e+00
9.725426942231433003e+00 0.000000000000000000e+00
9.728861668327931866e+00 0.000000000000000000e+00
9.732296394424428954e+00 0.000000000000000000e+00
9.735731120520924264e+00 0.000000000000000000e+00
9.739165846617421352e+00 0.000000000000000000e+00
9.742600572713918439e+00 0.000000000000000000e+00
9.746035298810415526e+00 0.000000000000000000e+00
9.749470024906914389e+00 0.000000000000000000e+00
9.752904751003411477e+00 0.000000000000000000e+00
9.756339477099906787e+00 0.000000000000000000e+00
9.759774203196403874e+00 0.000000000000000000e+00
9.763208929292900962e+00 0.000000000000000000e+00
9.766643655389398049e+00 0.000000000000000000e+00
9.770078381485895136e+00 0.000000000000000000e+00
9.773513107582393999e+00 0.000000000000000000e+00
9.776947833678889310e+00 0.000000000000000000e+00
9.780382559775386397e+00 0.000000000000000000e+00
9.783817285871883485e+00 0.000000000000000000e+00
9.787252011968380572e+00 0.000000000000000000e+00
9.790686738064877659e+00 0.000000000000000000e+00
9.794121464161376522e+00 0.000000000000000000e+00
9.797556190257871833e+00 0.000000000000000000e+00
9.800990916354368920e+00 0.000000000000000000e+00
9.804425642450866007e+00 0.000000000000000000e+00
9.807860368547363095e+00 0.000000000000000000e+00
9.811295094643860182e+00 0.000000000000000000e+00
9.814729820740357269e+00 0.000000000000000000e+00
9.818164546836854356e+00 0.000000000000000000e+00
9.821599272933351443e+00 0.000000000000000000e+00
9.825033999029848530e+00 0.000000000000000000e+00
9.828468725126345618e+00 0.000000000000000000e+00
9.831903451222842705e+00 0.000000000000000000e+00
9.835338177319339792e+00 0.000000000000000000e+00
9.838772903415836879e+00 0.000000000000000000e+00
9.842207629512333966e+00 0.000000000000000000e+00
9.845642355608831053e+00 0.000000000000000000e+00
9.849077081705328141e+00 0.000000000000000000e+00
9.852511807801825228e+00 0.000000000000000000e+00
9.855946533898320538e+00 0.000000000000000000e+00
9.859381259994819402e+00 0.000000000000000000e+00
9.862815986091316489e+00 0.000000000000000000e+00
9.866250712187813576e+00 0.000000000000000000e+00
9.869685438284310663e+00 0.000000000000000000e+00
9.873120164380807751e+00 0.000000000000000000e+00
9.876554890477303061e+00 0.000000000000000000e+00
9.879989616573801925e+00 0.000000000000000000e+00
9.883424342670299012e+00 0.000000000000000000e+00
9.886859068766796099e+00 0.000000000000000000e+00
9.890293794863293186e+00 0.000000000000000000e+00
9.893728520959790274e+00 0.000000000000000000e+00
9.897163247056285584e+00 0.000000000000000000e+00
9.900597973152784448e+00 0.000000000000000000e+00
9.904032699249281535e+00 0.000000000000000000e+00
9.907467425345778622e+00 0.000000000000000000e+00
9.910902151442275709e+00 0.000000000000000000e+00
9.914336877538771020e+00 0.000000000000000000e+00
9.917771603635268107e+00 0.000000000000000000e+00
9.921206329731766971e+00 0.000000000000000000e+00
9.924641055828264058e+00 0.000000000000000000e+00
9.928075781924761145e+00 0.000000000000000000e+00
9.931510508021258232e+00 0.000000000000000000e+00
9.934945234117753543e+00 0.000000000000000000e+00
9.938379960214250630e+00 0.000000000000000000e+00
9.941814686310747717e+00 0.000000000000000000e+00
9.945249412407246581e+00 0.000000000000000000e+00
9.948684138503743668e+00 0.000000000000000000e+00
9.952118864600240755e+00 0.000000000000000000e+00
9.955553590696736066e+00 0.000000000000000000e+00
9.958988316793233153e+00 0.000000000000000000e+00
9.962423042889730240e+00 0.000000000000000000e+00
9.965857768986229104e+00 0.000000000000000000e+00
9.969292495082726191e+00 0.000000000000000000e+00
9.972727221179223278e+00 0.000000000000000000e+00
9.976161947275718589e+00 0.000000000000000000e+00
9.979596673372215676e+00 0.000000000000000000e+00
9.983031399468712763e+00 0.000000000000000000e+00
9.986466125565211627e+00 0.000000000000000000e+00
9.989900851661708714e+00 0.000000000000000000e+00
9.993335577758204025e+00 0.000000000000000000e+00
9.996770303854701112e+00 0.000000000000000000e+00
1.000020502995119820e+01 0.000000000000000000e+00
1.000363975604769529e+01 0.000000000000000000e+00
1.000707448214419415e+01 0.000000000000000000e+00
1.001050920824069124e+01 0.000000000000000000e+00
1.001394393433718655e+01 0.000000000000000000e+00
1.001737866043368363e+01 0.000000000000000000e+00
1.002081338653018072e+01 0.000000000000000000e+00
1.002424811262667781e+01 0.000000000000000000e+00
1.002768283872317490e+01 0.000000000000000000e+00
1.003111756481967376e+01 0.000000000000000000e+00
1.003455229091616907e+01 0.000000000000000000e+00
1.003798701701266616e+01 0.000000000000000000e+00
1.004142174310916324e+01 0.000000000000000000e+00
1.004485646920566033e+01 0.000000000000000000e+00
1.004829119530215742e+01 0.000000000000000000e+00
1.005172592139865451e+01 0.000000000000000000e+00
1.005516064749515159e+01 0.000000000000000000e+00
1.005859537359164868e+01 0.000000000000000000e+00
1.006203009968814577e+01 0.000000000000000000e+00
1.006546482578464285e+01 0.000000000000000000e+00
1.006889955188113994e+01 0.000000000000000000e+00
1.007233427797763703e+01 0.000000000000000000e+00
1.007576900407413412e+01 0.000000000000000000e+00
1.007920373017063120e+01 0.000000000000000000e+00
1.008263845626712829e+01 0.000000000000000000e+00
1.008607318236362538e+01 0.000000000000000000e+00
1.008950790846012247e+01 0.000000000000000000e+00
1.009294263455661955e+01 0.000000000000000000e+00
1.009637736065311664e+01 0.000000000000000000e+00
1.009981208674961373e+01 0.000000000000000000e+00
1.010324681284611081e+01 0.000000000000000000e+00
1.010668153894260790e+01 0.000000000000000000e+00
1.011011626503910499e+01 0.000000000000000000e+00
1.011355099113560208e+01 0.000000000000000000e+00
1.011698571723209916e+01 0.000000000000000000e+00
1.012042044332859625e+01 0.000000000000000000e+00
1.012385516942509334e+01 0.000000000000000000e+00
1.012728989552159042e+01 0.000000000000000000e+00
1.013072462161808751e+01 0.000000000000000000e+00
1.013415934771458282e+01 0.000000000000000000e+00
1.013759407381108169e+01 0.000000000000000000e+00
1.014102879990757877e+01 0.000000000000000000e+00
1.014446352600407586e+01 0.000000000000000000e+00
1.014789825210057295e+01 0.000000000000000000e+00
1.015133297819707003e+01 0.000000000000000000e+00
1.015476770429356534e+01 0.000000000000000000e+00
1.015820243039006421e+01 0.000000000000000000e+00
1.016163715648656130e+01 0.000000000000000000e+00
1.016507188258305838e+01 0.000000000000000000e+00
1.016850660867955547e+01 0.000000000000000000e+00
1.017194133477605078e+01 0.000000000000000000e+00
1.017537606087254787e+01 0.000000000000000000e+00
1.017881078696904673e+01 0.000000000000000000e+00
1.018224551306554382e+01 0.000000000000000000e+00
1.018568023916204091e+01 0.000000000000000000e+00
1.018911496525853799e+01 0.000000000000000000e+00
1.019254969135503330e+01 0.000000000000000000e+00
1.019598441745153039e+01 0.000000000000000000e+00
1.019941914354802925e+01 0.000000000000000000e+00
1.020285386964452634e+01 0.000000000000000000e+00
1.020628859574102343e+01 0.000000000000000000e+00
1.020972332183752052e+01 0.000000000000000000e+00
1.021315804793401583e+01 0.000000000000000000e+00
1.021659277403051291e+01 0.000000000000000000e+00
1.022002750012701000e+01 0.000000000000000000e+00
1.022346222622350886e+01 0.000000000000000000e+00
1.022689695232000595e+01 0.000000000000000000e+00
1.023033167841650126e+01 0.000000000000000000e+00
1.023376640451299835e+01 0.000000000000000000e+00
1.023720113060949544e+01 0.000000000000000000e+00
1.024063585670599252e+01 0.000000000000000000e+00
1.024407058280249139e+01 0.000000000000000000e+00
1.024750530889898847e+01 0.000000000000000000e+00
1.025094003499548378e+01 0.000000000000000000e+00
1.025437476109198087e+01 0.000000000000000000e+00
1.025780948718847796e+01 0.000000000000000000e+00
1.026124421328497505e+01 0.000000000000000000e+00
1.026467893938147391e+01 0.000000000000000000e+00
1.026811366547797100e+01 0.000000000000000000e+00
1.027154839157446631e+01 0.000000000000000000e+00
1.027498311767096340e+01 0.000000000000000000e+00
1.027841784376746048e+01 0.000000000000000000e+00
1.028185256986395757e+01 0.000000000000000000e+00
1.028528729596045643e+01 0.000000000000000000e+00
1.028872202205695174e+01 0.000000000000000000e+00
1.029215674815344883e+01 0.000000000000000000e+00
1.029559147424994592e+01 0.000000000000000000e+00
1.029902620034644301e+01 0.000000000000000000e+00
1.030246092644294009e+01 0.000000000000000000e+00
