# # sector 22: chi = 45.00 deg (range [40, 50))
# # columns: 2theta(deg)  intensity
1.716567758002242143e-03 6.400225067138671875e+01
5.149703274006726429e-03 -2.632559537887573242e+00
8.582838790011209848e-03 6.956221771240234375e+01
1.201597430601569587e-02 8.593838500976562500e+01
1.544910982202017842e-02 1.073372344970703125e+02
1.888224533802465924e-02 1.017716140747070312e+02
2.231538085402914526e-02 7.877352142333984375e+01
2.574851637003363128e-02 4.501717376708984375e+01
2.918165188603811730e-02 -1.278975391387939453e+01
3.261478740204259985e-02 -2.130872726440429688e+00
3.604792291804708587e-02 1.469976902008056641e+01
3.948105843405157189e-02 7.148895263671875000e+01
4.291419395005605791e-02 7.002558135986328125e+01
4.634732946606053700e-02 6.506373596191406250e+01
4.978046498206502302e-02 3.970626068115234375e+01
5.321360049806950904e-02 4.649909973144531250e+01
5.664673601407399506e-02 5.280381774902343750e+01
6.007987153007848108e-02 6.531558227539062500e+01
6.351300704608295322e-02 5.993922424316406250e+01
6.694614256208744618e-02 6.114185714721679688e+01
7.037927807809192526e-02 6.837169647216796875e+01
7.381241359409640435e-02 7.082657623291015625e+01
7.724554911010089731e-02 6.942155456542968750e+01
8.067868462610537639e-02 6.599136352539062500e+01
8.411182014210986935e-02 5.410879516601562500e+01
8.754495565811434843e-02 4.812646102905273438e+01
9.097809117411882751e-02 3.691447067260742188e+01
9.441122669012332047e-02 2.918186569213867188e+01
9.784436220612781343e-02 2.379179954528808594e+01
1.012774977221322786e-01 2.144603538513183594e+01
1.047106332381367716e-01 2.657537651062011719e+01
1.081437687541412507e-01 2.537504386901855469e+01
1.115769042701457436e-01 1.764104461669921875e+01
1.150100397861502227e-01 1.139762115478515625e+01
1.184431753021547157e-01 1.769270324707031250e+01
1.218763108181591809e-01 3.284624862670898438e+01
1.253094463341636600e-01 3.491488647460937500e+01
1.287425818501681529e-01 1.700777244567871094e+01
1.321757173661726459e-01 -9.653744697570800781e+00
1.356088528821771388e-01 -1.898481845855712891e+00
1.390419883981816040e-01 2.619118309020996094e+01
1.424751239141860970e-01 6.402100372314453125e+01
1.459082594301905900e-01 7.507913970947265625e+01
1.493413949461950552e-01 6.167797088623046875e+01
1.527745304621995481e-01 4.327453231811523438e+01
1.562076659782040411e-01 4.735624694824218750e+01
1.596408014942085063e-01 6.209858322143554688e+01
1.630739370102129993e-01 7.577207946777343750e+01
1.665070725262174922e-01 9.373966217041015625e+01
1.699402080422219852e-01 7.559856414794921875e+01
1.733733435582264504e-01 5.932791137695312500e+01
1.768064790742309156e-01 3.524726486206054688e+01
1.802396145902354085e-01 5.406679153442382812e+01
1.836727501062399015e-01 6.934859466552734375e+01
1.871058856222443945e-01 7.878746795654296875e+01
1.905390211382488874e-01 8.639108276367187500e+01
1.939721566542533804e-01 9.319774627685546875e+01
1.974052921702578456e-01 1.036804885864257812e+02
2.008384276862623385e-01 1.031483078002929688e+02
2.042715632022668037e-01 1.275330352783203125e+02
2.077046987182712967e-01 2.593931274414062500e+02
2.111378342342757897e-01 3.716962280273437500e+02
2.145709697502802549e-01 4.432942199707031250e+02
2.180041052662847478e-01 5.254387207031250000e+02
2.214372407822892408e-01 5.567445068359375000e+02
2.248703762982937338e-01 5.715360107421875000e+02
2.283035118142981990e-01 5.657071533203125000e+02
2.317366473303026919e-01 5.826907958984375000e+02
2.351697828463071849e-01 5.969183959960937500e+02
2.386029183623116778e-01 6.297008056640625000e+02
2.420360538783161153e-01 6.650339965820312500e+02
2.454691893943206082e-01 6.863961791992187500e+02
2.489023249103251012e-01 7.049672851562500000e+02
2.523354604263295942e-01 6.978309936523437500e+02
2.557685959423340871e-01 6.814990844726562500e+02
2.592017314583385801e-01 6.587741088867187500e+02
2.626348669743430730e-01 6.632036132812500000e+02
2.660680024903475660e-01 6.712650756835937500e+02
2.695011380063520035e-01 6.830548706054687500e+02
2.729342735223564964e-01 6.972593383789062500e+02
2.763674090383609339e-01 6.988235473632812500e+02
2.798005445543654268e-01 6.982566528320312500e+02
2.832336800703699198e-01 6.903047485351562500e+02
2.866668155863744127e-01 6.971465454101562500e+02
2.900999511023789057e-01 7.077709350585937500e+02
2.935330866183833987e-01 7.199326171875000000e+02
2.969662221343878916e-01 7.362374267578125000e+02
3.003993576503923846e-01 7.496104736328125000e+02
3.038324931663968775e-01 7.649467163085937500e+02
3.072656286824013705e-01 7.580634765625000000e+02
3.106987641984058635e-01 7.501413574218750000e+02
3.141318997144103009e-01 7.625921020507812500e+02
3.175650352304147939e-01 7.902869873046875000e+02
3.209981707464192868e-01 8.181496582031250000e+02
3.244313062624237243e-01 8.328482055664062500e+02
3.278644417784282172e-01 8.367770385742187500e+02
3.312975772944327102e-01 8.438869628906250000e+02
3.347307128104372032e-01 8.699694824218750000e+02
3.381638483264416961e-01 8.786337890625000000e+02
3.415969838424461891e-01 8.821592407226562500e+02
3.450301193584506820e-01 9.010006713867187500e+02
3.484632548744551750e-01 9.232863769531250000e+02
3.518963903904596124e-01 9.492430419921875000e+02
3.553295259064641054e-01 9.922413940429687500e+02
3.587626614224685984e-01 1.035588500976562500e+03
3.621957969384730913e-01 1.058859008789062500e+03
3.656289324544775843e-01 1.077574707031250000e+03
3.690620679704820772e-01 1.109529174804687500e+03
3.724952034864865702e-01 1.124660644531250000e+03
3.759283390024910076e-01 1.143103637695312500e+03
3.793614745184955006e-01 1.135868774414062500e+03
3.827946100344999936e-01 1.139180664062500000e+03
3.862277455505044865e-01 1.151448486328125000e+03
3.896608810665089240e-01 1.198652221679687500e+03
3.930940165825134169e-01 1.219454101562500000e+03
3.965271520985179099e-01 1.240672363281250000e+03
3.999602876145224029e-01 1.242441406250000000e+03
4.033934231305268958e-01 1.253805908203125000e+03
4.068265586465313888e-01 1.272340820312500000e+03
4.102596941625358817e-01 1.291778320312500000e+03
4.136928296785403747e-01 1.299970703125000000e+03
4.171259651945448677e-01 1.310071166992187500e+03
4.205591007105493606e-01 1.305918090820312500e+03
4.239922362265537981e-01 1.296855468750000000e+03
4.274253717425582910e-01 1.293388916015625000e+03
4.308585072585627285e-01 1.328065185546875000e+03
4.342916427745672214e-01 1.337897338867187500e+03
4.377247782905717144e-01 1.335465942382812500e+03
4.411579138065762073e-01 1.324514038085937500e+03
4.445910493225807003e-01 1.346155761718750000e+03
4.480241848385851933e-01 1.368914672851562500e+03
4.514573203545896862e-01 1.387943115234375000e+03
4.548904558705941792e-01 1.378693725585937500e+03
4.583235913865986721e-01 1.367930786132812500e+03
4.617567269026031651e-01 1.352064819335937500e+03
4.651898624186076581e-01 1.352348754882812500e+03
4.686229979346121510e-01 1.350428710937500000e+03
4.720561334506166440e-01 1.360345947265625000e+03
4.754892689666211369e-01 1.356655517578125000e+03
4.789224044826255189e-01 1.362082397460937500e+03
4.823555399986300118e-01 1.374353027343750000e+03
4.857886755146345048e-01 1.381968261718750000e+03
4.892218110306389423e-01 1.385160644531250000e+03
4.926549465466434352e-01 1.383772338867187500e+03
4.960880820626479282e-01 1.398142578125000000e+03
4.995212175786524211e-01 1.399705200195312500e+03
5.029543530946569696e-01 1.393314697265625000e+03
5.063874886106614071e-01 1.375636840820312500e+03
5.098206241266658445e-01 1.373254760742187500e+03
5.132537596426703930e-01 1.362469482421875000e+03
5.166868951586748304e-01 1.350381591796875000e+03
5.201200306746793789e-01 1.334887451171875000e+03
5.235531661906838163e-01 1.328658447265625000e+03
5.269863017066883648e-01 1.323814331054687500e+03
5.304194372226928023e-01 1.316696899414062500e+03
5.338525727386973507e-01 1.305280639648437500e+03
5.372857082547017882e-01 1.308552490234375000e+03
5.407188437707063366e-01 1.310163940429687500e+03
5.441519792867107741e-01 1.309662475585937500e+03
5.475851148027153226e-01 1.277070678710937500e+03
5.510182503187196490e-01 1.275161865234375000e+03
5.544513858347241975e-01 1.284160522460937500e+03
5.578845213507286349e-01 1.308669677734375000e+03
5.613176568667331834e-01 1.308868408203125000e+03
5.647507923827376208e-01 1.296628662109375000e+03
5.681839278987420583e-01 1.274989379882812500e+03
5.716170634147466068e-01 1.258957763671875000e+03
5.750501989307510442e-01 1.242800415039062500e+03
5.784833344467555927e-01 1.220070922851562500e+03
5.819164699627600301e-01 1.207833740234375000e+03
5.853496054787645786e-01 1.206445922851562500e+03
5.887827409947690160e-01 1.193275756835937500e+03
5.922158765107735645e-01 1.203198120117187500e+03
5.956490120267780020e-01 1.195940795898437500e+03
5.990821475427825504e-01 1.198577026367187500e+03
6.025152830587869879e-01 1.184685180664062500e+03
6.059484185747915364e-01 1.192481323242187500e+03
6.093815540907959738e-01 1.201990234375000000e+03
6.128146896068004112e-01 1.209919799804687500e+03
6.162478251228049597e-01 1.204495483398437500e+03
6.196809606388093972e-01 1.203092651367187500e+03
6.231140961548139456e-01 1.192582763671875000e+03
6.265472316708182721e-01 1.185425415039062500e+03
6.299803671868228205e-01 1.182218505859375000e+03
6.334135027028272580e-01 1.180165649414062500e+03
6.368466382188318065e-01 1.185864624023437500e+03
6.402797737348362439e-01 1.178421142578125000e+03
6.437129092508407924e-01 1.191766723632812500e+03
6.471460447668452298e-01 1.200683715820312500e+03
6.505791802828497783e-01 1.225954833984375000e+03
6.540123157988542157e-01 1.218454711914062500e+03
6.574454513148587642e-01 1.210239746093750000e+03
6.608785868308632017e-01 1.197141601562500000e+03
6.643117223468677501e-01 1.187790039062500000e+03
6.677448578628721876e-01 1.189311157226562500e+03
6.711779933788766250e-01 1.195088745117187500e+03
6.746111288948811735e-01 1.208478881835937500e+03
6.780442644108856109e-01 1.196953613281250000e+03
6.814773999268901594e-01 1.180139526367187500e+03
6.849105354428945969e-01 1.169864501953125000e+03
6.883436709588991453e-01 1.175016845703125000e+03
6.917768064749035828e-01 1.177448242187500000e+03
6.952099419909081313e-01 1.174140014648437500e+03
6.986430775069124577e-01 1.174354125976562500e+03
7.020762130229170062e-01 1.174386840820312500e+03
7.055093485389214436e-01 1.163581665039062500e+03
7.089424840549259921e-01 1.162308349609375000e+03
7.123756195709304295e-01 1.165545532226562500e+03
7.158087550869349780e-01 1.179375976562500000e+03
7.192418906029394154e-01 1.172980712890625000e+03
7.226750261189439639e-01 1.165994628906250000e+03
7.261081616349484014e-01 1.164949340820312500e+03
7.295412971509528388e-01 1.173813964843750000e+03
7.329744326669573873e-01 1.181533569335937500e+03
7.364075681829618247e-01 1.176921020507812500e+03
7.398407036989663732e-01 1.177330810546875000e+03
7.432738392149708107e-01 1.173702880859375000e+03
7.467069747309753591e-01 1.171078613281250000e+03
7.501401102469797966e-01 1.162160278320312500e+03
7.535732457629843450e-01 1.160346069335937500e+03
7.570063812789887825e-01 1.158009277343750000e+03
7.604395167949933310e-01 1.161664550781250000e+03
7.638726523109977684e-01 1.165886230468750000e+03
7.673057878270023169e-01 1.179697265625000000e+03
7.707389233430067543e-01 1.184980712890625000e+03
7.741720588590111918e-01 1.186194580078125000e+03
7.776051943750156292e-01 1.175955566406250000e+03
7.810383298910200667e-01 1.168721801757812500e+03
7.844714654070246151e-01 1.158776245117187500e+03
7.879046009230290526e-01 1.164758666992187500e+03
7.913377364390336011e-01 1.177873168945312500e+03
7.947708719550380385e-01 1.191903442382812500e+03
7.982040074710425870e-01 1.196419677734375000e+03
8.016371429870470244e-01 1.187563232421875000e+03
8.050702785030515729e-01 1.178469848632812500e+03
8.085034140190560104e-01 1.169669921875000000e+03
8.119365495350605588e-01 1.165208618164062500e+03
8.153696850510649963e-01 1.164071411132812500e+03
8.188028205670695447e-01 1.164772949218750000e+03
8.222359560830739822e-01 1.171040893554687500e+03
8.256690915990785307e-01 1.172882202148437500e+03
8.291022271150829681e-01 1.173555419921875000e+03
8.325353626310874056e-01 1.182645141601562500e+03
8.359684981470919540e-01 1.186982788085937500e+03
8.394016336630963915e-01 1.189549682617187500e+03
8.428347691791009400e-01 1.184192871093750000e+03
8.462679046951052664e-01 1.198430053710937500e+03
8.497010402111098148e-01 1.211881103515625000e+03
8.531341757271142523e-01 1.219509277343750000e+03
8.565673112431188008e-01 1.202728393554687500e+03
8.600004467591232382e-01 1.191486938476562500e+03
8.634335822751277867e-01 1.176705322265625000e+03
8.668667177911322241e-01 1.175158203125000000e+03
8.702998533071367726e-01 1.169605224609375000e+03
8.737329888231412101e-01 1.179405883789062500e+03
8.771661243391457585e-01 1.189093261718750000e+03
8.805992598551501960e-01 1.200794799804687500e+03
8.840323953711546334e-01 1.211381591796875000e+03
8.874655308871591819e-01 1.225182983398437500e+03
8.908986664031636193e-01 1.227847290039062500e+03
8.943318019191681678e-01 1.213583496093750000e+03
8.977649374351724942e-01 1.218128295898437500e+03
9.011980729511770427e-01 1.214686157226562500e+03
9.046312084671814802e-01 1.221743041992187500e+03
9.080643439831860286e-01 1.208842773437500000e+03
9.114974794991904661e-01 1.216330810546875000e+03
9.149306150151950145e-01 1.225646484375000000e+03
9.183637505311994520e-01 1.228288574218750000e+03
9.217968860472040005e-01 1.227150756835937500e+03
9.252300215632084379e-01 1.219284545898437500e+03
9.286631570792129864e-01 1.237026855468750000e+03
9.320962925952174238e-01 1.250249145507812500e+03
9.355294281112219723e-01 1.262042602539062500e+03
9.389625636272264098e-01 1.268225585937500000e+03
9.423956991432308472e-01 1.266577636718750000e+03
9.458288346592353957e-01 1.274182128906250000e+03
9.492619701752398331e-01 1.263203125000000000e+03
9.526951056912443816e-01 1.255854614257812500e+03
9.561282412072487080e-01 1.248093261718750000e+03
9.595613767232531455e-01 1.236408813476562500e+03
9.629945122392575829e-01 1.225260498046875000e+03
9.664276477552621314e-01 1.216593139648437500e+03
9.698607832712665688e-01 1.216696166992187500e+03
9.732939187872711173e-01 1.234149169921875000e+03
9.767270543032755548e-01 1.244678100585937500e+03
9.801601898192801032e-01 1.260860595703125000e+03
9.835933253352845407e-01 1.266013549804687500e+03
9.870264608512890891e-01 1.262596923828125000e+03
9.904595963672935266e-01 1.247273681640625000e+03
9.938927318832980751e-01 1.238085083007812500e+03
9.973258673993025125e-01 1.252032470703125000e+03
1.000759002915307061e+00 1.269737792968750000e+03
1.004192138431311498e+00 1.278015258789062500e+03
1.007625273947315936e+00 1.271514160156250000e+03
1.011058409463320373e+00 1.270203369140625000e+03
1.014491544979325033e+00 1.271090332031250000e+03
1.017924680495329470e+00 1.264955200195312500e+03
1.021357816011333908e+00 1.258000854492187500e+03
1.024790951527338345e+00 1.256502075195312500e+03
1.028224087043343005e+00 1.260442260742187500e+03
1.031657222559347442e+00 1.261852294921875000e+03
1.035090358075351880e+00 1.261145385742187500e+03
1.038523493591356317e+00 1.264538696289062500e+03
1.041956629107360977e+00 1.275856201171875000e+03
1.045389764623365414e+00 1.283437011718750000e+03
1.048822900139369851e+00 1.275863037109375000e+03
1.052256035655374289e+00 1.260352050781250000e+03
1.055689171171378726e+00 1.250765869140625000e+03
1.059122306687383386e+00 1.261305541992187500e+03
1.062555442203387823e+00 1.266647338867187500e+03
1.065988577719392261e+00 1.269030761718750000e+03
1.069421713235396698e+00 1.261452758789062500e+03
1.072854848751401358e+00 1.254660644531250000e+03
1.076287984267405795e+00 1.252128662109375000e+03
1.079721119783410233e+00 1.253758666992187500e+03
1.083154255299414670e+00 1.264503051757812500e+03
1.086587390815419329e+00 1.270990356445312500e+03
1.090020526331423767e+00 1.275522705078125000e+03
1.093453661847428204e+00 1.277763427734375000e+03
1.096886797363432642e+00 1.282686889648437500e+03
1.100319932879437079e+00 1.286818115234375000e+03
1.103753068395441517e+00 1.289277709960937500e+03
1.107186203911445954e+00 1.298631713867187500e+03
1.110619339427450392e+00 1.307671875000000000e+03
1.114052474943455051e+00 1.308943847656250000e+03
1.117485610459459489e+00 1.303903686523437500e+03
1.120918745975463926e+00 1.314982177734375000e+03
1.124351881491468363e+00 1.329939453125000000e+03
1.127785017007472801e+00 1.344812377929687500e+03
1.131218152523477460e+00 1.334117431640625000e+03
1.134651288039481898e+00 1.325355468750000000e+03
1.138084423555486335e+00 1.309822021484375000e+03
1.141517559071490773e+00 1.312786376953125000e+03
1.144950694587495432e+00 1.314270263671875000e+03
1.148383830103499870e+00 1.327757080078125000e+03
1.151816965619504307e+00 1.323954711914062500e+03
1.155250101135508745e+00 1.317469604492187500e+03
1.158683236651513404e+00 1.303577758789062500e+03
1.162116372167517842e+00 1.305241455078125000e+03
1.165549507683522279e+00 1.309309814453125000e+03
1.168982643199526716e+00 1.318641845703125000e+03
1.172415778715531154e+00 1.319847534179687500e+03
1.175848914231535813e+00 1.324936523437500000e+03
1.179282049747540251e+00 1.322495483398437500e+03
1.182715185263544688e+00 1.331773437500000000e+03
1.186148320779549126e+00 1.325739135742187500e+03
1.189581456295553785e+00 1.318222412109375000e+03
1.193014591811558223e+00 1.306382934570312500e+03
1.196447727327562660e+00 1.307549560546875000e+03
1.199880862843567098e+00 1.320420654296875000e+03
1.203313998359571757e+00 1.341409912109375000e+03
1.206747133875576194e+00 1.355293334960937500e+03
1.210180269391580632e+00 1.357717407226562500e+03
1.213613404907585069e+00 1.345510620117187500e+03
1.217046540423589507e+00 1.341250732421875000e+03
1.220479675939594166e+00 1.341586669921875000e+03
1.223912811455598604e+00 1.349992065429687500e+03
1.227345946971603041e+00 1.358335083007812500e+03
1.230779082487607479e+00 1.365624389648437500e+03
1.234212218003612138e+00 1.366716918945312500e+03
1.237645353519616576e+00 1.365582153320312500e+03
1.241078489035621013e+00 1.374353515625000000e+03
1.244511624551625451e+00 1.387202026367187500e+03
1.247944760067629888e+00 1.393287841796875000e+03
1.251377895583634325e+00 1.379863647460937500e+03
1.254811031099638763e+00 1.362022583007812500e+03
1.258244166615643200e+00 1.354833007812500000e+03
1.261677302131647860e+00 1.361176391601562500e+03
1.265110437647652297e+00 1.374437622070312500e+03
1.268543573163656735e+00 1.385409912109375000e+03
1.271976708679661172e+00 1.383625122070312500e+03
1.275409844195665832e+00 1.383260498046875000e+03
1.278842979711670269e+00 1.390194213867187500e+03
1.282276115227674707e+00 1.397788574218750000e+03
1.285709250743679144e+00 1.407463867187500000e+03
1.289142386259683581e+00 1.406812011718750000e+03
1.292575521775688241e+00 1.414281372070312500e+03
1.296008657291692678e+00 1.412742919921875000e+03
1.299441792807697116e+00 1.417414428710937500e+03
1.302874928323701553e+00 1.417305664062500000e+03
1.306308063839706213e+00 1.424212646484375000e+03
1.309741199355710650e+00 1.428805664062500000e+03
1.313174334871715088e+00 1.441640625000000000e+03
1.316607470387719525e+00 1.439298706054687500e+03
1.320040605903724185e+00 1.445690063476562500e+03
1.323473741419728622e+00 1.444038574218750000e+03
1.326906876935733059e+00 1.447740356445312500e+03
1.330340012451737497e+00 1.456590209960937500e+03
1.333773147967741934e+00 1.481420410156250000e+03
1.337206283483746594e+00 1.511293701171875000e+03
1.340639418999751031e+00 1.533515869140625000e+03
1.344072554515755469e+00 1.561765380859375000e+03
1.347505690031759906e+00 1.582861206054687500e+03
1.350938825547764566e+00 1.589548828125000000e+03
1.354371961063769003e+00 1.571264770507812500e+03
1.357805096579773441e+00 1.540930419921875000e+03
1.361238232095777878e+00 1.515356201171875000e+03
1.364671367611782538e+00 1.498309814453125000e+03
1.368104503127786975e+00 1.489079833984375000e+03
1.371537638643791412e+00 1.479290649414062500e+03
1.374970774159795850e+00 1.466345825195312500e+03
1.378403909675800287e+00 1.462751342773437500e+03
1.381837045191804947e+00 1.464087524414062500e+03
1.385270180707809384e+00 1.458401855468750000e+03
1.388703316223813822e+00 1.462823608398437500e+03
1.392136451739818259e+00 1.461992675781250000e+03
1.395569587255822697e+00 1.468827148437500000e+03
1.399002722771827134e+00 1.465667968750000000e+03
1.402435858287831572e+00 1.471001464843750000e+03
1.405868993803836009e+00 1.480861694335937500e+03
1.409302129319840668e+00 1.489180419921875000e+03
1.412735264835845106e+00 1.494999511718750000e+03
1.416168400351849543e+00 1.491079711914062500e+03
1.419601535867853981e+00 1.489130493164062500e+03
1.423034671383858640e+00 1.496536254882812500e+03
1.426467806899863078e+00 1.498337646484375000e+03
1.429900942415867515e+00 1.487101684570312500e+03
1.433334077931871953e+00 1.475076049804687500e+03
1.436767213447876390e+00 1.471029296875000000e+03
1.440200348963881050e+00 1.485717651367187500e+03
1.443633484479885487e+00 1.489336181640625000e+03
1.447066619995889925e+00 1.491753662109375000e+03
1.450499755511894362e+00 1.489338256835937500e+03
1.453932891027899021e+00 1.490361816406250000e+03
1.457366026543903459e+00 1.497651000976562500e+03
1.460799162059907896e+00 1.501778198242187500e+03
1.464232297575912334e+00 1.515039916992187500e+03
1.467665433091916993e+00 1.521745727539062500e+03
1.471098568607921431e+00 1.521603881835937500e+03
1.474531704123925868e+00 1.513328979492187500e+03
1.477964839639930306e+00 1.505849853515625000e+03
1.481397975155934965e+00 1.500137207031250000e+03
1.484831110671939403e+00 1.505313110351562500e+03
1.488264246187943840e+00 1.505573852539062500e+03
1.491697381703948277e+00 1.513173706054687500e+03
1.495130517219952715e+00 1.508377685546875000e+03
1.498563652735957374e+00 1.504345825195312500e+03
1.501996788251961812e+00 1.504733764648437500e+03
1.505429923767966249e+00 1.507134033203125000e+03
1.508863059283970687e+00 1.509051635742187500e+03
1.512296194799975346e+00 1.500570556640625000e+03
1.515729330315979784e+00 1.496741943359375000e+03
1.519162465831984221e+00 1.494262329101562500e+03
1.522595601347988659e+00 1.506918945312500000e+03
1.526028736863993318e+00 1.513224975585937500e+03
1.529461872379997756e+00 1.526596313476562500e+03
1.532895007896002193e+00 1.526491333007812500e+03
1.536328143412006630e+00 1.519925170898437500e+03
1.539761278928011068e+00 1.513095581054687500e+03
1.543194414444015505e+00 1.521568847656250000e+03
1.546627549960019943e+00 1.542468994140625000e+03
1.550060685476024380e+00 1.550040405273437500e+03
1.553493820992028818e+00 1.553199462890625000e+03
1.556926956508033477e+00 1.556649291992187500e+03
1.560360092024037915e+00 1.554192504882812500e+03
1.563793227540042352e+00 1.544633911132812500e+03
1.567226363056046790e+00 1.532308227539062500e+03
1.570659498572051449e+00 1.525003662109375000e+03
1.574092634088055886e+00 1.521584106445312500e+03
1.577525769604060324e+00 1.526296386718750000e+03
1.580958905120064761e+00 1.536930297851562500e+03
1.584392040636069421e+00 1.547593627929687500e+03
1.587825176152073858e+00 1.555548706054687500e+03
1.591258311668078296e+00 1.556886230468750000e+03
1.594691447184082733e+00 1.548471435546875000e+03
1.598124582700087171e+00 1.546243530273437500e+03
1.601557718216091830e+00 1.556587402343750000e+03
1.604990853732096268e+00 1.568671142578125000e+03
1.608423989248100705e+00 1.575802001953125000e+03
1.611857124764105142e+00 1.586062988281250000e+03
1.615290260280109802e+00 1.610100463867187500e+03
1.618723395796114239e+00 1.648166259765625000e+03
1.622156531312118677e+00 1.698713989257812500e+03
1.625589666828123114e+00 1.751287353515625000e+03
1.629022802344127774e+00 1.819757934570312500e+03
1.632455937860132211e+00 1.854873046875000000e+03
1.635889073376136649e+00 1.848312500000000000e+03
1.639322208892141086e+00 1.794143798828125000e+03
1.642755344408145524e+00 1.713802001953125000e+03
1.646188479924150183e+00 1.661118041992187500e+03
1.649621615440154621e+00 1.612580078125000000e+03
1.653054750956159058e+00 1.589798095703125000e+03
1.656487886472163495e+00 1.571779296875000000e+03
1.659921021988168155e+00 1.561514038085937500e+03
1.663354157504172592e+00 1.550234130859375000e+03
1.666787293020177030e+00 1.540323730468750000e+03
1.670220428536181467e+00 1.536957641601562500e+03
1.673653564052186127e+00 1.547394287109375000e+03
1.677086699568190564e+00 1.558406250000000000e+03
1.680519835084195002e+00 1.569107177734375000e+03
1.683952970600199439e+00 1.573436279296875000e+03
1.687386106116203877e+00 1.567953857421875000e+03
1.690819241632208314e+00 1.556773193359375000e+03
1.694252377148212751e+00 1.538536499023437500e+03
1.697685512664217189e+00 1.537072875976562500e+03
1.701118648180221848e+00 1.533886840820312500e+03
1.704551783696226286e+00 1.536603393554687500e+03
1.707984919212230723e+00 1.532217895507812500e+03
1.711418054728235161e+00 1.531533203125000000e+03
1.714851190244239598e+00 1.534410644531250000e+03
1.718284325760244258e+00 1.534833496093750000e+03
1.721717461276248695e+00 1.531565673828125000e+03
1.725150596792253133e+00 1.528372192382812500e+03
1.728583732308257570e+00 1.529599975585937500e+03
1.732016867824262230e+00 1.530795410156250000e+03
1.735450003340266667e+00 1.517950317382812500e+03
1.738883138856271104e+00 1.512841308593750000e+03
1.742316274372275542e+00 1.508679565429687500e+03
1.745749409888280201e+00 1.512409301757812500e+03
1.749182545404284639e+00 1.508383056640625000e+03
1.752615680920289076e+00 1.513346801757812500e+03
1.756048816436293514e+00 1.507034912109375000e+03
1.759481951952297951e+00 1.500759521484375000e+03
1.762915087468302611e+00 1.487915039062500000e+03
1.766348222984307048e+00 1.485557250976562500e+03
1.769781358500311486e+00 1.500399658203125000e+03
1.773214494016315923e+00 1.511688476562500000e+03
1.776647629532320583e+00 1.536829223632812500e+03
1.780080765048325020e+00 1.545971679687500000e+03
1.783513900564329457e+00 1.551426879882812500e+03
1.786947036080333895e+00 1.536496093750000000e+03
1.790380171596338554e+00 1.512253540039062500e+03
1.793813307112343214e+00 1.489950683593750000e+03
1.797246442628347429e+00 1.462057250976562500e+03
1.800679578144352089e+00 1.444025146484375000e+03
1.804112713660356304e+00 1.440459960937500000e+03
1.807545849176361186e+00 1.443372680664062500e+03
1.810978984692365401e+00 1.452252075195312500e+03
1.814412120208370061e+00 1.447496826171875000e+03
1.817845255724374276e+00 1.440735473632812500e+03
1.821278391240379158e+00 1.427588989257812500e+03
1.824711526756383373e+00 1.417154541015625000e+03
1.828144662272388032e+00 1.410241699218750000e+03
1.831577797788392248e+00 1.406590454101562500e+03
1.835010933304396907e+00 1.402521972656250000e+03
1.838444068820401345e+00 1.392935058593750000e+03
1.841877204336406004e+00 1.375437377929687500e+03
1.845310339852410220e+00 1.363491943359375000e+03
1.848743475368414879e+00 1.361153442382812500e+03
1.852176610884419317e+00 1.353721435546875000e+03
1.855609746400423976e+00 1.352258300781250000e+03
1.859042881916428192e+00 1.347743774414062500e+03
1.862476017432432851e+00 1.346093994140625000e+03
1.865909152948437288e+00 1.340425415039062500e+03
1.869342288464441948e+00 1.337511718750000000e+03
1.872775423980446163e+00 1.331174682617187500e+03
1.876208559496450823e+00 1.333351806640625000e+03
1.879641695012455260e+00 1.336659057617187500e+03
1.883074830528459920e+00 1.334731811523437500e+03
1.886507966044464135e+00 1.329937377929687500e+03
1.889941101560468795e+00 1.327555908203125000e+03
1.893374237076473010e+00 1.328284912109375000e+03
1.896807372592477892e+00 1.315583984375000000e+03
1.900240508108482107e+00 1.298513427734375000e+03
1.903673643624486767e+00 1.285685913085937500e+03
1.907106779140490982e+00 1.280601806640625000e+03
1.910539914656495419e+00 1.276991577148437500e+03
1.913973050172500079e+00 1.266594238281250000e+03
1.917406185688504294e+00 1.256617187500000000e+03
1.920839321204508954e+00 1.244970092773437500e+03
1.924272456720513391e+00 1.235304321289062500e+03
1.927705592236518051e+00 1.230251708984375000e+03
1.931138727752522266e+00 1.226872924804687500e+03
1.934571863268526926e+00 1.229628295898437500e+03
1.938004998784531363e+00 1.217483764648437500e+03
1.941438134300536023e+00 1.204948974609375000e+03
1.944871269816540238e+00 1.187877197265625000e+03
1.948304405332544897e+00 1.177030761718750000e+03
1.951737540848549335e+00 1.179834350585937500e+03
1.955170676364553994e+00 1.189907470703125000e+03
1.958603811880558210e+00 1.201861694335937500e+03
1.962036947396562869e+00 1.204630493164062500e+03
1.965470082912567085e+00 1.197044311523437500e+03
1.968903218428571966e+00 1.194058837890625000e+03
1.972336353944576182e+00 1.185135498046875000e+03
1.975769489460580841e+00 1.186046142578125000e+03
1.979202624976585057e+00 1.182816894531250000e+03
1.982635760492589938e+00 1.197726074218750000e+03
1.986068896008594153e+00 1.219990112304687500e+03
1.989502031524598813e+00 1.266765869140625000e+03
1.992935167040603028e+00 1.336170532226562500e+03
1.996368302556607688e+00 1.407217773437500000e+03
1.999801438072612125e+00 1.489957397460937500e+03
2.003234573588616563e+00 1.545584350585937500e+03
2.006667709104621000e+00 1.553057128906250000e+03
2.010100844620625882e+00 1.505918090820312500e+03
2.013533980136629875e+00 1.409728027343750000e+03
2.016967115652634757e+00 1.325853759765625000e+03
2.020400251168639194e+00 1.247703857421875000e+03
2.023833386684643632e+00 1.193463745117187500e+03
2.027266522200648069e+00 1.161061767578125000e+03
2.030699657716652506e+00 1.136439331054687500e+03
2.034132793232656944e+00 1.119797485351562500e+03
2.037565928748661825e+00 1.115372314453125000e+03
2.040999064264665819e+00 1.115351196289062500e+03
2.044432199780670700e+00 1.116257690429687500e+03
2.047865335296675138e+00 1.107890014648437500e+03
2.051298470812679575e+00 1.094698242187500000e+03
2.054731606328684013e+00 1.079961303710937500e+03
2.058164741844688006e+00 1.074794433593750000e+03
2.061597877360692888e+00 1.077129882812500000e+03
2.065031012876697325e+00 1.079436645507812500e+03
2.068464148392701762e+00 1.085931518554687500e+03
2.071897283908706200e+00 1.086766235351562500e+03
2.075330419424710637e+00 1.093064819335937500e+03
2.078763554940715075e+00 1.092967773437500000e+03
2.082196690456719956e+00 1.089475463867187500e+03
2.085629825972723950e+00 1.082262573242187500e+03
2.089062961488728831e+00 1.071436767578125000e+03
2.092496097004733269e+00 1.064594970703125000e+03
2.095929232520737706e+00 1.064243408203125000e+03
2.099362368036742144e+00 1.060899536132812500e+03
2.102795503552746581e+00 1.057126342773437500e+03
2.106228639068751018e+00 1.041397949218750000e+03
2.109661774584755900e+00 1.032764404296875000e+03
2.113094910100759893e+00 1.034544311523437500e+03
2.116528045616764775e+00 1.035108154296875000e+03
2.119961181132768768e+00 1.044039062500000000e+03
2.123394316648773650e+00 1.037981689453125000e+03
2.126827452164778087e+00 1.029619628906250000e+03
2.130260587680782525e+00 1.017175415039062500e+03
2.133693723196786962e+00 1.009020507812500000e+03
2.137126858712791844e+00 1.004580566406250000e+03
2.140559994228795837e+00 9.961078491210937500e+02
2.143993129744800719e+00 9.930383911132812500e+02
2.147426265260804712e+00 9.850935058593750000e+02
2.150859400776809593e+00 9.855344238281250000e+02
2.154292536292814031e+00 9.871878662109375000e+02
2.157725671808818468e+00 9.943773193359375000e+02
2.161158807324822906e+00 9.968041992187500000e+02
2.164591942840827343e+00 9.927888183593750000e+02
2.168025078356831781e+00 9.906841430664062500e+02
2.171458213872836662e+00 9.836508789062500000e+02
2.174891349388840656e+00 9.789807128906250000e+02
2.178324484904845537e+00 9.741411743164062500e+02
2.181757620420849975e+00 9.760656738281250000e+02
2.185190755936854412e+00 9.807076416015625000e+02
2.188623891452858850e+00 9.808326416015625000e+02
2.192057026968863287e+00 9.769382324218750000e+02
2.195490162484867724e+00 9.718325195312500000e+02
2.198923298000872162e+00 9.709178466796875000e+02
2.202356433516876599e+00 9.663486938476562500e+02
2.205789569032881037e+00 9.670579223632812500e+02
2.209222704548885918e+00 9.609398193359375000e+02
2.212655840064889912e+00 9.573088378906250000e+02
2.216088975580894793e+00 9.402003784179687500e+02
2.219522111096898787e+00 9.352233276367187500e+02
2.222955246612903668e+00 9.347444458007812500e+02
2.226388382128908106e+00 9.417477416992187500e+02
2.229821517644912543e+00 9.404862060546875000e+02
2.233254653160916980e+00 9.371167602539062500e+02
2.236687788676921418e+00 9.291513061523437500e+02
2.240120924192925855e+00 9.266262207031250000e+02
2.243554059708930737e+00 9.218816528320312500e+02
2.246987195224934730e+00 9.280302734375000000e+02
2.250420330740939612e+00 9.280032958984375000e+02
2.253853466256944049e+00 9.294406127929687500e+02
2.257286601772948487e+00 9.189649047851562500e+02
2.260719737288952924e+00 9.146762695312500000e+02
2.264152872804957362e+00 9.086189575195312500e+02
2.267586008320961799e+00 9.034263305664062500e+02
2.271019143836966681e+00 8.968928833007812500e+02
2.274452279352970674e+00 8.893851928710937500e+02
2.277885414868975555e+00 8.925358276367187500e+02
2.281318550384979549e+00 8.994592895507812500e+02
2.284751685900984430e+00 9.023265991210937500e+02
2.288184821416988868e+00 9.009367675781250000e+02
2.291617956932993305e+00 8.977448730468750000e+02
2.295051092448997743e+00 8.996936645507812500e+02
2.298484227965002624e+00 9.012733764648437500e+02
2.301917363481006618e+00 9.145806884765625000e+02
2.305350498997011499e+00 9.360879516601562500e+02
2.308783634513015492e+00 9.791145019531250000e+02
2.312216770029020374e+00 1.054441406250000000e+03
2.315649905545024811e+00 1.136054809570312500e+03
2.319083041061029249e+00 1.226443603515625000e+03
2.322516176577033686e+00 1.260134277343750000e+03
2.325949312093038124e+00 1.243345825195312500e+03
2.329382447609042561e+00 1.171721557617187500e+03
2.332815583125047443e+00 1.072677124023437500e+03
2.336248718641051436e+00 1.002181457519531250e+03
2.339681854157056318e+00 9.451640625000000000e+02
2.343114989673060755e+00 9.092676391601562500e+02
2.346548125189064748e+00 8.899355468750000000e+02
2.349981260705069630e+00 8.732420043945312500e+02
2.353414396221073623e+00 8.583977050781250000e+02
2.356847531737078505e+00 8.508366088867187500e+02
2.360280667253082942e+00 8.507977294921875000e+02
2.363713802769087380e+00 8.533979492187500000e+02
2.367146938285091817e+00 8.554697875976562500e+02
2.370580073801096255e+00 8.566925048828125000e+02
2.374013209317100692e+00 8.592096557617187500e+02
2.377446344833105574e+00 8.564763183593750000e+02
2.380879480349109567e+00 8.502105102539062500e+02
2.384312615865114449e+00 8.400086059570312500e+02
2.387745751381118886e+00 8.374227294921875000e+02
2.391178886897123324e+00 8.390526733398437500e+02
2.394612022413127761e+00 8.501974487304687500e+02
2.398045157929132198e+00 8.468659057617187500e+02
2.401478293445136636e+00 8.434543457031250000e+02
2.404911428961141517e+00 8.327531127929687500e+02
2.408344564477145511e+00 8.287288818359375000e+02
2.411777699993150392e+00 8.241251831054687500e+02
2.415210835509154830e+00 8.215597534179687500e+02
2.418643971025159267e+00 8.246669921875000000e+02
2.422077106541163705e+00 8.292789916992187500e+02
2.425510242057168142e+00 8.346826171875000000e+02
2.428943377573172580e+00 8.348823242187500000e+02
2.432376513089177461e+00 8.209381103515625000e+02
2.435809648605181454e+00 8.163575439453125000e+02
2.439242784121186336e+00 8.123725585937500000e+02
2.442675919637190329e+00 8.220831909179687500e+02
2.446109055153195211e+00 8.179802246093750000e+02
2.449542190669199648e+00 8.141213989257812500e+02
2.452975326185204086e+00 8.111724853515625000e+02
2.456408461701208523e+00 8.055197753906250000e+02
2.459841597217213405e+00 8.078186645507812500e+02
2.463274732733217398e+00 8.084966430664062500e+02
2.466707868249222280e+00 8.082711181640625000e+02
2.470141003765226273e+00 8.022736816406250000e+02
2.473574139281231155e+00 7.952602539062500000e+02
2.477007274797235592e+00 7.979580078125000000e+02
2.480440410313240029e+00 8.009841918945312500e+02
2.483873545829244467e+00 8.000592651367187500e+02
2.487306681345248904e+00 7.995216064453125000e+02
2.490739816861253342e+00 7.975317993164062500e+02
2.494172952377257779e+00 8.075516967773437500e+02
2.497606087893262217e+00 8.196629028320312500e+02
2.501039223409266654e+00 8.447500000000000000e+02
2.504472358925271536e+00 8.734649047851562500e+02
2.507905494441275529e+00 9.124792480468750000e+02
2.511338629957280411e+00 9.399398193359375000e+02
2.514771765473284404e+00 9.393966674804687500e+02
2.518204900989289285e+00 9.175363159179687500e+02
2.521638036505293723e+00 8.878501586914062500e+02
2.525071172021298160e+00 8.547967529296875000e+02
2.528504307537302598e+00 8.267107543945312500e+02
2.531937443053307035e+00 8.033978881835937500e+02
2.535370578569311473e+00 7.902271728515625000e+02
2.538803714085316354e+00 7.851397094726562500e+02
2.542236849601320348e+00 7.810919799804687500e+02
2.545669985117325229e+00 7.841007690429687500e+02
2.549103120633329667e+00 7.791196289062500000e+02
2.552536256149334104e+00 7.764857788085937500e+02
2.555969391665338541e+00 7.670216674804687500e+02
2.559402527181342979e+00 7.603645019531250000e+02
2.562835662697347416e+00 7.577667236328125000e+02
2.566268798213352298e+00 7.536959228515625000e+02
2.569701933729356291e+00 7.492233886718750000e+02
2.573135069245361173e+00 7.425706176757812500e+02
2.576568204761365610e+00 7.459043579101562500e+02
2.580001340277370048e+00 7.498137207031250000e+02
2.583434475793374485e+00 7.584932250976562500e+02
2.586867611309378923e+00 7.594119262695312500e+02
2.590300746825383360e+00 7.604898681640625000e+02
2.593733882341388242e+00 7.551804809570312500e+02
2.597167017857392235e+00 7.467213134765625000e+02
2.600600153373397116e+00 7.436516113281250000e+02
2.604033288889401110e+00 7.392829589843750000e+02
2.607466424405405991e+00 7.425887451171875000e+02
2.610899559921410429e+00 7.425133056640625000e+02
2.614332695437414866e+00 7.466616210937500000e+02
2.617765830953419304e+00 7.507816772460937500e+02
2.621198966469423741e+00 7.542618408203125000e+02
2.624632101985428179e+00 7.508491821289062500e+02
2.628065237501433060e+00 7.393998413085937500e+02
2.631498373017437054e+00 7.352948608398437500e+02
2.634931508533441935e+00 7.362586059570312500e+02
2.638364644049446373e+00 7.403048095703125000e+02
2.641797779565450366e+00 7.409789428710937500e+02
2.645230915081455247e+00 7.355666503906250000e+02
2.648664050597459685e+00 7.371456298828125000e+02
2.652097186113464122e+00 7.316021728515625000e+02
2.655530321629468560e+00 7.329073486328125000e+02
2.658963457145472997e+00 7.311579589843750000e+02
2.662396592661477435e+00 7.319032592773437500e+02
2.665829728177482316e+00 7.297230834960937500e+02
2.669262863693486310e+00 7.238422241210937500e+02
2.672695999209491191e+00 7.097368774414062500e+02
2.676129134725495184e+00 7.013769531250000000e+02
2.679562270241500066e+00 6.968092041015625000e+02
2.682995405757504503e+00 6.965106201171875000e+02
2.686428541273508941e+00 7.016193237304687500e+02
2.689861676789513378e+00 7.045936889648437500e+02
2.693294812305517816e+00 7.165758056640625000e+02
2.696727947821522253e+00 7.209347534179687500e+02
2.700161083337527135e+00 7.234617919921875000e+02
2.703594218853531128e+00 7.150900268554687500e+02
2.707027354369536010e+00 7.104095458984375000e+02
2.710460489885540447e+00 7.063352661132812500e+02
2.713893625401544885e+00 7.088953857421875000e+02
2.717326760917549322e+00 7.105375976562500000e+02
2.720759896433553759e+00 7.079761352539062500e+02
2.724193031949558197e+00 7.015820312500000000e+02
2.727626167465563078e+00 7.000157470703125000e+02
2.731059302981567072e+00 6.991525878906250000e+02
2.734492438497571953e+00 7.026697998046875000e+02
2.737925574013576391e+00 6.994889526367187500e+02
2.741358709529580828e+00 7.017817993164062500e+02
2.744791845045585266e+00 7.037757568359375000e+02
2.748224980561589703e+00 7.189253540039062500e+02
2.751658116077594141e+00 7.463825073242187500e+02
2.755091251593599022e+00 8.015496215820312500e+02
2.758524387109603015e+00 8.916827392578125000e+02
2.761957522625607897e+00 9.988281860351562500e+02
2.765390658141611890e+00 1.108030029296875000e+03
2.768823793657616772e+00 1.186310791015625000e+03
2.772256929173621209e+00 1.179042602539062500e+03
2.775690064689625647e+00 1.114448242187500000e+03
2.779123200205630084e+00 9.912218017578125000e+02
2.782556335721634522e+00 8.875650634765625000e+02
2.785989471237638959e+00 8.020473022460937500e+02
2.789422606753643397e+00 7.463135986328125000e+02
2.792855742269647834e+00 7.215910034179687500e+02
2.796288877785652272e+00 7.060426025390625000e+02
2.799722013301657153e+00 7.011465454101562500e+02
2.803155148817661146e+00 6.953158569335937500e+02
2.806588284333666028e+00 6.978214111328125000e+02
2.810021419849670465e+00 6.962523193359375000e+02
2.813454555365674903e+00 7.080183715820312500e+02
2.816887690881679340e+00 7.043461303710937500e+02
2.820320826397683778e+00 7.024916381835937500e+02
2.823753961913688215e+00 6.967352294921875000e+02
2.827187097429693097e+00 7.106131591796875000e+02
2.830620232945697090e+00 7.468310546875000000e+02
2.834053368461701972e+00 7.888684082031250000e+02
2.837486503977705965e+00 8.224976196289062500e+02
2.840919639493710847e+00 8.360082397460937500e+02
2.844352775009715284e+00 8.252484741210937500e+02
2.847785910525719721e+00 8.014138793945312500e+02
2.851219046041724159e+00 7.598508300781250000e+02
2.854652181557728596e+00 7.188931274414062500e+02
2.858085317073733034e+00 7.012588500976562500e+02
2.861518452589737915e+00 6.905351562500000000e+02
2.864951588105741909e+00 6.861014404296875000e+02
2.868384723621746790e+00 6.746574096679687500e+02
2.871817859137751228e+00 6.734648437500000000e+02
2.875250994653755665e+00 6.727293090820312500e+02
2.878684130169760103e+00 6.747616577148437500e+02
2.882117265685764540e+00 6.767375488281250000e+02
2.885550401201768977e+00 6.833573608398437500e+02
2.888983536717773859e+00 6.779451293945312500e+02
2.892416672233777852e+00 6.785947265625000000e+02
2.895849807749782734e+00 6.882504272460937500e+02
2.899282943265787171e+00 7.006328735351562500e+02
2.902716078781791609e+00 7.067136230468750000e+02
2.906149214297796046e+00 7.041088256835937500e+02
2.909582349813800484e+00 7.053433227539062500e+02
2.913015485329804921e+00 7.065869140625000000e+02
2.916448620845809803e+00 7.039805297851562500e+02
2.919881756361813796e+00 7.068925170898437500e+02
2.923314891877818678e+00 7.129670410156250000e+02
2.926748027393822671e+00 7.327401733398437500e+02
2.930181162909827552e+00 7.637539672851562500e+02
2.933614298425831990e+00 7.969226074218750000e+02
2.937047433941835983e+00 8.337309570312500000e+02
2.940480569457840865e+00 8.660744018554687500e+02
2.943913704973845302e+00 8.862767944335937500e+02
2.947346840489849740e+00 8.967244873046875000e+02
2.950779976005854177e+00 9.074377441406250000e+02
2.954213111521858615e+00 9.324837646484375000e+02
2.957646247037863052e+00 1.005441833496093750e+03
2.961079382553867934e+00 1.210295654296875000e+03
2.964512518069871927e+00 1.637001220703125000e+03
2.967945653585876808e+00 2.445977050781250000e+03
2.971378789101881246e+00 4.162639648437500000e+03
2.974811924617885683e+00 6.202071289062500000e+03
2.978245060133890121e+00 8.609178710937500000e+03
2.981678195649894558e+00 1.105280175781250000e+04
2.985111331165898996e+00 1.174597949218750000e+04
2.988544466681903877e+00 1.118427734375000000e+04
2.991977602197907871e+00 8.771284179687500000e+03
2.995410737713912752e+00 6.276742675781250000e+03
2.998843873229916746e+00 4.061656738281250000e+03
3.002277008745921627e+00 2.343142089843750000e+03
3.005710144261926065e+00 1.583400756835937500e+03
3.009143279777930502e+00 1.171543945312500000e+03
3.012576415293934939e+00 9.512450561523437500e+02
3.016009550809939377e+00 8.640250854492187500e+02
3.019442686325943814e+00 8.130991821289062500e+02
3.022875821841948696e+00 7.836586914062500000e+02
3.026308957357952689e+00 7.630397338867187500e+02
3.029742092873957571e+00 7.500137329101562500e+02
3.033175228389962008e+00 7.373491821289062500e+02
3.036608363905966446e+00 7.338703613281250000e+02
3.040041499421970883e+00 7.375377807617187500e+02
3.043474634937975321e+00 7.417026977539062500e+02
3.046907770453979758e+00 7.516129760742187500e+02
3.050340905969984640e+00 7.520256347656250000e+02
3.053774041485988633e+00 7.456574707031250000e+02
3.057207177001993514e+00 7.351235351562500000e+02
3.060640312517997952e+00 7.299874267578125000e+02
3.064073448034002389e+00 7.343185424804687500e+02
3.067506583550006827e+00 7.433862304687500000e+02
3.070939719066011264e+00 7.525596313476562500e+02
3.074372854582015702e+00 7.665816650390625000e+02
3.077805990098020583e+00 7.758524780273437500e+02
3.081239125614024577e+00 7.770111083984375000e+02
3.084672261130029014e+00 7.656764526367187500e+02
3.088105396646033451e+00 7.439334106445312500e+02
3.091538532162037889e+00 7.210451660156250000e+02
3.094971667678042770e+00 6.969025268554687500e+02
3.098404803194046764e+00 6.664434814453125000e+02
3.101837938710051645e+00 6.523799438476562500e+02
3.105271074226056083e+00 6.410743408203125000e+02
3.108704209742060520e+00 6.375553588867187500e+02
3.112137345258064958e+00 6.227266235351562500e+02
3.115570480774069395e+00 6.162611694335937500e+02
3.119003616290073833e+00 6.082879638671875000e+02
3.122436751806078714e+00 6.095913085937500000e+02
3.125869887322082707e+00 6.076814575195312500e+02
3.129303022838087589e+00 6.047257690429687500e+02
3.132736158354092026e+00 6.035657348632812500e+02
3.136169293870096464e+00 6.027296752929687500e+02
3.139602429386100901e+00 5.986494750976562500e+02
3.143035564902105339e+00 5.987543334960937500e+02
3.146468700418109776e+00 6.014375000000000000e+02
3.149901835934114658e+00 6.071647338867187500e+02
3.153334971450118651e+00 6.066041870117187500e+02
3.156768106966123533e+00 6.005634765625000000e+02
3.160201242482127526e+00 5.977615356445312500e+02
3.163634377998132408e+00 5.997660522460937500e+02
3.167067513514136845e+00 6.029732666015625000e+02
3.170500649030141282e+00 6.015359497070312500e+02
3.173933784546145720e+00 6.008747558593750000e+02
3.177366920062150157e+00 5.965690917968750000e+02
3.180800055578154595e+00 5.941000366210937500e+02
3.184233191094159476e+00 5.923445434570312500e+02
3.187666326610163470e+00 5.946989135742187500e+02
3.191099462126168351e+00 6.004987792968750000e+02
3.194532597642172789e+00 5.996844482421875000e+02
3.197965733158177226e+00 5.946401977539062500e+02
3.201398868674181664e+00 5.889702148437500000e+02
3.204832004190186101e+00 5.860714111328125000e+02
3.208265139706190539e+00 5.804332275390625000e+02
3.211698275222195420e+00 5.762290039062500000e+02
3.215131410738199413e+00 5.832264404296875000e+02
3.218564546254204295e+00 5.941881103515625000e+02
3.221997681770208732e+00 5.984492797851562500e+02
3.225430817286212726e+00 5.959854125976562500e+02
3.228863952802217607e+00 5.980968017578125000e+02
3.232297088318221601e+00 5.985492553710937500e+02
3.235730223834226482e+00 5.948696289062500000e+02
3.239163359350230920e+00 5.869126586914062500e+02
3.242596494866235357e+00 5.872048339843750000e+02
3.246029630382239795e+00 5.928735961914062500e+02
3.249462765898244232e+00 6.006675415039062500e+02
3.252895901414248669e+00 6.090143432617187500e+02
3.256329036930253551e+00 6.240816040039062500e+02
3.259762172446257544e+00 6.479602050781250000e+02
3.263195307962262426e+00 6.680299682617187500e+02
3.266628443478266863e+00 6.815963134765625000e+02
3.270061578994271301e+00 6.808826904296875000e+02
3.273494714510275738e+00 6.671047973632812500e+02
3.276927850026280176e+00 6.463223266601562500e+02
3.280360985542284613e+00 6.213395385742187500e+02
3.283794121058289495e+00 5.991499633789062500e+02
3.287227256574293488e+00 5.802843627929687500e+02
3.290660392090298370e+00 5.747304687500000000e+02
3.294093527606302807e+00 5.736269531250000000e+02
3.297526663122307244e+00 5.756627807617187500e+02
3.300959798638311682e+00 5.731533813476562500e+02
3.304392934154316119e+00 5.744144897460937500e+02
3.307826069670320557e+00 5.705524291992187500e+02
3.311259205186325438e+00 5.609656372070312500e+02
3.314692340702329432e+00 5.538122558593750000e+02
3.318125476218334313e+00 5.565316162109375000e+02
3.321558611734338307e+00 5.640277709960937500e+02
3.324991747250343188e+00 5.716749267578125000e+02
3.328424882766347626e+00 5.730046386718750000e+02
3.331858018282352063e+00 5.783025512695312500e+02
3.335291153798356500e+00 5.771547241210937500e+02
3.338724289314360938e+00 5.728489379882812500e+02
3.342157424830365375e+00 5.663960571289062500e+02
3.345590560346370257e+00 5.651242675781250000e+02
3.349023695862374250e+00 5.686556396484375000e+02
3.352456831378379132e+00 5.728506469726562500e+02
3.355889966894383569e+00 5.848325195312500000e+02
3.359323102410388007e+00 5.912897338867187500e+02
3.362756237926392444e+00 5.954107055664062500e+02
3.366189373442396882e+00 6.018828125000000000e+02
3.369622508958401319e+00 6.031597290039062500e+02
3.373055644474405756e+00 6.043442382812500000e+02
3.376488779990410194e+00 5.877227172851562500e+02
3.379921915506414631e+00 5.789926757812500000e+02
3.383355051022419513e+00 5.635620727539062500e+02
3.386788186538423506e+00 5.555320434570312500e+02
3.390221322054428388e+00 5.523692016601562500e+02
3.393654457570432381e+00 5.569315795898437500e+02
3.397087593086437263e+00 5.595554199218750000e+02
3.400520728602441700e+00 5.566530151367187500e+02
3.403953864118446138e+00 5.573630371093750000e+02
3.407386999634450575e+00 5.619513549804687500e+02
3.410820135150455013e+00 5.699982299804687500e+02
3.414253270666459450e+00 5.768325195312500000e+02
3.417686406182464331e+00 5.829649047851562500e+02
3.421119541698468325e+00 5.908400878906250000e+02
3.424552677214473206e+00 6.002559204101562500e+02
3.427985812730477644e+00 6.089515991210937500e+02
3.431418948246482081e+00 6.212029418945312500e+02
3.434852083762486519e+00 6.327077026367187500e+02
3.438285219278490956e+00 6.541535034179687500e+02
3.441718354794495394e+00 6.777188720703125000e+02
3.445151490310500275e+00 6.951673583984375000e+02
3.448584625826504269e+00 7.075578613281250000e+02
3.452017761342509150e+00 6.887532958984375000e+02
3.455450896858513143e+00 6.620405273437500000e+02
3.458884032374518025e+00 6.256345214843750000e+02
3.462317167890522462e+00 6.066470947265625000e+02
3.465750303406526900e+00 5.937741088867187500e+02
3.469183438922531337e+00 5.870484619140625000e+02
3.472616574438536219e+00 5.741333618164062500e+02
3.476049709954540212e+00 5.659171752929687500e+02
3.479482845470545094e+00 5.563633422851562500e+02
3.482915980986549087e+00 5.542783813476562500e+02
3.486349116502553969e+00 5.498364868164062500e+02
3.489782252018558406e+00 5.443254394531250000e+02
3.493215387534562844e+00 5.458542480468750000e+02
3.496648523050567281e+00 5.467017211914062500e+02
3.500081658566571718e+00 5.515847167968750000e+02
3.503514794082576156e+00 5.451987304687500000e+02
3.506947929598581037e+00 5.426712646484375000e+02
3.510381065114585031e+00 5.392128295898437500e+02
3.513814200630589912e+00 5.382478637695312500e+02
3.517247336146594350e+00 5.358166503906250000e+02
3.520680471662598343e+00 5.341655273437500000e+02
3.524113607178603225e+00 5.353413696289062500e+02
3.527546742694607218e+00 5.362874145507812500e+02
3.530979878210612100e+00 5.385724487304687500e+02
3.534413013726616537e+00 5.396141967773437500e+02
3.537846149242620974e+00 5.432454223632812500e+02
3.541279284758625412e+00 5.430479125976562500e+02
3.544712420274630293e+00 5.442240600585937500e+02
3.548145555790634287e+00 5.449021606445312500e+02
3.551578691306639168e+00 5.477068481445312500e+02
3.555011826822643162e+00 5.488659667968750000e+02
3.558444962338648043e+00 5.557384033203125000e+02
3.561878097854652481e+00 5.555888061523437500e+02
3.565311233370656918e+00 5.536366577148437500e+02
3.568744368886661356e+00 5.405690917968750000e+02
3.572177504402665793e+00 5.377121582031250000e+02
3.575610639918670230e+00 5.361304931640625000e+02
3.579043775434675112e+00 5.337993774414062500e+02
3.582476910950679105e+00 5.308275756835937500e+02
3.585910046466683987e+00 5.298999023437500000e+02
3.589343181982688424e+00 5.398228759765625000e+02
3.592776317498692418e+00 5.410350341796875000e+02
3.596209453014697299e+00 5.356282958984375000e+02
3.599642588530701737e+00 5.241373901367187500e+02
3.603075724046706618e+00 5.203302612304687500e+02
3.606508859562710612e+00 5.211963500976562500e+02
3.609941995078715049e+00 5.208969116210937500e+02
3.613375130594719931e+00 5.213948364257812500e+02
3.616808266110724368e+00 5.200830688476562500e+02
3.620241401626728361e+00 5.234313964843750000e+02
3.623674537142733243e+00 5.226407470703125000e+02
3.627107672658737680e+00 5.220506591796875000e+02
3.630540808174742562e+00 5.176149902343750000e+02
3.633973943690746555e+00 5.208468017578125000e+02
3.637407079206750993e+00 5.214840698242187500e+02
3.640840214722755874e+00 5.227315673828125000e+02
3.644273350238760312e+00 5.177288818359375000e+02
3.647706485754764305e+00 5.156137084960937500e+02
3.651139621270769187e+00 5.105866394042968750e+02
3.654572756786773624e+00 5.096643676757812500e+02
3.658005892302778506e+00 5.119752197265625000e+02
3.661439027818782499e+00 5.101044616699218750e+02
3.664872163334786936e+00 5.146020507812500000e+02
3.668305298850791818e+00 5.100910339355468750e+02
3.671738434366795367e+00 5.092382812500000000e+02
3.675171569882800249e+00 5.031331481933593750e+02
3.678604705398805130e+00 5.055373229980468750e+02
3.682037840914809568e+00 5.095350036621093750e+02
3.685470976430813561e+00 5.155136718750000000e+02
3.688904111946817999e+00 5.150393676757812500e+02
3.692337247462822880e+00 5.176602172851562500e+02
3.695770382978827762e+00 5.153257446289062500e+02
3.699203518494831311e+00 5.155607910156250000e+02
3.702636654010836192e+00 5.142377929687500000e+02
3.706069789526840630e+00 5.126044311523437500e+02
3.709502925042845511e+00 5.094487304687500000e+02
3.712936060558849505e+00 5.066713867187500000e+02
3.716369196074853942e+00 5.069548339843750000e+02
3.719802331590858824e+00 5.100886840820312500e+02
3.723235467106863705e+00 5.089418945312500000e+02
3.726668602622867255e+00 5.058695983886718750e+02
3.730101738138872136e+00 5.022589111328125000e+02
3.733534873654876574e+00 5.044829406738281250e+02
3.736968009170881455e+00 5.052424621582031250e+02
3.740401144686885448e+00 5.073538818359375000e+02
3.743834280202889886e+00 5.082574157714843750e+02
3.747267415718894767e+00 5.109862365722656250e+02
3.750700551234899205e+00 5.114569091796875000e+02
3.754133686750903198e+00 5.071907043457031250e+02
3.757566822266908080e+00 4.963057250976562500e+02
3.760999957782912517e+00 4.979650878906250000e+02
3.764433093298917399e+00 5.123573608398437500e+02
3.767866228814921392e+00 5.348380126953125000e+02
3.771299364330925830e+00 5.611621704101562500e+02
3.774732499846930711e+00 5.772481079101562500e+02
3.778165635362935149e+00 5.883038940429687500e+02
3.781598770878939142e+00 5.780877075195312500e+02
3.785031906394944023e+00 5.587371215820312500e+02
3.788465041910948461e+00 5.376913452148437500e+02
3.791898177426953342e+00 5.246157226562500000e+02
3.795331312942957336e+00 5.225966186523437500e+02
3.798764448458961773e+00 5.197613525390625000e+02
3.802197583974966655e+00 5.127370605468750000e+02
3.805630719490971092e+00 5.013801574707031250e+02
3.809063855006975086e+00 4.965471801757812500e+02
3.812496990522979967e+00 4.945376892089843750e+02
3.815930126038984405e+00 4.943412170410156250e+02
3.819363261554988398e+00 4.922896118164062500e+02
3.822796397070993279e+00 4.957267150878906250e+02
3.826229532586997717e+00 5.008461608886718750e+02
3.829662668103002598e+00 5.101072998046875000e+02
3.833095803619006148e+00 5.158773193359375000e+02
3.836528939135011029e+00 5.268179931640625000e+02
3.839962074651015911e+00 5.376353759765625000e+02
3.843395210167020348e+00 5.581323852539062500e+02
3.846828345683024342e+00 5.729575195312500000e+02
3.850261481199028779e+00 5.786029663085937500e+02
3.853694616715033661e+00 5.715986328125000000e+02
3.857127752231038542e+00 5.658328247070312500e+02
3.860560887747042091e+00 5.556198730468750000e+02
3.863994023263046973e+00 5.575505981445312500e+02
3.867427158779051410e+00 5.556575927734375000e+02
3.870860294295056292e+00 5.552176513671875000e+02
3.874293429811060285e+00 5.451021118164062500e+02
3.877726565327064723e+00 5.391882934570312500e+02
3.881159700843069604e+00 5.275646972656250000e+02
3.884592836359074486e+00 5.153648071289062500e+02
3.888025971875078035e+00 5.051350402832031250e+02
3.891459107391082917e+00 4.977753295898437500e+02
3.894892242907087354e+00 4.949698486328125000e+02
3.898325378423092236e+00 4.887532348632812500e+02
3.901758513939096229e+00 4.865761718750000000e+02
3.905191649455100666e+00 4.848461914062500000e+02
3.908624784971105548e+00 4.829152832031250000e+02
3.912057920487109985e+00 4.788978881835937500e+02
3.915491056003113979e+00 4.742165527343750000e+02
3.918924191519118860e+00 4.782361145019531250e+02
3.922357327035123298e+00 4.834788208007812500e+02
3.925790462551128179e+00 4.891093139648437500e+02
3.929223598067132173e+00 4.893285827636718750e+02
3.932656733583136610e+00 4.911369323730468750e+02
3.936089869099141492e+00 4.935138549804687500e+02
3.939523004615145929e+00 4.928106689453125000e+02
3.942956140131149922e+00 4.877290649414062500e+02
3.946389275647154804e+00 4.857178344726562500e+02
3.949822411163159241e+00 4.804827880859375000e+02
3.953255546679164123e+00 4.818082885742187500e+02
3.956688682195168116e+00 4.781018981933593750e+02
3.960121817711172554e+00 4.821454162597656250e+02
3.963554953227177435e+00 4.812467041015625000e+02
3.966988088743181429e+00 4.847322692871093750e+02
3.970421224259185866e+00 4.791779785156250000e+02
3.973854359775190748e+00 4.782709960937500000e+02
3.977287495291195185e+00 4.712904052734375000e+02
3.980720630807199178e+00 4.734112243652343750e+02
3.984153766323204060e+00 4.712354736328125000e+02
3.987586901839208497e+00 4.792074279785156250e+02
3.991020037355213379e+00 4.900411987304687500e+02
3.994453172871216928e+00 5.055901184082031250e+02
3.997886308387221810e+00 5.271046752929687500e+02
4.001319443903226691e+00 5.611254272460937500e+02
4.004752579419231573e+00 6.078783569335937500e+02
4.008185714935234678e+00 6.634793701171875000e+02
4.011618850451239560e+00 6.934529418945312500e+02
4.015051985967244441e+00 6.993206787109375000e+02
4.018485121483249323e+00 6.814251708984375000e+02
4.021918256999253316e+00 6.500820922851562500e+02
4.025351392515257309e+00 6.179686889648437500e+02
4.028784528031262191e+00 5.782886352539062500e+02
4.032217663547267072e+00 5.447100830078125000e+02
4.035650799063271066e+00 5.192216186523437500e+02
4.039083934579275947e+00 5.007803649902343750e+02
4.042517070095279941e+00 4.894650878906250000e+02
4.045950205611284822e+00 4.859694519042968750e+02
4.049383341127288816e+00 4.830801391601562500e+02
4.052816476643293697e+00 4.802776184082031250e+02
4.056249612159298579e+00 4.786654663085937500e+02
4.059682747675302572e+00 4.801781616210937500e+02
4.063115883191306565e+00 4.858552246093750000e+02
4.066549018707311447e+00 4.812603759765625000e+02
4.069982154223316329e+00 4.763959960937500000e+02
4.073415289739321210e+00 4.674600830078125000e+02
4.076848425255325203e+00 4.686947021484375000e+02
4.080281560771329197e+00 4.682913818359375000e+02
4.083714696287334078e+00 4.753908996582031250e+02
4.087147831803338960e+00 4.740795898437500000e+02
4.090580967319342953e+00 4.745949401855468750e+02
4.094014102835347835e+00 4.704399108886718750e+02
4.097447238351351828e+00 4.697082214355468750e+02
4.100880373867356710e+00 4.686673278808593750e+02
4.104313509383360703e+00 4.628702392578125000e+02
4.107746644899365585e+00 4.625449218750000000e+02
4.111179780415370466e+00 4.602393798828125000e+02
4.114612915931374459e+00 4.617622375488281250e+02
4.118046051447378453e+00 4.580214843750000000e+02
4.121479186963383334e+00 4.611123962402343750e+02
4.124912322479388216e+00 4.647972412109375000e+02
4.128345457995392209e+00 4.668187866210937500e+02
4.131778593511397091e+00 4.592888793945312500e+02
4.135211729027401084e+00 4.535960083007812500e+02
4.138644864543405966e+00 4.542709960937500000e+02
4.142078000059409959e+00 4.612131652832031250e+02
4.145511135575414841e+00 4.604041748046875000e+02
4.148944271091419722e+00 4.666188354492187500e+02
4.152377406607423715e+00 4.662581481933593750e+02
4.155810542123427709e+00 4.697010498046875000e+02
4.159243677639432590e+00 4.660827941894531250e+02
4.162676813155437472e+00 4.677862548828125000e+02
4.166109948671442353e+00 4.713523864746093750e+02
4.169543084187445459e+00 4.768335876464843750e+02
4.172976219703450340e+00 4.896419067382812500e+02
4.176409355219455222e+00 5.112035827636718750e+02
4.179842490735460103e+00 5.439025878906250000e+02
4.183275626251464097e+00 5.641088867187500000e+02
4.186708761767468090e+00 5.744235839843750000e+02
4.190141897283472971e+00 5.670935058593750000e+02
4.193575032799477853e+00 5.506876220703125000e+02
4.197008168315481846e+00 5.300546875000000000e+02
4.200441303831486728e+00 5.110661010742187500e+02
4.203874439347490721e+00 5.050420837402343750e+02
4.207307574863495603e+00 5.084243774414062500e+02
4.210740710379499596e+00 5.232389526367187500e+02
4.214173845895504478e+00 5.429099121093750000e+02
4.217606981411509359e+00 5.628062744140625000e+02
4.221040116927513353e+00 5.722879638671875000e+02
4.224473252443517346e+00 5.612869873046875000e+02
4.227906387959522228e+00 5.364099121093750000e+02
4.231339523475527109e+00 5.090781555175781250e+02
4.234772658991531991e+00 4.885313415527343750e+02
4.238205794507535984e+00 4.759217529296875000e+02
4.241638930023539977e+00 4.643348083496093750e+02
4.245072065539544859e+00 4.621399536132812500e+02
4.248505201055549740e+00 4.590012207031250000e+02
4.251938336571553734e+00 4.579546508789062500e+02
4.255371472087558615e+00 4.546843261718750000e+02
4.258804607603562609e+00 4.557004394531250000e+02
4.262237743119566602e+00 4.580786132812500000e+02
4.265670878635571484e+00 4.547351379394531250e+02
4.269104014151576365e+00 4.577441711425781250e+02
4.272537149667581247e+00 4.552697448730468750e+02
4.275970285183585240e+00 4.628560485839843750e+02
4.279403420699589233e+00 4.666750488281250000e+02
4.282836556215594115e+00 4.757160034179687500e+02
4.286269691731598996e+00 4.870248718261718750e+02
4.289702827247602990e+00 5.110162048339843750e+02
4.293135962763607871e+00 5.434460449218750000e+02
4.296569098279611865e+00 5.819154663085937500e+02
4.300002233795616746e+00 6.022724609375000000e+02
4.303435369311620740e+00 6.037105102539062500e+02
4.306868504827625621e+00 5.850888061523437500e+02
4.310301640343630503e+00 5.478209228515625000e+02
4.313734775859634496e+00 5.186370849609375000e+02
4.317167911375638489e+00 4.931089782714843750e+02
4.320601046891643371e+00 4.789135437011718750e+02
4.324034182407648252e+00 4.642423095703125000e+02
4.327467317923653134e+00 4.541507568359375000e+02
4.330900453439656239e+00 4.491996459960937500e+02
4.334333588955661121e+00 4.488446044921875000e+02
4.337766724471666002e+00 4.518148193359375000e+02
4.341199859987670884e+00 4.589474182128906250e+02
4.344632995503674877e+00 4.648966064453125000e+02
4.348066131019678870e+00 4.696366577148437500e+02
4.351499266535683752e+00 4.695464782714843750e+02
4.354932402051688634e+00 4.718416137695312500e+02
4.358365537567692627e+00 4.687268371582031250e+02
4.361798673083697508e+00 4.674807434082031250e+02
4.365231808599701502e+00 4.631735229492187500e+02
4.368664944115706383e+00 4.596391906738281250e+02
4.372098079631710377e+00 4.580607910156250000e+02
4.375531215147715258e+00 4.543466186523437500e+02
4.378964350663720140e+00 4.548646850585937500e+02
4.382397486179724133e+00 4.508305358886718750e+02
4.385830621695728126e+00 4.522988586425781250e+02
4.389263757211733008e+00 4.527112121582031250e+02
4.392696892727737890e+00 4.577173767089843750e+02
4.396130028243741883e+00 4.635086364746093750e+02
4.399563163759746764e+00 4.720193786621093750e+02
4.402996299275750758e+00 4.865334167480468750e+02
4.406429434791755639e+00 4.937636108398437500e+02
4.409862570307759633e+00 5.010686035156250000e+02
4.413295705823764514e+00 5.053604125976562500e+02
4.416728841339769396e+00 5.110028381347656250e+02
4.420161976855773389e+00 4.991318359375000000e+02
4.423595112371777383e+00 4.782181396484375000e+02
4.427028247887782264e+00 4.595493774414062500e+02
4.430461383403787146e+00 4.544955444335937500e+02
4.433894518919792027e+00 4.546984863281250000e+02
4.437327654435796020e+00 4.493411865234375000e+02
4.440760789951800014e+00 4.429789428710937500e+02
4.444193925467804895e+00 4.365921325683593750e+02
4.447627060983809777e+00 4.311564331054687500e+02
4.451060196499813770e+00 4.325465698242187500e+02
4.454493332015818652e+00 4.355894775390625000e+02
4.457926467531822645e+00 4.398666381835937500e+02
4.461359603047827527e+00 4.366911926269531250e+02
4.464792738563831520e+00 4.327653503417968750e+02
4.468225874079836402e+00 4.315274963378906250e+02
4.471659009595841283e+00 4.292436218261718750e+02
4.475092145111845277e+00 4.283466796875000000e+02
4.478525280627849270e+00 4.329263916015625000e+02
4.481958416143854151e+00 4.383853149414062500e+02
4.485391551659859033e+00 4.430549621582031250e+02
4.488824687175863914e+00 4.392552185058593750e+02
4.492257822691867020e+00 4.377858276367187500e+02
4.495690958207871901e+00 4.360445251464843750e+02
4.499124093723876783e+00 4.356678771972656250e+02
4.502557229239881664e+00 4.340588684082031250e+02
4.505990364755885658e+00 4.328303527832031250e+02
4.509423500271889651e+00 4.299581909179687500e+02
4.512856635787894533e+00 4.260014038085937500e+02
4.516289771303899414e+00 4.242039184570312500e+02
4.519722906819903407e+00 4.262557373046875000e+02
4.523156042335908289e+00 4.308480834960937500e+02
4.526589177851912282e+00 4.327507019042968750e+02
4.530022313367917164e+00 4.317648315429687500e+02
4.533455448883921157e+00 4.314186706542968750e+02
4.536888584399926039e+00 4.288991088867187500e+02
4.540321719915930920e+00 4.257037658691406250e+02
4.543754855431934914e+00 4.187016601562500000e+02
4.547187990947938907e+00 4.206005249023437500e+02
4.550621126463943789e+00 4.278654479980468750e+02
4.554054261979948670e+00 4.337484741210937500e+02
4.557487397495952663e+00 4.345408325195312500e+02
4.560920533011957545e+00 4.318440246582031250e+02
4.564353668527961538e+00 4.328337402343750000e+02
4.567786804043966420e+00 4.305423583984375000e+02
4.571219939559970413e+00 4.291755371093750000e+02
4.574653075075975295e+00 4.316556396484375000e+02
4.578086210591980176e+00 4.344722900390625000e+02
4.581519346107984170e+00 4.361143188476562500e+02
4.584952481623988163e+00 4.316088256835937500e+02
4.588385617139993045e+00 4.314917602539062500e+02
4.591818752655997926e+00 4.305162963867187500e+02
4.595251888172002808e+00 4.287458496093750000e+02
4.598685023688006801e+00 4.246023254394531250e+02
4.602118159204010794e+00 4.246726074218750000e+02
4.605551294720015676e+00 4.252595214843750000e+02
4.608984430236020557e+00 4.270412902832031250e+02
4.612417565752024551e+00 4.304850769042968750e+02
4.615850701268029432e+00 4.368160400390625000e+02
4.619283836784033426e+00 4.421200256347656250e+02
4.622716972300038307e+00 4.425452575683593750e+02
4.626150107816042301e+00 4.405212402343750000e+02
4.629583243332047182e+00 4.389107055664062500e+02
4.633016378848052064e+00 4.463980407714843750e+02
4.636449514364056057e+00 4.610795288085937500e+02
4.639882649880060050e+00 4.835813598632812500e+02
4.643315785396064932e+00 5.133034667968750000e+02
4.646748920912069813e+00 5.394577026367187500e+02
4.650182056428074695e+00 5.685542602539062500e+02
4.653615191944077800e+00 5.811430053710937500e+02
4.657048327460082682e+00 5.847822265625000000e+02
4.660481462976087563e+00 5.778697509765625000e+02
4.663914598492092445e+00 5.756008300781250000e+02
4.667347734008096438e+00 5.725018920898437500e+02
4.670780869524100432e+00 5.670505981445312500e+02
4.674214005040105313e+00 5.529719238281250000e+02
4.677647140556110195e+00 5.400317993164062500e+02
4.681080276072114188e+00 5.186885986328125000e+02
4.684513411588119070e+00 4.939576416015625000e+02
4.687946547104123063e+00 4.732000427246093750e+02
4.691379682620127056e+00 4.580447387695312500e+02
4.694812818136131938e+00 4.450259704589843750e+02
4.698245953652136819e+00 4.352427368164062500e+02
4.701679089168141701e+00 4.255315246582031250e+02
4.705112224684145694e+00 4.240882873535156250e+02
4.708545360200149688e+00 4.236961669921875000e+02
4.711978495716154569e+00 4.283739013671875000e+02
4.715411631232159451e+00 4.328232421875000000e+02
4.718844766748163444e+00 4.355577392578125000e+02
4.722277902264168326e+00 4.363534851074218750e+02
4.725711037780172319e+00 4.292462158203125000e+02
4.729144173296177200e+00 4.303237915039062500e+02
4.732577308812181194e+00 4.304490661621093750e+02
4.736010444328186075e+00 4.321878662109375000e+02
4.739443579844190957e+00 4.322492980957031250e+02
4.742876715360194950e+00 4.321377868652343750e+02
4.746309850876198944e+00 4.289283752441406250e+02
4.749742986392203825e+00 4.211743774414062500e+02
4.753176121908208707e+00 4.174563903808593750e+02
4.756609257424213588e+00 4.195745239257812500e+02
4.760042392940217582e+00 4.212568664550781250e+02
4.763475528456221575e+00 4.236653747558593750e+02
4.766908663972226456e+00 4.236095275878906250e+02
4.770341799488231338e+00 4.260083312988281250e+02
4.773774935004235331e+00 4.267247924804687500e+02
4.777208070520240213e+00 4.253927307128906250e+02
4.780641206036244206e+00 4.231730651855468750e+02
4.784074341552249088e+00 4.244136352539062500e+02
4.787507477068253081e+00 4.280852050781250000e+02
4.790940612584257963e+00 4.330892944335937500e+02
4.794373748100262844e+00 4.343048706054687500e+02
4.797806883616266838e+00 4.380220031738281250e+02
4.801240019132270831e+00 4.393665161132812500e+02
4.804673154648275712e+00 4.438285217285156250e+02
4.808106290164280594e+00 4.498061828613281250e+02
4.811539425680285476e+00 4.558680419921875000e+02
4.814972561196288581e+00 4.538670349121093750e+02
4.818405696712293462e+00 4.451435852050781250e+02
4.821838832228298344e+00 4.357010803222656250e+02
4.825271967744303225e+00 4.353820190429687500e+02
4.828705103260307219e+00 4.336553649902343750e+02
4.832138238776311212e+00 4.366634521484375000e+02
4.835571374292316094e+00 4.368363037109375000e+02
4.839004509808320087e+00 4.377750549316406250e+02
4.842437645324324968e+00 4.361454772949218750e+02
4.845870780840329850e+00 4.356600036621093750e+02
4.849303916356333843e+00 4.379794921875000000e+02
4.852737051872337837e+00 4.386878662109375000e+02
4.856170187388342718e+00 4.353775634765625000e+02
4.859603322904347600e+00 4.303473205566406250e+02
4.863036458420352481e+00 4.271698608398437500e+02
4.866469593936356475e+00 4.248377685546875000e+02
4.869902729452360468e+00 4.244566650390625000e+02
4.873335864968365350e+00 4.227773437500000000e+02
4.876769000484370231e+00 4.248211059570312500e+02
4.880202136000374225e+00 4.260002746582031250e+02
4.883635271516379106e+00 4.248146667480468750e+02
4.887068407032383099e+00 4.195012817382812500e+02
4.890501542548387981e+00 4.141483154296875000e+02
4.893934678064391974e+00 4.138737792968750000e+02
4.897367813580396856e+00 4.155131530761718750e+02
4.900800949096401737e+00 4.202158813476562500e+02
4.904234084612405731e+00 4.258226928710937500e+02
4.907667220128409724e+00 4.263432617187500000e+02
4.911100355644414606e+00 4.249582519531250000e+02
4.914533491160419487e+00 4.301962890625000000e+02
4.917966626676424369e+00 4.401496887207031250e+02
4.921399762192428362e+00 4.480589599609375000e+02
4.924832897708432355e+00 4.420390319824218750e+02
4.928266033224437237e+00 4.376323242187500000e+02
4.931699168740442119e+00 4.350200500488281250e+02
4.935132304256446112e+00 4.312500915527343750e+02
4.938565439772450993e+00 4.257615966796875000e+02
4.941998575288454987e+00 4.212591552734375000e+02
4.945431710804459868e+00 4.220939025878906250e+02
4.948864846320463862e+00 4.231896667480468750e+02
4.952297981836468743e+00 4.314327697753906250e+02
4.955731117352473625e+00 4.457914428710937500e+02
4.959164252868477618e+00 4.596190490722656250e+02
4.962597388384481611e+00 4.664746093750000000e+02
4.966030523900486493e+00 4.585801391601562500e+02
4.969463659416491375e+00 4.472394104003906250e+02
4.972896794932496256e+00 4.326813354492187500e+02
4.976329930448499361e+00 4.200008850097656250e+02
4.979763065964504243e+00 4.135633239746093750e+02
4.983196201480509124e+00 4.097409973144531250e+02
4.986629336996513118e+00 4.130611572265625000e+02
4.990062472512517999e+00 4.121009521484375000e+02
4.993495608028521993e+00 4.168318176269531250e+02
4.996928743544526874e+00 4.207513732910156250e+02
5.000361879060530867e+00 4.241615600585937500e+02
5.003795014576535749e+00 4.226118469238281250e+02
5.007228150092540631e+00 4.175421752929687500e+02
5.010661285608544624e+00 4.172211303710937500e+02
5.014094421124548617e+00 4.175671691894531250e+02
5.017527556640553499e+00 4.203110656738281250e+02
5.020960692156558380e+00 4.252588195800781250e+02
5.024393827672563262e+00 4.301406555175781250e+02
5.027826963188567255e+00 4.385232849121093750e+02
5.031260098704571249e+00 4.390301513671875000e+02
5.034693234220576130e+00 4.415753784179687500e+02
5.038126369736581012e+00 4.469843750000000000e+02
5.041559505252585005e+00 4.508914489746093750e+02
5.044992640768589887e+00 4.482972106933593750e+02
5.048425776284593880e+00 4.426487426757812500e+02
5.051858911800598761e+00 4.331076049804687500e+02
5.055292047316602755e+00 4.215103759765625000e+02
5.058725182832607636e+00 4.097373352050781250e+02
5.062158318348612518e+00 4.116636047363281250e+02
5.065591453864616511e+00 4.174860534667968750e+02
5.069024589380620505e+00 4.210295104980468750e+02
5.072457724896625386e+00 4.159314880371093750e+02
5.075890860412630268e+00 4.129287109375000000e+02
5.079323995928635149e+00 4.126903381347656250e+02
5.082757131444638254e+00 4.186339111328125000e+02
5.086190266960643136e+00 4.195420837402343750e+02
5.089623402476648018e+00 4.197110290527343750e+02
5.093056537992652899e+00 4.155568542480468750e+02
5.096489673508656892e+00 4.145512390136718750e+02
5.099922809024661774e+00 4.157398986816406250e+02
5.103355944540665767e+00 4.124934997558593750e+02
5.106789080056670649e+00 4.149292907714843750e+02
5.110222215572674642e+00 4.109777526855468750e+02
5.113655351088679524e+00 4.094468688964843750e+02
5.117088486604684405e+00 3.995417480468750000e+02
5.120521622120688399e+00 3.955810241699218750e+02
5.123954757636692392e+00 3.934586181640625000e+02
5.127387893152697274e+00 3.981861877441406250e+02
5.130821028668702155e+00 4.018687744140625000e+02
5.134254164184706148e+00 4.039880065917968750e+02
5.137687299700710142e+00 4.001225585937500000e+02
5.141120435216715023e+00 3.979976196289062500e+02
5.144553570732719905e+00 3.996653747558593750e+02
5.147986706248723898e+00 4.084481811523437500e+02
5.151419841764728780e+00 4.157388916015625000e+02
5.154852977280732773e+00 4.193708801269531250e+02
5.158286112796737655e+00 4.249788208007812500e+02
5.161719248312741648e+00 4.309343261718750000e+02
5.165152383828746530e+00 4.358090209960937500e+02
5.168585519344751411e+00 4.288108520507812500e+02
5.172018654860755404e+00 4.195856628417968750e+02
5.175451790376759398e+00 4.119660034179687500e+02
5.178884925892764279e+00 4.076009826660156250e+02
5.182318061408769161e+00 4.072424011230468750e+02
5.185751196924774042e+00 4.055981140136718750e+02
5.189184332440778036e+00 4.040249328613281250e+02
5.192617467956782029e+00 3.997608337402343750e+02
5.196050603472786911e+00 4.011057128906250000e+02
5.199483738988791792e+00 4.108434753417968750e+02
5.202916874504795786e+00 4.285097656250000000e+02
5.206350010020800667e+00 4.448801879882812500e+02
5.209783145536804660e+00 4.556596984863281250e+02
5.213216281052809542e+00 4.641044006347656250e+02
5.216649416568813535e+00 4.633858337402343750e+02
5.220082552084818417e+00 4.577171020507812500e+02
5.223515687600823298e+00 4.409349365234375000e+02
5.226948823116827292e+00 4.279072265625000000e+02
5.230381958632831285e+00 4.175575866699218750e+02
5.233815094148836167e+00 4.073289184570312500e+02
5.237248229664841048e+00 3.981722412109375000e+02
5.240681365180845930e+00 3.892011413574218750e+02
5.244114500696849035e+00 3.869701232910156250e+02
5.247547636212853917e+00 3.880779113769531250e+02
5.250980771728858798e+00 3.898427734375000000e+02
5.254413907244863680e+00 3.899090881347656250e+02
5.257847042760867673e+00 3.907176818847656250e+02
5.261280178276872554e+00 3.938893737792968750e+02
5.264713313792876548e+00 3.919865417480468750e+02
5.268146449308881429e+00 3.918971862792968750e+02
5.271579584824885423e+00 3.879221191406250000e+02
5.275012720340890304e+00 3.924950866699218750e+02
5.278445855856895186e+00 3.968435668945312500e+02
5.281878991372898291e+00 4.021284179687500000e+02
5.285312126888903173e+00 4.094122009277343750e+02
5.288745262404908054e+00 4.161620483398437500e+02
5.292178397920912936e+00 4.205546569824218750e+02
5.295611533436916929e+00 4.179747619628906250e+02
5.299044668952920922e+00 4.165501403808593750e+02
5.302477804468925804e+00 4.132278747558593750e+02
5.305910939984930685e+00 4.099021911621093750e+02
5.309344075500934679e+00 4.014167175292968750e+02
5.312777211016939560e+00 4.015050659179687500e+02
5.316210346532943554e+00 4.048629150390625000e+02
5.319643482048948435e+00 4.149569702148437500e+02
5.323076617564952429e+00 4.167799682617187500e+02
5.326509753080957310e+00 4.196477355957031250e+02
5.329942888596962192e+00 4.184992370605468750e+02
5.333376024112966185e+00 4.193045959472656250e+02
5.336809159628970178e+00 4.225300598144531250e+02
5.340242295144975060e+00 4.312747192382812500e+02
5.343675430660979941e+00 4.485994873046875000e+02
5.347108566176984823e+00 4.578854980468750000e+02
5.350541701692988816e+00 4.685776672363281250e+02
5.353974837208992810e+00 4.699452819824218750e+02
5.357407972724997691e+00 4.680877685546875000e+02
5.360841108241002573e+00 4.513612060546875000e+02
5.364274243757006566e+00 4.261276245117187500e+02
5.367707379273011448e+00 4.073013610839843750e+02
5.371140514789015441e+00 3.998444824218750000e+02
5.374573650305020323e+00 3.971753234863281250e+02
5.378006785821024316e+00 3.965905151367187500e+02
5.381439921337029197e+00 3.959812622070312500e+02
5.384873056853034079e+00 3.922714843750000000e+02
5.388306192369038072e+00 3.919972534179687500e+02
5.391739327885042066e+00 3.901931152343750000e+02
5.395172463401046947e+00 3.909217529296875000e+02
5.398605598917051829e+00 3.910070800781250000e+02
5.402038734433056710e+00 3.928883666992187500e+02
5.405471869949059815e+00 3.963557128906250000e+02
5.408905005465064697e+00 3.929565429687500000e+02
5.412338140981069579e+00 3.907640991210937500e+02
5.415771276497074460e+00 3.931013488769531250e+02
5.419204412013078453e+00 4.040311584472656250e+02
5.422637547529083335e+00 4.144551391601562500e+02
5.426070683045087328e+00 4.157213439941406250e+02
5.429503818561091322e+00 4.171881713867187500e+02
5.432936954077096203e+00 4.158828430175781250e+02
5.436370089593101085e+00 4.153273010253906250e+02
5.439803225109105966e+00 4.115646057128906250e+02
5.443236360625109072e+00 4.049252929687500000e+02
5.446669496141113953e+00 3.976250000000000000e+02
5.450102631657118835e+00 3.877741394042968750e+02
5.453535767173123716e+00 3.883925170898437500e+02
5.456968902689127709e+00 3.920936584472656250e+02
5.460402038205131703e+00 3.927915954589843750e+02
5.463835173721136584e+00 3.956125488281250000e+02
5.467268309237141466e+00 4.032485351562500000e+02
5.470701444753145459e+00 4.179187622070312500e+02
5.474134580269150341e+00 4.270544433593750000e+02
5.477567715785154334e+00 4.364983520507812500e+02
5.481000851301159216e+00 4.450429992675781250e+02
5.484433986817163209e+00 4.481403198242187500e+02
5.487867122333168091e+00 4.443288574218750000e+02
5.491300257849172972e+00 4.329902954101562500e+02
5.494733393365176966e+00 4.233925476074218750e+02
5.498166528881180959e+00 4.172673034667968750e+02
5.501599664397185840e+00 4.155831604003906250e+02
5.505032799913190722e+00 4.092233276367187500e+02
5.508465935429195603e+00 4.024388427734375000e+02
5.511899070945199597e+00 3.994725036621093750e+02
5.515332206461203590e+00 4.031113586425781250e+02
5.518765341977208472e+00 4.119563903808593750e+02
5.522198477493213353e+00 4.194551696777343750e+02
5.525631613009217347e+00 4.178650512695312500e+02
5.529064748525222228e+00 4.100970153808593750e+02
5.532497884041226222e+00 4.027945251464843750e+02
5.535931019557231103e+00 4.014328918457031250e+02
5.539364155073235096e+00 4.024304199218750000e+02
5.542797290589239978e+00 3.999892883300781250e+02
5.546230426105244860e+00 4.016927795410156250e+02
5.549663561621248853e+00 4.019454650878906250e+02
5.553096697137252846e+00 4.053924865722656250e+02
5.556529832653257728e+00 4.070160217285156250e+02
5.559962968169262609e+00 4.120040283203125000e+02
5.563396103685267491e+00 4.141397094726562500e+02
5.566829239201270596e+00 4.137057800292968750e+02
5.570262374717275478e+00 4.113014831542968750e+02
5.573695510233280359e+00 4.136308898925781250e+02
5.577128645749284352e+00 4.140769348144531250e+02
5.580561781265289234e+00 4.076231384277343750e+02
5.583994916781293227e+00 3.973180847167968750e+02
5.587428052297298109e+00 3.945435485839843750e+02
5.590861187813302102e+00 3.968749694824218750e+02
5.594294323329306984e+00 3.999603271484375000e+02
5.597727458845311865e+00 4.021903076171875000e+02
5.601160594361316747e+00 4.010711364746093750e+02
5.604593729877319852e+00 3.972990417480468750e+02
5.608026865393324734e+00 3.893916015625000000e+02
5.611460000909329615e+00 3.916652526855468750e+02
5.614893136425334497e+00 3.924437561035156250e+02
5.618326271941338490e+00 3.930932006835937500e+02
5.621759407457342483e+00 3.897018432617187500e+02
5.625192542973347365e+00 3.905561523437500000e+02
5.628625678489352246e+00 3.937557678222656250e+02
5.632058814005356240e+00 3.977843627929687500e+02
5.635491949521361121e+00 3.947739562988281250e+02
5.638925085037365115e+00 3.931372680664062500e+02
5.642358220553369996e+00 3.901475830078125000e+02
5.645791356069373990e+00 3.940840759277343750e+02
5.649224491585378871e+00 3.907337646484375000e+02
5.652657627101383753e+00 3.876797180175781250e+02
5.656090762617387746e+00 3.868996887207031250e+02
5.659523898133391739e+00 3.953803710937500000e+02
5.662957033649396621e+00 4.030570678710937500e+02
5.666390169165401502e+00 4.053518981933593750e+02
5.669823304681406384e+00 4.066955871582031250e+02
5.673256440197410377e+00 4.092187500000000000e+02
5.676689575713414371e+00 4.143870849609375000e+02
5.680122711229419252e+00 4.149596557617187500e+02
5.683555846745424134e+00 4.199072265625000000e+02
5.686988982261428127e+00 4.299456481933593750e+02
5.690422117777433009e+00 4.466685180664062500e+02
5.693855253293437002e+00 4.649975891113281250e+02
5.697288388809441884e+00 4.985489807128906250e+02
5.700721524325445877e+00 5.549104003906250000e+02
5.704154659841450759e+00 6.478298339843750000e+02
5.707587795357455640e+00 7.954444580078125000e+02
5.711020930873459633e+00 1.008701171875000000e+03
5.714454066389463627e+00 1.199989013671875000e+03
5.717887201905468508e+00 1.337869750976562500e+03
5.721320337421473390e+00 1.351221679687500000e+03
5.724753472937477383e+00 1.235988769531250000e+03
5.728186608453481377e+00 1.043413208007812500e+03
5.731619743969486258e+00 8.152077026367187500e+02
5.735052879485491140e+00 6.466285400390625000e+02
5.738486015001495133e+00 5.323972778320312500e+02
5.741919150517500015e+00 4.620467834472656250e+02
5.745352286033504008e+00 4.349751281738281250e+02
5.748785421549508889e+00 4.185952453613281250e+02
5.752218557065512883e+00 4.127965087890625000e+02
5.755651692581517764e+00 4.073439025878906250e+02
5.759084828097522646e+00 4.049300842285156250e+02
5.762517963613527527e+00 4.003973999023437500e+02
5.765951099129530633e+00 3.974127197265625000e+02
5.769384234645535514e+00 3.989162902832031250e+02
5.772817370161540396e+00 3.988172607421875000e+02
5.776250505677545277e+00 3.998143615722656250e+02
5.779683641193549271e+00 3.963530883789062500e+02
5.783116776709553264e+00 3.926164855957031250e+02
5.786549912225558145e+00 3.885201416015625000e+02
5.789983047741563027e+00 3.847628173828125000e+02
5.793416183257567020e+00 3.808580627441406250e+02
5.796849318773571902e+00 3.780963745117187500e+02
5.800282454289575895e+00 3.817348937988281250e+02
5.803715589805580777e+00 3.881771850585937500e+02
5.807148725321584770e+00 3.966022949218750000e+02
5.810581860837589652e+00 3.979698486328125000e+02
5.814014996353594533e+00 3.994174194335937500e+02
5.817448131869598527e+00 3.973291625976562500e+02
5.820881267385602520e+00 3.969624633789062500e+02
5.824314402901607401e+00 3.963211059570312500e+02
5.827747538417612283e+00 3.950459289550781250e+02
5.831180673933617165e+00 3.944820861816406250e+02
5.834613809449621158e+00 3.911328125000000000e+02
5.838046944965625151e+00 3.886351623535156250e+02
5.841480080481630033e+00 3.841485290527343750e+02
5.844913215997634914e+00 3.822352600097656250e+02
5.848346351513638908e+00 3.819429016113281250e+02
5.851779487029643789e+00 3.834392089843750000e+02
5.855212622545647783e+00 3.840701293945312500e+02
5.858645758061652664e+00 3.833239746093750000e+02
5.862078893577656657e+00 3.821399230957031250e+02
5.865512029093661539e+00 3.826777343750000000e+02
5.868945164609666421e+00 3.845032653808593750e+02
5.872378300125669526e+00 3.839090576171875000e+02
5.875811435641674407e+00 3.808471069335937500e+02
5.879244571157679289e+00 3.770705871582031250e+02
5.882677706673684170e+00 3.745243530273437500e+02
5.886110842189688164e+00 3.776116027832031250e+02
5.889543977705692157e+00 3.799641418457031250e+02
5.892977113221697039e+00 3.819930725097656250e+02
5.896410248737701920e+00 3.817663879394531250e+02
5.899843384253705914e+00 3.815089721679687500e+02
5.903276519769710795e+00 3.808906860351562500e+02
5.906709655285714788e+00 3.825905151367187500e+02
5.910142790801719670e+00 3.805083618164062500e+02
5.913575926317723663e+00 3.813536682128906250e+02
5.917009061833728545e+00 3.803342895507812500e+02
5.920442197349733426e+00 3.810407714843750000e+02
5.923875332865738308e+00 3.794378967285156250e+02
5.927308468381741413e+00 3.763565673828125000e+02
5.930741603897746295e+00 3.789476318359375000e+02
5.934174739413751176e+00 3.857406921386718750e+02
5.937607874929756058e+00 3.936417846679687500e+02
5.941041010445760051e+00 4.015894470214843750e+02
5.944474145961764044e+00 4.108603820800781250e+02
5.947907281477768926e+00 4.235641479492187500e+02
5.951340416993773808e+00 4.416375732421875000e+02
5.954773552509777801e+00 4.723508911132812500e+02
5.958206688025782682e+00 5.316193237304687500e+02
5.961639823541786676e+00 6.321913452148437500e+02
5.965072959057791557e+00 7.641496582031250000e+02
5.968506094573795551e+00 9.320273437500000000e+02
5.971939230089800432e+00 1.080984985351562500e+03
5.975372365605805314e+00 1.145272460937500000e+03
5.978805501121809307e+00 1.112516357421875000e+03
5.982238636637813300e+00 9.709025878906250000e+02
5.985671772153818182e+00 8.059214477539062500e+02
5.989104907669823064e+00 6.505476684570312500e+02
5.992538043185827945e+00 5.293023071289062500e+02
5.995971178701831938e+00 4.679705505371093750e+02
5.999404314217835932e+00 4.327700195312500000e+02
6.002837449733840813e+00 4.127194213867187500e+02
6.006270585249845695e+00 4.023103332519531250e+02
6.009703720765849688e+00 3.950983581542968750e+02
6.013136856281854570e+00 3.916947631835937500e+02
6.016569991797858563e+00 3.916519775390625000e+02
6.020003127313862556e+00 3.947250061035156250e+02
6.023436262829867438e+00 3.978923950195312500e+02
6.026869398345872320e+00 3.944272766113281250e+02
6.030302533861877201e+00 3.936096801757812500e+02
6.033735669377880306e+00 3.901813659667968750e+02
6.037168804893885188e+00 3.902033386230468750e+02
6.040601940409890069e+00 3.876619567871093750e+02
6.044035075925894951e+00 3.882116699218750000e+02
6.047468211441898944e+00 3.875865478515625000e+02
6.050901346957902938e+00 3.906475524902343750e+02
6.054334482473907819e+00 3.970491333007812500e+02
6.057767617989912701e+00 4.005072021484375000e+02
6.061200753505916694e+00 4.022682495117187500e+02
6.064633889021921576e+00 4.002987060546875000e+02
6.068067024537925569e+00 4.065841369628906250e+02
6.071500160053930450e+00 4.030663452148437500e+02
6.074933295569934444e+00 3.953365478515625000e+02
6.078366431085939325e+00 3.879965820312500000e+02
6.081799566601944207e+00 3.859135131835937500e+02
6.085232702117949088e+00 3.846365356445312500e+02
6.088665837633952194e+00 3.792406311035156250e+02
6.092098973149957075e+00 3.741601562500000000e+02
6.095532108665961957e+00 3.723346252441406250e+02
6.098965244181966838e+00 3.695814514160156250e+02
6.102398379697970832e+00 3.674670410156250000e+02
6.105831515213974825e+00 3.681226806640625000e+02
6.109264650729979707e+00 3.666873168945312500e+02
6.112697786245984588e+00 3.692656860351562500e+02
6.116130921761988581e+00 3.699496765136718750e+02
6.119564057277993463e+00 3.747246093750000000e+02
6.122997192793997456e+00 3.759086608886718750e+02
6.126430328310002338e+00 3.756236267089843750e+02
6.129863463826006331e+00 3.773339843750000000e+02
6.133296599342011213e+00 3.788282775878906250e+02
6.136729734858016094e+00 3.784212036132812500e+02
6.140162870374020088e+00 3.763372192382812500e+02
6.143596005890024081e+00 3.818754577636718750e+02
6.147029141406028963e+00 3.843026733398437500e+02
6.150462276922033844e+00 3.816732177734375000e+02
6.153895412438038726e+00 3.743614501953125000e+02
6.157328547954042719e+00 3.706866149902343750e+02
6.160761683470046712e+00 3.709624633789062500e+02
6.164194818986051594e+00 3.716592407226562500e+02
6.167627954502055587e+00 3.686477355957031250e+02
6.171061090018060469e+00 3.671919250488281250e+02
6.174494225534065350e+00 3.633791198730468750e+02
6.177927361050069344e+00 3.691322326660156250e+02
6.181360496566073337e+00 3.692716979980468750e+02
6.184793632082078219e+00 3.715833129882812500e+02
6.188226767598083100e+00 3.657927551269531250e+02
6.191659903114087982e+00 3.599381103515625000e+02
6.195093038630091087e+00 3.565641174316406250e+02
6.198526174146095968e+00 3.223062438964843750e+02
6.201959309662100850e+00 3.187166137695312500e+02
6.205392445178105731e+00 3.209516906738281250e+02
6.208825580694109725e+00 3.517018432617187500e+02
6.212258716210113718e+00 3.566401367187500000e+02
6.215691851726118600e+00 3.597601318359375000e+02
6.219124987242123481e+00 3.646858825683593750e+02
6.222558122758127475e+00 3.666071472167968750e+02
6.225991258274132356e+00 3.668782043457031250e+02
6.229424393790136349e+00 3.655372619628906250e+02
6.232857529306141231e+00 3.638143920898437500e+02
6.236290664822145224e+00 3.625013122558593750e+02
6.239723800338150106e+00 3.581773376464843750e+02
6.243156935854154987e+00 3.519627990722656250e+02
6.246590071370158981e+00 3.431110839843750000e+02
6.250023206886162974e+00 3.443745422363281250e+02
6.253456342402167856e+00 3.532579650878906250e+02
6.256889477918172737e+00 3.617895202636718750e+02
6.260322613434177619e+00 3.667634887695312500e+02
6.263755748950181612e+00 3.686729431152343750e+02
6.267188884466185606e+00 3.736062011718750000e+02
6.270622019982190487e+00 3.776034545898437500e+02
6.274055155498195369e+00 3.818790588378906250e+02
6.277488291014199362e+00 3.871246643066406250e+02
6.280921426530204243e+00 3.893210754394531250e+02
6.284354562046208237e+00 3.979057922363281250e+02
6.287787697562213118e+00 3.989172668457031250e+02
6.291220833078217112e+00 3.961742858886718750e+02
6.294653968594221993e+00 3.838312988281250000e+02
6.298087104110226875e+00 3.722077941894531250e+02
6.301520239626230868e+00 3.631990966796875000e+02
6.304953375142234862e+00 3.585407714843750000e+02
6.308386510658239743e+00 3.559096374511718750e+02
6.311819646174244625e+00 3.569709472656250000e+02
6.315252781690248618e+00 3.588326721191406250e+02
6.318685917206253500e+00 3.616455078125000000e+02
6.322119052722257493e+00 3.651228637695312500e+02
6.325552188238262374e+00 3.689817199707031250e+02
6.328985323754266368e+00 3.701347961425781250e+02
6.332418459270271249e+00 3.754623107910156250e+02
6.335851594786276131e+00 3.813833923339843750e+02
6.339284730302280124e+00 3.866898193359375000e+02
6.342717865818284118e+00 3.799101257324218750e+02
6.346151001334288999e+00 3.736940002441406250e+02
6.349584136850293881e+00 3.623910217285156250e+02
6.353017272366298762e+00 3.590914611816406250e+02
6.356450407882301867e+00 3.528129882812500000e+02
6.359883543398306749e+00 3.510714416503906250e+02
6.363316678914311630e+00 3.471255493164062500e+02
6.366749814430316512e+00 3.475693664550781250e+02
6.370182949946320505e+00 3.460221862792968750e+02
6.373616085462324499e+00 3.455678710937500000e+02
6.377049220978329380e+00 3.456489868164062500e+02
6.380482356494334262e+00 3.445079956054687500e+02
6.383915492010338255e+00 3.445773010253906250e+02
6.387348627526343137e+00 3.449260864257812500e+02
6.390781763042347130e+00 3.465021057128906250e+02
6.394214898558352012e+00 3.471627197265625000e+02
6.397648034074356005e+00 3.475353393554687500e+02
6.401081169590360886e+00 3.496694946289062500e+02
6.404514305106365768e+00 3.506887817382812500e+02
6.407947440622369761e+00 3.553443298339843750e+02
6.411380576138373755e+00 3.574463806152343750e+02
6.414813711654378636e+00 3.606238708496093750e+02
6.418246847170383518e+00 3.605536499023437500e+02
6.421679982686388399e+00 3.660054931640625000e+02
6.425113118202392393e+00 3.736241455078125000e+02
6.428546253718396386e+00 3.784982604980468750e+02
6.431979389234401268e+00 3.781883850097656250e+02
6.435412524750406149e+00 3.735654296875000000e+02
6.438845660266410142e+00 3.678655395507812500e+02
6.442278795782415024e+00 3.649701538085937500e+02
6.445711931298419017e+00 3.593115234375000000e+02
6.449145066814423011e+00 3.600184631347656250e+02
6.452578202330427892e+00 3.588667297363281250e+02
6.456011337846432774e+00 3.580171508789062500e+02
6.459444473362437655e+00 3.497037353515625000e+02
6.462877608878441649e+00 3.442991638183593750e+02
6.466310744394445642e+00 3.419420166015625000e+02
6.469743879910450524e+00 3.423806457519531250e+02
6.473177015426455405e+00 3.449159545898437500e+02
6.476610150942459398e+00 3.497674560546875000e+02
6.480043286458464280e+00 3.490909729003906250e+02
6.483476421974468273e+00 3.464080505371093750e+02
6.486909557490473155e+00 3.452550659179687500e+02
6.490342693006477148e+00 3.466375732421875000e+02
6.493775828522482030e+00 3.491696166992187500e+02
6.497208964038486911e+00 3.525734558105468750e+02
6.500642099554490905e+00 3.505939331054687500e+02
6.504075235070494898e+00 3.514458923339843750e+02
6.507508370586499780e+00 3.501325378417968750e+02
6.510941506102504661e+00 3.543347167968750000e+02
6.514374641618509543e+00 3.544874267578125000e+02
6.517807777134512648e+00 3.530422058105468750e+02
6.521240912650517529e+00 3.482013549804687500e+02
6.524674048166522411e+00 3.469577941894531250e+02
6.528107183682527292e+00 3.494801940917968750e+02
6.531540319198531286e+00 3.524695434570312500e+02
6.534973454714535279e+00 3.554091186523437500e+02
6.538406590230540161e+00 3.532924499511718750e+02
6.541839725746545042e+00 3.543594970703125000e+02
6.545272861262549036e+00 3.511826782226562500e+02
6.548705996778553917e+00 3.457886047363281250e+02
6.552139132294557911e+00 3.406955566406250000e+02
6.555572267810562792e+00 3.353073425292968750e+02
6.559005403326566785e+00 3.337665100097656250e+02
6.562438538842571667e+00 3.332351989746093750e+02
6.565871674358576549e+00 3.339938964843750000e+02
6.569304809874580542e+00 3.383610534667968750e+02
6.572737945390584535e+00 3.456417846679687500e+02
6.576171080906589417e+00 3.489143066406250000e+02
6.579604216422594298e+00 3.479418945312500000e+02
6.583037351938599180e+00 3.450965270996093750e+02
6.586470487454603173e+00 3.478059082031250000e+02
6.589903622970607167e+00 3.485709228515625000e+02
6.593336758486612048e+00 3.550567626953125000e+02
6.596769894002616041e+00 3.554092102050781250e+02
6.600203029518620923e+00 3.588272705078125000e+02
6.603636165034625805e+00 3.525802001953125000e+02
6.607069300550629798e+00 3.478774108886718750e+02
6.610502436066633791e+00 3.455307617187500000e+02
6.613935571582638673e+00 3.437397766113281250e+02
6.617368707098643554e+00 3.436469726562500000e+02
6.620801842614648436e+00 3.417568054199218750e+02
6.624234978130652429e+00 3.409215393066406250e+02
6.627668113646656423e+00 3.395965270996093750e+02
6.631101249162661304e+00 3.409873046875000000e+02
6.634534384678666186e+00 3.421242065429687500e+02
6.637967520194670179e+00 3.402764282226562500e+02
6.641400655710675061e+00 3.368277587890625000e+02
6.644833791226679054e+00 3.332160644531250000e+02
6.648266926742683935e+00 3.311661071777343750e+02
6.651700062258687929e+00 3.330137939453125000e+02
6.655133197774692810e+00 3.325805358886718750e+02
6.658566333290697692e+00 3.359218444824218750e+02
6.661999468806701685e+00 3.364610290527343750e+02
6.665432604322705679e+00 3.427505493164062500e+02
6.668865739838710560e+00 3.448347167968750000e+02
6.672298875354715442e+00 3.458859558105468750e+02
6.675732010870720323e+00 3.487188720703125000e+02
6.679165146386723428e+00 3.588663940429687500e+02
6.682598281902728310e+00 3.678357543945312500e+02
6.686031417418733191e+00 3.708776245117187500e+02
6.689464552934738073e+00 3.712148742675781250e+02
6.692897688450742066e+00 3.689171752929687500e+02
6.696330823966746060e+00 3.636967468261718750e+02
6.699763959482750941e+00 3.551711425781250000e+02
6.703197094998755823e+00 3.511101379394531250e+02
6.706630230514759816e+00 3.469421691894531250e+02
6.710063366030764698e+00 3.407640991210937500e+02
6.713496501546768691e+00 3.376607360839843750e+02
6.716929637062773573e+00 3.392017211914062500e+02
6.720362772578777566e+00 3.433484497070312500e+02
6.723795908094782448e+00 3.430746459960937500e+02
6.727229043610787329e+00 3.416871948242187500e+02
6.730662179126791322e+00 3.340637817382812500e+02
6.734095314642795316e+00 3.317231445312500000e+02
6.737528450158800197e+00 3.287377624511718750e+02
6.740961585674805079e+00 3.293659362792968750e+02
6.744394721190809072e+00 3.287703247070312500e+02
6.747827856706813954e+00 3.294397583007812500e+02
6.751260992222817947e+00 3.322193298339843750e+02
6.754694127738822829e+00 3.362305908203125000e+02
6.758127263254826822e+00 3.382076416015625000e+02
6.761560398770831704e+00 3.396478576660156250e+02
6.764993534286836585e+00 3.391906433105468750e+02
6.768426669802840578e+00 3.409703063964843750e+02
6.771859805318844572e+00 3.430038757324218750e+02
6.775292940834849453e+00 3.444809265136718750e+02
6.778726076350854335e+00 3.406813354492187500e+02
6.782159211866859216e+00 3.347042541503906250e+02
6.785592347382863210e+00 3.328911743164062500e+02
6.789025482898867203e+00 3.383969421386718750e+02
6.792458618414872085e+00 3.434732055664062500e+02
6.795891753930876966e+00 3.497995300292968750e+02
6.799324889446880960e+00 3.581625061035156250e+02
6.802758024962885841e+00 3.619975280761718750e+02
6.806191160478889834e+00 3.659125671386718750e+02
6.809624295994894716e+00 3.667723999023437500e+02
6.813057431510898709e+00 3.660990905761718750e+02
6.816490567026903591e+00 3.598652954101562500e+02
6.819923702542908472e+00 3.493694152832031250e+02
6.823356838058912466e+00 3.466588439941406250e+02
6.826789973574916459e+00 3.438210144042968750e+02
6.830223109090921341e+00 3.468762512207031250e+02
6.833656244606926222e+00 3.398529968261718750e+02
6.837089380122931104e+00 3.415295410156250000e+02
6.840522515638934209e+00 3.370433959960937500e+02
6.843955651154939090e+00 3.374018554687500000e+02
6.847388786670943972e+00 3.355493469238281250e+02
6.850821922186948854e+00 3.400941162109375000e+02
6.854255057702952847e+00 3.489574890136718750e+02
6.857688193218956840e+00 3.519581909179687500e+02
6.861121328734961722e+00 3.525155639648437500e+02
6.864554464250966603e+00 3.506134643554687500e+02
6.867987599766970597e+00 3.493834228515625000e+02
6.871420735282975478e+00 3.442596435546875000e+02
6.874853870798979472e+00 3.434421691894531250e+02
6.878287006314984353e+00 3.425285034179687500e+02
6.881720141830988346e+00 3.429080505371093750e+02
6.885153277346993228e+00 3.403848266601562500e+02
6.888586412862998110e+00 3.384329223632812500e+02
6.892019548379002103e+00 3.383230590820312500e+02
6.895452683895006096e+00 3.442236938476562500e+02
6.898885819411010978e+00 3.484143981933593750e+02
6.902318954927015859e+00 3.497487487792968750e+02
6.905752090443019853e+00 3.432153930664062500e+02
6.909185225959024734e+00 3.471266479492187500e+02
6.912618361475028728e+00 3.464999084472656250e+02
6.916051496991033609e+00 3.446699523925781250e+02
6.919484632507037603e+00 3.381724243164062500e+02
6.922917768023042484e+00 3.350099792480468750e+02
6.926350903539047366e+00 3.343173828125000000e+02
6.929784039055051359e+00 3.328834228515625000e+02
6.933217174571055352e+00 3.357949523925781250e+02
6.936650310087060234e+00 3.415791931152343750e+02
6.940083445603065115e+00 3.481081237792968750e+02
6.943516581119069997e+00 3.560417785644531250e+02
6.946949716635073990e+00 3.583596496582031250e+02
6.950382852151077984e+00 3.535591735839843750e+02
6.953815987667082865e+00 3.505708923339843750e+02
6.957249123183087747e+00 3.481216430664062500e+02
6.960682258699091740e+00 3.462095336914062500e+02
6.964115394215096622e+00 3.413707580566406250e+02
6.967548529731100615e+00 3.356322631835937500e+02
6.970981665247105497e+00 3.373299865722656250e+02
6.974414800763109490e+00 3.421026916503906250e+02
6.977847936279114371e+00 3.511317138671875000e+02
6.981281071795119253e+00 3.528464355468750000e+02
6.984714207311123246e+00 3.465493469238281250e+02
6.988147342827127240e+00 3.352864074707031250e+02
6.991580478343132121e+00 3.311983337402343750e+02
6.995013613859137003e+00 3.286030273437500000e+02
6.998446749375141884e+00 3.323466796875000000e+02
7.001879884891144989e+00 3.305755920410156250e+02
7.005313020407149871e+00 3.305047607421875000e+02
7.008746155923154753e+00 3.330263977050781250e+02
7.012179291439159634e+00 3.392375183105468750e+02
7.015612426955163627e+00 3.443001708984375000e+02
7.019045562471167621e+00 3.434987182617187500e+02
7.022478697987172502e+00 3.410497131347656250e+02
7.025911833503177384e+00 3.387180786132812500e+02
7.029344969019181377e+00 3.400816955566406250e+02
7.032778104535186259e+00 3.383048400878906250e+02
7.036211240051190252e+00 3.395678100585937500e+02
7.039644375567194245e+00 3.362072448730468750e+02
7.043077511083199127e+00 3.349742736816406250e+02
7.046510646599204009e+00 3.319984741210937500e+02
7.049943782115208890e+00 3.311076965332031250e+02
7.053376917631212883e+00 3.311636657714843750e+02
7.056810053147216877e+00 3.338439025878906250e+02
7.060243188663221758e+00 3.371343994140625000e+02
7.063676324179226640e+00 3.401846618652343750e+02
7.067109459695230633e+00 3.442990112304687500e+02
7.070542595211235515e+00 3.480607299804687500e+02
7.073975730727239508e+00 3.509485168457031250e+02
7.077408866243244390e+00 3.498523864746093750e+02
7.080842001759248383e+00 3.480662841796875000e+02
7.084275137275253265e+00 3.472083435058593750e+02
7.087708272791258146e+00 3.551127014160156250e+02
7.091141408307262139e+00 3.572518310546875000e+02
7.094574543823266133e+00 3.639044189453125000e+02
7.098007679339271014e+00 3.645553283691406250e+02
7.101440814855275896e+00 3.626786804199218750e+02
7.104873950371280777e+00 3.558612976074218750e+02
7.108307085887284771e+00 3.488941955566406250e+02
7.111740221403288764e+00 3.465355834960937500e+02
7.115173356919293646e+00 3.422064819335937500e+02
7.118606492435298527e+00 3.388765563964843750e+02
7.122039627951302521e+00 3.366986389160156250e+02
7.125472763467307402e+00 3.356468200683593750e+02
7.128905898983311396e+00 3.323437805175781250e+02
7.132339034499316277e+00 3.271347045898437500e+02
7.135772170015320270e+00 3.249934997558593750e+02
7.139205305531325152e+00 3.260451354980468750e+02
7.142638441047330033e+00 3.311576232910156250e+02
7.146071576563334027e+00 3.366728820800781250e+02
7.149504712079338020e+00 3.460090026855468750e+02
7.152937847595342902e+00 3.477543640136718750e+02
7.156370983111347783e+00 3.449394836425781250e+02
7.159804118627352665e+00 3.394743041992187500e+02
7.163237254143355770e+00 3.402034912109375000e+02
7.166670389659360652e+00 3.394210815429687500e+02
7.170103525175365533e+00 3.400108032226562500e+02
7.173536660691370415e+00 3.361128845214843750e+02
7.176969796207375296e+00 3.353157043457031250e+02
7.180402931723378401e+00 3.333486938476562500e+02
7.183836067239382395e+00 3.317245483398437500e+02
7.187269202755387276e+00 3.289558410644531250e+02
7.190702338271392158e+00 3.300667419433593750e+02
7.194135473787397039e+00 3.310354309082031250e+02
7.197568609303401033e+00 3.306653137207031250e+02
7.201001744819405914e+00 3.258865966796875000e+02
7.204434880335410796e+00 3.234160766601562500e+02
7.207868015851413901e+00 3.235775756835937500e+02
7.211301151367418782e+00 3.241481323242187500e+02
7.214734286883423664e+00 3.208174743652343750e+02
7.218167422399427657e+00 3.195144653320312500e+02
7.221600557915432539e+00 3.206780395507812500e+02
7.225033693431437420e+00 3.228348083496093750e+02
7.228466828947442302e+00 3.249199218750000000e+02
7.231899964463446295e+00 3.259540710449218750e+02
7.235333099979449401e+00 3.261621093750000000e+02
7.238766235495454282e+00 3.245494995117187500e+02
7.242199371011459164e+00 3.253037414550781250e+02
7.245632506527464045e+00 3.262861938476562500e+02
7.249065642043468927e+00 3.282509765625000000e+02
7.252498777559472920e+00 3.313804931640625000e+02
7.255931913075477802e+00 3.289512023925781250e+02
7.259365048591482683e+00 3.247785034179687500e+02
7.262798184107485788e+00 3.174333801269531250e+02
7.266231319623490670e+00 3.179873657226562500e+02
7.269664455139495551e+00 3.190343017578125000e+02
7.273097590655499545e+00 3.224941101074218750e+02
7.276530726171504426e+00 3.275348510742187500e+02
7.279963861687509308e+00 3.294167480468750000e+02
7.283396997203514189e+00 3.308444824218750000e+02
7.286830132719518183e+00 3.299330749511718750e+02
7.290263268235521288e+00 3.320975341796875000e+02
7.293696403751526169e+00 3.322084960937500000e+02
7.297129539267531051e+00 3.334548645019531250e+02
7.300562674783535932e+00 3.301896972656250000e+02
7.303995810299540814e+00 3.295482177734375000e+02
7.307428945815544807e+00 3.239449157714843750e+02
7.310862081331549689e+00 3.266590576171875000e+02
7.314295216847554570e+00 3.264407043457031250e+02
7.317728352363557676e+00 3.262356872558593750e+02
7.321161487879562557e+00 3.211542968750000000e+02
7.324594623395566551e+00 3.190513000488281250e+02
7.328027758911571432e+00 3.196113891601562500e+02
7.331460894427576314e+00 3.186415100097656250e+02
7.334894029943581195e+00 3.144256896972656250e+02
7.338327165459586077e+00 3.167483825683593750e+02
7.341760300975589182e+00 3.181390686035156250e+02
7.345193436491593175e+00 3.175213928222656250e+02
7.348626572007598057e+00 3.153448181152343750e+02
7.352059707523602938e+00 3.199691772460937500e+02
7.355492843039607820e+00 3.250476074218750000e+02
7.358925978555611813e+00 3.322061157226562500e+02
7.362359114071616695e+00 3.340926513671875000e+02
7.365792249587621576e+00 3.404485778808593750e+02
7.369225385103624681e+00 3.372470092773437500e+02
7.372658520619629563e+00 3.340404357910156250e+02
7.376091656135634445e+00 3.259360656738281250e+02
7.379524791651638438e+00 3.180466003417968750e+02
7.382957927167643319e+00 3.173067932128906250e+02
7.386391062683648201e+00 3.225414733886718750e+02
7.389824198199653082e+00 3.277270812988281250e+02
7.393257333715657076e+00 3.316266479492187500e+02
7.396690469231660181e+00 3.335435485839843750e+02
7.400123604747665063e+00 3.331673583984375000e+02
7.403556740263669944e+00 3.340968017578125000e+02
7.406989875779674826e+00 3.290020751953125000e+02
7.410423011295679707e+00 3.272142639160156250e+02
7.413856146811683701e+00 3.210470886230468750e+02
7.417289282327688582e+00 3.212054443359375000e+02
7.420722417843693464e+00 3.245121459960937500e+02
7.424155553359696569e+00 3.281456298828125000e+02
7.427588688875701450e+00 3.291550903320312500e+02
7.431021824391706332e+00 3.270838317871093750e+02
7.434454959907710325e+00 3.257602844238281250e+02
7.437888095423715207e+00 3.392674865722656250e+02
7.441321230939720088e+00 3.671378173828125000e+02
7.444754366455724970e+00 3.842663269042968750e+02
7.448187501971728963e+00 3.976595458984375000e+02
7.451620637487732068e+00 3.792682800292968750e+02
7.455053773003736950e+00 3.682944335937500000e+02
7.458486908519741831e+00 3.493176574707031250e+02
7.461920044035746713e+00 3.329667053222656250e+02
7.465353179551751595e+00 3.257604370117187500e+02
7.468786315067755588e+00 3.233352661132812500e+02
7.472219450583760469e+00 3.272911376953125000e+02
7.475652586099763575e+00 3.266116027832031250e+02
7.479085721615768456e+00 3.274281921386718750e+02
7.482518857131773338e+00 3.263249816894531250e+02
7.485951992647777331e+00 3.285996704101562500e+02
7.489385128163782213e+00 3.319708862304687500e+02
7.492818263679787094e+00 3.297875366210937500e+02
7.496251399195791976e+00 3.286515197753906250e+02
7.499684534711796857e+00 3.253287048339843750e+02
7.503117670227799962e+00 3.232087097167968750e+02
7.506550805743803956e+00 3.199703063964843750e+02
7.509983941259808837e+00 3.185012512207031250e+02
7.513417076775813719e+00 3.210932617187500000e+02
7.516850212291818600e+00 3.257765502929687500e+02
7.520283347807822594e+00 3.287526550292968750e+02
7.523716483323827475e+00 3.304498596191406250e+02
7.527149618839832357e+00 3.250892028808593750e+02
7.530582754355835462e+00 3.197318725585937500e+02
7.534015889871840344e+00 3.159968566894531250e+02
7.537449025387845225e+00 3.172945556640625000e+02
7.540882160903849218e+00 3.220429382324218750e+02
7.544315296419854100e+00 3.231777343750000000e+02
7.547748431935858981e+00 3.230983276367187500e+02
7.551181567451863863e+00 3.234152221679687500e+02
7.554614702967867856e+00 3.267637634277343750e+02
7.558047838483870962e+00 3.286756286621093750e+02
7.561480973999875843e+00 3.277452087402343750e+02
7.564914109515880725e+00 3.291809387207031250e+02
7.568347245031885606e+00 3.282586975097656250e+02
7.571780380547890488e+00 3.309311523437500000e+02
7.575213516063894481e+00 3.304373779296875000e+02
7.578646651579899363e+00 3.338217773437500000e+02
7.582079787095904244e+00 3.310043640136718750e+02
7.585512922611907349e+00 3.323332519531250000e+02
7.588946058127912231e+00 3.307250366210937500e+02
7.592379193643917112e+00 3.271234741210937500e+02
7.595812329159921106e+00 3.223345947265625000e+02
7.599245464675925987e+00 3.204483032226562500e+02
7.602678600191930869e+00 3.248022766113281250e+02
7.606111735707935750e+00 3.272676391601562500e+02
7.609544871223939744e+00 3.313192443847656250e+02
7.612978006739942849e+00 3.307884521484375000e+02
7.616411142255947730e+00 3.291611633300781250e+02
7.619844277771952612e+00 3.272899780273437500e+02
7.623277413287957494e+00 3.234215087890625000e+02
7.626710548803962375e+00 3.216672363281250000e+02
7.630143684319966368e+00 3.157897033691406250e+02
7.633576819835971250e+00 3.170130004882812500e+02
7.637009955351974355e+00 3.155614624023437500e+02
7.640443090867979237e+00 3.189091491699218750e+02
7.643876226383984118e+00 3.182405395507812500e+02
7.647309361899988112e+00 3.196762390136718750e+02
7.650742497415992993e+00 3.177138671875000000e+02
7.654175632931997875e+00 3.189415893554687500e+02
7.657608768448002756e+00 3.196801757812500000e+02
7.661041903964007638e+00 3.192766113281250000e+02
7.664475039480010743e+00 3.181071166992187500e+02
7.667908174996014736e+00 3.130995483398437500e+02
7.671341310512019618e+00 3.117762451171875000e+02
7.674774446028024499e+00 3.133716735839843750e+02
7.678207581544029381e+00 3.198943481445312500e+02
7.681640717060033374e+00 3.251630554199218750e+02
7.685073852576038256e+00 3.285627746582031250e+02
7.688506988092043137e+00 3.315175476074218750e+02
7.691940123608046243e+00 3.357969360351562500e+02
7.695373259124051124e+00 3.378163146972656250e+02
7.698806394640056006e+00 3.365805969238281250e+02
7.702239530156059999e+00 3.351571044921875000e+02
7.705672665672064880e+00 3.367715148925781250e+02
7.709105801188069762e+00 3.395773620605468750e+02
7.712538936704074644e+00 3.425435791015625000e+02
7.715972072220078637e+00 3.453854370117187500e+02
7.719405207736081742e+00 3.484609985351562500e+02
7.722838343252086624e+00 3.412427978515625000e+02
7.726271478768091505e+00 3.308555908203125000e+02
7.729704614284096387e+00 3.198855590820312500e+02
7.733137749800101268e+00 3.148284606933593750e+02
7.736570885316105262e+00 3.093330383300781250e+02
7.740004020832110143e+00 3.067818603515625000e+02
7.743437156348115025e+00 3.107748413085937500e+02
7.746870291864118130e+00 3.150132141113281250e+02
7.750303427380123011e+00 3.175173339843750000e+02
7.753736562896127005e+00 3.148752136230468750e+02
7.757169698412131886e+00 3.154085083007812500e+02
7.760602833928136768e+00 3.139885864257812500e+02
7.764035969444141649e+00 3.089052429199218750e+02
7.767469104960146531e+00 3.047852172851562500e+02
7.770902240476149636e+00 3.026094665527343750e+02
7.774335375992153629e+00 3.039142761230468750e+02
7.777768511508158511e+00 3.038204345703125000e+02
7.781201647024163393e+00 3.068374938964843750e+02
7.784634782540168274e+00 3.059304809570312500e+02
7.788067918056173156e+00 3.066966247558593750e+02
7.791501053572177149e+00 3.045907287597656250e+02
7.794934189088182031e+00 3.057769775390625000e+02
7.798367324604185136e+00 3.053342590332031250e+02
7.801800460120190017e+00 3.098826293945312500e+02
7.805233595636194899e+00 3.145863342285156250e+02
7.808666731152198892e+00 3.222860717773437500e+02
7.812099866668203774e+00 3.239266967773437500e+02
7.815533002184208655e+00 3.241663818359375000e+02
7.818966137700213537e+00 3.254088745117187500e+02
7.822399273216218418e+00 3.214764709472656250e+02
7.825832408732221523e+00 3.196531066894531250e+02
7.829265544248225517e+00 3.132673034667968750e+02
7.832698679764230398e+00 3.102491760253906250e+02
7.836131815280235280e+00 3.059080505371093750e+02
7.839564950796240161e+00 3.066790161132812500e+02
7.842998086312244155e+00 3.067448730468750000e+02
7.846431221828249036e+00 3.038224792480468750e+02
7.849864357344253918e+00 2.972131347656250000e+02
7.853297492860257023e+00 2.995899353027343750e+02
7.856730628376261905e+00 3.014116821289062500e+02
7.860163763892266786e+00 3.018699951171875000e+02
7.863596899408270779e+00 2.975805358886718750e+02
7.867030034924275661e+00 2.996239013671875000e+02
7.870463170440280543e+00 3.015613403320312500e+02
7.873896305956285424e+00 3.054353942871093750e+02
7.877329441472289417e+00 3.048281250000000000e+02
7.880762576988292523e+00 3.028416442871093750e+02
7.884195712504297404e+00 3.011150817871093750e+02
7.887628848020302286e+00 3.007174377441406250e+02
7.891061983536307167e+00 3.027272949218750000e+02
7.894495119052312049e+00 3.064935913085937500e+02
7.897928254568316042e+00 3.116989746093750000e+02
7.901361390084320924e+00 3.137885437011718750e+02
7.904794525600325805e+00 3.132959899902343750e+02
7.908227661116328910e+00 3.119035644531250000e+02
7.911660796632333792e+00 3.111093139648437500e+02
7.915093932148337785e+00 3.092121887207031250e+02
7.918527067664342667e+00 3.065672607421875000e+02
7.921960203180347548e+00 3.062731018066406250e+02
7.925393338696352430e+00 3.090412292480468750e+02
7.928826474212357311e+00 3.144142150878906250e+02
7.932259609728360417e+00 3.147676696777343750e+02
7.935692745244364410e+00 3.112606506347656250e+02
7.939125880760369292e+00 3.050210571289062500e+02
7.942559016276374173e+00 3.022223205566406250e+02
7.945992151792379055e+00 3.022049560546875000e+02
7.949425287308383936e+00 3.055230407714843750e+02
7.952858422824387929e+00 3.068115844726562500e+02
7.956291558340392811e+00 3.054552001953125000e+02
7.959724693856395916e+00 3.047258605957031250e+02
7.963157829372400798e+00 3.071860656738281250e+02
7.966590964888405679e+00 3.101669311523437500e+02
7.970024100404409673e+00 3.096219177246093750e+02
7.973457235920414554e+00 3.087222290039062500e+02
7.976890371436419436e+00 3.040555725097656250e+02
7.980323506952424317e+00 3.021147460937500000e+02
7.983756642468429199e+00 2.988551025390625000e+02
7.987189777984432304e+00 3.023163452148437500e+02
7.990622913500436297e+00 3.075038452148437500e+02
7.994056049016441179e+00 3.126544189453125000e+02
7.997489184532446060e+00 3.146726074218750000e+02
8.000922320048450942e+00 3.154840393066406250e+02
8.004355455564455823e+00 3.120847167968750000e+02
8.007788591080460705e+00 3.102712402343750000e+02
8.011221726596465587e+00 3.111958007812500000e+02
8.014654862112468692e+00 3.131607055664062500e+02
8.018087997628471797e+00 3.125638427734375000e+02
8.021521133144476678e+00 3.089937438964843750e+02
8.024954268660481560e+00 3.091141357421875000e+02
8.028387404176486442e+00 3.089387817382812500e+02
8.031820539692491323e+00 3.111677246093750000e+02
8.035253675208496205e+00 3.078212280273437500e+02
8.038686810724501086e+00 3.051034545898437500e+02
8.042119946240504191e+00 3.030535278320312500e+02
8.045553081756509073e+00 3.045758056640625000e+02
8.048986217272513954e+00 3.045691833496093750e+02
8.052419352788517060e+00 3.025612792968750000e+02
8.055852488304521941e+00 3.041515197753906250e+02
8.059285623820526823e+00 3.041308288574218750e+02
8.062718759336531704e+00 3.068993835449218750e+02
8.066151894852534809e+00 3.024549865722656250e+02
8.069585030368539691e+00 3.015717773437500000e+02
8.073018165884544572e+00 3.021847839355468750e+02
8.076451301400549454e+00 3.065186157226562500e+02
8.079884436916554336e+00 3.091180114746093750e+02
8.083317572432559217e+00 3.099994506835937500e+02
8.086750707948562322e+00 3.098602294921875000e+02
8.090183843464567204e+00 3.072512817382812500e+02
8.093616978980570309e+00 3.049682617187500000e+02
8.097050114496575191e+00 3.044465942382812500e+02
8.100483250012580072e+00 3.034303283691406250e+02
8.103916385528584954e+00 3.046556701660156250e+02
8.107349521044589835e+00 3.092038574218750000e+02
8.110782656560594717e+00 3.104873046875000000e+02
8.114215792076599598e+00 3.065167236328125000e+02
8.117648927592604480e+00 3.003123168945312500e+02
8.121082063108607585e+00 2.985388793945312500e+02
8.124515198624610690e+00 2.962861022949218750e+02
8.127948334140615572e+00 2.948899841308593750e+02
8.131381469656620453e+00 2.978155517578125000e+02
8.134814605172625335e+00 3.014221191406250000e+02
8.138247740688630216e+00 3.054575500488281250e+02
8.141680876204635098e+00 3.066476135253906250e+02
8.145114011720639979e+00 3.077645263671875000e+02
8.148547147236643085e+00 3.034916381835937500e+02
8.151980282752647966e+00 2.994976501464843750e+02
8.155413418268652848e+00 2.975748901367187500e+02
8.158846553784655953e+00 2.976734313964843750e+02
8.162279689300660834e+00 2.975553588867187500e+02
8.165712824816665716e+00 2.993644409179687500e+02
8.169145960332670597e+00 2.996594238281250000e+02
8.172579095848675479e+00 3.028879394531250000e+02
8.176012231364678584e+00 3.050485839843750000e+02
8.179445366880683466e+00 3.081025695800781250e+02
8.182878502396688347e+00 3.093516845703125000e+02
8.186311637912693229e+00 3.105209655761718750e+02
8.189744773428698110e+00 3.113309326171875000e+02
8.193177908944701215e+00 3.118116149902343750e+02
8.196611044460706097e+00 3.122731933593750000e+02
8.200044179976710979e+00 3.147980651855468750e+02
8.203477315492714084e+00 3.125703430175781250e+02
8.206910451008718965e+00 3.066946411132812500e+02
8.210343586524723847e+00 3.015781555175781250e+02
8.213776722040728728e+00 3.022439575195312500e+02
8.217209857556733610e+00 3.068248291015625000e+02
8.220642993072738491e+00 3.078070373535156250e+02
8.224076128588743373e+00 3.098186035156250000e+02
8.227509264104746478e+00 3.114848022460937500e+02
8.230942399620749583e+00 3.136996154785156250e+02
8.234375535136754465e+00 3.092780151367187500e+02
8.237808670652759346e+00 3.040462036132812500e+02
8.241241806168764228e+00 3.064081726074218750e+02
8.244674941684769109e+00 3.059576721191406250e+02
8.248108077200773991e+00 3.081204528808593750e+02
8.251541212716778873e+00 3.064571228027343750e+02
8.254974348232781978e+00 3.136361694335937500e+02
8.258407483748786859e+00 3.164120788574218750e+02
8.261840619264791741e+00 3.168776855468750000e+02
8.265273754780794846e+00 3.148052062988281250e+02
8.268706890296799727e+00 3.128261413574218750e+02
8.272140025812804609e+00 3.107877502441406250e+02
8.275573161328809491e+00 3.053305053710937500e+02
8.279006296844814372e+00 3.049921264648437500e+02
8.282439432360817477e+00 3.050900268554687500e+02
8.285872567876822359e+00 3.098414306640625000e+02
8.289305703392827240e+00 3.097941894531250000e+02
8.292738838908832122e+00 3.101176757812500000e+02
8.296171974424837003e+00 3.076832885742187500e+02
8.299605109940840109e+00 3.046743774414062500e+02
8.303038245456844990e+00 3.028532104492187500e+02
8.306471380972849872e+00 3.032431030273437500e+02
8.309904516488852977e+00 3.060527954101562500e+02
8.313337652004857858e+00 3.072947692871093750e+02
8.316770787520862740e+00 3.063277587890625000e+02
8.320203923036867621e+00 3.050644226074218750e+02
8.323637058552872503e+00 3.008660583496093750e+02
8.327070194068877385e+00 2.993309020996093750e+02
8.330503329584882266e+00 2.951770935058593750e+02
8.333936465100887148e+00 2.949073181152343750e+02
8.337369600616888476e+00 2.931877441406250000e+02
8.340802736132893358e+00 2.978440246582031250e+02
8.344235871648898240e+00 3.013757934570312500e+02
8.347669007164903121e+00 3.070395202636718750e+02
8.351102142680908003e+00 3.077417907714843750e+02
8.354535278196912884e+00 3.089208679199218750e+02
8.357968413712917766e+00 3.083279113769531250e+02
8.361401549228920871e+00 3.068066711425781250e+02
8.364834684744925752e+00 3.051361999511718750e+02
8.368267820260930634e+00 3.052643127441406250e+02
8.371700955776935515e+00 3.085197753906250000e+02
8.375134091292938621e+00 3.119897460937500000e+02
8.378567226808943502e+00 3.113144836425781250e+02
8.382000362324948384e+00 3.107157897949218750e+02
8.385433497840953265e+00 3.106609191894531250e+02
8.388866633356956370e+00 3.062901611328125000e+02
8.392299768872961252e+00 3.044238586425781250e+02
8.395732904388966134e+00 3.013780822753906250e+02
8.399166039904971015e+00 3.044735107421875000e+02
8.402599175420975897e+00 3.080061340332031250e+02
8.406032310936980778e+00 3.138273620605468750e+02
8.409465446452983883e+00 3.123325195312500000e+02
8.412898581968988765e+00 3.098299255371093750e+02
8.416331717484991870e+00 3.085747375488281250e+02
8.419764853000996752e+00 3.114422302246093750e+02
8.423197988517001633e+00 3.111808166503906250e+02
8.426631124033006515e+00 3.124907836914062500e+02
8.430064259549011396e+00 3.172000732421875000e+02
8.433497395065016278e+00 3.229379882812500000e+02
8.436930530581021159e+00 3.305493164062500000e+02
8.440363666097026041e+00 3.409232788085937500e+02
8.443796801613029146e+00 3.604716796875000000e+02
8.447229937129032251e+00 3.808774414062500000e+02
8.450663072645037133e+00 4.055046081542968750e+02
8.454096208161042014e+00 4.218596496582031250e+02
8.457529343677046896e+00 4.258869934082031250e+02
8.460962479193051777e+00 4.161649475097656250e+02
8.464395614709056659e+00 3.936148071289062500e+02
8.467828750225061540e+00 3.685947265625000000e+02
8.471261885741064646e+00 3.444967041015625000e+02
8.474695021257069527e+00 3.262048339843750000e+02
8.478128156773074409e+00 3.162188720703125000e+02
8.481561292289077514e+00 3.138379821777343750e+02
8.484994427805082395e+00 3.091140136718750000e+02
8.488427563321087277e+00 3.047376708984375000e+02
8.491860698837092158e+00 3.019681396484375000e+02
8.495293834353097040e+00 3.062120056152343750e+02
8.498726969869100145e+00 3.094330749511718750e+02
8.502160105385105027e+00 3.088062744140625000e+02
8.505593240901109908e+00 3.085605773925781250e+02
8.509026376417114790e+00 3.068635253906250000e+02
8.512459511933119671e+00 3.057185668945312500e+02
8.515892647449122776e+00 3.021935119628906250e+02
8.519325782965127658e+00 3.010688781738281250e+02
8.522758918481130763e+00 3.011544189453125000e+02
8.526192053997135645e+00 3.060018310546875000e+02
8.529625189513140526e+00 3.051951599121093750e+02
8.533058325029145408e+00 3.079519042968750000e+02
8.536491460545150289e+00 3.059002380371093750e+02
8.539924596061155171e+00 3.058874816894531250e+02
8.543357731577160052e+00 2.990417480468750000e+02
8.546790867093164934e+00 2.932119750976562500e+02
8.550224002609168039e+00 2.911578369140625000e+02
8.553657138125171144e+00 2.944631042480468750e+02
8.557090273641176026e+00 2.985438842773437500e+02
8.560523409157180907e+00 2.979329833984375000e+02
8.563956544673185789e+00 2.991293945312500000e+02
8.567389680189190670e+00 3.028024902343750000e+02
8.570822815705195552e+00 3.068970642089843750e+02
8.574255951221200434e+00 3.106327514648437500e+02
8.577689086737203539e+00 3.107285461425781250e+02
8.581122222253208420e+00 3.113261718750000000e+02
8.584555357769213302e+00 3.121142272949218750e+02
8.587988493285216407e+00 3.108492431640625000e+02
8.591421628801221289e+00 3.089083557128906250e+02
8.594854764317226170e+00 3.055791931152343750e+02
8.598287899833231052e+00 3.034153137207031250e+02
8.601721035349235933e+00 2.997925109863281250e+02
8.605154170865239038e+00 2.972379455566406250e+02
8.608587306381243920e+00 2.983100891113281250e+02
8.612020441897248801e+00 3.032077941894531250e+02
8.615453577413253683e+00 3.052195739746093750e+02
8.618886712929258564e+00 3.027275695800781250e+02
8.622319848445261670e+00 2.994924316406250000e+02
8.625752983961266551e+00 2.960904846191406250e+02
8.629186119477271433e+00 2.961369323730468750e+02
8.632619254993274538e+00 2.944597473144531250e+02
8.636052390509279419e+00 2.933492736816406250e+02
8.639485526025284301e+00 2.913230285644531250e+02
8.642918661541289183e+00 2.914165954589843750e+02
8.646351797057294064e+00 2.932509765625000000e+02
8.649784932573298946e+00 2.948539733886718750e+02
8.653218068089303827e+00 2.942403564453125000e+02
8.656651203605306932e+00 2.956054992675781250e+02
8.660084339121310038e+00 2.955429077148437500e+02
8.663517474637314919e+00 2.946443786621093750e+02
8.666950610153319801e+00 2.970400390625000000e+02
8.670383745669324682e+00 2.954046630859375000e+02
8.673816881185329564e+00 2.978179016113281250e+02
8.677250016701334445e+00 2.936542968750000000e+02
8.680683152217339327e+00 2.972086181640625000e+02
8.684116287733342432e+00 2.970950317382812500e+02
8.687549423249347313e+00 2.977731933593750000e+02
8.690982558765352195e+00 2.976922912597656250e+02
8.694415694281357077e+00 2.997990112304687500e+02
8.697848829797360182e+00 2.977581176757812500e+02
8.701281965313365063e+00 2.974381408691406250e+02
8.704715100829369945e+00 2.959792175292968750e+02
8.708148236345374826e+00 2.939834899902343750e+02
8.711581371861377932e+00 2.888666381835937500e+02
8.715014507377382813e+00 2.866716308593750000e+02
8.718447642893387695e+00 2.901963806152343750e+02
8.721880778409392576e+00 2.915501098632812500e+02
8.725313913925397458e+00 2.935185852050781250e+02
8.728747049441402339e+00 2.940546875000000000e+02
8.732180184957405444e+00 2.957577819824218750e+02
8.735613320473410326e+00 2.991263427734375000e+02
8.739046455989413431e+00 2.996657714843750000e+02
8.742479591505418313e+00 3.021635437011718750e+02
8.745912727021423194e+00 3.040031433105468750e+02
8.749345862537428076e+00 3.092997741699218750e+02
8.752778998053432957e+00 3.094307861328125000e+02
8.756212133569437839e+00 3.040866394042968750e+02
8.759645269085442720e+00 2.983674316406250000e+02
8.763078404601447602e+00 2.961866455078125000e+02
8.766511540117450707e+00 2.978457946777343750e+02
8.769944675633453812e+00 2.995175170898437500e+02
8.773377811149458694e+00 2.974851074218750000e+02
8.776810946665463575e+00 2.938062744140625000e+02
8.780244082181468457e+00 2.919378967285156250e+02
8.783677217697473338e+00 2.933385009765625000e+02
8.787110353213478220e+00 2.934716796875000000e+02
8.790543488729481325e+00 2.935585632324218750e+02
8.793976624245486207e+00 2.915804443359375000e+02
8.797409759761491088e+00 2.914790954589843750e+02
8.800842895277495970e+00 2.925957031250000000e+02
8.804276030793499075e+00 2.971911315917968750e+02
8.807709166309503956e+00 3.026028747558593750e+02
8.811142301825508838e+00 3.043251342773437500e+02
8.814575437341513720e+00 2.997956237792968750e+02
8.818008572857516825e+00 2.948718566894531250e+02
8.821441708373521706e+00 2.909458923339843750e+02
8.824874843889526588e+00 2.905219726562500000e+02
8.828307979405531469e+00 2.910539550781250000e+02
8.831741114921536351e+00 2.899751281738281250e+02
8.835174250437541232e+00 2.908523559570312500e+02
8.838607385953544338e+00 2.902482604980468750e+02
8.842040521469549219e+00 2.941173706054687500e+02
8.845473656985552324e+00 2.936354370117187500e+02
8.848906792501557206e+00 2.875699157714843750e+02
8.852339928017562087e+00 2.857210388183593750e+02
8.855773063533566969e+00 2.882668457031250000e+02
8.859206199049571850e+00 2.967592163085937500e+02
8.862639334565576732e+00 3.001558532714843750e+02
8.866072470081581613e+00 2.991993408203125000e+02
8.869505605597586495e+00 2.968051147460937500e+02
8.872938741113589600e+00 2.951772155761718750e+02
8.876371876629592705e+00 2.957577209472656250e+02
8.879805012145597587e+00 2.945889282226562500e+02
8.883238147661602468e+00 2.936764831542968750e+02
8.886671283177607350e+00 2.937807006835937500e+02
8.890104418693612232e+00 2.955692443847656250e+02
8.893537554209617113e+00 2.965034179687500000e+02
8.896970689725621995e+00 2.994101562500000000e+02
8.900403825241625100e+00 2.990558471679687500e+02
8.903836960757629981e+00 2.976647949218750000e+02
8.907270096273634863e+00 2.964778442382812500e+02
8.910703231789637968e+00 2.971986999511718750e+02
8.914136367305642850e+00 2.969253845214843750e+02
8.917569502821647731e+00 2.995366210937500000e+02
8.921002638337652613e+00 3.016535644531250000e+02
8.924435773853657494e+00 3.042214660644531250e+02
8.927868909369660599e+00 3.059882812500000000e+02
8.931302044885665481e+00 3.040946960449218750e+02
8.934735180401670362e+00 3.020082397460937500e+02
8.938168315917675244e+00 3.020371398925781250e+02
8.941601451433680126e+00 3.014692687988281250e+02
8.945034586949683231e+00 2.996779785156250000e+02
8.948467722465688112e+00 3.014562072753906250e+02
8.951900857981691217e+00 3.120339965820312500e+02
8.955333993497696099e+00 3.322624816894531250e+02
8.958767129013700981e+00 3.520493164062500000e+02
8.962200264529705862e+00 3.741834716796875000e+02
8.965633400045710744e+00 3.982337036132812500e+02
8.969066535561715625e+00 4.140794677734375000e+02
8.972499671077720507e+00 4.195880737304687500e+02
8.975932806593725388e+00 4.090153198242187500e+02
8.979365942109728493e+00 3.866011047363281250e+02
8.982799077625731599e+00 3.619110717773437500e+02
8.986232213141736480e+00 3.409926757812500000e+02
8.989665348657741362e+00 3.274470825195312500e+02
8.993098484173746243e+00 3.209951477050781250e+02
8.996531619689751125e+00 3.204140319824218750e+02
8.999964755205756006e+00 3.180859069824218750e+02
9.003397890721760888e+00 3.135231628417968750e+02
9.006831026237763993e+00 3.062462463378906250e+02
9.010264161753768875e+00 3.030650024414062500e+02
9.013697297269773756e+00 2.962455444335937500e+02
9.017130432785778638e+00 2.933418579101562500e+02
9.020563568301781743e+00 2.892240295410156250e+02
9.023996703817786624e+00 2.917830505371093750e+02
9.027429839333791506e+00 2.885227355957031250e+02
9.030862974849796387e+00 2.857682495117187500e+02
9.034296110365799493e+00 2.817202148437500000e+02
9.037729245881804374e+00 2.859664611816406250e+02
9.041162381397809256e+00 2.892056884765625000e+02
9.044595516913814137e+00 2.948476562500000000e+02
9.048028652429819019e+00 2.919716796875000000e+02
9.051461787945823900e+00 2.902351684570312500e+02
9.054894923461827005e+00 2.843162841796875000e+02
9.058328058977831887e+00 2.855765686035156250e+02
9.061761194493834992e+00 2.846391906738281250e+02
9.065194330009839874e+00 2.828157348632812500e+02
9.068627465525844755e+00 2.804381713867187500e+02
9.072060601041849637e+00 2.830436401367187500e+02
9.075493736557854518e+00 2.873948669433593750e+02
9.078926872073859400e+00 2.908128662109375000e+02
9.082360007589864281e+00 2.900835571289062500e+02
9.085793143105867387e+00 2.882434997558593750e+02
9.089226278621872268e+00 2.901839904785156250e+02
9.092659414137875373e+00 2.929906311035156250e+02
9.096092549653880255e+00 2.946062011718750000e+02
9.099525685169885136e+00 2.974130859375000000e+02
9.102958820685890018e+00 2.980629577636718750e+02
9.106391956201894899e+00 3.003847656250000000e+02
9.109825091717899781e+00 2.993145141601562500e+02
9.113258227233902886e+00 3.008109741210937500e+02
9.116691362749907768e+00 2.957197570800781250e+02
9.120124498265912649e+00 2.908187561035156250e+02
9.123557633781917531e+00 2.872396240234375000e+02
9.126990769297920636e+00 2.887574768066406250e+02
9.130423904813925517e+00 2.906879272460937500e+02
9.133857040329930399e+00 2.874981689453125000e+02
9.137290175845935281e+00 2.880689086914062500e+02
9.140723311361938386e+00 2.846622314453125000e+02
9.144156446877943267e+00 2.854962768554687500e+02
9.147589582393948149e+00 2.845019226074218750e+02
9.151022717909953030e+00 2.846670837402343750e+02
9.154455853425957912e+00 2.836504821777343750e+02
9.157888988941962793e+00 2.817677612304687500e+02
9.161322124457965899e+00 2.836524047851562500e+02
9.164755259973970780e+00 2.849989624023437500e+02
9.168188395489973885e+00 2.879213256835937500e+02
9.171621531005978767e+00 2.906207885742187500e+02
9.175054666521983648e+00 2.905512390136718750e+02
9.178487802037988530e+00 2.899099426269531250e+02
9.181920937553993411e+00 2.899700012207031250e+02
9.185354073069998293e+00 2.908157348632812500e+02
9.188787208586003175e+00 2.899191589355468750e+02
9.192220344102008056e+00 2.880579223632812500e+02
9.195653479618011161e+00 2.860217285156250000e+02
9.199086615134014266e+00 2.868993530273437500e+02
9.202519750650019148e+00 2.860715637207031250e+02
9.205952886166024030e+00 2.892995300292968750e+02
9.209386021682028911e+00 2.947797851562500000e+02
9.212819157198033793e+00 2.999109191894531250e+02
9.216252292714038674e+00 2.979519653320312500e+02
9.219685428230043556e+00 2.903772888183593750e+02
9.223118563746046661e+00 2.833140258789062500e+02
9.226551699262051542e+00 2.829880371093750000e+02
9.229984834778056424e+00 2.840738830566406250e+02
9.233417970294059529e+00 2.879972839355468750e+02
9.236851105810064411e+00 2.916823120117187500e+02
9.240284241326069292e+00 2.922401428222656250e+02
9.243717376842074174e+00 2.891438903808593750e+02
9.247150512358077279e+00 2.870458068847656250e+02
9.250583647874082160e+00 2.840641174316406250e+02
9.254016783390087042e+00 2.833439941406250000e+02
9.257449918906091924e+00 2.812648925781250000e+02
9.260883054422096805e+00 2.852373352050781250e+02
9.264316189938101687e+00 2.898236694335937500e+02
9.267749325454104792e+00 2.894796447753906250e+02
9.271182460970109673e+00 2.921792297363281250e+02
9.274615596486112779e+00 2.921195983886718750e+02
9.278048732002117660e+00 2.962429809570312500e+02
9.281481867518122542e+00 2.954125061035156250e+02
9.284915003034127423e+00 2.929794006347656250e+02
9.288348138550132305e+00 2.887953796386718750e+02
9.291781274066137186e+00 2.869866943359375000e+02
9.295214409582142068e+00 2.899819335937500000e+02
9.298647545098146949e+00 2.940173339843750000e+02
9.302080680614150054e+00 2.941170959472656250e+02
9.305513816130153160e+00 2.876842651367187500e+02
9.308946951646158041e+00 2.858496093750000000e+02
9.312380087162162923e+00 2.880461730957031250e+02
9.315813222678167804e+00 2.920900878906250000e+02
9.319246358194172686e+00 2.927931823730468750e+02
9.322679493710177567e+00 2.918843994140625000e+02
9.326112629226182449e+00 2.953819274902343750e+02
9.329545764742185554e+00 2.933248291015625000e+02
9.332978900258190436e+00 2.915457763671875000e+02
9.336412035774195317e+00 2.874755859375000000e+02
9.339845171290200199e+00 2.887109375000000000e+02
9.343278306806203304e+00 2.900870971679687500e+02
9.346711442322208185e+00 2.905693359375000000e+02
9.350144577838213067e+00 2.897190856933593750e+02
9.353577713354217948e+00 2.887039794921875000e+02
9.357010848870221054e+00 2.908684387207031250e+02
9.360443984386225935e+00 2.925035400390625000e+02
9.363877119902230817e+00 2.927744750976562500e+02
9.367310255418235698e+00 2.898834533691406250e+02
9.370743390934240580e+00 2.843803100585937500e+02
9.374176526450245461e+00 2.814076538085937500e+02
9.377609661966248567e+00 2.828323669433593750e+02
9.381042797482251672e+00 2.882313537597656250e+02
9.384475932998256553e+00 2.896251831054687500e+02
9.387909068514261435e+00 2.896350097656250000e+02
9.391342204030266316e+00 2.894468994140625000e+02
9.394775339546271198e+00 2.905865173339843750e+02
9.398208475062276079e+00 2.933329772949218750e+02
9.401641610578280961e+00 2.960813293457031250e+02
9.405074746094285842e+00 2.972959289550781250e+02
9.408507881610288948e+00 2.959594421386718750e+02
9.411941017126293829e+00 2.946826171875000000e+02
9.415374152642296934e+00 3.021507568359375000e+02
9.418807288158301816e+00 3.104067382812500000e+02
9.422240423674306697e+00 3.093107299804687500e+02
9.425673559190311579e+00 2.962032165527343750e+02
9.429106694706316460e+00 2.892783508300781250e+02
9.432539830222321342e+00 2.868409118652343750e+02
9.435972965738324447e+00 2.846400451660156250e+02
9.439406101254329329e+00 2.791904296875000000e+02
9.442839236770334210e+00 2.818775329589843750e+02
9.446272372286339092e+00 2.844557800292968750e+02
9.449705507802342197e+00 2.866335144042968750e+02
9.453138643318347079e+00 2.835711059570312500e+02
9.456571778834351960e+00 2.804809570312500000e+02
9.460004914350356842e+00 2.815371093750000000e+02
9.463438049866359947e+00 2.857902526855468750e+02
9.466871185382364828e+00 2.881011962890625000e+02
9.470304320898369710e+00 2.875524902343750000e+02
9.473737456414374591e+00 2.845387878417968750e+02
9.477170591930379473e+00 2.841272583007812500e+02
9.480603727446384354e+00 2.788776550292968750e+02
9.484036862962387460e+00 2.766529541015625000e+02
9.487469998478392341e+00 2.772199401855468750e+02
9.490903133994395446e+00 2.815652770996093750e+02
9.494336269510400328e+00 2.824877014160156250e+02
9.497769405026405209e+00 2.830417175292968750e+02
9.501202540542410091e+00 2.822743530273437500e+02
9.504635676058414973e+00 2.849478454589843750e+02
9.508068811574419854e+00 2.845578918457031250e+02
9.511501947090424736e+00 2.837088317871093750e+02
9.514935082606429617e+00 2.810548400878906250e+02
9.518368218122432722e+00 2.760142211914062500e+02
9.521801353638435828e+00 2.714105224609375000e+02
9.525234489154440709e+00 2.683677673339843750e+02
9.528667624670445591e+00 2.712564697265625000e+02
9.532100760186450472e+00 2.714260864257812500e+02
9.535533895702455354e+00 2.711201477050781250e+02
9.538967031218460235e+00 2.717638244628906250e+02
9.542400166734463340e+00 2.748306579589843750e+02
9.545833302250468222e+00 2.794335632324218750e+02
9.549266437766473103e+00 2.820180664062500000e+02
9.552699573282477985e+00 2.810720825195312500e+02
9.556132708798481090e+00 2.757891845703125000e+02
9.559565844314485972e+00 2.729940795898437500e+02
9.562998979830490853e+00 2.701122436523437500e+02
9.566432115346495735e+00 2.712429809570312500e+02
9.569865250862498840e+00 2.734921875000000000e+02
9.573298386378503722e+00 2.734468383789062500e+02
9.576731521894508603e+00 2.747207946777343750e+02
9.580164657410513485e+00 2.765363159179687500e+02
9.583597792926518366e+00 2.790949401855468750e+02
9.587030928442523248e+00 2.796507263183593750e+02
9.590464063958526353e+00 2.801616516113281250e+02
9.593897199474531234e+00 2.772722473144531250e+02
9.597330334990534340e+00 2.743434143066406250e+02
9.600763470506539221e+00 2.692140502929687500e+02
9.604196606022544103e+00 2.703916931152343750e+02
9.607629741538548984e+00 2.693289794921875000e+02
9.611062877054553866e+00 2.716691284179687500e+02
9.614496012570558747e+00 2.706773376464843750e+02
9.617929148086563629e+00 2.732254333496093750e+02
9.621362283602568510e+00 2.695135192871093750e+02
9.624795419118571616e+00 2.666688842773437500e+02
9.628228554634574721e+00 2.663086242675781250e+02
9.631661690150579602e+00 2.724912719726562500e+02
9.635094825666584484e+00 2.742591857910156250e+02
9.638527961182589365e+00 2.738880615234375000e+02
9.641961096698594247e+00 2.714062194824218750e+02
9.645394232214599128e+00 2.706474304199218750e+02
9.648827367730604010e+00 2.696189575195312500e+02
9.652260503246607115e+00 2.701567382812500000e+02
9.655693638762611997e+00 2.706905212402343750e+02
9.659126774278616878e+00 2.690321044921875000e+02
9.662559909794619983e+00 2.661932678222656250e+02
9.665993045310624865e+00 2.648907165527343750e+02
9.669426180826629746e+00 2.664450683593750000e+02
9.672859316342634628e+00 2.679390869140625000e+02
9.676292451858637733e+00 2.701696777343750000e+02
9.679725587374642615e+00 2.713020935058593750e+02
9.683158722890647496e+00 2.716331176757812500e+02
9.686591858406652378e+00 2.702798461914062500e+02
9.690024993922657259e+00 2.673384704589843750e+02
9.693458129438662141e+00 2.652185363769531250e+02
9.696891264954667022e+00 2.638721008300781250e+02
9.700324400470670128e+00 2.633801574707031250e+02
9.703757535986673233e+00 2.643291931152343750e+02
9.707190671502678114e+00 2.655702819824218750e+02
9.710623807018682996e+00 2.698641052246093750e+02
9.714056942534687877e+00 2.697863769531250000e+02
9.717490078050692759e+00 2.709571533203125000e+02
9.720923213566697640e+00 2.694903869628906250e+02
9.724356349082702522e+00 2.697169494628906250e+02
9.727789484598707404e+00 2.696496887207031250e+02
9.731222620114710509e+00 2.678065185546875000e+02
9.734655755630715390e+00 2.689471740722656250e+02
9.738088891146718495e+00 2.659422607421875000e+02
9.741522026662723377e+00 2.647171020507812500e+02
9.744955162178728258e+00 2.614380493164062500e+02
9.748388297694733140e+00 2.599924926757812500e+02
9.751821433210738022e+00 2.596759643554687500e+02
9.755254568726742903e+00 2.616264343261718750e+02
9.758687704242746008e+00 2.663840637207031250e+02
9.762120839758750890e+00 2.718012695312500000e+02
9.765553975274755771e+00 2.718089599609375000e+02
9.768987110790760653e+00 2.678149719238281250e+02
9.772420246306763758e+00 2.649395751953125000e+02
9.775853381822768640e+00 2.643659973144531250e+02
9.779286517338773521e+00 2.694128417968750000e+02
9.782719652854778403e+00 2.695128173828125000e+02
9.786152788370781508e+00 2.702980041503906250e+02
9.789585923886786389e+00 2.667161560058593750e+02
9.793019059402791271e+00 2.671752014160156250e+02
9.796452194918796152e+00 2.669667358398437500e+02
9.799885330434801034e+00 2.647350769042968750e+02
9.803318465950805916e+00 2.643127746582031250e+02
9.806751601466809021e+00 2.613509826660156250e+02
9.810184736982813902e+00 2.611517028808593750e+02
9.813617872498817007e+00 2.570561218261718750e+02
9.817051008014821889e+00 2.569760131835937500e+02
9.820484143530826771e+00 2.552162628173828125e+02
9.823917279046831652e+00 2.558461151123046875e+02
9.827350414562836534e+00 2.572902526855468750e+02
9.830783550078841415e+00 2.602428283691406250e+02
9.834216685594846297e+00 2.639061584472656250e+02
9.837649821110849402e+00 2.632531127929687500e+02
9.841082956626854283e+00 2.593994750976562500e+02
9.844516092142857389e+00 2.553081512451171875e+02
9.847949227658862270e+00 2.503700561523437500e+02
9.851382363174867152e+00 2.504840850830078125e+02
9.854815498690872033e+00 2.515510711669921875e+02
9.858248634206876915e+00 2.551561584472656250e+02
9.861681769722881796e+00 2.584896850585937500e+02
9.865114905238884901e+00 2.604637756347656250e+02
9.868548040754889783e+00 2.643930358886718750e+02
9.871981176270894665e+00 2.655447082519531250e+02
9.875414311786899546e+00 2.647336730957031250e+02
9.878847447302902651e+00 2.640523681640625000e+02
9.882280582818907533e+00 2.632725524902343750e+02
9.885713718334912414e+00 2.653344421386718750e+02
9.889146853850917296e+00 2.661760864257812500e+02
9.892579989366920401e+00 2.616455383300781250e+02
9.896013124882925283e+00 2.575011901855468750e+02
9.899446260398930164e+00 2.538321990966796875e+02
9.902879395914935046e+00 2.589398498535156250e+02
9.906312531430939927e+00 2.613152770996093750e+02
9.909745666946944809e+00 2.654104614257812500e+02
9.913178802462947914e+00 2.672812194824218750e+02
9.916611937978952795e+00 2.638525695800781250e+02
9.920045073494955901e+00 2.612029113769531250e+02
9.923478209010960782e+00 2.557552032470703125e+02
9.926911344526965664e+00 2.533082275390625000e+02
9.930344480042970545e+00 2.492267913818359375e+02
9.933777615558975427e+00 2.475353546142578125e+02
9.937210751074980308e+00 2.504041290283203125e+02
9.940643886590985190e+00 2.577158203125000000e+02
9.944077022106990071e+00 2.601152038574218750e+02
9.947510157622993177e+00 2.539593353271484375e+02
9.950943293138996282e+00 2.461694030761718750e+02
9.954376428655001163e+00 2.458804626464843750e+02
9.957809564171006045e+00 2.462565155029296875e+02
9.961242699687010926e+00 2.500027313232421875e+02
9.964675835203015808e+00 2.529295806884765625e+02
9.968108970719020689e+00 2.614872741699218750e+02
9.971542106235023795e+00 2.593033142089843750e+02
9.974975241751028676e+00 2.603132629394531250e+02
9.978408377267033558e+00 2.578999633789062500e+02
9.981841512783038439e+00 2.574172668457031250e+02
9.985274648299041544e+00 2.526037445068359375e+02
9.988707783815046426e+00 2.509875488281250000e+02
9.992140919331051307e+00 2.485410156250000000e+02
9.995574054847056189e+00 2.477884368896484375e+02
9.999007190363059294e+00 2.489152832031250000e+02
1.000244032587906418e+01 2.504698944091796875e+02
1.000587346139506906e+01 2.520588378906250000e+02
1.000930659691107394e+01 2.495599822998046875e+02
1.001273973242707882e+01 2.518040008544921875e+02
1.001617286794308370e+01 2.531468048095703125e+02
1.001960600345908858e+01 2.501347198486328125e+02
1.002303913897509169e+01 2.410534820556640625e+02
1.002647227449109479e+01 2.395396423339843750e+02
1.002990541000709968e+01 2.430634918212890625e+02
1.003333854552310456e+01 2.504538726806640625e+02
1.003677168103910944e+01 2.500918121337890625e+02
1.004020481655511432e+01 2.471128234863281250e+02
1.004363795207111920e+01 2.406126708984375000e+02
1.004707108758712408e+01 2.359051361083984375e+02
1.005050422310312896e+01 2.346113128662109375e+02
1.005393735861913207e+01 2.370431671142578125e+02
1.005737049413513695e+01 2.368414916992187500e+02
1.006080362965114006e+01 2.381781463623046875e+02
1.006423676516714494e+01 2.391316528320312500e+02
1.006766990068314982e+01 2.415619964599609375e+02
1.007110303619915470e+01 2.431274414062500000e+02
1.007453617171515958e+01 2.398357696533203125e+02
1.007796930723116446e+01 2.357390747070312500e+02
1.008140244274716757e+01 2.330662689208984375e+02
1.008483557826317245e+01 2.349871520996093750e+02
1.008826871377917733e+01 2.356977539062500000e+02
1.009170184929518221e+01 2.350670318603515625e+02
1.009513498481118532e+01 2.303530273437500000e+02
1.009856812032719020e+01 2.322623748779296875e+02
1.010200125584319508e+01 2.361537780761718750e+02
1.010543439135919996e+01 2.356046295166015625e+02
1.010886752687520307e+01 2.315107727050781250e+02
1.011230066239120795e+01 2.256511840820312500e+02
1.011573379790721283e+01 2.304219360351562500e+02
1.011916693342321771e+01 2.365201568603515625e+02
1.012260006893922260e+01 2.416276245117187500e+02
1.012603320445522748e+01 2.401594543457031250e+02
1.012946633997123058e+01 2.427706298828125000e+02
1.013289947548723369e+01 2.378267517089843750e+02
1.013633261100323857e+01 2.343473052978515625e+02
1.013976574651924345e+01 2.315156097412109375e+02
1.014319888203524833e+01 2.283096923828125000e+02
1.014663201755125321e+01 2.218446655273437500e+02
1.015006515306725809e+01 2.164201202392578125e+02
1.015349828858326298e+01 2.170346374511718750e+02
1.015693142409926786e+01 2.159097442626953125e+02
1.016036455961527096e+01 2.084354553222656250e+02
1.016379769513127584e+01 2.056759185791015625e+02
1.016723083064727895e+01 2.072515563964843750e+02
1.017066396616328383e+01 2.078076477050781250e+02
1.017409710167928871e+01 2.070692443847656250e+02
1.017753023719529359e+01 2.068022613525390625e+02
1.018096337271129848e+01 2.072988891601562500e+02
1.018439650822730336e+01 2.092832946777343750e+02
1.018782964374330646e+01 1.998952331542968750e+02
1.019126277925931134e+01 1.922042541503906250e+02
1.019469591477531623e+01 1.816948852539062500e+02
1.019812905029132111e+01 1.855161437988281250e+02
1.020156218580732421e+01 1.824998168945312500e+02
1.020499532132332909e+01 1.796335906982421875e+02
1.020842845683933398e+01 1.733657531738281250e+02
1.021186159235533886e+01 1.694655761718750000e+02
1.021529472787134196e+01 1.652067260742187500e+02
1.021872786338734684e+01 1.572818908691406250e+02
1.022216099890335173e+01 1.554521942138671875e+02
1.022559413441935661e+01 1.518184356689453125e+02
1.022902726993536149e+01 1.473949584960937500e+02
1.023246040545136637e+01 1.229490661621093750e+02
1.023589354096736947e+01 1.126077651977539062e+02
1.023932667648337436e+01 1.073241653442382812e+02
1.024275981199937746e+01 1.204191055297851562e+02
1.024619294751538234e+01 1.192795562744140625e+02
1.024962608303138722e+01 1.132017593383789062e+02
1.025305921854739211e+01 9.943917846679687500e+01
1.025649235406339699e+01 9.261161041259765625e+01
1.025992548957940187e+01 8.564672851562500000e+01
1.026335862509540675e+01 7.691977691650390625e+01
1.026679176061140986e+01 6.146912384033203125e+01
1.027022489612741474e+01 6.722664642333984375e+01
1.027365803164341784e+01 7.265135955810546875e+01
1.027709116715942272e+01 7.649335479736328125e+01
1.028052430267542761e+01 5.304295349121093750e+01
1.028395743819143249e+01 3.747513198852539062e+01
1.028739057370743737e+01 2.354637527465820312e+01
1.029082370922344225e+01 2.569250869750976562e+01
1.029425684473944536e+01 2.094320869445800781e+01
1.029768998025545024e+01 0.000000000000000000e+00
