# # sector 20: chi = 25.01 deg (range [20, 30))
# # columns: 2theta(deg)  intensity
1.716567758002242143e-03 6.400225067138671875e+01
5.149703274006726429e-03 -2.632559537887573242e+00
8.582838790011209848e-03 3.807779312133789062e+01
1.201597430601569587e-02 7.730195617675781250e+01
1.544910982202017842e-02 1.115673980712890625e+02
1.888224533802465924e-02 7.056776428222656250e+01
2.231538085402914526e-02 1.466034054756164551e+00
2.574851637003363128e-02 -2.131382560729980469e+01
2.918165188603811730e-02 3.389040374755859375e+01
3.261478740204259985e-02 6.509396362304687500e+01
3.604792291804708587e-02 7.457752990722656250e+01
3.948105843405157189e-02 4.919589233398437500e+01
4.291419395005605791e-02 5.072298049926757812e+01
4.634732946606053700e-02 3.835164260864257812e+01
4.978046498206502302e-02 4.740795516967773438e+01
5.321360049806950904e-02 2.481126785278320312e+01
5.664673601407399506e-02 2.442706298828125000e+01
6.007987153007848108e-02 3.719454574584960938e+01
6.351300704608295322e-02 2.716566658020019531e+01
6.694614256208744618e-02 2.618172645568847656e+01
7.037927807809192526e-02 2.081130790710449219e+01
7.381241359409640435e-02 2.284169387817382812e+01
7.724554911010089731e-02 8.563444137573242188e+00
8.067868462610537639e-02 6.692277908325195312e+00
8.411182014210986935e-02 2.864718818664550781e+01
8.754495565811434843e-02 4.943086624145507812e+01
9.097809117411882751e-02 5.860615921020507812e+01
9.441122669012332047e-02 6.327369308471679688e+01
9.784436220612781343e-02 5.409237670898437500e+01
1.012774977221322786e-01 4.216074752807617188e+01
1.047106332381367716e-01 3.725444793701171875e+01
1.081437687541412507e-01 5.456546783447265625e+01
1.115769042701457436e-01 4.847771453857421875e+01
1.150100397861502227e-01 3.838099288940429688e+01
1.184431753021547157e-01 3.808438110351562500e+01
1.218763108181591809e-01 4.030869293212890625e+01
1.253094463341636600e-01 3.886039733886718750e+01
1.287425818501681529e-01 4.148931884765625000e+01
1.321757173661726459e-01 4.974719238281250000e+01
1.356088528821771388e-01 5.817496871948242188e+01
1.390419883981816040e-01 6.937279510498046875e+01
1.424751239141860970e-01 8.771006011962890625e+01
1.459082594301905900e-01 8.364617919921875000e+01
1.493413949461950552e-01 5.739134216308593750e+01
1.527745304621995481e-01 3.639230346679687500e+01
1.562076659782040411e-01 5.044257354736328125e+01
1.596408014942085063e-01 6.293113327026367188e+01
1.630739370102129993e-01 7.727590179443359375e+01
1.665070725262174922e-01 7.868122863769531250e+01
1.699402080422219852e-01 8.578569793701171875e+01
1.733733435582264504e-01 6.639099884033203125e+01
1.768064790742309156e-01 6.138673400878906250e+01
1.802396145902354085e-01 6.512709808349609375e+01
1.836727501062399015e-01 7.044525146484375000e+01
1.871058856222443945e-01 7.383435058593750000e+01
1.905390211382488874e-01 5.301827621459960938e+01
1.939721566542533804e-01 6.342313766479492188e+01
1.974052921702578456e-01 7.344835662841796875e+01
2.008384276862623385e-01 9.651821899414062500e+01
2.042715632022668037e-01 1.102015991210937500e+02
2.077046987182712967e-01 1.128884048461914062e+02
2.111378342342757897e-01 1.373453369140625000e+02
2.145709697502802549e-01 2.224994354248046875e+02
2.180041052662847478e-01 3.421447448730468750e+02
2.214372407822892408e-01 4.848891906738281250e+02
2.248703762982937338e-01 5.549031982421875000e+02
2.283035118142981990e-01 5.862659301757812500e+02
2.317366473303026919e-01 6.091353759765625000e+02
2.351697828463071849e-01 6.364729003906250000e+02
2.386029183623116778e-01 6.580512695312500000e+02
2.420360538783161153e-01 6.319679565429687500e+02
2.454691893943206082e-01 6.108890380859375000e+02
2.489023249103251012e-01 6.005175170898437500e+02
2.523354604263295942e-01 6.247398071289062500e+02
2.557685959423340871e-01 6.417802124023437500e+02
2.592017314583385801e-01 6.617032470703125000e+02
2.626348669743430730e-01 6.776685180664062500e+02
2.660680024903475660e-01 6.983726196289062500e+02
2.695011380063520035e-01 7.027281494140625000e+02
2.729342735223564964e-01 7.040538330078125000e+02
2.763674090383609339e-01 7.133479614257812500e+02
2.798005445543654268e-01 7.245833740234375000e+02
2.832336800703699198e-01 7.150327758789062500e+02
2.866668155863744127e-01 6.930044555664062500e+02
2.900999511023789057e-01 6.732437744140625000e+02
2.935330866183833987e-01 6.729671020507812500e+02
2.969662221343878916e-01 7.136140747070312500e+02
3.003993576503923846e-01 7.401763916015625000e+02
3.038324931663968775e-01 7.319659423828125000e+02
3.072656286824013705e-01 7.279220581054687500e+02
3.106987641984058635e-01 7.597719116210937500e+02
3.141318997144103009e-01 7.933851318359375000e+02
3.175650352304147939e-01 7.955039672851562500e+02
3.209981707464192868e-01 7.904443359375000000e+02
3.244313062624237243e-01 7.990984497070312500e+02
3.278644417784282172e-01 8.297199096679687500e+02
3.312975772944327102e-01 8.739510498046875000e+02
3.347307128104372032e-01 8.859645385742187500e+02
3.381638483264416961e-01 8.825464477539062500e+02
3.415969838424461891e-01 8.988574218750000000e+02
3.450301193584506820e-01 9.139559326171875000e+02
3.484632548744551750e-01 9.306511840820312500e+02
3.518963903904596124e-01 9.480719604492187500e+02
3.553295259064641054e-01 1.003526123046875000e+03
3.587626614224685984e-01 1.043393432617187500e+03
3.621957969384730913e-01 1.054817016601562500e+03
3.656289324544775843e-01 1.046127075195312500e+03
3.690620679704820772e-01 1.075760009765625000e+03
3.724952034864865702e-01 1.105140502929687500e+03
3.759283390024910076e-01 1.130945312500000000e+03
3.793614745184955006e-01 1.144659301757812500e+03
3.827946100344999936e-01 1.144911499023437500e+03
3.862277455505044865e-01 1.126596191406250000e+03
3.896608810665089240e-01 1.114841430664062500e+03
3.930940165825134169e-01 1.145564941406250000e+03
3.965271520985179099e-01 1.195055541992187500e+03
3.999602876145224029e-01 1.223048461914062500e+03
4.033934231305268958e-01 1.234730834960937500e+03
4.068265586465313888e-01 1.234713867187500000e+03
4.102596941625358817e-01 1.254086181640625000e+03
4.136928296785403747e-01 1.256267333984375000e+03
4.171259651945448677e-01 1.276682006835937500e+03
4.205591007105493606e-01 1.299778442382812500e+03
4.239922362265537981e-01 1.313182495117187500e+03
4.274253717425582910e-01 1.320756225585937500e+03
4.308585072585627285e-01 1.324977661132812500e+03
4.342916427745672214e-01 1.327347412109375000e+03
4.377247782905717144e-01 1.348771728515625000e+03
4.411579138065762073e-01 1.356748779296875000e+03
4.445910493225807003e-01 1.371694946289062500e+03
4.480241848385851933e-01 1.351039794921875000e+03
4.514573203545896862e-01 1.361002563476562500e+03
4.548904558705941792e-01 1.371446655273437500e+03
4.583235913865986721e-01 1.395916625976562500e+03
4.617567269026031651e-01 1.398697631835937500e+03
4.651898624186076581e-01 1.387705932617187500e+03
4.686229979346121510e-01 1.371021118164062500e+03
4.720561334506166440e-01 1.369062988281250000e+03
4.754892689666211369e-01 1.360518432617187500e+03
4.789224044826255189e-01 1.357136230468750000e+03
4.823555399986300118e-01 1.343768920898437500e+03
4.857886755146345048e-01 1.352293701171875000e+03
4.892218110306389423e-01 1.373690551757812500e+03
4.926549465466434352e-01 1.394372680664062500e+03
4.960880820626479282e-01 1.393475830078125000e+03
4.995212175786524211e-01 1.369074096679687500e+03
5.029543530946569696e-01 1.370480224609375000e+03
5.063874886106614071e-01 1.385080810546875000e+03
5.098206241266658445e-01 1.378817138671875000e+03
5.132537596426703930e-01 1.363876464843750000e+03
5.166868951586748304e-01 1.331957885742187500e+03
5.201200306746793789e-01 1.318025878906250000e+03
5.235531661906838163e-01 1.310391845703125000e+03
5.269863017066883648e-01 1.314274780273437500e+03
5.304194372226928023e-01 1.320680541992187500e+03
5.338525727386973507e-01 1.319949584960937500e+03
5.372857082547017882e-01 1.303728393554687500e+03
5.407188437707063366e-01 1.293409790039062500e+03
5.441519792867107741e-01 1.294817260742187500e+03
5.475851148027153226e-01 1.282869873046875000e+03
5.510182503187196490e-01 1.267797729492187500e+03
5.544513858347241975e-01 1.240426391601562500e+03
5.578845213507286349e-01 1.234361328125000000e+03
5.613176568667331834e-01 1.231277587890625000e+03
5.647507923827376208e-01 1.205229003906250000e+03
5.681839278987420583e-01 1.194277832031250000e+03
5.716170634147466068e-01 1.206629516601562500e+03
5.750501989307510442e-01 1.230867675781250000e+03
5.784833344467555927e-01 1.232672729492187500e+03
5.819164699627600301e-01 1.226844726562500000e+03
5.853496054787645786e-01 1.229062377929687500e+03
5.887827409947690160e-01 1.219732055664062500e+03
5.922158765107735645e-01 1.215278198242187500e+03
5.956490120267780020e-01 1.199552734375000000e+03
5.990821475427825504e-01 1.209342163085937500e+03
6.025152830587869879e-01 1.206849731445312500e+03
6.059484185747915364e-01 1.222074462890625000e+03
6.093815540907959738e-01 1.214915893554687500e+03
6.128146896068004112e-01 1.208970214843750000e+03
6.162478251228049597e-01 1.198357666015625000e+03
6.196809606388093972e-01 1.191258178710937500e+03
6.231140961548139456e-01 1.192947998046875000e+03
6.265472316708182721e-01 1.184592041015625000e+03
6.299803671868228205e-01 1.188143554687500000e+03
6.334135027028272580e-01 1.195649414062500000e+03
6.368466382188318065e-01 1.207336059570312500e+03
6.402797737348362439e-01 1.208945556640625000e+03
6.437129092508407924e-01 1.211609252929687500e+03
6.471460447668452298e-01 1.212199340820312500e+03
6.505791802828497783e-01 1.212172851562500000e+03
6.540123157988542157e-01 1.201430175781250000e+03
6.574454513148587642e-01 1.208932128906250000e+03
6.608785868308632017e-01 1.197113525390625000e+03
6.643117223468677501e-01 1.202432739257812500e+03
6.677448578628721876e-01 1.192768188476562500e+03
6.711779933788766250e-01 1.185668457031250000e+03
6.746111288948811735e-01 1.164298950195312500e+03
6.780442644108856109e-01 1.164428833007812500e+03
6.814773999268901594e-01 1.176200561523437500e+03
6.849105354428945969e-01 1.182666015625000000e+03
6.883436709588991453e-01 1.180871093750000000e+03
6.917768064749035828e-01 1.191321044921875000e+03
6.952099419909081313e-01 1.191638549804687500e+03
6.986430775069124577e-01 1.170800537109375000e+03
7.020762130229170062e-01 1.160452758789062500e+03
7.055093485389214436e-01 1.159174682617187500e+03
7.089424840549259921e-01 1.167214111328125000e+03
7.123756195709304295e-01 1.169033935546875000e+03
7.158087550869349780e-01 1.175658813476562500e+03
7.192418906029394154e-01 1.185640380859375000e+03
7.226750261189439639e-01 1.196488403320312500e+03
7.261081616349484014e-01 1.203550170898437500e+03
7.295412971509528388e-01 1.197214843750000000e+03
7.329744326669573873e-01 1.189733398437500000e+03
7.364075681829618247e-01 1.192863647460937500e+03
7.398407036989663732e-01 1.189857299804687500e+03
7.432738392149708107e-01 1.192984741210937500e+03
7.467069747309753591e-01 1.192262084960937500e+03
7.501401102469797966e-01 1.179531127929687500e+03
7.535732457629843450e-01 1.160437011718750000e+03
7.570063812789887825e-01 1.164169433593750000e+03
7.604395167949933310e-01 1.169951904296875000e+03
7.638726523109977684e-01 1.172771972656250000e+03
7.673057878270023169e-01 1.166815429687500000e+03
7.707389233430067543e-01 1.177569458007812500e+03
7.741720588590111918e-01 1.185138793945312500e+03
7.776051943750156292e-01 1.191296386718750000e+03
7.810383298910200667e-01 1.175936889648437500e+03
7.844714654070246151e-01 1.156821655273437500e+03
7.879046009230290526e-01 1.136112548828125000e+03
7.913377364390336011e-01 1.146546142578125000e+03
7.947708719550380385e-01 1.166623168945312500e+03
7.982040074710425870e-01 1.197977172851562500e+03
8.016371429870470244e-01 1.206887573242187500e+03
8.050702785030515729e-01 1.212786010742187500e+03
8.085034140190560104e-01 1.205936157226562500e+03
8.119365495350605588e-01 1.201979492187500000e+03
8.153696850510649963e-01 1.190698974609375000e+03
8.188028205670695447e-01 1.197281860351562500e+03
8.222359560830739822e-01 1.205000488281250000e+03
8.256690915990785307e-01 1.208990600585937500e+03
8.291022271150829681e-01 1.196401733398437500e+03
8.325353626310874056e-01 1.187479492187500000e+03
8.359684981470919540e-01 1.177541870117187500e+03
8.394016336630963915e-01 1.187889648437500000e+03
8.428347691791009400e-01 1.201266113281250000e+03
8.462679046951052664e-01 1.209762207031250000e+03
8.497010402111098148e-01 1.195352539062500000e+03
8.531341757271142523e-01 1.190293701171875000e+03
8.565673112431188008e-01 1.190932983398437500e+03
8.600004467591232382e-01 1.193802124023437500e+03
8.634335822751277867e-01 1.193765747070312500e+03
8.668667177911322241e-01 1.199622436523437500e+03
8.702998533071367726e-01 1.200411621093750000e+03
8.737329888231412101e-01 1.201917236328125000e+03
8.771661243391457585e-01 1.205287597656250000e+03
8.805992598551501960e-01 1.207134521484375000e+03
8.840323953711546334e-01 1.207979370117187500e+03
8.874655308871591819e-01 1.206010864257812500e+03
8.908986664031636193e-01 1.204338745117187500e+03
8.943318019191681678e-01 1.217890014648437500e+03
8.977649374351724942e-01 1.219734252929687500e+03
9.011980729511770427e-01 1.222380004882812500e+03
9.046312084671814802e-01 1.212455688476562500e+03
9.080643439831860286e-01 1.228722534179687500e+03
9.114974794991904661e-01 1.243974731445312500e+03
9.149306150151950145e-01 1.256905517578125000e+03
9.183637505311994520e-01 1.254683471679687500e+03
9.217968860472040005e-01 1.255041137695312500e+03
9.252300215632084379e-01 1.244263916015625000e+03
9.286631570792129864e-01 1.232325805664062500e+03
9.320962925952174238e-01 1.214484252929687500e+03
9.355294281112219723e-01 1.205308837890625000e+03
9.389625636272264098e-01 1.198211914062500000e+03
9.423956991432308472e-01 1.208910156250000000e+03
9.458288346592353957e-01 1.222348754882812500e+03
9.492619701752398331e-01 1.231183349609375000e+03
9.526951056912443816e-01 1.224223999023437500e+03
9.561282412072487080e-01 1.211395263671875000e+03
9.595613767232531455e-01 1.211862304687500000e+03
9.629945122392575829e-01 1.220970092773437500e+03
9.664276477552621314e-01 1.230488403320312500e+03
9.698607832712665688e-01 1.234619873046875000e+03
9.732939187872711173e-01 1.235561035156250000e+03
9.767270543032755548e-01 1.241392944335937500e+03
9.801601898192801032e-01 1.246773803710937500e+03
9.835933253352845407e-01 1.247675170898437500e+03
9.870264608512890891e-01 1.242412597656250000e+03
9.904595963672935266e-01 1.238634765625000000e+03
9.938927318832980751e-01 1.254386352539062500e+03
9.973258673993025125e-01 1.256232055664062500e+03
1.000759002915307061e+00 1.272364746093750000e+03
1.004192138431311498e+00 1.274094604492187500e+03
1.007625273947315936e+00 1.274455810546875000e+03
1.011058409463320373e+00 1.260806884765625000e+03
1.014491544979325033e+00 1.257929931640625000e+03
1.017924680495329470e+00 1.264859497070312500e+03
1.021357816011333908e+00 1.277876098632812500e+03
1.024790951527338345e+00 1.281724121093750000e+03
1.028224087043343005e+00 1.276558715820312500e+03
1.031657222559347442e+00 1.265819335937500000e+03
1.035090358075351880e+00 1.269702636718750000e+03
1.038523493591356317e+00 1.276948486328125000e+03
1.041956629107360977e+00 1.275452270507812500e+03
1.045389764623365414e+00 1.271316406250000000e+03
1.048822900139369851e+00 1.258574096679687500e+03
1.052256035655374289e+00 1.255945678710937500e+03
1.055689171171378726e+00 1.250241943359375000e+03
1.059122306687383386e+00 1.258318115234375000e+03
1.062555442203387823e+00 1.266617187500000000e+03
1.065988577719392261e+00 1.274479003906250000e+03
1.069421713235396698e+00 1.273650146484375000e+03
1.072854848751401358e+00 1.262541015625000000e+03
1.076287984267405795e+00 1.267682739257812500e+03
1.079721119783410233e+00 1.284264648437500000e+03
1.083154255299414670e+00 1.304705444335937500e+03
1.086587390815419329e+00 1.313094604492187500e+03
1.090020526331423767e+00 1.309915161132812500e+03
1.093453661847428204e+00 1.305997070312500000e+03
1.096886797363432642e+00 1.292804077148437500e+03
1.100319932879437079e+00 1.292068603515625000e+03
1.103753068395441517e+00 1.287078491210937500e+03
1.107186203911445954e+00 1.296039672851562500e+03
1.110619339427450392e+00 1.301293090820312500e+03
1.114052474943455051e+00 1.298506103515625000e+03
1.117485610459459489e+00 1.297791503906250000e+03
1.120918745975463926e+00 1.301064086914062500e+03
1.124351881491468363e+00 1.313483520507812500e+03
1.127785017007472801e+00 1.312946044921875000e+03
1.131218152523477460e+00 1.310864257812500000e+03
1.134651288039481898e+00 1.303340576171875000e+03
1.138084423555486335e+00 1.299661621093750000e+03
1.141517559071490773e+00 1.303058959960937500e+03
1.144950694587495432e+00 1.310791137695312500e+03
1.148383830103499870e+00 1.313539184570312500e+03
1.151816965619504307e+00 1.311443847656250000e+03
1.155250101135508745e+00 1.321474975585937500e+03
1.158683236651513404e+00 1.337368164062500000e+03
1.162116372167517842e+00 1.363365234375000000e+03
1.165549507683522279e+00 1.372284423828125000e+03
1.168982643199526716e+00 1.361341796875000000e+03
1.172415778715531154e+00 1.346512329101562500e+03
1.175848914231535813e+00 1.339189575195312500e+03
1.179282049747540251e+00 1.341726684570312500e+03
1.182715185263544688e+00 1.337219238281250000e+03
1.186148320779549126e+00 1.347063720703125000e+03
1.189581456295553785e+00 1.344698242187500000e+03
1.193014591811558223e+00 1.354867919921875000e+03
1.196447727327562660e+00 1.351769165039062500e+03
1.199880862843567098e+00 1.348649902343750000e+03
1.203313998359571757e+00 1.336300659179687500e+03
1.206747133875576194e+00 1.323542236328125000e+03
1.210180269391580632e+00 1.326478637695312500e+03
1.213613404907585069e+00 1.335385498046875000e+03
1.217046540423589507e+00 1.361130004882812500e+03
1.220479675939594166e+00 1.374556518554687500e+03
1.223912811455598604e+00 1.381920288085937500e+03
1.227345946971603041e+00 1.388243041992187500e+03
1.230779082487607479e+00 1.395428588867187500e+03
1.234212218003612138e+00 1.401263427734375000e+03
1.237645353519616576e+00 1.403306274414062500e+03
1.241078489035621013e+00 1.393671630859375000e+03
1.244511624551625451e+00 1.383897338867187500e+03
1.247944760067629888e+00 1.387759521484375000e+03
1.251377895583634325e+00 1.395279296875000000e+03
1.254811031099638763e+00 1.399079956054687500e+03
1.258244166615643200e+00 1.388974365234375000e+03
1.261677302131647860e+00 1.403578247070312500e+03
1.265110437647652297e+00 1.404740966796875000e+03
1.268543573163656735e+00 1.409776123046875000e+03
1.271976708679661172e+00 1.412193725585937500e+03
1.275409844195665832e+00 1.417849243164062500e+03
1.278842979711670269e+00 1.415098754882812500e+03
1.282276115227674707e+00 1.410654296875000000e+03
1.285709250743679144e+00 1.411109375000000000e+03
1.289142386259683581e+00 1.410292968750000000e+03
1.292575521775688241e+00 1.421252563476562500e+03
1.296008657291692678e+00 1.436250732421875000e+03
1.299441792807697116e+00 1.446400756835937500e+03
1.302874928323701553e+00 1.434737670898437500e+03
1.306308063839706213e+00 1.438172485351562500e+03
1.309741199355710650e+00 1.441173217773437500e+03
1.313174334871715088e+00 1.450661865234375000e+03
1.316607470387719525e+00 1.450298217773437500e+03
1.320040605903724185e+00 1.454912475585937500e+03
1.323473741419728622e+00 1.448284057617187500e+03
1.326906876935733059e+00 1.446694824218750000e+03
1.330340012451737497e+00 1.454124267578125000e+03
1.333773147967741934e+00 1.477457519531250000e+03
1.337206283483746594e+00 1.510801147460937500e+03
1.340639418999751031e+00 1.545957519531250000e+03
1.344072554515755469e+00 1.570793334960937500e+03
1.347505690031759906e+00 1.592695312500000000e+03
1.350938825547764566e+00 1.597296875000000000e+03
1.354371961063769003e+00 1.590614379882812500e+03
1.357805096579773441e+00 1.562263061523437500e+03
1.361238232095777878e+00 1.536588256835937500e+03
1.364671367611782538e+00 1.516962280273437500e+03
1.368104503127786975e+00 1.499124267578125000e+03
1.371537638643791412e+00 1.475440185546875000e+03
1.374970774159795850e+00 1.461067871093750000e+03
1.378403909675800287e+00 1.458336547851562500e+03
1.381837045191804947e+00 1.467669799804687500e+03
1.385270180707809384e+00 1.474297729492187500e+03
1.388703316223813822e+00 1.478159423828125000e+03
1.392136451739818259e+00 1.478143310546875000e+03
1.395569587255822697e+00 1.479677246093750000e+03
1.399002722771827134e+00 1.475704956054687500e+03
1.402435858287831572e+00 1.475894775390625000e+03
1.405868993803836009e+00 1.470402709960937500e+03
1.409302129319840668e+00 1.472472412109375000e+03
1.412735264835845106e+00 1.476046020507812500e+03
1.416168400351849543e+00 1.480209716796875000e+03
1.419601535867853981e+00 1.482328002929687500e+03
1.423034671383858640e+00 1.481379516601562500e+03
1.426467806899863078e+00 1.482926269531250000e+03
1.429900942415867515e+00 1.488932983398437500e+03
1.433334077931871953e+00 1.496728515625000000e+03
1.436767213447876390e+00 1.491788940429687500e+03
1.440200348963881050e+00 1.487462524414062500e+03
1.443633484479885487e+00 1.490994750976562500e+03
1.447066619995889925e+00 1.489142211914062500e+03
1.450499755511894362e+00 1.488919677734375000e+03
1.453932891027899021e+00 1.489229125976562500e+03
1.457366026543903459e+00 1.500702880859375000e+03
1.460799162059907896e+00 1.507111816406250000e+03
1.464232297575912334e+00 1.507586914062500000e+03
1.467665433091916993e+00 1.509180175781250000e+03
1.471098568607921431e+00 1.516761840820312500e+03
1.474531704123925868e+00 1.533540527343750000e+03
1.477964839639930306e+00 1.547834716796875000e+03
1.481397975155934965e+00 1.542801025390625000e+03
1.484831110671939403e+00 1.533458374023437500e+03
1.488264246187943840e+00 1.527266967773437500e+03
1.491697381703948277e+00 1.514627319335937500e+03
1.495130517219952715e+00 1.516532714843750000e+03
1.498563652735957374e+00 1.516552246093750000e+03
1.501996788251961812e+00 1.517519531250000000e+03
1.505429923767966249e+00 1.508785888671875000e+03
1.508863059283970687e+00 1.507758789062500000e+03
1.512296194799975346e+00 1.521926147460937500e+03
1.515729330315979784e+00 1.533911499023437500e+03
1.519162465831984221e+00 1.538384765625000000e+03
1.522595601347988659e+00 1.524958251953125000e+03
1.526028736863993318e+00 1.531402099609375000e+03
1.529461872379997756e+00 1.541561889648437500e+03
1.532895007896002193e+00 1.550282836914062500e+03
1.536328143412006630e+00 1.537396240234375000e+03
1.539761278928011068e+00 1.525585815429687500e+03
1.543194414444015505e+00 1.525130249023437500e+03
1.546627549960019943e+00 1.535922363281250000e+03
1.550060685476024380e+00 1.530984863281250000e+03
1.553493820992028818e+00 1.525374389648437500e+03
1.556926956508033477e+00 1.527005249023437500e+03
1.560360092024037915e+00 1.541408813476562500e+03
1.563793227540042352e+00 1.553344238281250000e+03
1.567226363056046790e+00 1.558505615234375000e+03
1.570659498572051449e+00 1.557406494140625000e+03
1.574092634088055886e+00 1.559116455078125000e+03
1.577525769604060324e+00 1.563442871093750000e+03
1.580958905120064761e+00 1.564278320312500000e+03
1.584392040636069421e+00 1.564869018554687500e+03
1.587825176152073858e+00 1.553443359375000000e+03
1.591258311668078296e+00 1.560566162109375000e+03
1.594691447184082733e+00 1.567159179687500000e+03
1.598124582700087171e+00 1.575430908203125000e+03
1.601557718216091830e+00 1.577720947265625000e+03
1.604990853732096268e+00 1.569128417968750000e+03
1.608423989248100705e+00 1.568758422851562500e+03
1.611857124764105142e+00 1.575492797851562500e+03
1.615290260280109802e+00 1.601076660156250000e+03
1.618723395796114239e+00 1.642988281250000000e+03
1.622156531312118677e+00 1.697689941406250000e+03
1.625589666828123114e+00 1.758232177734375000e+03
1.629022802344127774e+00 1.810158081054687500e+03
1.632455937860132211e+00 1.832658935546875000e+03
1.635889073376136649e+00 1.814149291992187500e+03
1.639322208892141086e+00 1.768720214843750000e+03
1.642755344408145524e+00 1.710210205078125000e+03
1.646188479924150183e+00 1.649253784179687500e+03
1.649621615440154621e+00 1.607993041992187500e+03
1.653054750956159058e+00 1.581794311523437500e+03
1.656487886472163495e+00 1.564844726562500000e+03
1.659921021988168155e+00 1.547700073242187500e+03
1.663354157504172592e+00 1.545392211914062500e+03
1.666787293020177030e+00 1.554622680664062500e+03
1.670220428536181467e+00 1.568149658203125000e+03
1.673653564052186127e+00 1.573541015625000000e+03
1.677086699568190564e+00 1.568800415039062500e+03
1.680519835084195002e+00 1.556211303710937500e+03
1.683952970600199439e+00 1.555765258789062500e+03
1.687386106116203877e+00 1.557940917968750000e+03
1.690819241632208314e+00 1.571714599609375000e+03
1.694252377148212751e+00 1.563606323242187500e+03
1.697685512664217189e+00 1.553956298828125000e+03
1.701118648180221848e+00 1.548392333984375000e+03
1.704551783696226286e+00 1.556374877929687500e+03
1.707984919212230723e+00 1.558386230468750000e+03
1.711418054728235161e+00 1.556022094726562500e+03
1.714851190244239598e+00 1.553093261718750000e+03
1.718284325760244258e+00 1.549222900390625000e+03
1.721717461276248695e+00 1.536839355468750000e+03
1.725150596792253133e+00 1.523709350585937500e+03
1.728583732308257570e+00 1.516053466796875000e+03
1.732016867824262230e+00 1.513232177734375000e+03
1.735450003340266667e+00 1.509308105468750000e+03
1.738883138856271104e+00 1.510393920898437500e+03
1.742316274372275542e+00 1.516192993164062500e+03
1.745749409888280201e+00 1.516984985351562500e+03
1.749182545404284639e+00 1.507829589843750000e+03
1.752615680920289076e+00 1.501874023437500000e+03
1.756048816436293514e+00 1.508607055664062500e+03
1.759481951952297951e+00 1.516314941406250000e+03
1.762915087468302611e+00 1.515186645507812500e+03
1.766348222984307048e+00 1.510312500000000000e+03
1.769781358500311486e+00 1.513551269531250000e+03
1.773214494016315923e+00 1.526710693359375000e+03
1.776647629532320583e+00 1.539760375976562500e+03
1.780080765048325020e+00 1.544296875000000000e+03
1.783513900564329457e+00 1.534785522460937500e+03
1.786947036080333895e+00 1.513814208984375000e+03
1.790380171596338554e+00 1.497171875000000000e+03
1.793813307112343214e+00 1.476549194335937500e+03
1.797246442628347429e+00 1.461291015625000000e+03
1.800679578144352089e+00 1.444972290039062500e+03
1.804112713660356304e+00 1.445930541992187500e+03
1.807545849176361186e+00 1.443867919921875000e+03
1.810978984692365401e+00 1.436152832031250000e+03
1.814412120208370061e+00 1.428773559570312500e+03
1.817845255724374276e+00 1.432272583007812500e+03
1.821278391240379158e+00 1.435517578125000000e+03
1.824711526756383373e+00 1.435521728515625000e+03
1.828144662272388032e+00 1.420978759765625000e+03
1.831577797788392248e+00 1.409828125000000000e+03
1.835010933304396907e+00 1.402426635742187500e+03
1.838444068820401345e+00 1.404884643554687500e+03
1.841877204336406004e+00 1.390765380859375000e+03
1.845310339852410220e+00 1.387884521484375000e+03
1.848743475368414879e+00 1.380144653320312500e+03
1.852176610884419317e+00 1.382334228515625000e+03
1.855609746400423976e+00 1.371409545898437500e+03
1.859042881916428192e+00 1.367969604492187500e+03
1.862476017432432851e+00 1.364043701171875000e+03
1.865909152948437288e+00 1.361789306640625000e+03
1.869342288464441948e+00 1.354124511718750000e+03
1.872775423980446163e+00 1.350252197265625000e+03
1.876208559496450823e+00 1.349863891601562500e+03
1.879641695012455260e+00 1.348211547851562500e+03
1.883074830528459920e+00 1.346904907226562500e+03
1.886507966044464135e+00 1.332610107421875000e+03
1.889941101560468795e+00 1.325783569335937500e+03
1.893374237076473010e+00 1.321172363281250000e+03
1.896807372592477892e+00 1.305246459960937500e+03
1.900240508108482107e+00 1.287829223632812500e+03
1.903673643624486767e+00 1.284120117187500000e+03
1.907106779140490982e+00 1.291098510742187500e+03
1.910539914656495419e+00 1.282447021484375000e+03
1.913973050172500079e+00 1.266562377929687500e+03
1.917406185688504294e+00 1.260902832031250000e+03
1.920839321204508954e+00 1.254670288085937500e+03
1.924272456720513391e+00 1.249026977539062500e+03
1.927705592236518051e+00 1.234924560546875000e+03
1.931138727752522266e+00 1.237228515625000000e+03
1.934571863268526926e+00 1.233914306640625000e+03
1.938004998784531363e+00 1.235274414062500000e+03
1.941438134300536023e+00 1.228169189453125000e+03
1.944871269816540238e+00 1.227760864257812500e+03
1.948304405332544897e+00 1.224407226562500000e+03
1.951737540848549335e+00 1.218517578125000000e+03
1.955170676364553994e+00 1.215461669921875000e+03
1.958603811880558210e+00 1.210696166992187500e+03
1.962036947396562869e+00 1.202692016601562500e+03
1.965470082912567085e+00 1.191106445312500000e+03
1.968903218428571966e+00 1.181637817382812500e+03
1.972336353944576182e+00 1.182743530273437500e+03
1.975769489460580841e+00 1.178994140625000000e+03
1.979202624976585057e+00 1.199910400390625000e+03
1.982635760492589938e+00 1.226530517578125000e+03
1.986068896008594153e+00 1.268669677734375000e+03
1.989502031524598813e+00 1.323770996093750000e+03
1.992935167040603028e+00 1.395850097656250000e+03
1.996368302556607688e+00 1.475816528320312500e+03
1.999801438072612125e+00 1.541877929687500000e+03
2.003234573588616563e+00 1.563331420898437500e+03
2.006667709104621000e+00 1.540239013671875000e+03
2.010100844620625882e+00 1.475633789062500000e+03
2.013533980136629875e+00 1.402246093750000000e+03
2.016967115652634757e+00 1.321047241210937500e+03
2.020400251168639194e+00 1.245864013671875000e+03
2.023833386684643632e+00 1.197710205078125000e+03
2.027266522200648069e+00 1.170087402343750000e+03
2.030699657716652506e+00 1.164694091796875000e+03
2.034132793232656944e+00 1.148452758789062500e+03
2.037565928748661825e+00 1.141185791015625000e+03
2.040999064264665819e+00 1.137929931640625000e+03
2.044432199780670700e+00 1.145103027343750000e+03
2.047865335296675138e+00 1.148859863281250000e+03
2.051298470812679575e+00 1.139355834960937500e+03
2.054731606328684013e+00 1.130743164062500000e+03
2.058164741844688006e+00 1.121259765625000000e+03
2.061597877360692888e+00 1.121012939453125000e+03
2.065031012876697325e+00 1.126567504882812500e+03
2.068464148392701762e+00 1.133194702148437500e+03
2.071897283908706200e+00 1.121302001953125000e+03
2.075330419424710637e+00 1.107657836914062500e+03
2.078763554940715075e+00 1.099562744140625000e+03
2.082196690456719956e+00 1.094328369140625000e+03
2.085629825972723950e+00 1.089273925781250000e+03
2.089062961488728831e+00 1.094341674804687500e+03
2.092496097004733269e+00 1.095696411132812500e+03
2.095929232520737706e+00 1.090449218750000000e+03
2.099362368036742144e+00 1.086248657226562500e+03
2.102795503552746581e+00 1.087247680664062500e+03
2.106228639068751018e+00 1.078949340820312500e+03
2.109661774584755900e+00 1.074611083984375000e+03
2.113094910100759893e+00 1.065633178710937500e+03
2.116528045616764775e+00 1.057524414062500000e+03
2.119961181132768768e+00 1.055768798828125000e+03
2.123394316648773650e+00 1.064121093750000000e+03
2.126827452164778087e+00 1.060631835937500000e+03
2.130260587680782525e+00 1.050000244140625000e+03
2.133693723196786962e+00 1.039759155273437500e+03
2.137126858712791844e+00 1.042503295898437500e+03
2.140559994228795837e+00 1.043749511718750000e+03
2.143993129744800719e+00 1.047067626953125000e+03
2.147426265260804712e+00 1.051538208007812500e+03
2.150859400776809593e+00 1.049112915039062500e+03
2.154292536292814031e+00 1.035039794921875000e+03
2.157725671808818468e+00 1.021697509765625000e+03
2.161158807324822906e+00 1.020049377441406250e+03
2.164591942840827343e+00 1.016082397460937500e+03
2.168025078356831781e+00 1.016591247558593750e+03
2.171458213872836662e+00 1.004397888183593750e+03
2.174891349388840656e+00 1.005108886718750000e+03
2.178324484904845537e+00 1.005665283203125000e+03
2.181757620420849975e+00 1.020544189453125000e+03
2.185190755936854412e+00 1.016605529785156250e+03
2.188623891452858850e+00 1.005603454589843750e+03
2.192057026968863287e+00 9.934696655273437500e+02
2.195490162484867724e+00 9.941600952148437500e+02
2.198923298000872162e+00 9.924434814453125000e+02
2.202356433516876599e+00 9.861040039062500000e+02
2.205789569032881037e+00 9.852213745117187500e+02
2.209222704548885918e+00 9.863682250976562500e+02
2.212655840064889912e+00 9.681646728515625000e+02
2.216088975580894793e+00 9.616832885742187500e+02
2.219522111096898787e+00 9.636187133789062500e+02
2.222955246612903668e+00 9.801549072265625000e+02
2.226388382128908106e+00 9.732028808593750000e+02
2.229821517644912543e+00 9.621091918945312500e+02
2.233254653160916980e+00 9.475026245117187500e+02
2.236687788676921418e+00 9.449617919921875000e+02
2.240120924192925855e+00 9.444668579101562500e+02
2.243554059708930737e+00 9.446442871093750000e+02
2.246987195224934730e+00 9.449757080078125000e+02
2.250420330740939612e+00 9.519616699218750000e+02
2.253853466256944049e+00 9.569934692382812500e+02
2.257286601772948487e+00 9.573456420898437500e+02
2.260719737288952924e+00 9.473070068359375000e+02
2.264152872804957362e+00 9.389520263671875000e+02
2.267586008320961799e+00 9.275607910156250000e+02
2.271019143836966681e+00 9.319609375000000000e+02
2.274452279352970674e+00 9.370717163085937500e+02
2.277885414868975555e+00 9.446107788085937500e+02
2.281318550384979549e+00 9.415335083007812500e+02
2.284751685900984430e+00 9.403321533203125000e+02
2.288184821416988868e+00 9.412031250000000000e+02
2.291617956932993305e+00 9.473618774414062500e+02
2.295051092448997743e+00 9.432673950195312500e+02
2.298484227965002624e+00 9.468917236328125000e+02
2.301917363481006618e+00 9.606167602539062500e+02
2.305350498997011499e+00 9.976611328125000000e+02
2.308783634513015492e+00 1.049912963867187500e+03
2.312216770029020374e+00 1.108252685546875000e+03
2.315649905545024811e+00 1.175345703125000000e+03
2.319083041061029249e+00 1.227804687500000000e+03
2.322516176577033686e+00 1.246716186523437500e+03
2.325949312093038124e+00 1.218571289062500000e+03
2.329382447609042561e+00 1.142110473632812500e+03
2.332815583125047443e+00 1.054251342773437500e+03
2.336248718641051436e+00 9.811133422851562500e+02
2.339681854157056318e+00 9.397496337890625000e+02
2.343114989673060755e+00 9.279512939453125000e+02
2.346548125189064748e+00 9.302608032226562500e+02
2.349981260705069630e+00 9.193124389648437500e+02
2.353414396221073623e+00 9.047579345703125000e+02
2.356847531737078505e+00 8.884522705078125000e+02
2.360280667253082942e+00 8.790567016601562500e+02
2.363713802769087380e+00 8.681021118164062500e+02
2.367146938285091817e+00 8.682470092773437500e+02
2.370580073801096255e+00 8.696129760742187500e+02
2.374013209317100692e+00 8.661595458984375000e+02
2.377446344833105574e+00 8.612528686523437500e+02
2.380879480349109567e+00 8.633098144531250000e+02
2.384312615865114449e+00 8.680861206054687500e+02
2.387745751381118886e+00 8.688629760742187500e+02
2.391178886897123324e+00 8.696239013671875000e+02
2.394612022413127761e+00 8.715977783203125000e+02
2.398045157929132198e+00 8.648384399414062500e+02
2.401478293445136636e+00 8.562335205078125000e+02
2.404911428961141517e+00 8.572061767578125000e+02
2.408344564477145511e+00 8.591057128906250000e+02
2.411777699993150392e+00 8.554627685546875000e+02
2.415210835509154830e+00 8.430294799804687500e+02
2.418643971025159267e+00 8.350263061523437500e+02
2.422077106541163705e+00 8.326971435546875000e+02
2.425510242057168142e+00 8.342680664062500000e+02
2.428943377573172580e+00 8.361889038085937500e+02
2.432376513089177461e+00 8.399649047851562500e+02
2.435809648605181454e+00 8.450458374023437500e+02
2.439242784121186336e+00 8.498026733398437500e+02
2.442675919637190329e+00 8.464360351562500000e+02
2.446109055153195211e+00 8.453359985351562500e+02
2.449542190669199648e+00 8.357075195312500000e+02
2.452975326185204086e+00 8.308018798828125000e+02
2.456408461701208523e+00 8.230388183593750000e+02
2.459841597217213405e+00 8.207566528320312500e+02
2.463274732733217398e+00 8.175096435546875000e+02
2.466707868249222280e+00 8.281584472656250000e+02
2.470141003765226273e+00 8.258589477539062500e+02
2.473574139281231155e+00 8.222029418945312500e+02
2.477007274797235592e+00 8.163414916992187500e+02
2.480440410313240029e+00 8.170009765625000000e+02
2.483873545829244467e+00 8.145266113281250000e+02
2.487306681345248904e+00 8.112065429687500000e+02
2.490739816861253342e+00 8.168483276367187500e+02
2.494172952377257779e+00 8.235036621093750000e+02
2.497606087893262217e+00 8.338278808593750000e+02
2.501039223409266654e+00 8.534874267578125000e+02
2.504472358925271536e+00 8.867567138671875000e+02
2.507905494441275529e+00 9.153207397460937500e+02
2.511338629957280411e+00 9.297998657226562500e+02
2.514771765473284404e+00 9.314838256835937500e+02
2.518204900989289285e+00 9.211558227539062500e+02
2.521638036505293723e+00 8.948944702148437500e+02
2.525071172021298160e+00 8.592870483398437500e+02
2.528504307537302598e+00 8.286918945312500000e+02
2.531937443053307035e+00 8.084761352539062500e+02
2.535370578569311473e+00 7.935885620117187500e+02
2.538803714085316354e+00 7.823853149414062500e+02
2.542236849601320348e+00 7.738925781250000000e+02
2.545669985117325229e+00 7.699229736328125000e+02
2.549103120633329667e+00 7.668259887695312500e+02
2.552536256149334104e+00 7.614225463867187500e+02
2.555969391665338541e+00 7.577607421875000000e+02
2.559402527181342979e+00 7.610564575195312500e+02
2.562835662697347416e+00 7.657893676757812500e+02
2.566268798213352298e+00 7.615404052734375000e+02
2.569701933729356291e+00 7.555017089843750000e+02
2.573135069245361173e+00 7.518058471679687500e+02
2.576568204761365610e+00 7.510145263671875000e+02
2.580001340277370048e+00 7.462630615234375000e+02
2.583434475793374485e+00 7.472711181640625000e+02
2.586867611309378923e+00 7.539793090820312500e+02
2.590300746825383360e+00 7.555632934570312500e+02
2.593733882341388242e+00 7.467593994140625000e+02
2.597167017857392235e+00 7.426184692382812500e+02
2.600600153373397116e+00 7.424211425781250000e+02
2.604033288889401110e+00 7.468139038085937500e+02
2.607466424405405991e+00 7.474689331054687500e+02
2.610899559921410429e+00 7.479616699218750000e+02
2.614332695437414866e+00 7.472246704101562500e+02
2.617765830953419304e+00 7.536664428710937500e+02
2.621198966469423741e+00 7.564015502929687500e+02
2.624632101985428179e+00 7.568023071289062500e+02
2.628065237501433060e+00 7.520480957031250000e+02
2.631498373017437054e+00 7.480687255859375000e+02
2.634931508533441935e+00 7.382109985351562500e+02
2.638364644049446373e+00 7.283466186523437500e+02
2.641797779565450366e+00 7.204205322265625000e+02
2.645230915081455247e+00 7.157456054687500000e+02
2.648664050597459685e+00 7.164881591796875000e+02
2.652097186113464122e+00 7.204284057617187500e+02
2.655530321629468560e+00 7.234120483398437500e+02
2.658963457145472997e+00 7.223773193359375000e+02
2.662396592661477435e+00 7.208940429687500000e+02
2.665829728177482316e+00 7.214595336914062500e+02
2.669262863693486310e+00 7.297974243164062500e+02
2.672695999209491191e+00 7.318417358398437500e+02
2.676129134725495184e+00 7.340628662109375000e+02
2.679562270241500066e+00 7.271169433593750000e+02
2.682995405757504503e+00 7.260095825195312500e+02
2.686428541273508941e+00 7.289304809570312500e+02
2.689861676789513378e+00 7.273424682617187500e+02
2.693294812305517816e+00 7.193258666992187500e+02
2.696727947821522253e+00 7.040855712890625000e+02
2.700161083337527135e+00 6.981758422851562500e+02
2.703594218853531128e+00 6.932716674804687500e+02
2.707027354369536010e+00 6.936238403320312500e+02
2.710460489885540447e+00 6.959511718750000000e+02
2.713893625401544885e+00 7.003515014648437500e+02
2.717326760917549322e+00 7.045775146484375000e+02
2.720759896433553759e+00 7.157948608398437500e+02
2.724193031949558197e+00 7.165548706054687500e+02
2.727626167465563078e+00 7.082708740234375000e+02
2.731059302981567072e+00 6.954296875000000000e+02
2.734492438497571953e+00 6.959614868164062500e+02
2.737925574013576391e+00 6.999680175781250000e+02
2.741358709529580828e+00 7.067033081054687500e+02
2.744791845045585266e+00 7.205626831054687500e+02
2.748224980561589703e+00 7.392302856445312500e+02
2.751658116077594141e+00 7.711943359375000000e+02
2.755091251593599022e+00 8.303209228515625000e+02
2.758524387109603015e+00 9.286213989257812500e+02
2.761957522625607897e+00 1.041501586914062500e+03
2.765390658141611890e+00 1.131266357421875000e+03
2.768823793657616772e+00 1.169430297851562500e+03
2.772256929173621209e+00 1.155263671875000000e+03
2.775690064689625647e+00 1.085658203125000000e+03
2.779123200205630084e+00 9.814054565429687500e+02
2.782556335721634522e+00 8.681206665039062500e+02
2.785989471237638959e+00 7.850242309570312500e+02
2.789422606753643397e+00 7.247875366210937500e+02
2.792855742269647834e+00 6.949082641601562500e+02
2.796288877785652272e+00 6.842111816406250000e+02
2.799722013301657153e+00 6.903197021484375000e+02
2.803155148817661146e+00 6.881708984375000000e+02
2.806588284333666028e+00 6.842557373046875000e+02
2.810021419849670465e+00 6.882387695312500000e+02
2.813454555365674903e+00 6.998496093750000000e+02
2.816887690881679340e+00 7.056777954101562500e+02
2.820320826397683778e+00 7.074031372070312500e+02
2.823753961913688215e+00 7.106381835937500000e+02
2.827187097429693097e+00 7.354951171875000000e+02
2.830620232945697090e+00 7.684755859375000000e+02
2.834053368461701972e+00 7.981936035156250000e+02
2.837486503977705965e+00 8.139349365234375000e+02
2.840919639493710847e+00 8.123746337890625000e+02
2.844352775009715284e+00 7.972922973632812500e+02
2.847785910525719721e+00 7.677080078125000000e+02
2.851219046041724159e+00 7.416141357421875000e+02
2.854652181557728596e+00 7.155675048828125000e+02
2.858085317073733034e+00 6.977570190429687500e+02
2.861518452589737915e+00 6.762656860351562500e+02
2.864951588105741909e+00 6.634736938476562500e+02
2.868384723621746790e+00 6.607718505859375000e+02
2.871817859137751228e+00 6.632380981445312500e+02
2.875250994653755665e+00 6.632446289062500000e+02
2.878684130169760103e+00 6.685119018554687500e+02
2.882117265685764540e+00 6.689990844726562500e+02
2.885550401201768977e+00 6.689302368164062500e+02
2.888983536717773859e+00 6.674403686523437500e+02
2.892416672233777852e+00 6.695515136718750000e+02
2.895849807749782734e+00 6.737193603515625000e+02
2.899282943265787171e+00 6.701569824218750000e+02
2.902716078781791609e+00 6.702273559570312500e+02
2.906149214297796046e+00 6.773760375976562500e+02
2.909582349813800484e+00 6.889529418945312500e+02
2.913015485329804921e+00 6.962669677734375000e+02
2.916448620845809803e+00 7.025584716796875000e+02
2.919881756361813796e+00 7.053620605468750000e+02
2.923314891877818678e+00 7.105273437500000000e+02
2.926748027393822671e+00 7.229373779296875000e+02
2.930181162909827552e+00 7.504742431640625000e+02
2.933614298425831990e+00 7.761574096679687500e+02
2.937047433941835983e+00 8.050282592773437500e+02
2.940480569457840865e+00 8.184515380859375000e+02
2.943913704973845302e+00 8.328695678710937500e+02
2.947346840489849740e+00 8.372236938476562500e+02
2.950779976005854177e+00 8.407626342773437500e+02
2.954213111521858615e+00 8.620704345703125000e+02
2.957646247037863052e+00 9.400067138671875000e+02
2.961079382553867934e+00 1.154624877929687500e+03
2.964512518069871927e+00 1.606500732421875000e+03
2.967945653585876808e+00 2.429148925781250000e+03
2.971378789101881246e+00 3.639108398437500000e+03
2.974811924617885683e+00 5.059749023437500000e+03
2.978245060133890121e+00 6.367104492187500000e+03
2.981678195649894558e+00 7.092498535156250000e+03
2.985111331165898996e+00 6.962330078125000000e+03
2.988544466681903877e+00 6.059906738281250000e+03
2.991977602197907871e+00 4.691404296875000000e+03
2.995410737713912752e+00 3.286060302734375000e+03
2.998843873229916746e+00 2.161994384765625000e+03
3.002277008745921627e+00 1.432943237304687500e+03
3.005710144261926065e+00 1.053754516601562500e+03
3.009143279777930502e+00 8.733363647460937500e+02
3.012576415293934939e+00 7.991531372070312500e+02
3.016009550809939377e+00 7.596851806640625000e+02
3.019442686325943814e+00 7.343049926757812500e+02
3.022875821841948696e+00 7.104007568359375000e+02
3.026308957357952689e+00 7.037854614257812500e+02
3.029742092873957571e+00 7.017702026367187500e+02
3.033175228389962008e+00 6.977172851562500000e+02
3.036608363905966446e+00 6.991766967773437500e+02
3.040041499421970883e+00 7.123987426757812500e+02
3.043474634937975321e+00 7.129022216796875000e+02
3.046907770453979758e+00 7.113265380859375000e+02
3.050340905969984640e+00 7.100063476562500000e+02
3.053774041485988633e+00 7.211043701171875000e+02
3.057207177001993514e+00 7.219915771484375000e+02
3.060640312517997952e+00 7.177580566406250000e+02
3.064073448034002389e+00 7.129864501953125000e+02
3.067506583550006827e+00 7.169324951171875000e+02
3.070939719066011264e+00 7.341396484375000000e+02
3.074372854582015702e+00 7.476851806640625000e+02
3.077805990098020583e+00 7.595704345703125000e+02
3.081239125614024577e+00 7.489628295898437500e+02
3.084672261130029014e+00 7.380131225585937500e+02
3.088105396646033451e+00 7.152593383789062500e+02
3.091538532162037889e+00 6.928925781250000000e+02
3.094971667678042770e+00 6.671655883789062500e+02
3.098404803194046764e+00 6.439067993164062500e+02
3.101837938710051645e+00 6.298555908203125000e+02
3.105271074226056083e+00 6.265117187500000000e+02
3.108704209742060520e+00 6.247932128906250000e+02
3.112137345258064958e+00 6.179728393554687500e+02
3.115570480774069395e+00 6.092877197265625000e+02
3.119003616290073833e+00 6.052293701171875000e+02
3.122436751806078714e+00 6.027473754882812500e+02
3.125869887322082707e+00 6.070994873046875000e+02
3.129303022838087589e+00 6.073055419921875000e+02
3.132736158354092026e+00 6.062528686523437500e+02
3.136169293870096464e+00 6.028734130859375000e+02
3.139602429386100901e+00 5.943499145507812500e+02
3.143035564902105339e+00 5.932904663085937500e+02
3.146468700418109776e+00 5.954528198242187500e+02
3.149901835934114658e+00 6.040181274414062500e+02
3.153334971450118651e+00 6.059307250976562500e+02
3.156768106966123533e+00 6.009498901367187500e+02
3.160201242482127526e+00 5.950452880859375000e+02
3.163634377998132408e+00 5.948872680664062500e+02
3.167067513514136845e+00 5.978970336914062500e+02
3.170500649030141282e+00 5.976101684570312500e+02
3.173933784546145720e+00 5.938615112304687500e+02
3.177366920062150157e+00 5.925428466796875000e+02
3.180800055578154595e+00 5.885824584960937500e+02
3.184233191094159476e+00 5.859553222656250000e+02
3.187666326610163470e+00 5.917055053710937500e+02
3.191099462126168351e+00 5.964676513671875000e+02
3.194532597642172789e+00 5.916215209960937500e+02
3.197965733158177226e+00 5.782092285156250000e+02
3.201398868674181664e+00 5.714794311523437500e+02
3.204832004190186101e+00 5.735909423828125000e+02
3.208265139706190539e+00 5.777089233398437500e+02
3.211698275222195420e+00 5.869098510742187500e+02
3.215131410738199413e+00 5.883205566406250000e+02
3.218564546254204295e+00 5.905563354492187500e+02
3.221997681770208732e+00 5.815418090820312500e+02
3.225430817286212726e+00 5.822456054687500000e+02
3.228863952802217607e+00 5.787700805664062500e+02
3.232297088318221601e+00 5.800949096679687500e+02
3.235730223834226482e+00 5.779155273437500000e+02
3.239163359350230920e+00 5.795068969726562500e+02
3.242596494866235357e+00 5.850913696289062500e+02
3.246029630382239795e+00 5.872749633789062500e+02
3.249462765898244232e+00 5.942511596679687500e+02
3.252895901414248669e+00 6.030579223632812500e+02
3.256329036930253551e+00 6.212166137695312500e+02
3.259762172446257544e+00 6.382939453125000000e+02
3.263195307962262426e+00 6.556378173828125000e+02
3.266628443478266863e+00 6.723084106445312500e+02
3.270061578994271301e+00 6.666958007812500000e+02
3.273494714510275738e+00 6.501799316406250000e+02
3.276927850026280176e+00 6.238154907226562500e+02
3.280360985542284613e+00 6.070522460937500000e+02
3.283794121058289495e+00 5.963840332031250000e+02
3.287227256574293488e+00 5.900669555664062500e+02
3.290660392090298370e+00 5.810377807617187500e+02
3.294093527606302807e+00 5.725372924804687500e+02
3.297526663122307244e+00 5.721721801757812500e+02
3.300959798638311682e+00 5.777810058593750000e+02
3.304392934154316119e+00 5.737723999023437500e+02
3.307826069670320557e+00 5.714627075195312500e+02
3.311259205186325438e+00 5.727637939453125000e+02
3.314692340702329432e+00 5.734140014648437500e+02
3.318125476218334313e+00 5.755976562500000000e+02
3.321558611734338307e+00 5.755099487304687500e+02
3.324991747250343188e+00 5.774196777343750000e+02
3.328424882766347626e+00 5.763002929687500000e+02
3.331858018282352063e+00 5.727694702148437500e+02
3.335291153798356500e+00 5.703875122070312500e+02
3.338724289314360938e+00 5.666296997070312500e+02
3.342157424830365375e+00 5.685984497070312500e+02
3.345590560346370257e+00 5.763992919921875000e+02
3.349023695862374250e+00 5.805532836914062500e+02
3.352456831378379132e+00 5.925297241210937500e+02
3.355889966894383569e+00 5.966012573242187500e+02
3.359323102410388007e+00 6.077486572265625000e+02
3.362756237926392444e+00 6.056658935546875000e+02
3.366189373442396882e+00 5.950382690429687500e+02
3.369622508958401319e+00 5.857532348632812500e+02
3.373055644474405756e+00 5.789966430664062500e+02
3.376488779990410194e+00 5.777549438476562500e+02
3.379921915506414631e+00 5.704540405273437500e+02
3.383355051022419513e+00 5.697936401367187500e+02
3.386788186538423506e+00 5.714464111328125000e+02
3.390221322054428388e+00 5.697685546875000000e+02
3.393654457570432381e+00 5.689845581054687500e+02
3.397087593086437263e+00 5.604615478515625000e+02
3.400520728602441700e+00 5.558793334960937500e+02
3.403953864118446138e+00 5.556862182617187500e+02
3.407386999634450575e+00 5.677260131835937500e+02
3.410820135150455013e+00 5.821892089843750000e+02
3.414253270666459450e+00 5.959307250976562500e+02
3.417686406182464331e+00 5.992563476562500000e+02
3.421119541698468325e+00 6.028801879882812500e+02
3.424552677214473206e+00 6.095023803710937500e+02
3.427985812730477644e+00 6.299406738281250000e+02
3.431418948246482081e+00 6.588703613281250000e+02
3.434852083762486519e+00 7.005850830078125000e+02
3.438285219278490956e+00 7.451222534179687500e+02
3.441718354794495394e+00 7.824597167968750000e+02
3.445151490310500275e+00 8.083182373046875000e+02
3.448584625826504269e+00 8.094507446289062500e+02
3.452017761342509150e+00 7.786992187500000000e+02
3.455450896858513143e+00 7.208793334960937500e+02
3.458884032374518025e+00 6.663371582031250000e+02
3.462317167890522462e+00 6.204238891601562500e+02
3.465750303406526900e+00 5.945942382812500000e+02
3.469183438922531337e+00 5.845523071289062500e+02
3.472616574438536219e+00 5.805950927734375000e+02
3.476049709954540212e+00 5.740828857421875000e+02
3.479482845470545094e+00 5.699271850585937500e+02
3.482915980986549087e+00 5.698389282226562500e+02
3.486349116502553969e+00 5.615545043945312500e+02
3.489782252018558406e+00 5.516356201171875000e+02
3.493215387534562844e+00 5.452594604492187500e+02
3.496648523050567281e+00 5.449890136718750000e+02
3.500081658566571718e+00 5.486531982421875000e+02
3.503514794082576156e+00 5.519778442382812500e+02
3.506947929598581037e+00 5.432702636718750000e+02
3.510381065114585031e+00 5.377908325195312500e+02
3.513814200630589912e+00 5.387429809570312500e+02
3.517247336146594350e+00 5.429750976562500000e+02
3.520680471662598343e+00 5.490102539062500000e+02
3.524113607178603225e+00 5.481991577148437500e+02
3.527546742694607218e+00 5.466277465820312500e+02
3.530979878210612100e+00 5.375112304687500000e+02
3.534413013726616537e+00 5.343145141601562500e+02
3.537846149242620974e+00 5.367852172851562500e+02
3.541279284758625412e+00 5.379445190429687500e+02
3.544712420274630293e+00 5.409402465820312500e+02
3.548145555790634287e+00 5.453439331054687500e+02
3.551578691306639168e+00 5.489125366210937500e+02
3.555011826822643162e+00 5.416376953125000000e+02
3.558444962338648043e+00 5.371515502929687500e+02
3.561878097854652481e+00 5.371542358398437500e+02
3.565311233370656918e+00 5.393533935546875000e+02
3.568744368886661356e+00 5.423619995117187500e+02
3.572177504402665793e+00 5.420100708007812500e+02
3.575610639918670230e+00 5.410056762695312500e+02
3.579043775434675112e+00 5.333747558593750000e+02
3.582476910950679105e+00 5.249602661132812500e+02
3.585910046466683987e+00 5.214676513671875000e+02
3.589343181982688424e+00 5.238454589843750000e+02
3.592776317498692418e+00 5.319494018554687500e+02
3.596209453014697299e+00 5.345131225585937500e+02
3.599642588530701737e+00 5.401242675781250000e+02
3.603075724046706618e+00 5.417298583984375000e+02
3.606508859562710612e+00 5.353021240234375000e+02
3.609941995078715049e+00 5.259157714843750000e+02
3.613375130594719931e+00 5.241953735351562500e+02
3.616808266110724368e+00 5.229313964843750000e+02
3.620241401626728361e+00 5.221406860351562500e+02
3.623674537142733243e+00 5.192893066406250000e+02
3.627107672658737680e+00 5.199548950195312500e+02
3.630540808174742562e+00 5.171606445312500000e+02
3.633973943690746555e+00 5.167395629882812500e+02
3.637407079206750993e+00 5.199567260742187500e+02
3.640840214722755874e+00 5.234901123046875000e+02
3.644273350238760312e+00 5.199766845703125000e+02
3.647706485754764305e+00 5.130416870117187500e+02
3.651139621270769187e+00 5.120814819335937500e+02
3.654572756786773624e+00 5.172180175781250000e+02
3.658005892302778506e+00 5.220032348632812500e+02
3.661439027818782499e+00 5.317361450195312500e+02
3.664872163334786936e+00 5.316842651367187500e+02
3.668305298850791818e+00 5.245000610351562500e+02
3.671738434366795367e+00 5.158814086914062500e+02
3.675171569882800249e+00 5.126695556640625000e+02
3.678604705398805130e+00 5.151023559570312500e+02
3.682037840914809568e+00 5.195654296875000000e+02
3.685470976430813561e+00 5.235294799804687500e+02
3.688904111946817999e+00 5.222095947265625000e+02
3.692337247462822880e+00 5.187590942382812500e+02
3.695770382978827762e+00 5.130661010742187500e+02
3.699203518494831311e+00 5.153800048828125000e+02
3.702636654010836192e+00 5.060650939941406250e+02
3.706069789526840630e+00 5.003051452636718750e+02
3.709502925042845511e+00 4.988181152343750000e+02
3.712936060558849505e+00 5.070112915039062500e+02
3.716369196074853942e+00 5.094279479980468750e+02
3.719802331590858824e+00 5.061741027832031250e+02
3.723235467106863705e+00 5.049502258300781250e+02
3.726668602622867255e+00 5.046285400390625000e+02
3.730101738138872136e+00 5.038377075195312500e+02
3.733534873654876574e+00 4.987134094238281250e+02
3.736968009170881455e+00 5.007673034667968750e+02
3.740401144686885448e+00 5.061021423339843750e+02
3.743834280202889886e+00 5.173367919921875000e+02
3.747267415718894767e+00 5.181494140625000000e+02
3.750700551234899205e+00 5.154774780273437500e+02
3.754133686750903198e+00 5.112418518066406250e+02
3.757566822266908080e+00 5.145616455078125000e+02
3.760999957782912517e+00 5.261286010742187500e+02
3.764433093298917399e+00 5.372656860351562500e+02
3.767866228814921392e+00 5.536199340820312500e+02
3.771299364330925830e+00 5.667485351562500000e+02
3.774732499846930711e+00 5.768171997070312500e+02
3.778165635362935149e+00 5.762583007812500000e+02
3.781598770878939142e+00 5.667962646484375000e+02
3.785031906394944023e+00 5.474227905273437500e+02
3.788465041910948461e+00 5.297286376953125000e+02
3.791898177426953342e+00 5.205689697265625000e+02
3.795331312942957336e+00 5.160313720703125000e+02
3.798764448458961773e+00 5.137362670898437500e+02
3.802197583974966655e+00 5.117677307128906250e+02
3.805630719490971092e+00 5.122563476562500000e+02
3.809063855006975086e+00 5.071378784179687500e+02
3.812496990522979967e+00 5.022358093261718750e+02
3.815930126038984405e+00 5.021267089843750000e+02
3.819363261554988398e+00 5.061502990722656250e+02
3.822796397070993279e+00 5.055651855468750000e+02
3.826229532586997717e+00 5.075646362304687500e+02
3.829662668103002598e+00 5.129158325195312500e+02
3.833095803619006148e+00 5.184793701171875000e+02
3.836528939135011029e+00 5.303470458984375000e+02
3.839962074651015911e+00 5.461905517578125000e+02
3.843395210167020348e+00 5.627864990234375000e+02
3.846828345683024342e+00 5.760601196289062500e+02
3.850261481199028779e+00 5.848492431640625000e+02
3.853694616715033661e+00 5.894929809570312500e+02
3.857127752231038542e+00 5.841156616210937500e+02
3.860560887747042091e+00 5.756786499023437500e+02
3.863994023263046973e+00 5.599818115234375000e+02
3.867427158779051410e+00 5.502539672851562500e+02
3.870860294295056292e+00 5.410946044921875000e+02
3.874293429811060285e+00 5.366840820312500000e+02
3.877726565327064723e+00 5.295013427734375000e+02
3.881159700843069604e+00 5.259890136718750000e+02
3.884592836359074486e+00 5.175037841796875000e+02
3.888025971875078035e+00 5.101918334960937500e+02
3.891459107391082917e+00 5.040562133789062500e+02
3.894892242907087354e+00 4.977824707031250000e+02
3.898325378423092236e+00 4.904284667968750000e+02
3.901758513939096229e+00 4.916400756835937500e+02
3.905191649455100666e+00 4.912534484863281250e+02
3.908624784971105548e+00 4.891705627441406250e+02
3.912057920487109985e+00 4.896985168457031250e+02
3.915491056003113979e+00 4.946771850585937500e+02
3.918924191519118860e+00 4.971464538574218750e+02
3.922357327035123298e+00 4.982341003417968750e+02
3.925790462551128179e+00 4.983450622558593750e+02
3.929223598067132173e+00 4.952745971679687500e+02
3.932656733583136610e+00 4.956088256835937500e+02
3.936089869099141492e+00 4.942769470214843750e+02
3.939523004615145929e+00 4.924368591308593750e+02
3.942956140131149922e+00 4.926480407714843750e+02
3.946389275647154804e+00 4.937287902832031250e+02
3.949822411163159241e+00 4.919564208984375000e+02
3.953255546679164123e+00 4.888054504394531250e+02
3.956688682195168116e+00 4.925642395019531250e+02
3.960121817711172554e+00 4.982638549804687500e+02
3.963554953227177435e+00 5.082528076171875000e+02
3.966988088743181429e+00 5.188666381835937500e+02
3.970421224259185866e+00 5.438043823242187500e+02
3.973854359775190748e+00 5.999801635742187500e+02
3.977287495291195185e+00 7.440827026367187500e+02
3.980720630807199178e+00 1.100752197265625000e+03
3.984153766323204060e+00 1.439143554687500000e+03
3.987586901839208497e+00 1.527047119140625000e+03
3.991020037355213379e+00 1.243515136718750000e+03
3.994453172871216928e+00 9.347787475585937500e+02
3.997886308387221810e+00 7.278816528320312500e+02
4.001319443903226691e+00 6.713620605468750000e+02
4.004752579419231573e+00 6.762973022460937500e+02
4.008185714935234678e+00 7.022230224609375000e+02
4.011618850451239560e+00 7.176857299804687500e+02
4.015051985967244441e+00 7.147485351562500000e+02
4.018485121483249323e+00 6.945583496093750000e+02
4.021918256999253316e+00 6.583880004882812500e+02
4.025351392515257309e+00 6.179456787109375000e+02
4.028784528031262191e+00 5.795375976562500000e+02
4.032217663547267072e+00 5.540519409179687500e+02
4.035650799063271066e+00 5.305841064453125000e+02
4.039083934579275947e+00 5.107878112792968750e+02
4.042517070095279941e+00 4.994185180664062500e+02
4.045950205611284822e+00 4.961103820800781250e+02
4.049383341127288816e+00 4.927715454101562500e+02
4.052816476643293697e+00 4.872169189453125000e+02
4.056249612159298579e+00 4.827949523925781250e+02
4.059682747675302572e+00 4.797963256835937500e+02
4.063115883191306565e+00 4.784721374511718750e+02
4.066549018707311447e+00 4.766549377441406250e+02
4.069982154223316329e+00 4.773238830566406250e+02
4.073415289739321210e+00 4.738396301269531250e+02
4.076848425255325203e+00 4.724692687988281250e+02
4.080281560771329197e+00 4.813355712890625000e+02
4.083714696287334078e+00 4.915647583007812500e+02
4.087147831803338960e+00 4.964094848632812500e+02
4.090580967319342953e+00 4.880263671875000000e+02
4.094014102835347835e+00 4.795108032226562500e+02
4.097447238351351828e+00 4.754160766601562500e+02
4.100880373867356710e+00 4.768592834472656250e+02
4.104313509383360703e+00 4.750205993652343750e+02
4.107746644899365585e+00 4.739982299804687500e+02
4.111179780415370466e+00 4.687810974121093750e+02
4.114612915931374459e+00 4.685996398925781250e+02
4.118046051447378453e+00 4.628765258789062500e+02
4.121479186963383334e+00 4.642477111816406250e+02
4.124912322479388216e+00 4.617607421875000000e+02
4.128345457995392209e+00 4.633197631835937500e+02
4.131778593511397091e+00 4.619152526855468750e+02
4.135211729027401084e+00 4.659937133789062500e+02
4.138644864543405966e+00 4.684152221679687500e+02
4.142078000059409959e+00 4.715121459960937500e+02
4.145511135575414841e+00 4.699764099121093750e+02
4.148944271091419722e+00 4.678434753417968750e+02
4.152377406607423715e+00 4.699107055664062500e+02
4.155810542123427709e+00 4.743910217285156250e+02
4.159243677639432590e+00 4.763561706542968750e+02
4.162676813155437472e+00 4.715336303710937500e+02
4.166109948671442353e+00 4.716859130859375000e+02
4.169543084187445459e+00 4.835870666503906250e+02
4.172976219703450340e+00 5.002430725097656250e+02
4.176409355219455222e+00 5.256016235351562500e+02
4.179842490735460103e+00 5.452183227539062500e+02
4.183275626251464097e+00 5.610476074218750000e+02
4.186708761767468090e+00 5.685814208984375000e+02
4.190141897283472971e+00 5.686273193359375000e+02
4.193575032799477853e+00 5.529510498046875000e+02
4.197008168315481846e+00 5.344375610351562500e+02
4.200441303831486728e+00 5.254181518554687500e+02
4.203874439347490721e+00 5.264052124023437500e+02
4.207307574863495603e+00 5.327095947265625000e+02
4.210740710379499596e+00 5.485072631835937500e+02
4.214173845895504478e+00 5.683039550781250000e+02
4.217606981411509359e+00 5.869409790039062500e+02
4.221040116927513353e+00 5.936564941406250000e+02
4.224473252443517346e+00 5.839646606445312500e+02
4.227906387959522228e+00 5.547974243164062500e+02
4.231339523475527109e+00 5.232916259765625000e+02
4.234772658991531991e+00 5.008776855468750000e+02
4.238205794507535984e+00 4.875119323730468750e+02
4.241638930023539977e+00 4.733810424804687500e+02
4.245072065539544859e+00 4.713765258789062500e+02
4.248505201055549740e+00 4.679089660644531250e+02
4.251938336571553734e+00 4.648502807617187500e+02
4.255371472087558615e+00 4.645906982421875000e+02
4.258804607603562609e+00 4.659632263183593750e+02
4.262237743119566602e+00 4.673081054687500000e+02
4.265670878635571484e+00 4.640876464843750000e+02
4.269104014151576365e+00 4.644822082519531250e+02
4.272537149667581247e+00 4.673512573242187500e+02
4.275970285183585240e+00 4.689961242675781250e+02
4.279403420699589233e+00 4.740147094726562500e+02
4.282836556215594115e+00 4.840578308105468750e+02
4.286269691731598996e+00 5.106720275878906250e+02
4.289702827247602990e+00 5.394723510742187500e+02
4.293135962763607871e+00 5.670451049804687500e+02
4.296569098279611865e+00 5.921242065429687500e+02
4.300002233795616746e+00 5.999946289062500000e+02
4.303435369311620740e+00 5.916052246093750000e+02
4.306868504827625621e+00 5.636155395507812500e+02
4.310301640343630503e+00 5.343086547851562500e+02
4.313734775859634496e+00 5.113494567871093750e+02
4.317167911375638489e+00 4.913566589355468750e+02
4.320601046891643371e+00 4.821083374023437500e+02
4.324034182407648252e+00 4.734009094238281250e+02
4.327467317923653134e+00 4.640143127441406250e+02
4.330900453439656239e+00 4.601168212890625000e+02
4.334333588955661121e+00 4.613057556152343750e+02
4.337766724471666002e+00 4.659450073242187500e+02
4.341199859987670884e+00 4.708923950195312500e+02
4.344632995503674877e+00 4.686716613769531250e+02
4.348066131019678870e+00 4.669248962402343750e+02
4.351499266535683752e+00 4.669726562500000000e+02
4.354932402051688634e+00 4.737360839843750000e+02
4.358365537567692627e+00 4.733547058105468750e+02
4.361798673083697508e+00 4.730637512207031250e+02
4.365231808599701502e+00 4.740140380859375000e+02
4.368664944115706383e+00 4.745208740234375000e+02
4.372098079631710377e+00 4.762802124023437500e+02
4.375531215147715258e+00 4.734888000488281250e+02
4.378964350663720140e+00 4.689674987792968750e+02
4.382397486179724133e+00 4.551042175292968750e+02
4.385830621695728126e+00 4.497204895019531250e+02
4.389263757211733008e+00 4.515035705566406250e+02
4.392696892727737890e+00 4.586786193847656250e+02
4.396130028243741883e+00 4.614090576171875000e+02
4.399563163759746764e+00 4.727570495605468750e+02
4.402996299275750758e+00 4.947831726074218750e+02
4.406429434791755639e+00 5.131860351562500000e+02
4.409862570307759633e+00 5.252128295898437500e+02
4.413295705823764514e+00 5.262506103515625000e+02
4.416728841339769396e+00 5.209998168945312500e+02
4.420161976855773389e+00 5.067882385253906250e+02
4.423595112371777383e+00 4.860374755859375000e+02
4.427028247887782264e+00 4.692715454101562500e+02
4.430461383403787146e+00 4.582904357910156250e+02
4.433894518919792027e+00 4.520000915527343750e+02
4.437327654435796020e+00 4.443826599121093750e+02
4.440760789951800014e+00 4.421966552734375000e+02
4.444193925467804895e+00 4.434556274414062500e+02
4.447627060983809777e+00 4.463970642089843750e+02
4.451060196499813770e+00 4.447084045410156250e+02
4.454493332015818652e+00 4.438456115722656250e+02
4.457926467531822645e+00 4.437751770019531250e+02
4.461359603047827527e+00 4.420574951171875000e+02
4.464792738563831520e+00 4.413556213378906250e+02
4.468225874079836402e+00 4.413986511230468750e+02
4.471659009595841283e+00 4.498180847167968750e+02
4.475092145111845277e+00 4.561202087402343750e+02
4.478525280627849270e+00 4.575590515136718750e+02
4.481958416143854151e+00 4.549119567871093750e+02
4.485391551659859033e+00 4.556505432128906250e+02
4.488824687175863914e+00 4.519687805175781250e+02
4.492257822691867020e+00 4.478177490234375000e+02
4.495690958207871901e+00 4.457246704101562500e+02
4.499124093723876783e+00 4.461355285644531250e+02
4.502557229239881664e+00 4.487605590820312500e+02
4.505990364755885658e+00 4.509422607421875000e+02
4.509423500271889651e+00 4.497198791503906250e+02
4.512856635787894533e+00 4.449372558593750000e+02
4.516289771303899414e+00 4.462895812988281250e+02
4.519722906819903407e+00 4.498406372070312500e+02
4.523156042335908289e+00 4.542565612792968750e+02
4.526589177851912282e+00 4.476659240722656250e+02
4.530022313367917164e+00 4.442682495117187500e+02
4.533455448883921157e+00 4.382246398925781250e+02
4.536888584399926039e+00 4.415334167480468750e+02
4.540321719915930920e+00 4.419569702148437500e+02
4.543754855431934914e+00 4.428912048339843750e+02
4.547187990947938907e+00 4.413686218261718750e+02
4.550621126463943789e+00 4.369007873535156250e+02
4.554054261979948670e+00 4.360208129882812500e+02
4.557487397495952663e+00 4.349270629882812500e+02
4.560920533011957545e+00 4.379346008300781250e+02
4.564353668527961538e+00 4.362252807617187500e+02
4.567786804043966420e+00 4.395378112792968750e+02
4.571219939559970413e+00 4.392503356933593750e+02
4.574653075075975295e+00 4.404944152832031250e+02
4.578086210591980176e+00 4.360808715820312500e+02
4.581519346107984170e+00 4.364848632812500000e+02
4.584952481623988163e+00 4.418620910644531250e+02
4.588385617139993045e+00 4.431949768066406250e+02
4.591818752655997926e+00 4.373938903808593750e+02
4.595251888172002808e+00 4.359519958496093750e+02
4.598685023688006801e+00 4.351720275878906250e+02
4.602118159204010794e+00 4.347013549804687500e+02
4.605551294720015676e+00 4.330297241210937500e+02
4.608984430236020557e+00 4.350376281738281250e+02
4.612417565752024551e+00 4.340198669433593750e+02
4.615850701268029432e+00 4.347571716308593750e+02
4.619283836784033426e+00 4.363898010253906250e+02
4.622716972300038307e+00 4.443082580566406250e+02
4.626150107816042301e+00 4.460582275390625000e+02
4.629583243332047182e+00 4.524824218750000000e+02
4.633016378848052064e+00 4.600880737304687500e+02
4.636449514364056057e+00 4.751765747070312500e+02
4.639882649880060050e+00 5.031520690917968750e+02
4.643315785396064932e+00 5.373688354492187500e+02
4.646748920912069813e+00 5.652969360351562500e+02
4.650182056428074695e+00 5.793944702148437500e+02
4.653615191944077800e+00 5.917453613281250000e+02
4.657048327460082682e+00 5.947214965820312500e+02
4.660481462976087563e+00 5.905587768554687500e+02
4.663914598492092445e+00 5.810836181640625000e+02
4.667347734008096438e+00 5.807708740234375000e+02
4.670780869524100432e+00 5.732691650390625000e+02
4.674214005040105313e+00 5.577847290039062500e+02
4.677647140556110195e+00 5.388936157226562500e+02
4.681080276072114188e+00 5.245189208984375000e+02
4.684513411588119070e+00 5.046431579589843750e+02
4.687946547104123063e+00 4.804563903808593750e+02
4.691379682620127056e+00 4.600499267578125000e+02
4.694812818136131938e+00 4.508815002441406250e+02
4.698245953652136819e+00 4.454691467285156250e+02
4.701679089168141701e+00 4.430556030273437500e+02
4.705112224684145694e+00 4.400691223144531250e+02
4.708545360200149688e+00 4.410302734375000000e+02
4.711978495716154569e+00 4.362884521484375000e+02
4.715411631232159451e+00 4.334952087402343750e+02
4.718844766748163444e+00 4.296434020996093750e+02
4.722277902264168326e+00 4.314956665039062500e+02
4.725711037780172319e+00 4.344320678710937500e+02
4.729144173296177200e+00 4.341502380371093750e+02
4.732577308812181194e+00 4.362761535644531250e+02
4.736010444328186075e+00 4.324263610839843750e+02
4.739443579844190957e+00 4.293145446777343750e+02
4.742876715360194950e+00 4.312068786621093750e+02
4.746309850876198944e+00 4.321838073730468750e+02
4.749742986392203825e+00 4.329667968750000000e+02
4.753176121908208707e+00 4.266525878906250000e+02
4.756609257424213588e+00 4.261998901367187500e+02
4.760042392940217582e+00 4.286097106933593750e+02
4.763475528456221575e+00 4.311912231445312500e+02
4.766908663972226456e+00 4.275274047851562500e+02
4.770341799488231338e+00 4.268289184570312500e+02
4.773774935004235331e+00 4.334510803222656250e+02
4.777208070520240213e+00 4.313645629882812500e+02
4.780641206036244206e+00 4.366891784667968750e+02
4.784074341552249088e+00 4.359210510253906250e+02
4.787507477068253081e+00 4.363706054687500000e+02
4.790940612584257963e+00 4.307730712890625000e+02
4.794373748100262844e+00 4.349228820800781250e+02
4.797806883616266838e+00 4.409525146484375000e+02
4.801240019132270831e+00 4.467165527343750000e+02
4.804673154648275712e+00 4.504171752929687500e+02
4.808106290164280594e+00 4.611375732421875000e+02
4.811539425680285476e+00 4.649847106933593750e+02
4.814972561196288581e+00 4.590351562500000000e+02
4.818405696712293462e+00 4.474119262695312500e+02
4.821838832228298344e+00 4.389352722167968750e+02
4.825271967744303225e+00 4.365289001464843750e+02
4.828705103260307219e+00 4.345962829589843750e+02
4.832138238776311212e+00 4.324867248535156250e+02
4.835571374292316094e+00 4.318721618652343750e+02
4.839004509808320087e+00 4.346712036132812500e+02
4.842437645324324968e+00 4.399123840332031250e+02
4.845870780840329850e+00 4.464583740234375000e+02
4.849303916356333843e+00 4.526288757324218750e+02
4.852737051872337837e+00 4.508200683593750000e+02
4.856170187388342718e+00 4.463699645996093750e+02
4.859603322904347600e+00 4.404273071289062500e+02
4.863036458420352481e+00 4.386672668457031250e+02
4.866469593936356475e+00 4.366961364746093750e+02
4.869902729452360468e+00 4.311539611816406250e+02
4.873335864968365350e+00 4.287040710449218750e+02
4.876769000484370231e+00 4.220207214355468750e+02
4.880202136000374225e+00 4.221290283203125000e+02
4.883635271516379106e+00 4.238459167480468750e+02
4.887068407032383099e+00 4.274112548828125000e+02
4.890501542548387981e+00 4.244328308105468750e+02
4.893934678064391974e+00 4.200847473144531250e+02
4.897367813580396856e+00 4.161890869140625000e+02
4.900800949096401737e+00 4.149795532226562500e+02
4.904234084612405731e+00 4.139368286132812500e+02
4.907667220128409724e+00 4.154049987792968750e+02
4.911100355644414606e+00 4.143520202636718750e+02
4.914533491160419487e+00 4.120304565429687500e+02
4.917966626676424369e+00 4.136758422851562500e+02
4.921399762192428362e+00 4.155426635742187500e+02
4.924832897708432355e+00 4.189750976562500000e+02
4.928266033224437237e+00 4.245780639648437500e+02
4.931699168740442119e+00 4.268747253417968750e+02
4.935132304256446112e+00 4.264691162109375000e+02
4.938565439772450993e+00 4.268270568847656250e+02
4.941998575288454987e+00 4.249963073730468750e+02
4.945431710804459868e+00 4.201786499023437500e+02
4.948864846320463862e+00 4.255427551269531250e+02
4.952297981836468743e+00 4.384516906738281250e+02
4.955731117352473625e+00 4.490931091308593750e+02
4.959164252868477618e+00 4.543830566406250000e+02
4.962597388384481611e+00 4.558136901855468750e+02
4.966030523900486493e+00 4.580600280761718750e+02
4.969463659416491375e+00 4.439506530761718750e+02
4.972896794932496256e+00 4.267241210937500000e+02
4.976329930448499361e+00 4.182089538574218750e+02
4.979763065964504243e+00 4.161101379394531250e+02
4.983196201480509124e+00 4.120393371582031250e+02
4.986629336996513118e+00 4.079094543457031250e+02
4.990062472512517999e+00 4.100353393554687500e+02
4.993495608028521993e+00 4.135513610839843750e+02
4.996928743544526874e+00 4.114931030273437500e+02
5.000361879060530867e+00 4.107423095703125000e+02
5.003795014576535749e+00 4.094725341796875000e+02
5.007228150092540631e+00 4.066634521484375000e+02
5.010661285608544624e+00 4.055702819824218750e+02
5.014094421124548617e+00 4.082091369628906250e+02
5.017527556640553499e+00 4.130100097656250000e+02
5.020960692156558380e+00 4.170878906250000000e+02
5.024393827672563262e+00 4.203420104980468750e+02
5.027826963188567255e+00 4.255874328613281250e+02
5.031260098704571249e+00 4.358054809570312500e+02
5.034693234220576130e+00 4.468979492187500000e+02
5.038126369736581012e+00 4.562578430175781250e+02
5.041559505252585005e+00 4.509451599121093750e+02
5.044992640768589887e+00 4.392943725585937500e+02
5.048425776284593880e+00 4.273012390136718750e+02
5.051858911800598761e+00 4.168952331542968750e+02
5.055292047316602755e+00 4.137526550292968750e+02
5.058725182832607636e+00 4.096183166503906250e+02
5.062158318348612518e+00 4.076292114257812500e+02
5.065591453864616511e+00 4.018061523437500000e+02
5.069024589380620505e+00 4.051983947753906250e+02
5.072457724896625386e+00 4.110075378417968750e+02
5.075890860412630268e+00 4.207595825195312500e+02
5.079323995928635149e+00 4.214603881835937500e+02
5.082757131444638254e+00 4.194052429199218750e+02
5.086190266960643136e+00 4.097058410644531250e+02
5.089623402476648018e+00 4.118023986816406250e+02
5.093056537992652899e+00 4.143655700683593750e+02
5.096489673508656892e+00 4.127774353027343750e+02
5.099922809024661774e+00 4.030809020996093750e+02
5.103355944540665767e+00 3.962607421875000000e+02
5.106789080056670649e+00 3.908676757812500000e+02
5.110222215572674642e+00 3.914501037597656250e+02
5.113655351088679524e+00 3.961278991699218750e+02
5.117088486604684405e+00 3.985838317871093750e+02
5.120521622120688399e+00 4.005794982910156250e+02
5.123954757636692392e+00 4.018285522460937500e+02
5.127387893152697274e+00 4.077083129882812500e+02
5.130821028668702155e+00 4.065935363769531250e+02
5.134254164184706148e+00 4.031906127929687500e+02
5.137687299700710142e+00 3.989508056640625000e+02
5.141120435216715023e+00 3.958344726562500000e+02
5.144553570732719905e+00 3.955769653320312500e+02
5.147986706248723898e+00 3.983153686523437500e+02
5.151419841764728780e+00 3.997559814453125000e+02
5.154852977280732773e+00 3.996029663085937500e+02
5.158286112796737655e+00 4.054828491210937500e+02
5.161719248312741648e+00 4.160374755859375000e+02
5.165152383828746530e+00 4.196073608398437500e+02
5.168585519344751411e+00 4.158213195800781250e+02
5.172018654860755404e+00 4.052102355957031250e+02
5.175451790376759398e+00 4.006343688964843750e+02
5.178884925892764279e+00 3.973503417968750000e+02
5.182318061408769161e+00 4.022477111816406250e+02
5.185751196924774042e+00 4.036571655273437500e+02
5.189184332440778036e+00 4.044751281738281250e+02
5.192617467956782029e+00 4.016566162109375000e+02
5.196050603472786911e+00 4.038681640625000000e+02
5.199483738988791792e+00 4.150765991210937500e+02
5.202916874504795786e+00 4.315228881835937500e+02
5.206350010020800667e+00 4.492915649414062500e+02
5.209783145536804660e+00 4.608405151367187500e+02
5.213216281052809542e+00 4.722679138183593750e+02
5.216649416568813535e+00 4.735272521972656250e+02
5.220082552084818417e+00 4.654523010253906250e+02
5.223515687600823298e+00 4.480957946777343750e+02
5.226948823116827292e+00 4.253071289062500000e+02
5.230381958632831285e+00 4.036683349609375000e+02
5.233815094148836167e+00 3.935855102539062500e+02
5.237248229664841048e+00 3.954553222656250000e+02
5.240681365180845930e+00 3.984460144042968750e+02
5.244114500696849035e+00 3.948943786621093750e+02
5.247547636212853917e+00 3.902702331542968750e+02
5.250980771728858798e+00 3.890572204589843750e+02
5.254413907244863680e+00 3.916803283691406250e+02
5.257847042760867673e+00 3.951630249023437500e+02
5.261280178276872554e+00 3.975163879394531250e+02
5.264713313792876548e+00 3.993094787597656250e+02
5.268146449308881429e+00 4.003424682617187500e+02
5.271579584824885423e+00 4.019780883789062500e+02
5.275012720340890304e+00 4.065184631347656250e+02
5.278445855856895186e+00 4.125647583007812500e+02
5.281878991372898291e+00 4.178890991210937500e+02
5.285312126888903173e+00 4.222182922363281250e+02
5.288745262404908054e+00 4.241047058105468750e+02
5.292178397920912936e+00 4.207812194824218750e+02
5.295611533436916929e+00 4.175389709472656250e+02
5.299044668952920922e+00 4.130000915527343750e+02
5.302477804468925804e+00 4.072743225097656250e+02
5.305910939984930685e+00 4.010133972167968750e+02
5.309344075500934679e+00 3.989847106933593750e+02
5.312777211016939560e+00 3.945677490234375000e+02
5.316210346532943554e+00 3.958397827148437500e+02
5.319643482048948435e+00 4.041898803710937500e+02
5.323076617564952429e+00 4.066970520019531250e+02
5.326509753080957310e+00 4.063766479492187500e+02
5.329942888596962192e+00 4.079453735351562500e+02
5.333376024112966185e+00 4.180517272949218750e+02
5.336809159628970178e+00 4.266115417480468750e+02
5.340242295144975060e+00 4.381531982421875000e+02
5.343675430660979941e+00 4.545972900390625000e+02
5.347108566176984823e+00 4.710231628417968750e+02
5.350541701692988816e+00 4.764729614257812500e+02
5.353974837208992810e+00 4.783394165039062500e+02
5.357407972724997691e+00 4.634466552734375000e+02
5.360841108241002573e+00 4.431363830566406250e+02
5.364274243757006566e+00 4.217221679687500000e+02
5.367707379273011448e+00 4.100612182617187500e+02
5.371140514789015441e+00 3.992131652832031250e+02
5.374573650305020323e+00 3.917010803222656250e+02
5.378006785821024316e+00 3.882367553710937500e+02
5.381439921337029197e+00 3.891887512207031250e+02
5.384873056853034079e+00 3.923906555175781250e+02
5.388306192369038072e+00 3.912130126953125000e+02
5.391739327885042066e+00 3.918116760253906250e+02
5.395172463401046947e+00 3.916115417480468750e+02
5.398605598917051829e+00 3.938082580566406250e+02
5.402038734433056710e+00 3.929898071289062500e+02
5.405471869949059815e+00 3.960219116210937500e+02
5.408905005465064697e+00 3.979484558105468750e+02
5.412338140981069579e+00 4.020751342773437500e+02
5.415771276497074460e+00 4.029466247558593750e+02
5.419204412013078453e+00 4.104841613769531250e+02
5.422637547529083335e+00 4.123421325683593750e+02
5.426070683045087328e+00 4.223641967773437500e+02
5.429503818561091322e+00 4.218291931152343750e+02
5.432936954077096203e+00 4.209064025878906250e+02
5.436370089593101085e+00 4.124879760742187500e+02
5.439803225109105966e+00 4.049489746093750000e+02
5.443236360625109072e+00 3.954098815917968750e+02
5.446669496141113953e+00 3.836337890625000000e+02
5.450102631657118835e+00 3.799309692382812500e+02
5.453535767173123716e+00 3.843446960449218750e+02
5.456968902689127709e+00 3.930989074707031250e+02
5.460402038205131703e+00 3.991708984375000000e+02
5.463835173721136584e+00 4.015117797851562500e+02
5.467268309237141466e+00 4.053138732910156250e+02
5.470701444753145459e+00 4.185352172851562500e+02
5.474134580269150341e+00 4.321791076660156250e+02
5.477567715785154334e+00 4.475684509277343750e+02
5.481000851301159216e+00 4.534529724121093750e+02
5.484433986817163209e+00 4.576035461425781250e+02
5.487867122333168091e+00 4.502578735351562500e+02
5.491300257849172972e+00 4.387082519531250000e+02
5.494733393365176966e+00 4.188406982421875000e+02
5.498166528881180959e+00 4.141922302246093750e+02
5.501599664397185840e+00 4.129148559570312500e+02
5.505032799913190722e+00 4.093410034179687500e+02
5.508465935429195603e+00 3.989009399414062500e+02
5.511899070945199597e+00 3.927707519531250000e+02
5.515332206461203590e+00 3.983852539062500000e+02
5.518765341977208472e+00 4.025847778320312500e+02
5.522198477493213353e+00 4.075467224121093750e+02
5.525631613009217347e+00 4.022160644531250000e+02
5.529064748525222228e+00 3.990058593750000000e+02
5.532497884041226222e+00 3.950038452148437500e+02
5.535931019557231103e+00 3.966095275878906250e+02
5.539364155073235096e+00 3.960253906250000000e+02
5.542797290589239978e+00 3.958904724121093750e+02
5.546230426105244860e+00 3.977988891601562500e+02
5.549663561621248853e+00 4.039448547363281250e+02
5.553096697137252846e+00 4.070840759277343750e+02
5.556529832653257728e+00 4.075502319335937500e+02
5.559962968169262609e+00 4.092856750488281250e+02
5.563396103685267491e+00 4.127544250488281250e+02
5.566829239201270596e+00 4.143880920410156250e+02
5.570262374717275478e+00 4.119892272949218750e+02
5.573695510233280359e+00 4.074580383300781250e+02
5.577128645749284352e+00 4.064069519042968750e+02
5.580561781265289234e+00 4.046895751953125000e+02
5.583994916781293227e+00 3.981499938964843750e+02
5.587428052297298109e+00 3.904537963867187500e+02
5.590861187813302102e+00 3.950918579101562500e+02
5.594294323329306984e+00 4.018780822753906250e+02
5.597727458845311865e+00 4.028652648925781250e+02
5.601160594361316747e+00 3.978141784667968750e+02
5.604593729877319852e+00 3.963744506835937500e+02
5.608026865393324734e+00 3.969236145019531250e+02
5.611460000909329615e+00 3.965770568847656250e+02
5.614893136425334497e+00 3.921797180175781250e+02
5.618326271941338490e+00 3.933311462402343750e+02
5.621759407457342483e+00 3.959356384277343750e+02
5.625192542973347365e+00 3.974155578613281250e+02
5.628625678489352246e+00 3.972452392578125000e+02
5.632058814005356240e+00 3.964943847656250000e+02
5.635491949521361121e+00 3.904231872558593750e+02
5.638925085037365115e+00 3.823866577148437500e+02
5.642358220553369996e+00 3.792415771484375000e+02
5.645791356069373990e+00 3.802322387695312500e+02
5.649224491585378871e+00 3.868854980468750000e+02
5.652657627101383753e+00 3.875987243652343750e+02
5.656090762617387746e+00 3.929473876953125000e+02
5.659523898133391739e+00 3.901556396484375000e+02
5.662957033649396621e+00 3.906146545410156250e+02
5.666390169165401502e+00 3.915815734863281250e+02
5.669823304681406384e+00 3.950191040039062500e+02
5.673256440197410377e+00 4.029345092773437500e+02
5.676689575713414371e+00 4.098499450683593750e+02
5.680122711229419252e+00 4.196396484375000000e+02
5.683555846745424134e+00 4.220790405273437500e+02
5.686988982261428127e+00 4.238437500000000000e+02
5.690422117777433009e+00 4.268426513671875000e+02
5.693855253293437002e+00 4.332539978027343750e+02
5.697288388809441884e+00 4.420641784667968750e+02
5.700721524325445877e+00 4.557293701171875000e+02
5.704154659841450759e+00 4.780633850097656250e+02
5.707587795357455640e+00 5.059900207519531250e+02
5.711020930873459633e+00 5.464857177734375000e+02
5.714454066389463627e+00 5.852440185546875000e+02
5.717887201905468508e+00 6.088489990234375000e+02
5.721320337421473390e+00 6.053157958984375000e+02
5.724753472937477383e+00 5.732815551757812500e+02
5.728186608453481377e+00 5.272554321289062500e+02
5.731619743969486258e+00 4.778424377441406250e+02
5.735052879485491140e+00 4.377509765625000000e+02
5.738486015001495133e+00 4.173452148437500000e+02
5.741919150517500015e+00 4.094801025390625000e+02
5.745352286033504008e+00 4.045505371093750000e+02
5.748785421549508889e+00 3.962326965332031250e+02
5.752218557065512883e+00 3.936450805664062500e+02
5.755651692581517764e+00 3.926394653320312500e+02
5.759084828097522646e+00 3.938738403320312500e+02
5.762517963613527527e+00 3.935353393554687500e+02
5.765951099129530633e+00 3.936328735351562500e+02
5.769384234645535514e+00 3.889918823242187500e+02
5.772817370161540396e+00 3.883605651855468750e+02
5.776250505677545277e+00 3.896170349121093750e+02
5.779683641193549271e+00 3.945700073242187500e+02
5.783116776709553264e+00 3.969283142089843750e+02
5.786549912225558145e+00 3.948563842773437500e+02
5.789983047741563027e+00 3.910473937988281250e+02
5.793416183257567020e+00 3.894489135742187500e+02
5.796849318773571902e+00 3.885976562500000000e+02
5.800282454289575895e+00 3.937626342773437500e+02
5.803715589805580777e+00 3.965831298828125000e+02
5.807148725321584770e+00 3.931513061523437500e+02
5.810581860837589652e+00 3.848375854492187500e+02
5.814014996353594533e+00 3.884835815429687500e+02
5.817448131869598527e+00 3.930316162109375000e+02
5.820881267385602520e+00 3.993688354492187500e+02
5.824314402901607401e+00 4.014289855957031250e+02
5.827747538417612283e+00 4.012467346191406250e+02
5.831180673933617165e+00 3.943991699218750000e+02
5.834613809449621158e+00 3.888329162597656250e+02
5.838046944965625151e+00 3.880187072753906250e+02
5.841480080481630033e+00 3.871785278320312500e+02
5.844913215997634914e+00 3.883162231445312500e+02
5.848346351513638908e+00 3.830685729980468750e+02
5.851779487029643789e+00 3.806623229980468750e+02
5.855212622545647783e+00 3.828439636230468750e+02
5.858645758061652664e+00 3.877972412109375000e+02
5.862078893577656657e+00 3.892343750000000000e+02
5.865512029093661539e+00 3.915914916992187500e+02
5.868945164609666421e+00 3.958449096679687500e+02
5.872378300125669526e+00 3.933031311035156250e+02
5.875811435641674407e+00 3.894725646972656250e+02
5.879244571157679289e+00 3.855467834472656250e+02
5.882677706673684170e+00 3.848008728027343750e+02
5.886110842189688164e+00 3.812952270507812500e+02
5.889543977705692157e+00 3.812070312500000000e+02
5.892977113221697039e+00 3.816160583496093750e+02
5.896410248737701920e+00 3.851867370605468750e+02
5.899843384253705914e+00 3.870772705078125000e+02
5.903276519769710795e+00 3.931495666503906250e+02
5.906709655285714788e+00 3.895845947265625000e+02
5.910142790801719670e+00 3.869537658691406250e+02
5.913575926317723663e+00 3.875820617675781250e+02
5.917009061833728545e+00 3.906486816406250000e+02
5.920442197349733426e+00 3.896670837402343750e+02
5.923875332865738308e+00 3.887268981933593750e+02
5.927308468381741413e+00 3.902958984375000000e+02
5.930741603897746295e+00 3.898641052246093750e+02
5.934174739413751176e+00 3.867190551757812500e+02
5.937607874929756058e+00 3.932760925292968750e+02
5.941041010445760051e+00 4.024735107421875000e+02
5.944474145961764044e+00 4.190169067382812500e+02
5.947907281477768926e+00 4.322790832519531250e+02
5.951340416993773808e+00 4.595809631347656250e+02
5.954773552509777801e+00 5.035173339843750000e+02
5.958206688025782682e+00 5.851958618164062500e+02
5.961639823541786676e+00 7.261821899414062500e+02
5.965072959057791557e+00 9.054575195312500000e+02
5.968506094573795551e+00 1.083968139648437500e+03
5.971939230089800432e+00 1.202722167968750000e+03
5.975372365605805314e+00 1.228429687500000000e+03
5.978805501121809307e+00 1.145893432617187500e+03
5.982238636637813300e+00 9.781378784179687500e+02
5.985671772153818182e+00 7.865885009765625000e+02
5.989104907669823064e+00 6.211173095703125000e+02
5.992538043185827945e+00 5.169012451171875000e+02
5.995971178701831938e+00 4.585206909179687500e+02
5.999404314217835932e+00 4.307900390625000000e+02
6.002837449733840813e+00 4.187193298339843750e+02
6.006270585249845695e+00 4.076485900878906250e+02
6.009703720765849688e+00 4.047681884765625000e+02
6.013136856281854570e+00 4.002603149414062500e+02
6.016569991797858563e+00 4.017304992675781250e+02
6.020003127313862556e+00 4.016272583007812500e+02
6.023436262829867438e+00 4.038872680664062500e+02
6.026869398345872320e+00 4.072247009277343750e+02
6.030302533861877201e+00 4.080342712402343750e+02
6.033735669377880306e+00 4.026595458984375000e+02
6.037168804893885188e+00 3.992785949707031250e+02
6.040601940409890069e+00 3.999358215332031250e+02
6.044035075925894951e+00 4.009086303710937500e+02
6.047468211441898944e+00 3.998990783691406250e+02
6.050901346957902938e+00 4.016371154785156250e+02
6.054334482473907819e+00 4.049449157714843750e+02
6.057767617989912701e+00 4.107323303222656250e+02
6.061200753505916694e+00 4.111902160644531250e+02
6.064633889021921576e+00 4.150108032226562500e+02
6.068067024537925569e+00 4.130101318359375000e+02
6.071500160053930450e+00 4.138177490234375000e+02
6.074933295569934444e+00 4.092031250000000000e+02
6.078366431085939325e+00 4.073157348632812500e+02
6.081799566601944207e+00 3.984455261230468750e+02
6.085232702117949088e+00 3.852097473144531250e+02
6.088665837633952194e+00 3.736195678710937500e+02
6.092098973149957075e+00 3.750200195312500000e+02
6.095532108665961957e+00 3.819511718750000000e+02
6.098965244181966838e+00 3.827274475097656250e+02
6.102398379697970832e+00 3.809805603027343750e+02
6.105831515213974825e+00 3.805575561523437500e+02
6.109264650729979707e+00 3.845122375488281250e+02
6.112697786245984588e+00 3.834533081054687500e+02
6.116130921761988581e+00 3.868231506347656250e+02
6.119564057277993463e+00 3.895576171875000000e+02
6.122997192793997456e+00 3.867400512695312500e+02
6.126430328310002338e+00 3.839708557128906250e+02
6.129863463826006331e+00 3.829522094726562500e+02
6.133296599342011213e+00 3.874678344726562500e+02
6.136729734858016094e+00 3.872109680175781250e+02
6.140162870374020088e+00 3.863608093261718750e+02
6.143596005890024081e+00 3.839579772949218750e+02
6.147029141406028963e+00 3.842494201660156250e+02
6.150462276922033844e+00 3.888320617675781250e+02
6.153895412438038726e+00 3.938833312988281250e+02
6.157328547954042719e+00 3.931447753906250000e+02
6.160761683470046712e+00 3.879046630859375000e+02
6.164194818986051594e+00 3.848728637695312500e+02
6.167627954502055587e+00 3.860841674804687500e+02
6.171061090018060469e+00 3.887454223632812500e+02
6.174494225534065350e+00 3.885625000000000000e+02
6.177927361050069344e+00 3.833260192871093750e+02
6.181360496566073337e+00 3.791885681152343750e+02
6.184793632082078219e+00 3.775652465820312500e+02
6.188226767598083100e+00 3.727277832031250000e+02
6.191659903114087982e+00 3.662817077636718750e+02
6.195093038630091087e+00 3.676297912597656250e+02
6.198526174146095968e+00 3.722932739257812500e+02
6.201959309662100850e+00 3.754044189453125000e+02
6.205392445178105731e+00 3.706034851074218750e+02
6.208825580694109725e+00 3.639488830566406250e+02
6.212258716210113718e+00 3.629960937500000000e+02
6.215691851726118600e+00 3.690834655761718750e+02
6.219124987242123481e+00 3.711220703125000000e+02
6.222558122758127475e+00 3.659501953125000000e+02
6.225991258274132356e+00 3.640631408691406250e+02
6.229424393790136349e+00 3.654654846191406250e+02
6.232857529306141231e+00 3.712337036132812500e+02
6.236290664822145224e+00 3.721838684082031250e+02
6.239723800338150106e+00 3.683980407714843750e+02
6.243156935854154987e+00 3.624907836914062500e+02
6.246590071370158981e+00 3.632561950683593750e+02
6.250023206886162974e+00 3.693815917968750000e+02
6.253456342402167856e+00 3.744087219238281250e+02
6.256889477918172737e+00 3.780165100097656250e+02
6.260322613434177619e+00 3.842600402832031250e+02
6.263755748950181612e+00 3.942760314941406250e+02
6.267188884466185606e+00 4.005173645019531250e+02
6.270622019982190487e+00 4.097577819824218750e+02
6.274055155498195369e+00 4.222624206542968750e+02
6.277488291014199362e+00 4.345925903320312500e+02
6.280921426530204243e+00 4.546033325195312500e+02
6.284354562046208237e+00 4.919580688476562500e+02
6.287787697562213118e+00 5.509606933593750000e+02
6.291220833078217112e+00 6.858724975585937500e+02
6.294653968594221993e+00 9.400862426757812500e+02
6.298087104110226875e+00 1.292642578125000000e+03
6.301520239626230868e+00 1.619845214843750000e+03
6.304953375142234862e+00 1.499642578125000000e+03
6.308386510658239743e+00 1.081953002929687500e+03
6.311819646174244625e+00 6.775640869140625000e+02
6.315252781690248618e+00 5.188214721679687500e+02
6.318685917206253500e+00 4.437402648925781250e+02
6.322119052722257493e+00 4.153524169921875000e+02
6.325552188238262374e+00 4.046490173339843750e+02
6.328985323754266368e+00 4.038707275390625000e+02
6.332418459270271249e+00 4.047483825683593750e+02
6.335851594786276131e+00 4.069732055664062500e+02
6.339284730302280124e+00 4.074319152832031250e+02
6.342717865818284118e+00 4.043048706054687500e+02
6.346151001334288999e+00 3.955042114257812500e+02
6.349584136850293881e+00 3.874381713867187500e+02
6.353017272366298762e+00 3.806337280273437500e+02
6.356450407882301867e+00 3.749640197753906250e+02
6.359883543398306749e+00 3.687369689941406250e+02
6.363316678914311630e+00 3.678617553710937500e+02
6.366749814430316512e+00 3.678184814453125000e+02
6.370182949946320505e+00 3.683169555664062500e+02
6.373616085462324499e+00 3.677804870605468750e+02
6.377049220978329380e+00 3.624530639648437500e+02
6.380482356494334262e+00 3.546736755371093750e+02
6.383915492010338255e+00 3.551707763671875000e+02
6.387348627526343137e+00 3.526036071777343750e+02
6.390781763042347130e+00 3.487850952148437500e+02
6.394214898558352012e+00 3.452415161132812500e+02
6.397648034074356005e+00 3.530927734375000000e+02
6.401081169590360886e+00 3.600156555175781250e+02
6.404514305106365768e+00 3.640534667968750000e+02
6.407947440622369761e+00 3.678783569335937500e+02
6.411380576138373755e+00 3.740004882812500000e+02
6.414813711654378636e+00 3.761672973632812500e+02
6.418246847170383518e+00 3.777015380859375000e+02
6.421679982686388399e+00 3.806231384277343750e+02
6.425113118202392393e+00 3.856635437011718750e+02
6.428546253718396386e+00 3.880734863281250000e+02
6.431979389234401268e+00 3.906560668945312500e+02
6.435412524750406149e+00 3.917678527832031250e+02
6.438845660266410142e+00 3.871162414550781250e+02
6.442278795782415024e+00 3.765921325683593750e+02
6.445711931298419017e+00 3.679427490234375000e+02
6.449145066814423011e+00 3.595315246582031250e+02
6.452578202330427892e+00 3.606401672363281250e+02
6.456011337846432774e+00 3.617340393066406250e+02
6.459444473362437655e+00 3.622541503906250000e+02
6.462877608878441649e+00 3.630088500976562500e+02
6.466310744394445642e+00 3.669985351562500000e+02
6.469743879910450524e+00 3.669708251953125000e+02
6.473177015426455405e+00 3.644007263183593750e+02
6.476610150942459398e+00 3.615326843261718750e+02
6.480043286458464280e+00 3.599260864257812500e+02
6.483476421974468273e+00 3.574624633789062500e+02
6.486909557490473155e+00 3.556376342773437500e+02
6.490342693006477148e+00 3.560548095703125000e+02
6.493775828522482030e+00 3.545677185058593750e+02
6.497208964038486911e+00 3.513651123046875000e+02
6.500642099554490905e+00 3.503461608886718750e+02
6.504075235070494898e+00 3.525489196777343750e+02
6.507508370586499780e+00 3.522914428710937500e+02
6.510941506102504661e+00 3.520733642578125000e+02
6.514374641618509543e+00 3.519439392089843750e+02
6.517807777134512648e+00 3.562857666015625000e+02
6.521240912650517529e+00 3.545605773925781250e+02
6.524674048166522411e+00 3.517385253906250000e+02
6.528107183682527292e+00 3.488150939941406250e+02
6.531540319198531286e+00 3.491253967285156250e+02
6.534973454714535279e+00 3.512373962402343750e+02
6.538406590230540161e+00 3.543514099121093750e+02
6.541839725746545042e+00 3.546784973144531250e+02
6.545272861262549036e+00 3.543524780273437500e+02
6.548705996778553917e+00 3.543044128417968750e+02
6.552139132294557911e+00 3.554302978515625000e+02
6.555572267810562792e+00 3.528804931640625000e+02
6.559005403326566785e+00 3.514834594726562500e+02
6.562438538842571667e+00 3.472950744628906250e+02
6.565871674358576549e+00 3.486657104492187500e+02
6.569304809874580542e+00 3.493527832031250000e+02
6.572737945390584535e+00 3.486165466308593750e+02
6.576171080906589417e+00 3.490405883789062500e+02
6.579604216422594298e+00 3.538609313964843750e+02
6.583037351938599180e+00 3.605984802246093750e+02
6.586470487454603173e+00 3.613945312500000000e+02
6.589903622970607167e+00 3.628465881347656250e+02
6.593336758486612048e+00 3.646800537109375000e+02
6.596769894002616041e+00 3.664992370605468750e+02
6.600203029518620923e+00 3.631800842285156250e+02
6.603636165034625805e+00 3.610762634277343750e+02
6.607069300550629798e+00 3.584407043457031250e+02
6.610502436066633791e+00 3.515225219726562500e+02
6.613935571582638673e+00 3.480671081542968750e+02
6.617368707098643554e+00 3.459762573242187500e+02
6.620801842614648436e+00 3.517354736328125000e+02
6.624234978130652429e+00 3.520333862304687500e+02
6.627668113646656423e+00 3.519080810546875000e+02
6.631101249162661304e+00 3.447859497070312500e+02
6.634534384678666186e+00 3.405269470214843750e+02
6.637967520194670179e+00 3.412514038085937500e+02
6.641400655710675061e+00 3.450456848144531250e+02
6.644833791226679054e+00 3.465777893066406250e+02
6.648266926742683935e+00 3.437511901855468750e+02
6.651700062258687929e+00 3.446820373535156250e+02
6.655133197774692810e+00 3.427522277832031250e+02
6.658566333290697692e+00 3.453957519531250000e+02
6.661999468806701685e+00 3.456822814941406250e+02
6.665432604322705679e+00 3.437085571289062500e+02
6.668865739838710560e+00 3.446462097167968750e+02
6.672298875354715442e+00 3.505052490234375000e+02
6.675732010870720323e+00 3.580945129394531250e+02
6.679165146386723428e+00 3.637913818359375000e+02
6.682598281902728310e+00 3.674049987792968750e+02
6.686031417418733191e+00 3.744029846191406250e+02
6.689464552934738073e+00 3.770439147949218750e+02
6.692897688450742066e+00 3.755672607421875000e+02
6.696330823966746060e+00 3.703505249023437500e+02
6.699763959482750941e+00 3.614497375488281250e+02
6.703197094998755823e+00 3.564353942871093750e+02
6.706630230514759816e+00 3.542325744628906250e+02
6.710063366030764698e+00 3.587843322753906250e+02
6.713496501546768691e+00 3.556224365234375000e+02
6.716929637062773573e+00 3.466265563964843750e+02
6.720362772578777566e+00 3.371940612792968750e+02
6.723795908094782448e+00 3.373393859863281250e+02
6.727229043610787329e+00 3.396752014160156250e+02
6.730662179126791322e+00 3.426137390136718750e+02
6.734095314642795316e+00 3.393175964355468750e+02
6.737528450158800197e+00 3.380455322265625000e+02
6.740961585674805079e+00 3.395789184570312500e+02
6.744394721190809072e+00 3.436470336914062500e+02
6.747827856706813954e+00 3.432666625976562500e+02
6.751260992222817947e+00 3.356530761718750000e+02
6.754694127738822829e+00 3.354939270019531250e+02
6.758127263254826822e+00 3.409958190917968750e+02
6.761560398770831704e+00 3.485368652343750000e+02
6.764993534286836585e+00 3.518337097167968750e+02
6.768426669802840578e+00 3.530923461914062500e+02
6.771859805318844572e+00 3.499099731445312500e+02
6.775292940834849453e+00 3.442832946777343750e+02
6.778726076350854335e+00 3.415636901855468750e+02
6.782159211866859216e+00 3.429749755859375000e+02
6.785592347382863210e+00 3.451705322265625000e+02
6.789025482898867203e+00 3.449616088867187500e+02
6.792458618414872085e+00 3.483565368652343750e+02
6.795891753930876966e+00 3.547848205566406250e+02
6.799324889446880960e+00 3.594720458984375000e+02
6.802758024962885841e+00 3.627164001464843750e+02
6.806191160478889834e+00 3.649399719238281250e+02
6.809624295994894716e+00 3.672545471191406250e+02
6.813057431510898709e+00 3.638654479980468750e+02
6.816490567026903591e+00 3.568884277343750000e+02
6.819923702542908472e+00 3.493952331542968750e+02
6.823356838058912466e+00 3.473399047851562500e+02
6.826789973574916459e+00 3.463027038574218750e+02
6.830223109090921341e+00 3.460332946777343750e+02
6.833656244606926222e+00 3.386052246093750000e+02
6.837089380122931104e+00 3.319509887695312500e+02
6.840522515638934209e+00 3.342757873535156250e+02
6.843955651154939090e+00 3.433625488281250000e+02
6.847388786670943972e+00 3.503058776855468750e+02
6.850821922186948854e+00 3.543064575195312500e+02
6.854255057702952847e+00 3.570716247558593750e+02
6.857688193218956840e+00 3.622184143066406250e+02
6.861121328734961722e+00 3.621840515136718750e+02
6.864554464250966603e+00 3.602245178222656250e+02
6.867987599766970597e+00 3.566972961425781250e+02
6.871420735282975478e+00 3.513461914062500000e+02
6.874853870798979472e+00 3.451539916992187500e+02
6.878287006314984353e+00 3.386334533691406250e+02
6.881720141830988346e+00 3.383498535156250000e+02
6.885153277346993228e+00 3.397883300781250000e+02
6.888586412862998110e+00 3.412502746582031250e+02
6.892019548379002103e+00 3.415755615234375000e+02
6.895452683895006096e+00 3.440678100585937500e+02
6.898885819411010978e+00 3.474291992187500000e+02
6.902318954927015859e+00 3.495592346191406250e+02
6.905752090443019853e+00 3.497132263183593750e+02
6.909185225959024734e+00 3.490889282226562500e+02
6.912618361475028728e+00 3.521991882324218750e+02
6.916051496991033609e+00 3.523656616210937500e+02
6.919484632507037603e+00 3.420006713867187500e+02
6.922917768023042484e+00 3.336125183105468750e+02
6.926350903539047366e+00 3.306682434082031250e+02
6.929784039055051359e+00 3.348989868164062500e+02
6.933217174571055352e+00 3.363954162597656250e+02
6.936650310087060234e+00 3.387463073730468750e+02
6.940083445603065115e+00 3.451147155761718750e+02
6.943516581119069997e+00 3.548737487792968750e+02
6.946949716635073990e+00 3.621927795410156250e+02
6.950382852151077984e+00 3.617382812500000000e+02
6.953815987667082865e+00 3.583498229980468750e+02
6.957249123183087747e+00 3.524689636230468750e+02
6.960682258699091740e+00 3.487944030761718750e+02
6.964115394215096622e+00 3.429945068359375000e+02
6.967548529731100615e+00 3.395735168457031250e+02
6.970981665247105497e+00 3.416090393066406250e+02
6.974414800763109490e+00 3.447533569335937500e+02
6.977847936279114371e+00 3.407766418457031250e+02
6.981281071795119253e+00 3.397199707031250000e+02
6.984714207311123246e+00 3.376712341308593750e+02
6.988147342827127240e+00 3.423218994140625000e+02
6.991580478343132121e+00 3.411039733886718750e+02
6.995013613859137003e+00 3.391210327148437500e+02
6.998446749375141884e+00 3.388914489746093750e+02
7.001879884891144989e+00 3.402452087402343750e+02
7.005313020407149871e+00 3.406592407226562500e+02
7.008746155923154753e+00 3.437211303710937500e+02
7.012179291439159634e+00 3.438178710937500000e+02
7.015612426955163627e+00 3.445963745117187500e+02
7.019045562471167621e+00 3.448839111328125000e+02
7.022478697987172502e+00 3.465639648437500000e+02
7.025911833503177384e+00 3.433450317382812500e+02
7.029344969019181377e+00 3.408440551757812500e+02
7.032778104535186259e+00 3.395587158203125000e+02
7.036211240051190252e+00 3.408168945312500000e+02
7.039644375567194245e+00 3.376357727050781250e+02
7.043077511083199127e+00 3.364504089355468750e+02
7.046510646599204009e+00 3.331902160644531250e+02
7.049943782115208890e+00 3.342422790527343750e+02
7.053376917631212883e+00 3.343270263671875000e+02
7.056810053147216877e+00 3.346549682617187500e+02
7.060243188663221758e+00 3.345593872070312500e+02
7.063676324179226640e+00 3.360914916992187500e+02
7.067109459695230633e+00 3.346879272460937500e+02
7.070542595211235515e+00 3.396379089355468750e+02
7.073975730727239508e+00 3.425064086914062500e+02
7.077408866243244390e+00 3.467535705566406250e+02
7.080842001759248383e+00 3.492779541015625000e+02
7.084275137275253265e+00 3.526340942382812500e+02
7.087708272791258146e+00 3.557587585449218750e+02
7.091141408307262139e+00 3.594441223144531250e+02
7.094574543823266133e+00 3.611104736328125000e+02
7.098007679339271014e+00 3.583333435058593750e+02
7.101440814855275896e+00 3.538070678710937500e+02
7.104873950371280777e+00 3.479219970703125000e+02
7.108307085887284771e+00 3.423631286621093750e+02
7.111740221403288764e+00 3.328907470703125000e+02
7.115173356919293646e+00 3.280451049804687500e+02
7.118606492435298527e+00 3.233657226562500000e+02
7.122039627951302521e+00 3.224324645996093750e+02
7.125472763467307402e+00 3.239801025390625000e+02
7.128905898983311396e+00 3.239009399414062500e+02
7.132339034499316277e+00 3.227730712890625000e+02
7.135772170015320270e+00 3.237601318359375000e+02
7.139205305531325152e+00 3.300408630371093750e+02
7.142638441047330033e+00 3.356422424316406250e+02
7.146071576563334027e+00 3.346307678222656250e+02
7.149504712079338020e+00 3.378041076660156250e+02
7.152937847595342902e+00 3.432358703613281250e+02
7.156370983111347783e+00 3.482098999023437500e+02
7.159804118627352665e+00 3.432111816406250000e+02
7.163237254143355770e+00 3.370404663085937500e+02
7.166670389659360652e+00 3.372116088867187500e+02
7.170103525175365533e+00 3.398120117187500000e+02
7.173536660691370415e+00 3.376611633300781250e+02
7.176969796207375296e+00 3.366494750976562500e+02
7.180402931723378401e+00 3.318494567871093750e+02
7.183836067239382395e+00 3.265842895507812500e+02
7.187269202755387276e+00 3.255891113281250000e+02
7.190702338271392158e+00 3.256604003906250000e+02
7.194135473787397039e+00 3.237596435546875000e+02
7.197568609303401033e+00 3.197621154785156250e+02
7.201001744819405914e+00 3.217485351562500000e+02
7.204434880335410796e+00 3.231069030761718750e+02
7.207868015851413901e+00 3.231363220214843750e+02
7.211301151367418782e+00 3.215436401367187500e+02
7.214734286883423664e+00 3.221278076171875000e+02
7.218167422399427657e+00 3.197658996582031250e+02
7.221600557915432539e+00 3.204922485351562500e+02
7.225033693431437420e+00 3.209839172363281250e+02
7.228466828947442302e+00 3.261278686523437500e+02
7.231899964463446295e+00 3.271468200683593750e+02
7.235333099979449401e+00 3.293753967285156250e+02
7.238766235495454282e+00 3.290205078125000000e+02
7.242199371011459164e+00 3.284866943359375000e+02
7.245632506527464045e+00 3.284596862792968750e+02
7.249065642043468927e+00 3.238544616699218750e+02
7.252498777559472920e+00 3.218572692871093750e+02
7.255931913075477802e+00 3.216853027343750000e+02
7.259365048591482683e+00 3.222390747070312500e+02
7.262798184107485788e+00 3.223682556152343750e+02
7.266231319623490670e+00 3.207035217285156250e+02
7.269664455139495551e+00 3.235415954589843750e+02
7.273097590655499545e+00 3.265043334960937500e+02
7.276530726171504426e+00 3.334668579101562500e+02
7.279963861687509308e+00 3.358761596679687500e+02
7.283396997203514189e+00 3.372346496582031250e+02
7.286830132719518183e+00 3.362663269042968750e+02
7.290263268235521288e+00 3.367196655273437500e+02
7.293696403751526169e+00 3.367630920410156250e+02
7.297129539267531051e+00 3.312613525390625000e+02
7.300562674783535932e+00 3.275789184570312500e+02
7.303995810299540814e+00 3.226386108398437500e+02
7.307428945815544807e+00 3.244124145507812500e+02
7.310862081331549689e+00 3.208370666503906250e+02
7.314295216847554570e+00 3.169267883300781250e+02
7.317728352363557676e+00 3.135616760253906250e+02
7.321161487879562557e+00 3.156304626464843750e+02
7.324594623395566551e+00 3.150899353027343750e+02
7.328027758911571432e+00 3.126230468750000000e+02
7.331460894427576314e+00 3.116196594238281250e+02
7.334894029943581195e+00 3.105112609863281250e+02
7.338327165459586077e+00 3.113970031738281250e+02
7.341760300975589182e+00 3.127220458984375000e+02
7.345193436491593175e+00 3.152828674316406250e+02
7.348626572007598057e+00 3.177589416503906250e+02
7.352059707523602938e+00 3.204533996582031250e+02
7.355492843039607820e+00 3.231227722167968750e+02
7.358925978555611813e+00 3.246748657226562500e+02
7.362359114071616695e+00 3.255918273925781250e+02
7.365792249587621576e+00 3.280265502929687500e+02
7.369225385103624681e+00 3.318511352539062500e+02
7.372658520619629563e+00 3.325008239746093750e+02
7.376091656135634445e+00 3.317959594726562500e+02
7.379524791651638438e+00 3.286775207519531250e+02
7.382957927167643319e+00 3.258007202148437500e+02
7.386391062683648201e+00 3.292408752441406250e+02
7.389824198199653082e+00 3.309793090820312500e+02
7.393257333715657076e+00 3.316968688964843750e+02
7.396690469231660181e+00 3.264066772460937500e+02
7.400123604747665063e+00 3.262579040527343750e+02
7.403556740263669944e+00 3.248958129882812500e+02
7.406989875779674826e+00 3.272380371093750000e+02
7.410423011295679707e+00 3.268490295410156250e+02
7.413856146811683701e+00 3.276444702148437500e+02
7.417289282327688582e+00 3.299085388183593750e+02
7.420722417843693464e+00 3.286292114257812500e+02
7.424155553359696569e+00 3.283500061035156250e+02
7.427588688875701450e+00 3.246669006347656250e+02
7.431021824391706332e+00 3.246499938964843750e+02
7.434454959907710325e+00 3.223404235839843750e+02
7.437888095423715207e+00 3.180304565429687500e+02
7.441321230939720088e+00 3.163677062988281250e+02
7.444754366455724970e+00 3.182387390136718750e+02
7.448187501971728963e+00 3.220690917968750000e+02
7.451620637487732068e+00 3.220359497070312500e+02
7.455053773003736950e+00 3.262434692382812500e+02
7.458486908519741831e+00 3.308406372070312500e+02
7.461920044035746713e+00 3.303610839843750000e+02
7.465353179551751595e+00 3.259648742675781250e+02
7.468786315067755588e+00 3.200330200195312500e+02
7.472219450583760469e+00 3.160215454101562500e+02
7.475652586099763575e+00 3.153828125000000000e+02
7.479085721615768456e+00 3.167688293457031250e+02
7.482518857131773338e+00 3.185604553222656250e+02
7.485951992647777331e+00 3.197907409667968750e+02
7.489385128163782213e+00 3.225030822753906250e+02
7.492818263679787094e+00 3.231709899902343750e+02
7.496251399195791976e+00 3.188859558105468750e+02
7.499684534711796857e+00 3.159327697753906250e+02
7.503117670227799962e+00 3.164178161621093750e+02
7.506550805743803956e+00 3.158496398925781250e+02
7.509983941259808837e+00 3.145193176269531250e+02
7.513417076775813719e+00 3.172725830078125000e+02
7.516850212291818600e+00 3.224159545898437500e+02
7.520283347807822594e+00 3.233837280273437500e+02
7.523716483323827475e+00 3.216423034667968750e+02
7.527149618839832357e+00 3.215229797363281250e+02
7.530582754355835462e+00 3.202687683105468750e+02
7.534015889871840344e+00 3.200161437988281250e+02
7.537449025387845225e+00 3.218805847167968750e+02
7.540882160903849218e+00 3.204591369628906250e+02
7.544315296419854100e+00 3.156929931640625000e+02
7.547748431935858981e+00 3.121601867675781250e+02
7.551181567451863863e+00 3.140280456542968750e+02
7.554614702967867856e+00 3.182230529785156250e+02
7.558047838483870962e+00 3.194055786132812500e+02
7.561480973999875843e+00 3.240711059570312500e+02
7.564914109515880725e+00 3.270151367187500000e+02
7.568347245031885606e+00 3.316663513183593750e+02
7.571780380547890488e+00 3.301066284179687500e+02
7.575213516063894481e+00 3.314288024902343750e+02
7.578646651579899363e+00 3.295668945312500000e+02
7.582079787095904244e+00 3.250747375488281250e+02
7.585512922611907349e+00 3.218142395019531250e+02
7.588946058127912231e+00 3.209654541015625000e+02
7.592379193643917112e+00 3.257081909179687500e+02
7.595812329159921106e+00 3.252266540527343750e+02
7.599245464675925987e+00 3.218775939941406250e+02
7.602678600191930869e+00 3.157435913085937500e+02
7.606111735707935750e+00 3.145348205566406250e+02
7.609544871223939744e+00 3.186466674804687500e+02
7.612978006739942849e+00 3.226338806152343750e+02
7.616411142255947730e+00 3.225125732421875000e+02
7.619844277771952612e+00 3.212980346679687500e+02
7.623277413287957494e+00 3.186976928710937500e+02
7.626710548803962375e+00 3.176911315917968750e+02
7.630143684319966368e+00 3.125582580566406250e+02
7.633576819835971250e+00 3.067760925292968750e+02
7.637009955351974355e+00 3.043063964843750000e+02
7.640443090867979237e+00 3.087105102539062500e+02
7.643876226383984118e+00 3.139461669921875000e+02
7.647309361899988112e+00 3.133502502441406250e+02
7.650742497415992993e+00 3.126980285644531250e+02
7.654175632931997875e+00 3.103524475097656250e+02
7.657608768448002756e+00 3.110516662597656250e+02
7.661041903964007638e+00 3.098569641113281250e+02
7.664475039480010743e+00 3.126210937500000000e+02
7.667908174996014736e+00 3.112349853515625000e+02
7.671341310512019618e+00 3.062807617187500000e+02
7.674774446028024499e+00 3.086955566406250000e+02
7.678207581544029381e+00 3.131001586914062500e+02
7.681640717060033374e+00 3.159556579589843750e+02
7.685073852576038256e+00 3.138366699218750000e+02
7.688506988092043137e+00 3.148515319824218750e+02
7.691940123608046243e+00 3.200924377441406250e+02
7.695373259124051124e+00 3.275193786621093750e+02
7.698806394640056006e+00 3.276388549804687500e+02
7.702239530156059999e+00 3.218229675292968750e+02
7.705672665672064880e+00 3.176201171875000000e+02
7.709105801188069762e+00 3.155649414062500000e+02
7.712538936704074644e+00 3.173217163085937500e+02
7.715972072220078637e+00 3.194222106933593750e+02
7.719405207736081742e+00 3.190455932617187500e+02
7.722838343252086624e+00 3.136095275878906250e+02
7.726271478768091505e+00 3.054536743164062500e+02
7.729704614284096387e+00 3.020882568359375000e+02
7.733137749800101268e+00 3.015131835937500000e+02
7.736570885316105262e+00 3.025293884277343750e+02
7.740004020832110143e+00 3.012653198242187500e+02
7.743437156348115025e+00 3.015621032714843750e+02
7.746870291864118130e+00 3.014152832031250000e+02
7.750303427380123011e+00 2.965776062011718750e+02
7.753736562896127005e+00 2.951982421875000000e+02
7.757169698412131886e+00 2.956148986816406250e+02
7.760602833928136768e+00 2.969124450683593750e+02
7.764035969444141649e+00 2.924424743652343750e+02
7.767469104960146531e+00 2.864430236816406250e+02
7.770902240476149636e+00 2.848862304687500000e+02
7.774335375992153629e+00 2.830467834472656250e+02
7.777768511508158511e+00 2.833155822753906250e+02
7.781201647024163393e+00 2.843580627441406250e+02
7.784634782540168274e+00 2.829465026855468750e+02
7.788067918056173156e+00 2.821407775878906250e+02
7.791501053572177149e+00 2.838842773437500000e+02
7.794934189088182031e+00 2.863869018554687500e+02
7.798367324604185136e+00 2.903021850585937500e+02
7.801800460120190017e+00 2.918468017578125000e+02
7.805233595636194899e+00 2.944865417480468750e+02
7.808666731152198892e+00 2.946326293945312500e+02
7.812099866668203774e+00 2.962800598144531250e+02
7.815533002184208655e+00 2.966253356933593750e+02
7.818966137700213537e+00 2.973529052734375000e+02
7.822399273216218418e+00 2.943837280273437500e+02
7.825832408732221523e+00 2.872570495605468750e+02
7.829265544248225517e+00 2.821645202636718750e+02
7.832698679764230398e+00 2.795724182128906250e+02
7.836131815280235280e+00 2.741921386718750000e+02
7.839564950796240161e+00 2.752228393554687500e+02
7.842998086312244155e+00 2.801121215820312500e+02
7.846431221828249036e+00 2.833311767578125000e+02
7.849864357344253918e+00 2.830267028808593750e+02
7.853297492860257023e+00 2.782550659179687500e+02
7.856730628376261905e+00 2.765366516113281250e+02
7.860163763892266786e+00 2.762934265136718750e+02
7.863596899408270779e+00 2.791817932128906250e+02
7.867030034924275661e+00 2.769937744140625000e+02
7.870463170440280543e+00 2.739165344238281250e+02
7.873896305956285424e+00 2.738760375976562500e+02
7.877329441472289417e+00 2.814871215820312500e+02
7.880762576988292523e+00 2.867735900878906250e+02
7.884195712504297404e+00 2.834928588867187500e+02
7.887628848020302286e+00 2.800663452148437500e+02
7.891061983536307167e+00 2.807360839843750000e+02
7.894495119052312049e+00 2.836768798828125000e+02
7.897928254568316042e+00 2.807072753906250000e+02
7.901361390084320924e+00 2.789892272949218750e+02
7.904794525600325805e+00 2.840000000000000000e+02
7.908227661116328910e+00 2.901315612792968750e+02
7.911660796632333792e+00 2.912267456054687500e+02
7.915093932148337785e+00 2.858816528320312500e+02
7.918527067664342667e+00 2.823738708496093750e+02
7.921960203180347548e+00 2.786162719726562500e+02
7.925393338696352430e+00 2.773200988769531250e+02
7.928826474212357311e+00 2.794256286621093750e+02
7.932259609728360417e+00 2.803467712402343750e+02
7.935692745244364410e+00 2.757362060546875000e+02
7.939125880760369292e+00 2.688295593261718750e+02
7.942559016276374173e+00 2.678879089355468750e+02
7.945992151792379055e+00 2.736648254394531250e+02
7.949425287308383936e+00 2.760501403808593750e+02
7.952858422824387929e+00 2.750786437988281250e+02
7.956291558340392811e+00 2.719525451660156250e+02
7.959724693856395916e+00 2.724812011718750000e+02
7.963157829372400798e+00 2.682256164550781250e+02
7.966590964888405679e+00 2.675248413085937500e+02
7.970024100404409673e+00 2.659281616210937500e+02
7.973457235920414554e+00 2.698056640625000000e+02
7.976890371436419436e+00 2.726733398437500000e+02
7.980323506952424317e+00 2.760356750488281250e+02
7.983756642468429199e+00 2.753101501464843750e+02
7.987189777984432304e+00 2.756298217773437500e+02
7.990622913500436297e+00 2.769029541015625000e+02
7.994056049016441179e+00 2.773370361328125000e+02
7.997489184532446060e+00 2.807895202636718750e+02
8.000922320048450942e+00 2.818583068847656250e+02
8.004355455564455823e+00 2.850123901367187500e+02
8.007788591080460705e+00 2.852264404296875000e+02
8.011221726596465587e+00 2.851004943847656250e+02
8.014654862112468692e+00 2.833057861328125000e+02
8.018087997628471797e+00 2.827769775390625000e+02
8.021521133144476678e+00 2.878643188476562500e+02
8.024954268660481560e+00 2.870712585449218750e+02
8.028387404176486442e+00 2.764959716796875000e+02
8.031820539692491323e+00 2.690683593750000000e+02
8.035253675208496205e+00 2.720011901855468750e+02
8.038686810724501086e+00 2.800201110839843750e+02
8.042119946240504191e+00 2.825769958496093750e+02
8.045553081756509073e+00 2.781820373535156250e+02
8.048986217272513954e+00 2.754764099121093750e+02
8.052419352788517060e+00 2.702292480468750000e+02
8.055852488304521941e+00 2.586033630371093750e+02
8.059285623820526823e+00 2.555266876220703125e+02
8.062718759336531704e+00 2.583529663085937500e+02
8.066151894852534809e+00 2.663148803710937500e+02
8.069585030368539691e+00 2.674855957031250000e+02
8.073018165884544572e+00 2.718323059082031250e+02
8.076451301400549454e+00 2.727770690917968750e+02
8.079884436916554336e+00 2.681121520996093750e+02
8.083317572432559217e+00 2.654690246582031250e+02
8.086750707948562322e+00 2.636374511718750000e+02
8.090183843464567204e+00 2.597551269531250000e+02
8.093616978980570309e+00 2.619703063964843750e+02
8.097050114496575191e+00 2.606082763671875000e+02
8.100483250012580072e+00 2.632345275878906250e+02
8.103916385528584954e+00 2.636949462890625000e+02
8.107349521044589835e+00 2.662196960449218750e+02
8.110782656560594717e+00 2.709956665039062500e+02
8.114215792076599598e+00 2.790056457519531250e+02
8.117648927592604480e+00 2.788360290527343750e+02
8.121082063108607585e+00 2.703251953125000000e+02
8.124515198624610690e+00 2.663921508789062500e+02
8.127948334140615572e+00 2.674637145996093750e+02
8.131381469656620453e+00 2.670030212402343750e+02
8.134814605172625335e+00 2.650431518554687500e+02
8.138247740688630216e+00 2.686430053710937500e+02
8.141680876204635098e+00 2.679236755371093750e+02
8.145114011720639979e+00 2.671989135742187500e+02
8.148547147236643085e+00 2.674381103515625000e+02
8.151980282752647966e+00 2.652512512207031250e+02
8.155413418268652848e+00 2.633682250976562500e+02
8.158846553784655953e+00 2.618330383300781250e+02
8.162279689300660834e+00 2.663613586425781250e+02
8.165712824816665716e+00 2.687927246093750000e+02
8.169145960332670597e+00 2.695525207519531250e+02
8.172579095848675479e+00 2.678736572265625000e+02
8.176012231364678584e+00 2.693026428222656250e+02
8.179445366880683466e+00 2.711831054687500000e+02
8.182878502396688347e+00 2.653526306152343750e+02
8.186311637912693229e+00 2.610733032226562500e+02
8.189744773428698110e+00 2.595172729492187500e+02
8.193177908944701215e+00 2.624990539550781250e+02
8.196611044460706097e+00 2.606911315917968750e+02
8.200044179976710979e+00 2.615282897949218750e+02
8.203477315492714084e+00 2.586374206542968750e+02
8.206910451008718965e+00 2.573933410644531250e+02
8.210343586524723847e+00 2.543133392333984375e+02
8.213776722040728728e+00 2.595411987304687500e+02
8.217209857556733610e+00 2.566003723144531250e+02
8.220642993072738491e+00 2.507910156250000000e+02
8.224076128588743373e+00 2.455270538330078125e+02
8.227509264104746478e+00 2.471420440673828125e+02
8.230942399620749583e+00 2.544363708496093750e+02
8.234375535136754465e+00 2.616098937988281250e+02
8.237808670652759346e+00 2.689441528320312500e+02
8.241241806168764228e+00 2.670497436523437500e+02
8.244674941684769109e+00 2.605987243652343750e+02
8.248108077200773991e+00 2.578359680175781250e+02
8.251541212716778873e+00 2.607353820800781250e+02
8.254974348232781978e+00 2.654787292480468750e+02
8.258407483748786859e+00 2.670500793457031250e+02
8.261840619264791741e+00 2.625636901855468750e+02
8.265273754780794846e+00 2.636223754882812500e+02
8.268706890296799727e+00 2.587481384277343750e+02
8.272140025812804609e+00 2.539862976074218750e+02
8.275573161328809491e+00 2.485837707519531250e+02
8.279006296844814372e+00 2.552623291015625000e+02
8.282439432360817477e+00 2.614507751464843750e+02
8.285872567876822359e+00 2.548283538818359375e+02
8.289305703392827240e+00 2.440807342529296875e+02
8.292738838908832122e+00 2.370272979736328125e+02
8.296171974424837003e+00 2.345364990234375000e+02
8.299605109940840109e+00 2.340785827636718750e+02
8.303038245456844990e+00 2.264541015625000000e+02
8.306471380972849872e+00 2.286586456298828125e+02
8.309904516488852977e+00 2.264557342529296875e+02
8.313337652004857858e+00 2.232778778076171875e+02
8.316770787520862740e+00 2.147326202392578125e+02
8.320203923036867621e+00 2.095856781005859375e+02
8.323637058552872503e+00 2.103857269287109375e+02
8.327070194068877385e+00 2.117509613037109375e+02
8.330503329584882266e+00 2.206068878173828125e+02
8.333936465100887148e+00 2.171967926025390625e+02
8.337369600616888476e+00 2.151160888671875000e+02
8.340802736132893358e+00 2.190728912353515625e+02
8.344235871648898240e+00 2.275637207031250000e+02
8.347669007164903121e+00 2.161902465820312500e+02
8.351102142680908003e+00 1.991351470947265625e+02
8.354535278196912884e+00 1.982664337158203125e+02
8.357968413712917766e+00 2.029548034667968750e+02
8.361401549228920871e+00 2.143017730712890625e+02
8.364834684744925752e+00 2.081436157226562500e+02
8.368267820260930634e+00 2.175106811523437500e+02
8.371700955776935515e+00 2.158898773193359375e+02
8.375134091292938621e+00 2.110001983642578125e+02
8.378567226808943502e+00 1.897550201416015625e+02
8.382000362324948384e+00 1.690827331542968750e+02
8.385433497840953265e+00 1.673796386718750000e+02
8.388866633356956370e+00 1.630676879882812500e+02
8.392299768872961252e+00 1.644565887451171875e+02
8.395732904388966134e+00 1.662981872558593750e+02
8.399166039904971015e+00 1.757080841064453125e+02
8.402599175420975897e+00 1.860414733886718750e+02
8.406032310936980778e+00 1.774080047607421875e+02
8.409465446452983883e+00 1.710461883544921875e+02
8.412898581968988765e+00 1.655741577148437500e+02
8.416331717484991870e+00 1.864083557128906250e+02
8.419764853000996752e+00 1.796617431640625000e+02
8.423197988517001633e+00 1.651787414550781250e+02
8.426631124033006515e+00 1.673903503417968750e+02
8.430064259549011396e+00 1.971214447021484375e+02
8.433497395065016278e+00 2.023294525146484375e+02
8.436930530581021159e+00 1.715813751220703125e+02
8.440363666097026041e+00 1.065764083862304688e+02
8.443796801613029146e+00 0.000000000000000000e+00
8.447229937129032251e+00 0.000000000000000000e+00
8.450663072645037133e+00 0.000000000000000000e+00
8.454096208161042014e+00 0.000000000000000000e+00
8.457529343677046896e+00 0.000000000000000000e+00
8.460962479193051777e+00 0.000000000000000000e+00
8.464395614709056659e+00 0.000000000000000000e+00
8.467828750225061540e+00 0.000000000000000000e+00
8.471261885741064646e+00 0.000000000000000000e+00
8.474695021257069527e+00 0.000000000000000000e+00
8.478128156773074409e+00 0.000000000000000000e+00
8.481561292289077514e+00 0.000000000000000000e+00
8.484994427805082395e+00 0.000000000000000000e+00
8.488427563321087277e+00 0.000000000000000000e+00
8.491860698837092158e+00 0.000000000000000000e+00
8.495293834353097040e+00 0.000000000000000000e+00
8.498726969869100145e+00 0.000000000000000000e+00
8.502160105385105027e+00 0.000000000000000000e+00
8.505593240901109908e+00 0.000000000000000000e+00
8.509026376417114790e+00 0.000000000000000000e+00
8.512459511933119671e+00 0.000000000000000000e+00
8.515892647449122776e+00 0.000000000000000000e+00
8.519325782965127658e+00 0.000000000000000000e+00
8.522758918481130763e+00 0.000000000000000000e+00
8.526192053997135645e+00 0.000000000000000000e+00
8.529625189513140526e+00 0.000000000000000000e+00
8.533058325029145408e+00 0.000000000000000000e+00
8.536491460545150289e+00 0.000000000000000000e+00
8.539924596061155171e+00 0.000000000000000000e+00
8.543357731577160052e+00 0.000000000000000000e+00
8.546790867093164934e+00 0.000000000000000000e+00
8.550224002609168039e+00 0.000000000000000000e+00
8.553657138125171144e+00 0.000000000000000000e+00
8.557090273641176026e+00 0.000000000000000000e+00
8.560523409157180907e+00 0.000000000000000000e+00
8.563956544673185789e+00 0.000000000000000000e+00
8.567389680189190670e+00 0.000000000000000000e+00
8.570822815705195552e+00 0.000000000000000000e+00
8.574255951221200434e+00 0.000000000000000000e+00
8.577689086737203539e+00 0.000000000000000000e+00
8.581122222253208420e+00 0.000000000000000000e+00
8.584555357769213302e+00 0.000000000000000000e+00
8.587988493285216407e+00 0.000000000000000000e+00
8.591421628801221289e+00 0.000000000000000000e+00
8.594854764317226170e+00 0.000000000000000000e+00
8.598287899833231052e+00 0.000000000000000000e+00
8.601721035349235933e+00 0.000000000000000000e+00
8.605154170865239038e+00 0.000000000000000000e+00
8.608587306381243920e+00 0.000000000000000000e+00
8.612020441897248801e+00 0.000000000000000000e+00
8.615453577413253683e+00 0.000000000000000000e+00
8.618886712929258564e+00 0.000000000000000000e+00
8.622319848445261670e+00 0.000000000000000000e+00
8.625752983961266551e+00 0.000000000000000000e+00
8.629186119477271433e+00 0.000000000000000000e+00
8.632619254993274538e+00 0.000000000000000000e+00
8.636052390509279419e+00 0.000000000000000000e+00
8.639485526025284301e+00 0.000000000000000000e+00
8.642918661541289183e+00 0.000000000000000000e+00
8.646351797057294064e+00 0.000000000000000000e+00
8.649784932573298946e+00 0.000000000000000000e+00
8.653218068089303827e+00 0.000000000000000000e+00
8.656651203605306932e+00 0.000000000000000000e+00
8.660084339121310038e+00 0.000000000000000000e+00
8.663517474637314919e+00 0.000000000000000000e+00
8.666950610153319801e+00 0.000000000000000000e+00
8.670383745669324682e+00 0.000000000000000000e+00
8.673816881185329564e+00 0.000000000000000000e+00
8.677250016701334445e+00 0.000000000000000000e+00
8.680683152217339327e+00 0.000000000000000000e+00
8.684116287733342432e+00 0.000000000000000000e+00
8.687549423249347313e+00 0.000000000000000000e+00
8.690982558765352195e+00 0.000000000000000000e+00
8.694415694281357077e+00 0.000000000000000000e+00
8.697848829797360182e+00 0.000000000000000000e+00
8.701281965313365063e+00 0.000000000000000000e+00
8.704715100829369945e+00 0.000000000000000000e+00
8.708148236345374826e+00 0.000000000000000000e+00
8.711581371861377932e+00 0.000000000000000000e+00
8.715014507377382813e+00 0.000000000000000000e+00
8.718447642893387695e+00 0.000000000000000000e+00
8.721880778409392576e+00 0.000000000000000000e+00
8.725313913925397458e+00 0.000000000000000000e+00
8.728747049441402339e+00 0.000000000000000000e+00
8.732180184957405444e+00 0.000000000000000000e+00
8.735613320473410326e+00 0.000000000000000000e+00
8.739046455989413431e+00 0.000000000000000000e+00
8.742479591505418313e+00 0.000000000000000000e+00
8.745912727021423194e+00 0.000000000000000000e+00
8.749345862537428076e+00 0.000000000000000000e+00
8.752778998053432957e+00 0.000000000000000000e+00
8.756212133569437839e+00 0.000000000000000000e+00
8.759645269085442720e+00 0.000000000000000000e+00
8.763078404601447602e+00 0.000000000000000000e+00
8.766511540117450707e+00 0.000000000000000000e+00
8.769944675633453812e+00 0.000000000000000000e+00
8.773377811149458694e+00 0.000000000000000000e+00
8.776810946665463575e+00 0.000000000000000000e+00
8.780244082181468457e+00 0.000000000000000000e+00
8.783677217697473338e+00 0.000000000000000000e+00
8.787110353213478220e+00 0.000000000000000000e+00
8.790543488729481325e+00 0.000000000000000000e+00
8.793976624245486207e+00 0.000000000000000000e+00
8.797409759761491088e+00 0.000000000000000000e+00
8.800842895277495970e+00 0.000000000000000000e+00
8.804276030793499075e+00 0.000000000000000000e+00
8.807709166309503956e+00 0.000000000000000000e+00
8.811142301825508838e+00 0.000000000000000000e+00
8.814575437341513720e+00 0.000000000000000000e+00
8.818008572857516825e+00 0.000000000000000000e+00
8.821441708373521706e+00 0.000000000000000000e+00
8.824874843889526588e+00 0.000000000000000000e+00
8.828307979405531469e+00 0.000000000000000000e+00
8.831741114921536351e+00 0.000000000000000000e+00
8.835174250437541232e+00 0.000000000000000000e+00
8.838607385953544338e+00 0.000000000000000000e+00
8.842040521469549219e+00 0.000000000000000000e+00
8.845473656985552324e+00 0.000000000000000000e+00
8.848906792501557206e+00 0.000000000000000000e+00
8.852339928017562087e+00 0.000000000000000000e+00
8.855773063533566969e+00 0.000000000000000000e+00
8.859206199049571850e+00 0.000000000000000000e+00
8.862639334565576732e+00 0.000000000000000000e+00
8.866072470081581613e+00 0.000000000000000000e+00
8.869505605597586495e+00 0.000000000000000000e+00
8.872938741113589600e+00 0.000000000000000000e+00
8.876371876629592705e+00 0.000000000000000000e+00
8.879805012145597587e+00 0.000000000000000000e+00
8.883238147661602468e+00 0.000000000000000000e+00
8.886671283177607350e+00 0.000000000000000000e+00
8.890104418693612232e+00 0.000000000000000000e+00
8.893537554209617113e+00 0.000000000000000000e+00
8.896970689725621995e+00 0.000000000000000000e+00
8.900403825241625100e+00 0.000000000000000000e+00
8.903836960757629981e+00 0.000000000000000000e+00
8.907270096273634863e+00 0.000000000000000000e+00
8.910703231789637968e+00 0.000000000000000000e+00
8.914136367305642850e+00 0.000000000000000000e+00
8.917569502821647731e+00 0.000000000000000000e+00
8.921002638337652613e+00 0.000000000000000000e+00
8.924435773853657494e+00 0.000000000000000000e+00
8.927868909369660599e+00 0.000000000000000000e+00
8.931302044885665481e+00 0.000000000000000000e+00
8.934735180401670362e+00 0.000000000000000000e+00
8.938168315917675244e+00 0.000000000000000000e+00
8.941601451433680126e+00 0.000000000000000000e+00
8.945034586949683231e+00 0.000000000000000000e+00
8.948467722465688112e+00 0.000000000000000000e+00
8.951900857981691217e+00 0.000000000000000000e+00
8.955333993497696099e+00 0.000000000000000000e+00
8.958767129013700981e+00 0.000000000000000000e+00
8.962200264529705862e+00 0.000000000000000000e+00
8.965633400045710744e+00 0.000000000000000000e+00
8.969066535561715625e+00 0.000000000000000000e+00
8.972499671077720507e+00 0.000000000000000000e+00
8.975932806593725388e+00 0.000000000000000000e+00
8.979365942109728493e+00 0.000000000000000000e+00
8.982799077625731599e+00 0.000000000000000000e+00
8.986232213141736480e+00 0.000000000000000000e+00
8.989665348657741362e+00 0.000000000000000000e+00
8.993098484173746243e+00 0.000000000000000000e+00
8.996531619689751125e+00 0.000000000000000000e+00
8.999964755205756006e+00 0.000000000000000000e+00
9.003397890721760888e+00 0.000000000000000000e+00
9.006831026237763993e+00 0.000000000000000000e+00
9.010264161753768875e+00 0.000000000000000000e+00
9.013697297269773756e+00 0.000000000000000000e+00
9.017130432785778638e+00 0.000000000000000000e+00
9.020563568301781743e+00 0.000000000000000000e+00
9.023996703817786624e+00 0.000000000000000000e+00
9.027429839333791506e+00 0.000000000000000000e+00
9.030862974849796387e+00 0.000000000000000000e+00
9.034296110365799493e+00 0.000000000000000000e+00
9.037729245881804374e+00 0.000000000000000000e+00
9.041162381397809256e+00 0.000000000000000000e+00
9.044595516913814137e+00 0.000000000000000000e+00
9.048028652429819019e+00 0.000000000000000000e+00
9.051461787945823900e+00 0.000000000000000000e+00
9.054894923461827005e+00 0.000000000000000000e+00
9.058328058977831887e+00 0.000000000000000000e+00
9.061761194493834992e+00 0.000000000000000000e+00
9.065194330009839874e+00 0.000000000000000000e+00
9.068627465525844755e+00 0.000000000000000000e+00
9.072060601041849637e+00 0.000000000000000000e+00
9.075493736557854518e+00 0.000000000000000000e+00
9.078926872073859400e+00 0.000000000000000000e+00
9.082360007589864281e+00 0.000000000000000000e+00
9.085793143105867387e+00 0.000000000000000000e+00
9.089226278621872268e+00 0.000000000000000000e+00
9.092659414137875373e+00 0.000000000000000000e+00
9.096092549653880255e+00 0.000000000000000000e+00
9.099525685169885136e+00 0.000000000000000000e+00
9.102958820685890018e+00 0.000000000000000000e+00
9.106391956201894899e+00 0.000000000000000000e+00
9.109825091717899781e+00 0.000000000000000000e+00
9.113258227233902886e+00 0.000000000000000000e+00
9.116691362749907768e+00 0.000000000000000000e+00
9.120124498265912649e+00 0.000000000000000000e+00
9.123557633781917531e+00 0.000000000000000000e+00
9.126990769297920636e+00 0.000000000000000000e+00
9.130423904813925517e+00 0.000000000000000000e+00
9.133857040329930399e+00 0.000000000000000000e+00
9.137290175845935281e+00 0.000000000000000000e+00
9.140723311361938386e+00 0.000000000000000000e+00
9.144156446877943267e+00 0.000000000000000000e+00
9.147589582393948149e+00 0.000000000000000000e+00
9.151022717909953030e+00 0.000000000000000000e+00
9.154455853425957912e+00 0.000000000000000000e+00
9.157888988941962793e+00 0.000000000000000000e+00
9.161322124457965899e+00 0.000000000000000000e+00
9.164755259973970780e+00 0.000000000000000000e+00
9.168188395489973885e+00 0.000000000000000000e+00
9.171621531005978767e+00 0.000000000000000000e+00
9.175054666521983648e+00 0.000000000000000000e+00
9.178487802037988530e+00 0.000000000000000000e+00
9.181920937553993411e+00 0.000000000000000000e+00
9.185354073069998293e+00 0.000000000000000000e+00
9.188787208586003175e+00 0.000000000000000000e+00
9.192220344102008056e+00 0.000000000000000000e+00
9.195653479618011161e+00 0.000000000000000000e+00
9.199086615134014266e+00 0.000000000000000000e+00
9.202519750650019148e+00 0.000000000000000000e+00
9.205952886166024030e+00 0.000000000000000000e+00
9.209386021682028911e+00 0.000000000000000000e+00
9.212819157198033793e+00 0.000000000000000000e+00
9.216252292714038674e+00 0.000000000000000000e+00
9.219685428230043556e+00 0.000000000000000000e+00
9.223118563746046661e+00 0.000000000000000000e+00
9.226551699262051542e+00 0.000000000000000000e+00
9.229984834778056424e+00 0.000000000000000000e+00
9.233417970294059529e+00 0.000000000000000000e+00
9.236851105810064411e+00 0.000000000000000000e+00
9.240284241326069292e+00 0.000000000000000000e+00
9.243717376842074174e+00 0.000000000000000000e+00
9.247150512358077279e+00 0.000000000000000000e+00
9.250583647874082160e+00 0.000000000000000000e+00
9.254016783390087042e+00 0.000000000000000000e+00
9.257449918906091924e+00 0.000000000000000000e+00
9.260883054422096805e+00 0.000000000000000000e+00
9.264316189938101687e+00 0.000000000000000000e+00
9.267749325454104792e+00 0.000000000000000000e+00
9.271182460970109673e+00 0.000000000000000000e+00
9.274615596486112779e+00 0.000000000000000000e+00
9.278048732002117660e+00 0.000000000000000000e+00
9.281481867518122542e+00 0.000000000000000000e+00
9.284915003034127423e+00 0.000000000000000000e+00
9.288348138550132305e+00 0.000000000000000000e+00
9.291781274066137186e+00 0.000000000000000000e+00
9.295214409582142068e+00 0.000000000000000000e+00
9.298647545098146949e+00 0.000000000000000000e+00
9.302080680614150054e+00 0.000000000000000000e+00
9.305513816130153160e+00 0.000000000000000000e+00
9.308946951646158041e+00 0.000000000000000000e+00
9.312380087162162923e+00 0.000000000000000000e+00
9.315813222678167804e+00 0.000000000000000000e+00
9.319246358194172686e+00 0.000000000000000000e+00
9.322679493710177567e+00 0.000000000000000000e+00
9.326112629226182449e+00 0.000000000000000000e+00
9.329545764742185554e+00 0.000000000000000000e+00
9.332978900258190436e+00 0.000000000000000000e+00
9.336412035774195317e+00 0.000000000000000000e+00
9.339845171290200199e+00 0.000000000000000000e+00
9.343278306806203304e+00 0.000000000000000000e+00
9.346711442322208185e+00 0.000000000000000000e+00
9.350144577838213067e+00 0.000000000000000000e+00
9.353577713354217948e+00 0.000000000000000000e+00
9.357010848870221054e+00 0.000000000000000000e+00
9.360443984386225935e+00 0.000000000000000000e+00
9.363877119902230817e+00 0.000000000000000000e+00
9.367310255418235698e+00 0.000000000000000000e+00
9.370743390934240580e+00 0.000000000000000000e+00
9.374176526450245461e+00 0.000000000000000000e+00
9.377609661966248567e+00 0.000000000000000000e+00
9.381042797482251672e+00 0.000000000000000000e+00
9.384475932998256553e+00 0.000000000000000000e+00
9.387909068514261435e+00 0.000000000000000000e+00
9.391342204030266316e+00 0.000000000000000000e+00
9.394775339546271198e+00 0.000000000000000000e+00
9.398208475062276079e+00 0.000000000000000000e+00
9.401641610578280961e+00 0.000000000000000000e+00
9.405074746094285842e+00 0.000000000000000000e+00
9.408507881610288948e+00 0.000000000000000000e+00
9.411941017126293829e+00 0.000000000000000000e+00
9.415374152642296934e+00 0.000000000000000000e+00
9.418807288158301816e+00 0.000000000000000000e+00
9.422240423674306697e+00 0.000000000000000000e+00
9.425673559190311579e+00 0.000000000000000000e+00
9.429106694706316460e+00 0.000000000000000000e+00
9.432539830222321342e+00 0.000000000000000000e+00
9.435972965738324447e+00 0.000000000000000000e+00
9.439406101254329329e+00 0.000000000000000000e+00
9.442839236770334210e+00 0.000000000000000000e+00
9.446272372286339092e+00 0.000000000000000000e+00
9.449705507802342197e+00 0.000000000000000000e+00
9.453138643318347079e+00 0.000000000000000000e+00
9.456571778834351960e+00 0.000000000000000000e+00
9.460004914350356842e+00 0.000000000000000000e+00
9.463438049866359947e+00 0.000000000000000000e+00
9.466871185382364828e+00 0.000000000000000000e+00
9.470304320898369710e+00 0.000000000000000000e+00
9.473737456414374591e+00 0.000000000000000000e+00
9.477170591930379473e+00 0.000000000000000000e+00
9.480603727446384354e+00 0.000000000000000000e+00
9.484036862962387460e+00 0.000000000000000000e+00
9.487469998478392341e+00 0.000000000000000000e+00
9.490903133994395446e+00 0.000000000000000000e+00
9.494336269510400328e+00 0.000000000000000000e+00
9.497769405026405209e+00 0.000000000000000000e+00
9.501202540542410091e+00 0.000000000000000000e+00
9.504635676058414973e+00 0.000000000000000000e+00
9.508068811574419854e+00 0.000000000000000000e+00
9.511501947090424736e+00 0.000000000000000000e+00
9.514935082606429617e+00 0.000000000000000000e+00
9.518368218122432722e+00 0.000000000000000000e+00
9.521801353638435828e+00 0.000000000000000000e+00
9.525234489154440709e+00 0.000000000000000000e+00
9.528667624670445591e+00 0.000000000000000000e+00
9.532100760186450472e+00 0.000000000000000000e+00
9.535533895702455354e+00 0.000000000000000000e+00
9.538967031218460235e+00 0.000000000000000000e+00
9.542400166734463340e+00 0.000000000000000000e+00
9.545833302250468222e+00 0.000000000000000000e+00
9.549266437766473103e+00 0.000000000000000000e+00
9.552699573282477985e+00 0.000000000000000000e+00
9.556132708798481090e+00 0.000000000000000000e+00
9.559565844314485972e+00 0.000000000000000000e+00
9.562998979830490853e+00 0.000000000000000000e+00
9.566432115346495735e+00 0.000000000000000000e+00
9.569865250862498840e+00 0.000000000000000000e+00
9.573298386378503722e+00 0.000000000000000000e+00
9.576731521894508603e+00 0.000000000000000000e+00
9.580164657410513485e+00 0.000000000000000000e+00
9.583597792926518366e+00 0.000000000000000000e+00
9.587030928442523248e+00 0.000000000000000000e+00
9.590464063958526353e+00 0.000000000000000000e+00
9.593897199474531234e+00 0.000000000000000000e+00
9.597330334990534340e+00 0.000000000000000000e+00
9.600763470506539221e+00 0.000000000000000000e+00
9.604196606022544103e+00 0.000000000000000000e+00
9.607629741538548984e+00 0.000000000000000000e+00
9.611062877054553866e+00 0.000000000000000000e+00
9.614496012570558747e+00 0.000000000000000000e+00
9.617929148086563629e+00 0.000000000000000000e+00
9.621362283602568510e+00 0.000000000000000000e+00
9.624795419118571616e+00 0.000000000000000000e+00
9.628228554634574721e+00 0.000000000000000000e+00
9.631661690150579602e+00 0.000000000000000000e+00
9.635094825666584484e+00 0.000000000000000000e+00
9.638527961182589365e+00 0.000000000000000000e+00
9.641961096698594247e+00 0.000000000000000000e+00
9.645394232214599128e+00 0.000000000000000000e+00
9.648827367730604010e+00 0.000000000000000000e+00
9.652260503246607115e+00 0.000000000000000000e+00
9.655693638762611997e+00 0.000000000000000000e+00
9.659126774278616878e+00 0.000000000000000000e+00
9.662559909794619983e+00 0.000000000000000000e+00
9.665993045310624865e+00 0.000000000000000000e+00
9.669426180826629746e+00 0.000000000000000000e+00
9.672859316342634628e+00 0.000000000000000000e+00
9.676292451858637733e+00 0.000000000000000000e+00
9.679725587374642615e+00 0.000000000000000000e+00
9.683158722890647496e+00 0.000000000000000000e+00
9.686591858406652378e+00 0.000000000000000000e+00
9.690024993922657259e+00 0.000000000000000000e+00
9.693458129438662141e+00 0.000000000000000000e+00
9.696891264954667022e+00 0.000000000000000000e+00
9.700324400470670128e+00 0.000000000000000000e+00
9.703757535986673233e+00 0.000000000000000000e+00
9.707190671502678114e+00 0.000000000000000000e+00
9.710623807018682996e+00 0.000000000000000000e+00
9.714056942534687877e+00 0.000000000000000000e+00
9.717490078050692759e+00 0.000000000000000000e+00
9.720923213566697640e+00 0.000000000000000000e+00
9.724356349082702522e+00 0.000000000000000000e+00
9.727789484598707404e+00 0.000000000000000000e+00
9.731222620114710509e+00 0.000000000000000000e+00
9.734655755630715390e+00 0.000000000000000000e+00
9.738088891146718495e+00 0.000000000000000000e+00
9.741522026662723377e+00 0.000000000000000000e+00
9.744955162178728258e+00 0.000000000000000000e+00
9.748388297694733140e+00 0.000000000000000000e+00
9.751821433210738022e+00 0.000000000000000000e+00
9.755254568726742903e+00 0.000000000000000000e+00
9.758687704242746008e+00 0.000000000000000000e+00
9.762120839758750890e+00 0.000000000000000000e+00
9.765553975274755771e+00 0.000000000000000000e+00
9.768987110790760653e+00 0.000000000000000000e+00
9.772420246306763758e+00 0.000000000000000000e+00
9.775853381822768640e+00 0.000000000000000000e+00
9.779286517338773521e+00 0.000000000000000000e+00
9.782719652854778403e+00 0.000000000000000000e+00
9.786152788370781508e+00 0.000000000000000000e+00
9.789585923886786389e+00 0.000000000000000000e+00
9.793019059402791271e+00 0.000000000000000000e+00
9.796452194918796152e+00 0.000000000000000000e+00
9.799885330434801034e+00 0.000000000000000000e+00
9.803318465950805916e+00 0.000000000000000000e+00
9.806751601466809021e+00 0.000000000000000000e+00
9.810184736982813902e+00 0.000000000000000000e+00
9.813617872498817007e+00 0.000000000000000000e+00
9.817051008014821889e+00 0.000000000000000000e+00
9.820484143530826771e+00 0.000000000000000000e+00
9.823917279046831652e+00 0.000000000000000000e+00
9.827350414562836534e+00 0.000000000000000000e+00
9.830783550078841415e+00 0.000000000000000000e+00
9.834216685594846297e+00 0.000000000000000000e+00
9.837649821110849402e+00 0.000000000000000000e+00
9.841082956626854283e+00 0.000000000000000000e+00
9.844516092142857389e+00 0.000000000000000000e+00
9.847949227658862270e+00 0.000000000000000000e+00
9.851382363174867152e+00 0.000000000000000000e+00
9.854815498690872033e+00 0.000000000000000000e+00
9.858248634206876915e+00 0.000000000000000000e+00
9.861681769722881796e+00 0.000000000000000000e+00
9.865114905238884901e+00 0.000000000000000000e+00
9.868548040754889783e+00 0.000000000000000000e+00
9.871981176270894665e+00 0.000000000000000000e+00
9.875414311786899546e+00 0.000000000000000000e+00
9.878847447302902651e+00 0.000000000000000000e+00
9.882280582818907533e+00 0.000000000000000000e+00
9.885713718334912414e+00 0.000000000000000000e+00
9.889146853850917296e+00 0.000000000000000000e+00
9.892579989366920401e+00 0.000000000000000000e+00
9.896013124882925283e+00 0.000000000000000000e+00
9.899446260398930164e+00 0.000000000000000000e+00
9.902879395914935046e+00 0.000000000000000000e+00
9.906312531430939927e+00 0.000000000000000000e+00
9.909745666946944809e+00 0.000000000000000000e+00
9.913178802462947914e+00 0.000000000000000000e+00
9.916611937978952795e+00 0.000000000000000000e+00
9.920045073494955901e+00 0.000000000000000000e+00
9.923478209010960782e+00 0.000000000000000000e+00
9.926911344526965664e+00 0.000000000000000000e+00
9.930344480042970545e+00 0.000000000000000000e+00
9.933777615558975427e+00 0.000000000000000000e+00
9.937210751074980308e+00 0.000000000000000000e+00
9.940643886590985190e+00 0.000000000000000000e+00
9.944077022106990071e+00 0.000000000000000000e+00
9.947510157622993177e+00 0.000000000000000000e+00
9.950943293138996282e+00 0.000000000000000000e+00
9.954376428655001163e+00 0.000000000000000000e+00
9.957809564171006045e+00 0.000000000000000000e+00
9.961242699687010926e+00 0.000000000000000000e+00
9.964675835203015808e+00 0.000000000000000000e+00
9.968108970719020689e+00 0.000000000000000000e+00
9.971542106235023795e+00 0.000000000000000000e+00
9.974975241751028676e+00 0.000000000000000000e+00
9.978408377267033558e+00 0.000000000000000000e+00
9.981841512783038439e+00 0.000000000000000000e+00
9.985274648299041544e+00 0.000000000000000000e+00
9.988707783815046426e+00 0.000000000000000000e+00
9.992140919331051307e+00 0.000000000000000000e+00
9.995574054847056189e+00 0.000000000000000000e+00
9.999007190363059294e+00 0.000000000000000000e+00
1.000244032587906418e+01 0.000000000000000000e+00
1.000587346139506906e+01 0.000000000000000000e+00
1.000930659691107394e+01 0.000000000000000000e+00
1.001273973242707882e+01 0.000000000000000000e+00
1.001617286794308370e+01 0.000000000000000000e+00
1.001960600345908858e+01 0.000000000000000000e+00
1.002303913897509169e+01 0.000000000000000000e+00
1.002647227449109479e+01 0.000000000000000000e+00
1.002990541000709968e+01 0.000000000000000000e+00
1.003333854552310456e+01 0.000000000000000000e+00
1.003677168103910944e+01 0.000000000000000000e+00
1.004020481655511432e+01 0.000000000000000000e+00
1.004363795207111920e+01 0.000000000000000000e+00
1.004707108758712408e+01 0.000000000000000000e+00
1.005050422310312896e+01 0.000000000000000000e+00
1.005393735861913207e+01 0.000000000000000000e+00
1.005737049413513695e+01 0.000000000000000000e+00
1.006080362965114006e+01 0.000000000000000000e+00
1.006423676516714494e+01 0.000000000000000000e+00
1.006766990068314982e+01 0.000000000000000000e+00
1.007110303619915470e+01 0.000000000000000000e+00
1.007453617171515958e+01 0.000000000000000000e+00
1.007796930723116446e+01 0.000000000000000000e+00
1.008140244274716757e+01 0.000000000000000000e+00
1.008483557826317245e+01 0.000000000000000000e+00
1.008826871377917733e+01 0.000000000000000000e+00
1.009170184929518221e+01 0.000000000000000000e+00
1.009513498481118532e+01 0.000000000000000000e+00
1.009856812032719020e+01 0.000000000000000000e+00
1.010200125584319508e+01 0.000000000000000000e+00
1.010543439135919996e+01 0.000000000000000000e+00
1.010886752687520307e+01 0.000000000000000000e+00
1.011230066239120795e+01 0.000000000000000000e+00
1.011573379790721283e+01 0.000000000000000000e+00
1.011916693342321771e+01 0.000000000000000000e+00
1.012260006893922260e+01 0.000000000000000000e+00
1.012603320445522748e+01 0.000000000000000000e+00
1.012946633997123058e+01 0.000000000000000000e+00
1.013289947548723369e+01 0.000000000000000000e+00
1.013633261100323857e+01 0.000000000000000000e+00
1.013976574651924345e+01 0.000000000000000000e+00
1.014319888203524833e+01 0.000000000000000000e+00
1.014663201755125321e+01 0.000000000000000000e+00
1.015006515306725809e+01 0.000000000000000000e+00
1.015349828858326298e+01 0.000000000000000000e+00
1.015693142409926786e+01 0.000000000000000000e+00
1.016036455961527096e+01 0.000000000000000000e+00
1.016379769513127584e+01 0.000000000000000000e+00
1.016723083064727895e+01 0.000000000000000000e+00
1.017066396616328383e+01 0.000000000000000000e+00
1.017409710167928871e+01 0.000000000000000000e+00
1.017753023719529359e+01 0.000000000000000000e+00
1.018096337271129848e+01 0.000000000000000000e+00
1.018439650822730336e+01 0.000000000000000000e+00
1.018782964374330646e+01 0.000000000000000000e+00
1.019126277925931134e+01 0.000000000000000000e+00
1.019469591477531623e+01 0.000000000000000000e+00
1.019812905029132111e+01 0.000000000000000000e+00
1.020156218580732421e+01 0.000000000000000000e+00
1.020499532132332909e+01 0.000000000000000000e+00
1.020842845683933398e+01 0.000000000000000000e+00
1.021186159235533886e+01 0.000000000000000000e+00
1.021529472787134196e+01 0.000000000000000000e+00
1.021872786338734684e+01 0.000000000000000000e+00
1.022216099890335173e+01 0.000000000000000000e+00
1.022559413441935661e+01 0.000000000000000000e+00
1.022902726993536149e+01 0.000000000000000000e+00
1.023246040545136637e+01 0.000000000000000000e+00
1.023589354096736947e+01 0.000000000000000000e+00
1.023932667648337436e+01 0.000000000000000000e+00
1.024275981199937746e+01 0.000000000000000000e+00
1.024619294751538234e+01 0.000000000000000000e+00
1.024962608303138722e+01 0.000000000000000000e+00
1.025305921854739211e+01 0.000000000000000000e+00
1.025649235406339699e+01 0.000000000000000000e+00
1.025992548957940187e+01 0.000000000000000000e+00
1.026335862509540675e+01 0.000000000000000000e+00
1.026679176061140986e+01 0.000000000000000000e+00
1.027022489612741474e+01 0.000000000000000000e+00
1.027365803164341784e+01 0.000000000000000000e+00
1.027709116715942272e+01 0.000000000000000000e+00
1.028052430267542761e+01 0.000000000000000000e+00
1.028395743819143249e+01 0.000000000000000000e+00
1.028739057370743737e+01 0.000000000000000000e+00
1.029082370922344225e+01 0.000000000000000000e+00
1.029425684473944536e+01 0.000000000000000000e+00
1.029768998025545024e+01 0.000000000000000000e+00
