# # sector 01: chi = -164.98 deg (range [-170, -160))
# # columns: 2theta(deg)  intensity
1.717363048248531218e-03 0.000000000000000000e+00
5.152089144745594304e-03 7.700102233886718750e+01
8.586815241242657173e-03 7.700102233886718750e+01
1.202154133773972004e-02 7.962452697753906250e+01
1.545626743423678291e-02 8.325364685058593750e+01
1.889099353073384752e-02 9.347441864013671875e+01
2.232571962723091039e-02 1.106811599731445312e+02
2.576044572372797326e-02 1.130293807983398438e+02
2.919517182022503266e-02 6.916670989990234375e+01
3.262989791672209205e-02 4.617786407470703125e+01
3.606462401321915839e-02 4.273542404174804688e+01
3.949935010971622473e-02 4.061234664916992188e+01
4.293407620621328413e-02 4.526422119140625000e+01
4.636880230271035047e-02 4.583887100219726562e+01
4.980352839920740987e-02 4.298179244995117188e+01
5.323825449570447621e-02 5.928543853759765625e+01
5.667298059220153561e-02 4.951567077636718750e+01
6.010770668869859501e-02 4.092509460449218750e+01
6.354243278519566829e-02 3.045258903503417969e+01
6.697715888169272769e-02 5.121310806274414062e+01
7.041188497818978709e-02 3.824349975585937500e+01
7.384661107468684649e-02 2.437472152709960938e+01
7.728133717118391977e-02 1.598167419433593750e+01
8.071606326768097917e-02 2.544779396057128906e+01
8.415078936417803857e-02 4.680677032470703125e+01
8.758551546067509797e-02 6.586042022705078125e+01
9.102024155717217124e-02 5.390780639648437500e+01
9.445496765366923064e-02 2.065225028991699219e+01
9.788969375016629004e-02 8.919898986816406250e+00
1.013244198466633494e-01 2.326531600952148438e+01
1.047591459431604227e-01 5.120344543457031250e+01
1.081938720396574821e-01 5.988616561889648438e+01
1.116285981361545415e-01 1.000315093994140625e+02
1.150633242326516009e-01 1.015181655883789062e+02
1.184980503291486603e-01 1.306921081542968750e+02
1.219327764256457336e-01 1.547995910644531250e+02
1.253675025221427930e-01 1.845335540771484375e+02
1.288022286186398524e-01 1.799973297119140625e+02
1.322369547151369396e-01 1.939535675048828125e+02
1.356716808116339990e-01 2.413072052001953125e+02
1.391064069081310584e-01 2.510779266357421875e+02
1.425411330046281178e-01 2.396321563720703125e+02
1.459758591011251494e-01 2.393022155761718750e+02
1.494105851976222366e-01 2.780209655761718750e+02
1.528453112941192960e-01 2.998867797851562500e+02
1.562800373906163554e-01 2.917603149414062500e+02
1.597147634871134425e-01 2.654833374023437500e+02
1.631494895836105019e-01 2.763720703125000000e+02
1.665842156801075613e-01 2.964136962890625000e+02
1.700189417766046207e-01 3.044793395996093750e+02
1.734536678731016524e-01 3.385494995117187500e+02
1.768883939695987395e-01 3.755162353515625000e+02
1.803231200660957989e-01 3.887669372558593750e+02
1.837578461625928583e-01 3.938835144042968750e+02
1.871925722590899455e-01 4.188662414550781250e+02
1.906272983555870049e-01 4.128357543945312500e+02
1.940620244520840643e-01 4.020475769042968750e+02
1.974967505485811237e-01 4.096347656250000000e+02
2.009314766450781831e-01 4.092030639648437500e+02
2.043662027415752425e-01 4.211359558105468750e+02
2.078009288380723019e-01 4.314949951171875000e+02
2.112356549345693613e-01 4.436044311523437500e+02
2.146703810310664484e-01 4.397293395996093750e+02
2.181051071275635078e-01 4.378118591308593750e+02
2.215398332240605672e-01 4.400753173828125000e+02
2.249745593205576544e-01 4.480307922363281250e+02
2.284092854170546860e-01 4.654775695800781250e+02
2.318440115135517454e-01 4.672121276855468750e+02
2.352787376100488048e-01 4.903865966796875000e+02
2.387134637065459197e-01 4.953388671875000000e+02
2.421481898030429791e-01 4.998376770019531250e+02
2.455829158995400385e-01 4.956783447265625000e+02
2.490176419960370979e-01 5.007627563476562500e+02
2.524523680925341296e-01 5.088225708007812500e+02
2.558870941890312167e-01 5.394376220703125000e+02
2.593218202855282484e-01 5.611518554687500000e+02
2.627565463820253910e-01 5.567622070312500000e+02
2.661912724785224227e-01 5.641699218750000000e+02
2.696259985750194543e-01 5.866986083984375000e+02
2.730607246715165415e-01 5.828547363281250000e+02
2.764954507680135731e-01 5.597398071289062500e+02
2.799301768645106603e-01 5.555178833007812500e+02
2.833649029610076919e-01 5.874533081054687500e+02
2.867996290575047791e-01 6.085403442382812500e+02
2.902343551540018107e-01 6.107070312500000000e+02
2.936690812504989534e-01 5.983430786132812500e+02
2.971038073469959850e-01 5.911253051757812500e+02
3.005385334434930167e-01 5.936880493164062500e+02
3.039732595399901038e-01 5.957301635742187500e+02
3.074079856364871355e-01 6.002658691406250000e+02
3.108427117329842226e-01 6.270983886718750000e+02
3.142774378294812543e-01 6.312171630859375000e+02
3.177121639259783970e-01 6.427008666992187500e+02
3.211468900224754286e-01 6.662246093750000000e+02
3.245816161189724602e-01 6.851661376953125000e+02
3.280163422154695474e-01 6.625133056640625000e+02
3.314510683119665790e-01 6.684674072265625000e+02
3.348857944084636662e-01 6.961321411132812500e+02
3.383205205049606978e-01 7.191514282226562500e+02
3.417552466014577850e-01 7.093073730468750000e+02
3.451899726979548166e-01 7.243213500976562500e+02
3.486246987944519593e-01 7.489792480468750000e+02
3.520594248909489909e-01 7.665814208984375000e+02
3.554941509874460226e-01 7.585827026367187500e+02
3.589288770839431097e-01 7.681307983398437500e+02
3.623636031804401414e-01 8.034703979492187500e+02
3.657983292769372285e-01 8.433479614257812500e+02
3.692330553734342602e-01 8.564715576171875000e+02
3.726677814699314029e-01 8.538054809570312500e+02
3.761025075664284345e-01 8.746663208007812500e+02
3.795372336629255217e-01 8.988636474609375000e+02
3.829719597594225533e-01 9.265182495117187500e+02
3.864066858559195849e-01 9.241051635742187500e+02
3.898414119524166721e-01 9.397070312500000000e+02
3.932761380489137037e-01 9.597091064453125000e+02
3.967108641454107909e-01 9.999448242187500000e+02
4.001455902419078225e-01 1.042834838867187500e+03
4.035803163384049652e-01 1.084516235351562500e+03
4.070150424349019969e-01 1.075011230468750000e+03
4.104497685313990840e-01 1.072977783203125000e+03
4.138844946278961157e-01 1.077827514648437500e+03
4.173192207243931473e-01 1.086700927734375000e+03
4.207539468208902345e-01 1.080989868164062500e+03
4.241886729173872661e-01 1.120736938476562500e+03
4.276233990138844088e-01 1.142315063476562500e+03
4.310581251103814404e-01 1.156290039062500000e+03
4.344928512068785276e-01 1.171018066406250000e+03
4.379275773033755592e-01 1.186525024414062500e+03
4.413623033998725909e-01 1.195679931640625000e+03
4.447970294963696780e-01 1.210849243164062500e+03
4.482317555928666541e-01 1.217854248046875000e+03
4.516664816893637968e-01 1.241551757812500000e+03
4.551012077858607729e-01 1.266277832031250000e+03
4.585359338823579156e-01 1.290171508789062500e+03
4.619706599788548917e-01 1.253251831054687500e+03
4.654053860753520344e-01 1.252479125976562500e+03
4.688401121718490105e-01 1.264567993164062500e+03
4.722748382683461532e-01 1.282917846679687500e+03
4.757095643648432404e-01 1.260531250000000000e+03
4.791442904613402165e-01 1.262208618164062500e+03
4.825790165578373592e-01 1.259597900390625000e+03
4.860137426543343353e-01 1.254969238281250000e+03
4.894484687508314780e-01 1.230212280273437500e+03
4.928831948473284541e-01 1.242182250976562500e+03
4.963179209438255968e-01 1.275427612304687500e+03
4.997526470403226839e-01 1.299223754882812500e+03
5.031873731368197156e-01 1.295144287109375000e+03
5.066220992333168027e-01 1.282522583007812500e+03
5.100568253298137789e-01 1.284010009765625000e+03
5.134915514263108660e-01 1.273880004882812500e+03
5.169262775228079532e-01 1.273428833007812500e+03
5.203610036193050403e-01 1.279205444335937500e+03
5.237957297158021275e-01 1.268896240234375000e+03
5.272304558122991036e-01 1.259119018554687500e+03
5.306651819087961908e-01 1.255250366210937500e+03
5.340999080052932779e-01 1.256476806640625000e+03
5.375346341017903651e-01 1.252535766601562500e+03
5.409693601982873412e-01 1.225401000976562500e+03
5.444040862947844284e-01 1.205014770507812500e+03
5.478388123912815155e-01 1.187438476562500000e+03
5.512735384877786027e-01 1.191892944335937500e+03
5.547082645842756898e-01 1.219078125000000000e+03
5.581429906807726660e-01 1.235766723632812500e+03
5.615777167772697531e-01 1.223913330078125000e+03
5.650124428737668403e-01 1.215946899414062500e+03
5.684471689702639274e-01 1.213606933593750000e+03
5.718818950667609036e-01 1.212362792968750000e+03
5.753166211632579907e-01 1.208763061523437500e+03
5.787513472597550779e-01 1.204870361328125000e+03
5.821860733562521650e-01 1.180723876953125000e+03
5.856207994527492522e-01 1.187459350585937500e+03
5.890555255492462283e-01 1.185494506835937500e+03
5.924902516457433155e-01 1.196395751953125000e+03
5.959249777422404026e-01 1.175996215820312500e+03
5.993597038387374898e-01 1.173635620117187500e+03
6.027944299352344659e-01 1.164895874023437500e+03
6.062291560317315531e-01 1.147678833007812500e+03
6.096638821282287513e-01 1.144671264648437500e+03
6.130986082247257274e-01 1.152060791015625000e+03
6.165333343212228145e-01 1.156153198242187500e+03
6.199680604177197907e-01 1.163748779296875000e+03
6.234027865142168778e-01 1.176492065429687500e+03
6.268375126107139650e-01 1.175357299804687500e+03
6.302722387072110521e-01 1.149523803710937500e+03
6.337069648037081393e-01 1.130844360351562500e+03
6.371416909002051154e-01 1.119420898437500000e+03
6.405764169967023136e-01 1.116292968750000000e+03
6.440111430931992897e-01 1.122130737304687500e+03
6.474458691896963769e-01 1.131225219726562500e+03
6.508805952861933530e-01 1.132933837890625000e+03
6.543153213826904402e-01 1.134801025390625000e+03
6.577500474791875273e-01 1.149031860351562500e+03
6.611847735756846145e-01 1.145865356445312500e+03
6.646194996721817017e-01 1.143650634765625000e+03
6.680542257686786778e-01 1.132164184570312500e+03
6.714889518651757649e-01 1.143775634765625000e+03
6.749236779616728521e-01 1.155004760742187500e+03
6.783584040581699393e-01 1.146353393554687500e+03
6.817931301546669154e-01 1.134616210937500000e+03
6.852278562511640025e-01 1.120566284179687500e+03
6.886625823476610897e-01 1.114548217773437500e+03
6.920973084441581769e-01 1.101509399414062500e+03
6.955320345406552640e-01 1.105598999023437500e+03
6.989667606371522401e-01 1.102407836914062500e+03
7.024014867336493273e-01 1.127731445312500000e+03
7.058362128301464145e-01 1.150840942382812500e+03
7.092709389266435016e-01 1.148566650390625000e+03
7.127056650231404777e-01 1.127539062500000000e+03
7.161403911196375649e-01 1.111546264648437500e+03
7.195751172161347631e-01 1.105699218750000000e+03
7.230098433126317392e-01 1.099140747070312500e+03
7.264445694091288264e-01 1.095739135742187500e+03
7.298792955056258025e-01 1.116123046875000000e+03
7.333140216021228897e-01 1.123919677734375000e+03
7.367487476986199768e-01 1.132375366210937500e+03
7.401834737951170640e-01 1.133914306640625000e+03
7.436181998916141511e-01 1.128433105468750000e+03
7.470529259881111273e-01 1.132340332031250000e+03
7.504876520846083254e-01 1.128364868164062500e+03
7.539223781811053016e-01 1.110604858398437500e+03
7.573571042776023887e-01 1.093698852539062500e+03
7.607918303740993649e-01 1.094678588867187500e+03
7.642265564705964520e-01 1.107378662109375000e+03
7.676612825670935392e-01 1.107357543945312500e+03
7.710960086635906263e-01 1.097309936523437500e+03
7.745307347600877135e-01 1.102971435546875000e+03
7.779654608565846896e-01 1.115272460937500000e+03
7.814001869530818878e-01 1.131072143554687500e+03
7.848349130495788639e-01 1.124231079101562500e+03
7.882696391460759511e-01 1.135005493164062500e+03
7.917043652425729272e-01 1.135848266601562500e+03
7.951390913390700144e-01 1.142048461914062500e+03
7.985738174355671015e-01 1.140889282226562500e+03
8.020085435320641887e-01 1.142471679687500000e+03
8.054432696285612758e-01 1.125168823242187500e+03
8.088779957250582520e-01 1.118291625976562500e+03
8.123127218215554501e-01 1.116448364257812500e+03
8.157474479180524263e-01 1.139141479492187500e+03
8.191821740145495134e-01 1.150579589843750000e+03
8.226169001110464896e-01 1.158177856445312500e+03
8.260516262075435767e-01 1.151720336914062500e+03
8.294863523040407749e-01 1.140002441406250000e+03
8.329210784005377510e-01 1.118813476562500000e+03
8.363558044970348382e-01 1.123672729492187500e+03
8.397905305935318143e-01 1.139145751953125000e+03
8.432252566900290125e-01 1.158892944335937500e+03
8.466599827865259886e-01 1.150447875976562500e+03
8.500947088830230758e-01 1.151722778320312500e+03
8.535294349795201629e-01 1.161349121093750000e+03
8.569641610760171391e-01 1.184203369140625000e+03
8.603988871725143373e-01 1.169597290039062500e+03
8.638336132690113134e-01 1.147341308593750000e+03
8.672683393655084005e-01 1.132139404296875000e+03
8.707030654620053767e-01 1.139107543945312500e+03
8.741377915585024638e-01 1.144238403320312500e+03
8.775725176549995510e-01 1.148027587890625000e+03
8.810072437514966381e-01 1.150973754882812500e+03
8.844419698479937253e-01 1.162566772460937500e+03
8.878766959444907014e-01 1.166163696289062500e+03
8.913114220409878996e-01 1.179592285156250000e+03
8.947461481374848757e-01 1.192706787109375000e+03
8.981808742339819629e-01 1.209857421875000000e+03
9.016156003304791611e-01 1.210046386718750000e+03
9.050503264269761372e-01 1.214247680664062500e+03
9.084850525234732244e-01 1.205348876953125000e+03
9.119197786199704225e-01 1.198816162109375000e+03
9.153545047164673987e-01 1.202224243164062500e+03
9.187892308129643748e-01 1.212345947265625000e+03
9.222239569094614620e-01 1.227066162109375000e+03
9.256586830059586601e-01 1.216524169921875000e+03
9.290934091024556363e-01 1.215411987304687500e+03
9.325281351989526124e-01 1.209398193359375000e+03
9.359628612954495885e-01 1.219559692382812500e+03
9.393975873919468977e-01 1.218092041015625000e+03
9.428323134884438739e-01 1.210416259765625000e+03
9.462670395849408500e-01 1.194352172851562500e+03
9.497017656814380482e-01 1.186064697265625000e+03
9.531364917779350243e-01 1.190173461914062500e+03
9.565712178744321115e-01 1.211032836914062500e+03
9.600059439709290876e-01 1.223209960937500000e+03
9.634406700674262858e-01 1.222581909179687500e+03
9.668753961639232619e-01 1.218601806640625000e+03
9.703101222604203491e-01 1.203183349609375000e+03
9.737448483569175472e-01 1.198075805664062500e+03
9.771795744534145234e-01 1.204700439453125000e+03
9.806143005499114995e-01 1.220468017578125000e+03
9.840490266464085867e-01 1.225744750976562500e+03
9.874837527429057848e-01 1.242664428710937500e+03
9.909184788394027610e-01 1.250473999023437500e+03
9.943532049358997371e-01 1.230543212890625000e+03
9.977879310323969353e-01 1.212354492187500000e+03
1.001222657128894022e+00 1.203583740234375000e+03
1.004657383225390888e+00 1.199341674804687500e+03
1.008092109321887975e+00 1.201808593750000000e+03
1.011526835418385284e+00 1.212120727539062500e+03
1.014961561514882149e+00 1.209872314453125000e+03
1.018396287611379236e+00 1.201324829101562500e+03
1.021831013707876323e+00 1.193019287109375000e+03
1.025265739804373410e+00 1.189645263671875000e+03
1.028700465900870498e+00 1.193454711914062500e+03
1.032135191997367363e+00 1.206478637695312500e+03
1.035569918093864672e+00 1.221971801757812500e+03
1.039004644190361537e+00 1.236035888671875000e+03
1.042439370286858624e+00 1.249078002929687500e+03
1.045874096383355933e+00 1.256273315429687500e+03
1.049308822479852799e+00 1.257121459960937500e+03
1.052743548576349886e+00 1.236657104492187500e+03
1.056178274672846973e+00 1.229997924804687500e+03
1.059613000769344060e+00 1.206744018554687500e+03
1.063047726865841147e+00 1.209392700195312500e+03
1.066482452962338012e+00 1.210766967773437500e+03
1.069917179058835099e+00 1.209921997070312500e+03
1.073351905155332409e+00 1.208784057617187500e+03
1.076786631251829274e+00 1.222409667968750000e+03
1.080221357348326361e+00 1.246377197265625000e+03
1.083656083444823448e+00 1.252214721679687500e+03
1.087090809541320535e+00 1.253826171875000000e+03
1.090525535637817622e+00 1.257223876953125000e+03
1.093960261734314487e+00 1.262097656250000000e+03
1.097394987830811797e+00 1.277263549804687500e+03
1.100829713927308662e+00 1.271171630859375000e+03
1.104264440023805749e+00 1.269538330078125000e+03
1.107699166120303058e+00 1.274824951171875000e+03
1.111133892216799923e+00 1.282258666992187500e+03
1.114568618313297010e+00 1.280572021484375000e+03
1.118003344409794098e+00 1.275110229492187500e+03
1.121438070506291185e+00 1.278078979492187500e+03
1.124872796602788272e+00 1.286283325195312500e+03
1.128307522699285137e+00 1.277643920898437500e+03
1.131742248795782446e+00 1.271069824218750000e+03
1.135176974892279533e+00 1.271582397460937500e+03
1.138611700988776398e+00 1.276720336914062500e+03
1.142046427085273486e+00 1.270240356445312500e+03
1.145481153181770573e+00 1.274631103515625000e+03
1.148915879278267660e+00 1.277564453125000000e+03
1.152350605374764747e+00 1.288984375000000000e+03
1.155785331471261612e+00 1.303236450195312500e+03
1.159220057567758921e+00 1.303510131835937500e+03
1.162654783664255786e+00 1.303048706054687500e+03
1.166089509760752874e+00 1.286445312500000000e+03
1.169524235857250183e+00 1.294932495117187500e+03
1.172958961953747048e+00 1.294979980468750000e+03
1.176393688050244135e+00 1.305779052734375000e+03
1.179828414146741222e+00 1.319635498046875000e+03
1.183263140243238309e+00 1.324488891601562500e+03
1.186697866339735397e+00 1.325391723632812500e+03
1.190132592436232262e+00 1.311592773437500000e+03
1.193567318532729571e+00 1.313770751953125000e+03
1.197002044629226658e+00 1.316930786132812500e+03
1.200436770725723523e+00 1.327285766601562500e+03
1.203871496822220610e+00 1.339494018554687500e+03
1.207306222918717697e+00 1.338546020507812500e+03
1.210740949015214785e+00 1.340744995117187500e+03
1.214175675111711872e+00 1.345765258789062500e+03
1.217610401208208959e+00 1.349530761718750000e+03
1.221045127304706046e+00 1.345368774414062500e+03
1.224479853401202911e+00 1.337610961914062500e+03
1.227914579497699998e+00 1.328694213867187500e+03
1.231349305594197308e+00 1.329171508789062500e+03
1.234784031690694173e+00 1.338192260742187500e+03
1.238218757787191260e+00 1.358664428710937500e+03
1.241653483883688347e+00 1.388901855468750000e+03
1.245088209980185434e+00 1.397086181640625000e+03
1.248522936076682521e+00 1.387274536132812500e+03
1.251957662173179386e+00 1.382333984375000000e+03
1.255392388269676696e+00 1.379929443359375000e+03
1.258827114366173783e+00 1.389234008789062500e+03
1.262261840462670648e+00 1.388507690429687500e+03
1.265696566559167957e+00 1.382235595703125000e+03
1.269131292655664822e+00 1.377298339843750000e+03
1.272566018752161909e+00 1.387114624023437500e+03
1.276000744848658996e+00 1.388445434570312500e+03
1.279435470945156084e+00 1.391190429687500000e+03
1.282870197041653171e+00 1.388188476562500000e+03
1.286304923138150036e+00 1.400115234375000000e+03
1.289739649234647123e+00 1.392242309570312500e+03
1.293174375331144432e+00 1.401838134765625000e+03
1.296609101427641297e+00 1.397166381835937500e+03
1.300043827524138385e+00 1.402641479492187500e+03
1.303478553620635472e+00 1.406711181640625000e+03
1.306913279717132559e+00 1.413997192382812500e+03
1.310348005813629646e+00 1.407221923828125000e+03
1.313782731910126511e+00 1.412270629882812500e+03
1.317217458006623820e+00 1.420728881835937500e+03
1.320652184103120685e+00 1.422046875000000000e+03
1.324086910199617773e+00 1.423065673828125000e+03
1.327521636296115082e+00 1.428895385742187500e+03
1.330956362392611947e+00 1.435442993164062500e+03
1.334391088489109034e+00 1.438624023437500000e+03
1.337825814585606121e+00 1.449618408203125000e+03
1.341260540682103208e+00 1.465346191406250000e+03
1.344695266778600296e+00 1.485356445312500000e+03
1.348129992875097161e+00 1.501999023437500000e+03
1.351564718971594470e+00 1.523500000000000000e+03
1.354999445068091557e+00 1.532528198242187500e+03
1.358434171164588422e+00 1.542452392578125000e+03
1.361868897261085509e+00 1.551064941406250000e+03
1.365303623357582596e+00 1.549881347656250000e+03
1.368738349454079684e+00 1.538691040039062500e+03
1.372173075550576771e+00 1.525566650390625000e+03
1.375607801647073636e+00 1.511525390625000000e+03
1.379042527743570945e+00 1.481904785156250000e+03
1.382477253840067810e+00 1.466571166992187500e+03
1.385911979936564897e+00 1.465463989257812500e+03
1.389346706033062206e+00 1.466134033203125000e+03
1.392781432129559072e+00 1.468094360351562500e+03
1.396216158226056159e+00 1.462722900390625000e+03
1.399650884322553246e+00 1.455127197265625000e+03
1.403085610419050333e+00 1.474087646484375000e+03
1.406520336515547420e+00 1.478666870117187500e+03
1.409955062612044285e+00 1.476395507812500000e+03
1.413389788708541595e+00 1.468234741210937500e+03
1.416824514805038682e+00 1.474570678710937500e+03
1.420259240901535547e+00 1.476711669921875000e+03
1.423693966998032634e+00 1.479971191406250000e+03
1.427128693094529721e+00 1.471081909179687500e+03
1.430563419191026808e+00 1.469640258789062500e+03
1.433998145287523895e+00 1.479736694335937500e+03
1.437432871384020983e+00 1.490103393554687500e+03
1.440867597480518070e+00 1.487306640625000000e+03
1.444302323577014935e+00 1.479807373046875000e+03
1.447737049673512022e+00 1.492244018554687500e+03
1.451171775770009331e+00 1.492618041992187500e+03
1.454606501866506196e+00 1.490190673828125000e+03
1.458041227963003283e+00 1.499825439453125000e+03
1.461475954059500371e+00 1.500925415039062500e+03
1.464910680155997458e+00 1.506862304687500000e+03
1.468345406252494545e+00 1.497643676757812500e+03
1.471780132348991410e+00 1.489756591796875000e+03
1.475214858445488719e+00 1.496253784179687500e+03
1.478649584541985806e+00 1.517687988281250000e+03
1.482084310638482672e+00 1.510968139648437500e+03
1.485519036734979981e+00 1.502149902343750000e+03
1.488953762831476846e+00 1.503929687500000000e+03
1.492388488927973933e+00 1.523051757812500000e+03
1.495823215024471020e+00 1.534893676757812500e+03
1.499257941120968107e+00 1.535278930664062500e+03
1.502692667217465194e+00 1.520323608398437500e+03
1.506127393313962060e+00 1.514494384765625000e+03
1.509562119410459147e+00 1.518594604492187500e+03
1.512996845506956456e+00 1.515959960937500000e+03
1.516431571603453321e+00 1.511583374023437500e+03
1.519866297699950408e+00 1.495644409179687500e+03
1.523301023796447495e+00 1.490288330078125000e+03
1.526735749892944582e+00 1.482916625976562500e+03
1.530170475989441670e+00 1.490130249023437500e+03
1.533605202085938535e+00 1.491731323242187500e+03
1.537039928182435844e+00 1.509282592773437500e+03
1.540474654278932931e+00 1.519169067382812500e+03
1.543909380375429796e+00 1.529810791015625000e+03
1.547344106471927105e+00 1.542916015625000000e+03
1.550778832568423971e+00 1.550963500976562500e+03
1.554213558664921058e+00 1.552894165039062500e+03
1.557648284761418145e+00 1.556415039062500000e+03
1.561083010857915232e+00 1.562756835937500000e+03
1.564517736954412319e+00 1.556117187500000000e+03
1.567952463050909184e+00 1.556580322265625000e+03
1.571387189147406493e+00 1.546699340820312500e+03
1.574821915243903581e+00 1.546142456054687500e+03
1.578256641340400446e+00 1.545573120117187500e+03
1.581691367436897533e+00 1.545622924804687500e+03
1.585126093533394620e+00 1.552925903320312500e+03
1.588560819629891707e+00 1.572893554687500000e+03
1.591995545726388794e+00 1.592251953125000000e+03
1.595430271822885659e+00 1.596142089843750000e+03
1.598864997919382969e+00 1.590224487304687500e+03
1.602299724015880056e+00 1.585071533203125000e+03
1.605734450112376921e+00 1.587466430664062500e+03
1.609169176208874230e+00 1.582840698242187500e+03
1.612603902305371095e+00 1.588197875976562500e+03
1.616038628401868182e+00 1.595621582031250000e+03
1.619473354498365270e+00 1.611878173828125000e+03
1.622908080594862357e+00 1.638559814453125000e+03
1.626342806691359444e+00 1.693096679687500000e+03
1.629777532787856309e+00 1.736947631835937500e+03
1.633212258884353618e+00 1.781444458007812500e+03
1.636646984980850705e+00 1.816521362304687500e+03
1.640081711077347570e+00 1.824854370117187500e+03
1.643516437173844658e+00 1.825519409179687500e+03
1.646951163270341745e+00 1.821951782226562500e+03
1.650385889366838832e+00 1.804607666015625000e+03
1.653820615463335919e+00 1.755504028320312500e+03
1.657255341559833006e+00 1.711092773437500000e+03
1.660690067656330093e+00 1.663295410156250000e+03
1.664124793752827181e+00 1.626554565429687500e+03
1.667559519849324046e+00 1.607613403320312500e+03
1.670994245945821355e+00 1.606249145507812500e+03
1.674428972042318220e+00 1.606067382812500000e+03
1.677863698138815307e+00 1.605668701171875000e+03
1.681298424235312394e+00 1.607034790039062500e+03
1.684733150331809481e+00 1.599156005859375000e+03
1.688167876428306569e+00 1.594291259765625000e+03
1.691602602524803434e+00 1.592448486328125000e+03
1.695037328621300743e+00 1.593055297851562500e+03
1.698472054717797830e+00 1.593167114257812500e+03
1.701906780814294695e+00 1.587306518554687500e+03
1.705341506910792004e+00 1.591053710937500000e+03
1.708776233007288869e+00 1.591873779296875000e+03
1.712210959103785957e+00 1.602723022460937500e+03
1.715645685200283044e+00 1.609037475585937500e+03
1.719080411296780131e+00 1.618050781250000000e+03
1.722515137393277218e+00 1.617969360351562500e+03
1.725949863489774083e+00 1.609394042968750000e+03
1.729384589586271170e+00 1.602821166992187500e+03
1.732819315682768480e+00 1.603885375976562500e+03
1.736254041779265345e+00 1.611958984375000000e+03
1.739688767875762432e+00 1.617984497070312500e+03
1.743123493972259519e+00 1.619665649414062500e+03
1.746558220068756606e+00 1.606116088867187500e+03
1.749992946165253693e+00 1.599860351562500000e+03
1.753427672261750558e+00 1.593470214843750000e+03
1.756862398358247868e+00 1.593257934570312500e+03
1.760297124454744955e+00 1.578827758789062500e+03
1.763731850551241820e+00 1.574190917968750000e+03
1.767166576647739129e+00 1.566214599609375000e+03
1.770601302744235994e+00 1.564721679687500000e+03
1.774036028840733081e+00 1.569128051757812500e+03
1.777470754937230168e+00 1.586651489257812500e+03
1.780905481033727256e+00 1.604016845703125000e+03
1.784340207130224343e+00 1.602776489257812500e+03
1.787774933226721208e+00 1.601260498046875000e+03
1.791209659323218295e+00 1.601174926757812500e+03
1.794644385419715160e+00 1.602527465820312500e+03
1.798079111516212247e+00 1.590865356445312500e+03
1.801513837612709557e+00 1.577681884765625000e+03
1.804948563709206422e+00 1.566394775390625000e+03
1.808383289805703509e+00 1.555482666015625000e+03
1.811818015902200818e+00 1.534980590820312500e+03
1.815252741998697461e+00 1.521106567382812500e+03
1.818687468095194770e+00 1.501967651367187500e+03
1.822122194191692079e+00 1.492876220703125000e+03
1.825556920288188723e+00 1.487323242187500000e+03
1.828991646384686032e+00 1.486582519531250000e+03
1.832426372481182897e+00 1.485823364257812500e+03
1.835861098577679984e+00 1.480963378906250000e+03
1.839295824674177293e+00 1.469633544921875000e+03
1.842730550770673936e+00 1.454227416992187500e+03
1.846165276867171245e+00 1.442374877929687500e+03
1.849600002963668333e+00 1.440264160156250000e+03
1.853034729060165198e+00 1.444289794921875000e+03
1.856469455156662507e+00 1.441182128906250000e+03
1.859904181253159594e+00 1.436582519531250000e+03
1.863338907349656459e+00 1.425363891601562500e+03
1.866773633446153768e+00 1.415527832031250000e+03
1.870208359542650411e+00 1.410005004882812500e+03
1.873643085639147721e+00 1.409756958007812500e+03
1.877077811735644808e+00 1.405045898437500000e+03
1.880512537832141673e+00 1.400261352539062500e+03
1.883947263928638982e+00 1.404870971679687500e+03
1.887381990025136069e+00 1.416533691406250000e+03
1.890816716121632934e+00 1.414417724609375000e+03
1.894251442218130022e+00 1.409483520507812500e+03
1.897686168314627331e+00 1.413043823242187500e+03
1.901120894411124196e+00 1.414980834960937500e+03
1.904555620507621283e+00 1.408117065429687500e+03
1.907990346604118592e+00 1.390071655273437500e+03
1.911425072700615457e+00 1.363505737304687500e+03
1.914859798797112544e+00 1.338849487304687500e+03
1.918294524893609410e+00 1.337235229492187500e+03
1.921729250990106497e+00 1.350614013671875000e+03
1.925163977086603806e+00 1.353919921875000000e+03
1.928598703183100671e+00 1.339498535156250000e+03
1.932033429279597758e+00 1.326045776367187500e+03
1.935468155376095067e+00 1.319395629882812500e+03
1.938902881472591710e+00 1.313021118164062500e+03
1.942337607569089020e+00 1.311458984375000000e+03
1.945772333665586329e+00 1.315510253906250000e+03
1.949207059762082972e+00 1.302953735351562500e+03
1.952641785858580281e+00 1.286145751953125000e+03
1.956076511955077368e+00 1.285840820312500000e+03
1.959511238051574233e+00 1.292838378906250000e+03
1.962945964148071543e+00 1.282939575195312500e+03
1.966380690244568186e+00 1.260887695312500000e+03
1.969815416341065495e+00 1.252778564453125000e+03
1.973250142437562582e+00 1.252181152343750000e+03
1.976684868534059447e+00 1.258115478515625000e+03
1.980119594630556756e+00 1.268923706054687500e+03
1.983554320727053843e+00 1.275085327148437500e+03
1.986989046823550709e+00 1.283982910156250000e+03
1.990423772920048018e+00 1.284564453125000000e+03
1.993858499016545105e+00 1.302819946289062500e+03
1.997293225113041970e+00 1.347310180664062500e+03
2.000727951209539057e+00 1.413562622070312500e+03
2.004162677306036144e+00 1.475669067382812500e+03
2.007597403402533232e+00 1.522474243164062500e+03
2.011032129499030319e+00 1.541692749023437500e+03
2.014466855595526962e+00 1.536535888671875000e+03
2.017901581692024493e+00 1.521951416015625000e+03
2.021336307788521580e+00 1.488410522460937500e+03
2.024771033885018223e+00 1.445806152343750000e+03
2.028205759981515754e+00 1.394303466796875000e+03
2.031640486078012842e+00 1.334740600585937500e+03
2.035075212174509485e+00 1.276712158203125000e+03
2.038509938271007016e+00 1.247898803710937500e+03
2.041944664367504103e+00 1.223182617187500000e+03
2.045379390464000746e+00 1.208214477539062500e+03
2.048814116560497833e+00 1.191753540039062500e+03
2.052248842656994920e+00 1.186000122070312500e+03
2.055683568753492008e+00 1.183354858398437500e+03
2.059118294849989095e+00 1.178477050781250000e+03
2.062553020946486182e+00 1.173118286132812500e+03
2.065987747042983269e+00 1.171229370117187500e+03
2.069422473139480356e+00 1.158110473632812500e+03
2.072857199235977443e+00 1.151194702148437500e+03
2.076291925332474531e+00 1.145542968750000000e+03
2.079726651428971618e+00 1.142682861328125000e+03
2.083161377525468705e+00 1.134971435546875000e+03
2.086596103621965792e+00 1.138863037109375000e+03
2.090030829718462879e+00 1.140501342773437500e+03
2.093465555814959522e+00 1.136010131835937500e+03
2.096900281911457053e+00 1.117242919921875000e+03
2.100335008007953697e+00 1.105761596679687500e+03
2.103769734104450784e+00 1.109874755859375000e+03
2.107204460200948315e+00 1.104639404296875000e+03
2.110639186297444958e+00 1.104415649414062500e+03
2.114073912393942045e+00 1.104780395507812500e+03
2.117508638490439576e+00 1.098774780273437500e+03
2.120943364586936219e+00 1.096874145507812500e+03
2.124378090683433307e+00 1.091773193359375000e+03
2.127812816779930394e+00 1.081673828125000000e+03
2.131247542876427481e+00 1.078374389648437500e+03
2.134682268972924568e+00 1.072629638671875000e+03
2.138116995069421211e+00 1.063347290039062500e+03
2.141551721165918742e+00 1.064815429687500000e+03
2.144986447262415830e+00 1.065216674804687500e+03
2.148421173358912473e+00 1.073352294921875000e+03
2.151855899455410004e+00 1.068803833007812500e+03
2.155290625551907091e+00 1.067013183593750000e+03
2.158725351648403734e+00 1.067224731445312500e+03
2.162160077744901265e+00 1.068841674804687500e+03
2.165594803841398353e+00 1.068260864257812500e+03
2.169029529937894996e+00 1.070439208984375000e+03
2.172464256034392083e+00 1.054881713867187500e+03
2.175898982130889614e+00 1.039337036132812500e+03
2.179333708227386257e+00 1.037693725585937500e+03
2.182768434323883344e+00 1.038030883789062500e+03
2.186203160420380431e+00 1.035732543945312500e+03
2.189637886516877519e+00 1.041700683593750000e+03
2.193072612613374606e+00 1.042613525390625000e+03
2.196507338709871693e+00 1.039085571289062500e+03
2.199942064806368780e+00 1.037672363281250000e+03
2.203376790902865867e+00 1.017725402832031250e+03
2.206811516999362954e+00 1.007756225585937500e+03
2.210246243095860041e+00 1.002096679687500000e+03
2.213680969192357129e+00 1.007483398437500000e+03
2.217115695288853772e+00 1.006311340332031250e+03
2.220550421385351303e+00 1.010607116699218750e+03
2.223985147481847946e+00 1.009172485351562500e+03
2.227419873578345033e+00 1.004409362792968750e+03
2.230854599674842564e+00 1.000007629394531250e+03
2.234289325771339207e+00 1.001954040527343750e+03
2.237724051867836295e+00 1.000858032226562500e+03
2.241158777964333826e+00 1.003665771484375000e+03
2.244593504060830469e+00 9.952180175781250000e+02
2.248028230157327556e+00 9.907910766601562500e+02
2.251462956253824643e+00 9.888157348632812500e+02
2.254897682350321730e+00 9.934248657226562500e+02
2.258332408446818818e+00 9.830443115234375000e+02
2.261767134543315905e+00 9.704070434570312500e+02
2.265201860639812992e+00 9.578845214843750000e+02
2.268636586736310079e+00 9.600917968750000000e+02
2.272071312832806722e+00 9.626723022460937500e+02
2.275506038929304253e+00 9.693136596679687500e+02
2.278940765025801340e+00 9.703936767578125000e+02
2.282375491122297984e+00 9.662461547851562500e+02
2.285810217218795515e+00 9.578693237304687500e+02
2.289244943315292602e+00 9.625682373046875000e+02
2.292679669411789245e+00 9.643873291015625000e+02
2.296114395508286332e+00 9.680803222656250000e+02
2.299549121604783863e+00 9.662570190429687500e+02
2.302983847701280506e+00 9.690721435546875000e+02
2.306418573797777594e+00 9.665042114257812500e+02
2.309853299894274681e+00 9.795979003906250000e+02
2.313288025990771768e+00 1.014476623535156250e+03
2.316722752087268855e+00 1.064289184570312500e+03
2.320157478183765942e+00 1.114323730468750000e+03
2.323592204280263029e+00 1.162137207031250000e+03
2.327026930376760117e+00 1.198910278320312500e+03
2.330461656473257204e+00 1.217915893554687500e+03
2.333896382569754291e+00 1.207747314453125000e+03
2.337331108666251378e+00 1.174840332031250000e+03
2.340765834762748021e+00 1.139592285156250000e+03
2.344200560859245552e+00 1.099609252929687500e+03
2.347635286955742639e+00 1.053524414062500000e+03
2.351070013052239283e+00 1.011484130859375000e+03
2.354504739148736814e+00 9.704193725585937500e+02
2.357939465245233457e+00 9.423579711914062500e+02
2.361374191341730544e+00 9.294459228515625000e+02
2.364808917438227631e+00 9.175242309570312500e+02
2.368243643534724718e+00 9.085528564453125000e+02
2.371678369631221805e+00 8.971696166992187500e+02
2.375113095727718893e+00 8.945649414062500000e+02
2.378547821824215980e+00 8.936530151367187500e+02
2.381982547920713067e+00 8.927703247070312500e+02
2.385417274017210154e+00 8.920010986328125000e+02
2.388852000113707241e+00 8.907933959960937500e+02
2.392286726210204328e+00 8.970920410156250000e+02
2.395721452306701416e+00 8.926466674804687500e+02
2.399156178403198503e+00 8.924942016601562500e+02
2.402590904499695590e+00 8.821362304687500000e+02
2.406025630596192233e+00 8.739287719726562500e+02
2.409460356692689320e+00 8.725674438476562500e+02
2.412895082789186851e+00 8.864330444335937500e+02
2.416329808885683494e+00 8.845653686523437500e+02
2.419764534982180582e+00 8.721149291992187500e+02
2.423199261078678113e+00 8.636666870117187500e+02
2.426633987175174756e+00 8.667158203125000000e+02
2.430068713271671843e+00 8.741483764648437500e+02
2.433503439368169374e+00 8.740961914062500000e+02
2.436938165464666017e+00 8.670266113281250000e+02
2.440372891561163105e+00 8.542379150390625000e+02
2.443807617657660192e+00 8.506409301757812500e+02
2.447242343754157279e+00 8.505773315429687500e+02
2.450677069850654366e+00 8.594160156250000000e+02
2.454111795947151009e+00 8.623824462890625000e+02
2.457546522043648540e+00 8.559833984375000000e+02
2.460981248140145627e+00 8.550208129882812500e+02
2.464415974236642271e+00 8.523011474609375000e+02
2.467850700333139802e+00 8.453877563476562500e+02
2.471285426429636889e+00 8.396513061523437500e+02
2.474720152526133532e+00 8.467048950195312500e+02
2.478154878622631063e+00 8.516824951171875000e+02
2.481589604719128150e+00 8.492243652343750000e+02
2.485024330815624793e+00 8.431047363281250000e+02
2.488459056912121881e+00 8.305112304687500000e+02
2.491893783008618968e+00 8.217988281250000000e+02
2.495328509105116055e+00 8.258461914062500000e+02
2.498763235201613142e+00 8.351987915039062500e+02
2.502197961298110229e+00 8.383947143554687500e+02
2.505632687394607316e+00 8.474996948242187500e+02
2.509067413491104404e+00 8.686130371093750000e+02
2.512502139587601491e+00 8.870724487304687500e+02
2.515936865684098578e+00 9.043995971679687500e+02
2.519371591780595665e+00 9.157062988281250000e+02
2.522806317877092752e+00 9.150302124023437500e+02
2.526241043973589839e+00 9.117818603515625000e+02
2.529675770070086926e+00 8.951985473632812500e+02
2.533110496166583570e+00 8.756699218750000000e+02
2.536545222263081101e+00 8.630902099609375000e+02
2.539979948359577744e+00 8.554227905273437500e+02
2.543414674456074831e+00 8.494918823242187500e+02
2.546849400552572362e+00 8.348232421875000000e+02
2.550284126649069005e+00 8.200319213867187500e+02
2.553718852745566092e+00 8.048668212890625000e+02
2.557153578842063624e+00 8.000692138671875000e+02
2.560588304938560267e+00 7.966269531250000000e+02
2.564023031035057354e+00 7.946016235351562500e+02
2.567457757131554441e+00 7.835320434570312500e+02
2.570892483228051528e+00 7.804314575195312500e+02
2.574327209324548615e+00 7.814718017578125000e+02
2.577761935421045258e+00 7.871154174804687500e+02
2.581196661517542790e+00 7.826107177734375000e+02
2.584631387614039877e+00 7.817635498046875000e+02
2.588066113710536520e+00 7.800546264648437500e+02
2.591500839807034051e+00 7.736660156250000000e+02
2.594935565903531138e+00 7.675702514648437500e+02
2.598370292000027781e+00 7.689132690429687500e+02
2.601805018096525313e+00 7.637957763671875000e+02
2.605239744193022400e+00 7.665524291992187500e+02
2.608674470289519043e+00 7.664017333984375000e+02
2.612109196386016130e+00 7.674315795898437500e+02
2.615543922482513661e+00 7.671807861328125000e+02
2.618978648579010304e+00 7.647173461914062500e+02
2.622413374675507391e+00 7.578727416992187500e+02
2.625848100772004479e+00 7.494373779296875000e+02
2.629282826868501566e+00 7.524711914062500000e+02
2.632717552964998653e+00 7.548020629882812500e+02
2.636152279061495740e+00 7.588532714843750000e+02
2.639587005157992827e+00 7.561429443359375000e+02
2.643021731254489914e+00 7.668760986328125000e+02
2.646456457350987002e+00 7.576626586914062500e+02
2.649891183447484089e+00 7.539864501953125000e+02
2.653325909543981176e+00 7.505809936523437500e+02
2.656760635640477819e+00 7.591922607421875000e+02
2.660195361736975350e+00 7.560475463867187500e+02
2.663630087833471993e+00 7.563027954101562500e+02
2.667064813929969080e+00 7.546666870117187500e+02
2.670499540026466612e+00 7.489166870117187500e+02
2.673934266122963255e+00 7.321176757812500000e+02
2.677368992219460342e+00 7.343416137695312500e+02
2.680803718315957873e+00 7.404417724609375000e+02
2.684238444412454516e+00 7.434664306640625000e+02
2.687673170508951603e+00 7.466850585937500000e+02
2.691107896605448691e+00 7.509749145507812500e+02
2.694542622701945778e+00 7.402006835937500000e+02
2.697977348798442865e+00 7.385203857421875000e+02
2.701412074894939952e+00 7.410433959960937500e+02
2.704846800991437039e+00 7.396430053710937500e+02
2.708281527087934126e+00 7.254637451171875000e+02
2.711716253184430769e+00 7.263879394531250000e+02
2.715150979280928301e+00 7.272841186523437500e+02
2.718585705377425388e+00 7.244788818359375000e+02
2.722020431473922031e+00 7.229334106445312500e+02
2.725455157570419562e+00 7.260922241210937500e+02
2.728889883666916649e+00 7.304905395507812500e+02
2.732324609763413292e+00 7.318303833007812500e+02
2.735759335859910379e+00 7.325432128906250000e+02
2.739194061956407911e+00 7.289063720703125000e+02
2.742628788052904554e+00 7.216934204101562500e+02
2.746063514149401641e+00 7.213051147460937500e+02
2.749498240245898728e+00 7.306607666015625000e+02
2.752932966342395815e+00 7.425026855468750000e+02
2.756367692438892902e+00 7.657749633789062500e+02
2.759802418535389990e+00 7.970068359375000000e+02
2.763237144631887077e+00 8.552419433593750000e+02
2.766671870728384164e+00 9.234653320312500000e+02
2.770106596824881251e+00 9.973233032226562500e+02
2.773541322921378338e+00 1.050437500000000000e+03
2.776976049017875425e+00 1.077457885742187500e+03
2.780410775114372068e+00 1.084120849609375000e+03
2.783845501210869600e+00 1.063015991210937500e+03
2.787280227307366687e+00 1.018698852539062500e+03
2.790714953403863330e+00 9.658311767578125000e+02
2.794149679500360861e+00 9.133513183593750000e+02
2.797584405596857504e+00 8.651294555664062500e+02
2.801019131693354591e+00 8.154014282226562500e+02
2.804453857789852123e+00 7.688860473632812500e+02
2.807888583886348766e+00 7.275817871093750000e+02
2.811323309982845853e+00 7.047006225585937500e+02
2.814758036079342940e+00 6.953572387695312500e+02
2.818192762175840027e+00 6.989055175781250000e+02
2.821627488272337114e+00 7.013724975585937500e+02
2.825062214368834201e+00 7.093392944335937500e+02
2.828496940465331289e+00 7.173950195312500000e+02
2.831931666561828376e+00 7.300777587890625000e+02
2.835366392658325463e+00 7.469317016601562500e+02
2.838801118754822550e+00 7.694880981445312500e+02
2.842235844851319637e+00 7.900906372070312500e+02
2.845670570947816280e+00 8.063190917968750000e+02
2.849105297044313811e+00 8.173404541015625000e+02
2.852540023140810899e+00 8.174343261718750000e+02
2.855974749237307542e+00 8.030773315429687500e+02
2.859409475333804629e+00 7.922184448242187500e+02
2.862844201430302160e+00 7.785059814453125000e+02
2.866278927526798803e+00 7.590979003906250000e+02
2.869713653623295890e+00 7.392573242187500000e+02
2.873148379719793422e+00 7.286481323242187500e+02
2.876583105816290065e+00 7.111586914062500000e+02
2.880017831912787152e+00 7.036173095703125000e+02
2.883452558009284239e+00 6.986298217773437500e+02
2.886887284105781326e+00 6.998044433593750000e+02
2.890322010202278413e+00 6.986111450195312500e+02
2.893756736298775500e+00 6.956945190429687500e+02
2.897191462395272588e+00 6.962882690429687500e+02
2.900626188491769675e+00 7.034112548828125000e+02
2.904060914588266318e+00 7.163692016601562500e+02
2.907495640684763849e+00 7.154817504882812500e+02
2.910930366781260936e+00 7.136242065429687500e+02
2.914365092877757579e+00 7.121929931640625000e+02
2.917799818974255111e+00 7.166320190429687500e+02
2.921234545070752198e+00 7.170089111328125000e+02
2.924669271167248841e+00 7.297559814453125000e+02
2.928103997263746372e+00 7.475781860351562500e+02
2.931538723360243015e+00 7.670452270507812500e+02
2.934973449456740102e+00 7.840811767578125000e+02
2.938408175553237189e+00 8.027453613281250000e+02
2.941842901649734277e+00 8.252304687500000000e+02
2.945277627746231364e+00 8.456834716796875000e+02
2.948712353842728451e+00 8.665995483398437500e+02
2.952147079939225538e+00 8.909727783203125000e+02
2.955581806035722625e+00 9.207722778320312500e+02
2.959016532132219712e+00 9.686925048828125000e+02
2.962451258228716799e+00 1.059732177734375000e+03
2.965885984325213887e+00 1.266733032226562500e+03
2.969320710421710974e+00 1.699925903320312500e+03
2.972755436518208061e+00 2.551621337890625000e+03
2.976190162614705148e+00 3.863991210937500000e+03
2.979624888711201791e+00 5.596393066406250000e+03
2.983059614807698878e+00 7.410941406250000000e+03
2.986494340904196410e+00 9.024014648437500000e+03
2.989929067000693053e+00 1.011802832031250000e+04
2.993363793097190140e+00 1.056004492187500000e+04
2.996798519193687671e+00 1.028909375000000000e+04
3.000233245290184314e+00 9.519923828125000000e+03
3.003667971386681401e+00 8.320507812500000000e+03
3.007102697483178932e+00 6.936853027343750000e+03
3.010537423579675576e+00 5.442662109375000000e+03
3.013972149676172663e+00 4.030828125000000000e+03
3.017406875772669750e+00 2.808564208984375000e+03
3.020841601869166837e+00 1.920924682617187500e+03
3.024276327965663924e+00 1.374934570312500000e+03
3.027711054062160567e+00 1.079666015625000000e+03
3.031145780158658098e+00 9.345669555664062500e+02
3.034580506255155186e+00 8.517243041992187500e+02
3.038015232351651829e+00 8.111282958984375000e+02
3.041449958448149360e+00 7.908081665039062500e+02
3.044884684544646447e+00 7.880162963867187500e+02
3.048319410641143090e+00 7.853275146484375000e+02
3.051754136737640177e+00 7.680297241210937500e+02
3.055188862834137709e+00 7.526140747070312500e+02
3.058623588930634352e+00 7.578668823242187500e+02
3.062058315027131439e+00 7.633869018554687500e+02
3.065493041123628526e+00 7.682957153320312500e+02
3.068927767220125613e+00 7.735944213867187500e+02
3.072362493316622700e+00 7.742011108398437500e+02
3.075797219413119787e+00 7.710018920898437500e+02
3.079231945509616875e+00 7.727225341796875000e+02
3.082666671606113962e+00 7.836702270507812500e+02
3.086101397702611049e+00 7.905632934570312500e+02
3.089536123799108136e+00 7.943253173828125000e+02
3.092970849895605223e+00 7.759237060546875000e+02
3.096405575992101866e+00 7.538535156250000000e+02
3.099840302088599397e+00 7.335044555664062500e+02
3.103275028185096041e+00 7.220526123046875000e+02
3.106709754281593128e+00 7.033161010742187500e+02
3.110144480378090659e+00 6.836853027343750000e+02
3.113579206474587302e+00 6.699102783203125000e+02
3.117013932571084389e+00 6.572539062500000000e+02
3.120448658667581920e+00 6.420567016601562500e+02
3.123883384764078563e+00 6.306483154296875000e+02
3.127318110860575651e+00 6.272245483398437500e+02
3.130752836957072738e+00 6.263880615234375000e+02
3.134187563053569825e+00 6.256390380859375000e+02
3.137622289150066912e+00 6.201987915039062500e+02
3.141057015246563999e+00 6.157459106445312500e+02
3.144491741343061086e+00 6.162527465820312500e+02
3.147926467439558174e+00 6.185780639648437500e+02
3.151361193536054817e+00 6.217511596679687500e+02
3.154795919632552348e+00 6.245606689453125000e+02
3.158230645729049435e+00 6.255700073242187500e+02
3.161665371825546078e+00 6.210697021484375000e+02
3.165100097922043609e+00 6.203629150390625000e+02
3.168534824018540696e+00 6.160558471679687500e+02
3.171969550115037340e+00 6.101253662109375000e+02
3.175404276211534427e+00 6.106557617187500000e+02
3.178839002308031958e+00 6.146008300781250000e+02
3.182273728404528601e+00 6.224670410156250000e+02
3.185708454501025688e+00 6.181838378906250000e+02
3.189143180597522775e+00 6.168889770507812500e+02
3.192577906694019862e+00 6.123463745117187500e+02
3.196012632790516950e+00 6.133862915039062500e+02
3.199447358887014037e+00 6.119556274414062500e+02
3.202882084983511124e+00 6.083294677734375000e+02
3.206316811080008211e+00 6.057464599609375000e+02
3.209751537176505298e+00 5.998709716796875000e+02
3.213186263273002385e+00 6.032966918945312500e+02
3.216620989369499473e+00 6.029824829101562500e+02
3.220055715465996116e+00 5.986491088867187500e+02
3.223490441562493647e+00 5.940158691406250000e+02
3.226925167658990734e+00 6.016384887695312500e+02
3.230359893755487377e+00 6.052374267578125000e+02
3.233794619851984908e+00 6.063189697265625000e+02
3.237229345948481551e+00 6.055826416015625000e+02
3.240664072044978639e+00 6.075164184570312500e+02
3.244098798141476170e+00 6.017645263671875000e+02
3.247533524237972813e+00 5.998610839843750000e+02
3.250968250334469900e+00 6.031318359375000000e+02
3.254402976430966987e+00 6.087163085937500000e+02
3.257837702527464074e+00 6.206060180664062500e+02
3.261272428623961162e+00 6.300773925781250000e+02
3.264707154720458249e+00 6.401447753906250000e+02
3.268141880816955336e+00 6.431552124023437500e+02
3.271576606913452423e+00 6.541812744140625000e+02
3.275011333009949510e+00 6.671993408203125000e+02
3.278446059106446597e+00 6.658649291992187500e+02
3.281880785202943684e+00 6.542138061523437500e+02
3.285315511299440328e+00 6.437539062500000000e+02
3.288750237395937859e+00 6.383106689453125000e+02
3.292184963492434946e+00 6.249160156250000000e+02
3.295619689588931589e+00 6.131354370117187500e+02
3.299054415685428676e+00 6.055631103515625000e+02
3.302489141781926207e+00 6.000263061523437500e+02
3.305923867878422850e+00 5.997833862304687500e+02
3.309358593974919938e+00 5.973374023437500000e+02
3.312793320071417469e+00 5.880554809570312500e+02
3.316228046167914112e+00 5.873688354492187500e+02
3.319662772264411199e+00 5.853224487304687500e+02
3.323097498360908286e+00 5.840050659179687500e+02
3.326532224457405373e+00 5.844164428710937500e+02
3.329966950553902461e+00 5.914779663085937500e+02
3.333401676650399548e+00 5.923728027343750000e+02
3.336836402746896635e+00 5.865980224609375000e+02
3.340271128843393722e+00 5.923996582031250000e+02
3.343705854939890365e+00 5.992770996093750000e+02
3.347140581036387896e+00 5.948913574218750000e+02
3.350575307132884983e+00 5.920873413085937500e+02
3.354010033229381627e+00 5.945388793945312500e+02
3.357444759325879158e+00 5.984589843750000000e+02
3.360879485422376245e+00 6.009738769531250000e+02
3.364314211518872888e+00 6.045805664062500000e+02
3.367748937615370419e+00 6.020801391601562500e+02
3.371183663711867062e+00 5.921069946289062500e+02
3.374618389808364149e+00 5.895191040039062500e+02
3.378053115904861237e+00 6.007682495117187500e+02
3.381487842001358324e+00 6.149644775390625000e+02
3.384922568097855411e+00 6.141067504882812500e+02
3.388357294194352498e+00 6.020624389648437500e+02
3.391792020290849585e+00 5.911674804687500000e+02
3.395226746387346672e+00 5.825955810546875000e+02
3.398661472483843760e+00 5.776701660156250000e+02
3.402096198580340847e+00 5.757021484375000000e+02
3.405530924676837934e+00 5.750287475585937500e+02
3.408965650773335021e+00 5.731444702148437500e+02
3.412400376869832108e+00 5.776448974609375000e+02
3.415835102966329195e+00 5.860659790039062500e+02
3.419269829062825838e+00 5.913518676757812500e+02
3.422704555159322926e+00 5.978087158203125000e+02
3.426139281255820457e+00 6.066981201171875000e+02
3.429574007352317100e+00 6.163814697265625000e+02
3.433008733448814187e+00 6.282563476562500000e+02
3.436443459545311718e+00 6.450256347656250000e+02
3.439878185641808361e+00 6.660700683593750000e+02
3.443312911738305448e+00 6.750634765625000000e+02
3.446747637834802980e+00 6.796267700195312500e+02
3.450182363931299623e+00 6.908198242187500000e+02
3.453617090027796710e+00 6.915861206054687500e+02
3.457051816124293797e+00 6.843389892578125000e+02
3.460486542220790884e+00 6.820405273437500000e+02
3.463921268317287971e+00 6.821417236328125000e+02
3.467355994413784614e+00 6.663853149414062500e+02
3.470790720510282146e+00 6.460540161132812500e+02
3.474225446606779233e+00 6.320640869140625000e+02
3.477660172703275876e+00 6.259710083007812500e+02
3.481094898799773407e+00 6.149151000976562500e+02
3.484529624896270494e+00 6.056982421875000000e+02
3.487964350992767137e+00 5.950646362304687500e+02
3.491399077089264669e+00 5.915562133789062500e+02
3.494833803185761756e+00 5.837466430664062500e+02
3.498268529282258399e+00 5.744251098632812500e+02
3.501703255378755486e+00 5.657146606445312500e+02
3.505137981475252573e+00 5.675820312500000000e+02
3.508572707571749660e+00 5.699328613281250000e+02
3.512007433668246748e+00 5.647775268554687500e+02
3.515442159764743835e+00 5.631281738281250000e+02
3.518876885861240922e+00 5.617003173828125000e+02
3.522311611957738009e+00 5.600547485351562500e+02
3.525746338054235096e+00 5.541341552734375000e+02
3.529181064150732183e+00 5.562047119140625000e+02
3.532615790247229270e+00 5.560163574218750000e+02
3.536050516343726358e+00 5.576552124023437500e+02
3.539485242440223445e+00 5.591158447265625000e+02
3.542919968536720088e+00 5.628842163085937500e+02
3.546354694633217175e+00 5.608364257812500000e+02
3.549789420729714706e+00 5.694479370117187500e+02
3.553224146826211349e+00 5.752188110351562500e+02
3.556658872922708436e+00 5.776713867187500000e+02
3.560093599019205968e+00 5.723815917968750000e+02
3.563528325115702611e+00 5.742543334960937500e+02
3.566963051212199698e+00 5.759600219726562500e+02
3.570397777308697229e+00 5.771060180664062500e+02
3.573832503405193872e+00 5.772289428710937500e+02
3.577267229501690959e+00 5.745155639648437500e+02
3.580701955598188047e+00 5.702608032226562500e+02
3.584136681694685134e+00 5.616179809570312500e+02
3.587571407791181777e+00 5.573209228515625000e+02
3.591006133887679308e+00 5.553993530273437500e+02
3.594440859984176395e+00 5.582335205078125000e+02
3.597875586080673038e+00 5.604602050781250000e+02
3.601310312177170569e+00 5.624690551757812500e+02
3.604745038273667657e+00 5.488392944335937500e+02
3.608179764370164300e+00 5.460248413085937500e+02
3.611614490466661831e+00 5.452430419921875000e+02
3.615049216563158918e+00 5.442955322265625000e+02
3.618483942659655561e+00 5.393435058593750000e+02
3.621918668756153092e+00 5.401733398437500000e+02
3.625353394852649735e+00 5.353360595703125000e+02
3.628788120949146823e+00 5.324049682617187500e+02
3.632222847045644354e+00 5.284393310546875000e+02
3.635657573142140997e+00 5.327174682617187500e+02
3.639092299238638084e+00 5.356300659179687500e+02
3.642527025335135615e+00 5.355933837890625000e+02
3.645961751431632258e+00 5.343340454101562500e+02
3.649396477528129346e+00 5.326982421875000000e+02
3.652831203624625989e+00 5.320004272460937500e+02
3.656265929721123520e+00 5.354341430664062500e+02
3.659700655817620607e+00 5.349557495117187500e+02
3.663135381914117250e+00 5.371055908203125000e+02
3.666570108010614781e+00 5.380399169921875000e+02
3.670004834107111424e+00 5.374020996093750000e+02
3.673439560203608512e+00 5.287573852539062500e+02
3.676874286300106043e+00 5.277374267578125000e+02
3.680309012396602686e+00 5.290621337890625000e+02
3.683743738493099773e+00 5.296662597656250000e+02
3.687178464589597304e+00 5.317819213867187500e+02
3.690613190686093947e+00 5.388208007812500000e+02
3.694047916782591034e+00 5.400054321289062500e+02
3.697482642879088566e+00 5.372181396484375000e+02
3.700917368975585209e+00 5.325142211914062500e+02
3.704352095072082296e+00 5.314356689453125000e+02
3.707786821168579827e+00 5.355747680664062500e+02
3.711221547265076470e+00 5.326735839843750000e+02
3.714656273361573113e+00 5.280735473632812500e+02
3.718090999458071089e+00 5.284725341796875000e+02
3.721525725554567732e+00 5.300557250976562500e+02
3.724960451651064375e+00 5.285303955078125000e+02
3.728395177747561906e+00 5.258986816406250000e+02
3.731829903844058993e+00 5.264452514648437500e+02
3.735264629940555636e+00 5.263545532226562500e+02
3.738699356037052723e+00 5.318900146484375000e+02
3.742134082133550255e+00 5.324525756835937500e+02
3.745568808230046898e+00 5.276320190429687500e+02
3.749003534326543985e+00 5.172576904296875000e+02
3.752438260423041516e+00 5.082796020507812500e+02
3.755872986519538159e+00 5.149247436523437500e+02
3.759307712616034802e+00 5.210469360351562500e+02
3.762742438712532778e+00 5.294895019531250000e+02
3.766177164809029421e+00 5.344674072265625000e+02
3.769611890905526064e+00 5.390498046875000000e+02
3.773046617002023595e+00 5.452783813476562500e+02
3.776481343098520682e+00 5.542207641601562500e+02
3.779916069195017325e+00 5.635404663085937500e+02
3.783350795291514856e+00 5.761375732421875000e+02
3.786785521388011944e+00 5.837829589843750000e+02
3.790220247484508587e+00 5.793419799804687500e+02
3.793654973581006118e+00 5.700657348632812500e+02
3.797089699677503205e+00 5.611123046875000000e+02
3.800524425773999848e+00 5.561986083984375000e+02
3.803959151870497379e+00 5.536428833007812500e+02
3.807393877966994467e+00 5.539689941406250000e+02
3.810828604063491110e+00 5.563645019531250000e+02
3.814263330159988641e+00 5.477840576171875000e+02
3.817698056256485284e+00 5.391450195312500000e+02
3.821132782352982371e+00 5.335609130859375000e+02
3.824567508449479902e+00 5.285504760742187500e+02
3.828002234545976545e+00 5.270579223632812500e+02
3.831436960642473633e+00 5.286784057617187500e+02
3.834871686738970276e+00 5.330429687500000000e+02
3.838306412835467807e+00 5.454755859375000000e+02
3.841741138931964894e+00 5.500132446289062500e+02
3.845175865028461537e+00 5.492645263671875000e+02
3.848610591124959068e+00 5.543554077148437500e+02
3.852045317221456155e+00 5.760400390625000000e+02
3.855480043317952799e+00 5.932002563476562500e+02
3.858914769414450330e+00 5.970288696289062500e+02
3.862349495510946973e+00 5.989067993164062500e+02
3.865784221607444060e+00 6.017801513671875000e+02
3.869218947703941591e+00 6.032792358398437500e+02
3.872653673800438234e+00 6.059160766601562500e+02
3.876088399896935321e+00 6.031805419921875000e+02
3.879523125993432853e+00 5.975204467773437500e+02
3.882957852089929496e+00 5.871428222656250000e+02
3.886392578186426583e+00 5.763052978515625000e+02
3.889827304282924114e+00 5.692553710937500000e+02
3.893262030379420757e+00 5.617273559570312500e+02
3.896696756475917844e+00 5.583218994140625000e+02
3.900131482572415376e+00 5.546708374023437500e+02
3.903566208668912019e+00 5.574505004882812500e+02
3.907000934765408662e+00 5.521934814453125000e+02
3.910435660861906637e+00 5.463175659179687500e+02
3.913870386958403280e+00 5.376254272460937500e+02
3.917305113054899923e+00 5.460127563476562500e+02
3.920739839151397010e+00 5.551795654296875000e+02
3.924174565247894542e+00 5.542150268554687500e+02
3.927609291344391185e+00 5.549986572265625000e+02
3.931044017440888272e+00 5.609668579101562500e+02
3.934478743537385803e+00 5.704774169921875000e+02
3.937913469633882446e+00 5.730341186523437500e+02
3.941348195730379533e+00 5.728917236328125000e+02
3.944782921826877065e+00 5.723221435546875000e+02
3.948217647923373708e+00 5.810600585937500000e+02
3.951652374019870351e+00 5.921295166015625000e+02
3.955087100116368326e+00 5.994772949218750000e+02
3.958521826212864969e+00 6.231635742187500000e+02
3.961956552309361612e+00 6.699359741210937500e+02
3.965391278405859588e+00 8.161576538085937500e+02
3.968826004502356231e+00 1.051804321289062500e+03
3.972260730598852874e+00 1.618441528320312500e+03
3.975695456695350405e+00 2.511596679687500000e+03
3.979130182791847492e+00 3.084695312500000000e+03
3.982564908888344135e+00 4.355651855468750000e+03
3.985999634984841666e+00 4.408226562500000000e+03
3.989434361081338754e+00 5.387446777343750000e+03
3.992869087177835397e+00 5.116890136718750000e+03
3.996303813274332928e+00 5.357130371093750000e+03
3.999738539370830015e+00 4.258748046875000000e+03
4.003173265467326658e+00 3.573719970703125000e+03
4.006607991563823745e+00 2.560413574218750000e+03
4.010042717660320832e+00 1.872498657226562500e+03
4.013477443756817920e+00 1.237673217773437500e+03
4.016912169853315007e+00 1.014768676757812500e+03
4.020346895949812094e+00 8.682420654296875000e+02
4.023781622046309181e+00 8.161854858398437500e+02
4.027216348142806268e+00 7.740861206054687500e+02
4.030651074239303355e+00 7.551218261718750000e+02
4.034085800335800442e+00 7.274002685546875000e+02
4.037520526432297530e+00 6.987833251953125000e+02
4.040955252528794617e+00 6.666802368164062500e+02
4.044389978625291704e+00 6.437042236328125000e+02
4.047824704721788791e+00 6.209972534179687500e+02
4.051259430818285878e+00 5.964832763671875000e+02
4.054694156914782965e+00 5.729060058593750000e+02
4.058128883011279164e+00 5.602648925781250000e+02
4.061563609107777140e+00 5.518597412109375000e+02
4.064998335204274227e+00 5.426824951171875000e+02
4.068433061300770426e+00 5.376403808593750000e+02
4.071867787397268401e+00 5.365452880859375000e+02
4.075302513493765488e+00 5.324353637695312500e+02
4.078737239590261687e+00 5.262079467773437500e+02
4.082171965686759663e+00 5.250848388671875000e+02
4.085606691783256750e+00 5.259887084960937500e+02
4.089041417879752949e+00 5.236870727539062500e+02
4.092476143976250036e+00 5.154429321289062500e+02
4.095910870072748011e+00 5.089980163574218750e+02
4.099345596169244210e+00 5.105033874511718750e+02
4.102780322265741297e+00 5.137548828125000000e+02
4.106215048362239273e+00 5.160698242187500000e+02
4.109649774458735472e+00 5.135538330078125000e+02
4.113084500555232559e+00 5.170758056640625000e+02
4.116519226651730534e+00 5.182585449218750000e+02
4.119953952748226733e+00 5.159118652343750000e+02
4.123388678844723820e+00 5.067464599609375000e+02
4.126823404941220907e+00 5.073645019531250000e+02
4.130258131037717995e+00 5.087783813476562500e+02
4.133692857134215082e+00 5.114125671386718750e+02
4.137127583230712169e+00 5.121217651367187500e+02
4.140562309327209256e+00 5.065545654296875000e+02
4.143997035423706343e+00 4.939166564941406250e+02
4.147431761520203430e+00 4.898102722167968750e+02
4.150866487616700518e+00 4.869205017089843750e+02
4.154301213713197605e+00 4.838185729980468750e+02
4.157735939809694692e+00 4.869225463867187500e+02
4.161170665906191779e+00 4.848220214843750000e+02
4.164605392002688866e+00 4.883135986328125000e+02
4.168040118099185953e+00 4.941302185058593750e+02
4.171474844195683040e+00 5.018727416992187500e+02
4.174909570292180128e+00 5.045335998535156250e+02
4.178344296388677215e+00 5.100401000976562500e+02
4.181779022485174302e+00 5.230791015625000000e+02
4.185213748581671389e+00 5.385494384765625000e+02
4.188648474678167588e+00 5.466024780273437500e+02
4.192083200774665563e+00 5.538128662109375000e+02
4.195517926871162651e+00 5.601189575195312500e+02
4.198952652967658850e+00 5.564161987304687500e+02
4.202387379064156825e+00 5.493236694335937500e+02
4.205822105160653912e+00 5.486346435546875000e+02
4.209256831257150111e+00 5.502910156250000000e+02
4.212691557353648086e+00 5.545093994140625000e+02
4.216126283450144285e+00 5.589809570312500000e+02
4.219561009546641372e+00 5.626282348632812500e+02
4.222995735643139348e+00 5.635159912109375000e+02
4.226430461739635547e+00 5.603837280273437500e+02
4.229865187836132634e+00 5.579357910156250000e+02
4.233299913932630609e+00 5.566419677734375000e+02
4.236734640029126808e+00 5.487838134765625000e+02
4.240169366125623895e+00 5.376729125976562500e+02
4.243604092222121871e+00 5.359915771484375000e+02
4.247038818318618070e+00 5.277874755859375000e+02
4.250473544415115157e+00 5.142191162109375000e+02
4.253908270511613132e+00 5.047165527343750000e+02
4.257342996608109331e+00 4.991416931152343750e+02
4.260777722704606418e+00 4.946391906738281250e+02
4.264212448801104394e+00 4.818164978027343750e+02
4.267647174897600593e+00 4.759438171386718750e+02
4.271081900994097680e+00 4.756726074218750000e+02
4.274516627090594767e+00 4.781381225585937500e+02
4.277951353187091854e+00 4.805757141113281250e+02
4.281386079283588941e+00 4.857411193847656250e+02
4.284820805380086028e+00 4.939719848632812500e+02
4.288255531476583116e+00 5.022141113281250000e+02
4.291690257573080203e+00 5.088907775878906250e+02
4.295124983669576402e+00 5.177045898437500000e+02
4.298559709766074377e+00 5.313676757812500000e+02
4.301994435862571464e+00 5.466076049804687500e+02
4.305429161959067663e+00 5.552288208007812500e+02
4.308863888055565639e+00 5.561122436523437500e+02
4.312298614152062726e+00 5.578544921875000000e+02
4.315733340248558925e+00 5.503806152343750000e+02
4.319168066345056900e+00 5.441433105468750000e+02
4.322602792441553987e+00 5.245914916992187500e+02
4.326037518538050186e+00 5.091547851562500000e+02
4.329472244634548161e+00 4.938941955566406250e+02
4.332906970731045249e+00 4.890975341796875000e+02
4.336341696827541448e+00 4.791371459960937500e+02
4.339776422924039423e+00 4.713951721191406250e+02
4.343211149020536510e+00 4.655822753906250000e+02
4.346645875117032709e+00 4.673288269042968750e+02
4.350080601213530684e+00 4.721166992187500000e+02
4.353515327310027772e+00 4.714663696289062500e+02
4.356950053406523971e+00 4.678796691894531250e+02
4.360384779503021058e+00 4.710749206542968750e+02
4.363819505599518145e+00 4.768814697265625000e+02
4.367254231696015232e+00 4.736177368164062500e+02
4.370688957792512319e+00 4.662515563964843750e+02
4.374123683889009406e+00 4.619971008300781250e+02
4.377558409985506493e+00 4.679990844726562500e+02
4.380993136082003581e+00 4.679657592773437500e+02
4.384427862178500668e+00 4.674298095703125000e+02
4.387862588274997755e+00 4.646235351562500000e+02
4.391297314371494842e+00 4.612637329101562500e+02
4.394732040467991929e+00 4.644383544921875000e+02
4.398166766564489016e+00 4.694092712402343750e+02
4.401601492660986104e+00 4.779786682128906250e+02
4.405036218757483191e+00 4.839063720703125000e+02
4.408470944853980278e+00 4.920776062011718750e+02
4.411905670950477365e+00 4.975382080078125000e+02
4.415340397046974452e+00 5.029370727539062500e+02
4.418775123143471539e+00 5.118861694335937500e+02
4.422209849239968626e+00 5.170411376953125000e+02
4.425644575336465714e+00 5.174765625000000000e+02
4.429079301432962801e+00 5.073638000488281250e+02
4.432514027529459888e+00 5.004112854003906250e+02
4.435948753625956975e+00 4.899560852050781250e+02
4.439383479722454062e+00 4.777881774902343750e+02
4.442818205818951149e+00 4.682961730957031250e+02
4.446252931915447348e+00 4.622631530761718750e+02
4.449687658011945324e+00 4.624645385742187500e+02
4.453122384108441523e+00 4.618573303222656250e+02
4.456557110204938610e+00 4.598946838378906250e+02
4.459991836301436585e+00 4.585321044921875000e+02
4.463426562397932784e+00 4.594630432128906250e+02
4.466861288494429871e+00 4.586513366699218750e+02
4.470296014590927847e+00 4.560534362792968750e+02
4.473730740687424046e+00 4.558430786132812500e+02
4.477165466783921133e+00 4.617124633789062500e+02
4.480600192880419108e+00 4.681872558593750000e+02
4.484034918976915307e+00 4.609799499511718750e+02
4.487469645073412394e+00 4.446691589355468750e+02
4.490904371169910370e+00 4.386218261718750000e+02
4.494339097266406569e+00 4.435678100585937500e+02
4.497773823362903656e+00 4.529642028808593750e+02
4.501208549459401631e+00 4.551631469726562500e+02
4.504643275555897830e+00 4.514006652832031250e+02
4.508078001652394917e+00 4.447352600097656250e+02
4.511512727748892893e+00 4.499180603027343750e+02
4.514947453845389091e+00 4.571406555175781250e+02
4.518382179941886179e+00 4.546568908691406250e+02
4.521816906038383266e+00 4.547198791503906250e+02
4.525251632134880353e+00 4.596973876953125000e+02
4.528686358231377440e+00 4.571085205078125000e+02
4.532121084327874527e+00 4.530982666015625000e+02
4.535555810424371614e+00 4.492968444824218750e+02
4.538990536520868702e+00 4.463119812011718750e+02
4.542425262617364901e+00 4.440388183593750000e+02
4.545859988713862876e+00 4.432955017089843750e+02
4.549294714810359963e+00 4.504168395996093750e+02
4.552729440906856162e+00 4.565024108886718750e+02
4.556164167003354137e+00 4.502616882324218750e+02
4.559598893099851225e+00 4.439709472656250000e+02
4.563033619196347423e+00 4.429285888671875000e+02
4.566468345292845399e+00 4.473717346191406250e+02
4.569903071389342486e+00 4.515386962890625000e+02
4.573337797485838685e+00 4.538945007324218750e+02
4.576772523582336660e+00 4.528647460937500000e+02
4.580207249678833747e+00 4.539944458007812500e+02
4.583641975775329946e+00 4.499373779296875000e+02
4.587076701871827922e+00 4.486282958984375000e+02
4.590511427968325009e+00 4.478219299316406250e+02
4.593946154064821208e+00 4.462791442871093750e+02
4.597380880161319183e+00 4.422652587890625000e+02
4.600815606257816270e+00 4.421962280273437500e+02
4.604250332354312469e+00 4.435818176269531250e+02
4.607685058450810445e+00 4.380947875976562500e+02
4.611119784547306644e+00 4.389994812011718750e+02
4.614554510643803731e+00 4.409891052246093750e+02
4.617989236740300818e+00 4.484649658203125000e+02
4.621423962836797905e+00 4.521877441406250000e+02
4.624858688933294992e+00 4.516837463378906250e+02
4.628293415029792079e+00 4.508617248535156250e+02
4.631728141126289167e+00 4.555054931640625000e+02
4.635162867222786254e+00 4.619211120605468750e+02
4.638597593319283341e+00 4.702229309082031250e+02
4.642032319415780428e+00 4.821883544921875000e+02
4.645467045512277515e+00 4.980033874511718750e+02
4.648901771608774602e+00 5.124392089843750000e+02
4.652336497705271690e+00 5.290538940429687500e+02
4.655771223801768777e+00 5.458442382812500000e+02
4.659205949898265864e+00 5.588349609375000000e+02
4.662640675994762951e+00 5.627681884765625000e+02
4.666075402091260038e+00 5.683115844726562500e+02
4.669510128187757125e+00 5.757011108398437500e+02
4.672944854284254212e+00 5.807106933593750000e+02
4.676379580380751300e+00 5.792527465820312500e+02
4.679814306477248387e+00 5.752736816406250000e+02
4.683249032573745474e+00 5.616522216796875000e+02
4.686683758670242561e+00 5.401109619140625000e+02
4.690118484766739648e+00 5.261016845703125000e+02
4.693553210863236735e+00 5.120173950195312500e+02
4.696987936959733823e+00 5.019022827148437500e+02
4.700422663056230022e+00 4.880113830566406250e+02
4.703857389152727997e+00 4.762252807617187500e+02
4.707292115249225084e+00 4.688711242675781250e+02
4.710726841345721283e+00 4.646794738769531250e+02
4.714161567442218370e+00 4.627536621093750000e+02
4.717596293538716345e+00 4.557223510742187500e+02
4.721031019635212544e+00 4.512064514160156250e+02
4.724465745731709632e+00 4.437985534667968750e+02
4.727900471828207607e+00 4.397666320800781250e+02
4.731335197924703806e+00 4.356222534179687500e+02
4.734769924021200893e+00 4.349266357421875000e+02
4.738204650117698868e+00 4.389894409179687500e+02
4.741639376214195067e+00 4.396554870605468750e+02
4.745074102310692155e+00 4.412129516601562500e+02
4.748508828407190130e+00 4.446200256347656250e+02
4.751943554503686329e+00 4.473591918945312500e+02
4.755378280600183416e+00 4.455830993652343750e+02
4.758813006696681391e+00 4.457557373046875000e+02
4.762247732793177590e+00 4.481365661621093750e+02
4.765682458889674677e+00 4.522282409667968750e+02
4.769117184986171765e+00 4.517544250488281250e+02
4.772551911082668852e+00 4.511842346191406250e+02
4.775986637179165939e+00 4.520677795410156250e+02
4.779421363275663026e+00 4.521298217773437500e+02
4.782856089372160113e+00 4.508876342773437500e+02
4.786290815468657200e+00 4.522794494628906250e+02
4.789725541565154288e+00 4.587287292480468750e+02
4.793160267661651375e+00 4.617720947265625000e+02
4.796594993758148462e+00 4.640215454101562500e+02
4.800029719854644661e+00 4.583307495117187500e+02
4.803464445951142636e+00 4.524860229492187500e+02
4.806899172047639723e+00 4.529662170410156250e+02
4.810333898144135922e+00 4.642486877441406250e+02
4.813768624240633898e+00 4.689586486816406250e+02
4.817203350337130985e+00 4.737962646484375000e+02
4.820638076433627184e+00 4.757122497558593750e+02
4.824072802530125159e+00 4.744389648437500000e+02
4.827507528626622246e+00 4.738360595703125000e+02
4.830942254723118445e+00 4.702187805175781250e+02
4.834376980819616421e+00 4.673873596191406250e+02
4.837811706916113508e+00 4.640764465332031250e+02
4.841246433012609707e+00 4.624584045410156250e+02
4.844681159109107682e+00 4.624746704101562500e+02
4.848115885205604769e+00 4.588321228027343750e+02
4.851550611302100968e+00 4.564642333984375000e+02
4.854985337398598944e+00 4.603148498535156250e+02
4.858420063495095143e+00 4.631747741699218750e+02
4.861854789591592230e+00 4.650537414550781250e+02
4.865289515688090205e+00 4.643181457519531250e+02
4.868724241784586404e+00 4.671105041503906250e+02
4.872158967881083491e+00 4.832112121582031250e+02
4.875593693977581466e+00 4.912643737792968750e+02
4.879028420074077665e+00 5.027816772460937500e+02
4.882463146170574753e+00 4.974025268554687500e+02
4.885897872267071840e+00 4.901041259765625000e+02
4.889332598363568927e+00 4.772738342285156250e+02
4.892767324460066014e+00 4.835656738281250000e+02
4.896202050556563101e+00 4.848979492187500000e+02
4.899636776653060188e+00 4.813291320800781250e+02
4.903071502749557276e+00 4.798816528320312500e+02
4.906506228846054363e+00 4.696543579101562500e+02
4.909940954942551450e+00 4.586126098632812500e+02
4.913375681039048537e+00 4.545757141113281250e+02
4.916810407135545624e+00 4.587714538574218750e+02
4.920245133232042711e+00 4.524991760253906250e+02
4.923679859328539798e+00 4.499719543457031250e+02
4.927114585425036886e+00 4.496979980468750000e+02
4.930549311521533973e+00 4.568576965332031250e+02
4.933984037618031060e+00 4.596552124023437500e+02
4.937418763714528147e+00 4.601787719726562500e+02
4.940853489811025234e+00 4.602651672363281250e+02
4.944288215907522321e+00 4.629699707031250000e+02
4.947722942004018520e+00 4.568450927734375000e+02
4.951157668100516496e+00 4.534883117675781250e+02
4.954592394197013583e+00 4.528548583984375000e+02
4.958027120293509782e+00 4.573084716796875000e+02
4.961461846390007757e+00 4.567158508300781250e+02
4.964896572486504844e+00 4.633322448730468750e+02
4.968331298583001043e+00 4.694949340820312500e+02
4.971766024679498130e+00 4.677688598632812500e+02
4.975200750775996106e+00 4.577691040039062500e+02
4.978635476872492305e+00 4.541380004882812500e+02
4.982070202968989392e+00 4.502681579589843750e+02
4.985504929065487367e+00 4.566751098632812500e+02
4.988939655161983566e+00 4.570473022460937500e+02
4.992374381258480653e+00 4.540802001953125000e+02
4.995809107354978629e+00 4.476600952148437500e+02
4.999243833451474828e+00 4.452514038085937500e+02
5.002678559547971915e+00 4.409673767089843750e+02
5.006113285644469002e+00 4.368495178222656250e+02
5.009548011740966089e+00 4.297424011230468750e+02
5.012982737837463176e+00 4.268703308105468750e+02
5.016417463933960263e+00 4.315591735839843750e+02
5.019852190030457351e+00 4.301788330078125000e+02
5.023286916126954438e+00 4.308987426757812500e+02
5.026721642223451525e+00 4.301453857421875000e+02
5.030156368319948612e+00 4.354939880371093750e+02
5.033591094416445699e+00 4.381705932617187500e+02
5.037025820512942786e+00 4.451383056640625000e+02
5.040460546609439874e+00 4.472939147949218750e+02
5.043895272705936961e+00 4.490187072753906250e+02
5.047329998802434048e+00 4.512073974609375000e+02
5.050764724898931135e+00 4.537247009277343750e+02
5.054199450995428222e+00 4.560252685546875000e+02
5.057634177091925309e+00 4.507170410156250000e+02
5.061068903188422397e+00 4.447866821289062500e+02
5.064503629284919484e+00 4.372956848144531250e+02
5.067938355381415683e+00 4.319562683105468750e+02
5.071373081477913658e+00 4.315210876464843750e+02
5.074807807574410745e+00 4.342060546875000000e+02
5.078242533670906944e+00 4.345635681152343750e+02
5.081677259767404919e+00 4.346742858886718750e+02
5.085111985863902007e+00 4.368884582519531250e+02
5.088546711960398206e+00 4.367116394042968750e+02
5.091981438056896181e+00 4.300902404785156250e+02
5.095416164153392380e+00 4.248231201171875000e+02
5.098850890249889467e+00 4.233838806152343750e+02
5.102285616346387442e+00 4.282562866210937500e+02
5.105720342442883641e+00 4.275185241699218750e+02
5.109155068539380729e+00 4.242239990234375000e+02
5.112589794635878704e+00 4.228419494628906250e+02
5.116024520732374903e+00 4.181597290039062500e+02
5.119459246828871990e+00 4.199926452636718750e+02
5.122893972925369965e+00 4.220930175781250000e+02
5.126328699021866164e+00 4.205003051757812500e+02
5.129763425118363251e+00 4.118211669921875000e+02
5.133198151214861227e+00 4.081669616699218750e+02
5.136632877311357426e+00 4.059752807617187500e+02
5.140067603407854513e+00 4.080446166992187500e+02
5.143502329504352488e+00 4.094411315917968750e+02
5.146937055600848687e+00 4.130357971191406250e+02
5.150371781697345774e+00 4.158982238769531250e+02
5.153806507793842862e+00 4.137362670898437500e+02
5.157241233890339949e+00 4.148883972167968750e+02
5.160675959986837036e+00 4.137709350585937500e+02
5.164110686083334123e+00 4.181488037109375000e+02
5.167545412179831210e+00 4.180865478515625000e+02
5.170980138276328297e+00 4.168717346191406250e+02
5.174414864372825384e+00 4.160999145507812500e+02
5.177849590469322472e+00 4.218575439453125000e+02
5.181284316565819559e+00 4.250600585937500000e+02
5.184719042662315758e+00 4.201481628417968750e+02
5.188153768758813733e+00 4.157226867675781250e+02
5.191588494855310820e+00 4.091716308593750000e+02
5.195023220951807019e+00 4.140526123046875000e+02
5.198457947048304995e+00 4.193148498535156250e+02
5.201892673144802082e+00 4.236638793945312500e+02
5.205327399241298281e+00 4.285855102539062500e+02
5.208762125337796256e+00 4.359153442382812500e+02
5.212196851434293343e+00 4.405877380371093750e+02
5.215631577530789542e+00 4.469602050781250000e+02
5.219066303627287517e+00 4.550830078125000000e+02
5.222501029723784605e+00 4.594430847167968750e+02
5.225935755820280804e+00 4.597575073242187500e+02
5.229370481916778779e+00 4.584981994628906250e+02
5.232805208013275866e+00 4.496902465820312500e+02
5.236239934109772065e+00 4.410700683593750000e+02
5.239674660206269152e+00 4.359624633789062500e+02
5.243109386302767128e+00 4.347174682617187500e+02
5.246544112399263327e+00 4.307174682617187500e+02
5.249978838495760414e+00 4.274555358886718750e+02
5.253413564592257501e+00 4.200162658691406250e+02
5.256848290688754588e+00 4.098012695312500000e+02
5.260283016785251675e+00 4.045261230468750000e+02
5.263717742881748762e+00 4.018117675781250000e+02
5.267152468978245849e+00 3.974538574218750000e+02
5.270587195074742937e+00 3.994244079589843750e+02
5.274021921171240024e+00 4.068251953125000000e+02
5.277456647267737111e+00 4.056828918457031250e+02
5.280891373364234198e+00 4.054930419921875000e+02
5.284326099460731285e+00 4.034106750488281250e+02
5.287760825557228372e+00 4.091128845214843750e+02
5.291195551653725460e+00 4.118803100585937500e+02
5.294630277750222547e+00 4.107717895507812500e+02
5.298065003846719634e+00 4.128170471191406250e+02
5.301499729943216721e+00 4.132816467285156250e+02
5.304934456039713808e+00 4.110281066894531250e+02
5.308369182136210895e+00 4.089210510253906250e+02
5.311803908232707983e+00 4.153453369140625000e+02
5.315238634329205070e+00 4.160291137695312500e+02
5.318673360425702157e+00 4.104526672363281250e+02
5.322108086522199244e+00 4.130997009277343750e+02
5.325542812618695443e+00 4.144544372558593750e+02
5.328977538715193418e+00 4.173859252929687500e+02
5.332412264811690505e+00 4.213734130859375000e+02
5.335846990908186704e+00 4.280017395019531250e+02
5.339281717004684680e+00 4.341849365234375000e+02
5.342716443101180879e+00 4.442547912597656250e+02
5.346151169197677966e+00 4.458102722167968750e+02
5.349585895294175941e+00 4.437038269042968750e+02
5.353020621390672140e+00 4.444660644531250000e+02
5.356455347487169227e+00 4.515198364257812500e+02
5.359890073583667203e+00 4.559613037109375000e+02
5.363324799680163402e+00 4.551921997070312500e+02
5.366759525776660489e+00 4.521307373046875000e+02
5.370194251873158464e+00 4.443819580078125000e+02
5.373628977969654663e+00 4.348527221679687500e+02
5.377063704066151750e+00 4.253828125000000000e+02
5.380498430162649726e+00 4.142562561035156250e+02
5.383933156259145925e+00 4.090079040527343750e+02
5.387367882355643012e+00 4.076228942871093750e+02
5.390802608452140987e+00 4.044672546386718750e+02
5.394237334548637186e+00 3.990297851562500000e+02
5.397672060645134273e+00 3.999889526367187500e+02
5.401106786741632249e+00 4.046672363281250000e+02
5.404541512838128448e+00 4.009492797851562500e+02
5.407976238934625535e+00 3.963475341796875000e+02
5.411410965031122622e+00 3.914200134277343750e+02
5.414845691127619709e+00 3.908668518066406250e+02
5.418280417224116796e+00 3.994807434082031250e+02
5.421715143320613883e+00 4.055150451660156250e+02
5.425149869417110970e+00 4.068678283691406250e+02
5.428584595513608058e+00 4.051762390136718750e+02
5.432019321610104257e+00 4.084186706542968750e+02
5.435454047706602232e+00 4.109913330078125000e+02
5.438888773803099319e+00 4.085785217285156250e+02
5.442323499899595518e+00 4.096683349609375000e+02
5.445758225996093493e+00 4.122292785644531250e+02
5.449192952092590581e+00 4.104967346191406250e+02
5.452627678189086780e+00 4.069868774414062500e+02
5.456062404285584755e+00 4.023827514648437500e+02
5.459497130382081842e+00 4.007097473144531250e+02
5.462931856478578041e+00 4.005215759277343750e+02
5.466366582575076016e+00 4.014864501953125000e+02
5.469801308671573103e+00 4.075516357421875000e+02
5.473236034768069302e+00 4.146937561035156250e+02
5.476670760864567278e+00 4.241560668945312500e+02
5.480105486961064365e+00 4.381896362304687500e+02
5.483540213057560564e+00 4.419843139648437500e+02
5.486974939154058539e+00 4.380798339843750000e+02
5.490409665250555626e+00 4.357410888671875000e+02
5.493844391347051825e+00 4.376029663085937500e+02
5.497279117443548913e+00 4.427647094726562500e+02
5.500713843540046000e+00 4.414506530761718750e+02
5.504148569636543087e+00 4.304025878906250000e+02
5.507583295733040174e+00 4.174667968750000000e+02
5.511018021829537261e+00 4.069541015625000000e+02
5.514452747926034348e+00 4.099623718261718750e+02
5.517887474022531435e+00 4.130170288085937500e+02
5.521322200119028523e+00 4.168326110839843750e+02
5.524756926215525610e+00 4.157297363281250000e+02
5.528191652312022697e+00 4.111244812011718750e+02
5.531626378408519784e+00 4.100395202636718750e+02
5.535061104505016871e+00 4.101587829589843750e+02
5.538495830601513958e+00 4.108370056152343750e+02
5.541930556698011046e+00 4.071523437500000000e+02
5.545365282794508133e+00 4.045643005371093750e+02
5.548800008891005220e+00 4.060635681152343750e+02
5.552234734987502307e+00 4.074992065429687500e+02
5.555669461083999394e+00 4.109376220703125000e+02
5.559104187180496481e+00 4.117502136230468750e+02
5.562538913276993569e+00 4.103889465332031250e+02
5.565973639373490656e+00 4.074457092285156250e+02
5.569408365469987743e+00 4.030285034179687500e+02
5.572843091566484830e+00 4.013490295410156250e+02
5.576277817662981917e+00 4.054873352050781250e+02
5.579712543759479004e+00 4.108092346191406250e+02
5.583147269855976091e+00 4.118410644531250000e+02
5.586581995952473179e+00 4.090711059570312500e+02
5.590016722048969378e+00 4.048591308593750000e+02
5.593451448145466465e+00 4.030890808105468750e+02
5.596886174241964440e+00 3.994458923339843750e+02
5.600320900338460639e+00 3.959766540527343750e+02
5.603755626434957726e+00 4.006820983886718750e+02
5.607190352531455702e+00 3.996155700683593750e+02
5.610625078627951901e+00 3.974034423828125000e+02
5.614059804724448988e+00 3.931000671386718750e+02
5.617494530820946963e+00 3.925458374023437500e+02
5.620929256917443162e+00 3.947205505371093750e+02
5.624363983013940249e+00 3.962752380371093750e+02
5.627798709110438224e+00 3.944170837402343750e+02
5.631233435206934423e+00 3.878464660644531250e+02
5.634668161303431511e+00 3.852106933593750000e+02
5.638102887399929486e+00 3.870787658691406250e+02
5.641537613496425685e+00 3.893439941406250000e+02
5.644972339592922772e+00 3.853117065429687500e+02
5.648407065689419859e+00 3.921781311035156250e+02
5.651841791785916946e+00 3.973117675781250000e+02
5.655276517882414034e+00 4.005034179687500000e+02
5.658711243978911121e+00 4.024883728027343750e+02
5.662145970075408208e+00 3.999345703125000000e+02
5.665580696171905295e+00 4.008101806640625000e+02
5.669015422268402382e+00 4.051555175781250000e+02
5.672450148364899469e+00 4.075100097656250000e+02
5.675884874461396556e+00 4.084526977539062500e+02
5.679319600557892755e+00 4.123818359375000000e+02
5.682754326654390731e+00 4.172538452148437500e+02
5.686189052750887818e+00 4.197024536132812500e+02
5.689623778847384017e+00 4.262410888671875000e+02
5.693058504943881992e+00 4.391372985839843750e+02
5.696493231040379079e+00 4.557696838378906250e+02
5.699927957136875278e+00 4.808847045898437500e+02
5.703362683233373254e+00 5.287314453125000000e+02
5.706797409329870341e+00 6.088601074218750000e+02
5.710232135426366540e+00 7.160963745117187500e+02
5.713666861522864515e+00 8.390370483398437500e+02
5.717101587619361602e+00 9.568502197265625000e+02
5.720536313715857801e+00 1.060491699218750000e+03
5.723971039812355777e+00 1.132914428710937500e+03
5.727405765908852864e+00 1.160281738281250000e+03
5.730840492005349063e+00 1.147382690429687500e+03
5.734275218101847038e+00 1.104250244140625000e+03
5.737709944198343237e+00 1.039353149414062500e+03
5.741144670294840324e+00 9.577915039062500000e+02
5.744579396391338300e+00 8.766175537109375000e+02
5.748014122487834499e+00 7.951039428710937500e+02
5.751448848584331586e+00 7.106551513671875000e+02
5.754883574680829561e+00 6.315172119140625000e+02
5.758318300777325760e+00 5.534854125976562500e+02
5.761753026873822847e+00 4.952355346679687500e+02
5.765187752970319934e+00 4.554944152832031250e+02
5.768622479066817021e+00 4.315967407226562500e+02
5.772057205163314109e+00 4.163631896972656250e+02
5.775491931259811196e+00 4.052496948242187500e+02
5.778926657356308283e+00 4.041614990234375000e+02
5.782361383452805370e+00 4.043172607421875000e+02
5.785796109549302457e+00 4.025998229980468750e+02
5.789230835645799544e+00 4.027582092285156250e+02
5.792665561742296632e+00 4.007794799804687500e+02
5.796100287838793719e+00 4.022670898437500000e+02
5.799535013935290806e+00 3.989058837890625000e+02
5.802969740031787893e+00 3.978961791992187500e+02
5.806404466128284980e+00 3.953266906738281250e+02
5.809839192224782067e+00 3.927745056152343750e+02
5.813273918321279154e+00 3.953639526367187500e+02
5.816708644417776242e+00 3.940488586425781250e+02
5.820143370514273329e+00 3.925071105957031250e+02
5.823578096610770416e+00 3.910931396484375000e+02
5.827012822707266615e+00 3.969468994140625000e+02
5.830447548803764590e+00 3.928222045898437500e+02
5.833882274900261677e+00 3.878338623046875000e+02
5.837317000996757876e+00 3.839670410156250000e+02
5.840751727093255852e+00 3.849978027343750000e+02
5.844186453189752939e+00 3.903879394531250000e+02
5.847621179286249138e+00 3.925216979980468750e+02
5.851055905382746225e+00 3.965130310058593750e+02
5.854490631479244200e+00 3.964281616210937500e+02
5.857925357575740399e+00 3.928022460937500000e+02
5.861360083672237486e+00 3.877681884765625000e+02
5.864794809768735462e+00 3.848384399414062500e+02
5.868229535865231661e+00 3.880115051269531250e+02
5.871664261961728748e+00 3.916695556640625000e+02
5.875098988058226723e+00 3.947402954101562500e+02
5.878533714154722922e+00 3.954471740722656250e+02
5.881968440251220009e+00 3.945645141601562500e+02
5.885403166347717985e+00 3.957960205078125000e+02
5.888837892444214184e+00 3.964689025878906250e+02
5.892272618540711271e+00 3.941309204101562500e+02
5.895707344637208358e+00 3.870467834472656250e+02
5.899142070733705445e+00 3.853101806640625000e+02
5.902576796830202532e+00 3.887566223144531250e+02
5.906011522926699620e+00 3.885372009277343750e+02
5.909446249023196707e+00 3.882749023437500000e+02
5.912880975119693794e+00 3.881319274902343750e+02
5.916315701216190881e+00 3.935310668945312500e+02
5.919750427312687968e+00 3.964090270996093750e+02
5.923185153409185055e+00 4.000621643066406250e+02
5.926619879505682142e+00 3.995480041503906250e+02
5.930054605602179230e+00 3.921155395507812500e+02
5.933489331698676317e+00 3.864507446289062500e+02
5.936924057795173404e+00 3.918747558593750000e+02
5.940358783891670491e+00 4.028059997558593750e+02
5.943793509988167578e+00 4.118984680175781250e+02
5.947228236084663777e+00 4.234051818847656250e+02
5.950662962181161753e+00 4.378546447753906250e+02
5.954097688277658840e+00 4.589701232910156250e+02
5.957532414374155039e+00 4.951257324218750000e+02
5.960967140470653014e+00 5.593439941406250000e+02
5.964401866567150101e+00 6.544398193359375000e+02
5.967836592663646300e+00 7.784197998046875000e+02
5.971271318760144275e+00 9.139194946289062500e+02
5.974706044856641363e+00 1.039245117187500000e+03
5.978140770953137562e+00 1.136386474609375000e+03
5.981575497049635537e+00 1.193587646484375000e+03
5.985010223146131736e+00 1.209695678710937500e+03
5.988444949242628823e+00 1.175961425781250000e+03
5.991879675339126798e+00 1.114178833007812500e+03
5.995314401435622997e+00 1.045514892578125000e+03
5.998749127532120085e+00 9.629370117187500000e+02
6.002183853628618060e+00 8.653616943359375000e+02
6.005618579725114259e+00 7.675272216796875000e+02
6.009053305821611346e+00 6.798704833984375000e+02
6.012488031918109321e+00 5.940090332031250000e+02
6.015922758014605520e+00 5.230046386718750000e+02
6.019357484111102607e+00 4.727024841308593750e+02
6.022792210207600583e+00 4.370883178710937500e+02
6.026226936304096782e+00 4.141288146972656250e+02
6.029661662400593869e+00 4.051903991699218750e+02
6.033096388497090956e+00 4.084132080078125000e+02
6.036531114593588043e+00 4.083678588867187500e+02
6.039965840690085130e+00 4.044166564941406250e+02
6.043400566786582218e+00 3.967870483398437500e+02
6.046835292883079305e+00 3.993521728515625000e+02
6.050270018979576392e+00 3.990086364746093750e+02
6.053704745076073479e+00 3.990975952148437500e+02
6.057139471172570566e+00 3.979400024414062500e+02
6.060574197269067653e+00 3.993009948730468750e+02
6.064008923365564740e+00 4.026038818359375000e+02
6.067443649462061828e+00 4.063533020019531250e+02
6.070878375558558915e+00 4.085870666503906250e+02
6.074313101655055114e+00 4.102483215332031250e+02
6.077747827751553089e+00 4.076822814941406250e+02
6.081182553848050176e+00 4.003201599121093750e+02
6.084617279944546375e+00 3.978211669921875000e+02
6.088052006041044351e+00 4.001603393554687500e+02
6.091486732137541438e+00 4.024241943359375000e+02
6.094921458234037637e+00 3.955711669921875000e+02
6.098356184330535612e+00 3.920354309082031250e+02
6.101790910427032699e+00 3.950229187011718750e+02
6.105225636523528898e+00 3.940807800292968750e+02
6.108660362620026874e+00 3.879748535156250000e+02
6.112095088716523961e+00 3.817276000976562500e+02
6.115529814813020160e+00 3.804749755859375000e+02
6.118964540909517247e+00 3.820352172851562500e+02
6.122399267006015222e+00 3.798721923828125000e+02
6.125833993102511421e+00 3.755835571289062500e+02
6.129268719199008508e+00 3.761665344238281250e+02
6.132703445295506484e+00 3.808373107910156250e+02
6.136138171392002683e+00 3.833650207519531250e+02
6.139572897488499770e+00 3.848547973632812500e+02
6.143007623584996857e+00 3.877629699707031250e+02
6.146442349681493944e+00 3.909800109863281250e+02
6.149877075777991031e+00 3.903417663574218750e+02
6.153311801874488118e+00 3.861239624023437500e+02
6.156746527970985206e+00 3.805995483398437500e+02
6.160181254067482293e+00 3.806777343750000000e+02
6.163615980163979380e+00 3.763609008789062500e+02
6.167050706260476467e+00 3.763910522460937500e+02
6.170485432356973554e+00 3.738349609375000000e+02
6.173920158453470641e+00 3.736410217285156250e+02
6.177354884549967728e+00 3.768252868652343750e+02
6.180789610646464816e+00 3.792095947265625000e+02
6.184224336742961903e+00 3.775424194335937500e+02
6.187659062839458990e+00 3.705257568359375000e+02
6.191093788935956077e+00 3.688296813964843750e+02
6.194528515032453164e+00 3.695191345214843750e+02
6.197963241128950251e+00 3.723528442382812500e+02
6.201397967225447339e+00 3.772128906250000000e+02
6.204832693321943538e+00 3.773979797363281250e+02
6.208267419418441513e+00 3.730798034667968750e+02
6.211702145514938600e+00 3.712057800292968750e+02
6.215136871611434799e+00 3.678509826660156250e+02
6.218571597707932774e+00 3.600780944824218750e+02
6.222006323804429861e+00 3.581708984375000000e+02
6.225441049900926060e+00 3.610397949218750000e+02
6.228875775997424036e+00 3.660045471191406250e+02
6.232310502093920235e+00 3.693787536621093750e+02
6.235745228190417322e+00 3.675005187988281250e+02
6.239179954286915297e+00 3.631513671875000000e+02
6.242614680383411496e+00 3.598683776855468750e+02
6.246049406479908583e+00 3.611789855957031250e+02
6.249484132576406559e+00 3.632413330078125000e+02
6.252918858672902758e+00 3.638050842285156250e+02
6.256353584769399845e+00 3.639998168945312500e+02
6.259788310865897820e+00 3.617027282714843750e+02
6.263223036962394019e+00 3.614944458007812500e+02
6.266657763058891106e+00 3.624479370117187500e+02
6.270092489155389082e+00 3.639455261230468750e+02
6.273527215251885281e+00 3.648073425292968750e+02
6.276961941348382368e+00 3.690236206054687500e+02
6.280396667444880343e+00 3.783437194824218750e+02
6.283831393541376542e+00 3.899561157226562500e+02
6.287266119637873629e+00 3.961280212402343750e+02
6.290700845734370716e+00 3.898445129394531250e+02
6.294135571830867804e+00 3.877567443847656250e+02
6.297570297927364891e+00 3.881965637207031250e+02
6.301005024023861978e+00 3.905730285644531250e+02
6.304439750120359065e+00 3.901462097167968750e+02
6.307874476216856152e+00 3.875952148437500000e+02
6.311309202313353239e+00 3.838747863769531250e+02
6.314743928409850326e+00 3.782303771972656250e+02
6.318178654506347414e+00 3.754758911132812500e+02
6.321613380602843613e+00 3.751761779785156250e+02
6.325048106699341588e+00 3.747485656738281250e+02
6.328482832795838675e+00 3.703813476562500000e+02
6.331917558892334874e+00 3.763705444335937500e+02
6.335352284988832849e+00 3.835482177734375000e+02
6.338787011085329937e+00 3.835945129394531250e+02
6.342221737181826136e+00 3.788709411621093750e+02
6.345656463278324111e+00 3.769646911621093750e+02
6.349091189374821198e+00 3.777947082519531250e+02
6.352525915471317397e+00 3.775348815917968750e+02
6.355960641567815372e+00 3.729614257812500000e+02
6.359395367664312460e+00 3.690317077636718750e+02
6.362830093760808658e+00 3.673817138671875000e+02
6.366264819857306634e+00 3.642974243164062500e+02
6.369699545953803721e+00 3.625600585937500000e+02
6.373134272050299920e+00 3.603012695312500000e+02
6.376568998146797007e+00 3.605858764648437500e+02
6.380003724243294982e+00 3.596589660644531250e+02
6.383438450339791181e+00 3.609764099121093750e+02
6.386873176436288269e+00 3.615698242187500000e+02
6.390307902532785356e+00 3.558396911621093750e+02
6.393742628629282443e+00 3.529204711914062500e+02
6.397177354725779530e+00 3.564732360839843750e+02
6.400612080822276617e+00 3.592931213378906250e+02
6.404046806918773704e+00 3.586836853027343750e+02
6.407481533015270792e+00 3.540794067382812500e+02
6.410916259111767879e+00 3.536047668457031250e+02
6.414350985208264966e+00 3.591414184570312500e+02
6.417785711304762053e+00 3.627071838378906250e+02
6.421220437401259140e+00 3.656560363769531250e+02
6.424655163497756227e+00 3.704848632812500000e+02
6.428089889594253314e+00 3.739483032226562500e+02
6.431524615690750402e+00 3.751603393554687500e+02
6.434959341787247489e+00 3.741927185058593750e+02
6.438394067883744576e+00 3.754112548828125000e+02
6.441828793980241663e+00 3.805385437011718750e+02
6.445263520076738750e+00 3.815587768554687500e+02
6.448698246173235837e+00 3.762703552246093750e+02
6.452132972269732925e+00 3.750620117187500000e+02
6.455567698366230012e+00 3.715761718750000000e+02
6.459002424462727099e+00 3.671972961425781250e+02
6.462437150559224186e+00 3.630384216308593750e+02
6.465871876655721273e+00 3.607134399414062500e+02
6.469306602752218360e+00 3.600287780761718750e+02
6.472741328848714559e+00 3.592626647949218750e+02
6.476176054945212535e+00 3.590042724609375000e+02
6.479610781041708734e+00 3.589435729980468750e+02
6.483045507138205821e+00 3.550928344726562500e+02
6.486480233234703796e+00 3.509238281250000000e+02
6.489914959331199995e+00 3.479351806640625000e+02
6.493349685427697082e+00 3.490463867187500000e+02
6.496784411524195058e+00 3.511942138671875000e+02
6.500219137620691257e+00 3.570895080566406250e+02
6.503653863717188344e+00 3.600955505371093750e+02
6.507088589813686319e+00 3.592208862304687500e+02
6.510523315910182518e+00 3.560139770507812500e+02
6.513958042006679605e+00 3.512793884277343750e+02
6.517392768103177580e+00 3.492392272949218750e+02
6.520827494199673779e+00 3.574799804687500000e+02
6.524262220296170867e+00 3.602401123046875000e+02
6.527696946392668842e+00 3.616768493652343750e+02
6.531131672489165041e+00 3.601137084960937500e+02
6.534566398585662128e+00 3.629324340820312500e+02
6.538001124682159215e+00 3.612995910644531250e+02
6.541435850778656302e+00 3.594243164062500000e+02
6.544870576875153390e+00 3.551774291992187500e+02
6.548305302971650477e+00 3.531222839355468750e+02
6.551740029068147564e+00 3.489918823242187500e+02
6.555174755164644651e+00 3.507574768066406250e+02
6.558609481261141738e+00 3.529772338867187500e+02
6.562044207357638825e+00 3.545965576171875000e+02
6.565478933454135912e+00 3.519891967773437500e+02
6.568913659550632111e+00 3.503972778320312500e+02
6.572348385647130087e+00 3.467001342773437500e+02
6.575783111743627174e+00 3.441912536621093750e+02
6.579217837840123373e+00 3.410972595214843750e+02
6.582652563936621348e+00 3.405457153320312500e+02
6.586087290033118435e+00 3.418392028808593750e+02
6.589522016129614634e+00 3.469005126953125000e+02
6.592956742226112610e+00 3.493043518066406250e+02
6.596391468322609697e+00 3.489221801757812500e+02
6.599826194419105896e+00 3.520823059082031250e+02
6.603260920515603871e+00 3.544268798828125000e+02
6.606695646612100958e+00 3.566789245605468750e+02
6.610130372708597157e+00 3.593582153320312500e+02
6.613565098805095133e+00 3.580694885253906250e+02
6.616999824901592220e+00 3.577901916503906250e+02
6.620434550998088419e+00 3.556148681640625000e+02
6.623869277094586394e+00 3.548678283691406250e+02
6.627304003191082593e+00 3.499473266601562500e+02
6.630738729287579680e+00 3.458625793457031250e+02
6.634173455384077656e+00 3.455802612304687500e+02
6.637608181480573855e+00 3.463028259277343750e+02
6.641042907577070942e+00 3.455990295410156250e+02
6.644477633673568029e+00 3.420478820800781250e+02
6.647912359770065116e+00 3.356349487304687500e+02
6.651347085866562203e+00 3.352609558105468750e+02
6.654781811963059290e+00 3.427403259277343750e+02
6.658216538059556378e+00 3.473413696289062500e+02
6.661651264156053465e+00 3.481287231445312500e+02
6.665085990252550552e+00 3.465070190429687500e+02
6.668520716349047639e+00 3.502781982421875000e+02
6.671955442445544726e+00 3.518890075683593750e+02
6.675390168542041813e+00 3.524490966796875000e+02
6.678824894638538900e+00 3.524392089843750000e+02
6.682259620735035988e+00 3.562436828613281250e+02
6.685694346831533075e+00 3.613799743652343750e+02
6.689129072928030162e+00 3.636002502441406250e+02
6.692563799024527249e+00 3.642870483398437500e+02
6.695998525121024336e+00 3.583794250488281250e+02
6.699433251217521423e+00 3.551447143554687500e+02
6.702867977314018511e+00 3.571806945800781250e+02
6.706302703410515598e+00 3.620513916015625000e+02
6.709737429507012685e+00 3.584686584472656250e+02
6.713172155603509772e+00 3.558891296386718750e+02
6.716606881700005971e+00 3.542168884277343750e+02
6.720041607796503946e+00 3.576051025390625000e+02
6.723476333893001033e+00 3.562942504882812500e+02
6.726911059989497232e+00 3.528069763183593750e+02
6.730345786085994320e+00 3.499125976562500000e+02
6.733780512182492295e+00 3.522433166503906250e+02
6.737215238278988494e+00 3.500678405761718750e+02
6.740649964375485581e+00 3.430569458007812500e+02
6.744084690471983556e+00 3.385992736816406250e+02
6.747519416568479755e+00 3.435536193847656250e+02
6.750954142664976843e+00 3.475076293945312500e+02
6.754388868761474818e+00 3.509265441894531250e+02
6.757823594857971017e+00 3.498922119140625000e+02
6.761258320954468104e+00 3.511493835449218750e+02
6.764693047050966079e+00 3.528977966308593750e+02
6.768127773147462278e+00 3.561277770996093750e+02
6.771562499243959365e+00 3.493974304199218750e+02
6.774997225340457341e+00 3.472836608886718750e+02
6.778431951436953540e+00 3.498429870605468750e+02
6.781866677533450627e+00 3.526502380371093750e+02
6.785301403629947714e+00 3.518316040039062500e+02
6.788736129726444801e+00 3.481576538085937500e+02
6.792170855822941888e+00 3.438610534667968750e+02
6.795605581919438976e+00 3.410338745117187500e+02
6.799040308015936063e+00 3.477026062011718750e+02
6.802475034112433150e+00 3.527348937988281250e+02
6.805909760208930237e+00 3.574905395507812500e+02
6.809344486305427324e+00 3.576785278320312500e+02
6.812779212401924411e+00 3.557086181640625000e+02
6.816213938498421498e+00 3.539852600097656250e+02
6.819648664594918586e+00 3.561702270507812500e+02
6.823083390691415673e+00 3.572831115722656250e+02
6.826518116787911872e+00 3.555691528320312500e+02
6.829952842884409847e+00 3.537041015625000000e+02
6.833387568980906934e+00 3.509029541015625000e+02
6.836822295077403133e+00 3.447172851562500000e+02
6.840257021173901109e+00 3.423024291992187500e+02
6.843691747270398196e+00 3.398385314941406250e+02
6.847126473366894395e+00 3.377240295410156250e+02
6.850561199463392370e+00 3.365979309082031250e+02
6.853995925559889457e+00 3.384442138671875000e+02
6.857430651656385656e+00 3.415570678710937500e+02
6.860865377752883632e+00 3.407643432617187500e+02
6.864300103849380719e+00 3.429964294433593750e+02
6.867734829945876918e+00 3.457511596679687500e+02
6.871169556042374893e+00 3.457194213867187500e+02
6.874604282138871092e+00 3.444722595214843750e+02
6.878039008235368179e+00 3.483467102050781250e+02
6.881473734331866154e+00 3.461140747070312500e+02
6.884908460428362353e+00 3.416892395019531250e+02
6.888343186524859441e+00 3.422415466308593750e+02
6.891777912621357416e+00 3.465481567382812500e+02
6.895212638717853615e+00 3.444889831542968750e+02
6.898647364814350702e+00 3.441796264648437500e+02
6.902082090910848677e+00 3.473129882812500000e+02
6.905516817007344876e+00 3.519186096191406250e+02
6.908951543103841964e+00 3.510555419921875000e+02
6.912386269200339051e+00 3.515208740234375000e+02
6.915820995296836138e+00 3.480371093750000000e+02
6.919255721393333225e+00 3.443080139160156250e+02
6.922690447489830312e+00 3.460286865234375000e+02
6.926125173586327399e+00 3.459065246582031250e+02
6.929559899682824486e+00 3.427434082031250000e+02
6.932994625779321574e+00 3.429649047851562500e+02
6.936429351875818661e+00 3.443972167968750000e+02
6.939864077972315748e+00 3.423453063964843750e+02
6.943298804068812835e+00 3.422221069335937500e+02
6.946733530165309922e+00 3.401799011230468750e+02
6.950168256261807009e+00 3.391971130371093750e+02
6.953602982358304097e+00 3.425860595703125000e+02
6.957037708454801184e+00 3.494893188476562500e+02
6.960472434551298271e+00 3.520330505371093750e+02
6.963907160647794470e+00 3.505081787109375000e+02
6.967341886744292445e+00 3.507058715820312500e+02
6.970776612840789532e+00 3.480093994140625000e+02
6.974211338937285731e+00 3.444364929199218750e+02
6.977646065033783707e+00 3.418359069824218750e+02
6.981080791130280794e+00 3.459322814941406250e+02
6.984515517226776993e+00 3.479475402832031250e+02
6.987950243323274968e+00 3.476051025390625000e+02
6.991384969419772055e+00 3.434631347656250000e+02
6.994819695516268254e+00 3.444283752441406250e+02
6.998254421612765341e+00 3.449171142578125000e+02
7.001689147709263317e+00 3.400232238769531250e+02
7.005123873805759516e+00 3.352679138183593750e+02
7.008558599902256603e+00 3.332693176269531250e+02
7.011993325998754578e+00 3.377148742675781250e+02
7.015428052095250777e+00 3.432320556640625000e+02
7.018862778191747864e+00 3.468683776855468750e+02
7.022297504288245840e+00 3.426150817871093750e+02
7.025732230384742039e+00 3.373059387207031250e+02
7.029166956481239126e+00 3.380794372558593750e+02
7.032601682577736213e+00 3.435868530273437500e+02
7.036036408674233300e+00 3.487313232421875000e+02
7.039471134770730387e+00 3.480112915039062500e+02
7.042905860867227474e+00 3.463249511718750000e+02
7.046340586963724562e+00 3.437730712890625000e+02
7.049775313060221649e+00 3.435108032226562500e+02
7.053210039156718736e+00 3.440206604003906250e+02
7.056644765253215823e+00 3.444623718261718750e+02
7.060079491349712910e+00 3.448787231445312500e+02
7.063514217446209997e+00 3.408999938964843750e+02
7.066948943542707084e+00 3.377899475097656250e+02
7.070383669639204172e+00 3.377698974609375000e+02
7.073818395735701259e+00 3.417225646972656250e+02
7.077253121832198346e+00 3.451027526855468750e+02
7.080687847928695433e+00 3.479151306152343750e+02
7.084122574025191632e+00 3.530850830078125000e+02
7.087557300121689607e+00 3.525742187500000000e+02
7.090992026218186695e+00 3.482336730957031250e+02
7.094426752314682894e+00 3.466759033203125000e+02
7.097861478411180869e+00 3.505026550292968750e+02
7.101296204507677956e+00 3.586192932128906250e+02
7.104730930604174155e+00 3.612442016601562500e+02
7.108165656700672130e+00 3.630840454101562500e+02
7.111600382797169217e+00 3.599718627929687500e+02
7.115035108893665416e+00 3.571529541015625000e+02
7.118469834990163392e+00 3.505843200683593750e+02
7.121904561086659591e+00 3.455573425292968750e+02
7.125339287183156678e+00 3.392164001464843750e+02
7.128774013279654653e+00 3.389216613769531250e+02
7.132208739376150852e+00 3.352557373046875000e+02
7.135643465472647939e+00 3.344151611328125000e+02
7.139078191569145915e+00 3.329046630859375000e+02
7.142512917665642114e+00 3.291742858886718750e+02
7.145947643762139201e+00 3.272101745605468750e+02
7.149382369858637176e+00 3.258606872558593750e+02
7.152817095955133375e+00 3.283884277343750000e+02
7.156251822051630462e+00 3.312511596679687500e+02
7.159686548148128438e+00 3.338123474121093750e+02
7.163121274244624637e+00 3.387407531738281250e+02
7.166556000341121724e+00 3.388479614257812500e+02
7.169990726437618811e+00 3.364974975585937500e+02
7.173425452534115010e+00 3.367282104492187500e+02
7.176860178630613873e+00 3.375387573242187500e+02
7.180294904727110072e+00 3.387378845214843750e+02
7.183729630823607160e+00 3.360812683105468750e+02
7.187164356920104247e+00 3.348664855957031250e+02
7.190599083016601334e+00 3.376889648437500000e+02
7.194033809113097533e+00 3.331206665039062500e+02
7.197468535209596396e+00 3.278511962890625000e+02
7.200903261306092595e+00 3.224979248046875000e+02
7.204337987402589683e+00 3.265169067382812500e+02
7.207772713499086770e+00 3.281788635253906250e+02
7.211207439595582969e+00 3.200836791992187500e+02
7.214642165692080056e+00 3.122092895507812500e+02
7.218076891788577143e+00 3.122508850097656250e+02
7.221511617885075118e+00 3.174259643554687500e+02
7.224946343981572205e+00 3.200948486328125000e+02
7.228381070078069293e+00 3.207142333984375000e+02
7.231815796174565492e+00 3.199350891113281250e+02
7.235250522271062579e+00 3.180517578125000000e+02
7.238685248367559666e+00 3.192375183105468750e+02
7.242119974464057641e+00 3.215230712890625000e+02
7.245554700560554728e+00 3.244766235351562500e+02
7.248989426657051816e+00 3.296284790039062500e+02
7.252424152753548015e+00 3.272282714843750000e+02
7.255858878850045102e+00 3.211010742187500000e+02
7.259293604946542189e+00 3.229452514648437500e+02
7.262728331043040164e+00 3.181292419433593750e+02
7.266163057139537251e+00 3.199744873046875000e+02
7.269597783236033450e+00 3.206752929687500000e+02
7.273032509332530537e+00 3.222208557128906250e+02
7.276467235429027625e+00 3.193184204101562500e+02
7.279901961525524712e+00 3.231994018554687500e+02
7.283336687622022687e+00 3.190870666503906250e+02
7.286771413718519774e+00 3.207750549316406250e+02
7.290206139815015973e+00 3.212940673828125000e+02
7.293640865911513060e+00 3.235943298339843750e+02
7.297075592008010148e+00 3.219628601074218750e+02
7.300510318104506347e+00 3.202947082519531250e+02
7.303945044201003434e+00 3.190611877441406250e+02
7.307379770297502297e+00 3.198247375488281250e+02
7.310814496393998496e+00 3.219030761718750000e+02
7.314249222490495583e+00 3.242966918945312500e+02
7.317683948586992670e+00 3.239968261718750000e+02
7.321118674683488869e+00 3.251322937011718750e+02
7.324553400779985957e+00 3.225815734863281250e+02
7.327988126876484820e+00 3.183027954101562500e+02
7.331422852972981019e+00 3.191208496093750000e+02
7.334857579069478106e+00 3.241551208496093750e+02
7.338292305165975193e+00 3.243619995117187500e+02
7.341727031262471392e+00 3.217954406738281250e+02
7.345161757358968480e+00 3.240758666992187500e+02
7.348596483455466455e+00 3.214303588867187500e+02
7.352031209551963542e+00 3.239175109863281250e+02
7.355465935648460629e+00 3.306507568359375000e+02
7.358900661744956828e+00 3.334949645996093750e+02
7.362335387841453915e+00 3.264017944335937500e+02
7.365770113937951002e+00 3.217115783691406250e+02
7.369204840034448978e+00 3.254750671386718750e+02
7.372639566130946065e+00 3.294158325195312500e+02
7.376074292227443152e+00 3.267203979492187500e+02
7.379509018323939351e+00 3.242876586914062500e+02
7.382943744420436438e+00 3.231849365234375000e+02
7.386378470516933525e+00 3.159829406738281250e+02
7.389813196613429724e+00 3.127348937988281250e+02
7.393247922709928588e+00 3.143470153808593750e+02
7.396682648806425675e+00 3.156517944335937500e+02
7.400117374902921874e+00 3.158127746582031250e+02
7.403552100999418961e+00 3.141654052734375000e+02
7.406986827095916048e+00 3.107319335937500000e+02
7.410421553192412247e+00 3.058753051757812500e+02
7.413856279288911111e+00 3.012205810546875000e+02
7.417291005385408198e+00 2.969819030761718750e+02
7.420725731481904397e+00 2.972703552246093750e+02
7.424160457578401484e+00 2.925836486816406250e+02
7.427595183674898571e+00 2.869911804199218750e+02
7.431029909771394770e+00 2.902563781738281250e+02
7.434464635867893634e+00 2.967449951171875000e+02
7.437899361964389833e+00 2.989618835449218750e+02
7.441334088060886920e+00 2.943849487304687500e+02
7.444768814157384007e+00 2.889998168945312500e+02
7.448203540253880206e+00 2.868813171386718750e+02
7.451638266350377293e+00 2.858931884765625000e+02
7.455072992446876157e+00 2.874240417480468750e+02
7.458507718543372356e+00 2.950573425292968750e+02
7.461942444639869443e+00 2.957010192871093750e+02
7.465377170736366530e+00 2.954307556152343750e+02
7.468811896832862729e+00 2.907825622558593750e+02
7.472246622929359816e+00 2.890828247070312500e+02
7.475681349025856903e+00 2.927294921875000000e+02
7.479116075122354879e+00 2.907083740234375000e+02
7.482550801218851966e+00 2.896957397460937500e+02
7.485985527315349053e+00 2.888024902343750000e+02
7.489420253411845252e+00 2.942908630371093750e+02
7.492854979508342339e+00 2.946334533691406250e+02
7.496289705604839426e+00 2.923385620117187500e+02
7.499724431701337402e+00 2.891984863281250000e+02
7.503159157797834489e+00 2.907610168457031250e+02
7.506593883894331576e+00 2.936594848632812500e+02
7.510028609990827775e+00 2.969817504882812500e+02
7.513463336087324862e+00 2.905618896484375000e+02
7.516898062183821949e+00 2.907244873046875000e+02
7.520332788280319924e+00 2.883612976074218750e+02
7.523767514376817012e+00 2.864486389160156250e+02
7.527202240473313211e+00 2.898209838867187500e+02
7.530636966569810298e+00 2.976654357910156250e+02
7.534071692666307385e+00 2.946802673339843750e+02
7.537506418762803584e+00 2.891187438964843750e+02
7.540941144859302447e+00 2.823943786621093750e+02
7.544375870955799535e+00 2.797872009277343750e+02
7.547810597052295734e+00 2.800833740234375000e+02
7.551245323148792821e+00 2.801087646484375000e+02
7.554680049245289908e+00 2.778599548339843750e+02
7.558114775341786107e+00 2.754898376464843750e+02
7.561549501438284970e+00 2.790368652343750000e+02
7.564984227534782057e+00 2.839960021972656250e+02
7.568418953631278256e+00 2.848255920410156250e+02
7.571853679727775344e+00 2.811734313964843750e+02
7.575288405824272431e+00 2.732414855957031250e+02
7.578723131920768630e+00 2.757497863769531250e+02
7.582157858017265717e+00 2.769462585449218750e+02
7.585592584113763692e+00 2.801650085449218750e+02
7.589027310210260779e+00 2.781620788574218750e+02
7.592462036306757867e+00 2.814471740722656250e+02
7.595896762403254954e+00 2.863788452148437500e+02
7.599331488499751153e+00 2.839502563476562500e+02
7.602766214596248240e+00 2.805381774902343750e+02
7.606200940692746215e+00 2.821525268554687500e+02
7.609635666789243302e+00 2.800667114257812500e+02
7.613070392885740389e+00 2.755237731933593750e+02
7.616505118982236588e+00 2.745868835449218750e+02
7.619939845078733676e+00 2.764887084960937500e+02
7.623374571175230763e+00 2.755973205566406250e+02
7.626809297271728738e+00 2.667238464355468750e+02
7.630244023368225825e+00 2.608505859375000000e+02
7.633678749464722912e+00 2.588818969726562500e+02
7.637113475561219111e+00 2.596802368164062500e+02
7.640548201657716199e+00 2.566131896972656250e+02
7.643982927754213286e+00 2.554331665039062500e+02
7.647417653850711261e+00 2.515914764404296875e+02
7.650852379947208348e+00 2.503340759277343750e+02
7.654287106043705435e+00 2.495186920166015625e+02
7.657721832140201634e+00 2.458762359619140625e+02
7.661156558236698721e+00 2.502012939453125000e+02
7.664591284333195809e+00 2.519739837646484375e+02
7.668026010429692008e+00 2.498567504882812500e+02
7.671460736526190871e+00 2.425835571289062500e+02
7.674895462622687070e+00 2.520906524658203125e+02
7.678330188719184157e+00 2.631486206054687500e+02
7.681764914815681244e+00 2.627963867187500000e+02
7.685199640912178332e+00 2.495950164794921875e+02
7.688634367008674531e+00 2.360042419433593750e+02
7.692069093105173394e+00 2.348112335205078125e+02
7.695503819201669593e+00 2.316302185058593750e+02
7.698938545298166680e+00 2.205085601806640625e+02
7.702373271394663767e+00 2.185072479248046875e+02
7.705807997491159966e+00 2.188291778564453125e+02
7.709242723587657053e+00 2.222683715820312500e+02
7.712677449684155917e+00 2.333116912841796875e+02
7.716112175780652116e+00 2.405001525878906250e+02
7.719546901877149203e+00 2.330548400878906250e+02
7.722981627973646290e+00 2.145403594970703125e+02
7.726416354070142489e+00 2.169044036865234375e+02
7.729851080166639576e+00 2.233389129638671875e+02
7.733285806263138440e+00 2.192317352294921875e+02
7.736720532359634639e+00 2.023485107421875000e+02
7.740155258456131726e+00 2.013643646240234375e+02
7.743589984552628813e+00 1.962880706787109375e+02
7.747024710649125012e+00 1.920523834228515625e+02
7.750459436745622099e+00 1.748258209228515625e+02
7.753894162842119187e+00 1.675804748535156250e+02
7.757328888938617162e+00 1.587241973876953125e+02
7.760763615035114249e+00 1.625122222900390625e+02
7.764198341131610448e+00 1.201098937988281250e+02
7.767633067228107535e+00 4.890413284301757812e+01
7.771067793324604622e+00 2.365339088439941406e+01
7.774502519421101709e+00 0.000000000000000000e+00
7.777937245517599685e+00 0.000000000000000000e+00
7.781371971614096772e+00 0.000000000000000000e+00
7.784806697710592971e+00 0.000000000000000000e+00
7.788241423807090058e+00 0.000000000000000000e+00
7.791676149903587145e+00 0.000000000000000000e+00
7.795110876000083344e+00 0.000000000000000000e+00
7.798545602096582208e+00 0.000000000000000000e+00
7.801980328193079295e+00 0.000000000000000000e+00
7.805415054289575494e+00 0.000000000000000000e+00
7.808849780386072581e+00 0.000000000000000000e+00
7.812284506482569668e+00 0.000000000000000000e+00
7.815719232579065867e+00 0.000000000000000000e+00
7.819153958675564731e+00 0.000000000000000000e+00
7.822588684772061818e+00 0.000000000000000000e+00
7.826023410868558017e+00 0.000000000000000000e+00
7.829458136965055104e+00 0.000000000000000000e+00
7.832892863061552191e+00 0.000000000000000000e+00
7.836327589158048390e+00 0.000000000000000000e+00
7.839762315254545477e+00 0.000000000000000000e+00
7.843197041351043453e+00 0.000000000000000000e+00
7.846631767447540540e+00 0.000000000000000000e+00
7.850066493544037627e+00 0.000000000000000000e+00
7.853501219640533826e+00 0.000000000000000000e+00
7.856935945737030913e+00 0.000000000000000000e+00
7.860370671833528000e+00 0.000000000000000000e+00
7.863805397930025975e+00 0.000000000000000000e+00
7.867240124026523063e+00 0.000000000000000000e+00
7.870674850123020150e+00 0.000000000000000000e+00
7.874109576219516349e+00 0.000000000000000000e+00
7.877544302316013436e+00 0.000000000000000000e+00
7.880979028412510523e+00 0.000000000000000000e+00
7.884413754509008498e+00 0.000000000000000000e+00
7.887848480605505586e+00 0.000000000000000000e+00
7.891283206702002673e+00 0.000000000000000000e+00
7.894717932798498872e+00 0.000000000000000000e+00
7.898152658894995959e+00 0.000000000000000000e+00
7.901587384991493046e+00 0.000000000000000000e+00
7.905022111087991021e+00 0.000000000000000000e+00
7.908456837184488109e+00 0.000000000000000000e+00
7.911891563280985196e+00 0.000000000000000000e+00
7.915326289377481395e+00 0.000000000000000000e+00
7.918761015473978482e+00 0.000000000000000000e+00
7.922195741570475569e+00 0.000000000000000000e+00
7.925630467666971768e+00 0.000000000000000000e+00
7.929065193763470631e+00 0.000000000000000000e+00
7.932499919859966830e+00 0.000000000000000000e+00
7.935934645956463918e+00 0.000000000000000000e+00
7.939369372052961005e+00 0.000000000000000000e+00
7.942804098149457204e+00 0.000000000000000000e+00
7.946238824245954291e+00 0.000000000000000000e+00
7.949673550342453154e+00 0.000000000000000000e+00
7.953108276438949353e+00 0.000000000000000000e+00
7.956543002535446441e+00 0.000000000000000000e+00
7.959977728631943528e+00 0.000000000000000000e+00
7.963412454728439727e+00 0.000000000000000000e+00
7.966847180824936814e+00 0.000000000000000000e+00
7.970281906921435677e+00 0.000000000000000000e+00
7.973716633017931876e+00 0.000000000000000000e+00
7.977151359114428963e+00 0.000000000000000000e+00
7.980586085210926051e+00 0.000000000000000000e+00
7.984020811307422250e+00 0.000000000000000000e+00
7.987455537403919337e+00 0.000000000000000000e+00
7.990890263500417312e+00 0.000000000000000000e+00
7.994324989596914399e+00 0.000000000000000000e+00
7.997759715693411486e+00 0.000000000000000000e+00
8.001194441789907685e+00 0.000000000000000000e+00
8.004629167886404773e+00 0.000000000000000000e+00
8.008063893982901860e+00 0.000000000000000000e+00
8.011498620079398947e+00 0.000000000000000000e+00
8.014933346175897810e+00 0.000000000000000000e+00
8.018368072272393121e+00 0.000000000000000000e+00
8.021802798368890208e+00 0.000000000000000000e+00
8.025237524465387295e+00 0.000000000000000000e+00
8.028672250561884383e+00 0.000000000000000000e+00
8.032106976658381470e+00 0.000000000000000000e+00
8.035541702754878557e+00 0.000000000000000000e+00
8.038976428851375644e+00 0.000000000000000000e+00
8.042411154947872731e+00 0.000000000000000000e+00
8.045845881044369818e+00 0.000000000000000000e+00
8.049280607140866906e+00 0.000000000000000000e+00
8.052715333237363993e+00 0.000000000000000000e+00
8.056150059333861080e+00 0.000000000000000000e+00
8.059584785430358167e+00 0.000000000000000000e+00
8.063019511526855254e+00 0.000000000000000000e+00
8.066454237623352341e+00 0.000000000000000000e+00
8.069888963719849428e+00 0.000000000000000000e+00
8.073323689816346516e+00 0.000000000000000000e+00
8.076758415912843603e+00 0.000000000000000000e+00
8.080193142009340690e+00 0.000000000000000000e+00
8.083627868105837777e+00 0.000000000000000000e+00
8.087062594202334864e+00 0.000000000000000000e+00
8.090497320298831951e+00 0.000000000000000000e+00
8.093932046395329039e+00 0.000000000000000000e+00
8.097366772491824349e+00 0.000000000000000000e+00
8.100801498588323213e+00 0.000000000000000000e+00
8.104236224684820300e+00 0.000000000000000000e+00
8.107670950781317387e+00 0.000000000000000000e+00
8.111105676877814474e+00 0.000000000000000000e+00
8.114540402974311561e+00 0.000000000000000000e+00
8.117975129070806872e+00 0.000000000000000000e+00
8.121409855167305736e+00 0.000000000000000000e+00
8.124844581263802823e+00 0.000000000000000000e+00
8.128279307360299910e+00 0.000000000000000000e+00
8.131714033456796997e+00 0.000000000000000000e+00
8.135148759553292308e+00 0.000000000000000000e+00
8.138583485649789395e+00 0.000000000000000000e+00
8.142018211746288259e+00 0.000000000000000000e+00
8.145452937842785346e+00 0.000000000000000000e+00
8.148887663939282433e+00 0.000000000000000000e+00
8.152322390035779520e+00 0.000000000000000000e+00
8.155757116132274831e+00 0.000000000000000000e+00
8.159191842228771918e+00 0.000000000000000000e+00
8.162626568325270782e+00 0.000000000000000000e+00
8.166061294421767869e+00 0.000000000000000000e+00
8.169496020518264956e+00 0.000000000000000000e+00
8.172930746614762043e+00 0.000000000000000000e+00
8.176365472711257354e+00 0.000000000000000000e+00
8.179800198807754441e+00 0.000000000000000000e+00
8.183234924904251528e+00 0.000000000000000000e+00
8.186669651000750392e+00 0.000000000000000000e+00
8.190104377097247479e+00 0.000000000000000000e+00
8.193539103193744566e+00 0.000000000000000000e+00
8.196973829290239877e+00 0.000000000000000000e+00
8.200408555386736964e+00 0.000000000000000000e+00
8.203843281483234051e+00 0.000000000000000000e+00
8.207278007579732915e+00 0.000000000000000000e+00
8.210712733676230002e+00 0.000000000000000000e+00
8.214147459772725313e+00 0.000000000000000000e+00
8.217582185869222400e+00 0.000000000000000000e+00
8.221016911965719487e+00 0.000000000000000000e+00
8.224451638062216574e+00 0.000000000000000000e+00
8.227886364158715438e+00 0.000000000000000000e+00
8.231321090255212525e+00 0.000000000000000000e+00
8.234755816351707836e+00 0.000000000000000000e+00
8.238190542448204923e+00 0.000000000000000000e+00
8.241625268544702010e+00 0.000000000000000000e+00
8.245059994641199097e+00 0.000000000000000000e+00
8.248494720737697961e+00 0.000000000000000000e+00
8.251929446834195048e+00 0.000000000000000000e+00
8.255364172930690358e+00 0.000000000000000000e+00
8.258798899027187446e+00 0.000000000000000000e+00
8.262233625123684533e+00 0.000000000000000000e+00
8.265668351220181620e+00 0.000000000000000000e+00
8.269103077316678707e+00 0.000000000000000000e+00
8.272537803413175794e+00 0.000000000000000000e+00
8.275972529509672881e+00 0.000000000000000000e+00
8.279407255606169969e+00 0.000000000000000000e+00
8.282841981702667056e+00 0.000000000000000000e+00
8.286276707799164143e+00 0.000000000000000000e+00
8.289711433895661230e+00 0.000000000000000000e+00
8.293146159992158317e+00 0.000000000000000000e+00
8.296580886088655404e+00 0.000000000000000000e+00
8.300015612185152492e+00 0.000000000000000000e+00
8.303450338281649579e+00 0.000000000000000000e+00
8.306885064378146666e+00 0.000000000000000000e+00
8.310319790474643753e+00 0.000000000000000000e+00
8.313754516571140840e+00 0.000000000000000000e+00
8.317189242667637927e+00 0.000000000000000000e+00
8.320623968764135014e+00 0.000000000000000000e+00
8.324058694860632102e+00 0.000000000000000000e+00
8.327493420957129189e+00 0.000000000000000000e+00
8.330928147053626276e+00 0.000000000000000000e+00
8.334362873150123363e+00 0.000000000000000000e+00
8.337797599246620450e+00 0.000000000000000000e+00
8.341232325343117537e+00 0.000000000000000000e+00
8.344667051439614625e+00 0.000000000000000000e+00
8.348101777536111712e+00 0.000000000000000000e+00
8.351536503632608799e+00 0.000000000000000000e+00
8.354971229729105886e+00 0.000000000000000000e+00
8.358405955825602973e+00 0.000000000000000000e+00
8.361840681922100060e+00 0.000000000000000000e+00
8.365275408018597147e+00 0.000000000000000000e+00
8.368710134115094235e+00 0.000000000000000000e+00
8.372144860211591322e+00 0.000000000000000000e+00
8.375579586308086633e+00 0.000000000000000000e+00
8.379014312404585496e+00 0.000000000000000000e+00
8.382449038501082583e+00 0.000000000000000000e+00
8.385883764597579670e+00 0.000000000000000000e+00
8.389318490694076758e+00 0.000000000000000000e+00
8.392753216790572068e+00 0.000000000000000000e+00
8.396187942887069156e+00 0.000000000000000000e+00
8.399622668983568019e+00 0.000000000000000000e+00
8.403057395080065106e+00 0.000000000000000000e+00
8.406492121176562193e+00 0.000000000000000000e+00
8.409926847273059280e+00 0.000000000000000000e+00
8.413361573369554591e+00 0.000000000000000000e+00
8.416796299466051678e+00 0.000000000000000000e+00
8.420231025562550542e+00 0.000000000000000000e+00
8.423665751659047629e+00 0.000000000000000000e+00
8.427100477755544716e+00 0.000000000000000000e+00
8.430535203852041803e+00 0.000000000000000000e+00
8.433969929948537114e+00 0.000000000000000000e+00
8.437404656045034201e+00 0.000000000000000000e+00
8.440839382141533065e+00 0.000000000000000000e+00
8.444274108238030152e+00 0.000000000000000000e+00
8.447708834334527239e+00 0.000000000000000000e+00
8.451143560431022550e+00 0.000000000000000000e+00
8.454578286527519637e+00 0.000000000000000000e+00
8.458013012624016724e+00 0.000000000000000000e+00
8.461447738720513811e+00 0.000000000000000000e+00
8.464882464817012675e+00 0.000000000000000000e+00
8.468317190913509762e+00 0.000000000000000000e+00
8.471751917010005073e+00 0.000000000000000000e+00
8.475186643106502160e+00 0.000000000000000000e+00
8.478621369202999247e+00 0.000000000000000000e+00
8.482056095299496334e+00 0.000000000000000000e+00
8.485490821395995198e+00 0.000000000000000000e+00
8.488925547492492285e+00 0.000000000000000000e+00
8.492360273588987596e+00 0.000000000000000000e+00
8.495794999685484683e+00 0.000000000000000000e+00
8.499229725781981770e+00 0.000000000000000000e+00
8.502664451878478857e+00 0.000000000000000000e+00
8.506099177974977721e+00 0.000000000000000000e+00
8.509533904071474808e+00 0.000000000000000000e+00
8.512968630167970119e+00 0.000000000000000000e+00
8.516403356264467206e+00 0.000000000000000000e+00
8.519838082360964293e+00 0.000000000000000000e+00
8.523272808457461380e+00 0.000000000000000000e+00
8.526707534553960244e+00 0.000000000000000000e+00
8.530142260650455555e+00 0.000000000000000000e+00
8.533576986746952642e+00 0.000000000000000000e+00
8.537011712843449729e+00 0.000000000000000000e+00
8.540446438939946816e+00 0.000000000000000000e+00
8.543881165036443903e+00 0.000000000000000000e+00
8.547315891132940990e+00 0.000000000000000000e+00
8.550750617229438078e+00 0.000000000000000000e+00
8.554185343325935165e+00 0.000000000000000000e+00
8.557620069422432252e+00 0.000000000000000000e+00
8.561054795518929339e+00 0.000000000000000000e+00
8.564489521615426426e+00 0.000000000000000000e+00
8.567924247711923513e+00 0.000000000000000000e+00
8.571358973808420600e+00 0.000000000000000000e+00
8.574793699904917688e+00 0.000000000000000000e+00
8.578228426001414775e+00 0.000000000000000000e+00
8.581663152097911862e+00 0.000000000000000000e+00
8.585097878194408949e+00 0.000000000000000000e+00
8.588532604290906036e+00 0.000000000000000000e+00
8.591967330387403123e+00 0.000000000000000000e+00
8.595402056483900211e+00 0.000000000000000000e+00
8.598836782580397298e+00 0.000000000000000000e+00
8.602271508676894385e+00 0.000000000000000000e+00
8.605706234773391472e+00 0.000000000000000000e+00
8.609140960869888559e+00 0.000000000000000000e+00
8.612575686966385646e+00 0.000000000000000000e+00
8.616010413062882733e+00 0.000000000000000000e+00
8.619445139159379821e+00 0.000000000000000000e+00
8.622879865255876908e+00 0.000000000000000000e+00
8.626314591352373995e+00 0.000000000000000000e+00
8.629749317448869306e+00 0.000000000000000000e+00
8.633184043545366393e+00 0.000000000000000000e+00
8.636618769641865256e+00 0.000000000000000000e+00
8.640053495738362344e+00 0.000000000000000000e+00
8.643488221834859431e+00 0.000000000000000000e+00
8.646922947931356518e+00 0.000000000000000000e+00
8.650357674027851829e+00 0.000000000000000000e+00
8.653792400124348916e+00 0.000000000000000000e+00
8.657227126220847779e+00 0.000000000000000000e+00
8.660661852317344866e+00 0.000000000000000000e+00
8.664096578413841954e+00 0.000000000000000000e+00
8.667531304510339041e+00 0.000000000000000000e+00
8.670966030606834352e+00 0.000000000000000000e+00
8.674400756703331439e+00 0.000000000000000000e+00
8.677835482799830302e+00 0.000000000000000000e+00
8.681270208896327389e+00 0.000000000000000000e+00
8.684704934992824477e+00 0.000000000000000000e+00
8.688139661089321564e+00 0.000000000000000000e+00
8.691574387185816875e+00 0.000000000000000000e+00
8.695009113282313962e+00 0.000000000000000000e+00
8.698443839378812825e+00 0.000000000000000000e+00
8.701878565475309912e+00 0.000000000000000000e+00
8.705313291571807000e+00 0.000000000000000000e+00
8.708748017668302310e+00 0.000000000000000000e+00
8.712182743764799397e+00 0.000000000000000000e+00
8.715617469861296485e+00 0.000000000000000000e+00
8.719052195957793572e+00 0.000000000000000000e+00
8.722486922054292435e+00 0.000000000000000000e+00
8.725921648150789522e+00 0.000000000000000000e+00
8.729356374247284833e+00 0.000000000000000000e+00
8.732791100343781920e+00 0.000000000000000000e+00
8.736225826440279008e+00 0.000000000000000000e+00
8.739660552536776095e+00 0.000000000000000000e+00
8.743095278633274958e+00 0.000000000000000000e+00
8.746530004729772045e+00 0.000000000000000000e+00
8.749964730826267356e+00 0.000000000000000000e+00
8.753399456922764443e+00 0.000000000000000000e+00
8.756834183019261530e+00 0.000000000000000000e+00
8.760268909115758618e+00 0.000000000000000000e+00
8.763703635212257481e+00 0.000000000000000000e+00
8.767138361308752792e+00 0.000000000000000000e+00
8.770573087405249879e+00 0.000000000000000000e+00
8.774007813501746966e+00 0.000000000000000000e+00
8.777442539598244053e+00 0.000000000000000000e+00
8.780877265694741141e+00 0.000000000000000000e+00
8.784311991791240004e+00 0.000000000000000000e+00
8.787746717887735315e+00 0.000000000000000000e+00
8.791181443984232402e+00 0.000000000000000000e+00
8.794616170080729489e+00 0.000000000000000000e+00
8.798050896177226576e+00 0.000000000000000000e+00
8.801485622273723664e+00 0.000000000000000000e+00
8.804920348370220751e+00 0.000000000000000000e+00
8.808355074466717838e+00 0.000000000000000000e+00
8.811789800563214925e+00 0.000000000000000000e+00
8.815224526659712012e+00 0.000000000000000000e+00
8.818659252756209099e+00 0.000000000000000000e+00
8.822093978852706186e+00 0.000000000000000000e+00
8.825528704949203274e+00 0.000000000000000000e+00
8.828963431045700361e+00 0.000000000000000000e+00
8.832398157142197448e+00 0.000000000000000000e+00
8.835832883238694535e+00 0.000000000000000000e+00
8.839267609335191622e+00 0.000000000000000000e+00
8.842702335431688709e+00 0.000000000000000000e+00
8.846137061528185797e+00 0.000000000000000000e+00
8.849571787624682884e+00 0.000000000000000000e+00
8.853006513721179971e+00 0.000000000000000000e+00
8.856441239817677058e+00 0.000000000000000000e+00
8.859875965914174145e+00 0.000000000000000000e+00
8.863310692010671232e+00 0.000000000000000000e+00
8.866745418107168319e+00 0.000000000000000000e+00
8.870180144203665407e+00 0.000000000000000000e+00
8.873614870300162494e+00 0.000000000000000000e+00
8.877049596396659581e+00 0.000000000000000000e+00
8.880484322493156668e+00 0.000000000000000000e+00
8.883919048589653755e+00 0.000000000000000000e+00
8.887353774686149066e+00 0.000000000000000000e+00
8.890788500782646153e+00 0.000000000000000000e+00
8.894223226879145017e+00 0.000000000000000000e+00
8.897657952975642104e+00 0.000000000000000000e+00
8.901092679072139191e+00 0.000000000000000000e+00
8.904527405168636278e+00 0.000000000000000000e+00
8.907962131265131589e+00 0.000000000000000000e+00
8.911396857361628676e+00 0.000000000000000000e+00
8.914831583458127540e+00 0.000000000000000000e+00
8.918266309554624627e+00 0.000000000000000000e+00
8.921701035651121714e+00 0.000000000000000000e+00
8.925135761747618801e+00 0.000000000000000000e+00
8.928570487844114112e+00 0.000000000000000000e+00
8.932005213940611199e+00 0.000000000000000000e+00
8.935439940037110063e+00 0.000000000000000000e+00
8.938874666133607150e+00 0.000000000000000000e+00
8.942309392230104237e+00 0.000000000000000000e+00
8.945744118326599548e+00 0.000000000000000000e+00
8.949178844423096635e+00 0.000000000000000000e+00
8.952613570519593722e+00 0.000000000000000000e+00
8.956048296616092586e+00 0.000000000000000000e+00
8.959483022712589673e+00 0.000000000000000000e+00
8.962917748809086760e+00 0.000000000000000000e+00
8.966352474905582071e+00 0.000000000000000000e+00
8.969787201002079158e+00 0.000000000000000000e+00
8.973221927098576245e+00 0.000000000000000000e+00
8.976656653195073332e+00 0.000000000000000000e+00
8.980091379291572196e+00 0.000000000000000000e+00
8.983526105388069283e+00 0.000000000000000000e+00
8.986960831484564594e+00 0.000000000000000000e+00
8.990395557581061681e+00 0.000000000000000000e+00
8.993830283677558768e+00 0.000000000000000000e+00
8.997265009774055855e+00 0.000000000000000000e+00
9.000699735870554719e+00 0.000000000000000000e+00
9.004134461967050029e+00 0.000000000000000000e+00
9.007569188063547116e+00 0.000000000000000000e+00
9.011003914160044204e+00 0.000000000000000000e+00
9.014438640256541291e+00 0.000000000000000000e+00
9.017873366353038378e+00 0.000000000000000000e+00
9.021308092449537241e+00 0.000000000000000000e+00
9.024742818546032552e+00 0.000000000000000000e+00
9.028177544642529639e+00 0.000000000000000000e+00
9.031612270739026727e+00 0.000000000000000000e+00
9.035046996835523814e+00 0.000000000000000000e+00
9.038481722932020901e+00 0.000000000000000000e+00
9.041916449028519764e+00 0.000000000000000000e+00
9.045351175125015075e+00 0.000000000000000000e+00
9.048785901221512162e+00 0.000000000000000000e+00
9.052220627318009250e+00 0.000000000000000000e+00
9.055655353414506337e+00 0.000000000000000000e+00
9.059090079511003424e+00 0.000000000000000000e+00
9.062524805607500511e+00 0.000000000000000000e+00
9.065959531703997598e+00 0.000000000000000000e+00
9.069394257800494685e+00 0.000000000000000000e+00
9.072828983896991772e+00 0.000000000000000000e+00
9.076263709993488860e+00 0.000000000000000000e+00
9.079698436089985947e+00 0.000000000000000000e+00
9.083133162186483034e+00 0.000000000000000000e+00
9.086567888282980121e+00 0.000000000000000000e+00
9.090002614379477208e+00 0.000000000000000000e+00
9.093437340475974295e+00 0.000000000000000000e+00
9.096872066572471383e+00 0.000000000000000000e+00
9.100306792668968470e+00 0.000000000000000000e+00
9.103741518765465557e+00 0.000000000000000000e+00
9.107176244861962644e+00 0.000000000000000000e+00
9.110610970958459731e+00 0.000000000000000000e+00
9.114045697054956818e+00 0.000000000000000000e+00
9.117480423151453905e+00 0.000000000000000000e+00
9.120915149247950993e+00 0.000000000000000000e+00
9.124349875344446303e+00 0.000000000000000000e+00
9.127784601440945167e+00 0.000000000000000000e+00
9.131219327537442254e+00 0.000000000000000000e+00
9.134654053633939341e+00 0.000000000000000000e+00
9.138088779730436428e+00 0.000000000000000000e+00
9.141523505826933516e+00 0.000000000000000000e+00
9.144958231923428826e+00 0.000000000000000000e+00
9.148392958019925914e+00 0.000000000000000000e+00
9.151827684116424777e+00 0.000000000000000000e+00
9.155262410212921864e+00 0.000000000000000000e+00
9.158697136309418951e+00 0.000000000000000000e+00
9.162131862405916038e+00 0.000000000000000000e+00
9.165566588502411349e+00 0.000000000000000000e+00
9.169001314598908436e+00 0.000000000000000000e+00
9.172436040695407300e+00 0.000000000000000000e+00
9.175870766791904387e+00 0.000000000000000000e+00
9.179305492888401474e+00 0.000000000000000000e+00
9.182740218984896785e+00 0.000000000000000000e+00
9.186174945081393872e+00 0.000000000000000000e+00
9.189609671177890959e+00 0.000000000000000000e+00
9.193044397274389823e+00 0.000000000000000000e+00
9.196479123370886910e+00 0.000000000000000000e+00
9.199913849467383997e+00 0.000000000000000000e+00
9.203348575563879308e+00 0.000000000000000000e+00
9.206783301660376395e+00 0.000000000000000000e+00
9.210218027756873482e+00 0.000000000000000000e+00
9.213652753853372346e+00 0.000000000000000000e+00
9.217087479949869433e+00 0.000000000000000000e+00
9.220522206046366520e+00 0.000000000000000000e+00
9.223956932142861831e+00 0.000000000000000000e+00
9.227391658239358918e+00 0.000000000000000000e+00
9.230826384335856005e+00 0.000000000000000000e+00
9.234261110432353092e+00 0.000000000000000000e+00
9.237695836528851956e+00 0.000000000000000000e+00
9.241130562625349043e+00 0.000000000000000000e+00
9.244565288721844354e+00 0.000000000000000000e+00
9.248000014818341441e+00 0.000000000000000000e+00
9.251434740914838528e+00 0.000000000000000000e+00
9.254869467011335615e+00 0.000000000000000000e+00
9.258304193107834479e+00 0.000000000000000000e+00
9.261738919204329790e+00 0.000000000000000000e+00
9.265173645300826877e+00 0.000000000000000000e+00
9.268608371397323964e+00 0.000000000000000000e+00
9.272043097493821051e+00 0.000000000000000000e+00
9.275477823590318138e+00 0.000000000000000000e+00
9.278912549686817002e+00 0.000000000000000000e+00
9.282347275783312313e+00 0.000000000000000000e+00
9.285782001879809400e+00 0.000000000000000000e+00
9.289216727976306487e+00 0.000000000000000000e+00
9.292651454072803574e+00 0.000000000000000000e+00
9.296086180169300661e+00 0.000000000000000000e+00
9.299520906265799525e+00 0.000000000000000000e+00
9.302955632362294836e+00 0.000000000000000000e+00
9.306390358458791923e+00 0.000000000000000000e+00
9.309825084555289010e+00 0.000000000000000000e+00
9.313259810651786097e+00 0.000000000000000000e+00
9.316694536748283184e+00 0.000000000000000000e+00
9.320129262844780271e+00 0.000000000000000000e+00
9.323563988941277358e+00 0.000000000000000000e+00
9.326998715037774446e+00 0.000000000000000000e+00
9.330433441134271533e+00 0.000000000000000000e+00
9.333868167230768620e+00 0.000000000000000000e+00
9.337302893327265707e+00 0.000000000000000000e+00
9.340737619423762794e+00 0.000000000000000000e+00
9.344172345520259881e+00 0.000000000000000000e+00
9.347607071616756969e+00 0.000000000000000000e+00
9.351041797713254056e+00 0.000000000000000000e+00
9.354476523809751143e+00 0.000000000000000000e+00
9.357911249906248230e+00 0.000000000000000000e+00
9.361345976002743541e+00 0.000000000000000000e+00
9.364780702099242404e+00 0.000000000000000000e+00
9.368215428195739491e+00 0.000000000000000000e+00
9.371650154292236579e+00 0.000000000000000000e+00
9.375084880388733666e+00 0.000000000000000000e+00
9.378519606485230753e+00 0.000000000000000000e+00
9.381954332581726064e+00 0.000000000000000000e+00
9.385389058678224927e+00 0.000000000000000000e+00
9.388823784774722014e+00 0.000000000000000000e+00
9.392258510871219102e+00 0.000000000000000000e+00
9.395693236967716189e+00 0.000000000000000000e+00
9.399127963064213276e+00 0.000000000000000000e+00
9.402562689160708587e+00 0.000000000000000000e+00
9.405997415257207450e+00 0.000000000000000000e+00
9.409432141353704537e+00 0.000000000000000000e+00
9.412866867450201624e+00 0.000000000000000000e+00
9.416301593546698712e+00 0.000000000000000000e+00
9.419736319643195799e+00 0.000000000000000000e+00
9.423171045739691110e+00 0.000000000000000000e+00
9.426605771836188197e+00 0.000000000000000000e+00
9.430040497932687060e+00 0.000000000000000000e+00
9.433475224029184147e+00 0.000000000000000000e+00
9.436909950125681235e+00 0.000000000000000000e+00
9.440344676222176545e+00 0.000000000000000000e+00
9.443779402318673633e+00 0.000000000000000000e+00
9.447214128415170720e+00 0.000000000000000000e+00
9.450648854511669583e+00 0.000000000000000000e+00
9.454083580608166670e+00 0.000000000000000000e+00
9.457518306704663758e+00 0.000000000000000000e+00
9.460953032801159068e+00 0.000000000000000000e+00
9.464387758897656155e+00 0.000000000000000000e+00
9.467822484994153243e+00 0.000000000000000000e+00
9.471257211090652106e+00 0.000000000000000000e+00
9.474691937187149193e+00 0.000000000000000000e+00
9.478126663283646280e+00 0.000000000000000000e+00
9.481561389380141591e+00 0.000000000000000000e+00
9.484996115476638678e+00 0.000000000000000000e+00
9.488430841573135766e+00 0.000000000000000000e+00
9.491865567669634629e+00 0.000000000000000000e+00
9.495300293766131716e+00 0.000000000000000000e+00
9.498735019862627027e+00 0.000000000000000000e+00
9.502169745959124114e+00 0.000000000000000000e+00
9.505604472055621201e+00 0.000000000000000000e+00
9.509039198152118288e+00 0.000000000000000000e+00
9.512473924248615376e+00 0.000000000000000000e+00
9.515908650345114239e+00 0.000000000000000000e+00
9.519343376441609550e+00 0.000000000000000000e+00
9.522778102538106637e+00 0.000000000000000000e+00
9.526212828634603724e+00 0.000000000000000000e+00
9.529647554731100811e+00 0.000000000000000000e+00
9.533082280827597899e+00 0.000000000000000000e+00
9.536517006924096762e+00 0.000000000000000000e+00
9.539951733020592073e+00 0.000000000000000000e+00
9.543386459117089160e+00 0.000000000000000000e+00
9.546821185213586247e+00 0.000000000000000000e+00
9.550255911310083334e+00 0.000000000000000000e+00
9.553690637406580421e+00 0.000000000000000000e+00
9.557125363503077509e+00 0.000000000000000000e+00
9.560560089599574596e+00 0.000000000000000000e+00
9.563994815696071683e+00 0.000000000000000000e+00
9.567429541792568770e+00 0.000000000000000000e+00
9.570864267889065857e+00 0.000000000000000000e+00
9.574298993985562944e+00 0.000000000000000000e+00
9.577733720082060032e+00 0.000000000000000000e+00
9.581168446178557119e+00 0.000000000000000000e+00
9.584603172275054206e+00 0.000000000000000000e+00
9.588037898371551293e+00 0.000000000000000000e+00
9.591472624468048380e+00 0.000000000000000000e+00
9.594907350564545467e+00 0.000000000000000000e+00
9.598342076661042555e+00 0.000000000000000000e+00
9.601776802757539642e+00 0.000000000000000000e+00
9.605211528854036729e+00 0.000000000000000000e+00
9.608646254950533816e+00 0.000000000000000000e+00
9.612080981047030903e+00 0.000000000000000000e+00
9.615515707143527990e+00 0.000000000000000000e+00
9.618950433240023301e+00 0.000000000000000000e+00
9.622385159336522165e+00 0.000000000000000000e+00
9.625819885433019252e+00 0.000000000000000000e+00
9.629254611529516339e+00 0.000000000000000000e+00
9.632689337626013426e+00 0.000000000000000000e+00
9.636124063722510513e+00 0.000000000000000000e+00
9.639558789819005824e+00 0.000000000000000000e+00
9.642993515915504688e+00 0.000000000000000000e+00
9.646428242012001775e+00 0.000000000000000000e+00
9.649862968108498862e+00 0.000000000000000000e+00
9.653297694204995949e+00 0.000000000000000000e+00
9.656732420301493036e+00 0.000000000000000000e+00
9.660167146397988347e+00 0.000000000000000000e+00
9.663601872494487210e+00 0.000000000000000000e+00
9.667036598590984298e+00 0.000000000000000000e+00
9.670471324687481385e+00 0.000000000000000000e+00
9.673906050783978472e+00 0.000000000000000000e+00
9.677340776880473783e+00 0.000000000000000000e+00
9.680775502976970870e+00 0.000000000000000000e+00
9.684210229073467957e+00 0.000000000000000000e+00
9.687644955169966821e+00 0.000000000000000000e+00
9.691079681266463908e+00 0.000000000000000000e+00
9.694514407362960995e+00 0.000000000000000000e+00
9.697949133459456306e+00 0.000000000000000000e+00
9.701383859555953393e+00 0.000000000000000000e+00
9.704818585652450480e+00 0.000000000000000000e+00
9.708253311748949343e+00 0.000000000000000000e+00
9.711688037845446431e+00 0.000000000000000000e+00
9.715122763941943518e+00 0.000000000000000000e+00
9.718557490038438829e+00 0.000000000000000000e+00
9.721992216134935916e+00 0.000000000000000000e+00
9.725426942231433003e+00 0.000000000000000000e+00
9.728861668327931866e+00 0.000000000000000000e+00
9.732296394424428954e+00 0.000000000000000000e+00
9.735731120520924264e+00 0.000000000000000000e+00
9.739165846617421352e+00 0.000000000000000000e+00
9.742600572713918439e+00 0.000000000000000000e+00
9.746035298810415526e+00 0.000000000000000000e+00
9.749470024906914389e+00 0.000000000000000000e+00
9.752904751003411477e+00 0.000000000000000000e+00
9.756339477099906787e+00 0.000000000000000000e+00
9.759774203196403874e+00 0.000000000000000000e+00
9.763208929292900962e+00 0.000000000000000000e+00
9.766643655389398049e+00 0.000000000000000000e+00
9.770078381485895136e+00 0.000000000000000000e+00
9.773513107582393999e+00 0.000000000000000000e+00
9.776947833678889310e+00 0.000000000000000000e+00
9.780382559775386397e+00 0.000000000000000000e+00
9.783817285871883485e+00 0.000000000000000000e+00
9.787252011968380572e+00 0.000000000000000000e+00
9.790686738064877659e+00 0.000000000000000000e+00
9.794121464161376522e+00 0.000000000000000000e+00
9.797556190257871833e+00 0.000000000000000000e+00
9.800990916354368920e+00 0.000000000000000000e+00
9.804425642450866007e+00 0.000000000000000000e+00
9.807860368547363095e+00 0.000000000000000000e+00
9.811295094643860182e+00 0.000000000000000000e+00
9.814729820740357269e+00 0.000000000000000000e+00
9.818164546836854356e+00 0.000000000000000000e+00
9.821599272933351443e+00 0.000000000000000000e+00
9.825033999029848530e+00 0.000000000000000000e+00
9.828468725126345618e+00 0.000000000000000000e+00
9.831903451222842705e+00 0.000000000000000000e+00
9.835338177319339792e+00 0.000000000000000000e+00
9.838772903415836879e+00 0.000000000000000000e+00
9.842207629512333966e+00 0.000000000000000000e+00
9.845642355608831053e+00 0.000000000000000000e+00
9.849077081705328141e+00 0.000000000000000000e+00
9.852511807801825228e+00 0.000000000000000000e+00
9.855946533898320538e+00 0.000000000000000000e+00
9.859381259994819402e+00 0.000000000000000000e+00
9.862815986091316489e+00 0.000000000000000000e+00
9.866250712187813576e+00 0.000000000000000000e+00
9.869685438284310663e+00 0.000000000000000000e+00
9.873120164380807751e+00 0.000000000000000000e+00
9.876554890477303061e+00 0.000000000000000000e+00
9.879989616573801925e+00 0.000000000000000000e+00
9.883424342670299012e+00 0.000000000000000000e+00
9.886859068766796099e+00 0.000000000000000000e+00
9.890293794863293186e+00 0.000000000000000000e+00
9.893728520959790274e+00 0.000000000000000000e+00
9.897163247056285584e+00 0.000000000000000000e+00
9.900597973152784448e+00 0.000000000000000000e+00
9.904032699249281535e+00 0.000000000000000000e+00
9.907467425345778622e+00 0.000000000000000000e+00
9.910902151442275709e+00 0.000000000000000000e+00
9.914336877538771020e+00 0.000000000000000000e+00
9.917771603635268107e+00 0.000000000000000000e+00
9.921206329731766971e+00 0.000000000000000000e+00
9.924641055828264058e+00 0.000000000000000000e+00
9.928075781924761145e+00 0.000000000000000000e+00
9.931510508021258232e+00 0.000000000000000000e+00
9.934945234117753543e+00 0.000000000000000000e+00
9.938379960214250630e+00 0.000000000000000000e+00
9.941814686310747717e+00 0.000000000000000000e+00
9.945249412407246581e+00 0.000000000000000000e+00
9.948684138503743668e+00 0.000000000000000000e+00
9.952118864600240755e+00 0.000000000000000000e+00
9.955553590696736066e+00 0.000000000000000000e+00
9.958988316793233153e+00 0.000000000000000000e+00
9.962423042889730240e+00 0.000000000000000000e+00
9.965857768986229104e+00 0.000000000000000000e+00
9.969292495082726191e+00 0.000000000000000000e+00
9.972727221179223278e+00 0.000000000000000000e+00
9.976161947275718589e+00 0.000000000000000000e+00
9.979596673372215676e+00 0.000000000000000000e+00
9.983031399468712763e+00 0.000000000000000000e+00
9.986466125565211627e+00 0.000000000000000000e+00
9.989900851661708714e+00 0.000000000000000000e+00
9.993335577758204025e+00 0.000000000000000000e+00
9.996770303854701112e+00 0.000000000000000000e+00
1.000020502995119820e+01 0.000000000000000000e+00
1.000363975604769529e+01 0.000000000000000000e+00
1.000707448214419415e+01 0.000000000000000000e+00
1.001050920824069124e+01 0.000000000000000000e+00
1.001394393433718655e+01 0.000000000000000000e+00
1.001737866043368363e+01 0.000000000000000000e+00
1.002081338653018072e+01 0.000000000000000000e+00
1.002424811262667781e+01 0.000000000000000000e+00
1.002768283872317490e+01 0.000000000000000000e+00
1.003111756481967376e+01 0.000000000000000000e+00
1.003455229091616907e+01 0.000000000000000000e+00
1.003798701701266616e+01 0.000000000000000000e+00
1.004142174310916324e+01 0.000000000000000000e+00
1.004485646920566033e+01 0.000000000000000000e+00
1.004829119530215742e+01 0.000000000000000000e+00
1.005172592139865451e+01 0.000000000000000000e+00
1.005516064749515159e+01 0.000000000000000000e+00
1.005859537359164868e+01 0.000000000000000000e+00
1.006203009968814577e+01 0.000000000000000000e+00
1.006546482578464285e+01 0.000000000000000000e+00
1.006889955188113994e+01 0.000000000000000000e+00
1.007233427797763703e+01 0.000000000000000000e+00
1.007576900407413412e+01 0.000000000000000000e+00
1.007920373017063120e+01 0.000000000000000000e+00
1.008263845626712829e+01 0.000000000000000000e+00
1.008607318236362538e+01 0.000000000000000000e+00
1.008950790846012247e+01 0.000000000000000000e+00
1.009294263455661955e+01 0.000000000000000000e+00
1.009637736065311664e+01 0.000000000000000000e+00
1.009981208674961373e+01 0.000000000000000000e+00
1.010324681284611081e+01 0.000000000000000000e+00
1.010668153894260790e+01 0.000000000000000000e+00
1.011011626503910499e+01 0.000000000000000000e+00
1.011355099113560208e+01 0.000000000000000000e+00
1.011698571723209916e+01 0.000000000000000000e+00
1.012042044332859625e+01 0.000000000000000000e+00
1.012385516942509334e+01 0.000000000000000000e+00
1.012728989552159042e+01 0.000000000000000000e+00
1.013072462161808751e+01 0.000000000000000000e+00
1.013415934771458282e+01 0.000000000000000000e+00
1.013759407381108169e+01 0.000000000000000000e+00
1.014102879990757877e+01 0.000000000000000000e+00
1.014446352600407586e+01 0.000000000000000000e+00
1.014789825210057295e+01 0.000000000000000000e+00
1.015133297819707003e+01 0.000000000000000000e+00
1.015476770429356534e+01 0.000000000000000000e+00
1.015820243039006421e+01 0.000000000000000000e+00
1.016163715648656130e+01 0.000000000000000000e+00
1.016507188258305838e+01 0.000000000000000000e+00
1.016850660867955547e+01 0.000000000000000000e+00
1.017194133477605078e+01 0.000000000000000000e+00
1.017537606087254787e+01 0.000000000000000000e+00
1.017881078696904673e+01 0.000000000000000000e+00
1.018224551306554382e+01 0.000000000000000000e+00
1.018568023916204091e+01 0.000000000000000000e+00
1.018911496525853799e+01 0.000000000000000000e+00
1.019254969135503330e+01 0.000000000000000000e+00
1.019598441745153039e+01 0.000000000000000000e+00
1.019941914354802925e+01 0.000000000000000000e+00
1.020285386964452634e+01 0.000000000000000000e+00
1.020628859574102343e+01 0.000000000000000000e+00
1.020972332183752052e+01 0.000000000000000000e+00
1.021315804793401583e+01 0.000000000000000000e+00
1.021659277403051291e+01 0.000000000000000000e+00
1.022002750012701000e+01 0.000000000000000000e+00
1.022346222622350886e+01 0.000000000000000000e+00
1.022689695232000595e+01 0.000000000000000000e+00
1.023033167841650126e+01 0.000000000000000000e+00
1.023376640451299835e+01 0.000000000000000000e+00
1.023720113060949544e+01 0.000000000000000000e+00
1.024063585670599252e+01 0.000000000000000000e+00
1.024407058280249139e+01 0.000000000000000000e+00
1.024750530889898847e+01 0.000000000000000000e+00
1.025094003499548378e+01 0.000000000000000000e+00
1.025437476109198087e+01 0.000000000000000000e+00
1.025780948718847796e+01 0.000000000000000000e+00
1.026124421328497505e+01 0.000000000000000000e+00
1.026467893938147391e+01 0.000000000000000000e+00
1.026811366547797100e+01 0.000000000000000000e+00
1.027154839157446631e+01 0.000000000000000000e+00
1.027498311767096340e+01 0.000000000000000000e+00
1.027841784376746048e+01 0.000000000000000000e+00
1.028185256986395757e+01 0.000000000000000000e+00
1.028528729596045643e+01 0.000000000000000000e+00
1.028872202205695174e+01 0.000000000000000000e+00
1.029215674815344883e+01 0.000000000000000000e+00
1.029559147424994592e+01 0.000000000000000000e+00
1.029902620034644301e+01 0.000000000000000000e+00
1.030246092644294009e+01 0.000000000000000000e+00
