# # sector 03: chi = -144.99 deg (range [-150, -140))
# # columns: 2theta(deg)  intensity
1.716567758002242143e-03 6.255500030517578125e+01
5.149703274006726429e-03 7.089290618896484375e+01
8.582838790011209848e-03 7.404202270507812500e+01
1.201597430601569587e-02 7.055650329589843750e+01
1.544910982202017842e-02 2.319540596008300781e+01
1.888224533802465924e-02 -2.495041370391845703e+00
2.231538085402914526e-02 -2.493220138549804688e+01
2.574851637003363128e-02 -6.403225421905517578e+00
2.918165188603811730e-02 -2.032703590393066406e+01
3.261478740204259985e-02 -2.668638038635253906e+01
3.604792291804708587e-02 -9.774251282215118408e-02
3.948105843405157189e-02 3.987826156616210938e+01
4.291419395005605791e-02 5.221975326538085938e+01
4.634732946606053700e-02 5.675004482269287109e+00
4.978046498206502302e-02 8.524642944335937500e+00
5.321360049806950904e-02 3.676116561889648438e+01
5.664673601407399506e-02 8.328298950195312500e+01
6.007987153007848108e-02 6.152697372436523438e+01
6.351300704608295322e-02 4.749316787719726562e+01
6.694614256208744618e-02 4.412307357788085938e+01
7.037927807809192526e-02 6.414612579345703125e+01
7.381241359409640435e-02 7.717992401123046875e+01
7.724554911010089731e-02 6.345048904418945312e+01
8.067868462610537639e-02 6.118396377563476562e+01
8.411182014210986935e-02 6.039471817016601562e+01
8.754495565811434843e-02 7.519049072265625000e+01
9.097809117411882751e-02 6.432913208007812500e+01
9.441122669012332047e-02 6.760404968261718750e+01
9.784436220612781343e-02 7.530208587646484375e+01
1.012774977221322786e-01 7.603704833984375000e+01
1.047106332381367716e-01 8.050699615478515625e+01
1.081437687541412507e-01 7.293496704101562500e+01
1.115769042701457436e-01 9.644458770751953125e+01
1.150100397861502227e-01 8.544440460205078125e+01
1.184431753021547157e-01 8.820222473144531250e+01
1.218763108181591809e-01 1.042051239013671875e+02
1.253094463341636600e-01 1.314016571044921875e+02
1.287425818501681529e-01 1.777636718750000000e+02
1.321757173661726459e-01 2.074016723632812500e+02
1.356088528821771388e-01 2.341060028076171875e+02
1.390419883981816040e-01 2.300119934082031250e+02
1.424751239141860970e-01 2.294830322265625000e+02
1.459082594301905900e-01 2.374824829101562500e+02
1.493413949461950552e-01 2.608834838867187500e+02
1.527745304621995481e-01 2.434959716796875000e+02
1.562076659782040411e-01 2.450774230957031250e+02
1.596408014942085063e-01 2.573041076660156250e+02
1.630739370102129993e-01 3.009556579589843750e+02
1.665070725262174922e-01 3.282608947753906250e+02
1.699402080422219852e-01 3.291166381835937500e+02
1.733733435582264504e-01 3.479764099121093750e+02
1.768064790742309156e-01 3.672750549316406250e+02
1.802396145902354085e-01 4.120469665527343750e+02
1.836727501062399015e-01 4.301982421875000000e+02
1.871058856222443945e-01 4.229100036621093750e+02
1.905390211382488874e-01 4.049597778320312500e+02
1.939721566542533804e-01 3.792899475097656250e+02
1.974052921702578456e-01 3.826117248535156250e+02
2.008384276862623385e-01 3.886107788085937500e+02
2.042715632022668037e-01 3.998173522949218750e+02
2.077046987182712967e-01 4.077015380859375000e+02
2.111378342342757897e-01 4.221364135742187500e+02
2.145709697502802549e-01 4.451369628906250000e+02
2.180041052662847478e-01 4.784072570800781250e+02
2.214372407822892408e-01 4.947414245605468750e+02
2.248703762982937338e-01 5.273223876953125000e+02
2.283035118142981990e-01 5.340216674804687500e+02
2.317366473303026919e-01 5.348981933593750000e+02
2.351697828463071849e-01 5.087572937011718750e+02
2.386029183623116778e-01 4.877025146484375000e+02
2.420360538783161153e-01 4.890901794433593750e+02
2.454691893943206082e-01 5.119701232910156250e+02
2.489023249103251012e-01 5.397720336914062500e+02
2.523354604263295942e-01 5.498884277343750000e+02
2.557685959423340871e-01 5.370958251953125000e+02
2.592017314583385801e-01 5.561677856445312500e+02
2.626348669743430730e-01 5.656892700195312500e+02
2.660680024903475660e-01 5.803496704101562500e+02
2.695011380063520035e-01 5.521515502929687500e+02
2.729342735223564964e-01 5.647092895507812500e+02
2.763674090383609339e-01 5.723067016601562500e+02
2.798005445543654268e-01 5.809371337890625000e+02
2.832336800703699198e-01 5.883132324218750000e+02
2.866668155863744127e-01 6.023619384765625000e+02
2.900999511023789057e-01 6.129740600585937500e+02
2.935330866183833987e-01 6.010913085937500000e+02
2.969662221343878916e-01 5.998096923828125000e+02
3.003993576503923846e-01 6.207731323242187500e+02
3.038324931663968775e-01 6.387683715820312500e+02
3.072656286824013705e-01 6.487361450195312500e+02
3.106987641984058635e-01 6.500719604492187500e+02
3.141318997144103009e-01 6.622037963867187500e+02
3.175650352304147939e-01 6.732925415039062500e+02
3.209981707464192868e-01 6.795147094726562500e+02
3.244313062624237243e-01 6.940556640625000000e+02
3.278644417784282172e-01 7.149509277343750000e+02
3.312975772944327102e-01 7.175163574218750000e+02
3.347307128104372032e-01 7.236229248046875000e+02
3.381638483264416961e-01 7.282948608398437500e+02
3.415969838424461891e-01 7.447942504882812500e+02
3.450301193584506820e-01 7.537094726562500000e+02
3.484632548744551750e-01 7.655861816406250000e+02
3.518963903904596124e-01 7.848753662109375000e+02
3.553295259064641054e-01 8.035772705078125000e+02
3.587626614224685984e-01 8.225747070312500000e+02
3.621957969384730913e-01 8.407019653320312500e+02
3.656289324544775843e-01 8.694700927734375000e+02
3.690620679704820772e-01 9.128991088867187500e+02
3.724952034864865702e-01 9.484929199218750000e+02
3.759283390024910076e-01 9.726000976562500000e+02
3.793614745184955006e-01 9.917957763671875000e+02
3.827946100344999936e-01 1.009657104492187500e+03
3.862277455505044865e-01 1.026594360351562500e+03
3.896608810665089240e-01 1.033253173828125000e+03
3.930940165825134169e-01 1.055025146484375000e+03
3.965271520985179099e-01 1.070070922851562500e+03
3.999602876145224029e-01 1.100010742187500000e+03
4.033934231305268958e-01 1.115388671875000000e+03
4.068265586465313888e-01 1.140346435546875000e+03
4.102596941625358817e-01 1.132829467773437500e+03
4.136928296785403747e-01 1.140120117187500000e+03
4.171259651945448677e-01 1.131190429687500000e+03
4.205591007105493606e-01 1.143237060546875000e+03
4.239922362265537981e-01 1.154482666015625000e+03
4.274253717425582910e-01 1.172134277343750000e+03
4.308585072585627285e-01 1.177719116210937500e+03
4.342916427745672214e-01 1.184924072265625000e+03
4.377247782905717144e-01 1.200636962890625000e+03
4.411579138065762073e-01 1.233071411132812500e+03
4.445910493225807003e-01 1.246893432617187500e+03
4.480241848385851933e-01 1.257438232421875000e+03
4.514573203545896862e-01 1.257368408203125000e+03
4.548904558705941792e-01 1.270737426757812500e+03
4.583235913865986721e-01 1.264784790039062500e+03
4.617567269026031651e-01 1.272976440429687500e+03
4.651898624186076581e-01 1.265646362304687500e+03
4.686229979346121510e-01 1.247855712890625000e+03
4.720561334506166440e-01 1.226207031250000000e+03
4.754892689666211369e-01 1.232482177734375000e+03
4.789224044826255189e-01 1.261464111328125000e+03
4.823555399986300118e-01 1.273537841796875000e+03
4.857886755146345048e-01 1.271726440429687500e+03
4.892218110306389423e-01 1.263158325195312500e+03
4.926549465466434352e-01 1.269166748046875000e+03
4.960880820626479282e-01 1.278148681640625000e+03
4.995212175786524211e-01 1.266274536132812500e+03
5.029543530946569696e-01 1.245585449218750000e+03
5.063874886106614071e-01 1.242950683593750000e+03
5.098206241266658445e-01 1.264890625000000000e+03
5.132537596426703930e-01 1.284585449218750000e+03
5.166868951586748304e-01 1.277589599609375000e+03
5.201200306746793789e-01 1.270383789062500000e+03
5.235531661906838163e-01 1.279349731445312500e+03
5.269863017066883648e-01 1.284799194335937500e+03
5.304194372226928023e-01 1.282856567382812500e+03
5.338525727386973507e-01 1.259369506835937500e+03
5.372857082547017882e-01 1.243118774414062500e+03
5.407188437707063366e-01 1.230763305664062500e+03
5.441519792867107741e-01 1.230374877929687500e+03
5.475851148027153226e-01 1.224794433593750000e+03
5.510182503187196490e-01 1.228038940429687500e+03
5.544513858347241975e-01 1.215771362304687500e+03
5.578845213507286349e-01 1.195769409179687500e+03
5.613176568667331834e-01 1.178014648437500000e+03
5.647507923827376208e-01 1.163786865234375000e+03
5.681839278987420583e-01 1.156671875000000000e+03
5.716170634147466068e-01 1.153733398437500000e+03
5.750501989307510442e-01 1.154566528320312500e+03
5.784833344467555927e-01 1.163545043945312500e+03
5.819164699627600301e-01 1.177891357421875000e+03
5.853496054787645786e-01 1.178288452148437500e+03
5.887827409947690160e-01 1.172151733398437500e+03
5.922158765107735645e-01 1.147002075195312500e+03
5.956490120267780020e-01 1.147873657226562500e+03
5.990821475427825504e-01 1.150530151367187500e+03
6.025152830587869879e-01 1.160604980468750000e+03
6.059484185747915364e-01 1.163513061523437500e+03
6.093815540907959738e-01 1.145625610351562500e+03
6.128146896068004112e-01 1.144399291992187500e+03
6.162478251228049597e-01 1.144997436523437500e+03
6.196809606388093972e-01 1.157441406250000000e+03
6.231140961548139456e-01 1.144828735351562500e+03
6.265472316708182721e-01 1.155660156250000000e+03
6.299803671868228205e-01 1.160416992187500000e+03
6.334135027028272580e-01 1.160493164062500000e+03
6.368466382188318065e-01 1.133824462890625000e+03
6.402797737348362439e-01 1.120836791992187500e+03
6.437129092508407924e-01 1.114800537109375000e+03
6.471460447668452298e-01 1.110463012695312500e+03
6.505791802828497783e-01 1.099750854492187500e+03
6.540123157988542157e-01 1.098094482421875000e+03
6.574454513148587642e-01 1.109491943359375000e+03
6.608785868308632017e-01 1.113536132812500000e+03
6.643117223468677501e-01 1.112647460937500000e+03
6.677448578628721876e-01 1.104813842773437500e+03
6.711779933788766250e-01 1.105200683593750000e+03
6.746111288948811735e-01 1.103113281250000000e+03
6.780442644108856109e-01 1.117100341796875000e+03
6.814773999268901594e-01 1.130247680664062500e+03
6.849105354428945969e-01 1.146765380859375000e+03
6.883436709588991453e-01 1.137292236328125000e+03
6.917768064749035828e-01 1.124910888671875000e+03
6.952099419909081313e-01 1.119443237304687500e+03
6.986430775069124577e-01 1.125837890625000000e+03
7.020762130229170062e-01 1.125392333984375000e+03
7.055093485389214436e-01 1.137382812500000000e+03
7.089424840549259921e-01 1.137269287109375000e+03
7.123756195709304295e-01 1.127622802734375000e+03
7.158087550869349780e-01 1.107180419921875000e+03
7.192418906029394154e-01 1.112705688476562500e+03
7.226750261189439639e-01 1.129260742187500000e+03
7.261081616349484014e-01 1.139352661132812500e+03
7.295412971509528388e-01 1.140750732421875000e+03
7.329744326669573873e-01 1.130809814453125000e+03
7.364075681829618247e-01 1.125975219726562500e+03
7.398407036989663732e-01 1.112220703125000000e+03
7.432738392149708107e-01 1.114831542968750000e+03
7.467069747309753591e-01 1.117358032226562500e+03
7.501401102469797966e-01 1.120373413085937500e+03
7.535732457629843450e-01 1.127971313476562500e+03
7.570063812789887825e-01 1.133612915039062500e+03
7.604395167949933310e-01 1.144106201171875000e+03
7.638726523109977684e-01 1.145658569335937500e+03
7.673057878270023169e-01 1.133412353515625000e+03
7.707389233430067543e-01 1.117534423828125000e+03
7.741720588590111918e-01 1.108537353515625000e+03
7.776051943750156292e-01 1.111720581054687500e+03
7.810383298910200667e-01 1.126742309570312500e+03
7.844714654070246151e-01 1.140923339843750000e+03
7.879046009230290526e-01 1.154102172851562500e+03
7.913377364390336011e-01 1.150476928710937500e+03
7.947708719550380385e-01 1.151217407226562500e+03
7.982040074710425870e-01 1.140834594726562500e+03
8.016371429870470244e-01 1.130074707031250000e+03
8.050702785030515729e-01 1.127078979492187500e+03
8.085034140190560104e-01 1.143313110351562500e+03
8.119365495350605588e-01 1.160247070312500000e+03
8.153696850510649963e-01 1.169958496093750000e+03
8.188028205670695447e-01 1.189119018554687500e+03
8.222359560830739822e-01 1.194925659179687500e+03
8.256690915990785307e-01 1.183000000000000000e+03
8.291022271150829681e-01 1.154844238281250000e+03
8.325353626310874056e-01 1.138576538085937500e+03
8.359684981470919540e-01 1.128463989257812500e+03
8.394016336630963915e-01 1.138557128906250000e+03
8.428347691791009400e-01 1.155504516601562500e+03
8.462679046951052664e-01 1.179688354492187500e+03
8.497010402111098148e-01 1.175766357421875000e+03
8.531341757271142523e-01 1.174766967773437500e+03
8.565673112431188008e-01 1.175365478515625000e+03
8.600004467591232382e-01 1.188654052734375000e+03
8.634335822751277867e-01 1.193368896484375000e+03
8.668667177911322241e-01 1.186717529296875000e+03
8.702998533071367726e-01 1.189617309570312500e+03
8.737329888231412101e-01 1.191493041992187500e+03
8.771661243391457585e-01 1.190304809570312500e+03
8.805992598551501960e-01 1.178149414062500000e+03
8.840323953711546334e-01 1.174962890625000000e+03
8.874655308871591819e-01 1.168065185546875000e+03
8.908986664031636193e-01 1.168377441406250000e+03
8.943318019191681678e-01 1.172362548828125000e+03
8.977649374351724942e-01 1.195116577148437500e+03
9.011980729511770427e-01 1.203089111328125000e+03
9.046312084671814802e-01 1.197782592773437500e+03
9.080643439831860286e-01 1.186291870117187500e+03
9.114974794991904661e-01 1.189868164062500000e+03
9.149306150151950145e-01 1.207491088867187500e+03
9.183637505311994520e-01 1.223863647460937500e+03
9.217968860472040005e-01 1.237094116210937500e+03
9.252300215632084379e-01 1.241836791992187500e+03
9.286631570792129864e-01 1.241729980468750000e+03
9.320962925952174238e-01 1.236627929687500000e+03
9.355294281112219723e-01 1.220355590820312500e+03
9.389625636272264098e-01 1.204290161132812500e+03
9.423956991432308472e-01 1.207437011718750000e+03
9.458288346592353957e-01 1.215833496093750000e+03
9.492619701752398331e-01 1.216601562500000000e+03
9.526951056912443816e-01 1.208780639648437500e+03
9.561282412072487080e-01 1.214105834960937500e+03
9.595613767232531455e-01 1.221733520507812500e+03
9.629945122392575829e-01 1.216375488281250000e+03
9.664276477552621314e-01 1.200369140625000000e+03
9.698607832712665688e-01 1.195139282226562500e+03
9.732939187872711173e-01 1.208449462890625000e+03
9.767270543032755548e-01 1.218883178710937500e+03
9.801601898192801032e-01 1.227030395507812500e+03
9.835933253352845407e-01 1.230087524414062500e+03
9.870264608512890891e-01 1.230289550781250000e+03
9.904595963672935266e-01 1.230997192382812500e+03
9.938927318832980751e-01 1.234586914062500000e+03
9.973258673993025125e-01 1.240479125976562500e+03
1.000759002915307061e+00 1.241311767578125000e+03
1.004192138431311498e+00 1.249969970703125000e+03
1.007625273947315936e+00 1.245382934570312500e+03
1.011058409463320373e+00 1.239042236328125000e+03
1.014491544979325033e+00 1.234969360351562500e+03
1.017924680495329470e+00 1.250110473632812500e+03
1.021357816011333908e+00 1.266925537109375000e+03
1.024790951527338345e+00 1.276967285156250000e+03
1.028224087043343005e+00 1.278803100585937500e+03
1.031657222559347442e+00 1.281627197265625000e+03
1.035090358075351880e+00 1.274307128906250000e+03
1.038523493591356317e+00 1.258406005859375000e+03
1.041956629107360977e+00 1.253508666992187500e+03
1.045389764623365414e+00 1.247727172851562500e+03
1.048822900139369851e+00 1.256603271484375000e+03
1.052256035655374289e+00 1.259612304687500000e+03
1.055689171171378726e+00 1.260015014648437500e+03
1.059122306687383386e+00 1.255154296875000000e+03
1.062555442203387823e+00 1.242762084960937500e+03
1.065988577719392261e+00 1.252189086914062500e+03
1.069421713235396698e+00 1.266085205078125000e+03
1.072854848751401358e+00 1.275642456054687500e+03
1.076287984267405795e+00 1.273966674804687500e+03
1.079721119783410233e+00 1.265757690429687500e+03
1.083154255299414670e+00 1.264773437500000000e+03
1.086587390815419329e+00 1.271038696289062500e+03
1.090020526331423767e+00 1.267565307617187500e+03
1.093453661847428204e+00 1.263985473632812500e+03
1.096886797363432642e+00 1.265081665039062500e+03
1.100319932879437079e+00 1.267264526367187500e+03
1.103753068395441517e+00 1.267387695312500000e+03
1.107186203911445954e+00 1.258808349609375000e+03
1.110619339427450392e+00 1.251597534179687500e+03
1.114052474943455051e+00 1.254843139648437500e+03
1.117485610459459489e+00 1.254182006835937500e+03
1.120918745975463926e+00 1.266813476562500000e+03
1.124351881491468363e+00 1.265933959960937500e+03
1.127785017007472801e+00 1.273824462890625000e+03
1.131218152523477460e+00 1.265991210937500000e+03
1.134651288039481898e+00 1.275881713867187500e+03
1.138084423555486335e+00 1.281746215820312500e+03
1.141517559071490773e+00 1.300750244140625000e+03
1.144950694587495432e+00 1.298525878906250000e+03
1.148383830103499870e+00 1.293143920898437500e+03
1.151816965619504307e+00 1.290282714843750000e+03
1.155250101135508745e+00 1.303701416015625000e+03
1.158683236651513404e+00 1.320321533203125000e+03
1.162116372167517842e+00 1.321142700195312500e+03
1.165549507683522279e+00 1.304395019531250000e+03
1.168982643199526716e+00 1.295247436523437500e+03
1.172415778715531154e+00 1.288992431640625000e+03
1.175848914231535813e+00 1.290818115234375000e+03
1.179282049747540251e+00 1.279860717773437500e+03
1.182715185263544688e+00 1.295564697265625000e+03
1.186148320779549126e+00 1.317586669921875000e+03
1.189581456295553785e+00 1.328079833984375000e+03
1.193014591811558223e+00 1.320247192382812500e+03
1.196447727327562660e+00 1.302311645507812500e+03
1.199880862843567098e+00 1.310938842773437500e+03
1.203313998359571757e+00 1.319219848632812500e+03
1.206747133875576194e+00 1.334200439453125000e+03
1.210180269391580632e+00 1.326506469726562500e+03
1.213613404907585069e+00 1.322106445312500000e+03
1.217046540423589507e+00 1.328241088867187500e+03
1.220479675939594166e+00 1.343165161132812500e+03
1.223912811455598604e+00 1.357928222656250000e+03
1.227345946971603041e+00 1.344773559570312500e+03
1.230779082487607479e+00 1.339620605468750000e+03
1.234212218003612138e+00 1.338921752929687500e+03
1.237645353519616576e+00 1.348418212890625000e+03
1.241078489035621013e+00 1.362128906250000000e+03
1.244511624551625451e+00 1.372214965820312500e+03
1.247944760067629888e+00 1.376897705078125000e+03
1.251377895583634325e+00 1.373486328125000000e+03
1.254811031099638763e+00 1.370545410156250000e+03
1.258244166615643200e+00 1.381298583984375000e+03
1.261677302131647860e+00 1.390655761718750000e+03
1.265110437647652297e+00 1.406688842773437500e+03
1.268543573163656735e+00 1.410144287109375000e+03
1.271976708679661172e+00 1.405048217773437500e+03
1.275409844195665832e+00 1.395426757812500000e+03
1.278842979711670269e+00 1.391958862304687500e+03
1.282276115227674707e+00 1.399380493164062500e+03
1.285709250743679144e+00 1.402162963867187500e+03
1.289142386259683581e+00 1.404206176757812500e+03
1.292575521775688241e+00 1.407282714843750000e+03
1.296008657291692678e+00 1.417288330078125000e+03
1.299441792807697116e+00 1.424876586914062500e+03
1.302874928323701553e+00 1.424335327148437500e+03
1.306308063839706213e+00 1.422686645507812500e+03
1.309741199355710650e+00 1.421002807617187500e+03
1.313174334871715088e+00 1.421178222656250000e+03
1.316607470387719525e+00 1.413872436523437500e+03
1.320040605903724185e+00 1.409414428710937500e+03
1.323473741419728622e+00 1.418315063476562500e+03
1.326906876935733059e+00 1.424875244140625000e+03
1.330340012451737497e+00 1.442546142578125000e+03
1.333773147967741934e+00 1.456489135742187500e+03
1.337206283483746594e+00 1.475969482421875000e+03
1.340639418999751031e+00 1.490171508789062500e+03
1.344072554515755469e+00 1.503548461914062500e+03
1.347505690031759906e+00 1.525756225585937500e+03
1.350938825547764566e+00 1.547428710937500000e+03
1.354371961063769003e+00 1.558739746093750000e+03
1.357805096579773441e+00 1.568723388671875000e+03
1.361238232095777878e+00 1.560288818359375000e+03
1.364671367611782538e+00 1.535798339843750000e+03
1.368104503127786975e+00 1.502501953125000000e+03
1.371537638643791412e+00 1.487746582031250000e+03
1.374970774159795850e+00 1.480256591796875000e+03
1.378403909675800287e+00 1.465899291992187500e+03
1.381837045191804947e+00 1.440948364257812500e+03
1.385270180707809384e+00 1.425066284179687500e+03
1.388703316223813822e+00 1.418129760742187500e+03
1.392136451739818259e+00 1.421267578125000000e+03
1.395569587255822697e+00 1.429970825195312500e+03
1.399002722771827134e+00 1.427784545898437500e+03
1.402435858287831572e+00 1.428079223632812500e+03
1.405868993803836009e+00 1.429355102539062500e+03
1.409302129319840668e+00 1.445342529296875000e+03
1.412735264835845106e+00 1.458147460937500000e+03
1.416168400351849543e+00 1.467978637695312500e+03
1.419601535867853981e+00 1.474493164062500000e+03
1.423034671383858640e+00 1.480095825195312500e+03
1.426467806899863078e+00 1.470828735351562500e+03
1.429900942415867515e+00 1.472013427734375000e+03
1.433334077931871953e+00 1.478636962890625000e+03
1.436767213447876390e+00 1.484978515625000000e+03
1.440200348963881050e+00 1.494704223632812500e+03
1.443633484479885487e+00 1.503524536132812500e+03
1.447066619995889925e+00 1.505057128906250000e+03
1.450499755511894362e+00 1.494070922851562500e+03
1.453932891027899021e+00 1.484486206054687500e+03
1.457366026543903459e+00 1.489542358398437500e+03
1.460799162059907896e+00 1.500158081054687500e+03
1.464232297575912334e+00 1.516779418945312500e+03
1.467665433091916993e+00 1.519239135742187500e+03
1.471098568607921431e+00 1.508938842773437500e+03
1.474531704123925868e+00 1.492291992187500000e+03
1.477964839639930306e+00 1.491227539062500000e+03
1.481397975155934965e+00 1.490569580078125000e+03
1.484831110671939403e+00 1.499702636718750000e+03
1.488264246187943840e+00 1.505178588867187500e+03
1.491697381703948277e+00 1.514989990234375000e+03
1.495130517219952715e+00 1.521166870117187500e+03
1.498563652735957374e+00 1.516630615234375000e+03
1.501996788251961812e+00 1.511312133789062500e+03
1.505429923767966249e+00 1.512454589843750000e+03
1.508863059283970687e+00 1.510321655273437500e+03
1.512296194799975346e+00 1.511756958007812500e+03
1.515729330315979784e+00 1.505766235351562500e+03
1.519162465831984221e+00 1.517305297851562500e+03
1.522595601347988659e+00 1.527759277343750000e+03
1.526028736863993318e+00 1.533306884765625000e+03
1.529461872379997756e+00 1.539878662109375000e+03
1.532895007896002193e+00 1.537777221679687500e+03
1.536328143412006630e+00 1.534512451171875000e+03
1.539761278928011068e+00 1.521584838867187500e+03
1.543194414444015505e+00 1.513215087890625000e+03
1.546627549960019943e+00 1.510682006835937500e+03
1.550060685476024380e+00 1.515499023437500000e+03
1.553493820992028818e+00 1.520733398437500000e+03
1.556926956508033477e+00 1.539755737304687500e+03
1.560360092024037915e+00 1.553678955078125000e+03
1.563793227540042352e+00 1.556674072265625000e+03
1.567226363056046790e+00 1.553997070312500000e+03
1.570659498572051449e+00 1.552885498046875000e+03
1.574092634088055886e+00 1.571181518554687500e+03
1.577525769604060324e+00 1.576068481445312500e+03
1.580958905120064761e+00 1.582738647460937500e+03
1.584392040636069421e+00 1.577865844726562500e+03
1.587825176152073858e+00 1.578386230468750000e+03
1.591258311668078296e+00 1.579456787109375000e+03
1.594691447184082733e+00 1.578034179687500000e+03
1.598124582700087171e+00 1.569965576171875000e+03
1.601557718216091830e+00 1.561005371093750000e+03
1.604990853732096268e+00 1.564282714843750000e+03
1.608423989248100705e+00 1.574842773437500000e+03
1.611857124764105142e+00 1.593693603515625000e+03
1.615290260280109802e+00 1.606887695312500000e+03
1.618723395796114239e+00 1.640338500976562500e+03
1.622156531312118677e+00 1.669356567382812500e+03
1.625589666828123114e+00 1.720165771484375000e+03
1.629022802344127774e+00 1.757534301757812500e+03
1.632455937860132211e+00 1.805761108398437500e+03
1.635889073376136649e+00 1.828173095703125000e+03
1.639322208892141086e+00 1.841500366210937500e+03
1.642755344408145524e+00 1.830106689453125000e+03
1.646188479924150183e+00 1.808951293945312500e+03
1.649621615440154621e+00 1.775083496093750000e+03
1.653054750956159058e+00 1.726171752929687500e+03
1.656487886472163495e+00 1.679424438476562500e+03
1.659921021988168155e+00 1.642412231445312500e+03
1.663354157504172592e+00 1.619341186523437500e+03
1.666787293020177030e+00 1.602844116210937500e+03
1.670220428536181467e+00 1.589476562500000000e+03
1.673653564052186127e+00 1.581671264648437500e+03
1.677086699568190564e+00 1.588375854492187500e+03
1.680519835084195002e+00 1.597582763671875000e+03
1.683952970600199439e+00 1.601744384765625000e+03
1.687386106116203877e+00 1.598618774414062500e+03
1.690819241632208314e+00 1.593911621093750000e+03
1.694252377148212751e+00 1.589558959960937500e+03
1.697685512664217189e+00 1.587602294921875000e+03
1.701118648180221848e+00 1.591060302734375000e+03
1.704551783696226286e+00 1.596197875976562500e+03
1.707984919212230723e+00 1.599288818359375000e+03
1.711418054728235161e+00 1.595814208984375000e+03
1.714851190244239598e+00 1.593126220703125000e+03
1.718284325760244258e+00 1.598225830078125000e+03
1.721717461276248695e+00 1.600975708007812500e+03
1.725150596792253133e+00 1.600588989257812500e+03
1.728583732308257570e+00 1.586317260742187500e+03
1.732016867824262230e+00 1.572326416015625000e+03
1.735450003340266667e+00 1.569995849609375000e+03
1.738883138856271104e+00 1.573681030273437500e+03
1.742316274372275542e+00 1.572178466796875000e+03
1.745749409888280201e+00 1.571605346679687500e+03
1.749182545404284639e+00 1.573193603515625000e+03
1.752615680920289076e+00 1.577264892578125000e+03
1.756048816436293514e+00 1.581803344726562500e+03
1.759481951952297951e+00 1.575133789062500000e+03
1.762915087468302611e+00 1.570534912109375000e+03
1.766348222984307048e+00 1.566588623046875000e+03
1.769781358500311486e+00 1.576098144531250000e+03
1.773214494016315923e+00 1.591496948242187500e+03
1.776647629532320583e+00 1.608083984375000000e+03
1.780080765048325020e+00 1.621328613281250000e+03
1.783513900564329457e+00 1.623951782226562500e+03
1.786947036080333895e+00 1.611217407226562500e+03
1.790380171596338554e+00 1.595239257812500000e+03
1.793813307112343214e+00 1.574358398437500000e+03
1.797246442628347429e+00 1.562905273437500000e+03
1.800679578144352089e+00 1.546676025390625000e+03
1.804112713660356304e+00 1.526948486328125000e+03
1.807545849176361186e+00 1.504578369140625000e+03
1.810978984692365401e+00 1.495796020507812500e+03
1.814412120208370061e+00 1.494354492187500000e+03
1.817845255724374276e+00 1.495278076171875000e+03
1.821278391240379158e+00 1.486331787109375000e+03
1.824711526756383373e+00 1.475166259765625000e+03
1.828144662272388032e+00 1.463782226562500000e+03
1.831577797788392248e+00 1.456979614257812500e+03
1.835010933304396907e+00 1.465030883789062500e+03
1.838444068820401345e+00 1.467286743164062500e+03
1.841877204336406004e+00 1.469547729492187500e+03
1.845310339852410220e+00 1.460179809570312500e+03
1.848743475368414879e+00 1.456772216796875000e+03
1.852176610884419317e+00 1.446828369140625000e+03
1.855609746400423976e+00 1.439238159179687500e+03
1.859042881916428192e+00 1.439116943359375000e+03
1.862476017432432851e+00 1.440309936523437500e+03
1.865909152948437288e+00 1.439931274414062500e+03
1.869342288464441948e+00 1.432930175781250000e+03
1.872775423980446163e+00 1.427129638671875000e+03
1.876208559496450823e+00 1.436638916015625000e+03
1.879641695012455260e+00 1.471682739257812500e+03
1.883074830528459920e+00 1.444084594726562500e+03
1.886507966044464135e+00 1.395604370117187500e+03
1.889941101560468795e+00 1.370492187500000000e+03
1.893374237076473010e+00 1.392145629882812500e+03
1.896807372592477892e+00 1.395165039062500000e+03
1.900240508108482107e+00 1.378080688476562500e+03
1.903673643624486767e+00 1.365919555664062500e+03
1.907106779140490982e+00 1.367856323242187500e+03
1.910539914656495419e+00 1.363884887695312500e+03
1.913973050172500079e+00 1.357187011718750000e+03
1.917406185688504294e+00 1.352224975585937500e+03
1.920839321204508954e+00 1.343072753906250000e+03
1.924272456720513391e+00 1.334088134765625000e+03
1.927705592236518051e+00 1.319610107421875000e+03
1.931138727752522266e+00 1.319847167968750000e+03
1.934571863268526926e+00 1.320995239257812500e+03
1.938004998784531363e+00 1.324641845703125000e+03
1.941438134300536023e+00 1.326564453125000000e+03
1.944871269816540238e+00 1.325375732421875000e+03
1.948304405332544897e+00 1.317884887695312500e+03
1.951737540848549335e+00 1.304416137695312500e+03
1.955170676364553994e+00 1.301831665039062500e+03
1.958603811880558210e+00 1.294052490234375000e+03
1.962036947396562869e+00 1.291825073242187500e+03
1.965470082912567085e+00 1.285696899414062500e+03
1.968903218428571966e+00 1.292726928710937500e+03
1.972336353944576182e+00 1.296129638671875000e+03
1.975769489460580841e+00 1.291093383789062500e+03
1.979202624976585057e+00 1.294679809570312500e+03
1.982635760492589938e+00 1.293125854492187500e+03
1.986068896008594153e+00 1.304393676757812500e+03
1.989502031524598813e+00 1.326992797851562500e+03
1.992935167040603028e+00 1.371365478515625000e+03
1.996368302556607688e+00 1.423669921875000000e+03
1.999801438072612125e+00 1.474302490234375000e+03
2.003234573588616563e+00 1.531937133789062500e+03
2.006667709104621000e+00 1.574932006835937500e+03
2.010100844620625882e+00 1.593078735351562500e+03
2.013533980136629875e+00 1.577909423828125000e+03
2.016967115652634757e+00 1.536122436523437500e+03
2.020400251168639194e+00 1.479493652343750000e+03
2.023833386684643632e+00 1.407582763671875000e+03
2.027266522200648069e+00 1.352746582031250000e+03
2.030699657716652506e+00 1.306071044921875000e+03
2.034132793232656944e+00 1.273878173828125000e+03
2.037565928748661825e+00 1.246646362304687500e+03
2.040999064264665819e+00 1.225452636718750000e+03
2.044432199780670700e+00 1.216384643554687500e+03
2.047865335296675138e+00 1.202710693359375000e+03
2.051298470812679575e+00 1.199365478515625000e+03
2.054731606328684013e+00 1.192442749023437500e+03
2.058164741844688006e+00 1.191529785156250000e+03
2.061597877360692888e+00 1.188708862304687500e+03
2.065031012876697325e+00 1.187601440429687500e+03
2.068464148392701762e+00 1.185480590820312500e+03
2.071897283908706200e+00 1.182138427734375000e+03
2.075330419424710637e+00 1.177381591796875000e+03
2.078763554940715075e+00 1.167176391601562500e+03
2.082196690456719956e+00 1.155708251953125000e+03
2.085629825972723950e+00 1.156703491210937500e+03
2.089062961488728831e+00 1.163676391601562500e+03
2.092496097004733269e+00 1.172269531250000000e+03
2.095929232520737706e+00 1.168472290039062500e+03
2.099362368036742144e+00 1.165705566406250000e+03
2.102795503552746581e+00 1.158519775390625000e+03
2.106228639068751018e+00 1.148059936523437500e+03
2.109661774584755900e+00 1.137171020507812500e+03
2.113094910100759893e+00 1.129305053710937500e+03
2.116528045616764775e+00 1.127603881835937500e+03
2.119961181132768768e+00 1.121423461914062500e+03
2.123394316648773650e+00 1.116463867187500000e+03
2.126827452164778087e+00 1.119567749023437500e+03
2.130260587680782525e+00 1.122956054687500000e+03
2.133693723196786962e+00 1.125857421875000000e+03
2.137126858712791844e+00 1.114275878906250000e+03
2.140559994228795837e+00 1.104535156250000000e+03
2.143993129744800719e+00 1.098755737304687500e+03
2.147426265260804712e+00 1.095416137695312500e+03
2.150859400776809593e+00 1.095797729492187500e+03
2.154292536292814031e+00 1.089604736328125000e+03
2.157725671808818468e+00 1.081050781250000000e+03
2.161158807324822906e+00 1.064650146484375000e+03
2.164591942840827343e+00 1.055432861328125000e+03
2.168025078356831781e+00 1.050529418945312500e+03
2.171458213872836662e+00 1.054854003906250000e+03
2.174891349388840656e+00 1.051687255859375000e+03
2.178324484904845537e+00 1.054221069335937500e+03
2.181757620420849975e+00 1.054167480468750000e+03
2.185190755936854412e+00 1.054324951171875000e+03
2.188623891452858850e+00 1.049770263671875000e+03
2.192057026968863287e+00 1.051353393554687500e+03
2.195490162484867724e+00 1.051964965820312500e+03
2.198923298000872162e+00 1.052835327148437500e+03
2.202356433516876599e+00 1.043837890625000000e+03
2.205789569032881037e+00 1.039584960937500000e+03
2.209222704548885918e+00 1.025540649414062500e+03
2.212655840064889912e+00 1.020603271484375000e+03
2.216088975580894793e+00 1.018167968750000000e+03
2.219522111096898787e+00 1.022372070312500000e+03
2.222955246612903668e+00 1.021832153320312500e+03
2.226388382128908106e+00 1.015276977539062500e+03
2.229821517644912543e+00 1.011092956542968750e+03
2.233254653160916980e+00 1.010919677734375000e+03
2.236687788676921418e+00 1.015440979003906250e+03
2.240120924192925855e+00 1.011203674316406250e+03
2.243554059708930737e+00 1.008083984375000000e+03
2.246987195224934730e+00 9.986725463867187500e+02
2.250420330740939612e+00 9.952771606445312500e+02
2.253853466256944049e+00 9.810822143554687500e+02
2.257286601772948487e+00 9.763888549804687500e+02
2.260719737288952924e+00 9.719022827148437500e+02
2.264152872804957362e+00 9.728423461914062500e+02
2.267586008320961799e+00 9.742737426757812500e+02
2.271019143836966681e+00 9.773105468750000000e+02
2.274452279352970674e+00 9.806291503906250000e+02
2.277885414868975555e+00 9.773151245117187500e+02
2.281318550384979549e+00 9.727398071289062500e+02
2.284751685900984430e+00 9.597474975585937500e+02
2.288184821416988868e+00 9.554759521484375000e+02
2.291617956932993305e+00 9.553305664062500000e+02
2.295051092448997743e+00 9.657839355468750000e+02
2.298484227965002624e+00 9.719622192382812500e+02
2.301917363481006618e+00 9.790278930664062500e+02
2.305350498997011499e+00 9.851511840820312500e+02
2.308783634513015492e+00 1.006383605957031250e+03
2.312216770029020374e+00 1.048035522460937500e+03
2.315649905545024811e+00 1.096717773437500000e+03
2.319083041061029249e+00 1.151205932617187500e+03
2.322516176577033686e+00 1.194333007812500000e+03
2.325949312093038124e+00 1.221722045898437500e+03
2.329382447609042561e+00 1.222816894531250000e+03
2.332815583125047443e+00 1.205942016601562500e+03
2.336248718641051436e+00 1.173799316406250000e+03
2.339681854157056318e+00 1.123187622070312500e+03
2.343114989673060755e+00 1.059081298828125000e+03
2.346548125189064748e+00 1.007488220214843750e+03
2.349981260705069630e+00 9.634741821289062500e+02
2.353414396221073623e+00 9.438490600585937500e+02
2.356847531737078505e+00 9.238428344726562500e+02
2.360280667253082942e+00 9.195823974609375000e+02
2.363713802769087380e+00 9.080778198242187500e+02
2.367146938285091817e+00 9.092125244140625000e+02
2.370580073801096255e+00 9.138884277343750000e+02
2.374013209317100692e+00 9.129543457031250000e+02
2.377446344833105574e+00 9.062592163085937500e+02
2.380879480349109567e+00 8.963873291015625000e+02
2.384312615865114449e+00 8.970695800781250000e+02
2.387745751381118886e+00 8.999007568359375000e+02
2.391178886897123324e+00 9.025036621093750000e+02
2.394612022413127761e+00 8.992222290039062500e+02
2.398045157929132198e+00 8.898105468750000000e+02
2.401478293445136636e+00 8.748764648437500000e+02
2.404911428961141517e+00 8.654502563476562500e+02
2.408344564477145511e+00 8.591135253906250000e+02
2.411777699993150392e+00 8.598507080078125000e+02
2.415210835509154830e+00 8.611759643554687500e+02
2.418643971025159267e+00 8.688345336914062500e+02
2.422077106541163705e+00 8.780647583007812500e+02
2.425510242057168142e+00 8.806740112304687500e+02
2.428943377573172580e+00 8.676364746093750000e+02
2.432376513089177461e+00 8.579934082031250000e+02
2.435809648605181454e+00 8.578919067382812500e+02
2.439242784121186336e+00 8.639013671875000000e+02
2.442675919637190329e+00 8.649673461914062500e+02
2.446109055153195211e+00 8.587662353515625000e+02
2.449542190669199648e+00 8.541100463867187500e+02
2.452975326185204086e+00 8.537445678710937500e+02
2.456408461701208523e+00 8.542068481445312500e+02
2.459841597217213405e+00 8.512773437500000000e+02
2.463274732733217398e+00 8.472258300781250000e+02
2.466707868249222280e+00 8.487344970703125000e+02
2.470141003765226273e+00 8.494347534179687500e+02
2.473574139281231155e+00 8.484722290039062500e+02
2.477007274797235592e+00 8.510464477539062500e+02
2.480440410313240029e+00 8.540727539062500000e+02
2.483873545829244467e+00 8.566300659179687500e+02
2.487306681345248904e+00 8.529693603515625000e+02
2.490739816861253342e+00 8.493527221679687500e+02
2.494172952377257779e+00 8.473591308593750000e+02
2.497606087893262217e+00 8.542090454101562500e+02
2.501039223409266654e+00 8.693563842773437500e+02
2.504472358925271536e+00 8.808796386718750000e+02
2.507905494441275529e+00 8.901325683593750000e+02
2.511338629957280411e+00 9.095730590820312500e+02
2.514771765473284404e+00 9.305664672851562500e+02
2.518204900989289285e+00 9.481314086914062500e+02
2.521638036505293723e+00 9.436895141601562500e+02
2.525071172021298160e+00 9.330563354492187500e+02
2.528504307537302598e+00 9.161605834960937500e+02
2.531937443053307035e+00 8.976295776367187500e+02
2.535370578569311473e+00 8.782935180664062500e+02
2.538803714085316354e+00 8.553566284179687500e+02
2.542236849601320348e+00 8.384805908203125000e+02
2.545669985117325229e+00 8.245750122070312500e+02
2.549103120633329667e+00 8.216090087890625000e+02
2.552536256149334104e+00 8.124359130859375000e+02
2.555969391665338541e+00 8.094887695312500000e+02
2.559402527181342979e+00 8.065916748046875000e+02
2.562835662697347416e+00 8.072303466796875000e+02
2.566268798213352298e+00 8.029068603515625000e+02
2.569701933729356291e+00 7.971916503906250000e+02
2.573135069245361173e+00 8.013684692382812500e+02
2.576568204761365610e+00 8.046781005859375000e+02
2.580001340277370048e+00 8.083352661132812500e+02
2.583434475793374485e+00 8.021988525390625000e+02
2.586867611309378923e+00 7.940270996093750000e+02
2.590300746825383360e+00 7.883934326171875000e+02
2.593733882341388242e+00 7.869622802734375000e+02
2.597167017857392235e+00 7.889564819335937500e+02
2.600600153373397116e+00 7.859758911132812500e+02
2.604033288889401110e+00 7.873374633789062500e+02
2.607466424405405991e+00 7.831738281250000000e+02
2.610899559921410429e+00 7.731483154296875000e+02
2.614332695437414866e+00 7.708598022460937500e+02
2.617765830953419304e+00 7.710646972656250000e+02
2.621198966469423741e+00 7.781557617187500000e+02
2.624632101985428179e+00 7.750590820312500000e+02
2.628065237501433060e+00 7.747959594726562500e+02
2.631498373017437054e+00 7.707825317382812500e+02
2.634931508533441935e+00 7.684491577148437500e+02
2.638364644049446373e+00 7.655879516601562500e+02
2.641797779565450366e+00 7.619283447265625000e+02
2.645230915081455247e+00 7.584852905273437500e+02
2.648664050597459685e+00 7.578999023437500000e+02
2.652097186113464122e+00 7.577115478515625000e+02
2.655530321629468560e+00 7.531334838867187500e+02
2.658963457145472997e+00 7.452951049804687500e+02
2.662396592661477435e+00 7.393283691406250000e+02
2.665829728177482316e+00 7.413924560546875000e+02
2.669262863693486310e+00 7.479418334960937500e+02
2.672695999209491191e+00 7.478792724609375000e+02
2.676129134725495184e+00 7.472655029296875000e+02
2.679562270241500066e+00 7.473901977539062500e+02
2.682995405757504503e+00 7.569500732421875000e+02
2.686428541273508941e+00 7.590637817382812500e+02
2.689861676789513378e+00 7.576203613281250000e+02
2.693294812305517816e+00 7.538446655273437500e+02
2.696727947821522253e+00 7.539322509765625000e+02
2.700161083337527135e+00 7.548020019531250000e+02
2.703594218853531128e+00 7.578792724609375000e+02
2.707027354369536010e+00 7.562214965820312500e+02
2.710460489885540447e+00 7.615566406250000000e+02
2.713893625401544885e+00 7.535708007812500000e+02
2.717326760917549322e+00 7.534324340820312500e+02
2.720759896433553759e+00 7.435985717773437500e+02
2.724193031949558197e+00 7.407282714843750000e+02
2.727626167465563078e+00 7.329057617187500000e+02
2.731059302981567072e+00 7.357252807617187500e+02
2.734492438497571953e+00 7.371763916015625000e+02
2.737925574013576391e+00 7.350112304687500000e+02
2.741358709529580828e+00 7.340599975585937500e+02
2.744791845045585266e+00 7.451994628906250000e+02
2.748224980561589703e+00 7.611444091796875000e+02
2.751658116077594141e+00 7.786974487304687500e+02
2.755091251593599022e+00 7.991248779296875000e+02
2.758524387109603015e+00 8.351898803710937500e+02
2.761957522625607897e+00 9.011027221679687500e+02
2.765390658141611890e+00 9.803785400390625000e+02
2.768823793657616772e+00 1.059148315429687500e+03
2.772256929173621209e+00 1.110529663085937500e+03
2.775690064689625647e+00 1.129512451171875000e+03
2.779123200205630084e+00 1.107101196289062500e+03
2.782556335721634522e+00 1.063436767578125000e+03
2.785989471237638959e+00 1.005901428222656250e+03
2.789422606753643397e+00 9.464421997070312500e+02
2.792855742269647834e+00 8.881043701171875000e+02
2.796288877785652272e+00 8.362630004882812500e+02
2.799722013301657153e+00 7.964720458984375000e+02
2.803155148817661146e+00 7.661281127929687500e+02
2.806588284333666028e+00 7.488803710937500000e+02
2.810021419849670465e+00 7.425662841796875000e+02
2.813454555365674903e+00 7.390106201171875000e+02
2.816887690881679340e+00 7.461224975585937500e+02
2.820320826397683778e+00 7.434465942382812500e+02
2.823753961913688215e+00 7.477086791992187500e+02
2.827187097429693097e+00 7.534961547851562500e+02
2.830620232945697090e+00 7.741116943359375000e+02
2.834053368461701972e+00 7.960823974609375000e+02
2.837486503977705965e+00 8.186165771484375000e+02
2.840919639493710847e+00 8.345220336914062500e+02
2.844352775009715284e+00 8.456234741210937500e+02
2.847785910525719721e+00 8.459292602539062500e+02
2.851219046041724159e+00 8.374827270507812500e+02
2.854652181557728596e+00 8.298335571289062500e+02
2.858085317073733034e+00 8.101945800781250000e+02
2.861518452589737915e+00 7.911185913085937500e+02
2.864951588105741909e+00 7.685450439453125000e+02
2.868384723621746790e+00 7.571463623046875000e+02
2.871817859137751228e+00 7.475681762695312500e+02
2.875250994653755665e+00 7.370856933593750000e+02
2.878684130169760103e+00 7.332717895507812500e+02
2.882117265685764540e+00 7.352517089843750000e+02
2.885550401201768977e+00 7.366049804687500000e+02
2.888983536717773859e+00 7.304783325195312500e+02
2.892416672233777852e+00 7.245948486328125000e+02
2.895849807749782734e+00 7.222616577148437500e+02
2.899282943265787171e+00 7.214906616210937500e+02
2.902716078781791609e+00 7.214268798828125000e+02
2.906149214297796046e+00 7.223583374023437500e+02
2.909582349813800484e+00 7.242767333984375000e+02
2.913015485329804921e+00 7.293276367187500000e+02
2.916448620845809803e+00 7.415797729492187500e+02
2.919881756361813796e+00 7.515012207031250000e+02
2.923314891877818678e+00 7.684205932617187500e+02
2.926748027393822671e+00 7.738546752929687500e+02
2.930181162909827552e+00 7.800625610351562500e+02
2.933614298425831990e+00 7.826812133789062500e+02
2.937047433941835983e+00 7.961154785156250000e+02
2.940480569457840865e+00 8.148175048828125000e+02
2.943913704973845302e+00 8.392716674804687500e+02
2.947346840489849740e+00 8.635169677734375000e+02
2.950779976005854177e+00 8.811552734375000000e+02
2.954213111521858615e+00 9.004996337890625000e+02
2.957646247037863052e+00 9.340605468750000000e+02
2.961079382553867934e+00 1.016517211914062500e+03
2.964512518069871927e+00 1.203574951171875000e+03
2.967945653585876808e+00 1.571771362304687500e+03
2.971378789101881246e+00 2.230540527343750000e+03
2.974811924617885683e+00 3.198436767578125000e+03
2.978245060133890121e+00 4.367826171875000000e+03
2.981678195649894558e+00 5.499253417968750000e+03
2.985111331165898996e+00 6.354197753906250000e+03
2.988544466681903877e+00 6.745632324218750000e+03
2.991977602197907871e+00 6.665207031250000000e+03
2.995410737713912752e+00 6.168724609375000000e+03
2.998843873229916746e+00 5.401936523437500000e+03
3.002277008745921627e+00 4.491208007812500000e+03
3.005710144261926065e+00 3.525984863281250000e+03
3.009143279777930502e+00 2.657478515625000000e+03
3.012576415293934939e+00 1.931008300781250000e+03
3.016009550809939377e+00 1.405270507812500000e+03
3.019442686325943814e+00 1.099356079101562500e+03
3.022875821841948696e+00 9.347810668945312500e+02
3.026308957357952689e+00 8.474341430664062500e+02
3.029742092873957571e+00 7.943319702148437500e+02
3.033175228389962008e+00 7.627990722656250000e+02
3.036608363905966446e+00 7.467816772460937500e+02
3.040041499421970883e+00 7.402431030273437500e+02
3.043474634937975321e+00 7.434479980468750000e+02
3.046907770453979758e+00 7.474562377929687500e+02
3.050340905969984640e+00 7.550322875976562500e+02
3.053774041485988633e+00 7.607123413085937500e+02
3.057207177001993514e+00 7.681407470703125000e+02
3.060640312517997952e+00 7.712182006835937500e+02
3.064073448034002389e+00 7.689147949218750000e+02
3.067506583550006827e+00 7.703610839843750000e+02
3.070939719066011264e+00 7.706555175781250000e+02
3.074372854582015702e+00 7.730390625000000000e+02
3.077805990098020583e+00 7.749635620117187500e+02
3.081239125614024577e+00 7.830623168945312500e+02
3.084672261130029014e+00 7.919290771484375000e+02
3.088105396646033451e+00 7.910924682617187500e+02
3.091538532162037889e+00 7.794020385742187500e+02
3.094971667678042770e+00 7.615077514648437500e+02
3.098404803194046764e+00 7.425107421875000000e+02
3.101837938710051645e+00 7.193054199218750000e+02
3.105271074226056083e+00 7.023500976562500000e+02
3.108704209742060520e+00 6.906233520507812500e+02
3.112137345258064958e+00 6.785140380859375000e+02
3.115570480774069395e+00 6.679202270507812500e+02
3.119003616290073833e+00 6.532338256835937500e+02
3.122436751806078714e+00 6.495833740234375000e+02
3.125869887322082707e+00 6.429245605468750000e+02
3.129303022838087589e+00 6.449530639648437500e+02
3.132736158354092026e+00 6.512894287109375000e+02
3.136169293870096464e+00 6.609892578125000000e+02
3.139602429386100901e+00 6.609294433593750000e+02
3.143035564902105339e+00 6.572114868164062500e+02
3.146468700418109776e+00 6.552906494140625000e+02
3.149901835934114658e+00 6.536157226562500000e+02
3.153334971450118651e+00 6.522812500000000000e+02
3.156768106966123533e+00 6.480699462890625000e+02
3.160201242482127526e+00 6.487181396484375000e+02
3.163634377998132408e+00 6.459591674804687500e+02
3.167067513514136845e+00 6.440586547851562500e+02
3.170500649030141282e+00 6.377923583984375000e+02
3.173933784546145720e+00 6.366550903320312500e+02
3.177366920062150157e+00 6.325291137695312500e+02
3.180800055578154595e+00 6.361188354492187500e+02
3.184233191094159476e+00 6.388860473632812500e+02
3.187666326610163470e+00 6.408020629882812500e+02
3.191099462126168351e+00 6.376317749023437500e+02
3.194532597642172789e+00 6.309679565429687500e+02
3.197965733158177226e+00 6.290419921875000000e+02
3.201398868674181664e+00 6.203000488281250000e+02
3.204832004190186101e+00 6.161409301757812500e+02
3.208265139706190539e+00 6.175656127929687500e+02
3.211698275222195420e+00 6.238264160156250000e+02
3.215131410738199413e+00 6.276182861328125000e+02
3.218564546254204295e+00 6.294940795898437500e+02
3.221997681770208732e+00 6.239100341796875000e+02
3.225430817286212726e+00 6.169653930664062500e+02
3.228863952802217607e+00 6.113904418945312500e+02
3.232297088318221601e+00 6.188383178710937500e+02
3.235730223834226482e+00 6.230241088867187500e+02
3.239163359350230920e+00 6.312700195312500000e+02
3.242596494866235357e+00 6.286170043945312500e+02
3.246029630382239795e+00 6.313544311523437500e+02
3.249462765898244232e+00 6.303870849609375000e+02
3.252895901414248669e+00 6.417752685546875000e+02
3.256329036930253551e+00 6.569234619140625000e+02
3.259762172446257544e+00 6.677490234375000000e+02
3.263195307962262426e+00 6.765437622070312500e+02
3.266628443478266863e+00 6.864382324218750000e+02
3.270061578994271301e+00 6.921256713867187500e+02
3.273494714510275738e+00 7.012187500000000000e+02
3.276927850026280176e+00 6.973336181640625000e+02
3.280360985542284613e+00 6.902816772460937500e+02
3.283794121058289495e+00 6.709793090820312500e+02
3.287227256574293488e+00 6.544782104492187500e+02
3.290660392090298370e+00 6.418165893554687500e+02
3.294093527606302807e+00 6.306769409179687500e+02
3.297526663122307244e+00 6.245585327148437500e+02
3.300959798638311682e+00 6.220054931640625000e+02
3.304392934154316119e+00 6.171865234375000000e+02
3.307826069670320557e+00 6.162917480468750000e+02
3.311259205186325438e+00 6.159880371093750000e+02
3.314692340702329432e+00 6.147189331054687500e+02
3.318125476218334313e+00 6.127407836914062500e+02
3.321558611734338307e+00 6.060652465820312500e+02
3.324991747250343188e+00 6.077849121093750000e+02
3.328424882766347626e+00 6.033344726562500000e+02
3.331858018282352063e+00 6.092764892578125000e+02
3.335291153798356500e+00 6.168868408203125000e+02
3.338724289314360938e+00 6.229529418945312500e+02
3.342157424830365375e+00 6.221049804687500000e+02
3.345590560346370257e+00 6.212659912109375000e+02
3.349023695862374250e+00 6.189146728515625000e+02
3.352456831378379132e+00 6.165477905273437500e+02
3.355889966894383569e+00 6.141725463867187500e+02
3.359323102410388007e+00 6.187591552734375000e+02
3.362756237926392444e+00 6.273318481445312500e+02
3.366189373442396882e+00 6.313286743164062500e+02
3.369622508958401319e+00 6.376972045898437500e+02
3.373055644474405756e+00 6.373630981445312500e+02
3.376488779990410194e+00 6.311802368164062500e+02
3.379921915506414631e+00 6.223622436523437500e+02
3.383355051022419513e+00 6.200665283203125000e+02
3.386788186538423506e+00 6.147591552734375000e+02
3.390221322054428388e+00 6.103236694335937500e+02
3.393654457570432381e+00 6.033075561523437500e+02
3.397087593086437263e+00 5.989647216796875000e+02
3.400520728602441700e+00 5.990740356445312500e+02
3.403953864118446138e+00 6.004584350585937500e+02
3.407386999634450575e+00 6.017797241210937500e+02
3.410820135150455013e+00 5.965181274414062500e+02
3.414253270666459450e+00 5.960799560546875000e+02
3.417686406182464331e+00 6.022250366210937500e+02
3.421119541698468325e+00 6.145019531250000000e+02
3.424552677214473206e+00 6.205686035156250000e+02
3.427985812730477644e+00 6.319770507812500000e+02
3.431418948246482081e+00 6.434401855468750000e+02
3.434852083762486519e+00 6.628646240234375000e+02
3.438285219278490956e+00 6.791657104492187500e+02
3.441718354794495394e+00 7.025283813476562500e+02
3.445151490310500275e+00 7.231042480468750000e+02
3.448584625826504269e+00 7.403423461914062500e+02
3.452017761342509150e+00 7.372714843750000000e+02
3.455450896858513143e+00 7.296352539062500000e+02
3.458884032374518025e+00 7.171231689453125000e+02
3.462317167890522462e+00 7.027466430664062500e+02
3.465750303406526900e+00 6.778038330078125000e+02
3.469183438922531337e+00 6.582843017578125000e+02
3.472616574438536219e+00 6.397546386718750000e+02
3.476049709954540212e+00 6.276867065429687500e+02
3.479482845470545094e+00 6.139917602539062500e+02
3.482915980986549087e+00 6.007278442382812500e+02
3.486349116502553969e+00 5.931827392578125000e+02
3.489782252018558406e+00 5.882393798828125000e+02
3.493215387534562844e+00 5.864329223632812500e+02
3.496648523050567281e+00 5.871561279296875000e+02
3.500081658566571718e+00 5.788390502929687500e+02
3.503514794082576156e+00 5.767777099609375000e+02
3.506947929598581037e+00 5.706042480468750000e+02
3.510381065114585031e+00 5.723245849609375000e+02
3.513814200630589912e+00 5.704459228515625000e+02
3.517247336146594350e+00 5.715099487304687500e+02
3.520680471662598343e+00 5.754291992187500000e+02
3.524113607178603225e+00 5.811255493164062500e+02
3.527546742694607218e+00 5.832180175781250000e+02
3.530979878210612100e+00 5.774866943359375000e+02
3.534413013726616537e+00 5.762551879882812500e+02
3.537846149242620974e+00 5.754107055664062500e+02
3.541279284758625412e+00 5.740355834960937500e+02
3.544712420274630293e+00 5.689259643554687500e+02
3.548145555790634287e+00 5.681683349609375000e+02
3.551578691306639168e+00 5.712901611328125000e+02
3.555011826822643162e+00 5.747744140625000000e+02
3.558444962338648043e+00 5.776243286132812500e+02
3.561878097854652481e+00 5.845577392578125000e+02
3.565311233370656918e+00 5.824619140625000000e+02
3.568744368886661356e+00 5.819403686523437500e+02
3.572177504402665793e+00 5.750172119140625000e+02
3.575610639918670230e+00 5.723801269531250000e+02
3.579043775434675112e+00 5.616757812500000000e+02
3.582476910950679105e+00 5.622654418945312500e+02
3.585910046466683987e+00 5.608854370117187500e+02
3.589343181982688424e+00 5.648601074218750000e+02
3.592776317498692418e+00 5.631091918945312500e+02
3.596209453014697299e+00 5.634262695312500000e+02
3.599642588530701737e+00 5.626231079101562500e+02
3.603075724046706618e+00 5.602599487304687500e+02
3.606508859562710612e+00 5.627780761718750000e+02
3.609941995078715049e+00 5.616162719726562500e+02
3.613375130594719931e+00 5.570816650390625000e+02
3.616808266110724368e+00 5.398303222656250000e+02
3.620241401626728361e+00 5.291843872070312500e+02
3.623674537142733243e+00 5.275177612304687500e+02
3.627107672658737680e+00 5.398816528320312500e+02
3.630540808174742562e+00 5.453966674804687500e+02
3.633973943690746555e+00 5.463936157226562500e+02
3.637407079206750993e+00 5.417238159179687500e+02
3.640840214722755874e+00 5.369013061523437500e+02
3.644273350238760312e+00 5.385635375976562500e+02
3.647706485754764305e+00 5.384826049804687500e+02
3.651139621270769187e+00 5.397418823242187500e+02
3.654572756786773624e+00 5.355181274414062500e+02
3.658005892302778506e+00 5.358013916015625000e+02
3.661439027818782499e+00 5.396715087890625000e+02
3.664872163334786936e+00 5.414298095703125000e+02
3.668305298850791818e+00 5.442608032226562500e+02
3.671738434366795367e+00 5.474385986328125000e+02
3.675171569882800249e+00 5.503593750000000000e+02
3.678604705398805130e+00 5.432612915039062500e+02
3.682037840914809568e+00 5.336630859375000000e+02
3.685470976430813561e+00 5.276092529296875000e+02
3.688904111946817999e+00 5.328662719726562500e+02
3.692337247462822880e+00 5.365781860351562500e+02
3.695770382978827762e+00 5.394177856445312500e+02
3.699203518494831311e+00 5.395983276367187500e+02
3.702636654010836192e+00 5.371165161132812500e+02
3.706069789526840630e+00 5.420737304687500000e+02
3.709502925042845511e+00 5.459122314453125000e+02
3.712936060558849505e+00 5.438424682617187500e+02
3.716369196074853942e+00 5.399060668945312500e+02
3.719802331590858824e+00 5.343967895507812500e+02
3.723235467106863705e+00 5.365120239257812500e+02
3.726668602622867255e+00 5.333040161132812500e+02
3.730101738138872136e+00 5.299607543945312500e+02
3.733534873654876574e+00 5.235869140625000000e+02
3.736968009170881455e+00 5.221286010742187500e+02
3.740401144686885448e+00 5.238143310546875000e+02
3.743834280202889886e+00 5.244432983398437500e+02
3.747267415718894767e+00 5.258235473632812500e+02
3.750700551234899205e+00 5.291282348632812500e+02
3.754133686750903198e+00 5.327732543945312500e+02
3.757566822266908080e+00 5.388123779296875000e+02
3.760999957782912517e+00 5.411172485351562500e+02
3.764433093298917399e+00 5.427944335937500000e+02
3.767866228814921392e+00 5.473388061523437500e+02
3.771299364330925830e+00 5.535842895507812500e+02
3.774732499846930711e+00 5.662496337890625000e+02
3.778165635362935149e+00 5.749937744140625000e+02
3.781598770878939142e+00 5.845864257812500000e+02
3.785031906394944023e+00 5.872968750000000000e+02
3.788465041910948461e+00 5.803723754882812500e+02
3.791898177426953342e+00 5.709072875976562500e+02
3.795331312942957336e+00 5.567380371093750000e+02
3.798764448458961773e+00 5.468347778320312500e+02
3.802197583974966655e+00 5.377972412109375000e+02
3.805630719490971092e+00 5.288910522460937500e+02
3.809063855006975086e+00 5.206884155273437500e+02
3.812496990522979967e+00 5.173595581054687500e+02
3.815930126038984405e+00 5.190557250976562500e+02
3.819363261554988398e+00 5.236957397460937500e+02
3.822796397070993279e+00 5.270806884765625000e+02
3.826229532586997717e+00 5.337909545898437500e+02
3.829662668103002598e+00 5.391541137695312500e+02
3.833095803619006148e+00 5.421351928710937500e+02
3.836528939135011029e+00 5.431320190429687500e+02
3.839962074651015911e+00 5.454113159179687500e+02
3.843395210167020348e+00 5.605908203125000000e+02
3.846828345683024342e+00 5.773422851562500000e+02
3.850261481199028779e+00 5.912959594726562500e+02
3.853694616715033661e+00 5.896121215820312500e+02
3.857127752231038542e+00 5.835650024414062500e+02
3.860560887747042091e+00 5.813509521484375000e+02
3.863994023263046973e+00 5.841001586914062500e+02
3.867427158779051410e+00 5.841785888671875000e+02
3.870860294295056292e+00 5.820923461914062500e+02
3.874293429811060285e+00 5.753776855468750000e+02
3.877726565327064723e+00 5.680532226562500000e+02
3.881159700843069604e+00 5.583981933593750000e+02
3.884592836359074486e+00 5.503206787109375000e+02
3.888025971875078035e+00 5.414352416992187500e+02
3.891459107391082917e+00 5.295980224609375000e+02
3.894892242907087354e+00 5.269124145507812500e+02
3.898325378423092236e+00 5.276900024414062500e+02
3.901758513939096229e+00 5.230005493164062500e+02
3.905191649455100666e+00 5.129718627929687500e+02
3.908624784971105548e+00 5.116640930175781250e+02
3.912057920487109985e+00 5.164586791992187500e+02
3.915491056003113979e+00 5.208568725585937500e+02
3.918924191519118860e+00 5.126499023437500000e+02
3.922357327035123298e+00 5.054988403320312500e+02
3.925790462551128179e+00 4.950170898437500000e+02
3.929223598067132173e+00 4.967619628906250000e+02
3.932656733583136610e+00 5.012443847656250000e+02
3.936089869099141492e+00 5.038772277832031250e+02
3.939523004615145929e+00 5.062203979492187500e+02
3.942956140131149922e+00 5.123605957031250000e+02
3.946389275647154804e+00 5.104817810058593750e+02
3.949822411163159241e+00 5.037875061035156250e+02
3.953255546679164123e+00 4.958405151367187500e+02
3.956688682195168116e+00 5.002726440429687500e+02
3.960121817711172554e+00 5.046913452148437500e+02
3.963554953227177435e+00 5.036622009277343750e+02
3.966988088743181429e+00 5.033742370605468750e+02
3.970421224259185866e+00 5.061590270996093750e+02
3.973854359775190748e+00 5.213126831054687500e+02
3.977287495291195185e+00 5.417822875976562500e+02
3.980720630807199178e+00 5.818312988281250000e+02
3.984153766323204060e+00 6.543543701171875000e+02
3.987586901839208497e+00 7.066869506835937500e+02
3.991020037355213379e+00 7.628058471679687500e+02
3.994453172871216928e+00 7.857825317382812500e+02
3.997886308387221810e+00 8.051649169921875000e+02
4.001319443903226691e+00 8.045696411132812500e+02
4.004752579419231573e+00 7.585838623046875000e+02
4.008185714935234678e+00 7.189695434570312500e+02
4.011618850451239560e+00 6.939190673828125000e+02
4.015051985967244441e+00 6.817416381835937500e+02
4.018485121483249323e+00 6.862415161132812500e+02
4.021918256999253316e+00 6.903981323242187500e+02
4.025351392515257309e+00 6.849737548828125000e+02
4.028784528031262191e+00 6.717658691406250000e+02
4.032217663547267072e+00 6.450817260742187500e+02
4.035650799063271066e+00 6.210358276367187500e+02
4.039083934579275947e+00 6.015031127929687500e+02
4.042517070095279941e+00 5.846633911132812500e+02
4.045950205611284822e+00 5.663417358398437500e+02
4.049383341127288816e+00 5.511667480468750000e+02
4.052816476643293697e+00 5.337075195312500000e+02
4.056249612159298579e+00 5.226705932617187500e+02
4.059682747675302572e+00 5.146019287109375000e+02
4.063115883191306565e+00 5.123352661132812500e+02
4.066549018707311447e+00 5.107149047851562500e+02
4.069982154223316329e+00 5.008789978027343750e+02
4.073415289739321210e+00 4.996036682128906250e+02
4.076848425255325203e+00 4.878253173828125000e+02
4.080281560771329197e+00 4.857520446777343750e+02
4.083714696287334078e+00 4.806079406738281250e+02
4.087147831803338960e+00 4.880376892089843750e+02
4.090580967319342953e+00 4.960092773437500000e+02
4.094014102835347835e+00 4.988133850097656250e+02
4.097447238351351828e+00 4.962133483886718750e+02
4.100880373867356710e+00 4.908669738769531250e+02
4.104313509383360703e+00 4.896436767578125000e+02
4.107746644899365585e+00 4.913104553222656250e+02
4.111179780415370466e+00 4.945563659667968750e+02
4.114612915931374459e+00 5.029160156250000000e+02
4.118046051447378453e+00 5.000811767578125000e+02
4.121479186963383334e+00 5.042085571289062500e+02
4.124912322479388216e+00 5.032701721191406250e+02
4.128345457995392209e+00 5.042993774414062500e+02
4.131778593511397091e+00 4.936885070800781250e+02
4.135211729027401084e+00 4.876138610839843750e+02
4.138644864543405966e+00 4.831202392578125000e+02
4.142078000059409959e+00 4.822700805664062500e+02
4.145511135575414841e+00 4.876210021972656250e+02
4.148944271091419722e+00 4.944926452636718750e+02
4.152377406607423715e+00 4.979585266113281250e+02
4.155810542123427709e+00 4.944616394042968750e+02
4.159243677639432590e+00 4.948579406738281250e+02
4.162676813155437472e+00 4.948419189453125000e+02
4.166109948671442353e+00 4.973948974609375000e+02
4.169543084187445459e+00 4.958321533203125000e+02
4.172976219703450340e+00 4.970519409179687500e+02
4.176409355219455222e+00 5.046528015136718750e+02
4.179842490735460103e+00 5.161444091796875000e+02
4.183275626251464097e+00 5.328508300781250000e+02
4.186708761767468090e+00 5.427984619140625000e+02
4.190141897283472971e+00 5.576375122070312500e+02
4.193575032799477853e+00 5.713388061523437500e+02
4.197008168315481846e+00 5.748698730468750000e+02
4.200441303831486728e+00 5.681746215820312500e+02
4.203874439347490721e+00 5.559594116210937500e+02
4.207307574863495603e+00 5.551204223632812500e+02
4.210740710379499596e+00 5.537738647460937500e+02
4.214173845895504478e+00 5.562873535156250000e+02
4.217606981411509359e+00 5.603438720703125000e+02
4.221040116927513353e+00 5.676166381835937500e+02
4.224473252443517346e+00 5.738062133789062500e+02
4.227906387959522228e+00 5.757276000976562500e+02
4.231339523475527109e+00 5.722677612304687500e+02
4.234772658991531991e+00 5.626994628906250000e+02
4.238205794507535984e+00 5.481386718750000000e+02
4.241638930023539977e+00 5.330545654296875000e+02
4.245072065539544859e+00 5.146699829101562500e+02
4.248505201055549740e+00 5.015938110351562500e+02
4.251938336571553734e+00 4.919281921386718750e+02
4.255371472087558615e+00 4.906318054199218750e+02
4.258804607603562609e+00 4.804807434082031250e+02
4.262237743119566602e+00 4.728999023437500000e+02
4.265670878635571484e+00 4.672800598144531250e+02
4.269104014151576365e+00 4.754406127929687500e+02
4.272537149667581247e+00 4.799639892578125000e+02
4.275970285183585240e+00 4.866258239746093750e+02
4.279403420699589233e+00 4.860921936035156250e+02
4.282836556215594115e+00 4.918470153808593750e+02
4.286269691731598996e+00 4.982614746093750000e+02
4.289702827247602990e+00 5.130234375000000000e+02
4.293135962763607871e+00 5.276633911132812500e+02
4.296569098279611865e+00 5.480661621093750000e+02
4.300002233795616746e+00 5.632712402343750000e+02
4.303435369311620740e+00 5.762321777343750000e+02
4.306868504827625621e+00 5.722175292968750000e+02
4.310301640343630503e+00 5.617073364257812500e+02
4.313734775859634496e+00 5.547923583984375000e+02
4.317167911375638489e+00 5.456810302734375000e+02
4.320601046891643371e+00 5.390874633789062500e+02
4.324034182407648252e+00 5.179878540039062500e+02
4.327467317923653134e+00 5.062831420898437500e+02
4.330900453439656239e+00 4.931145935058593750e+02
4.334333588955661121e+00 4.884138793945312500e+02
4.337766724471666002e+00 4.822490539550781250e+02
4.341199859987670884e+00 4.795383911132812500e+02
4.344632995503674877e+00 4.744444885253906250e+02
4.348066131019678870e+00 4.761699829101562500e+02
4.351499266535683752e+00 4.776317138671875000e+02
4.354932402051688634e+00 4.832368469238281250e+02
4.358365537567692627e+00 4.838816223144531250e+02
4.361798673083697508e+00 4.804147949218750000e+02
4.365231808599701502e+00 4.787606811523437500e+02
4.368664944115706383e+00 4.758609313964843750e+02
4.372098079631710377e+00 4.752069702148437500e+02
4.375531215147715258e+00 4.718319396972656250e+02
4.378964350663720140e+00 4.733129272460937500e+02
4.382397486179724133e+00 4.733364257812500000e+02
4.385830621695728126e+00 4.773844909667968750e+02
4.389263757211733008e+00 4.788206176757812500e+02
4.392696892727737890e+00 4.806101074218750000e+02
4.396130028243741883e+00 4.735587158203125000e+02
4.399563163759746764e+00 4.750453491210937500e+02
4.402996299275750758e+00 4.810691833496093750e+02
4.406429434791755639e+00 4.961901245117187500e+02
4.409862570307759633e+00 5.074175415039062500e+02
4.413295705823764514e+00 5.144619750976562500e+02
4.416728841339769396e+00 5.163059692382812500e+02
4.420161976855773389e+00 5.190169067382812500e+02
4.423595112371777383e+00 5.214803466796875000e+02
4.427028247887782264e+00 5.191510620117187500e+02
4.430461383403787146e+00 5.121873779296875000e+02
4.433894518919792027e+00 5.001982116699218750e+02
4.437327654435796020e+00 4.832593078613281250e+02
4.440760789951800014e+00 4.705477905273437500e+02
4.444193925467804895e+00 4.668769226074218750e+02
4.447627060983809777e+00 4.708136596679687500e+02
4.451060196499813770e+00 4.699661560058593750e+02
4.454493332015818652e+00 4.653302612304687500e+02
4.457926467531822645e+00 4.635393981933593750e+02
4.461359603047827527e+00 4.652086181640625000e+02
4.464792738563831520e+00 4.674528808593750000e+02
4.468225874079836402e+00 4.648896179199218750e+02
4.471659009595841283e+00 4.570246887207031250e+02
4.475092145111845277e+00 4.531880493164062500e+02
4.478525280627849270e+00 4.535767517089843750e+02
4.481958416143854151e+00 4.525825195312500000e+02
4.485391551659859033e+00 4.530566406250000000e+02
4.488824687175863914e+00 4.538869628906250000e+02
4.492257822691867020e+00 4.580118713378906250e+02
4.495690958207871901e+00 4.578558044433593750e+02
4.499124093723876783e+00 4.567220764160156250e+02
4.502557229239881664e+00 4.546119995117187500e+02
4.505990364755885658e+00 4.520848999023437500e+02
4.509423500271889651e+00 4.527221984863281250e+02
4.512856635787894533e+00 4.536467590332031250e+02
4.516289771303899414e+00 4.528632202148437500e+02
4.519722906819903407e+00 4.487017822265625000e+02
4.523156042335908289e+00 4.481128234863281250e+02
4.526589177851912282e+00 4.481819458007812500e+02
4.530022313367917164e+00 4.525954895019531250e+02
4.533455448883921157e+00 4.526533813476562500e+02
4.536888584399926039e+00 4.564653625488281250e+02
4.540321719915930920e+00 4.572653503417968750e+02
4.543754855431934914e+00 4.528864440917968750e+02
4.547187990947938907e+00 4.495101318359375000e+02
4.550621126463943789e+00 4.480862426757812500e+02
4.554054261979948670e+00 4.483309631347656250e+02
4.557487397495952663e+00 4.499773559570312500e+02
4.560920533011957545e+00 4.541873474121093750e+02
4.564353668527961538e+00 4.544655151367187500e+02
4.567786804043966420e+00 4.552479553222656250e+02
4.571219939559970413e+00 4.525476074218750000e+02
4.574653075075975295e+00 4.524732055664062500e+02
4.578086210591980176e+00 4.487706604003906250e+02
4.581519346107984170e+00 4.500504150390625000e+02
4.584952481623988163e+00 4.517188110351562500e+02
4.588385617139993045e+00 4.534038696289062500e+02
4.591818752655997926e+00 4.505328369140625000e+02
4.595251888172002808e+00 4.488914794921875000e+02
4.598685023688006801e+00 4.464404296875000000e+02
4.602118159204010794e+00 4.488543090820312500e+02
4.605551294720015676e+00 4.521067810058593750e+02
4.608984430236020557e+00 4.584267578125000000e+02
4.612417565752024551e+00 4.574590454101562500e+02
4.615850701268029432e+00 4.544130554199218750e+02
4.619283836784033426e+00 4.459338684082031250e+02
4.622716972300038307e+00 4.420147094726562500e+02
4.626150107816042301e+00 4.454898071289062500e+02
4.629583243332047182e+00 4.515076599121093750e+02
4.633016378848052064e+00 4.624818115234375000e+02
4.636449514364056057e+00 4.698427124023437500e+02
4.639882649880060050e+00 4.799586791992187500e+02
4.643315785396064932e+00 4.944524536132812500e+02
4.646748920912069813e+00 5.139026489257812500e+02
4.650182056428074695e+00 5.325502319335937500e+02
4.653615191944077800e+00 5.456890258789062500e+02
4.657048327460082682e+00 5.567911376953125000e+02
4.660481462976087563e+00 5.640374755859375000e+02
4.663914598492092445e+00 5.719773559570312500e+02
4.667347734008096438e+00 5.829312744140625000e+02
4.670780869524100432e+00 5.886569213867187500e+02
4.674214005040105313e+00 5.858849487304687500e+02
4.677647140556110195e+00 5.727713012695312500e+02
4.681080276072114188e+00 5.602855224609375000e+02
4.684513411588119070e+00 5.454733886718750000e+02
4.687946547104123063e+00 5.290530395507812500e+02
4.691379682620127056e+00 5.152897949218750000e+02
4.694812818136131938e+00 5.002740173339843750e+02
4.698245953652136819e+00 4.889121704101562500e+02
4.701679089168141701e+00 4.753897094726562500e+02
4.705112224684145694e+00 4.678971252441406250e+02
4.708545360200149688e+00 4.616253051757812500e+02
4.711978495716154569e+00 4.523559265136718750e+02
4.715411631232159451e+00 4.416419372558593750e+02
4.718844766748163444e+00 4.337526855468750000e+02
4.722277902264168326e+00 4.316039123535156250e+02
4.725711037780172319e+00 4.323556518554687500e+02
4.729144173296177200e+00 4.360079040527343750e+02
4.732577308812181194e+00 4.421885070800781250e+02
4.736010444328186075e+00 4.413749084472656250e+02
4.739443579844190957e+00 4.392602233886718750e+02
4.742876715360194950e+00 4.358479919433593750e+02
4.746309850876198944e+00 4.401472778320312500e+02
4.749742986392203825e+00 4.471970520019531250e+02
4.753176121908208707e+00 4.524342041015625000e+02
4.756609257424213588e+00 4.515498962402343750e+02
4.760042392940217582e+00 4.438392333984375000e+02
4.763475528456221575e+00 4.375667724609375000e+02
4.766908663972226456e+00 4.352737731933593750e+02
4.770341799488231338e+00 4.364294433593750000e+02
4.773774935004235331e+00 4.381068420410156250e+02
4.777208070520240213e+00 4.387542114257812500e+02
4.780641206036244206e+00 4.400267944335937500e+02
4.784074341552249088e+00 4.410441589355468750e+02
4.787507477068253081e+00 4.419931030273437500e+02
4.790940612584257963e+00 4.420080871582031250e+02
4.794373748100262844e+00 4.411078491210937500e+02
4.797806883616266838e+00 4.419549865722656250e+02
4.801240019132270831e+00 4.454869079589843750e+02
4.804673154648275712e+00 4.536893920898437500e+02
4.808106290164280594e+00 4.535541381835937500e+02
4.811539425680285476e+00 4.492286376953125000e+02
4.814972561196288581e+00 4.433657531738281250e+02
4.818405696712293462e+00 4.478963317871093750e+02
4.821838832228298344e+00 4.508557434082031250e+02
4.825271967744303225e+00 4.439923400878906250e+02
4.828705103260307219e+00 4.383199768066406250e+02
4.832138238776311212e+00 4.377189331054687500e+02
4.835571374292316094e+00 4.402188415527343750e+02
4.839004509808320087e+00 4.421827087402343750e+02
4.842437645324324968e+00 4.394540405273437500e+02
4.845870780840329850e+00 4.371756591796875000e+02
4.849303916356333843e+00 4.363236999511718750e+02
4.852737051872337837e+00 4.392764587402343750e+02
4.856170187388342718e+00 4.394866638183593750e+02
4.859603322904347600e+00 4.330149536132812500e+02
4.863036458420352481e+00 4.286093139648437500e+02
4.866469593936356475e+00 4.264718933105468750e+02
4.869902729452360468e+00 4.254430236816406250e+02
4.873335864968365350e+00 4.278269348144531250e+02
4.876769000484370231e+00 4.314894409179687500e+02
4.880202136000374225e+00 4.344385375976562500e+02
4.883635271516379106e+00 4.356984252929687500e+02
4.887068407032383099e+00 4.356430969238281250e+02
4.890501542548387981e+00 4.331563110351562500e+02
4.893934678064391974e+00 4.288478088378906250e+02
4.897367813580396856e+00 4.250811462402343750e+02
4.900800949096401737e+00 4.209706420898437500e+02
4.904234084612405731e+00 4.196965026855468750e+02
4.907667220128409724e+00 4.241134338378906250e+02
4.911100355644414606e+00 4.283027038574218750e+02
4.914533491160419487e+00 4.300954895019531250e+02
4.917966626676424369e+00 4.296138610839843750e+02
4.921399762192428362e+00 4.312769775390625000e+02
4.924832897708432355e+00 4.348938903808593750e+02
4.928266033224437237e+00 4.288283386230468750e+02
4.931699168740442119e+00 4.281177673339843750e+02
4.935132304256446112e+00 4.270577087402343750e+02
4.938565439772450993e+00 4.348053588867187500e+02
4.941998575288454987e+00 4.402334899902343750e+02
4.945431710804459868e+00 4.432113342285156250e+02
4.948864846320463862e+00 4.468734436035156250e+02
4.952297981836468743e+00 4.466791076660156250e+02
4.955731117352473625e+00 4.523385925292968750e+02
4.959164252868477618e+00 4.515890808105468750e+02
4.962597388384481611e+00 4.542961730957031250e+02
4.966030523900486493e+00 4.560055847167968750e+02
4.969463659416491375e+00 4.591382446289062500e+02
4.972896794932496256e+00 4.560807189941406250e+02
4.976329930448499361e+00 4.522729492187500000e+02
4.979763065964504243e+00 4.476951599121093750e+02
4.983196201480509124e+00 4.455457153320312500e+02
4.986629336996513118e+00 4.386472167968750000e+02
4.990062472512517999e+00 4.307444763183593750e+02
4.993495608028521993e+00 4.265707397460937500e+02
4.996928743544526874e+00 4.201349182128906250e+02
5.000361879060530867e+00 4.200844726562500000e+02
5.003795014576535749e+00 4.251603088378906250e+02
5.007228150092540631e+00 4.308633728027343750e+02
5.010661285608544624e+00 4.250671691894531250e+02
5.014094421124548617e+00 4.218049926757812500e+02
5.017527556640553499e+00 4.224675598144531250e+02
5.020960692156558380e+00 4.269182128906250000e+02
5.024393827672563262e+00 4.279256286621093750e+02
5.027826963188567255e+00 4.287955932617187500e+02
5.031260098704571249e+00 4.316844482421875000e+02
5.034693234220576130e+00 4.354465332031250000e+02
5.038126369736581012e+00 4.423658447265625000e+02
5.041559505252585005e+00 4.473091125488281250e+02
5.044992640768589887e+00 4.452478637695312500e+02
5.048425776284593880e+00 4.406863708496093750e+02
5.051858911800598761e+00 4.362921447753906250e+02
5.055292047316602755e+00 4.398392333984375000e+02
5.058725182832607636e+00 4.418807067871093750e+02
5.062158318348612518e+00 4.431723022460937500e+02
5.065591453864616511e+00 4.368173828125000000e+02
5.069024589380620505e+00 4.320838928222656250e+02
5.072457724896625386e+00 4.275428466796875000e+02
5.075890860412630268e+00 4.209397888183593750e+02
5.079323995928635149e+00 4.147857666015625000e+02
5.082757131444638254e+00 4.142967224121093750e+02
5.086190266960643136e+00 4.162754821777343750e+02
5.089623402476648018e+00 4.167952575683593750e+02
5.093056537992652899e+00 4.160199279785156250e+02
5.096489673508656892e+00 4.152373657226562500e+02
5.099922809024661774e+00 4.138836059570312500e+02
5.103355944540665767e+00 4.122695617675781250e+02
5.106789080056670649e+00 4.153521118164062500e+02
5.110222215572674642e+00 4.178156433105468750e+02
5.113655351088679524e+00 4.175386047363281250e+02
5.117088486604684405e+00 4.163140869140625000e+02
5.120521622120688399e+00 4.128800354003906250e+02
5.123954757636692392e+00 4.095231018066406250e+02
5.127387893152697274e+00 4.022857360839843750e+02
5.130821028668702155e+00 4.004716796875000000e+02
5.134254164184706148e+00 3.959698181152343750e+02
5.137687299700710142e+00 4.012182922363281250e+02
5.141120435216715023e+00 4.038728332519531250e+02
5.144553570732719905e+00 4.092241821289062500e+02
5.147986706248723898e+00 4.101291198730468750e+02
5.151419841764728780e+00 4.092262573242187500e+02
5.154852977280732773e+00 4.141372985839843750e+02
5.158286112796737655e+00 4.187761230468750000e+02
5.161719248312741648e+00 4.266456909179687500e+02
5.165152383828746530e+00 4.257734069824218750e+02
5.168585519344751411e+00 4.253173217773437500e+02
5.172018654860755404e+00 4.211345825195312500e+02
5.175451790376759398e+00 4.226701049804687500e+02
5.178884925892764279e+00 4.189614562988281250e+02
5.182318061408769161e+00 4.193005676269531250e+02
5.185751196924774042e+00 4.163022766113281250e+02
5.189184332440778036e+00 4.104103393554687500e+02
5.192617467956782029e+00 4.053064270019531250e+02
5.196050603472786911e+00 4.054193115234375000e+02
5.199483738988791792e+00 4.090989990234375000e+02
5.202916874504795786e+00 4.134962463378906250e+02
5.206350010020800667e+00 4.190125427246093750e+02
5.209783145536804660e+00 4.322252502441406250e+02
5.213216281052809542e+00 4.441718444824218750e+02
5.216649416568813535e+00 4.496068725585937500e+02
5.220082552084818417e+00 4.519164428710937500e+02
5.223515687600823298e+00 4.516332397460937500e+02
5.226948823116827292e+00 4.542037658691406250e+02
5.230381958632831285e+00 4.539664916992187500e+02
5.233815094148836167e+00 4.460164184570312500e+02
5.237248229664841048e+00 4.386433410644531250e+02
5.240681365180845930e+00 4.298937683105468750e+02
5.244114500696849035e+00 4.251743469238281250e+02
5.247547636212853917e+00 4.119268188476562500e+02
5.250980771728858798e+00 4.022388305664062500e+02
5.254413907244863680e+00 3.985004882812500000e+02
5.257847042760867673e+00 3.994916992187500000e+02
5.261280178276872554e+00 4.008903198242187500e+02
5.264713313792876548e+00 4.039206542968750000e+02
5.268146449308881429e+00 4.028482666015625000e+02
5.271579584824885423e+00 3.957414245605468750e+02
5.275012720340890304e+00 3.910799255371093750e+02
5.278445855856895186e+00 3.955140380859375000e+02
5.281878991372898291e+00 4.024501953125000000e+02
5.285312126888903173e+00 4.113472900390625000e+02
5.288745262404908054e+00 4.143420715332031250e+02
5.292178397920912936e+00 4.189273681640625000e+02
5.295611533436916929e+00 4.199990539550781250e+02
5.299044668952920922e+00 4.176652526855468750e+02
5.302477804468925804e+00 4.077343139648437500e+02
5.305910939984930685e+00 3.992633361816406250e+02
5.309344075500934679e+00 3.985725708007812500e+02
5.312777211016939560e+00 4.041564636230468750e+02
5.316210346532943554e+00 4.061966552734375000e+02
5.319643482048948435e+00 4.099172973632812500e+02
5.323076617564952429e+00 4.128963623046875000e+02
5.326509753080957310e+00 4.148312377929687500e+02
5.329942888596962192e+00 4.201875915527343750e+02
5.333376024112966185e+00 4.230351867675781250e+02
5.336809159628970178e+00 4.277215576171875000e+02
5.340242295144975060e+00 4.291813354492187500e+02
5.343675430660979941e+00 4.380444946289062500e+02
5.347108566176984823e+00 4.460219421386718750e+02
5.350541701692988816e+00 4.477177124023437500e+02
5.353974837208992810e+00 4.518108825683593750e+02
5.357407972724997691e+00 4.523038024902343750e+02
5.360841108241002573e+00 4.510134887695312500e+02
5.364274243757006566e+00 4.456437377929687500e+02
5.367707379273011448e+00 4.473981628417968750e+02
5.371140514789015441e+00 4.429455566406250000e+02
5.374573650305020323e+00 4.390756835937500000e+02
5.378006785821024316e+00 4.243729248046875000e+02
5.381439921337029197e+00 4.176579895019531250e+02
5.384873056853034079e+00 4.072366027832031250e+02
5.388306192369038072e+00 4.055568847656250000e+02
5.391739327885042066e+00 4.037310791015625000e+02
5.395172463401046947e+00 4.041534729003906250e+02
5.398605598917051829e+00 3.990779418945312500e+02
5.402038734433056710e+00 3.963981018066406250e+02
5.405471869949059815e+00 3.951749572753906250e+02
5.408905005465064697e+00 4.007599182128906250e+02
5.412338140981069579e+00 4.012178344726562500e+02
5.415771276497074460e+00 4.004579162597656250e+02
5.419204412013078453e+00 3.980228881835937500e+02
5.422637547529083335e+00 4.019790954589843750e+02
5.426070683045087328e+00 4.050970153808593750e+02
5.429503818561091322e+00 4.079799194335937500e+02
5.432936954077096203e+00 4.051650085449218750e+02
5.436370089593101085e+00 4.065525207519531250e+02
5.439803225109105966e+00 4.093243408203125000e+02
5.443236360625109072e+00 4.147366027832031250e+02
5.446669496141113953e+00 4.177529602050781250e+02
5.450102631657118835e+00 4.124844055175781250e+02
5.453535767173123716e+00 4.050069580078125000e+02
5.456968902689127709e+00 4.018215332031250000e+02
5.460402038205131703e+00 4.038092041015625000e+02
5.463835173721136584e+00 4.108087768554687500e+02
5.467268309237141466e+00 4.145571289062500000e+02
5.470701444753145459e+00 4.206122436523437500e+02
5.474134580269150341e+00 4.226662292480468750e+02
5.477567715785154334e+00 4.261593933105468750e+02
5.481000851301159216e+00 4.291398925781250000e+02
5.484433986817163209e+00 4.287246093750000000e+02
5.487867122333168091e+00 4.348157043457031250e+02
5.491300257849172972e+00 4.372833862304687500e+02
5.494733393365176966e+00 4.366503601074218750e+02
5.498166528881180959e+00 4.292342834472656250e+02
5.501599664397185840e+00 4.318711853027343750e+02
5.505032799913190722e+00 4.350324096679687500e+02
5.508465935429195603e+00 4.333225708007812500e+02
5.511899070945199597e+00 4.224470825195312500e+02
5.515332206461203590e+00 4.185914611816406250e+02
5.518765341977208472e+00 4.155240173339843750e+02
5.522198477493213353e+00 4.177791748046875000e+02
5.525631613009217347e+00 4.131716003417968750e+02
5.529064748525222228e+00 4.130226440429687500e+02
5.532497884041226222e+00 4.066876525878906250e+02
5.535931019557231103e+00 4.060780944824218750e+02
5.539364155073235096e+00 4.051065368652343750e+02
5.542797290589239978e+00 4.077308959960937500e+02
5.546230426105244860e+00 4.095184936523437500e+02
5.549663561621248853e+00 4.112640380859375000e+02
5.553096697137252846e+00 4.117736511230468750e+02
5.556529832653257728e+00 4.109775390625000000e+02
5.559962968169262609e+00 4.115182495117187500e+02
5.563396103685267491e+00 4.082134704589843750e+02
5.566829239201270596e+00 4.040504760742187500e+02
5.570262374717275478e+00 4.018143615722656250e+02
5.573695510233280359e+00 4.066020507812500000e+02
5.577128645749284352e+00 4.093627014160156250e+02
5.580561781265289234e+00 4.089299621582031250e+02
5.583994916781293227e+00 4.050076293945312500e+02
5.587428052297298109e+00 4.039131774902343750e+02
5.590861187813302102e+00 4.030076904296875000e+02
5.594294323329306984e+00 4.021231079101562500e+02
5.597727458845311865e+00 3.997151489257812500e+02
5.601160594361316747e+00 4.005458068847656250e+02
5.604593729877319852e+00 3.981199340820312500e+02
5.608026865393324734e+00 3.990551147460937500e+02
5.611460000909329615e+00 4.038305664062500000e+02
5.614893136425334497e+00 4.039561157226562500e+02
5.618326271941338490e+00 4.047563171386718750e+02
5.621759407457342483e+00 4.017898559570312500e+02
5.625192542973347365e+00 4.040226745605468750e+02
5.628625678489352246e+00 3.983551940917968750e+02
5.632058814005356240e+00 3.936406555175781250e+02
5.635491949521361121e+00 3.932483825683593750e+02
5.638925085037365115e+00 3.932602844238281250e+02
5.642358220553369996e+00 3.957789306640625000e+02
5.645791356069373990e+00 3.939754028320312500e+02
5.649224491585378871e+00 3.953462829589843750e+02
5.652657627101383753e+00 3.968744506835937500e+02
5.656090762617387746e+00 3.982937927246093750e+02
5.659523898133391739e+00 3.940763854980468750e+02
5.662957033649396621e+00 3.936767883300781250e+02
5.666390169165401502e+00 3.974634399414062500e+02
5.669823304681406384e+00 4.038188476562500000e+02
5.673256440197410377e+00 4.044197387695312500e+02
5.676689575713414371e+00 4.072551574707031250e+02
5.680122711229419252e+00 4.163218078613281250e+02
5.683555846745424134e+00 4.272260742187500000e+02
5.686988982261428127e+00 4.372583007812500000e+02
5.690422117777433009e+00 4.461019287109375000e+02
5.693855253293437002e+00 4.516899108886718750e+02
5.697288388809441884e+00 4.637354736328125000e+02
5.700721524325445877e+00 4.845440979003906250e+02
5.704154659841450759e+00 5.260153198242187500e+02
5.707587795357455640e+00 5.837879638671875000e+02
5.711020930873459633e+00 6.601388549804687500e+02
5.714454066389463627e+00 7.399580078125000000e+02
5.717887201905468508e+00 8.225445556640625000e+02
5.721320337421473390e+00 8.922306518554687500e+02
5.724753472937477383e+00 9.376621093750000000e+02
5.728186608453481377e+00 9.531818237304687500e+02
5.731619743969486258e+00 9.364895019531250000e+02
5.735052879485491140e+00 8.937194824218750000e+02
5.738486015001495133e+00 8.306534423828125000e+02
5.741919150517500015e+00 7.606702270507812500e+02
5.745352286033504008e+00 6.894373779296875000e+02
5.748785421549508889e+00 6.194464111328125000e+02
5.752218557065512883e+00 5.541484985351562500e+02
5.755651692581517764e+00 5.023244323730468750e+02
5.759084828097522646e+00 4.611558227539062500e+02
5.762517963613527527e+00 4.371257629394531250e+02
5.765951099129530633e+00 4.203474426269531250e+02
5.769384234645535514e+00 4.138262023925781250e+02
5.772817370161540396e+00 4.110455322265625000e+02
5.776250505677545277e+00 4.130848693847656250e+02
5.779683641193549271e+00 4.087696228027343750e+02
5.783116776709553264e+00 4.057217407226562500e+02
5.786549912225558145e+00 4.036090087890625000e+02
5.789983047741563027e+00 4.049481811523437500e+02
5.793416183257567020e+00 4.016169128417968750e+02
5.796849318773571902e+00 3.975921630859375000e+02
5.800282454289575895e+00 3.958824768066406250e+02
5.803715589805580777e+00 3.958450622558593750e+02
5.807148725321584770e+00 3.973924560546875000e+02
5.810581860837589652e+00 3.988598022460937500e+02
5.814014996353594533e+00 3.999883422851562500e+02
5.817448131869598527e+00 3.944030761718750000e+02
5.820881267385602520e+00 3.958856201171875000e+02
5.824314402901607401e+00 4.000722656250000000e+02
5.827747538417612283e+00 4.040038146972656250e+02
5.831180673933617165e+00 3.992897644042968750e+02
5.834613809449621158e+00 3.939386596679687500e+02
5.838046944965625151e+00 3.973964538574218750e+02
5.841480080481630033e+00 3.999401855468750000e+02
5.844913215997634914e+00 3.956252746582031250e+02
5.848346351513638908e+00 3.910314941406250000e+02
5.851779487029643789e+00 3.904491271972656250e+02
5.855212622545647783e+00 3.940901489257812500e+02
5.858645758061652664e+00 3.869940490722656250e+02
5.862078893577656657e+00 3.858666687011718750e+02
5.865512029093661539e+00 3.885001831054687500e+02
5.868945164609666421e+00 3.927160644531250000e+02
5.872378300125669526e+00 3.937581481933593750e+02
5.875811435641674407e+00 3.893118591308593750e+02
5.879244571157679289e+00 3.914371032714843750e+02
5.882677706673684170e+00 3.918683166503906250e+02
5.886110842189688164e+00 3.968820495605468750e+02
5.889543977705692157e+00 3.963845825195312500e+02
5.892977113221697039e+00 3.949251098632812500e+02
5.896410248737701920e+00 3.938010253906250000e+02
5.899843384253705914e+00 3.955217590332031250e+02
5.903276519769710795e+00 3.997997131347656250e+02
5.906709655285714788e+00 4.021707763671875000e+02
5.910142790801719670e+00 4.019297485351562500e+02
5.913575926317723663e+00 4.024248657226562500e+02
5.917009061833728545e+00 4.026310729980468750e+02
5.920442197349733426e+00 4.007682800292968750e+02
5.923875332865738308e+00 3.995548095703125000e+02
5.927308468381741413e+00 3.995028686523437500e+02
5.930741603897746295e+00 4.029120178222656250e+02
5.934174739413751176e+00 4.006516723632812500e+02
5.937607874929756058e+00 4.028143005371093750e+02
5.941041010445760051e+00 3.999928283691406250e+02
5.944474145961764044e+00 4.039416198730468750e+02
5.947907281477768926e+00 4.124797058105468750e+02
5.951340416993773808e+00 4.324698181152343750e+02
5.954773552509777801e+00 4.596888427734375000e+02
5.958206688025782682e+00 4.980303039550781250e+02
5.961639823541786676e+00 5.614702148437500000e+02
5.965072959057791557e+00 6.567891845703125000e+02
5.968506094573795551e+00 7.692670898437500000e+02
5.971939230089800432e+00 8.786093139648437500e+02
5.975372365605805314e+00 9.676140747070312500e+02
5.978805501121809307e+00 1.023151611328125000e+03
5.982238636637813300e+00 1.036836303710937500e+03
5.985671772153818182e+00 1.012855224609375000e+03
5.989104907669823064e+00 9.543509521484375000e+02
5.992538043185827945e+00 8.857125244140625000e+02
5.995971178701831938e+00 8.100617675781250000e+02
5.999404314217835932e+00 7.323148193359375000e+02
6.002837449733840813e+00 6.534782714843750000e+02
6.006270585249845695e+00 5.831301269531250000e+02
6.009703720765849688e+00 5.286404418945312500e+02
6.013136856281854570e+00 4.854264221191406250e+02
6.016569991797858563e+00 4.542167358398437500e+02
6.020003127313862556e+00 4.362738952636718750e+02
6.023436262829867438e+00 4.266062316894531250e+02
6.026869398345872320e+00 4.218033142089843750e+02
6.030302533861877201e+00 4.178092346191406250e+02
6.033735669377880306e+00 4.160082092285156250e+02
6.037168804893885188e+00 4.137861022949218750e+02
6.040601940409890069e+00 4.141033020019531250e+02
6.044035075925894951e+00 4.127089538574218750e+02
6.047468211441898944e+00 4.145195922851562500e+02
6.050901346957902938e+00 4.147478637695312500e+02
6.054334482473907819e+00 4.171716308593750000e+02
6.057767617989912701e+00 4.182220458984375000e+02
6.061200753505916694e+00 4.208365783691406250e+02
6.064633889021921576e+00 4.187344055175781250e+02
6.068067024537925569e+00 4.189171447753906250e+02
6.071500160053930450e+00 4.187454528808593750e+02
6.074933295569934444e+00 4.198449401855468750e+02
6.078366431085939325e+00 4.145944213867187500e+02
6.081799566601944207e+00 4.137008972167968750e+02
6.085232702117949088e+00 4.099272766113281250e+02
6.088665837633952194e+00 4.053584289550781250e+02
6.092098973149957075e+00 3.977282104492187500e+02
6.095532108665961957e+00 3.917453613281250000e+02
6.098965244181966838e+00 3.873459167480468750e+02
6.102398379697970832e+00 3.858497619628906250e+02
6.105831515213974825e+00 3.875555419921875000e+02
6.109264650729979707e+00 3.912227478027343750e+02
6.112697786245984588e+00 3.942042846679687500e+02
6.116130921761988581e+00 3.942852172851562500e+02
6.119564057277993463e+00 3.927608337402343750e+02
6.122997192793997456e+00 3.915592956542968750e+02
6.126430328310002338e+00 3.917686767578125000e+02
6.129863463826006331e+00 3.895179748535156250e+02
6.133296599342011213e+00 3.899668579101562500e+02
6.136729734858016094e+00 3.914255065917968750e+02
6.140162870374020088e+00 3.946428833007812500e+02
6.143596005890024081e+00 3.968908691406250000e+02
6.147029141406028963e+00 3.967334289550781250e+02
6.150462276922033844e+00 3.956429748535156250e+02
6.153895412438038726e+00 3.914825134277343750e+02
6.157328547954042719e+00 3.940643310546875000e+02
6.160761683470046712e+00 3.966002197265625000e+02
6.164194818986051594e+00 3.948340759277343750e+02
6.167627954502055587e+00 3.919890747070312500e+02
6.171061090018060469e+00 3.922194824218750000e+02
6.174494225534065350e+00 3.934239196777343750e+02
6.177927361050069344e+00 3.933381347656250000e+02
6.181360496566073337e+00 3.893399963378906250e+02
6.184793632082078219e+00 3.884122924804687500e+02
6.188226767598083100e+00 3.863207092285156250e+02
6.191659903114087982e+00 3.832882690429687500e+02
6.195093038630091087e+00 3.827935485839843750e+02
6.198526174146095968e+00 3.861485290527343750e+02
6.201959309662100850e+00 3.869656066894531250e+02
6.205392445178105731e+00 3.834341125488281250e+02
6.208825580694109725e+00 3.789121398925781250e+02
6.212258716210113718e+00 3.752946472167968750e+02
6.215691851726118600e+00 3.753360900878906250e+02
6.219124987242123481e+00 3.760770568847656250e+02
6.222558122758127475e+00 3.807626647949218750e+02
6.225991258274132356e+00 3.822326049804687500e+02
6.229424393790136349e+00 3.807797241210937500e+02
6.232857529306141231e+00 3.826423339843750000e+02
6.236290664822145224e+00 3.801663818359375000e+02
6.239723800338150106e+00 3.825963134765625000e+02
6.243156935854154987e+00 3.805469360351562500e+02
6.246590071370158981e+00 3.826956481933593750e+02
6.250023206886162974e+00 3.828922729492187500e+02
6.253456342402167856e+00 3.799777832031250000e+02
6.256889477918172737e+00 3.784894714355468750e+02
6.260322613434177619e+00 3.766660461425781250e+02
6.263755748950181612e+00 3.814955139160156250e+02
6.267188884466185606e+00 3.841128845214843750e+02
6.270622019982190487e+00 3.941203308105468750e+02
6.274055155498195369e+00 3.991066589355468750e+02
6.277488291014199362e+00 4.053827209472656250e+02
6.280921426530204243e+00 4.061657409667968750e+02
6.284354562046208237e+00 4.150437927246093750e+02
6.287787697562213118e+00 4.276337890625000000e+02
6.291220833078217112e+00 4.480453186035156250e+02
6.294653968594221993e+00 4.757040405273437500e+02
6.298087104110226875e+00 4.883915710449218750e+02
6.301520239626230868e+00 4.999568176269531250e+02
6.304953375142234862e+00 4.860769653320312500e+02
6.308386510658239743e+00 4.696183166503906250e+02
6.311819646174244625e+00 4.400461120605468750e+02
6.315252781690248618e+00 4.183506469726562500e+02
6.318685917206253500e+00 4.055578918457031250e+02
6.322119052722257493e+00 3.965371398925781250e+02
6.325552188238262374e+00 3.930802917480468750e+02
6.328985323754266368e+00 3.919167480468750000e+02
6.332418459270271249e+00 3.917518615722656250e+02
6.335851594786276131e+00 3.925554199218750000e+02
6.339284730302280124e+00 3.945817565917968750e+02
6.342717865818284118e+00 3.950505676269531250e+02
6.346151001334288999e+00 3.944915466308593750e+02
6.349584136850293881e+00 3.967279663085937500e+02
6.353017272366298762e+00 4.005307006835937500e+02
6.356450407882301867e+00 3.958967285156250000e+02
6.359883543398306749e+00 3.875220031738281250e+02
6.363316678914311630e+00 3.773314514160156250e+02
6.366749814430316512e+00 3.721751708984375000e+02
6.370182949946320505e+00 3.666289978027343750e+02
6.373616085462324499e+00 3.669593811035156250e+02
6.377049220978329380e+00 3.696686401367187500e+02
6.380482356494334262e+00 3.703965148925781250e+02
6.383915492010338255e+00 3.667797241210937500e+02
6.387348627526343137e+00 3.652064208984375000e+02
6.390781763042347130e+00 3.661405944824218750e+02
6.394214898558352012e+00 3.679035949707031250e+02
6.397648034074356005e+00 3.697008056640625000e+02
6.401081169590360886e+00 3.730725708007812500e+02
6.404514305106365768e+00 3.763646545410156250e+02
6.407947440622369761e+00 3.771721801757812500e+02
6.411380576138373755e+00 3.731971435546875000e+02
6.414813711654378636e+00 3.695562438964843750e+02
6.418246847170383518e+00 3.659273071289062500e+02
6.421679982686388399e+00 3.712497558593750000e+02
6.425113118202392393e+00 3.755848083496093750e+02
6.428546253718396386e+00 3.803025207519531250e+02
6.431979389234401268e+00 3.828124389648437500e+02
6.435412524750406149e+00 3.867173767089843750e+02
6.438845660266410142e+00 3.849694213867187500e+02
6.442278795782415024e+00 3.818827209472656250e+02
6.445711931298419017e+00 3.789830017089843750e+02
6.449145066814423011e+00 3.761658935546875000e+02
6.452578202330427892e+00 3.707973022460937500e+02
6.456011337846432774e+00 3.690425109863281250e+02
6.459444473362437655e+00 3.688834533691406250e+02
6.462877608878441649e+00 3.684844665527343750e+02
6.466310744394445642e+00 3.650920104980468750e+02
6.469743879910450524e+00 3.678066406250000000e+02
6.473177015426455405e+00 3.684725952148437500e+02
6.476610150942459398e+00 3.698768615722656250e+02
6.480043286458464280e+00 3.650497741699218750e+02
6.483476421974468273e+00 3.613947143554687500e+02
6.486909557490473155e+00 3.581854248046875000e+02
6.490342693006477148e+00 3.551210632324218750e+02
6.493775828522482030e+00 3.580932617187500000e+02
6.497208964038486911e+00 3.582753295898437500e+02
6.500642099554490905e+00 3.578684997558593750e+02
6.504075235070494898e+00 3.545656127929687500e+02
6.507508370586499780e+00 3.549404907226562500e+02
6.510941506102504661e+00 3.567088012695312500e+02
6.514374641618509543e+00 3.606178894042968750e+02
6.517807777134512648e+00 3.631245422363281250e+02
6.521240912650517529e+00 3.624013061523437500e+02
6.524674048166522411e+00 3.600554504394531250e+02
6.528107183682527292e+00 3.576022949218750000e+02
6.531540319198531286e+00 3.600606994628906250e+02
6.534973454714535279e+00 3.614840393066406250e+02
6.538406590230540161e+00 3.628311157226562500e+02
6.541839725746545042e+00 3.609429016113281250e+02
6.545272861262549036e+00 3.602623291015625000e+02
6.548705996778553917e+00 3.575301513671875000e+02
6.552139132294557911e+00 3.582059326171875000e+02
6.555572267810562792e+00 3.577271728515625000e+02
6.559005403326566785e+00 3.598660278320312500e+02
6.562438538842571667e+00 3.602467041015625000e+02
6.565871674358576549e+00 3.603119201660156250e+02
6.569304809874580542e+00 3.573981323242187500e+02
6.572737945390584535e+00 3.561317749023437500e+02
6.576171080906589417e+00 3.590355834960937500e+02
6.579604216422594298e+00 3.606929321289062500e+02
6.583037351938599180e+00 3.590270690917968750e+02
6.586470487454603173e+00 3.596628112792968750e+02
6.589903622970607167e+00 3.614115295410156250e+02
6.593336758486612048e+00 3.627639770507812500e+02
6.596769894002616041e+00 3.623590087890625000e+02
6.600203029518620923e+00 3.618505859375000000e+02
6.603636165034625805e+00 3.650814819335937500e+02
6.607069300550629798e+00 3.651988220214843750e+02
6.610502436066633791e+00 3.597980651855468750e+02
6.613935571582638673e+00 3.576148681640625000e+02
6.617368707098643554e+00 3.565578918457031250e+02
6.620801842614648436e+00 3.620510253906250000e+02
6.624234978130652429e+00 3.632917175292968750e+02
6.627668113646656423e+00 3.605242614746093750e+02
6.631101249162661304e+00 3.533101196289062500e+02
6.634534384678666186e+00 3.473606262207031250e+02
6.637967520194670179e+00 3.514065551757812500e+02
6.641400655710675061e+00 3.548960571289062500e+02
6.644833791226679054e+00 3.546083068847656250e+02
6.648266926742683935e+00 3.518650207519531250e+02
6.651700062258687929e+00 3.523807067871093750e+02
6.655133197774692810e+00 3.514619750976562500e+02
6.658566333290697692e+00 3.515214538574218750e+02
6.661999468806701685e+00 3.542090759277343750e+02
6.665432604322705679e+00 3.556124572753906250e+02
6.668865739838710560e+00 3.546444091796875000e+02
6.672298875354715442e+00 3.545908813476562500e+02
6.675732010870720323e+00 3.554038085937500000e+02
6.679165146386723428e+00 3.578523559570312500e+02
6.682598281902728310e+00 3.562549743652343750e+02
6.686031417418733191e+00 3.592989196777343750e+02
6.689464552934738073e+00 3.587630004882812500e+02
6.692897688450742066e+00 3.621695251464843750e+02
6.696330823966746060e+00 3.633741149902343750e+02
6.699763959482750941e+00 3.649949951171875000e+02
6.703197094998755823e+00 3.636571655273437500e+02
6.706630230514759816e+00 3.604183349609375000e+02
6.710063366030764698e+00 3.596480407714843750e+02
6.713496501546768691e+00 3.613023071289062500e+02
6.716929637062773573e+00 3.612315368652343750e+02
6.720362772578777566e+00 3.573899536132812500e+02
6.723795908094782448e+00 3.556020812988281250e+02
6.727229043610787329e+00 3.563149719238281250e+02
6.730662179126791322e+00 3.559309997558593750e+02
6.734095314642795316e+00 3.533810424804687500e+02
6.737528450158800197e+00 3.499183959960937500e+02
6.740961585674805079e+00 3.497409667968750000e+02
6.744394721190809072e+00 3.460654907226562500e+02
6.747827856706813954e+00 3.476902465820312500e+02
6.751260992222817947e+00 3.479559631347656250e+02
6.754694127738822829e+00 3.511150207519531250e+02
6.758127263254826822e+00 3.497049560546875000e+02
6.761560398770831704e+00 3.510223693847656250e+02
6.764993534286836585e+00 3.549745788574218750e+02
6.768426669802840578e+00 3.578328857421875000e+02
6.771859805318844572e+00 3.571113281250000000e+02
6.775292940834849453e+00 3.591846008300781250e+02
6.778726076350854335e+00 3.609328918457031250e+02
6.782159211866859216e+00 3.613885192871093750e+02
6.785592347382863210e+00 3.572250976562500000e+02
6.789025482898867203e+00 3.604707031250000000e+02
6.792458618414872085e+00 3.604641418457031250e+02
6.795891753930876966e+00 3.577923889160156250e+02
6.799324889446880960e+00 3.562886657714843750e+02
6.802758024962885841e+00 3.568851623535156250e+02
6.806191160478889834e+00 3.611361389160156250e+02
6.809624295994894716e+00 3.604172973632812500e+02
6.813057431510898709e+00 3.642314758300781250e+02
6.816490567026903591e+00 3.612470397949218750e+02
6.819923702542908472e+00 3.595196228027343750e+02
6.823356838058912466e+00 3.576528625488281250e+02
6.826789973574916459e+00 3.547472534179687500e+02
6.830223109090921341e+00 3.543074340820312500e+02
6.833656244606926222e+00 3.537007751464843750e+02
6.837089380122931104e+00 3.518491516113281250e+02
6.840522515638934209e+00 3.489223022460937500e+02
6.843955651154939090e+00 3.471199340820312500e+02
6.847388786670943972e+00 3.493661193847656250e+02
6.850821922186948854e+00 3.492604370117187500e+02
6.854255057702952847e+00 3.478309631347656250e+02
6.857688193218956840e+00 3.519070129394531250e+02
6.861121328734961722e+00 3.544202575683593750e+02
6.864554464250966603e+00 3.548706359863281250e+02
6.867987599766970597e+00 3.514332580566406250e+02
6.871420735282975478e+00 3.533969726562500000e+02
6.874853870798979472e+00 3.566710815429687500e+02
6.878287006314984353e+00 3.600258483886718750e+02
6.881720141830988346e+00 3.618394775390625000e+02
6.885153277346993228e+00 3.637527160644531250e+02
6.888586412862998110e+00 3.675066528320312500e+02
6.892019548379002103e+00 3.757028503417968750e+02
6.895452683895006096e+00 3.961000671386718750e+02
6.898885819411010978e+00 4.359434814453125000e+02
6.902318954927015859e+00 4.797020568847656250e+02
6.905752090443019853e+00 5.151763916015625000e+02
6.909185225959024734e+00 5.464822998046875000e+02
6.912618361475028728e+00 5.581111450195312500e+02
6.916051496991033609e+00 5.462432250976562500e+02
6.919484632507037603e+00 5.245361938476562500e+02
6.922917768023042484e+00 4.653432617187500000e+02
6.926350903539047366e+00 4.281804199218750000e+02
6.929784039055051359e+00 3.841684875488281250e+02
6.933217174571055352e+00 3.644797668457031250e+02
6.936650310087060234e+00 3.593100280761718750e+02
6.940083445603065115e+00 3.567502441406250000e+02
6.943516581119069997e+00 3.574332580566406250e+02
6.946949716635073990e+00 3.588199157714843750e+02
6.950382852151077984e+00 3.593936767578125000e+02
6.953815987667082865e+00 3.595574645996093750e+02
6.957249123183087747e+00 3.624581909179687500e+02
6.960682258699091740e+00 3.630183410644531250e+02
6.964115394215096622e+00 3.576718139648437500e+02
6.967548529731100615e+00 3.493362121582031250e+02
6.970981665247105497e+00 3.472236022949218750e+02
6.974414800763109490e+00 3.480132751464843750e+02
6.977847936279114371e+00 3.477724914550781250e+02
6.981281071795119253e+00 3.481466064453125000e+02
6.984714207311123246e+00 3.524992065429687500e+02
6.988147342827127240e+00 3.565213317871093750e+02
6.991580478343132121e+00 3.563691101074218750e+02
6.995013613859137003e+00 3.519634704589843750e+02
6.998446749375141884e+00 3.477438049316406250e+02
7.001879884891144989e+00 3.468757324218750000e+02
7.005313020407149871e+00 3.439598388671875000e+02
7.008746155923154753e+00 3.418827514648437500e+02
7.012179291439159634e+00 3.439599304199218750e+02
7.015612426955163627e+00 3.475166320800781250e+02
7.019045562471167621e+00 3.505267639160156250e+02
7.022478697987172502e+00 3.498448181152343750e+02
7.025911833503177384e+00 3.501158447265625000e+02
7.029344969019181377e+00 3.465337829589843750e+02
7.032778104535186259e+00 3.406846008300781250e+02
7.036211240051190252e+00 3.397536010742187500e+02
7.039644375567194245e+00 3.390105895996093750e+02
7.043077511083199127e+00 3.447603149414062500e+02
7.046510646599204009e+00 3.429624938964843750e+02
7.049943782115208890e+00 3.453601684570312500e+02
7.053376917631212883e+00 3.428473510742187500e+02
7.056810053147216877e+00 3.433297119140625000e+02
7.060243188663221758e+00 3.413493652343750000e+02
7.063676324179226640e+00 3.416006774902343750e+02
7.067109459695230633e+00 3.460986633300781250e+02
7.070542595211235515e+00 3.465125427246093750e+02
7.073975730727239508e+00 3.492755126953125000e+02
7.077408866243244390e+00 3.501753845214843750e+02
7.080842001759248383e+00 3.550054016113281250e+02
7.084275137275253265e+00 3.571770324707031250e+02
7.087708272791258146e+00 3.618279724121093750e+02
7.091141408307262139e+00 3.646336364746093750e+02
7.094574543823266133e+00 3.633094482421875000e+02
7.098007679339271014e+00 3.646061706542968750e+02
7.101440814855275896e+00 3.668057250976562500e+02
7.104873950371280777e+00 3.686340332031250000e+02
7.108307085887284771e+00 3.668656311035156250e+02
7.111740221403288764e+00 3.651413269042968750e+02
7.115173356919293646e+00 3.588690185546875000e+02
7.118606492435298527e+00 3.502041625976562500e+02
7.122039627951302521e+00 3.449125976562500000e+02
7.125472763467307402e+00 3.442454223632812500e+02
7.128905898983311396e+00 3.443185729980468750e+02
7.132339034499316277e+00 3.431549987792968750e+02
7.135772170015320270e+00 3.408155822753906250e+02
7.139205305531325152e+00 3.380286560058593750e+02
7.142638441047330033e+00 3.332925415039062500e+02
7.146071576563334027e+00 3.335549011230468750e+02
7.149504712079338020e+00 3.277472229003906250e+02
7.152937847595342902e+00 3.266504516601562500e+02
7.156370983111347783e+00 3.288961486816406250e+02
7.159804118627352665e+00 3.314960937500000000e+02
7.163237254143355770e+00 3.330871582031250000e+02
7.166670389659360652e+00 3.335026855468750000e+02
7.170103525175365533e+00 3.359965515136718750e+02
7.173536660691370415e+00 3.332093505859375000e+02
7.176969796207375296e+00 3.322356567382812500e+02
7.180402931723378401e+00 3.326014099121093750e+02
7.183836067239382395e+00 3.323442077636718750e+02
7.187269202755387276e+00 3.274777221679687500e+02
7.190702338271392158e+00 3.248824157714843750e+02
7.194135473787397039e+00 3.212121276855468750e+02
7.197568609303401033e+00 3.181024475097656250e+02
7.201001744819405914e+00 3.143940429687500000e+02
7.204434880335410796e+00 3.155798645019531250e+02
7.207868015851413901e+00 3.193276672363281250e+02
7.211301151367418782e+00 3.233770751953125000e+02
7.214734286883423664e+00 3.242939758300781250e+02
7.218167422399427657e+00 3.236072692871093750e+02
7.221600557915432539e+00 3.227522888183593750e+02
7.225033693431437420e+00 3.238760375976562500e+02
7.228466828947442302e+00 3.290815429687500000e+02
7.231899964463446295e+00 3.308664855957031250e+02
7.235333099979449401e+00 3.263734436035156250e+02
7.238766235495454282e+00 3.218948059082031250e+02
7.242199371011459164e+00 3.198222045898437500e+02
7.245632506527464045e+00 3.240994262695312500e+02
7.249065642043468927e+00 3.254521179199218750e+02
7.252498777559472920e+00 3.249760742187500000e+02
7.255931913075477802e+00 3.212714538574218750e+02
7.259365048591482683e+00 3.202085266113281250e+02
7.262798184107485788e+00 3.191252136230468750e+02
7.266231319623490670e+00 3.190621643066406250e+02
7.269664455139495551e+00 3.204778747558593750e+02
7.273097590655499545e+00 3.232875976562500000e+02
7.276530726171504426e+00 3.245442504882812500e+02
7.279963861687509308e+00 3.232617492675781250e+02
7.283396997203514189e+00 3.200505676269531250e+02
7.286830132719518183e+00 3.168054199218750000e+02
7.290263268235521288e+00 3.172999877929687500e+02
7.293696403751526169e+00 3.190484619140625000e+02
7.297129539267531051e+00 3.216810607910156250e+02
7.300562674783535932e+00 3.236825561523437500e+02
7.303995810299540814e+00 3.249636535644531250e+02
7.307428945815544807e+00 3.264932861328125000e+02
7.310862081331549689e+00 3.280906066894531250e+02
7.314295216847554570e+00 3.293409729003906250e+02
7.317728352363557676e+00 3.293654785156250000e+02
7.321161487879562557e+00 3.264367675781250000e+02
7.324594623395566551e+00 3.245923767089843750e+02
7.328027758911571432e+00 3.247292175292968750e+02
7.331460894427576314e+00 3.254495239257812500e+02
7.334894029943581195e+00 3.240933227539062500e+02
7.338327165459586077e+00 3.201588439941406250e+02
7.341760300975589182e+00 3.191495056152343750e+02
7.345193436491593175e+00 3.164956359863281250e+02
7.348626572007598057e+00 3.151358642578125000e+02
7.352059707523602938e+00 3.196918640136718750e+02
7.355492843039607820e+00 3.258827514648437500e+02
7.358925978555611813e+00 3.288440856933593750e+02
7.362359114071616695e+00 3.276168823242187500e+02
7.365792249587621576e+00 3.269774169921875000e+02
7.369225385103624681e+00 3.276891784667968750e+02
7.372658520619629563e+00 3.284494018554687500e+02
7.376091656135634445e+00 3.280733337402343750e+02
7.379524791651638438e+00 3.272725219726562500e+02
7.382957927167643319e+00 3.269164733886718750e+02
7.386391062683648201e+00 3.309846191406250000e+02
7.389824198199653082e+00 3.326659851074218750e+02
7.393257333715657076e+00 3.348489379882812500e+02
7.396690469231660181e+00 3.306557312011718750e+02
7.400123604747665063e+00 3.264405517578125000e+02
7.403556740263669944e+00 3.235718078613281250e+02
7.406989875779674826e+00 3.231126708984375000e+02
7.410423011295679707e+00 3.255414428710937500e+02
7.413856146811683701e+00 3.250083312988281250e+02
7.417289282327688582e+00 3.243675537109375000e+02
7.420722417843693464e+00 3.226559753417968750e+02
7.424155553359696569e+00 3.258631591796875000e+02
7.427588688875701450e+00 3.290914306640625000e+02
7.431021824391706332e+00 3.225666198730468750e+02
7.434454959907710325e+00 3.161267700195312500e+02
7.437888095423715207e+00 3.148970642089843750e+02
7.441321230939720088e+00 3.174862670898437500e+02
7.444754366455724970e+00 3.177592468261718750e+02
7.448187501971728963e+00 3.192704162597656250e+02
7.451620637487732068e+00 3.186991271972656250e+02
7.455053773003736950e+00 3.192911682128906250e+02
7.458486908519741831e+00 3.185777587890625000e+02
7.461920044035746713e+00 3.217772216796875000e+02
7.465353179551751595e+00 3.240524597167968750e+02
7.468786315067755588e+00 3.228332519531250000e+02
7.472219450583760469e+00 3.199297180175781250e+02
7.475652586099763575e+00 3.164853820800781250e+02
7.479085721615768456e+00 3.145502319335937500e+02
7.482518857131773338e+00 3.165957946777343750e+02
7.485951992647777331e+00 3.168274230957031250e+02
7.489385128163782213e+00 3.170795593261718750e+02
7.492818263679787094e+00 3.166155700683593750e+02
7.496251399195791976e+00 3.168177795410156250e+02
7.499684534711796857e+00 3.145369567871093750e+02
7.503117670227799962e+00 3.128435363769531250e+02
7.506550805743803956e+00 3.137467956542968750e+02
7.509983941259808837e+00 3.141824951171875000e+02
7.513417076775813719e+00 3.133810119628906250e+02
7.516850212291818600e+00 3.114976501464843750e+02
7.520283347807822594e+00 3.136093444824218750e+02
7.523716483323827475e+00 3.155036621093750000e+02
7.527149618839832357e+00 3.158584899902343750e+02
7.530582754355835462e+00 3.120997314453125000e+02
7.534015889871840344e+00 3.105935363769531250e+02
7.537449025387845225e+00 3.120293579101562500e+02
7.540882160903849218e+00 3.142110900878906250e+02
7.544315296419854100e+00 3.144875793457031250e+02
7.547748431935858981e+00 3.130405273437500000e+02
7.551181567451863863e+00 3.166205444335937500e+02
7.554614702967867856e+00 3.171109924316406250e+02
7.558047838483870962e+00 3.204626770019531250e+02
7.561480973999875843e+00 3.195004272460937500e+02
7.564914109515880725e+00 3.223581542968750000e+02
7.568347245031885606e+00 3.226472778320312500e+02
7.571780380547890488e+00 3.212041625976562500e+02
7.575213516063894481e+00 3.160051879882812500e+02
7.578646651579899363e+00 3.161824035644531250e+02
7.582079787095904244e+00 3.218013916015625000e+02
7.585512922611907349e+00 3.252793579101562500e+02
7.588946058127912231e+00 3.241156005859375000e+02
7.592379193643917112e+00 3.182138366699218750e+02
7.595812329159921106e+00 3.203741149902343750e+02
7.599245464675925987e+00 3.233144226074218750e+02
7.602678600191930869e+00 3.230881347656250000e+02
7.606111735707935750e+00 3.211388854980468750e+02
7.609544871223939744e+00 3.185857543945312500e+02
7.612978006739942849e+00 3.213016967773437500e+02
7.616411142255947730e+00 3.221752319335937500e+02
7.619844277771952612e+00 3.228424072265625000e+02
7.623277413287957494e+00 3.237469787597656250e+02
7.626710548803962375e+00 3.262830810546875000e+02
7.630143684319966368e+00 3.255248718261718750e+02
7.633576819835971250e+00 3.205178527832031250e+02
7.637009955351974355e+00 3.158532409667968750e+02
7.640443090867979237e+00 3.124032897949218750e+02
7.643876226383984118e+00 3.100161132812500000e+02
7.647309361899988112e+00 3.082915954589843750e+02
7.650742497415992993e+00 3.081337280273437500e+02
7.654175632931997875e+00 3.085573120117187500e+02
7.657608768448002756e+00 3.116846618652343750e+02
7.661041903964007638e+00 3.119864501953125000e+02
7.664475039480010743e+00 3.128288879394531250e+02
7.667908174996014736e+00 3.116504516601562500e+02
7.671341310512019618e+00 3.103269958496093750e+02
7.674774446028024499e+00 3.095667724609375000e+02
7.678207581544029381e+00 3.066997375488281250e+02
7.681640717060033374e+00 3.092405395507812500e+02
7.685073852576038256e+00 3.103392639160156250e+02
7.688506988092043137e+00 3.149611206054687500e+02
7.691940123608046243e+00 3.186673278808593750e+02
7.695373259124051124e+00 3.234574584960937500e+02
7.698806394640056006e+00 3.264102478027343750e+02
7.702239530156059999e+00 3.279949340820312500e+02
7.705672665672064880e+00 3.225668029785156250e+02
7.709105801188069762e+00 3.190267028808593750e+02
7.712538936704074644e+00 3.164108886718750000e+02
7.715972072220078637e+00 3.206428527832031250e+02
7.719405207736081742e+00 3.231227416992187500e+02
7.722838343252086624e+00 3.217117004394531250e+02
7.726271478768091505e+00 3.156154479980468750e+02
7.729704614284096387e+00 3.109883117675781250e+02
7.733137749800101268e+00 3.091753845214843750e+02
7.736570885316105262e+00 3.117443237304687500e+02
7.740004020832110143e+00 3.161313781738281250e+02
7.743437156348115025e+00 3.169416809082031250e+02
7.746870291864118130e+00 3.149837646484375000e+02
7.750303427380123011e+00 3.106895446777343750e+02
7.753736562896127005e+00 3.112983093261718750e+02
7.757169698412131886e+00 3.092950439453125000e+02
7.760602833928136768e+00 3.072476196289062500e+02
7.764035969444141649e+00 3.040427551269531250e+02
7.767469104960146531e+00 3.021258850097656250e+02
7.770902240476149636e+00 3.044998779296875000e+02
7.774335375992153629e+00 3.046368103027343750e+02
7.777768511508158511e+00 3.081887207031250000e+02
7.781201647024163393e+00 3.056009826660156250e+02
7.784634782540168274e+00 3.064000854492187500e+02
7.788067918056173156e+00 3.007733154296875000e+02
7.791501053572177149e+00 2.992475280761718750e+02
7.794934189088182031e+00 2.957584533691406250e+02
7.798367324604185136e+00 2.978453063964843750e+02
7.801800460120190017e+00 2.983932495117187500e+02
7.805233595636194899e+00 3.042103881835937500e+02
7.808666731152198892e+00 3.088743286132812500e+02
7.812099866668203774e+00 3.105716552734375000e+02
7.815533002184208655e+00 3.078779296875000000e+02
7.818966137700213537e+00 3.047731933593750000e+02
7.822399273216218418e+00 3.073454895019531250e+02
7.825832408732221523e+00 3.075808410644531250e+02
7.829265544248225517e+00 3.074749145507812500e+02
7.832698679764230398e+00 3.061821289062500000e+02
7.836131815280235280e+00 3.057379455566406250e+02
7.839564950796240161e+00 3.099606018066406250e+02
7.842998086312244155e+00 3.121914978027343750e+02
7.846431221828249036e+00 3.119011230468750000e+02
7.849864357344253918e+00 3.065753479003906250e+02
7.853297492860257023e+00 3.029642333984375000e+02
7.856730628376261905e+00 2.997004699707031250e+02
7.860163763892266786e+00 2.999933166503906250e+02
7.863596899408270779e+00 2.971170959472656250e+02
7.867030034924275661e+00 2.972383422851562500e+02
7.870463170440280543e+00 2.944498596191406250e+02
7.873896305956285424e+00 2.981322021484375000e+02
7.877329441472289417e+00 3.001914062500000000e+02
7.880762576988292523e+00 3.018750000000000000e+02
7.884195712504297404e+00 3.025061950683593750e+02
7.887628848020302286e+00 2.991413574218750000e+02
7.891061983536307167e+00 2.986070556640625000e+02
7.894495119052312049e+00 2.978287658691406250e+02
7.897928254568316042e+00 3.010201110839843750e+02
7.901361390084320924e+00 3.031408081054687500e+02
7.904794525600325805e+00 3.035495300292968750e+02
7.908227661116328910e+00 3.050210266113281250e+02
7.911660796632333792e+00 3.081657714843750000e+02
7.915093932148337785e+00 3.097794189453125000e+02
7.918527067664342667e+00 3.122766113281250000e+02
7.921960203180347548e+00 3.082265319824218750e+02
7.925393338696352430e+00 3.030975341796875000e+02
7.928826474212357311e+00 2.995663452148437500e+02
7.932259609728360417e+00 2.982456054687500000e+02
7.935692745244364410e+00 3.004338684082031250e+02
7.939125880760369292e+00 3.023109741210937500e+02
7.942559016276374173e+00 3.035146179199218750e+02
7.945992151792379055e+00 3.073026428222656250e+02
7.949425287308383936e+00 3.075992126464843750e+02
7.952858422824387929e+00 3.090071105957031250e+02
7.956291558340392811e+00 3.067665100097656250e+02
7.959724693856395916e+00 3.071307678222656250e+02
7.963157829372400798e+00 3.051903991699218750e+02
7.966590964888405679e+00 3.033105468750000000e+02
7.970024100404409673e+00 2.982118225097656250e+02
7.973457235920414554e+00 2.946121215820312500e+02
7.976890371436419436e+00 2.941805419921875000e+02
7.980323506952424317e+00 2.930740051269531250e+02
7.983756642468429199e+00 2.948913269042968750e+02
7.987189777984432304e+00 2.944610900878906250e+02
7.990622913500436297e+00 2.927749938964843750e+02
7.994056049016441179e+00 2.931878967285156250e+02
7.997489184532446060e+00 2.922232360839843750e+02
8.000922320048450942e+00 2.964182434082031250e+02
8.004355455564455823e+00 2.993562316894531250e+02
8.007788591080460705e+00 3.011045532226562500e+02
8.011221726596465587e+00 3.016642761230468750e+02
8.014654862112468692e+00 2.994612731933593750e+02
8.018087997628471797e+00 3.051074829101562500e+02
8.021521133144476678e+00 3.054906616210937500e+02
8.024954268660481560e+00 3.068302917480468750e+02
8.028387404176486442e+00 3.070375061035156250e+02
8.031820539692491323e+00 3.072339172363281250e+02
8.035253675208496205e+00 3.036301879882812500e+02
8.038686810724501086e+00 2.989264221191406250e+02
8.042119946240504191e+00 2.995249328613281250e+02
8.045553081756509073e+00 3.025824584960937500e+02
8.048986217272513954e+00 3.001688537597656250e+02
8.052419352788517060e+00 3.040644226074218750e+02
8.055852488304521941e+00 3.022315979003906250e+02
8.059285623820526823e+00 3.003869628906250000e+02
8.062718759336531704e+00 2.939201965332031250e+02
8.066151894852534809e+00 2.925708618164062500e+02
8.069585030368539691e+00 2.968592834472656250e+02
8.073018165884544572e+00 2.979382019042968750e+02
8.076451301400549454e+00 2.989709472656250000e+02
8.079884436916554336e+00 2.949336547851562500e+02
8.083317572432559217e+00 2.918343505859375000e+02
8.086750707948562322e+00 2.904294128417968750e+02
8.090183843464567204e+00 2.879150695800781250e+02
8.093616978980570309e+00 2.918373718261718750e+02
8.097050114496575191e+00 2.959040527343750000e+02
8.100483250012580072e+00 3.021925659179687500e+02
8.103916385528584954e+00 3.009497070312500000e+02
8.107349521044589835e+00 3.003019104003906250e+02
8.110782656560594717e+00 2.977175903320312500e+02
8.114215792076599598e+00 2.957092285156250000e+02
8.117648927592604480e+00 2.970048217773437500e+02
8.121082063108607585e+00 2.995409851074218750e+02
8.124515198624610690e+00 3.054112854003906250e+02
8.127948334140615572e+00 3.066024169921875000e+02
8.131381469656620453e+00 3.031413879394531250e+02
8.134814605172625335e+00 2.981831054687500000e+02
8.138247740688630216e+00 2.980938415527343750e+02
8.141680876204635098e+00 2.983453369140625000e+02
8.145114011720639979e+00 2.952333374023437500e+02
8.148547147236643085e+00 2.884502258300781250e+02
8.151980282752647966e+00 2.897386169433593750e+02
8.155413418268652848e+00 2.915449829101562500e+02
8.158846553784655953e+00 2.928633117675781250e+02
8.162279689300660834e+00 2.986306457519531250e+02
8.165712824816665716e+00 3.019827575683593750e+02
8.169145960332670597e+00 3.059183959960937500e+02
8.172579095848675479e+00 3.003808593750000000e+02
8.176012231364678584e+00 2.971900024414062500e+02
8.179445366880683466e+00 2.918610534667968750e+02
8.182878502396688347e+00 2.910626525878906250e+02
8.186311637912693229e+00 2.882463684082031250e+02
8.189744773428698110e+00 2.918584594726562500e+02
8.193177908944701215e+00 2.956028137207031250e+02
8.196611044460706097e+00 3.054485168457031250e+02
8.200044179976710979e+00 3.087854003906250000e+02
8.203477315492714084e+00 3.095963134765625000e+02
8.206910451008718965e+00 3.063615112304687500e+02
8.210343586524723847e+00 3.045642395019531250e+02
8.213776722040728728e+00 3.029674987792968750e+02
8.217209857556733610e+00 3.013808898925781250e+02
8.220642993072738491e+00 3.007687377929687500e+02
8.224076128588743373e+00 3.018260498046875000e+02
8.227509264104746478e+00 3.019364318847656250e+02
8.230942399620749583e+00 2.984172058105468750e+02
8.234375535136754465e+00 2.982964477539062500e+02
8.237808670652759346e+00 3.000546569824218750e+02
8.241241806168764228e+00 3.031056213378906250e+02
8.244674941684769109e+00 3.037032775878906250e+02
8.248108077200773991e+00 3.044806213378906250e+02
8.251541212716778873e+00 3.038439025878906250e+02
8.254974348232781978e+00 3.022415161132812500e+02
8.258407483748786859e+00 2.999390563964843750e+02
8.261840619264791741e+00 2.985548706054687500e+02
8.265273754780794846e+00 2.963927917480468750e+02
8.268706890296799727e+00 2.995456237792968750e+02
8.272140025812804609e+00 3.030420837402343750e+02
8.275573161328809491e+00 3.069390869140625000e+02
8.279006296844814372e+00 3.079169311523437500e+02
8.282439432360817477e+00 3.068328857421875000e+02
8.285872567876822359e+00 3.026567382812500000e+02
8.289305703392827240e+00 2.945714416503906250e+02
8.292738838908832122e+00 2.938823547363281250e+02
8.296171974424837003e+00 2.944821472167968750e+02
8.299605109940840109e+00 2.965964355468750000e+02
8.303038245456844990e+00 2.953496093750000000e+02
8.306471380972849872e+00 2.969199218750000000e+02
8.309904516488852977e+00 3.020950012207031250e+02
8.313337652004857858e+00 3.021894531250000000e+02
8.316770787520862740e+00 3.009152832031250000e+02
8.320203923036867621e+00 2.947546386718750000e+02
8.323637058552872503e+00 2.943416137695312500e+02
8.327070194068877385e+00 2.918514099121093750e+02
8.330503329584882266e+00 2.919709472656250000e+02
8.333936465100887148e+00 2.916672973632812500e+02
8.337369600616888476e+00 2.941915588378906250e+02
8.340802736132893358e+00 2.958770446777343750e+02
8.344235871648898240e+00 2.966904907226562500e+02
8.347669007164903121e+00 2.971236877441406250e+02
8.351102142680908003e+00 2.968168945312500000e+02
8.354535278196912884e+00 2.948465576171875000e+02
8.357968413712917766e+00 2.945094909667968750e+02
8.361401549228920871e+00 2.937359924316406250e+02
8.364834684744925752e+00 2.954419555664062500e+02
8.368267820260930634e+00 2.949677734375000000e+02
8.371700955776935515e+00 2.924950561523437500e+02
8.375134091292938621e+00 2.911347351074218750e+02
8.378567226808943502e+00 2.909589843750000000e+02
8.382000362324948384e+00 2.950932617187500000e+02
8.385433497840953265e+00 2.956788330078125000e+02
8.388866633356956370e+00 2.975383911132812500e+02
8.392299768872961252e+00 2.982550354003906250e+02
8.395732904388966134e+00 2.962876281738281250e+02
8.399166039904971015e+00 2.901288146972656250e+02
8.402599175420975897e+00 2.876530151367187500e+02
8.406032310936980778e+00 2.918493347167968750e+02
8.409465446452983883e+00 2.975393066406250000e+02
8.412898581968988765e+00 2.948636779785156250e+02
8.416331717484991870e+00 2.938577880859375000e+02
8.419764853000996752e+00 2.936753234863281250e+02
8.423197988517001633e+00 2.999606628417968750e+02
8.426631124033006515e+00 3.013544311523437500e+02
8.430064259549011396e+00 3.071741943359375000e+02
8.433497395065016278e+00 3.082729797363281250e+02
8.436930530581021159e+00 3.171515197753906250e+02
8.440363666097026041e+00 3.208262634277343750e+02
8.443796801613029146e+00 3.289329223632812500e+02
8.447229937129032251e+00 3.408039855957031250e+02
8.450663072645037133e+00 3.632861022949218750e+02
8.454096208161042014e+00 3.873878784179687500e+02
8.457529343677046896e+00 4.072461853027343750e+02
8.460962479193051777e+00 4.192427062988281250e+02
8.464395614709056659e+00 4.277867431640625000e+02
8.467828750225061540e+00 4.293288269042968750e+02
8.471261885741064646e+00 4.249073181152343750e+02
8.474695021257069527e+00 4.169813232421875000e+02
8.478128156773074409e+00 4.036777954101562500e+02
8.481561292289077514e+00 3.898541870117187500e+02
8.484994427805082395e+00 3.718895263671875000e+02
8.488427563321087277e+00 3.602509155273437500e+02
8.491860698837092158e+00 3.492523193359375000e+02
8.495293834353097040e+00 3.392597351074218750e+02
8.498726969869100145e+00 3.271816406250000000e+02
8.502160105385105027e+00 3.141000061035156250e+02
8.505593240901109908e+00 3.036364135742187500e+02
8.509026376417114790e+00 2.955131530761718750e+02
8.512459511933119671e+00 2.899324645996093750e+02
8.515892647449122776e+00 2.904418029785156250e+02
8.519325782965127658e+00 2.915540466308593750e+02
8.522758918481130763e+00 2.934796142578125000e+02
8.526192053997135645e+00 2.942411499023437500e+02
8.529625189513140526e+00 2.953983154296875000e+02
8.533058325029145408e+00 2.954293518066406250e+02
8.536491460545150289e+00 2.953542480468750000e+02
8.539924596061155171e+00 2.972810974121093750e+02
8.543357731577160052e+00 2.994884033203125000e+02
8.546790867093164934e+00 2.939262695312500000e+02
8.550224002609168039e+00 2.895422363281250000e+02
8.553657138125171144e+00 2.861478271484375000e+02
8.557090273641176026e+00 2.852122497558593750e+02
8.560523409157180907e+00 2.822790832519531250e+02
8.563956544673185789e+00 2.844258117675781250e+02
8.567389680189190670e+00 2.903612060546875000e+02
8.570822815705195552e+00 2.945440979003906250e+02
8.574255951221200434e+00 2.957818603515625000e+02
8.577689086737203539e+00 2.952677307128906250e+02
8.581122222253208420e+00 2.933021545410156250e+02
8.584555357769213302e+00 2.862730407714843750e+02
8.587988493285216407e+00 2.848115844726562500e+02
8.591421628801221289e+00 2.844543457031250000e+02
8.594854764317226170e+00 2.873844299316406250e+02
8.598287899833231052e+00 2.848732299804687500e+02
8.601721035349235933e+00 2.858322753906250000e+02
8.605154170865239038e+00 2.843908386230468750e+02
8.608587306381243920e+00 2.889114074707031250e+02
8.612020441897248801e+00 2.893534545898437500e+02
8.615453577413253683e+00 2.918422546386718750e+02
8.618886712929258564e+00 2.931637268066406250e+02
8.622319848445261670e+00 2.920869140625000000e+02
8.625752983961266551e+00 2.878814392089843750e+02
8.629186119477271433e+00 2.825991821289062500e+02
8.632619254993274538e+00 2.846555786132812500e+02
8.636052390509279419e+00 2.831268005371093750e+02
8.639485526025284301e+00 2.791447143554687500e+02
8.642918661541289183e+00 2.774508056640625000e+02
8.646351797057294064e+00 2.823526306152343750e+02
8.649784932573298946e+00 2.835531311035156250e+02
8.653218068089303827e+00 2.814084167480468750e+02
8.656651203605306932e+00 2.791531982421875000e+02
8.660084339121310038e+00 2.853097839355468750e+02
8.663517474637314919e+00 2.870592956542968750e+02
8.666950610153319801e+00 2.869846801757812500e+02
8.670383745669324682e+00 2.866932983398437500e+02
8.673816881185329564e+00 2.916188659667968750e+02
8.677250016701334445e+00 2.904448547363281250e+02
8.680683152217339327e+00 2.836099548339843750e+02
8.684116287733342432e+00 2.797594604492187500e+02
8.687549423249347313e+00 2.805577087402343750e+02
8.690982558765352195e+00 2.833643798828125000e+02
8.694415694281357077e+00 2.815252685546875000e+02
8.697848829797360182e+00 2.826386108398437500e+02
8.701281965313365063e+00 2.831835021972656250e+02
8.704715100829369945e+00 2.863076477050781250e+02
8.708148236345374826e+00 2.840603637695312500e+02
8.711581371861377932e+00 2.846921386718750000e+02
8.715014507377382813e+00 2.830537719726562500e+02
8.718447642893387695e+00 2.867293701171875000e+02
8.721880778409392576e+00 2.865578613281250000e+02
8.725313913925397458e+00 2.819997863769531250e+02
8.728747049441402339e+00 2.803924865722656250e+02
8.732180184957405444e+00 2.815655517578125000e+02
8.735613320473410326e+00 2.872229309082031250e+02
8.739046455989413431e+00 2.845241394042968750e+02
8.742479591505418313e+00 2.852001953125000000e+02
8.745912727021423194e+00 2.844850158691406250e+02
8.749345862537428076e+00 2.893857421875000000e+02
8.752778998053432957e+00 2.864491577148437500e+02
8.756212133569437839e+00 2.830343627929687500e+02
8.759645269085442720e+00 2.791156311035156250e+02
8.763078404601447602e+00 2.813022460937500000e+02
8.766511540117450707e+00 2.848557739257812500e+02
8.769944675633453812e+00 2.883769531250000000e+02
8.773377811149458694e+00 2.855242004394531250e+02
8.776810946665463575e+00 2.827537841796875000e+02
8.780244082181468457e+00 2.801438903808593750e+02
8.783677217697473338e+00 2.830359191894531250e+02
8.787110353213478220e+00 2.834687805175781250e+02
8.790543488729481325e+00 2.839883117675781250e+02
8.793976624245486207e+00 2.843079223632812500e+02
8.797409759761491088e+00 2.837706604003906250e+02
8.800842895277495970e+00 2.808571166992187500e+02
8.804276030793499075e+00 2.795083312988281250e+02
8.807709166309503956e+00 2.805416564941406250e+02
8.811142301825508838e+00 2.807343750000000000e+02
8.814575437341513720e+00 2.819859313964843750e+02
8.818008572857516825e+00 2.809339294433593750e+02
8.821441708373521706e+00 2.816405944824218750e+02
8.824874843889526588e+00 2.792791137695312500e+02
8.828307979405531469e+00 2.785038757324218750e+02
8.831741114921536351e+00 2.748296813964843750e+02
8.835174250437541232e+00 2.730618286132812500e+02
8.838607385953544338e+00 2.706063537597656250e+02
8.842040521469549219e+00 2.753605346679687500e+02
8.845473656985552324e+00 2.734150695800781250e+02
8.848906792501557206e+00 2.765581970214843750e+02
8.852339928017562087e+00 2.775842285156250000e+02
8.855773063533566969e+00 2.863646545410156250e+02
8.859206199049571850e+00 2.856031188964843750e+02
8.862639334565576732e+00 2.810881958007812500e+02
8.866072470081581613e+00 2.764818725585937500e+02
8.869505605597586495e+00 2.765717468261718750e+02
8.872938741113589600e+00 2.763150024414062500e+02
8.876371876629592705e+00 2.732892150878906250e+02
8.879805012145597587e+00 2.741034240722656250e+02
8.883238147661602468e+00 2.766302795410156250e+02
8.886671283177607350e+00 2.799943847656250000e+02
8.890104418693612232e+00 2.807788696289062500e+02
8.893537554209617113e+00 2.789790649414062500e+02
8.896970689725621995e+00 2.786390380859375000e+02
8.900403825241625100e+00 2.765425415039062500e+02
8.903836960757629981e+00 2.807651367187500000e+02
8.907270096273634863e+00 2.818381042480468750e+02
8.910703231789637968e+00 2.880428771972656250e+02
8.914136367305642850e+00 2.803445434570312500e+02
8.917569502821647731e+00 2.807802429199218750e+02
8.921002638337652613e+00 2.773638916015625000e+02
8.924435773853657494e+00 2.789000244140625000e+02
8.927868909369660599e+00 2.801049194335937500e+02
8.931302044885665481e+00 2.789990844726562500e+02
8.934735180401670362e+00 2.863464050292968750e+02
8.938168315917675244e+00 2.861180419921875000e+02
8.941601451433680126e+00 2.873096618652343750e+02
8.945034586949683231e+00 2.882543029785156250e+02
8.948467722465688112e+00 2.924315490722656250e+02
8.951900857981691217e+00 2.974833068847656250e+02
8.955333993497696099e+00 3.020609741210937500e+02
8.958767129013700981e+00 3.108830566406250000e+02
8.962200264529705862e+00 3.227008666992187500e+02
8.965633400045710744e+00 3.319548645019531250e+02
8.969066535561715625e+00 3.412345886230468750e+02
8.972499671077720507e+00 3.574075317382812500e+02
8.975932806593725388e+00 3.719112854003906250e+02
8.979365942109728493e+00 3.755852355957031250e+02
8.982799077625731599e+00 3.694902038574218750e+02
8.986232213141736480e+00 3.665938720703125000e+02
8.989665348657741362e+00 3.640634765625000000e+02
8.993098484173746243e+00 3.581176757812500000e+02
8.996531619689751125e+00 3.563748168945312500e+02
8.999964755205756006e+00 3.571147460937500000e+02
9.003397890721760888e+00 3.512965087890625000e+02
9.006831026237763993e+00 3.368546142578125000e+02
9.010264161753768875e+00 3.223141479492187500e+02
9.013697297269773756e+00 3.107145996093750000e+02
9.017130432785778638e+00 2.963679199218750000e+02
9.020563568301781743e+00 2.880024414062500000e+02
9.023996703817786624e+00 2.807021789550781250e+02
9.027429839333791506e+00 2.818873901367187500e+02
9.030862974849796387e+00 2.764449157714843750e+02
9.034296110365799493e+00 2.738829040527343750e+02
9.037729245881804374e+00 2.700823059082031250e+02
9.041162381397809256e+00 2.725209045410156250e+02
9.044595516913814137e+00 2.692082824707031250e+02
9.048028652429819019e+00 2.647850646972656250e+02
9.051461787945823900e+00 2.618066406250000000e+02
9.054894923461827005e+00 2.656154479980468750e+02
9.058328058977831887e+00 2.670671691894531250e+02
9.061761194493834992e+00 2.690563659667968750e+02
9.065194330009839874e+00 2.697948303222656250e+02
9.068627465525844755e+00 2.717251586914062500e+02
9.072060601041849637e+00 2.699266662597656250e+02
9.075493736557854518e+00 2.771433105468750000e+02
9.078926872073859400e+00 2.795669860839843750e+02
9.082360007589864281e+00 2.764181213378906250e+02
9.085793143105867387e+00 2.690813598632812500e+02
9.089226278621872268e+00 2.688982543945312500e+02
9.092659414137875373e+00 2.762231445312500000e+02
9.096092549653880255e+00 2.776302185058593750e+02
9.099525685169885136e+00 2.755043640136718750e+02
9.102958820685890018e+00 2.743852539062500000e+02
9.106391956201894899e+00 2.804419555664062500e+02
9.109825091717899781e+00 2.731573791503906250e+02
9.113258227233902886e+00 2.681307373046875000e+02
9.116691362749907768e+00 2.598149108886718750e+02
9.120124498265912649e+00 2.644917602539062500e+02
9.123557633781917531e+00 2.677757873535156250e+02
9.126990769297920636e+00 2.681915893554687500e+02
9.130423904813925517e+00 2.621103210449218750e+02
9.133857040329930399e+00 2.566646118164062500e+02
9.137290175845935281e+00 2.559739837646484375e+02
9.140723311361938386e+00 2.594916076660156250e+02
9.144156446877943267e+00 2.645041503906250000e+02
9.147589582393948149e+00 2.726844787597656250e+02
9.151022717909953030e+00 2.779568481445312500e+02
9.154455853425957912e+00 2.741305847167968750e+02
9.157888988941962793e+00 2.733914794921875000e+02
9.161322124457965899e+00 2.692335510253906250e+02
9.164755259973970780e+00 2.668544311523437500e+02
9.168188395489973885e+00 2.649595642089843750e+02
9.171621531005978767e+00 2.636139526367187500e+02
9.175054666521983648e+00 2.586473999023437500e+02
9.178487802037988530e+00 2.552003784179687500e+02
9.181920937553993411e+00 2.613553771972656250e+02
9.185354073069998293e+00 2.722839965820312500e+02
9.188787208586003175e+00 2.724076232910156250e+02
9.192220344102008056e+00 2.665407104492187500e+02
9.195653479618011161e+00 2.619424133300781250e+02
9.199086615134014266e+00 2.685479125976562500e+02
9.202519750650019148e+00 2.658717041015625000e+02
9.205952886166024030e+00 2.640960998535156250e+02
9.209386021682028911e+00 2.578240356445312500e+02
9.212819157198033793e+00 2.636546325683593750e+02
9.216252292714038674e+00 2.674054565429687500e+02
9.219685428230043556e+00 2.686994323730468750e+02
9.223118563746046661e+00 2.626504821777343750e+02
9.226551699262051542e+00 2.580531005859375000e+02
9.229984834778056424e+00 2.514359588623046875e+02
9.233417970294059529e+00 2.511655273437500000e+02
9.236851105810064411e+00 2.454631347656250000e+02
9.240284241326069292e+00 2.463485717773437500e+02
9.243717376842074174e+00 2.499848480224609375e+02
9.247150512358077279e+00 2.560975952148437500e+02
9.250583647874082160e+00 2.624327087402343750e+02
9.254016783390087042e+00 2.596172485351562500e+02
9.257449918906091924e+00 2.617130737304687500e+02
9.260883054422096805e+00 2.546663360595703125e+02
9.264316189938101687e+00 2.465885009765625000e+02
9.267749325454104792e+00 2.415484771728515625e+02
9.271182460970109673e+00 2.433305969238281250e+02
9.274615596486112779e+00 2.537344818115234375e+02
9.278048732002117660e+00 2.530651092529296875e+02
9.281481867518122542e+00 2.543919372558593750e+02
9.284915003034127423e+00 2.416435852050781250e+02
9.288348138550132305e+00 2.397134552001953125e+02
9.291781274066137186e+00 2.356686859130859375e+02
9.295214409582142068e+00 2.404169158935546875e+02
9.298647545098146949e+00 2.427790985107421875e+02
9.302080680614150054e+00 2.423256530761718750e+02
9.305513816130153160e+00 2.386482391357421875e+02
9.308946951646158041e+00 2.393045501708984375e+02
9.312380087162162923e+00 2.397817230224609375e+02
9.315813222678167804e+00 2.428806762695312500e+02
9.319246358194172686e+00 2.447023315429687500e+02
9.322679493710177567e+00 2.569653625488281250e+02
9.326112629226182449e+00 2.582167358398437500e+02
9.329545764742185554e+00 2.574093322753906250e+02
9.332978900258190436e+00 2.505144195556640625e+02
9.336412035774195317e+00 2.455862426757812500e+02
9.339845171290200199e+00 2.403346710205078125e+02
9.343278306806203304e+00 2.426780242919921875e+02
9.346711442322208185e+00 2.433806610107421875e+02
9.350144577838213067e+00 2.386343841552734375e+02
9.353577713354217948e+00 2.391547088623046875e+02
9.357010848870221054e+00 2.425021362304687500e+02
9.360443984386225935e+00 2.354205322265625000e+02
9.363877119902230817e+00 2.229287719726562500e+02
9.367310255418235698e+00 2.234068298339843750e+02
9.370743390934240580e+00 2.345839996337890625e+02
9.374176526450245461e+00 2.430588684082031250e+02
9.377609661966248567e+00 2.331311187744140625e+02
9.381042797482251672e+00 2.254747161865234375e+02
9.384475932998256553e+00 2.277009429931640625e+02
9.387909068514261435e+00 2.251382141113281250e+02
9.391342204030266316e+00 2.191333923339843750e+02
9.394775339546271198e+00 2.141988220214843750e+02
9.398208475062276079e+00 2.166739501953125000e+02
9.401641610578280961e+00 2.115328979492187500e+02
9.405074746094285842e+00 2.159196166992187500e+02
9.408507881610288948e+00 2.289341583251953125e+02
9.411941017126293829e+00 2.386247253417968750e+02
9.415374152642296934e+00 2.300992279052734375e+02
9.418807288158301816e+00 2.132169494628906250e+02
9.422240423674306697e+00 1.900845489501953125e+02
9.425673559190311579e+00 1.945882873535156250e+02
9.429106694706316460e+00 2.033796997070312500e+02
9.432539830222321342e+00 2.174923553466796875e+02
9.435972965738324447e+00 1.989921264648437500e+02
9.439406101254329329e+00 1.898837890625000000e+02
9.442839236770334210e+00 1.731735076904296875e+02
9.446272372286339092e+00 1.734196472167968750e+02
9.449705507802342197e+00 1.683531341552734375e+02
9.453138643318347079e+00 1.635606689453125000e+02
9.456571778834351960e+00 1.689620971679687500e+02
9.460004914350356842e+00 1.510602874755859375e+02
9.463438049866359947e+00 1.568682708740234375e+02
9.466871185382364828e+00 1.582592163085937500e+02
9.470304320898369710e+00 1.534199523925781250e+02
9.473737456414374591e+00 1.294417419433593750e+02
9.477170591930379473e+00 1.212850723266601562e+02
9.480603727446384354e+00 1.447523498535156250e+02
9.484036862962387460e+00 1.195896987915039062e+02
9.487469998478392341e+00 9.755970001220703125e+01
9.490903133994395446e+00 8.655753326416015625e+01
9.494336269510400328e+00 1.334619293212890625e+02
9.497769405026405209e+00 1.581743011474609375e+02
9.501202540542410091e+00 1.769579315185546875e+02
9.504635676058414973e+00 0.000000000000000000e+00
9.508068811574419854e+00 0.000000000000000000e+00
9.511501947090424736e+00 0.000000000000000000e+00
9.514935082606429617e+00 0.000000000000000000e+00
9.518368218122432722e+00 0.000000000000000000e+00
9.521801353638435828e+00 0.000000000000000000e+00
9.525234489154440709e+00 0.000000000000000000e+00
9.528667624670445591e+00 0.000000000000000000e+00
9.532100760186450472e+00 0.000000000000000000e+00
9.535533895702455354e+00 0.000000000000000000e+00
9.538967031218460235e+00 0.000000000000000000e+00
9.542400166734463340e+00 0.000000000000000000e+00
9.545833302250468222e+00 0.000000000000000000e+00
9.549266437766473103e+00 0.000000000000000000e+00
9.552699573282477985e+00 0.000000000000000000e+00
9.556132708798481090e+00 0.000000000000000000e+00
9.559565844314485972e+00 0.000000000000000000e+00
9.562998979830490853e+00 0.000000000000000000e+00
9.566432115346495735e+00 0.000000000000000000e+00
9.569865250862498840e+00 0.000000000000000000e+00
9.573298386378503722e+00 0.000000000000000000e+00
9.576731521894508603e+00 0.000000000000000000e+00
9.580164657410513485e+00 0.000000000000000000e+00
9.583597792926518366e+00 0.000000000000000000e+00
9.587030928442523248e+00 0.000000000000000000e+00
9.590464063958526353e+00 0.000000000000000000e+00
9.593897199474531234e+00 0.000000000000000000e+00
9.597330334990534340e+00 0.000000000000000000e+00
9.600763470506539221e+00 0.000000000000000000e+00
9.604196606022544103e+00 0.000000000000000000e+00
9.607629741538548984e+00 0.000000000000000000e+00
9.611062877054553866e+00 0.000000000000000000e+00
9.614496012570558747e+00 0.000000000000000000e+00
9.617929148086563629e+00 0.000000000000000000e+00
9.621362283602568510e+00 0.000000000000000000e+00
9.624795419118571616e+00 0.000000000000000000e+00
9.628228554634574721e+00 0.000000000000000000e+00
9.631661690150579602e+00 0.000000000000000000e+00
9.635094825666584484e+00 0.000000000000000000e+00
9.638527961182589365e+00 0.000000000000000000e+00
9.641961096698594247e+00 0.000000000000000000e+00
9.645394232214599128e+00 0.000000000000000000e+00
9.648827367730604010e+00 0.000000000000000000e+00
9.652260503246607115e+00 0.000000000000000000e+00
9.655693638762611997e+00 0.000000000000000000e+00
9.659126774278616878e+00 0.000000000000000000e+00
9.662559909794619983e+00 0.000000000000000000e+00
9.665993045310624865e+00 0.000000000000000000e+00
9.669426180826629746e+00 0.000000000000000000e+00
9.672859316342634628e+00 0.000000000000000000e+00
9.676292451858637733e+00 0.000000000000000000e+00
9.679725587374642615e+00 0.000000000000000000e+00
9.683158722890647496e+00 0.000000000000000000e+00
9.686591858406652378e+00 0.000000000000000000e+00
9.690024993922657259e+00 0.000000000000000000e+00
9.693458129438662141e+00 0.000000000000000000e+00
9.696891264954667022e+00 0.000000000000000000e+00
9.700324400470670128e+00 0.000000000000000000e+00
9.703757535986673233e+00 0.000000000000000000e+00
9.707190671502678114e+00 0.000000000000000000e+00
9.710623807018682996e+00 0.000000000000000000e+00
9.714056942534687877e+00 0.000000000000000000e+00
9.717490078050692759e+00 0.000000000000000000e+00
9.720923213566697640e+00 0.000000000000000000e+00
9.724356349082702522e+00 0.000000000000000000e+00
9.727789484598707404e+00 0.000000000000000000e+00
9.731222620114710509e+00 0.000000000000000000e+00
9.734655755630715390e+00 0.000000000000000000e+00
9.738088891146718495e+00 0.000000000000000000e+00
9.741522026662723377e+00 0.000000000000000000e+00
9.744955162178728258e+00 0.000000000000000000e+00
9.748388297694733140e+00 0.000000000000000000e+00
9.751821433210738022e+00 0.000000000000000000e+00
9.755254568726742903e+00 0.000000000000000000e+00
9.758687704242746008e+00 0.000000000000000000e+00
9.762120839758750890e+00 0.000000000000000000e+00
9.765553975274755771e+00 0.000000000000000000e+00
9.768987110790760653e+00 0.000000000000000000e+00
9.772420246306763758e+00 0.000000000000000000e+00
9.775853381822768640e+00 0.000000000000000000e+00
9.779286517338773521e+00 0.000000000000000000e+00
9.782719652854778403e+00 0.000000000000000000e+00
9.786152788370781508e+00 0.000000000000000000e+00
9.789585923886786389e+00 0.000000000000000000e+00
9.793019059402791271e+00 0.000000000000000000e+00
9.796452194918796152e+00 0.000000000000000000e+00
9.799885330434801034e+00 0.000000000000000000e+00
9.803318465950805916e+00 0.000000000000000000e+00
9.806751601466809021e+00 0.000000000000000000e+00
9.810184736982813902e+00 0.000000000000000000e+00
9.813617872498817007e+00 0.000000000000000000e+00
9.817051008014821889e+00 0.000000000000000000e+00
9.820484143530826771e+00 0.000000000000000000e+00
9.823917279046831652e+00 0.000000000000000000e+00
9.827350414562836534e+00 0.000000000000000000e+00
9.830783550078841415e+00 0.000000000000000000e+00
9.834216685594846297e+00 0.000000000000000000e+00
9.837649821110849402e+00 0.000000000000000000e+00
9.841082956626854283e+00 0.000000000000000000e+00
9.844516092142857389e+00 0.000000000000000000e+00
9.847949227658862270e+00 0.000000000000000000e+00
9.851382363174867152e+00 0.000000000000000000e+00
9.854815498690872033e+00 0.000000000000000000e+00
9.858248634206876915e+00 0.000000000000000000e+00
9.861681769722881796e+00 0.000000000000000000e+00
9.865114905238884901e+00 0.000000000000000000e+00
9.868548040754889783e+00 0.000000000000000000e+00
9.871981176270894665e+00 0.000000000000000000e+00
9.875414311786899546e+00 0.000000000000000000e+00
9.878847447302902651e+00 0.000000000000000000e+00
9.882280582818907533e+00 0.000000000000000000e+00
9.885713718334912414e+00 0.000000000000000000e+00
9.889146853850917296e+00 0.000000000000000000e+00
9.892579989366920401e+00 0.000000000000000000e+00
9.896013124882925283e+00 0.000000000000000000e+00
9.899446260398930164e+00 0.000000000000000000e+00
9.902879395914935046e+00 0.000000000000000000e+00
9.906312531430939927e+00 0.000000000000000000e+00
9.909745666946944809e+00 0.000000000000000000e+00
9.913178802462947914e+00 0.000000000000000000e+00
9.916611937978952795e+00 0.000000000000000000e+00
9.920045073494955901e+00 0.000000000000000000e+00
9.923478209010960782e+00 0.000000000000000000e+00
9.926911344526965664e+00 0.000000000000000000e+00
9.930344480042970545e+00 0.000000000000000000e+00
9.933777615558975427e+00 0.000000000000000000e+00
9.937210751074980308e+00 0.000000000000000000e+00
9.940643886590985190e+00 0.000000000000000000e+00
9.944077022106990071e+00 0.000000000000000000e+00
9.947510157622993177e+00 0.000000000000000000e+00
9.950943293138996282e+00 0.000000000000000000e+00
9.954376428655001163e+00 0.000000000000000000e+00
9.957809564171006045e+00 0.000000000000000000e+00
9.961242699687010926e+00 0.000000000000000000e+00
9.964675835203015808e+00 0.000000000000000000e+00
9.968108970719020689e+00 0.000000000000000000e+00
9.971542106235023795e+00 0.000000000000000000e+00
9.974975241751028676e+00 0.000000000000000000e+00
9.978408377267033558e+00 0.000000000000000000e+00
9.981841512783038439e+00 0.000000000000000000e+00
9.985274648299041544e+00 0.000000000000000000e+00
9.988707783815046426e+00 0.000000000000000000e+00
9.992140919331051307e+00 0.000000000000000000e+00
9.995574054847056189e+00 0.000000000000000000e+00
9.999007190363059294e+00 0.000000000000000000e+00
1.000244032587906418e+01 0.000000000000000000e+00
1.000587346139506906e+01 0.000000000000000000e+00
1.000930659691107394e+01 0.000000000000000000e+00
1.001273973242707882e+01 0.000000000000000000e+00
1.001617286794308370e+01 0.000000000000000000e+00
1.001960600345908858e+01 0.000000000000000000e+00
1.002303913897509169e+01 0.000000000000000000e+00
1.002647227449109479e+01 0.000000000000000000e+00
1.002990541000709968e+01 0.000000000000000000e+00
1.003333854552310456e+01 0.000000000000000000e+00
1.003677168103910944e+01 0.000000000000000000e+00
1.004020481655511432e+01 0.000000000000000000e+00
1.004363795207111920e+01 0.000000000000000000e+00
1.004707108758712408e+01 0.000000000000000000e+00
1.005050422310312896e+01 0.000000000000000000e+00
1.005393735861913207e+01 0.000000000000000000e+00
1.005737049413513695e+01 0.000000000000000000e+00
1.006080362965114006e+01 0.000000000000000000e+00
1.006423676516714494e+01 0.000000000000000000e+00
1.006766990068314982e+01 0.000000000000000000e+00
1.007110303619915470e+01 0.000000000000000000e+00
1.007453617171515958e+01 0.000000000000000000e+00
1.007796930723116446e+01 0.000000000000000000e+00
1.008140244274716757e+01 0.000000000000000000e+00
1.008483557826317245e+01 0.000000000000000000e+00
1.008826871377917733e+01 0.000000000000000000e+00
1.009170184929518221e+01 0.000000000000000000e+00
1.009513498481118532e+01 0.000000000000000000e+00
1.009856812032719020e+01 0.000000000000000000e+00
1.010200125584319508e+01 0.000000000000000000e+00
1.010543439135919996e+01 0.000000000000000000e+00
1.010886752687520307e+01 0.000000000000000000e+00
1.011230066239120795e+01 0.000000000000000000e+00
1.011573379790721283e+01 0.000000000000000000e+00
1.011916693342321771e+01 0.000000000000000000e+00
1.012260006893922260e+01 0.000000000000000000e+00
1.012603320445522748e+01 0.000000000000000000e+00
1.012946633997123058e+01 0.000000000000000000e+00
1.013289947548723369e+01 0.000000000000000000e+00
1.013633261100323857e+01 0.000000000000000000e+00
1.013976574651924345e+01 0.000000000000000000e+00
1.014319888203524833e+01 0.000000000000000000e+00
1.014663201755125321e+01 0.000000000000000000e+00
1.015006515306725809e+01 0.000000000000000000e+00
1.015349828858326298e+01 0.000000000000000000e+00
1.015693142409926786e+01 0.000000000000000000e+00
1.016036455961527096e+01 0.000000000000000000e+00
1.016379769513127584e+01 0.000000000000000000e+00
1.016723083064727895e+01 0.000000000000000000e+00
1.017066396616328383e+01 0.000000000000000000e+00
1.017409710167928871e+01 0.000000000000000000e+00
1.017753023719529359e+01 0.000000000000000000e+00
1.018096337271129848e+01 0.000000000000000000e+00
1.018439650822730336e+01 0.000000000000000000e+00
1.018782964374330646e+01 0.000000000000000000e+00
1.019126277925931134e+01 0.000000000000000000e+00
1.019469591477531623e+01 0.000000000000000000e+00
1.019812905029132111e+01 0.000000000000000000e+00
1.020156218580732421e+01 0.000000000000000000e+00
1.020499532132332909e+01 0.000000000000000000e+00
1.020842845683933398e+01 0.000000000000000000e+00
1.021186159235533886e+01 0.000000000000000000e+00
1.021529472787134196e+01 0.000000000000000000e+00
1.021872786338734684e+01 0.000000000000000000e+00
1.022216099890335173e+01 0.000000000000000000e+00
1.022559413441935661e+01 0.000000000000000000e+00
1.022902726993536149e+01 0.000000000000000000e+00
1.023246040545136637e+01 0.000000000000000000e+00
1.023589354096736947e+01 0.000000000000000000e+00
1.023932667648337436e+01 0.000000000000000000e+00
1.024275981199937746e+01 0.000000000000000000e+00
1.024619294751538234e+01 0.000000000000000000e+00
1.024962608303138722e+01 0.000000000000000000e+00
1.025305921854739211e+01 0.000000000000000000e+00
1.025649235406339699e+01 0.000000000000000000e+00
1.025992548957940187e+01 0.000000000000000000e+00
1.026335862509540675e+01 0.000000000000000000e+00
1.026679176061140986e+01 0.000000000000000000e+00
1.027022489612741474e+01 0.000000000000000000e+00
1.027365803164341784e+01 0.000000000000000000e+00
1.027709116715942272e+01 0.000000000000000000e+00
1.028052430267542761e+01 0.000000000000000000e+00
1.028395743819143249e+01 0.000000000000000000e+00
1.028739057370743737e+01 0.000000000000000000e+00
1.029082370922344225e+01 0.000000000000000000e+00
1.029425684473944536e+01 0.000000000000000000e+00
1.029768998025545024e+01 0.000000000000000000e+00
