# # sector 30: chi = 125.00 deg (range [120, 130))
# # columns: 2theta(deg)  intensity
1.716567758002242143e-03 1.510977478027343750e+02
5.149703274006726429e-03 1.738322448730468750e+02
8.582838790011209848e-03 1.189146423339843750e+02
1.201597430601569587e-02 8.636847686767578125e+01
1.544910982202017842e-02 7.617278289794921875e+01
1.888224533802465924e-02 8.740616607666015625e+01
2.231538085402914526e-02 5.370016479492187500e+01
2.574851637003363128e-02 1.813175964355468750e+01
2.918165188603811730e-02 -7.837949275970458984e+00
3.261478740204259985e-02 1.807907676696777344e+01
3.604792291804708587e-02 3.546383666992187500e+01
3.948105843405157189e-02 5.173453521728515625e+01
4.291419395005605791e-02 4.431416320800781250e+01
4.634732946606053700e-02 3.940472412109375000e+01
4.978046498206502302e-02 6.255240249633789062e+01
5.321360049806950904e-02 5.862076568603515625e+01
5.664673601407399506e-02 4.584912872314453125e+01
6.007987153007848108e-02 1.124115562438964844e+01
6.351300704608295322e-02 4.641169738769531250e+01
6.694614256208744618e-02 6.399148559570312500e+01
7.037927807809192526e-02 7.715481567382812500e+01
7.381241359409640435e-02 3.487340164184570312e+01
7.724554911010089731e-02 3.271333694458007812e+01
8.067868462610537639e-02 3.411672973632812500e+01
8.411182014210986935e-02 5.262163543701171875e+01
8.754495565811434843e-02 5.842638397216796875e+01
9.097809117411882751e-02 6.190511703491210938e+01
9.441122669012332047e-02 7.455754089355468750e+01
9.784436220612781343e-02 6.901448822021484375e+01
1.012774977221322786e-01 9.552437591552734375e+01
1.047106332381367716e-01 9.525007629394531250e+01
1.081437687541412507e-01 8.591459655761718750e+01
1.115769042701457436e-01 6.114277267456054688e+01
1.150100397861502227e-01 8.979600524902343750e+01
1.184431753021547157e-01 1.259141769409179688e+02
1.218763108181591809e-01 1.594503936767578125e+02
1.253094463341636600e-01 1.743903503417968750e+02
1.287425818501681529e-01 1.715976104736328125e+02
1.321757173661726459e-01 1.999463195800781250e+02
1.356088528821771388e-01 2.336370391845703125e+02
1.390419883981816040e-01 2.765844116210937500e+02
1.424751239141860970e-01 2.732405090332031250e+02
1.459082594301905900e-01 2.760615234375000000e+02
1.493413949461950552e-01 2.802270202636718750e+02
1.527745304621995481e-01 2.886613769531250000e+02
1.562076659782040411e-01 3.089078369140625000e+02
1.596408014942085063e-01 3.158806152343750000e+02
1.630739370102129993e-01 3.373050842285156250e+02
1.665070725262174922e-01 3.408893127441406250e+02
1.699402080422219852e-01 3.641382751464843750e+02
1.733733435582264504e-01 3.892099304199218750e+02
1.768064790742309156e-01 3.978235778808593750e+02
1.802396145902354085e-01 4.060668334960937500e+02
1.836727501062399015e-01 4.062173767089843750e+02
1.871058856222443945e-01 4.195715942382812500e+02
1.905390211382488874e-01 4.239069213867187500e+02
1.939721566542533804e-01 4.286906738281250000e+02
1.974052921702578456e-01 4.152462463378906250e+02
2.008384276862623385e-01 4.155559997558593750e+02
2.042715632022668037e-01 4.288059387207031250e+02
2.077046987182712967e-01 4.627906799316406250e+02
2.111378342342757897e-01 4.791980590820312500e+02
2.145709697502802549e-01 5.011034851074218750e+02
2.180041052662847478e-01 5.076770935058593750e+02
2.214372407822892408e-01 5.223980712890625000e+02
2.248703762982937338e-01 5.211007080078125000e+02
2.283035118142981990e-01 5.447402954101562500e+02
2.317366473303026919e-01 5.549716796875000000e+02
2.351697828463071849e-01 5.518799438476562500e+02
2.386029183623116778e-01 5.529535522460937500e+02
2.420360538783161153e-01 5.510292968750000000e+02
2.454691893943206082e-01 5.669564819335937500e+02
2.489023249103251012e-01 5.751669311523437500e+02
2.523354604263295942e-01 6.025738525390625000e+02
2.557685959423340871e-01 6.007878417968750000e+02
2.592017314583385801e-01 6.060557861328125000e+02
2.626348669743430730e-01 6.120218505859375000e+02
2.660680024903475660e-01 6.202982177734375000e+02
2.695011380063520035e-01 6.349532470703125000e+02
2.729342735223564964e-01 6.311599731445312500e+02
2.763674090383609339e-01 6.418838500976562500e+02
2.798005445543654268e-01 6.446314697265625000e+02
2.832336800703699198e-01 6.509597778320312500e+02
2.866668155863744127e-01 6.521798095703125000e+02
2.900999511023789057e-01 6.542855834960937500e+02
2.935330866183833987e-01 6.420457153320312500e+02
2.969662221343878916e-01 6.398269042968750000e+02
3.003993576503923846e-01 6.297069091796875000e+02
3.038324931663968775e-01 6.263507690429687500e+02
3.072656286824013705e-01 6.409259033203125000e+02
3.106987641984058635e-01 6.817012329101562500e+02
3.141318997144103009e-01 7.060096435546875000e+02
3.175650352304147939e-01 7.131368408203125000e+02
3.209981707464192868e-01 6.843349609375000000e+02
3.244313062624237243e-01 7.023889160156250000e+02
3.278644417784282172e-01 7.247407226562500000e+02
3.312975772944327102e-01 7.587096557617187500e+02
3.347307128104372032e-01 7.798339843750000000e+02
3.381638483264416961e-01 7.961644287109375000e+02
3.415969838424461891e-01 8.206578979492187500e+02
3.450301193584506820e-01 8.251859741210937500e+02
3.484632548744551750e-01 8.190809936523437500e+02
3.518963903904596124e-01 8.115788574218750000e+02
3.553295259064641054e-01 8.347640380859375000e+02
3.587626614224685984e-01 8.743837280273437500e+02
3.621957969384730913e-01 9.058807373046875000e+02
3.656289324544775843e-01 9.345436401367187500e+02
3.690620679704820772e-01 9.468485107421875000e+02
3.724952034864865702e-01 9.537548217773437500e+02
3.759283390024910076e-01 9.655557861328125000e+02
3.793614745184955006e-01 9.779116821289062500e+02
3.827946100344999936e-01 9.971779174804687500e+02
3.862277455505044865e-01 9.995164184570312500e+02
3.896608810665089240e-01 1.018931152343750000e+03
3.930940165825134169e-01 1.033469482421875000e+03
3.965271520985179099e-01 1.048299560546875000e+03
3.999602876145224029e-01 1.056212158203125000e+03
4.033934231305268958e-01 1.073421875000000000e+03
4.068265586465313888e-01 1.114913696289062500e+03
4.102596941625358817e-01 1.154174194335937500e+03
4.136928296785403747e-01 1.172642944335937500e+03
4.171259651945448677e-01 1.190510620117187500e+03
4.205591007105493606e-01 1.209608276367187500e+03
4.239922362265537981e-01 1.233511840820312500e+03
4.274253717425582910e-01 1.246467895507812500e+03
4.308585072585627285e-01 1.258968627929687500e+03
4.342916427745672214e-01 1.270834228515625000e+03
4.377247782905717144e-01 1.270366333007812500e+03
4.411579138065762073e-01 1.274749145507812500e+03
4.445910493225807003e-01 1.270144897460937500e+03
4.480241848385851933e-01 1.294166137695312500e+03
4.514573203545896862e-01 1.300925170898437500e+03
4.548904558705941792e-01 1.315103515625000000e+03
4.583235913865986721e-01 1.310354980468750000e+03
4.617567269026031651e-01 1.308585205078125000e+03
4.651898624186076581e-01 1.307254394531250000e+03
4.686229979346121510e-01 1.319575439453125000e+03
4.720561334506166440e-01 1.329297363281250000e+03
4.754892689666211369e-01 1.326659667968750000e+03
4.789224044826255189e-01 1.315886718750000000e+03
4.823555399986300118e-01 1.318623779296875000e+03
4.857886755146345048e-01 1.324031250000000000e+03
4.892218110306389423e-01 1.321800170898437500e+03
4.926549465466434352e-01 1.318331176757812500e+03
4.960880820626479282e-01 1.318839965820312500e+03
4.995212175786524211e-01 1.321452026367187500e+03
5.029543530946569696e-01 1.318025268554687500e+03
5.063874886106614071e-01 1.309964477539062500e+03
5.098206241266658445e-01 1.319656127929687500e+03
5.132537596426703930e-01 1.320460327148437500e+03
5.166868951586748304e-01 1.334691040039062500e+03
5.201200306746793789e-01 1.322295898437500000e+03
5.235531661906838163e-01 1.310667480468750000e+03
5.269863017066883648e-01 1.290567871093750000e+03
5.304194372226928023e-01 1.268742309570312500e+03
5.338525727386973507e-01 1.260977050781250000e+03
5.372857082547017882e-01 1.251592895507812500e+03
5.407188437707063366e-01 1.266782348632812500e+03
5.441519792867107741e-01 1.271691772460937500e+03
5.475851148027153226e-01 1.277667114257812500e+03
5.510182503187196490e-01 1.266075195312500000e+03
5.544513858347241975e-01 1.259527221679687500e+03
5.578845213507286349e-01 1.240555297851562500e+03
5.613176568667331834e-01 1.232187500000000000e+03
5.647507923827376208e-01 1.222127319335937500e+03
5.681839278987420583e-01 1.216172485351562500e+03
5.716170634147466068e-01 1.210449951171875000e+03
5.750501989307510442e-01 1.208794921875000000e+03
5.784833344467555927e-01 1.215228393554687500e+03
5.819164699627600301e-01 1.213613403320312500e+03
5.853496054787645786e-01 1.216820556640625000e+03
5.887827409947690160e-01 1.218681640625000000e+03
5.922158765107735645e-01 1.208297485351562500e+03
5.956490120267780020e-01 1.195598510742187500e+03
5.990821475427825504e-01 1.184976074218750000e+03
6.025152830587869879e-01 1.189032226562500000e+03
6.059484185747915364e-01 1.183126220703125000e+03
6.093815540907959738e-01 1.181002319335937500e+03
6.128146896068004112e-01 1.187402709960937500e+03
6.162478251228049597e-01 1.187085205078125000e+03
6.196809606388093972e-01 1.172394042968750000e+03
6.231140961548139456e-01 1.158415893554687500e+03
6.265472316708182721e-01 1.160924804687500000e+03
6.299803671868228205e-01 1.178842773437500000e+03
6.334135027028272580e-01 1.193643310546875000e+03
6.368466382188318065e-01 1.196528320312500000e+03
6.402797737348362439e-01 1.192409667968750000e+03
6.437129092508407924e-01 1.180053344726562500e+03
6.471460447668452298e-01 1.185533203125000000e+03
6.505791802828497783e-01 1.181650878906250000e+03
6.540123157988542157e-01 1.178652832031250000e+03
6.574454513148587642e-01 1.161442138671875000e+03
6.608785868308632017e-01 1.159712280273437500e+03
6.643117223468677501e-01 1.151826904296875000e+03
6.677448578628721876e-01 1.150043579101562500e+03
6.711779933788766250e-01 1.141491088867187500e+03
6.746111288948811735e-01 1.136773437500000000e+03
6.780442644108856109e-01 1.127089477539062500e+03
6.814773999268901594e-01 1.119661499023437500e+03
6.849105354428945969e-01 1.111506469726562500e+03
6.883436709588991453e-01 1.109757446289062500e+03
6.917768064749035828e-01 1.120637695312500000e+03
6.952099419909081313e-01 1.139003784179687500e+03
6.986430775069124577e-01 1.140466552734375000e+03
7.020762130229170062e-01 1.137170898437500000e+03
7.055093485389214436e-01 1.131757446289062500e+03
7.089424840549259921e-01 1.141689208984375000e+03
7.123756195709304295e-01 1.154087036132812500e+03
7.158087550869349780e-01 1.153803833007812500e+03
7.192418906029394154e-01 1.153439697265625000e+03
7.226750261189439639e-01 1.143222167968750000e+03
7.261081616349484014e-01 1.146868408203125000e+03
7.295412971509528388e-01 1.143222778320312500e+03
7.329744326669573873e-01 1.141013793945312500e+03
7.364075681829618247e-01 1.136077636718750000e+03
7.398407036989663732e-01 1.134265502929687500e+03
7.432738392149708107e-01 1.137230712890625000e+03
7.467069747309753591e-01 1.135034301757812500e+03
7.501401102469797966e-01 1.138064086914062500e+03
7.535732457629843450e-01 1.159841796875000000e+03
7.570063812789887825e-01 1.178537353515625000e+03
7.604395167949933310e-01 1.170566162109375000e+03
7.638726523109977684e-01 1.149280883789062500e+03
7.673057878270023169e-01 1.136891235351562500e+03
7.707389233430067543e-01 1.136415649414062500e+03
7.741720588590111918e-01 1.130379516601562500e+03
7.776051943750156292e-01 1.127308837890625000e+03
7.810383298910200667e-01 1.136511840820312500e+03
7.844714654070246151e-01 1.144836425781250000e+03
7.879046009230290526e-01 1.149781738281250000e+03
7.913377364390336011e-01 1.152277099609375000e+03
7.947708719550380385e-01 1.155494506835937500e+03
7.982040074710425870e-01 1.158419921875000000e+03
8.016371429870470244e-01 1.155537963867187500e+03
8.050702785030515729e-01 1.160101318359375000e+03
8.085034140190560104e-01 1.170357421875000000e+03
8.119365495350605588e-01 1.174262939453125000e+03
8.153696850510649963e-01 1.181798095703125000e+03
8.188028205670695447e-01 1.191626220703125000e+03
8.222359560830739822e-01 1.189582275390625000e+03
8.256690915990785307e-01 1.180661376953125000e+03
8.291022271150829681e-01 1.164842407226562500e+03
8.325353626310874056e-01 1.174912475585937500e+03
8.359684981470919540e-01 1.186539794921875000e+03
8.394016336630963915e-01 1.194422973632812500e+03
8.428347691791009400e-01 1.204589843750000000e+03
8.462679046951052664e-01 1.201151489257812500e+03
8.497010402111098148e-01 1.202197387695312500e+03
8.531341757271142523e-01 1.201142089843750000e+03
8.565673112431188008e-01 1.207643676757812500e+03
8.600004467591232382e-01 1.196966308593750000e+03
8.634335822751277867e-01 1.190648559570312500e+03
8.668667177911322241e-01 1.187874145507812500e+03
8.702998533071367726e-01 1.217500610351562500e+03
8.737329888231412101e-01 1.237911376953125000e+03
8.771661243391457585e-01 1.241017456054687500e+03
8.805992598551501960e-01 1.233216186523437500e+03
8.840323953711546334e-01 1.233914916992187500e+03
8.874655308871591819e-01 1.224816650390625000e+03
8.908986664031636193e-01 1.216998413085937500e+03
8.943318019191681678e-01 1.214051391601562500e+03
8.977649374351724942e-01 1.221413818359375000e+03
9.011980729511770427e-01 1.221806030273437500e+03
9.046312084671814802e-01 1.222404541015625000e+03
9.080643439831860286e-01 1.226137084960937500e+03
9.114974794991904661e-01 1.230768676757812500e+03
9.149306150151950145e-01 1.233144165039062500e+03
9.183637505311994520e-01 1.244084716796875000e+03
9.217968860472040005e-01 1.243334838867187500e+03
9.252300215632084379e-01 1.245950805664062500e+03
9.286631570792129864e-01 1.240067138671875000e+03
9.320962925952174238e-01 1.246296264648437500e+03
9.355294281112219723e-01 1.230331542968750000e+03
9.389625636272264098e-01 1.223427246093750000e+03
9.423956991432308472e-01 1.223804077148437500e+03
9.458288346592353957e-01 1.234898559570312500e+03
9.492619701752398331e-01 1.232632202148437500e+03
9.526951056912443816e-01 1.235358520507812500e+03
9.561282412072487080e-01 1.239508544921875000e+03
9.595613767232531455e-01 1.247874633789062500e+03
9.629945122392575829e-01 1.252347534179687500e+03
9.664276477552621314e-01 1.261706176757812500e+03
9.698607832712665688e-01 1.271748046875000000e+03
9.732939187872711173e-01 1.281372070312500000e+03
9.767270543032755548e-01 1.265645629882812500e+03
9.801601898192801032e-01 1.236964477539062500e+03
9.835933253352845407e-01 1.208775878906250000e+03
9.870264608512890891e-01 1.211240600585937500e+03
9.904595963672935266e-01 1.230403076171875000e+03
9.938927318832980751e-01 1.249838867187500000e+03
9.973258673993025125e-01 1.252123535156250000e+03
1.000759002915307061e+00 1.247351928710937500e+03
1.004192138431311498e+00 1.248449096679687500e+03
1.007625273947315936e+00 1.248518310546875000e+03
1.011058409463320373e+00 1.238727905273437500e+03
1.014491544979325033e+00 1.235986450195312500e+03
1.017924680495329470e+00 1.241370849609375000e+03
1.021357816011333908e+00 1.260815673828125000e+03
1.024790951527338345e+00 1.269067504882812500e+03
1.028224087043343005e+00 1.275400634765625000e+03
1.031657222559347442e+00 1.265599121093750000e+03
1.035090358075351880e+00 1.257693603515625000e+03
1.038523493591356317e+00 1.258349243164062500e+03
1.041956629107360977e+00 1.265735839843750000e+03
1.045389764623365414e+00 1.268610351562500000e+03
1.048822900139369851e+00 1.266997192382812500e+03
1.052256035655374289e+00 1.269235595703125000e+03
1.055689171171378726e+00 1.276147460937500000e+03
1.059122306687383386e+00 1.281212402343750000e+03
1.062555442203387823e+00 1.275645629882812500e+03
1.065988577719392261e+00 1.272026977539062500e+03
1.069421713235396698e+00 1.274916259765625000e+03
1.072854848751401358e+00 1.273557983398437500e+03
1.076287984267405795e+00 1.277274780273437500e+03
1.079721119783410233e+00 1.279933227539062500e+03
1.083154255299414670e+00 1.280060058593750000e+03
1.086587390815419329e+00 1.275810180664062500e+03
1.090020526331423767e+00 1.270100708007812500e+03
1.093453661847428204e+00 1.274705200195312500e+03
1.096886797363432642e+00 1.272846557617187500e+03
1.100319932879437079e+00 1.271176757812500000e+03
1.103753068395441517e+00 1.277149780273437500e+03
1.107186203911445954e+00 1.286818237304687500e+03
1.110619339427450392e+00 1.290182861328125000e+03
1.114052474943455051e+00 1.278922851562500000e+03
1.117485610459459489e+00 1.267260253906250000e+03
1.120918745975463926e+00 1.269349487304687500e+03
1.124351881491468363e+00 1.284549926757812500e+03
1.127785017007472801e+00 1.299790039062500000e+03
1.131218152523477460e+00 1.305990112304687500e+03
1.134651288039481898e+00 1.299227050781250000e+03
1.138084423555486335e+00 1.295015991210937500e+03
1.141517559071490773e+00 1.303785888671875000e+03
1.144950694587495432e+00 1.308216796875000000e+03
1.148383830103499870e+00 1.307405029296875000e+03
1.151816965619504307e+00 1.297341308593750000e+03
1.155250101135508745e+00 1.290813354492187500e+03
1.158683236651513404e+00 1.294263549804687500e+03
1.162116372167517842e+00 1.303217895507812500e+03
1.165549507683522279e+00 1.316956542968750000e+03
1.168982643199526716e+00 1.325626098632812500e+03
1.172415778715531154e+00 1.332841186523437500e+03
1.175848914231535813e+00 1.333793334960937500e+03
1.179282049747540251e+00 1.340518554687500000e+03
1.182715185263544688e+00 1.344530517578125000e+03
1.186148320779549126e+00 1.352299560546875000e+03
1.189581456295553785e+00 1.347649291992187500e+03
1.193014591811558223e+00 1.344517578125000000e+03
1.196447727327562660e+00 1.333712036132812500e+03
1.199880862843567098e+00 1.326075317382812500e+03
1.203313998359571757e+00 1.318684570312500000e+03
1.206747133875576194e+00 1.326674804687500000e+03
1.210180269391580632e+00 1.336407226562500000e+03
1.213613404907585069e+00 1.346425292968750000e+03
1.217046540423589507e+00 1.342292724609375000e+03
1.220479675939594166e+00 1.344796264648437500e+03
1.223912811455598604e+00 1.359407592773437500e+03
1.227345946971603041e+00 1.369415771484375000e+03
1.230779082487607479e+00 1.373839843750000000e+03
1.234212218003612138e+00 1.366679443359375000e+03
1.237645353519616576e+00 1.378543579101562500e+03
1.241078489035621013e+00 1.376516845703125000e+03
1.244511624551625451e+00 1.374980712890625000e+03
1.247944760067629888e+00 1.375650146484375000e+03
1.251377895583634325e+00 1.387197509765625000e+03
1.254811031099638763e+00 1.392309326171875000e+03
1.258244166615643200e+00 1.392759643554687500e+03
1.261677302131647860e+00 1.383353637695312500e+03
1.265110437647652297e+00 1.383934814453125000e+03
1.268543573163656735e+00 1.381589111328125000e+03
1.271976708679661172e+00 1.401065307617187500e+03
1.275409844195665832e+00 1.413222900390625000e+03
1.278842979711670269e+00 1.419926513671875000e+03
1.282276115227674707e+00 1.417262817382812500e+03
1.285709250743679144e+00 1.411928100585937500e+03
1.289142386259683581e+00 1.420908203125000000e+03
1.292575521775688241e+00 1.421967651367187500e+03
1.296008657291692678e+00 1.436781982421875000e+03
1.299441792807697116e+00 1.439416870117187500e+03
1.302874928323701553e+00 1.445257934570312500e+03
1.306308063839706213e+00 1.438456542968750000e+03
1.309741199355710650e+00 1.428741210937500000e+03
1.313174334871715088e+00 1.421192504882812500e+03
1.316607470387719525e+00 1.417558349609375000e+03
1.320040605903724185e+00 1.429894409179687500e+03
1.323473741419728622e+00 1.437464355468750000e+03
1.326906876935733059e+00 1.438914184570312500e+03
1.330340012451737497e+00 1.430277343750000000e+03
1.333773147967741934e+00 1.436687988281250000e+03
1.337206283483746594e+00 1.459308471679687500e+03
1.340639418999751031e+00 1.493600463867187500e+03
1.344072554515755469e+00 1.518463623046875000e+03
1.347505690031759906e+00 1.540378051757812500e+03
1.350938825547764566e+00 1.560158935546875000e+03
1.354371961063769003e+00 1.576835327148437500e+03
1.357805096579773441e+00 1.581144653320312500e+03
1.361238232095777878e+00 1.558992919921875000e+03
1.364671367611782538e+00 1.537139892578125000e+03
1.368104503127786975e+00 1.511216430664062500e+03
1.371537638643791412e+00 1.504527954101562500e+03
1.374970774159795850e+00 1.495075317382812500e+03
1.378403909675800287e+00 1.488769897460937500e+03
1.381837045191804947e+00 1.478264648437500000e+03
1.385270180707809384e+00 1.463736694335937500e+03
1.388703316223813822e+00 1.461106323242187500e+03
1.392136451739818259e+00 1.465166992187500000e+03
1.395569587255822697e+00 1.473593627929687500e+03
1.399002722771827134e+00 1.481524902343750000e+03
1.402435858287831572e+00 1.480483764648437500e+03
1.405868993803836009e+00 1.475684814453125000e+03
1.409302129319840668e+00 1.469026123046875000e+03
1.412735264835845106e+00 1.476654418945312500e+03
1.416168400351849543e+00 1.487495605468750000e+03
1.419601535867853981e+00 1.478807373046875000e+03
1.423034671383858640e+00 1.460016479492187500e+03
1.426467806899863078e+00 1.448019409179687500e+03
1.429900942415867515e+00 1.448835693359375000e+03
1.433334077931871953e+00 1.454918212890625000e+03
1.436767213447876390e+00 1.463658447265625000e+03
1.440200348963881050e+00 1.475765136718750000e+03
1.443633484479885487e+00 1.483578491210937500e+03
1.447066619995889925e+00 1.482807373046875000e+03
1.450499755511894362e+00 1.476990234375000000e+03
1.453932891027899021e+00 1.474951538085937500e+03
1.457366026543903459e+00 1.469189819335937500e+03
1.460799162059907896e+00 1.473113647460937500e+03
1.464232297575912334e+00 1.479269165039062500e+03
1.467665433091916993e+00 1.486159423828125000e+03
1.471098568607921431e+00 1.490688354492187500e+03
1.474531704123925868e+00 1.495576416015625000e+03
1.477964839639930306e+00 1.509796020507812500e+03
1.481397975155934965e+00 1.514837036132812500e+03
1.484831110671939403e+00 1.513807250976562500e+03
1.488264246187943840e+00 1.510993041992187500e+03
1.491697381703948277e+00 1.508457641601562500e+03
1.495130517219952715e+00 1.504349853515625000e+03
1.498563652735957374e+00 1.490304321289062500e+03
1.501996788251961812e+00 1.476888671875000000e+03
1.505429923767966249e+00 1.482880249023437500e+03
1.508863059283970687e+00 1.494379516601562500e+03
1.512296194799975346e+00 1.504013305664062500e+03
1.515729330315979784e+00 1.505832763671875000e+03
1.519162465831984221e+00 1.496429199218750000e+03
1.522595601347988659e+00 1.494924316406250000e+03
1.526028736863993318e+00 1.495802978515625000e+03
1.529461872379997756e+00 1.506214721679687500e+03
1.532895007896002193e+00 1.512352416992187500e+03
1.536328143412006630e+00 1.518617187500000000e+03
1.539761278928011068e+00 1.521381835937500000e+03
1.543194414444015505e+00 1.516064208984375000e+03
1.546627549960019943e+00 1.516520507812500000e+03
1.550060685476024380e+00 1.514234863281250000e+03
1.553493820992028818e+00 1.518123901367187500e+03
1.556926956508033477e+00 1.505287841796875000e+03
1.560360092024037915e+00 1.498272583007812500e+03
1.563793227540042352e+00 1.491352294921875000e+03
1.567226363056046790e+00 1.504211059570312500e+03
1.570659498572051449e+00 1.515864990234375000e+03
1.574092634088055886e+00 1.526049560546875000e+03
1.577525769604060324e+00 1.534932495117187500e+03
1.580958905120064761e+00 1.545763549804687500e+03
1.584392040636069421e+00 1.556466186523437500e+03
1.587825176152073858e+00 1.556127075195312500e+03
1.591258311668078296e+00 1.555320190429687500e+03
1.594691447184082733e+00 1.546096313476562500e+03
1.598124582700087171e+00 1.546673095703125000e+03
1.601557718216091830e+00 1.551566162109375000e+03
1.604990853732096268e+00 1.561169799804687500e+03
1.608423989248100705e+00 1.568628173828125000e+03
1.611857124764105142e+00 1.564665893554687500e+03
1.615290260280109802e+00 1.576557617187500000e+03
1.618723395796114239e+00 1.588958984375000000e+03
1.622156531312118677e+00 1.615456787109375000e+03
1.625589666828123114e+00 1.647547119140625000e+03
1.629022802344127774e+00 1.700981323242187500e+03
1.632455937860132211e+00 1.750646606445312500e+03
1.635889073376136649e+00 1.791656372070312500e+03
1.639322208892141086e+00 1.804509277343750000e+03
1.642755344408145524e+00 1.796093017578125000e+03
1.646188479924150183e+00 1.758547119140625000e+03
1.649621615440154621e+00 1.703820800781250000e+03
1.653054750956159058e+00 1.646136596679687500e+03
1.656487886472163495e+00 1.597992187500000000e+03
1.659921021988168155e+00 1.576737304687500000e+03
1.663354157504172592e+00 1.569845703125000000e+03
1.666787293020177030e+00 1.571688354492187500e+03
1.670220428536181467e+00 1.560370483398437500e+03
1.673653564052186127e+00 1.559323120117187500e+03
1.677086699568190564e+00 1.555054443359375000e+03
1.680519835084195002e+00 1.552359985351562500e+03
1.683952970600199439e+00 1.543320922851562500e+03
1.687386106116203877e+00 1.534988769531250000e+03
1.690819241632208314e+00 1.544874267578125000e+03
1.694252377148212751e+00 1.554130615234375000e+03
1.697685512664217189e+00 1.567542602539062500e+03
1.701118648180221848e+00 1.565113647460937500e+03
1.704551783696226286e+00 1.567440551757812500e+03
1.707984919212230723e+00 1.568834594726562500e+03
1.711418054728235161e+00 1.565698364257812500e+03
1.714851190244239598e+00 1.558879516601562500e+03
1.718284325760244258e+00 1.545591674804687500e+03
1.721717461276248695e+00 1.535419189453125000e+03
1.725150596792253133e+00 1.527192382812500000e+03
1.728583732308257570e+00 1.530454711914062500e+03
1.732016867824262230e+00 1.539370483398437500e+03
1.735450003340266667e+00 1.545431396484375000e+03
1.738883138856271104e+00 1.537749023437500000e+03
1.742316274372275542e+00 1.529979370117187500e+03
1.745749409888280201e+00 1.511060913085937500e+03
1.749182545404284639e+00 1.506386596679687500e+03
1.752615680920289076e+00 1.505583374023437500e+03
1.756048816436293514e+00 1.512538696289062500e+03
1.759481951952297951e+00 1.512051025390625000e+03
1.762915087468302611e+00 1.511874023437500000e+03
1.766348222984307048e+00 1.510044555664062500e+03
1.769781358500311486e+00 1.514144897460937500e+03
1.773214494016315923e+00 1.525338989257812500e+03
1.776647629532320583e+00 1.545512084960937500e+03
1.780080765048325020e+00 1.560073730468750000e+03
1.783513900564329457e+00 1.557609863281250000e+03
1.786947036080333895e+00 1.557814208984375000e+03
1.790380171596338554e+00 1.549203369140625000e+03
1.793813307112343214e+00 1.535730224609375000e+03
1.797246442628347429e+00 1.510999877929687500e+03
1.800679578144352089e+00 1.490127929687500000e+03
1.804112713660356304e+00 1.480255737304687500e+03
1.807545849176361186e+00 1.474047607421875000e+03
1.810978984692365401e+00 1.466490356445312500e+03
1.814412120208370061e+00 1.456241943359375000e+03
1.817845255724374276e+00 1.448519653320312500e+03
1.821278391240379158e+00 1.438762939453125000e+03
1.824711526756383373e+00 1.432485961914062500e+03
1.828144662272388032e+00 1.418159790039062500e+03
1.831577797788392248e+00 1.416910156250000000e+03
1.835010933304396907e+00 1.419640380859375000e+03
1.838444068820401345e+00 1.423155395507812500e+03
1.841877204336406004e+00 1.416188354492187500e+03
1.845310339852410220e+00 1.399877929687500000e+03
1.848743475368414879e+00 1.387628540039062500e+03
1.852176610884419317e+00 1.379179809570312500e+03
1.855609746400423976e+00 1.376435424804687500e+03
1.859042881916428192e+00 1.369984130859375000e+03
1.862476017432432851e+00 1.353573242187500000e+03
1.865909152948437288e+00 1.337659057617187500e+03
1.869342288464441948e+00 1.340390258789062500e+03
1.872775423980446163e+00 1.344889404296875000e+03
1.876208559496450823e+00 1.351228515625000000e+03
1.879641695012455260e+00 1.347061157226562500e+03
1.883074830528459920e+00 1.347354736328125000e+03
1.886507966044464135e+00 1.346756347656250000e+03
1.889941101560468795e+00 1.346731811523437500e+03
1.893374237076473010e+00 1.338660766601562500e+03
1.896807372592477892e+00 1.331639526367187500e+03
1.900240508108482107e+00 1.320147460937500000e+03
1.903673643624486767e+00 1.308429199218750000e+03
1.907106779140490982e+00 1.289135864257812500e+03
1.910539914656495419e+00 1.274332153320312500e+03
1.913973050172500079e+00 1.274596313476562500e+03
1.917406185688504294e+00 1.282651245117187500e+03
1.920839321204508954e+00 1.290668212890625000e+03
1.924272456720513391e+00 1.278762084960937500e+03
1.927705592236518051e+00 1.269418823242187500e+03
1.931138727752522266e+00 1.265237670898437500e+03
1.934571863268526926e+00 1.266758666992187500e+03
1.938004998784531363e+00 1.254839233398437500e+03
1.941438134300536023e+00 1.238632934570312500e+03
1.944871269816540238e+00 1.235578735351562500e+03
1.948304405332544897e+00 1.237216308593750000e+03
1.951737540848549335e+00 1.233526123046875000e+03
1.955170676364553994e+00 1.231785278320312500e+03
1.958603811880558210e+00 1.232927246093750000e+03
1.962036947396562869e+00 1.236854003906250000e+03
1.965470082912567085e+00 1.227448242187500000e+03
1.968903218428571966e+00 1.214631958007812500e+03
1.972336353944576182e+00 1.210659667968750000e+03
1.975769489460580841e+00 1.212833374023437500e+03
1.979202624976585057e+00 1.211846069335937500e+03
1.982635760492589938e+00 1.206742919921875000e+03
1.986068896008594153e+00 1.216207763671875000e+03
1.989502031524598813e+00 1.233956909179687500e+03
1.992935167040603028e+00 1.269002075195312500e+03
1.996368302556607688e+00 1.314323242187500000e+03
1.999801438072612125e+00 1.390997314453125000e+03
2.003234573588616563e+00 1.467842041015625000e+03
2.006667709104621000e+00 1.534565673828125000e+03
2.010100844620625882e+00 1.559429687500000000e+03
2.013533980136629875e+00 1.555029541015625000e+03
2.016967115652634757e+00 1.500058959960937500e+03
2.020400251168639194e+00 1.425114135742187500e+03
2.023833386684643632e+00 1.343862548828125000e+03
2.027266522200648069e+00 1.275061767578125000e+03
2.030699657716652506e+00 1.222757324218750000e+03
2.034132793232656944e+00 1.184534057617187500e+03
2.037565928748661825e+00 1.167520751953125000e+03
2.040999064264665819e+00 1.156469482421875000e+03
2.044432199780670700e+00 1.148981201171875000e+03
2.047865335296675138e+00 1.131284301757812500e+03
2.051298470812679575e+00 1.112584106445312500e+03
2.054731606328684013e+00 1.097703247070312500e+03
2.058164741844688006e+00 1.091433837890625000e+03
2.061597877360692888e+00 1.091515747070312500e+03
2.065031012876697325e+00 1.101401733398437500e+03
2.068464148392701762e+00 1.098822265625000000e+03
2.071897283908706200e+00 1.091443481445312500e+03
2.075330419424710637e+00 1.081254394531250000e+03
2.078763554940715075e+00 1.081187988281250000e+03
2.082196690456719956e+00 1.076013183593750000e+03
2.085629825972723950e+00 1.070912231445312500e+03
2.089062961488728831e+00 1.064752807617187500e+03
2.092496097004733269e+00 1.063953857421875000e+03
2.095929232520737706e+00 1.075386352539062500e+03
2.099362368036742144e+00 1.081100708007812500e+03
2.102795503552746581e+00 1.081442016601562500e+03
2.106228639068751018e+00 1.066159545898437500e+03
2.109661774584755900e+00 1.053246337890625000e+03
2.113094910100759893e+00 1.050993774414062500e+03
2.116528045616764775e+00 1.044989379882812500e+03
2.119961181132768768e+00 1.043851562500000000e+03
2.123394316648773650e+00 1.037926147460937500e+03
2.126827452164778087e+00 1.036210327148437500e+03
2.130260587680782525e+00 1.029456665039062500e+03
2.133693723196786962e+00 1.027089721679687500e+03
2.137126858712791844e+00 1.033728027343750000e+03
2.140559994228795837e+00 1.037447265625000000e+03
2.143993129744800719e+00 1.031737792968750000e+03
2.147426265260804712e+00 1.013701721191406250e+03
2.150859400776809593e+00 1.000397949218750000e+03
2.154292536292814031e+00 9.986180419921875000e+02
2.157725671808818468e+00 1.007604797363281250e+03
2.161158807324822906e+00 1.009320251464843750e+03
2.164591942840827343e+00 1.008458068847656250e+03
2.168025078356831781e+00 1.004914855957031250e+03
2.171458213872836662e+00 1.005514831542968750e+03
2.174891349388840656e+00 9.983788452148437500e+02
2.178324484904845537e+00 9.951123657226562500e+02
2.181757620420849975e+00 9.943848876953125000e+02
2.185190755936854412e+00 9.888491210937500000e+02
2.188623891452858850e+00 9.800308227539062500e+02
2.192057026968863287e+00 9.748878784179687500e+02
2.195490162484867724e+00 9.733405151367187500e+02
2.198923298000872162e+00 9.727313842773437500e+02
2.202356433516876599e+00 9.644232788085937500e+02
2.205789569032881037e+00 9.645789184570312500e+02
2.209222704548885918e+00 9.651990356445312500e+02
2.212655840064889912e+00 9.685880126953125000e+02
2.216088975580894793e+00 9.677686767578125000e+02
2.219522111096898787e+00 9.593143920898437500e+02
2.222955246612903668e+00 9.605571289062500000e+02
2.226388382128908106e+00 9.536862182617187500e+02
2.229821517644912543e+00 9.562584228515625000e+02
2.233254653160916980e+00 9.519764404296875000e+02
2.236687788676921418e+00 9.507319946289062500e+02
2.240120924192925855e+00 9.440707397460937500e+02
2.243554059708930737e+00 9.445093383789062500e+02
2.246987195224934730e+00 9.427399902343750000e+02
2.250420330740939612e+00 9.440183105468750000e+02
2.253853466256944049e+00 9.369193115234375000e+02
2.257286601772948487e+00 9.384228515625000000e+02
2.260719737288952924e+00 9.309674072265625000e+02
2.264152872804957362e+00 9.282648925781250000e+02
2.267586008320961799e+00 9.208629150390625000e+02
2.271019143836966681e+00 9.176944580078125000e+02
2.274452279352970674e+00 9.183803710937500000e+02
2.277885414868975555e+00 9.135580444335937500e+02
2.281318550384979549e+00 9.113255615234375000e+02
2.284751685900984430e+00 9.056435546875000000e+02
2.288184821416988868e+00 9.120996093750000000e+02
2.291617956932993305e+00 9.121918334960937500e+02
2.295051092448997743e+00 9.120333862304687500e+02
2.298484227965002624e+00 9.079968872070312500e+02
2.301917363481006618e+00 9.150998535156250000e+02
2.305350498997011499e+00 9.313696289062500000e+02
2.308783634513015492e+00 9.484146728515625000e+02
2.312216770029020374e+00 9.814929809570312500e+02
2.315649905545024811e+00 1.023116149902343750e+03
2.319083041061029249e+00 1.089110717773437500e+03
2.322516176577033686e+00 1.151402832031250000e+03
2.325949312093038124e+00 1.201569946289062500e+03
2.329382447609042561e+00 1.213103271484375000e+03
2.332815583125047443e+00 1.189802124023437500e+03
2.336248718641051436e+00 1.138341186523437500e+03
2.339681854157056318e+00 1.074635009765625000e+03
2.343114989673060755e+00 1.015443847656250000e+03
2.346548125189064748e+00 9.680712280273437500e+02
2.349981260705069630e+00 9.319945678710937500e+02
2.353414396221073623e+00 9.011211547851562500e+02
2.356847531737078505e+00 8.855220336914062500e+02
2.360280667253082942e+00 8.803137207031250000e+02
2.363713802769087380e+00 8.781936035156250000e+02
2.367146938285091817e+00 8.706782226562500000e+02
2.370580073801096255e+00 8.651248779296875000e+02
2.374013209317100692e+00 8.624645385742187500e+02
2.377446344833105574e+00 8.627308349609375000e+02
2.380879480349109567e+00 8.549135742187500000e+02
2.384312615865114449e+00 8.553638305664062500e+02
2.387745751381118886e+00 8.518338623046875000e+02
2.391178886897123324e+00 8.577345581054687500e+02
2.394612022413127761e+00 8.482994995117187500e+02
2.398045157929132198e+00 8.442736816406250000e+02
2.401478293445136636e+00 8.364432983398437500e+02
2.404911428961141517e+00 8.344747314453125000e+02
2.408344564477145511e+00 8.327871093750000000e+02
2.411777699993150392e+00 8.294982299804687500e+02
2.415210835509154830e+00 8.358311157226562500e+02
2.418643971025159267e+00 8.342840576171875000e+02
2.422077106541163705e+00 8.314495849609375000e+02
2.425510242057168142e+00 8.210039062500000000e+02
2.428943377573172580e+00 8.158869018554687500e+02
2.432376513089177461e+00 8.171289672851562500e+02
2.435809648605181454e+00 8.143439941406250000e+02
2.439242784121186336e+00 8.143246459960937500e+02
2.442675919637190329e+00 8.147681884765625000e+02
2.446109055153195211e+00 8.164658813476562500e+02
2.449542190669199648e+00 8.130745239257812500e+02
2.452975326185204086e+00 8.136525878906250000e+02
2.456408461701208523e+00 8.166421508789062500e+02
2.459841597217213405e+00 8.215841064453125000e+02
2.463274732733217398e+00 8.213894042968750000e+02
2.466707868249222280e+00 8.194556884765625000e+02
2.470141003765226273e+00 8.124085083007812500e+02
2.473574139281231155e+00 8.024296875000000000e+02
2.477007274797235592e+00 7.965974731445312500e+02
2.480440410313240029e+00 7.972813110351562500e+02
2.483873545829244467e+00 8.015413208007812500e+02
2.487306681345248904e+00 8.039715576171875000e+02
2.490739816861253342e+00 7.986920776367187500e+02
2.494172952377257779e+00 8.071087646484375000e+02
2.497606087893262217e+00 8.106483764648437500e+02
2.501039223409266654e+00 8.229200439453125000e+02
2.504472358925271536e+00 8.309895019531250000e+02
2.507905494441275529e+00 8.513978881835937500e+02
2.511338629957280411e+00 8.855004882812500000e+02
2.514771765473284404e+00 9.120517578125000000e+02
2.518204900989289285e+00 9.313703613281250000e+02
2.521638036505293723e+00 9.208286132812500000e+02
2.525071172021298160e+00 9.023345336914062500e+02
2.528504307537302598e+00 8.734002685546875000e+02
2.531937443053307035e+00 8.452977294921875000e+02
2.535370578569311473e+00 8.196475830078125000e+02
2.538803714085316354e+00 7.964848632812500000e+02
2.542236849601320348e+00 7.810314331054687500e+02
2.545669985117325229e+00 7.764838256835937500e+02
2.549103120633329667e+00 7.754064941406250000e+02
2.552536256149334104e+00 7.716240844726562500e+02
2.555969391665338541e+00 7.619772338867187500e+02
2.559402527181342979e+00 7.581343383789062500e+02
2.562835662697347416e+00 7.649841308593750000e+02
2.566268798213352298e+00 7.714932861328125000e+02
2.569701933729356291e+00 7.763649902343750000e+02
2.573135069245361173e+00 7.737075805664062500e+02
2.576568204761365610e+00 7.700508422851562500e+02
2.580001340277370048e+00 7.700118408203125000e+02
2.583434475793374485e+00 7.623818359375000000e+02
2.586867611309378923e+00 7.587138671875000000e+02
2.590300746825383360e+00 7.490601196289062500e+02
2.593733882341388242e+00 7.532183837890625000e+02
2.597167017857392235e+00 7.524771728515625000e+02
2.600600153373397116e+00 7.503292846679687500e+02
2.604033288889401110e+00 7.459661254882812500e+02
2.607466424405405991e+00 7.483433227539062500e+02
2.610899559921410429e+00 7.474310302734375000e+02
2.614332695437414866e+00 7.411404418945312500e+02
2.617765830953419304e+00 7.412642822265625000e+02
2.621198966469423741e+00 7.412204589843750000e+02
2.624632101985428179e+00 7.372928466796875000e+02
2.628065237501433060e+00 7.252825927734375000e+02
2.631498373017437054e+00 7.239105224609375000e+02
2.634931508533441935e+00 7.266076660156250000e+02
2.638364644049446373e+00 7.271632690429687500e+02
2.641797779565450366e+00 7.213065795898437500e+02
2.645230915081455247e+00 7.134439086914062500e+02
2.648664050597459685e+00 7.132643432617187500e+02
2.652097186113464122e+00 7.122368774414062500e+02
2.655530321629468560e+00 7.094704589843750000e+02
2.658963457145472997e+00 7.062421875000000000e+02
2.662396592661477435e+00 7.125827636718750000e+02
2.665829728177482316e+00 7.204644775390625000e+02
2.669262863693486310e+00 7.304166259765625000e+02
2.672695999209491191e+00 7.343206176757812500e+02
2.676129134725495184e+00 7.265762329101562500e+02
2.679562270241500066e+00 7.200993041992187500e+02
2.682995405757504503e+00 7.150505371093750000e+02
2.686428541273508941e+00 7.211732788085937500e+02
2.689861676789513378e+00 7.209885253906250000e+02
2.693294812305517816e+00 7.187909545898437500e+02
2.696727947821522253e+00 7.103261108398437500e+02
2.700161083337527135e+00 7.080392456054687500e+02
2.703594218853531128e+00 7.031564331054687500e+02
2.707027354369536010e+00 7.066088867187500000e+02
2.710460489885540447e+00 7.054072875976562500e+02
2.713893625401544885e+00 7.085125122070312500e+02
2.717326760917549322e+00 7.050323486328125000e+02
2.720759896433553759e+00 7.023870239257812500e+02
2.724193031949558197e+00 6.993262329101562500e+02
2.727626167465563078e+00 7.002437744140625000e+02
2.731059302981567072e+00 6.985421142578125000e+02
2.734492438497571953e+00 6.995700683593750000e+02
2.737925574013576391e+00 7.004794311523437500e+02
2.741358709529580828e+00 7.082926635742187500e+02
2.744791845045585266e+00 7.084868774414062500e+02
2.748224980561589703e+00 7.137395019531250000e+02
2.751658116077594141e+00 7.182449340820312500e+02
2.755091251593599022e+00 7.391358642578125000e+02
2.758524387109603015e+00 7.732198486328125000e+02
2.761957522625607897e+00 8.326231689453125000e+02
2.765390658141611890e+00 9.058623046875000000e+02
2.768823793657616772e+00 9.881587524414062500e+02
2.772256929173621209e+00 1.057897338867187500e+03
2.775690064689625647e+00 1.097770996093750000e+03
2.779123200205630084e+00 1.086542480468750000e+03
2.782556335721634522e+00 1.038089233398437500e+03
2.785989471237638959e+00 9.691820068359375000e+02
2.789422606753643397e+00 8.921394653320312500e+02
2.792855742269647834e+00 8.264085083007812500e+02
2.796288877785652272e+00 7.667620239257812500e+02
2.799722013301657153e+00 7.326755371093750000e+02
2.803155148817661146e+00 7.089237670898437500e+02
2.806588284333666028e+00 7.017714843750000000e+02
2.810021419849670465e+00 6.918300781250000000e+02
2.813454555365674903e+00 6.852867431640625000e+02
2.816887690881679340e+00 6.759837036132812500e+02
2.820320826397683778e+00 6.743604125976562500e+02
2.823753961913688215e+00 6.745650634765625000e+02
2.827187097429693097e+00 6.901862792968750000e+02
2.830620232945697090e+00 7.076284179687500000e+02
2.834053368461701972e+00 7.254197998046875000e+02
2.837486503977705965e+00 7.461447143554687500e+02
2.840919639493710847e+00 7.734605712890625000e+02
2.844352775009715284e+00 7.920100097656250000e+02
2.847785910525719721e+00 7.964352416992187500e+02
2.851219046041724159e+00 7.857102050781250000e+02
2.854652181557728596e+00 7.699465942382812500e+02
2.858085317073733034e+00 7.520896606445312500e+02
2.861518452589737915e+00 7.280664672851562500e+02
2.864951588105741909e+00 7.030010375976562500e+02
2.868384723621746790e+00 6.838933715820312500e+02
2.871817859137751228e+00 6.692870483398437500e+02
2.875250994653755665e+00 6.619362182617187500e+02
2.878684130169760103e+00 6.563133544921875000e+02
2.882117265685764540e+00 6.567770996093750000e+02
2.885550401201768977e+00 6.602692260742187500e+02
2.888983536717773859e+00 6.619727783203125000e+02
2.892416672233777852e+00 6.622395629882812500e+02
2.895849807749782734e+00 6.619467163085937500e+02
2.899282943265787171e+00 6.616617431640625000e+02
2.902716078781791609e+00 6.575420532226562500e+02
2.906149214297796046e+00 6.559513549804687500e+02
2.909582349813800484e+00 6.567431030273437500e+02
2.913015485329804921e+00 6.574590454101562500e+02
2.916448620845809803e+00 6.632985229492187500e+02
2.919881756361813796e+00 6.597374877929687500e+02
2.923314891877818678e+00 6.578949584960937500e+02
2.926748027393822671e+00 6.525935058593750000e+02
2.930181162909827552e+00 6.622879638671875000e+02
2.933614298425831990e+00 6.730385742187500000e+02
2.937047433941835983e+00 6.915822753906250000e+02
2.940480569457840865e+00 7.113303833007812500e+02
2.943913704973845302e+00 7.283600463867187500e+02
2.947346840489849740e+00 7.310211791992187500e+02
2.950779976005854177e+00 7.308961181640625000e+02
2.954213111521858615e+00 7.275631103515625000e+02
2.957646247037863052e+00 7.196841430664062500e+02
2.961079382553867934e+00 7.141323852539062500e+02
2.964512518069871927e+00 7.192074584960937500e+02
2.967945653585876808e+00 7.498065185546875000e+02
2.971378789101881246e+00 8.189588623046875000e+02
2.974811924617885683e+00 9.434274291992187500e+02
2.978245060133890121e+00 1.124356201171875000e+03
2.981678195649894558e+00 1.327231567382812500e+03
2.985111331165898996e+00 1.504214477539062500e+03
2.988544466681903877e+00 1.589552734375000000e+03
2.991977602197907871e+00 1.582756469726562500e+03
2.995410737713912752e+00 1.484114379882812500e+03
2.998843873229916746e+00 1.335416748046875000e+03
3.002277008745921627e+00 1.162110961914062500e+03
3.005710144261926065e+00 9.983212280273437500e+02
3.009143279777930502e+00 8.594569702148437500e+02
3.012576415293934939e+00 7.623010253906250000e+02
3.016009550809939377e+00 7.010203857421875000e+02
3.019442686325943814e+00 6.683325195312500000e+02
3.022875821841948696e+00 6.517102050781250000e+02
3.026308957357952689e+00 6.470369262695312500e+02
3.029742092873957571e+00 6.462045288085937500e+02
3.033175228389962008e+00 6.396100463867187500e+02
3.036608363905966446e+00 6.298241577148437500e+02
3.040041499421970883e+00 6.301090087890625000e+02
3.043474634937975321e+00 6.398605346679687500e+02
3.046907770453979758e+00 6.539659423828125000e+02
3.050340905969984640e+00 6.605748291015625000e+02
3.053774041485988633e+00 6.687767333984375000e+02
3.057207177001993514e+00 6.751421508789062500e+02
3.060640312517997952e+00 6.875065917968750000e+02
3.064073448034002389e+00 6.892468261718750000e+02
3.067506583550006827e+00 6.882512207031250000e+02
3.070939719066011264e+00 6.831355590820312500e+02
3.074372854582015702e+00 6.885001220703125000e+02
3.077805990098020583e+00 6.986919555664062500e+02
3.081239125614024577e+00 7.103416137695312500e+02
3.084672261130029014e+00 7.233060302734375000e+02
3.088105396646033451e+00 7.217170410156250000e+02
3.091538532162037889e+00 7.167531127929687500e+02
3.094971667678042770e+00 7.037653198242187500e+02
3.098404803194046764e+00 6.886004638671875000e+02
3.101837938710051645e+00 6.720408325195312500e+02
3.105271074226056083e+00 6.503813476562500000e+02
3.108704209742060520e+00 6.353870239257812500e+02
3.112137345258064958e+00 6.221436157226562500e+02
3.115570480774069395e+00 6.167498779296875000e+02
3.119003616290073833e+00 6.168505249023437500e+02
3.122436751806078714e+00 6.139796142578125000e+02
3.125869887322082707e+00 6.172347412109375000e+02
3.129303022838087589e+00 6.102899169921875000e+02
3.132736158354092026e+00 6.082116699218750000e+02
3.136169293870096464e+00 5.946151733398437500e+02
3.139602429386100901e+00 5.975473022460937500e+02
3.143035564902105339e+00 5.937067871093750000e+02
3.146468700418109776e+00 5.928881835937500000e+02
3.149901835934114658e+00 5.774688110351562500e+02
3.153334971450118651e+00 5.769067993164062500e+02
3.156768106966123533e+00 5.788089599609375000e+02
3.160201242482127526e+00 5.941204833984375000e+02
3.163634377998132408e+00 5.945565795898437500e+02
3.167067513514136845e+00 6.002222900390625000e+02
3.170500649030141282e+00 5.904784545898437500e+02
3.173933784546145720e+00 5.867947387695312500e+02
3.177366920062150157e+00 5.827105102539062500e+02
3.180800055578154595e+00 5.859432983398437500e+02
3.184233191094159476e+00 5.894804077148437500e+02
3.187666326610163470e+00 5.871200561523437500e+02
3.191099462126168351e+00 5.849128417968750000e+02
3.194532597642172789e+00 5.820100708007812500e+02
3.197965733158177226e+00 5.837333984375000000e+02
3.201398868674181664e+00 5.827392578125000000e+02
3.204832004190186101e+00 5.801473999023437500e+02
3.208265139706190539e+00 5.806594238281250000e+02
3.211698275222195420e+00 5.913574218750000000e+02
3.215131410738199413e+00 5.906504516601562500e+02
3.218564546254204295e+00 5.838628540039062500e+02
3.221997681770208732e+00 5.713322753906250000e+02
3.225430817286212726e+00 5.693115234375000000e+02
3.228863952802217607e+00 5.714246826171875000e+02
3.232297088318221601e+00 5.782440795898437500e+02
3.235730223834226482e+00 5.891633911132812500e+02
3.239163359350230920e+00 5.946026000976562500e+02
3.242596494866235357e+00 5.943954467773437500e+02
3.246029630382239795e+00 5.930200195312500000e+02
3.249462765898244232e+00 5.925254516601562500e+02
3.252895901414248669e+00 5.945822143554687500e+02
3.256329036930253551e+00 5.940292968750000000e+02
3.259762172446257544e+00 6.018390502929687500e+02
3.263195307962262426e+00 6.138742065429687500e+02
3.266628443478266863e+00 6.311118164062500000e+02
3.270061578994271301e+00 6.432807617187500000e+02
3.273494714510275738e+00 6.502815551757812500e+02
3.276927850026280176e+00 6.506055297851562500e+02
3.280360985542284613e+00 6.458591918945312500e+02
3.283794121058289495e+00 6.347441406250000000e+02
3.287227256574293488e+00 6.258162841796875000e+02
3.290660392090298370e+00 6.084149780273437500e+02
3.294093527606302807e+00 5.925989379882812500e+02
3.297526663122307244e+00 5.748079223632812500e+02
3.300959798638311682e+00 5.666749267578125000e+02
3.304392934154316119e+00 5.649886474609375000e+02
3.307826069670320557e+00 5.678327636718750000e+02
3.311259205186325438e+00 5.725548706054687500e+02
3.314692340702329432e+00 5.677153930664062500e+02
3.318125476218334313e+00 5.648828125000000000e+02
3.321558611734338307e+00 5.585173950195312500e+02
3.324991747250343188e+00 5.627901000976562500e+02
3.328424882766347626e+00 5.634211425781250000e+02
3.331858018282352063e+00 5.679357299804687500e+02
3.335291153798356500e+00 5.669317626953125000e+02
3.338724289314360938e+00 5.649231567382812500e+02
3.342157424830365375e+00 5.682303466796875000e+02
3.345590560346370257e+00 5.679537963867187500e+02
3.349023695862374250e+00 5.681746826171875000e+02
3.352456831378379132e+00 5.654716186523437500e+02
3.355889966894383569e+00 5.705740356445312500e+02
3.359323102410388007e+00 5.742110595703125000e+02
3.362756237926392444e+00 5.835252685546875000e+02
3.366189373442396882e+00 5.878024291992187500e+02
3.369622508958401319e+00 5.835059814453125000e+02
3.373055644474405756e+00 5.775327148437500000e+02
3.376488779990410194e+00 5.785654296875000000e+02
3.379921915506414631e+00 5.846067504882812500e+02
3.383355051022419513e+00 5.874665527343750000e+02
3.386788186538423506e+00 5.842697143554687500e+02
3.390221322054428388e+00 5.795429687500000000e+02
3.393654457570432381e+00 5.727792358398437500e+02
3.397087593086437263e+00 5.653870239257812500e+02
3.400520728602441700e+00 5.698975219726562500e+02
3.403953864118446138e+00 5.733905029296875000e+02
3.407386999634450575e+00 5.748048706054687500e+02
3.410820135150455013e+00 5.703057861328125000e+02
3.414253270666459450e+00 5.743286132812500000e+02
3.417686406182464331e+00 5.768761596679687500e+02
3.421119541698468325e+00 5.834487304687500000e+02
3.424552677214473206e+00 5.880045776367187500e+02
3.427985812730477644e+00 5.912140502929687500e+02
3.431418948246482081e+00 5.970323486328125000e+02
3.434852083762486519e+00 5.978765869140625000e+02
3.438285219278490956e+00 6.045388183593750000e+02
3.441718354794495394e+00 6.015235595703125000e+02
3.445151490310500275e+00 6.119232788085937500e+02
3.448584625826504269e+00 6.167105712890625000e+02
3.452017761342509150e+00 6.165765991210937500e+02
3.455450896858513143e+00 6.074010620117187500e+02
3.458884032374518025e+00 6.063418579101562500e+02
3.462317167890522462e+00 6.101730346679687500e+02
3.465750303406526900e+00 6.077608032226562500e+02
3.469183438922531337e+00 5.986054077148437500e+02
3.472616574438536219e+00 5.911494140625000000e+02
3.476049709954540212e+00 5.870735473632812500e+02
3.479482845470545094e+00 5.836643066406250000e+02
3.482915980986549087e+00 5.747824707031250000e+02
3.486349116502553969e+00 5.627411499023437500e+02
3.489782252018558406e+00 5.538996582031250000e+02
3.493215387534562844e+00 5.518233032226562500e+02
3.496648523050567281e+00 5.553411254882812500e+02
3.500081658566571718e+00 5.562568359375000000e+02
3.503514794082576156e+00 5.515774536132812500e+02
3.506947929598581037e+00 5.486510620117187500e+02
3.510381065114585031e+00 5.515158691406250000e+02
3.513814200630589912e+00 5.535558471679687500e+02
3.517247336146594350e+00 5.469842529296875000e+02
3.520680471662598343e+00 5.426950073242187500e+02
3.524113607178603225e+00 5.409938964843750000e+02
3.527546742694607218e+00 5.416630249023437500e+02
3.530979878210612100e+00 5.415106201171875000e+02
3.534413013726616537e+00 5.392382812500000000e+02
3.537846149242620974e+00 5.386194458007812500e+02
3.541279284758625412e+00 5.369689331054687500e+02
3.544712420274630293e+00 5.397988891601562500e+02
3.548145555790634287e+00 5.367847900390625000e+02
3.551578691306639168e+00 5.331192626953125000e+02
3.555011826822643162e+00 5.355391845703125000e+02
3.558444962338648043e+00 5.403625488281250000e+02
3.561878097854652481e+00 5.491411132812500000e+02
3.565311233370656918e+00 5.469072875976562500e+02
3.568744368886661356e+00 5.438685913085937500e+02
3.572177504402665793e+00 5.386812133789062500e+02
3.575610639918670230e+00 5.378952636718750000e+02
3.579043775434675112e+00 5.395902099609375000e+02
3.582476910950679105e+00 5.390510253906250000e+02
3.585910046466683987e+00 5.386364746093750000e+02
3.589343181982688424e+00 5.352655639648437500e+02
3.592776317498692418e+00 5.342921752929687500e+02
3.596209453014697299e+00 5.341987304687500000e+02
3.599642588530701737e+00 5.343466796875000000e+02
3.603075724046706618e+00 5.334454345703125000e+02
3.606508859562710612e+00 5.262980957031250000e+02
3.609941995078715049e+00 5.223781127929687500e+02
3.613375130594719931e+00 5.165326538085937500e+02
3.616808266110724368e+00 5.149660034179687500e+02
3.620241401626728361e+00 5.099754028320312500e+02
3.623674537142733243e+00 5.129453735351562500e+02
3.627107672658737680e+00 5.112043762207031250e+02
3.630540808174742562e+00 5.165808105468750000e+02
3.633973943690746555e+00 5.184244995117187500e+02
3.637407079206750993e+00 5.190644531250000000e+02
3.640840214722755874e+00 5.191074829101562500e+02
3.644273350238760312e+00 5.234356689453125000e+02
3.647706485754764305e+00 5.333421630859375000e+02
3.651139621270769187e+00 5.363068237304687500e+02
3.654572756786773624e+00 5.336556396484375000e+02
3.658005892302778506e+00 5.265300903320312500e+02
3.661439027818782499e+00 5.266430664062500000e+02
3.664872163334786936e+00 5.301795654296875000e+02
3.668305298850791818e+00 5.285527954101562500e+02
3.671738434366795367e+00 5.247476196289062500e+02
3.675171569882800249e+00 5.209161987304687500e+02
3.678604705398805130e+00 5.237147827148437500e+02
3.682037840914809568e+00 5.203528442382812500e+02
3.685470976430813561e+00 5.222333374023437500e+02
3.688904111946817999e+00 5.178035278320312500e+02
3.692337247462822880e+00 5.196921386718750000e+02
3.695770382978827762e+00 5.184733886718750000e+02
3.699203518494831311e+00 5.237579956054687500e+02
3.702636654010836192e+00 5.239542236328125000e+02
3.706069789526840630e+00 5.210052490234375000e+02
3.709502925042845511e+00 5.225394287109375000e+02
3.712936060558849505e+00 5.225385742187500000e+02
3.716369196074853942e+00 5.227248535156250000e+02
3.719802331590858824e+00 5.174598388671875000e+02
3.723235467106863705e+00 5.202630004882812500e+02
3.726668602622867255e+00 5.234584960937500000e+02
3.730101738138872136e+00 5.252481689453125000e+02
3.733534873654876574e+00 5.225654907226562500e+02
3.736968009170881455e+00 5.202513427734375000e+02
3.740401144686885448e+00 5.142742309570312500e+02
3.743834280202889886e+00 5.084943237304687500e+02
3.747267415718894767e+00 5.064563598632812500e+02
3.750700551234899205e+00 5.085878906250000000e+02
3.754133686750903198e+00 5.085254821777343750e+02
3.757566822266908080e+00 5.098708496093750000e+02
3.760999957782912517e+00 5.086963500976562500e+02
3.764433093298917399e+00 5.159324951171875000e+02
3.767866228814921392e+00 5.258865966796875000e+02
3.771299364330925830e+00 5.387500000000000000e+02
3.774732499846930711e+00 5.532040405273437500e+02
3.778165635362935149e+00 5.649091796875000000e+02
3.781598770878939142e+00 5.727680664062500000e+02
3.785031906394944023e+00 5.731116943359375000e+02
3.788465041910948461e+00 5.723334350585937500e+02
3.791898177426953342e+00 5.646735229492187500e+02
3.795331312942957336e+00 5.463225097656250000e+02
3.798764448458961773e+00 5.284702758789062500e+02
3.802197583974966655e+00 5.119993591308593750e+02
3.805630719490971092e+00 5.051925048828125000e+02
3.809063855006975086e+00 5.031318969726562500e+02
3.812496990522979967e+00 5.089020385742187500e+02
3.815930126038984405e+00 5.118054199218750000e+02
3.819363261554988398e+00 5.119612121582031250e+02
3.822796397070993279e+00 5.092352905273437500e+02
3.826229532586997717e+00 5.102752685546875000e+02
3.829662668103002598e+00 5.052496337890625000e+02
3.833095803619006148e+00 4.999113464355468750e+02
3.836528939135011029e+00 4.990897521972656250e+02
3.839962074651015911e+00 5.056389160156250000e+02
3.843395210167020348e+00 5.206138916015625000e+02
3.846828345683024342e+00 5.369602050781250000e+02
3.850261481199028779e+00 5.533701782226562500e+02
3.853694616715033661e+00 5.664963989257812500e+02
3.857127752231038542e+00 5.698197631835937500e+02
3.860560887747042091e+00 5.722693481445312500e+02
3.863994023263046973e+00 5.699757690429687500e+02
3.867427158779051410e+00 5.717453613281250000e+02
3.870860294295056292e+00 5.654543457031250000e+02
3.874293429811060285e+00 5.559044189453125000e+02
3.877726565327064723e+00 5.511465454101562500e+02
3.881159700843069604e+00 5.469967041015625000e+02
3.884592836359074486e+00 5.450106811523437500e+02
3.888025971875078035e+00 5.382393188476562500e+02
3.891459107391082917e+00 5.322485351562500000e+02
3.894892242907087354e+00 5.236065063476562500e+02
3.898325378423092236e+00 5.114420776367187500e+02
3.901758513939096229e+00 5.073302612304687500e+02
3.905191649455100666e+00 5.016331787109375000e+02
3.908624784971105548e+00 5.001249694824218750e+02
3.912057920487109985e+00 4.941768493652343750e+02
3.915491056003113979e+00 4.896781005859375000e+02
3.918924191519118860e+00 4.866847229003906250e+02
3.922357327035123298e+00 4.940988464355468750e+02
3.925790462551128179e+00 4.964256591796875000e+02
3.929223598067132173e+00 4.977371520996093750e+02
3.932656733583136610e+00 4.915392761230468750e+02
3.936089869099141492e+00 4.868804016113281250e+02
3.939523004615145929e+00 4.886773071289062500e+02
3.942956140131149922e+00 4.850290222167968750e+02
3.946389275647154804e+00 4.851244812011718750e+02
3.949822411163159241e+00 4.777012634277343750e+02
3.953255546679164123e+00 4.795762329101562500e+02
3.956688682195168116e+00 4.831648254394531250e+02
3.960121817711172554e+00 4.834551696777343750e+02
3.963554953227177435e+00 4.906823120117187500e+02
3.966988088743181429e+00 4.953731079101562500e+02
3.970421224259185866e+00 5.026779479980468750e+02
3.973854359775190748e+00 4.930814514160156250e+02
3.977287495291195185e+00 4.885150451660156250e+02
3.980720630807199178e+00 4.829784545898437500e+02
3.984153766323204060e+00 4.831362915039062500e+02
3.987586901839208497e+00 4.813547668457031250e+02
3.991020037355213379e+00 4.884350891113281250e+02
3.994453172871216928e+00 4.967375488281250000e+02
3.997886308387221810e+00 5.045812072753906250e+02
4.001319443903226691e+00 5.203060302734375000e+02
4.004752579419231573e+00 5.484139404296875000e+02
4.008185714935234678e+00 5.888001708984375000e+02
4.011618850451239560e+00 6.227500000000000000e+02
4.015051985967244441e+00 6.537185058593750000e+02
4.018485121483249323e+00 6.703529663085937500e+02
4.021918256999253316e+00 6.830617675781250000e+02
4.025351392515257309e+00 6.753939208984375000e+02
4.028784528031262191e+00 6.528329467773437500e+02
4.032217663547267072e+00 6.190446777343750000e+02
4.035650799063271066e+00 5.871438598632812500e+02
4.039083934579275947e+00 5.635264282226562500e+02
4.042517070095279941e+00 5.423377075195312500e+02
4.045950205611284822e+00 5.224534301757812500e+02
4.049383341127288816e+00 5.100132141113281250e+02
4.052816476643293697e+00 5.020061340332031250e+02
4.056249612159298579e+00 4.984850463867187500e+02
4.059682747675302572e+00 4.941635437011718750e+02
4.063115883191306565e+00 4.963663330078125000e+02
4.066549018707311447e+00 4.991133728027343750e+02
4.069982154223316329e+00 4.969483337402343750e+02
4.073415289739321210e+00 4.938610534667968750e+02
4.076848425255325203e+00 4.857617492675781250e+02
4.080281560771329197e+00 4.790597534179687500e+02
4.083714696287334078e+00 4.722044982910156250e+02
4.087147831803338960e+00 4.713623962402343750e+02
4.090580967319342953e+00 4.709319763183593750e+02
4.094014102835347835e+00 4.670670776367187500e+02
4.097447238351351828e+00 4.648220520019531250e+02
4.100880373867356710e+00 4.629725952148437500e+02
4.104313509383360703e+00 4.653159790039062500e+02
4.107746644899365585e+00 4.659479980468750000e+02
4.111179780415370466e+00 4.653889465332031250e+02
4.114612915931374459e+00 4.638411560058593750e+02
4.118046051447378453e+00 4.647221984863281250e+02
4.121479186963383334e+00 4.704604797363281250e+02
4.124912322479388216e+00 4.805893249511718750e+02
4.128345457995392209e+00 4.845277099609375000e+02
4.131778593511397091e+00 4.854984130859375000e+02
4.135211729027401084e+00 4.800770874023437500e+02
4.138644864543405966e+00 4.786465454101562500e+02
4.142078000059409959e+00 4.776996154785156250e+02
4.145511135575414841e+00 4.821766052246093750e+02
4.148944271091419722e+00 4.765710449218750000e+02
4.152377406607423715e+00 4.716257324218750000e+02
4.155810542123427709e+00 4.665931701660156250e+02
4.159243677639432590e+00 4.717342224121093750e+02
4.162676813155437472e+00 4.753193054199218750e+02
4.166109948671442353e+00 4.817048950195312500e+02
4.169543084187445459e+00 4.874864807128906250e+02
4.172976219703450340e+00 4.912792358398437500e+02
4.176409355219455222e+00 4.966799316406250000e+02
4.179842490735460103e+00 5.066466674804687500e+02
4.183275626251464097e+00 5.248875732421875000e+02
4.186708761767468090e+00 5.389991455078125000e+02
4.190141897283472971e+00 5.471464843750000000e+02
4.193575032799477853e+00 5.518839111328125000e+02
4.197008168315481846e+00 5.562917480468750000e+02
4.200441303831486728e+00 5.542690429687500000e+02
4.203874439347490721e+00 5.481492309570312500e+02
4.207307574863495603e+00 5.392846679687500000e+02
4.210740710379499596e+00 5.363284912109375000e+02
4.214173845895504478e+00 5.355412597656250000e+02
4.217606981411509359e+00 5.395477294921875000e+02
4.221040116927513353e+00 5.483897094726562500e+02
4.224473252443517346e+00 5.571988525390625000e+02
4.227906387959522228e+00 5.564751586914062500e+02
4.231339523475527109e+00 5.483428955078125000e+02
4.234772658991531991e+00 5.358717651367187500e+02
4.238205794507535984e+00 5.270958251953125000e+02
4.241638930023539977e+00 5.151457519531250000e+02
4.245072065539544859e+00 5.045235595703125000e+02
4.248505201055549740e+00 4.936560363769531250e+02
4.251938336571553734e+00 4.853621215820312500e+02
4.255371472087558615e+00 4.724812011718750000e+02
4.258804607603562609e+00 4.676296997070312500e+02
4.262237743119566602e+00 4.683023071289062500e+02
4.265670878635571484e+00 4.750578002929687500e+02
4.269104014151576365e+00 4.770483703613281250e+02
4.272537149667581247e+00 4.727287902832031250e+02
4.275970285183585240e+00 4.691873779296875000e+02
4.279403420699589233e+00 4.672907104492187500e+02
4.282836556215594115e+00 4.735487976074218750e+02
4.286269691731598996e+00 4.762338867187500000e+02
4.289702827247602990e+00 4.874689025878906250e+02
4.293135962763607871e+00 5.082994995117187500e+02
4.296569098279611865e+00 5.355723266601562500e+02
4.300002233795616746e+00 5.614328613281250000e+02
4.303435369311620740e+00 5.718804931640625000e+02
4.306868504827625621e+00 5.723646850585937500e+02
4.310301640343630503e+00 5.638350219726562500e+02
4.313734775859634496e+00 5.524840698242187500e+02
4.317167911375638489e+00 5.349642944335937500e+02
4.320601046891643371e+00 5.136699218750000000e+02
4.324034182407648252e+00 4.963502502441406250e+02
4.327467317923653134e+00 4.834064025878906250e+02
4.330900453439656239e+00 4.784617004394531250e+02
4.334333588955661121e+00 4.723956604003906250e+02
4.337766724471666002e+00 4.675222778320312500e+02
4.341199859987670884e+00 4.566722717285156250e+02
4.344632995503674877e+00 4.562860717773437500e+02
4.348066131019678870e+00 4.574396667480468750e+02
4.351499266535683752e+00 4.634480285644531250e+02
4.354932402051688634e+00 4.644749145507812500e+02
4.358365537567692627e+00 4.614423828125000000e+02
4.361798673083697508e+00 4.567329101562500000e+02
4.365231808599701502e+00 4.564064941406250000e+02
4.368664944115706383e+00 4.613734130859375000e+02
4.372098079631710377e+00 4.683784179687500000e+02
4.375531215147715258e+00 4.729204406738281250e+02
4.378964350663720140e+00 4.736823425292968750e+02
4.382397486179724133e+00 4.684517822265625000e+02
4.385830621695728126e+00 4.631745605468750000e+02
4.389263757211733008e+00 4.568559570312500000e+02
4.392696892727737890e+00 4.539596557617187500e+02
4.396130028243741883e+00 4.557430419921875000e+02
4.399563163759746764e+00 4.589379882812500000e+02
4.402996299275750758e+00 4.619470520019531250e+02
4.406429434791755639e+00 4.659223022460937500e+02
4.409862570307759633e+00 4.766343383789062500e+02
4.413295705823764514e+00 4.887393798828125000e+02
4.416728841339769396e+00 4.975758666992187500e+02
4.420161976855773389e+00 5.027692260742187500e+02
4.423595112371777383e+00 5.062992858886718750e+02
4.427028247887782264e+00 5.031659240722656250e+02
4.430461383403787146e+00 4.896495361328125000e+02
4.433894518919792027e+00 4.796667480468750000e+02
4.437327654435796020e+00 4.735968933105468750e+02
4.440760789951800014e+00 4.673593139648437500e+02
4.444193925467804895e+00 4.536280212402343750e+02
4.447627060983809777e+00 4.465664672851562500e+02
4.451060196499813770e+00 4.420267333984375000e+02
4.454493332015818652e+00 4.380692749023437500e+02
4.457926467531822645e+00 4.351215820312500000e+02
4.461359603047827527e+00 4.370511779785156250e+02
4.464792738563831520e+00 4.438472595214843750e+02
4.468225874079836402e+00 4.477441101074218750e+02
4.471659009595841283e+00 4.500629272460937500e+02
4.475092145111845277e+00 4.451414184570312500e+02
4.478525280627849270e+00 4.433914489746093750e+02
4.481958416143854151e+00 4.428837280273437500e+02
4.485391551659859033e+00 4.449782409667968750e+02
4.488824687175863914e+00 4.457268676757812500e+02
4.492257822691867020e+00 4.419079895019531250e+02
4.495690958207871901e+00 4.393653869628906250e+02
4.499124093723876783e+00 4.348481445312500000e+02
4.502557229239881664e+00 4.362276916503906250e+02
4.505990364755885658e+00 4.331776123046875000e+02
4.509423500271889651e+00 4.322542419433593750e+02
4.512856635787894533e+00 4.284416809082031250e+02
4.516289771303899414e+00 4.310229187011718750e+02
4.519722906819903407e+00 4.329448852539062500e+02
4.523156042335908289e+00 4.336375732421875000e+02
4.526589177851912282e+00 4.326016845703125000e+02
4.530022313367917164e+00 4.322137451171875000e+02
4.533455448883921157e+00 4.369010925292968750e+02
4.536888584399926039e+00 4.385973510742187500e+02
4.540321719915930920e+00 4.390426025390625000e+02
4.543754855431934914e+00 4.368755493164062500e+02
4.547187990947938907e+00 4.350168762207031250e+02
4.550621126463943789e+00 4.381900634765625000e+02
4.554054261979948670e+00 4.361195678710937500e+02
4.557487397495952663e+00 4.349971923828125000e+02
4.560920533011957545e+00 4.288586120605468750e+02
4.564353668527961538e+00 4.290529174804687500e+02
4.567786804043966420e+00 4.309388122558593750e+02
4.571219939559970413e+00 4.336943359375000000e+02
4.574653075075975295e+00 4.300986633300781250e+02
4.578086210591980176e+00 4.309865112304687500e+02
4.581519346107984170e+00 4.343511352539062500e+02
4.584952481623988163e+00 4.344931640625000000e+02
4.588385617139993045e+00 4.327947692871093750e+02
4.591818752655997926e+00 4.346734924316406250e+02
4.595251888172002808e+00 4.392798461914062500e+02
4.598685023688006801e+00 4.431994018554687500e+02
4.602118159204010794e+00 4.400808410644531250e+02
4.605551294720015676e+00 4.398635559082031250e+02
4.608984430236020557e+00 4.383992309570312500e+02
4.612417565752024551e+00 4.389298095703125000e+02
4.615850701268029432e+00 4.401051940917968750e+02
4.619283836784033426e+00 4.408098449707031250e+02
4.622716972300038307e+00 4.448836059570312500e+02
4.626150107816042301e+00 4.457890930175781250e+02
4.629583243332047182e+00 4.491867065429687500e+02
4.633016378848052064e+00 4.533356018066406250e+02
4.636449514364056057e+00 4.611420288085937500e+02
4.639882649880060050e+00 4.693090820312500000e+02
4.643315785396064932e+00 4.845236511230468750e+02
4.646748920912069813e+00 5.055969543457031250e+02
4.650182056428074695e+00 5.285039062500000000e+02
4.653615191944077800e+00 5.492976684570312500e+02
4.657048327460082682e+00 5.626121826171875000e+02
4.660481462976087563e+00 5.696411743164062500e+02
4.663914598492092445e+00 5.744420776367187500e+02
4.667347734008096438e+00 5.824014282226562500e+02
4.670780869524100432e+00 5.819047241210937500e+02
4.674214005040105313e+00 5.760357055664062500e+02
4.677647140556110195e+00 5.667185058593750000e+02
4.681080276072114188e+00 5.586213989257812500e+02
4.684513411588119070e+00 5.494005737304687500e+02
4.687946547104123063e+00 5.336140747070312500e+02
4.691379682620127056e+00 5.187927246093750000e+02
4.694812818136131938e+00 4.990429077148437500e+02
4.698245953652136819e+00 4.810867309570312500e+02
4.701679089168141701e+00 4.637747192382812500e+02
4.705112224684145694e+00 4.508007202148437500e+02
4.708545360200149688e+00 4.452975769042968750e+02
4.711978495716154569e+00 4.421772155761718750e+02
4.715411631232159451e+00 4.411953125000000000e+02
4.718844766748163444e+00 4.385432739257812500e+02
4.722277902264168326e+00 4.421746520996093750e+02
4.725711037780172319e+00 4.407890930175781250e+02
4.729144173296177200e+00 4.377709960937500000e+02
4.732577308812181194e+00 4.288746337890625000e+02
4.736010444328186075e+00 4.248273925781250000e+02
4.739443579844190957e+00 4.285692443847656250e+02
4.742876715360194950e+00 4.345346374511718750e+02
4.746309850876198944e+00 4.379013366699218750e+02
4.749742986392203825e+00 4.363964233398437500e+02
4.753176121908208707e+00 4.322856750488281250e+02
4.756609257424213588e+00 4.347225341796875000e+02
4.760042392940217582e+00 4.382510375976562500e+02
4.763475528456221575e+00 4.456690368652343750e+02
4.766908663972226456e+00 4.440464782714843750e+02
4.770341799488231338e+00 4.372217102050781250e+02
4.773774935004235331e+00 4.361111755371093750e+02
4.777208070520240213e+00 4.388144836425781250e+02
4.780641206036244206e+00 4.450898742675781250e+02
4.784074341552249088e+00 4.435563049316406250e+02
4.787507477068253081e+00 4.441174011230468750e+02
4.790940612584257963e+00 4.465127868652343750e+02
4.794373748100262844e+00 4.495423278808593750e+02
4.797806883616266838e+00 4.486430053710937500e+02
4.801240019132270831e+00 4.447103271484375000e+02
4.804673154648275712e+00 4.451070556640625000e+02
4.808106290164280594e+00 4.498408508300781250e+02
4.811539425680285476e+00 4.543297729492187500e+02
4.814972561196288581e+00 4.582958068847656250e+02
4.818405696712293462e+00 4.557452087402343750e+02
4.821838832228298344e+00 4.545446472167968750e+02
4.825271967744303225e+00 4.510993041992187500e+02
4.828705103260307219e+00 4.483851623535156250e+02
4.832138238776311212e+00 4.507328796386718750e+02
4.835571374292316094e+00 4.501297607421875000e+02
4.839004509808320087e+00 4.505105285644531250e+02
4.842437645324324968e+00 4.469577636718750000e+02
4.845870780840329850e+00 4.468577880859375000e+02
4.849303916356333843e+00 4.503314819335937500e+02
4.852737051872337837e+00 4.590377502441406250e+02
4.856170187388342718e+00 4.764924621582031250e+02
4.859603322904347600e+00 5.174140014648437500e+02
4.863036458420352481e+00 5.949161376953125000e+02
4.866469593936356475e+00 7.168524169921875000e+02
4.869902729452360468e+00 8.711817626953125000e+02
4.873335864968365350e+00 1.049159301757812500e+03
4.876769000484370231e+00 1.205242553710937500e+03
4.880202136000374225e+00 1.313069091796875000e+03
4.883635271516379106e+00 1.338403076171875000e+03
4.887068407032383099e+00 1.296062622070312500e+03
4.890501542548387981e+00 1.198808471679687500e+03
4.893934678064391974e+00 1.076895507812500000e+03
4.897367813580396856e+00 9.379299316406250000e+02
4.900800949096401737e+00 8.061580810546875000e+02
4.904234084612405731e+00 6.896080932617187500e+02
4.907667220128409724e+00 5.977032470703125000e+02
4.911100355644414606e+00 5.310247192382812500e+02
4.914533491160419487e+00 4.916598815917968750e+02
4.917966626676424369e+00 4.729495544433593750e+02
4.921399762192428362e+00 4.616564331054687500e+02
4.924832897708432355e+00 4.549334716796875000e+02
4.928266033224437237e+00 4.516643371582031250e+02
4.931699168740442119e+00 4.522710571289062500e+02
4.935132304256446112e+00 4.558766784667968750e+02
4.938565439772450993e+00 4.542872009277343750e+02
4.941998575288454987e+00 4.477020874023437500e+02
4.945431710804459868e+00 4.421851501464843750e+02
4.948864846320463862e+00 4.466154479980468750e+02
4.952297981836468743e+00 4.549832153320312500e+02
4.955731117352473625e+00 4.564370117187500000e+02
4.959164252868477618e+00 4.559610595703125000e+02
4.962597388384481611e+00 4.568477783203125000e+02
4.966030523900486493e+00 4.606807861328125000e+02
4.969463659416491375e+00 4.615635375976562500e+02
4.972896794932496256e+00 4.619235839843750000e+02
4.976329930448499361e+00 4.596159057617187500e+02
4.979763065964504243e+00 4.573441772460937500e+02
4.983196201480509124e+00 4.529077148437500000e+02
4.986629336996513118e+00 4.510171508789062500e+02
4.990062472512517999e+00 4.451585083007812500e+02
4.993495608028521993e+00 4.353404235839843750e+02
4.996928743544526874e+00 4.255957641601562500e+02
5.000361879060530867e+00 4.235938110351562500e+02
5.003795014576535749e+00 4.277312316894531250e+02
5.007228150092540631e+00 4.276530151367187500e+02
5.010661285608544624e+00 4.265523071289062500e+02
5.014094421124548617e+00 4.248836975097656250e+02
5.017527556640553499e+00 4.296116638183593750e+02
5.020960692156558380e+00 4.324453430175781250e+02
5.024393827672563262e+00 4.334184265136718750e+02
5.027826963188567255e+00 4.335093383789062500e+02
5.031260098704571249e+00 4.322966003417968750e+02
5.034693234220576130e+00 4.375465698242187500e+02
5.038126369736581012e+00 4.397647705078125000e+02
5.041559505252585005e+00 4.464211120605468750e+02
5.044992640768589887e+00 4.501084899902343750e+02
5.048425776284593880e+00 4.533933715820312500e+02
5.051858911800598761e+00 4.496344604492187500e+02
5.055292047316602755e+00 4.454902954101562500e+02
5.058725182832607636e+00 4.392975769042968750e+02
5.062158318348612518e+00 4.335925292968750000e+02
5.065591453864616511e+00 4.285408020019531250e+02
5.069024589380620505e+00 4.286983642578125000e+02
5.072457724896625386e+00 4.318996887207031250e+02
5.075890860412630268e+00 4.317670898437500000e+02
5.079323995928635149e+00 4.269898681640625000e+02
5.082757131444638254e+00 4.183732299804687500e+02
5.086190266960643136e+00 4.154101562500000000e+02
5.089623402476648018e+00 4.178931579589843750e+02
5.093056537992652899e+00 4.254815673828125000e+02
5.096489673508656892e+00 4.271072692871093750e+02
5.099922809024661774e+00 4.246138610839843750e+02
5.103355944540665767e+00 4.177422180175781250e+02
5.106789080056670649e+00 4.134964294433593750e+02
5.110222215572674642e+00 4.124070129394531250e+02
5.113655351088679524e+00 4.091746215820312500e+02
5.117088486604684405e+00 4.080247192382812500e+02
5.120521622120688399e+00 4.040729064941406250e+02
5.123954757636692392e+00 4.084783630371093750e+02
5.127387893152697274e+00 4.116892395019531250e+02
5.130821028668702155e+00 4.114769287109375000e+02
5.134254164184706148e+00 4.081469421386718750e+02
5.137687299700710142e+00 4.066904296875000000e+02
5.141120435216715023e+00 4.082208862304687500e+02
5.144553570732719905e+00 4.074786071777343750e+02
5.147986706248723898e+00 4.075177001953125000e+02
5.151419841764728780e+00 4.110384826660156250e+02
5.154852977280732773e+00 4.128962402343750000e+02
5.158286112796737655e+00 4.147477416992187500e+02
5.161719248312741648e+00 4.188787841796875000e+02
5.165152383828746530e+00 4.226009521484375000e+02
5.168585519344751411e+00 4.246144409179687500e+02
5.172018654860755404e+00 4.264389038085937500e+02
5.175451790376759398e+00 4.286641235351562500e+02
5.178884925892764279e+00 4.286455383300781250e+02
5.182318061408769161e+00 4.249399719238281250e+02
5.185751196924774042e+00 4.215056762695312500e+02
5.189184332440778036e+00 4.122347717285156250e+02
5.192617467956782029e+00 4.103955383300781250e+02
5.196050603472786911e+00 4.085464477539062500e+02
5.199483738988791792e+00 4.113690490722656250e+02
5.202916874504795786e+00 4.153482971191406250e+02
5.206350010020800667e+00 4.257208251953125000e+02
5.209783145536804660e+00 4.362661743164062500e+02
5.213216281052809542e+00 4.407023010253906250e+02
5.216649416568813535e+00 4.472326354980468750e+02
5.220082552084818417e+00 4.567592773437500000e+02
5.223515687600823298e+00 4.572954711914062500e+02
5.226948823116827292e+00 4.520519104003906250e+02
5.230381958632831285e+00 4.475429687500000000e+02
5.233815094148836167e+00 4.453455810546875000e+02
5.237248229664841048e+00 4.375653686523437500e+02
5.240681365180845930e+00 4.262837219238281250e+02
5.244114500696849035e+00 4.222050476074218750e+02
5.247547636212853917e+00 4.197130737304687500e+02
5.250980771728858798e+00 4.175729370117187500e+02
5.254413907244863680e+00 4.086753540039062500e+02
5.257847042760867673e+00 4.052106933593750000e+02
5.261280178276872554e+00 4.004506225585937500e+02
5.264713313792876548e+00 4.005815429687500000e+02
5.268146449308881429e+00 3.980195617675781250e+02
5.271579584824885423e+00 3.997723388671875000e+02
5.275012720340890304e+00 4.022853698730468750e+02
5.278445855856895186e+00 4.063412475585937500e+02
5.281878991372898291e+00 4.116924438476562500e+02
5.285312126888903173e+00 4.142178344726562500e+02
5.288745262404908054e+00 4.155085449218750000e+02
5.292178397920912936e+00 4.183174438476562500e+02
5.295611533436916929e+00 4.211575927734375000e+02
5.299044668952920922e+00 4.201221313476562500e+02
5.302477804468925804e+00 4.137066955566406250e+02
5.305910939984930685e+00 4.118351440429687500e+02
5.309344075500934679e+00 4.132721557617187500e+02
5.312777211016939560e+00 4.166506042480468750e+02
5.316210346532943554e+00 4.125109863281250000e+02
5.319643482048948435e+00 4.068792419433593750e+02
5.323076617564952429e+00 4.037106628417968750e+02
5.326509753080957310e+00 4.057806396484375000e+02
5.329942888596962192e+00 4.096459655761718750e+02
5.333376024112966185e+00 4.113586425781250000e+02
5.336809159628970178e+00 4.152955627441406250e+02
5.340242295144975060e+00 4.171782531738281250e+02
5.343675430660979941e+00 4.242350158691406250e+02
5.347108566176984823e+00 4.348389892578125000e+02
5.350541701692988816e+00 4.518972778320312500e+02
5.353974837208992810e+00 4.614167785644531250e+02
5.357407972724997691e+00 4.651247253417968750e+02
5.360841108241002573e+00 4.631898803710937500e+02
5.364274243757006566e+00 4.561376953125000000e+02
5.367707379273011448e+00 4.543697509765625000e+02
5.371140514789015441e+00 4.471454772949218750e+02
5.374573650305020323e+00 4.414455566406250000e+02
5.378006785821024316e+00 4.273694763183593750e+02
5.381439921337029197e+00 4.159389038085937500e+02
5.384873056853034079e+00 4.058057556152343750e+02
5.388306192369038072e+00 4.003833923339843750e+02
5.391739327885042066e+00 3.988406677246093750e+02
5.395172463401046947e+00 3.979815368652343750e+02
5.398605598917051829e+00 3.994031066894531250e+02
5.402038734433056710e+00 4.000775146484375000e+02
5.405471869949059815e+00 3.974739074707031250e+02
5.408905005465064697e+00 3.955462951660156250e+02
5.412338140981069579e+00 3.948146972656250000e+02
5.415771276497074460e+00 4.017671203613281250e+02
5.419204412013078453e+00 4.050988769531250000e+02
5.422637547529083335e+00 4.058357543945312500e+02
5.426070683045087328e+00 4.055747070312500000e+02
5.429503818561091322e+00 4.090690612792968750e+02
5.432936954077096203e+00 4.119999389648437500e+02
5.436370089593101085e+00 4.131081237792968750e+02
5.439803225109105966e+00 4.119431457519531250e+02
5.443236360625109072e+00 4.103088684082031250e+02
5.446669496141113953e+00 4.065752258300781250e+02
5.450102631657118835e+00 4.070420227050781250e+02
5.453535767173123716e+00 4.100159301757812500e+02
5.456968902689127709e+00 4.060888977050781250e+02
5.460402038205131703e+00 3.992683715820312500e+02
5.463835173721136584e+00 3.941193237304687500e+02
5.467268309237141466e+00 3.959070129394531250e+02
5.470701444753145459e+00 3.997829895019531250e+02
5.474134580269150341e+00 4.080892028808593750e+02
5.477567715785154334e+00 4.174440307617187500e+02
5.481000851301159216e+00 4.281692199707031250e+02
5.484433986817163209e+00 4.340950927734375000e+02
5.487867122333168091e+00 4.384730224609375000e+02
5.491300257849172972e+00 4.417371826171875000e+02
5.494733393365176966e+00 4.417245178222656250e+02
5.498166528881180959e+00 4.419801635742187500e+02
5.501599664397185840e+00 4.324877014160156250e+02
5.505032799913190722e+00 4.298186645507812500e+02
5.508465935429195603e+00 4.191442565917968750e+02
5.511899070945199597e+00 4.165175781250000000e+02
5.515332206461203590e+00 4.137447814941406250e+02
5.518765341977208472e+00 4.179418029785156250e+02
5.522198477493213353e+00 4.175357360839843750e+02
5.525631613009217347e+00 4.128079833984375000e+02
5.529064748525222228e+00 4.073435974121093750e+02
5.532497884041226222e+00 4.049129638671875000e+02
5.535931019557231103e+00 3.969042358398437500e+02
5.539364155073235096e+00 3.951216735839843750e+02
5.542797290589239978e+00 3.956361389160156250e+02
5.546230426105244860e+00 4.007217712402343750e+02
5.549663561621248853e+00 3.966247558593750000e+02
5.553096697137252846e+00 3.914211120605468750e+02
5.556529832653257728e+00 3.908888549804687500e+02
5.559962968169262609e+00 3.952662963867187500e+02
5.563396103685267491e+00 4.012497863769531250e+02
5.566829239201270596e+00 4.061462097167968750e+02
5.570262374717275478e+00 4.085238342285156250e+02
5.573695510233280359e+00 4.063675231933593750e+02
5.577128645749284352e+00 4.024241943359375000e+02
5.580561781265289234e+00 3.992277221679687500e+02
5.583994916781293227e+00 3.974855651855468750e+02
5.587428052297298109e+00 3.954894104003906250e+02
5.590861187813302102e+00 3.959358520507812500e+02
5.594294323329306984e+00 3.958357238769531250e+02
5.597727458845311865e+00 3.957391357421875000e+02
5.601160594361316747e+00 3.941092224121093750e+02
5.604593729877319852e+00 3.944795837402343750e+02
5.608026865393324734e+00 3.930072937011718750e+02
5.611460000909329615e+00 3.902746887207031250e+02
5.614893136425334497e+00 3.852146301269531250e+02
5.618326271941338490e+00 3.861603088378906250e+02
5.621759407457342483e+00 3.901229553222656250e+02
5.625192542973347365e+00 3.961314392089843750e+02
5.628625678489352246e+00 3.984326171875000000e+02
5.632058814005356240e+00 3.962190246582031250e+02
5.635491949521361121e+00 3.904504699707031250e+02
5.638925085037365115e+00 3.873123168945312500e+02
5.642358220553369996e+00 3.885280761718750000e+02
5.645791356069373990e+00 3.874757385253906250e+02
5.649224491585378871e+00 3.852505493164062500e+02
5.652657627101383753e+00 3.863034973144531250e+02
5.656090762617387746e+00 3.893435668945312500e+02
5.659523898133391739e+00 3.906791381835937500e+02
5.662957033649396621e+00 3.877780761718750000e+02
5.666390169165401502e+00 3.885151672363281250e+02
5.669823304681406384e+00 3.880483093261718750e+02
5.673256440197410377e+00 3.919950866699218750e+02
5.676689575713414371e+00 3.955342407226562500e+02
5.680122711229419252e+00 4.018207092285156250e+02
5.683555846745424134e+00 4.067298889160156250e+02
5.686988982261428127e+00 4.103160095214843750e+02
5.690422117777433009e+00 4.139862060546875000e+02
5.693855253293437002e+00 4.187529907226562500e+02
5.697288388809441884e+00 4.243062133789062500e+02
5.700721524325445877e+00 4.304176940917968750e+02
5.704154659841450759e+00 4.330788269042968750e+02
5.707587795357455640e+00 4.332811889648437500e+02
5.711020930873459633e+00 4.390144958496093750e+02
5.714454066389463627e+00 4.469236145019531250e+02
5.717887201905468508e+00 4.551079406738281250e+02
5.721320337421473390e+00 4.604655456542968750e+02
5.724753472937477383e+00 4.625591430664062500e+02
5.728186608453481377e+00 4.601205139160156250e+02
5.731619743969486258e+00 4.543013916015625000e+02
5.735052879485491140e+00 4.421216735839843750e+02
5.738486015001495133e+00 4.286181640625000000e+02
5.741919150517500015e+00 4.161602172851562500e+02
5.745352286033504008e+00 4.078055725097656250e+02
5.748785421549508889e+00 4.023372802734375000e+02
5.752218557065512883e+00 3.919963378906250000e+02
5.755651692581517764e+00 3.875079040527343750e+02
5.759084828097522646e+00 3.859928588867187500e+02
5.762517963613527527e+00 3.881005249023437500e+02
5.765951099129530633e+00 3.877738342285156250e+02
5.769384234645535514e+00 3.852249145507812500e+02
5.772817370161540396e+00 3.856819152832031250e+02
5.776250505677545277e+00 3.864953613281250000e+02
5.779683641193549271e+00 3.879848327636718750e+02
5.783116776709553264e+00 3.896169128417968750e+02
5.786549912225558145e+00 3.845903625488281250e+02
5.789983047741563027e+00 3.814724426269531250e+02
5.793416183257567020e+00 3.781700439453125000e+02
5.796849318773571902e+00 3.826817626953125000e+02
5.800282454289575895e+00 3.903539123535156250e+02
5.803715589805580777e+00 3.937135620117187500e+02
5.807148725321584770e+00 3.924744262695312500e+02
5.810581860837589652e+00 3.852519836425781250e+02
5.814014996353594533e+00 3.838262634277343750e+02
5.817448131869598527e+00 3.842778015136718750e+02
5.820881267385602520e+00 3.839084167480468750e+02
5.824314402901607401e+00 3.868068542480468750e+02
5.827747538417612283e+00 3.883445434570312500e+02
5.831180673933617165e+00 3.903417968750000000e+02
5.834613809449621158e+00 3.862949218750000000e+02
5.838046944965625151e+00 3.862976989746093750e+02
5.841480080481630033e+00 3.816234741210937500e+02
5.844913215997634914e+00 3.853410339355468750e+02
5.848346351513638908e+00 3.828253784179687500e+02
5.851779487029643789e+00 3.840605773925781250e+02
5.855212622545647783e+00 3.804505615234375000e+02
5.858645758061652664e+00 3.794418640136718750e+02
5.862078893577656657e+00 3.782538757324218750e+02
5.865512029093661539e+00 3.818787231445312500e+02
5.868945164609666421e+00 3.864464416503906250e+02
5.872378300125669526e+00 3.876526184082031250e+02
5.875811435641674407e+00 3.849258422851562500e+02
5.879244571157679289e+00 3.787715148925781250e+02
5.882677706673684170e+00 3.757089233398437500e+02
5.886110842189688164e+00 3.751820373535156250e+02
5.889543977705692157e+00 3.791246948242187500e+02
5.892977113221697039e+00 3.825531311035156250e+02
5.896410248737701920e+00 3.861654968261718750e+02
5.899843384253705914e+00 3.887070922851562500e+02
5.903276519769710795e+00 3.918531494140625000e+02
5.906709655285714788e+00 3.891850585937500000e+02
5.910142790801719670e+00 3.859783935546875000e+02
5.913575926317723663e+00 3.805902709960937500e+02
5.917009061833728545e+00 3.783257751464843750e+02
5.920442197349733426e+00 3.770921936035156250e+02
5.923875332865738308e+00 3.792942810058593750e+02
5.927308468381741413e+00 3.789799194335937500e+02
5.930741603897746295e+00 3.776996459960937500e+02
5.934174739413751176e+00 3.772068176269531250e+02
5.937607874929756058e+00 3.754564514160156250e+02
5.941041010445760051e+00 3.769508361816406250e+02
5.944474145961764044e+00 3.801373901367187500e+02
5.947907281477768926e+00 3.868489074707031250e+02
5.951340416993773808e+00 3.885592346191406250e+02
5.954773552509777801e+00 3.887710571289062500e+02
5.958206688025782682e+00 3.957635192871093750e+02
5.961639823541786676e+00 4.038475036621093750e+02
5.965072959057791557e+00 4.184275207519531250e+02
5.968506094573795551e+00 4.391469726562500000e+02
5.971939230089800432e+00 4.594215087890625000e+02
5.975372365605805314e+00 4.742562255859375000e+02
5.978805501121809307e+00 4.762001647949218750e+02
5.982238636637813300e+00 4.753178405761718750e+02
5.985671772153818182e+00 4.701349487304687500e+02
5.989104907669823064e+00 4.571731567382812500e+02
5.992538043185827945e+00 4.473621520996093750e+02
5.995971178701831938e+00 4.347526550292968750e+02
5.999404314217835932e+00 4.282155761718750000e+02
6.002837449733840813e+00 4.150872802734375000e+02
6.006270585249845695e+00 4.064989624023437500e+02
6.009703720765849688e+00 4.000922241210937500e+02
6.013136856281854570e+00 3.984563293457031250e+02
6.016569991797858563e+00 3.964598083496093750e+02
6.020003127313862556e+00 3.936523742675781250e+02
6.023436262829867438e+00 3.938968811035156250e+02
6.026869398345872320e+00 3.941302490234375000e+02
6.030302533861877201e+00 3.950684509277343750e+02
6.033735669377880306e+00 3.939264526367187500e+02
6.037168804893885188e+00 3.983765258789062500e+02
6.040601940409890069e+00 3.980950622558593750e+02
6.044035075925894951e+00 3.989399108886718750e+02
6.047468211441898944e+00 3.953011474609375000e+02
6.050901346957902938e+00 3.975146179199218750e+02
6.054334482473907819e+00 3.964692687988281250e+02
6.057767617989912701e+00 3.988605346679687500e+02
6.061200753505916694e+00 4.023514404296875000e+02
6.064633889021921576e+00 4.054303283691406250e+02
6.068067024537925569e+00 4.060761108398437500e+02
6.071500160053930450e+00 4.046984558105468750e+02
6.074933295569934444e+00 4.048033752441406250e+02
6.078366431085939325e+00 4.051537780761718750e+02
6.081799566601944207e+00 4.033564147949218750e+02
6.085232702117949088e+00 4.028085937500000000e+02
6.088665837633952194e+00 3.974622802734375000e+02
6.092098973149957075e+00 3.952196350097656250e+02
6.095532108665961957e+00 3.873539428710937500e+02
6.098965244181966838e+00 3.830689392089843750e+02
6.102398379697970832e+00 3.787615356445312500e+02
6.105831515213974825e+00 3.816140441894531250e+02
6.109264650729979707e+00 3.831704711914062500e+02
6.112697786245984588e+00 3.862196655273437500e+02
6.116130921761988581e+00 3.859352111816406250e+02
6.119564057277993463e+00 3.885054626464843750e+02
6.122997192793997456e+00 3.892222595214843750e+02
6.126430328310002338e+00 3.866152038574218750e+02
6.129863463826006331e+00 3.835945434570312500e+02
6.133296599342011213e+00 3.795697021484375000e+02
6.136729734858016094e+00 3.793551330566406250e+02
6.140162870374020088e+00 3.763179931640625000e+02
6.143596005890024081e+00 3.805599975585937500e+02
6.147029141406028963e+00 3.846957397460937500e+02
6.150462276922033844e+00 3.915699462890625000e+02
6.153895412438038726e+00 3.939197998046875000e+02
6.157328547954042719e+00 3.959046020507812500e+02
6.160761683470046712e+00 3.927578125000000000e+02
6.164194818986051594e+00 3.912538757324218750e+02
6.167627954502055587e+00 3.904414672851562500e+02
6.171061090018060469e+00 3.891805419921875000e+02
6.174494225534065350e+00 3.919508666992187500e+02
6.177927361050069344e+00 3.899276428222656250e+02
6.181360496566073337e+00 3.840446166992187500e+02
6.184793632082078219e+00 3.736035156250000000e+02
6.188226767598083100e+00 3.733487243652343750e+02
6.191659903114087982e+00 3.748027343750000000e+02
6.195093038630091087e+00 3.742613830566406250e+02
6.198526174146095968e+00 3.681586608886718750e+02
6.201959309662100850e+00 3.662518005371093750e+02
6.205392445178105731e+00 3.685372009277343750e+02
6.208825580694109725e+00 3.722449951171875000e+02
6.212258716210113718e+00 3.696665344238281250e+02
6.215691851726118600e+00 3.684052124023437500e+02
6.219124987242123481e+00 3.658384094238281250e+02
6.222558122758127475e+00 3.692462768554687500e+02
6.225991258274132356e+00 3.678675231933593750e+02
6.229424393790136349e+00 3.677534179687500000e+02
6.232857529306141231e+00 3.647908935546875000e+02
6.236290664822145224e+00 3.639516906738281250e+02
6.239723800338150106e+00 3.646114501953125000e+02
6.243156935854154987e+00 3.655919189453125000e+02
6.246590071370158981e+00 3.693274230957031250e+02
6.250023206886162974e+00 3.683069458007812500e+02
6.253456342402167856e+00 3.680452270507812500e+02
6.256889477918172737e+00 3.694305419921875000e+02
6.260322613434177619e+00 3.756807250976562500e+02
6.263755748950181612e+00 3.796396179199218750e+02
6.267188884466185606e+00 3.773435974121093750e+02
6.270622019982190487e+00 3.779587707519531250e+02
6.274055155498195369e+00 3.880210266113281250e+02
6.277488291014199362e+00 4.007996826171875000e+02
6.280921426530204243e+00 4.081013183593750000e+02
6.284354562046208237e+00 4.127088928222656250e+02
6.287787697562213118e+00 4.135220031738281250e+02
6.291220833078217112e+00 4.171798095703125000e+02
6.294653968594221993e+00 4.355257568359375000e+02
6.298087104110226875e+00 4.645359497070312500e+02
6.301520239626230868e+00 4.968431396484375000e+02
6.304953375142234862e+00 5.292575683593750000e+02
6.308386510658239743e+00 5.374696044921875000e+02
6.311819646174244625e+00 5.368706054687500000e+02
6.315252781690248618e+00 5.203216552734375000e+02
6.318685917206253500e+00 4.988846130371093750e+02
6.322119052722257493e+00 4.686367797851562500e+02
6.325552188238262374e+00 4.385473327636718750e+02
6.328985323754266368e+00 4.147605285644531250e+02
6.332418459270271249e+00 4.014016418457031250e+02
6.335851594786276131e+00 3.928821716308593750e+02
6.339284730302280124e+00 3.907413635253906250e+02
6.342717865818284118e+00 3.929653015136718750e+02
6.346151001334288999e+00 3.941108093261718750e+02
6.349584136850293881e+00 3.974161682128906250e+02
6.353017272366298762e+00 3.975393371582031250e+02
6.356450407882301867e+00 3.975602416992187500e+02
6.359883543398306749e+00 3.893353576660156250e+02
6.363316678914311630e+00 3.831015930175781250e+02
6.366749814430316512e+00 3.787726440429687500e+02
6.370182949946320505e+00 3.777311401367187500e+02
6.373616085462324499e+00 3.782178955078125000e+02
6.377049220978329380e+00 3.743626098632812500e+02
6.380482356494334262e+00 3.719172058105468750e+02
6.383915492010338255e+00 3.711979370117187500e+02
6.387348627526343137e+00 3.738727722167968750e+02
6.390781763042347130e+00 3.747044372558593750e+02
6.394214898558352012e+00 3.744183044433593750e+02
6.397648034074356005e+00 3.755931396484375000e+02
6.401081169590360886e+00 3.747758789062500000e+02
6.404514305106365768e+00 3.731472778320312500e+02
6.407947440622369761e+00 3.713164978027343750e+02
6.411380576138373755e+00 3.701629333496093750e+02
6.414813711654378636e+00 3.687001647949218750e+02
6.418246847170383518e+00 3.730880126953125000e+02
6.421679982686388399e+00 3.766764221191406250e+02
6.425113118202392393e+00 3.763547058105468750e+02
6.428546253718396386e+00 3.759774169921875000e+02
6.431979389234401268e+00 3.803728332519531250e+02
6.435412524750406149e+00 3.852470397949218750e+02
6.438845660266410142e+00 3.854568176269531250e+02
6.442278795782415024e+00 3.850306091308593750e+02
6.445711931298419017e+00 3.871874084472656250e+02
6.449145066814423011e+00 3.839106445312500000e+02
6.452578202330427892e+00 3.795152282714843750e+02
6.456011337846432774e+00 3.734362487792968750e+02
6.459444473362437655e+00 3.738251953125000000e+02
6.462877608878441649e+00 3.707666931152343750e+02
6.466310744394445642e+00 3.646844787597656250e+02
6.469743879910450524e+00 3.590418701171875000e+02
6.473177015426455405e+00 3.583295898437500000e+02
6.476610150942459398e+00 3.631090393066406250e+02
6.480043286458464280e+00 3.672595825195312500e+02
6.483476421974468273e+00 3.660117187500000000e+02
6.486909557490473155e+00 3.627821655273437500e+02
6.490342693006477148e+00 3.581030273437500000e+02
6.493775828522482030e+00 3.580986328125000000e+02
6.497208964038486911e+00 3.600627441406250000e+02
6.500642099554490905e+00 3.650874938964843750e+02
6.504075235070494898e+00 3.634260559082031250e+02
6.507508370586499780e+00 3.596313476562500000e+02
6.510941506102504661e+00 3.568292236328125000e+02
6.514374641618509543e+00 3.554142150878906250e+02
6.517807777134512648e+00 3.594171752929687500e+02
6.521240912650517529e+00 3.613658142089843750e+02
6.524674048166522411e+00 3.651813964843750000e+02
6.528107183682527292e+00 3.628449707031250000e+02
6.531540319198531286e+00 3.625358276367187500e+02
6.534973454714535279e+00 3.635465393066406250e+02
6.538406590230540161e+00 3.681184082031250000e+02
6.541839725746545042e+00 3.718350830078125000e+02
6.545272861262549036e+00 3.668802185058593750e+02
6.548705996778553917e+00 3.627047119140625000e+02
6.552139132294557911e+00 3.620262145996093750e+02
6.555572267810562792e+00 3.668711547851562500e+02
6.559005403326566785e+00 3.679412841796875000e+02
6.562438538842571667e+00 3.623285522460937500e+02
6.565871674358576549e+00 3.574440612792968750e+02
6.569304809874580542e+00 3.578674621582031250e+02
6.572737945390584535e+00 3.615478210449218750e+02
6.576171080906589417e+00 3.639069213867187500e+02
6.579604216422594298e+00 3.642673645019531250e+02
6.583037351938599180e+00 3.631986694335937500e+02
6.586470487454603173e+00 3.592915954589843750e+02
6.589903622970607167e+00 3.570910339355468750e+02
6.593336758486612048e+00 3.587828063964843750e+02
6.596769894002616041e+00 3.604713439941406250e+02
6.600203029518620923e+00 3.564921569824218750e+02
6.603636165034625805e+00 3.531862182617187500e+02
6.607069300550629798e+00 3.556658325195312500e+02
6.610502436066633791e+00 3.608377685546875000e+02
6.613935571582638673e+00 3.660916748046875000e+02
6.617368707098643554e+00 3.672238159179687500e+02
6.620801842614648436e+00 3.630830078125000000e+02
6.624234978130652429e+00 3.605480651855468750e+02
6.627668113646656423e+00 3.559358825683593750e+02
6.631101249162661304e+00 3.530351867675781250e+02
6.634534384678666186e+00 3.511501159667968750e+02
6.637967520194670179e+00 3.518841857910156250e+02
6.641400655710675061e+00 3.531194152832031250e+02
6.644833791226679054e+00 3.467544555664062500e+02
6.648266926742683935e+00 3.463713073730468750e+02
6.651700062258687929e+00 3.489479980468750000e+02
6.655133197774692810e+00 3.535208740234375000e+02
6.658566333290697692e+00 3.541035156250000000e+02
6.661999468806701685e+00 3.520082702636718750e+02
6.665432604322705679e+00 3.518150024414062500e+02
6.668865739838710560e+00 3.508175354003906250e+02
6.672298875354715442e+00 3.529796447753906250e+02
6.675732010870720323e+00 3.603046569824218750e+02
6.679165146386723428e+00 3.659375915527343750e+02
6.682598281902728310e+00 3.686230773925781250e+02
6.686031417418733191e+00 3.677015686035156250e+02
6.689464552934738073e+00 3.690361328125000000e+02
6.692897688450742066e+00 3.720868530273437500e+02
6.696330823966746060e+00 3.690533752441406250e+02
6.699763959482750941e+00 3.677899475097656250e+02
6.703197094998755823e+00 3.644922485351562500e+02
6.706630230514759816e+00 3.639573364257812500e+02
6.710063366030764698e+00 3.586972961425781250e+02
6.713496501546768691e+00 3.544495239257812500e+02
6.716929637062773573e+00 3.540603332519531250e+02
6.720362772578777566e+00 3.543703308105468750e+02
6.723795908094782448e+00 3.526955566406250000e+02
6.727229043610787329e+00 3.473355102539062500e+02
6.730662179126791322e+00 3.438200073242187500e+02
6.734095314642795316e+00 3.478854064941406250e+02
6.737528450158800197e+00 3.527616577148437500e+02
6.740961585674805079e+00 3.540043945312500000e+02
6.744394721190809072e+00 3.527471008300781250e+02
6.747827856706813954e+00 3.528994445800781250e+02
6.751260992222817947e+00 3.544103088378906250e+02
6.754694127738822829e+00 3.533723754882812500e+02
6.758127263254826822e+00 3.537245178222656250e+02
6.761560398770831704e+00 3.549060668945312500e+02
6.764993534286836585e+00 3.571358947753906250e+02
6.768426669802840578e+00 3.602350158691406250e+02
6.771859805318844572e+00 3.632450256347656250e+02
6.775292940834849453e+00 3.645629272460937500e+02
6.778726076350854335e+00 3.631518859863281250e+02
6.782159211866859216e+00 3.622788391113281250e+02
6.785592347382863210e+00 3.576938781738281250e+02
6.789025482898867203e+00 3.531320800781250000e+02
6.792458618414872085e+00 3.502089843750000000e+02
6.795891753930876966e+00 3.503604736328125000e+02
6.799324889446880960e+00 3.543246154785156250e+02
6.802758024962885841e+00 3.610496215820312500e+02
6.806191160478889834e+00 3.673525085449218750e+02
6.809624295994894716e+00 3.688397827148437500e+02
6.813057431510898709e+00 3.676127319335937500e+02
6.816490567026903591e+00 3.673231506347656250e+02
6.819923702542908472e+00 3.623573608398437500e+02
6.823356838058912466e+00 3.593198547363281250e+02
6.826789973574916459e+00 3.558433837890625000e+02
6.830223109090921341e+00 3.594623718261718750e+02
6.833656244606926222e+00 3.574791259765625000e+02
6.837089380122931104e+00 3.553536987304687500e+02
6.840522515638934209e+00 3.486346435546875000e+02
6.843955651154939090e+00 3.456516723632812500e+02
6.847388786670943972e+00 3.435230712890625000e+02
6.850821922186948854e+00 3.454778747558593750e+02
6.854255057702952847e+00 3.467515258789062500e+02
6.857688193218956840e+00 3.472781372070312500e+02
6.861121328734961722e+00 3.457465209960937500e+02
6.864554464250966603e+00 3.458488464355468750e+02
6.867987599766970597e+00 3.469190063476562500e+02
6.871420735282975478e+00 3.511087646484375000e+02
6.874853870798979472e+00 3.537038574218750000e+02
6.878287006314984353e+00 3.583555908203125000e+02
6.881720141830988346e+00 3.562419738769531250e+02
6.885153277346993228e+00 3.512471008300781250e+02
6.888586412862998110e+00 3.478140258789062500e+02
6.892019548379002103e+00 3.466490478515625000e+02
6.895452683895006096e+00 3.477481689453125000e+02
6.898885819411010978e+00 3.487388000488281250e+02
6.902318954927015859e+00 3.494799194335937500e+02
6.905752090443019853e+00 3.467512817382812500e+02
6.909185225959024734e+00 3.449107666015625000e+02
6.912618361475028728e+00 3.485805053710937500e+02
6.916051496991033609e+00 3.518588256835937500e+02
6.919484632507037603e+00 3.480401916503906250e+02
6.922917768023042484e+00 3.428741760253906250e+02
6.926350903539047366e+00 3.446094360351562500e+02
6.929784039055051359e+00 3.431453857421875000e+02
6.933217174571055352e+00 3.435292968750000000e+02
6.936650310087060234e+00 3.433254699707031250e+02
6.940083445603065115e+00 3.478765869140625000e+02
6.943516581119069997e+00 3.521778869628906250e+02
6.946949716635073990e+00 3.560066223144531250e+02
6.950382852151077984e+00 3.586728210449218750e+02
6.953815987667082865e+00 3.616532897949218750e+02
6.957249123183087747e+00 3.630405273437500000e+02
6.960682258699091740e+00 3.621021118164062500e+02
6.964115394215096622e+00 3.585056457519531250e+02
6.967548529731100615e+00 3.546700744628906250e+02
6.970981665247105497e+00 3.513832397460937500e+02
6.974414800763109490e+00 3.526387634277343750e+02
6.977847936279114371e+00 3.559176635742187500e+02
6.981281071795119253e+00 3.552480773925781250e+02
6.984714207311123246e+00 3.539998168945312500e+02
6.988147342827127240e+00 3.480172424316406250e+02
6.991580478343132121e+00 3.499908447265625000e+02
6.995013613859137003e+00 3.494898071289062500e+02
6.998446749375141884e+00 3.525886535644531250e+02
7.001879884891144989e+00 3.484072265625000000e+02
7.005313020407149871e+00 3.416071166992187500e+02
7.008746155923154753e+00 3.347936706542968750e+02
7.012179291439159634e+00 3.353497314453125000e+02
7.015612426955163627e+00 3.389425659179687500e+02
7.019045562471167621e+00 3.424579162597656250e+02
7.022478697987172502e+00 3.415106506347656250e+02
7.025911833503177384e+00 3.443542480468750000e+02
7.029344969019181377e+00 3.499091796875000000e+02
7.032778104535186259e+00 3.520820007324218750e+02
7.036211240051190252e+00 3.502339782714843750e+02
7.039644375567194245e+00 3.460826721191406250e+02
7.043077511083199127e+00 3.482086791992187500e+02
7.046510646599204009e+00 3.497083740234375000e+02
7.049943782115208890e+00 3.477199707031250000e+02
7.053376917631212883e+00 3.436928405761718750e+02
7.056810053147216877e+00 3.394313964843750000e+02
7.060243188663221758e+00 3.417797851562500000e+02
7.063676324179226640e+00 3.420901489257812500e+02
7.067109459695230633e+00 3.440974426269531250e+02
7.070542595211235515e+00 3.435666198730468750e+02
7.073975730727239508e+00 3.456540832519531250e+02
7.077408866243244390e+00 3.450575866699218750e+02
7.080842001759248383e+00 3.488948669433593750e+02
7.084275137275253265e+00 3.518795166015625000e+02
7.087708272791258146e+00 3.578157653808593750e+02
7.091141408307262139e+00 3.645934448242187500e+02
7.094574543823266133e+00 3.692515869140625000e+02
7.098007679339271014e+00 3.707847290039062500e+02
7.101440814855275896e+00 3.676560668945312500e+02
7.104873950371280777e+00 3.641618957519531250e+02
7.108307085887284771e+00 3.595704956054687500e+02
7.111740221403288764e+00 3.595630187988281250e+02
7.115173356919293646e+00 3.576907043457031250e+02
7.118606492435298527e+00 3.579543151855468750e+02
7.122039627951302521e+00 3.524984436035156250e+02
7.125472763467307402e+00 3.471998291015625000e+02
7.128905898983311396e+00 3.422130737304687500e+02
7.132339034499316277e+00 3.381306457519531250e+02
7.135772170015320270e+00 3.370124816894531250e+02
7.139205305531325152e+00 3.387202453613281250e+02
7.142638441047330033e+00 3.383148803710937500e+02
7.146071576563334027e+00 3.376343383789062500e+02
7.149504712079338020e+00 3.377187500000000000e+02
7.152937847595342902e+00 3.398518066406250000e+02
7.156370983111347783e+00 3.392951660156250000e+02
7.159804118627352665e+00 3.345704040527343750e+02
7.163237254143355770e+00 3.371035766601562500e+02
7.166670389659360652e+00 3.395010070800781250e+02
7.170103525175365533e+00 3.441821289062500000e+02
7.173536660691370415e+00 3.390795288085937500e+02
7.176969796207375296e+00 3.371697998046875000e+02
7.180402931723378401e+00 3.368845520019531250e+02
7.183836067239382395e+00 3.359030151367187500e+02
7.187269202755387276e+00 3.333451538085937500e+02
7.190702338271392158e+00 3.318471069335937500e+02
7.194135473787397039e+00 3.344703063964843750e+02
7.197568609303401033e+00 3.379931030273437500e+02
7.201001744819405914e+00 3.387942199707031250e+02
7.204434880335410796e+00 3.363733520507812500e+02
7.207868015851413901e+00 3.366727600097656250e+02
7.211301151367418782e+00 3.371083374023437500e+02
7.214734286883423664e+00 3.384652099609375000e+02
7.218167422399427657e+00 3.358135986328125000e+02
7.221600557915432539e+00 3.334869689941406250e+02
7.225033693431437420e+00 3.322132263183593750e+02
7.228466828947442302e+00 3.322250061035156250e+02
7.231899964463446295e+00 3.329381408691406250e+02
7.235333099979449401e+00 3.333183288574218750e+02
7.238766235495454282e+00 3.264332885742187500e+02
7.242199371011459164e+00 3.238100891113281250e+02
7.245632506527464045e+00 3.217784423828125000e+02
7.249065642043468927e+00 3.285828857421875000e+02
7.252498777559472920e+00 3.293650207519531250e+02
7.255931913075477802e+00 3.314245910644531250e+02
7.259365048591482683e+00 3.269847412109375000e+02
7.262798184107485788e+00 3.259830017089843750e+02
7.266231319623490670e+00 3.220427246093750000e+02
7.269664455139495551e+00 3.217758789062500000e+02
7.273097590655499545e+00 3.177171936035156250e+02
7.276530726171504426e+00 3.185187377929687500e+02
7.279963861687509308e+00 3.191776123046875000e+02
7.283396997203514189e+00 3.237473449707031250e+02
7.286830132719518183e+00 3.248793029785156250e+02
7.290263268235521288e+00 3.272421264648437500e+02
7.293696403751526169e+00 3.248862609863281250e+02
7.297129539267531051e+00 3.248111267089843750e+02
7.300562674783535932e+00 3.241548767089843750e+02
7.303995810299540814e+00 3.276684265136718750e+02
7.307428945815544807e+00 3.299537658691406250e+02
7.310862081331549689e+00 3.305917968750000000e+02
7.314295216847554570e+00 3.310052490234375000e+02
7.317728352363557676e+00 3.301548767089843750e+02
7.321161487879562557e+00 3.277603454589843750e+02
7.324594623395566551e+00 3.235394592285156250e+02
7.328027758911571432e+00 3.184458312988281250e+02
7.331460894427576314e+00 3.180725097656250000e+02
7.334894029943581195e+00 3.198320617675781250e+02
7.338327165459586077e+00 3.244478454589843750e+02
7.341760300975589182e+00 3.224561157226562500e+02
7.345193436491593175e+00 3.238442993164062500e+02
7.348626572007598057e+00 3.224168395996093750e+02
7.352059707523602938e+00 3.225262145996093750e+02
7.355492843039607820e+00 3.218421020507812500e+02
7.358925978555611813e+00 3.243337402343750000e+02
7.362359114071616695e+00 3.278374023437500000e+02
7.365792249587621576e+00 3.331408386230468750e+02
7.369225385103624681e+00 3.347614746093750000e+02
7.372658520619629563e+00 3.338610229492187500e+02
7.376091656135634445e+00 3.362698974609375000e+02
7.379524791651638438e+00 3.387419128417968750e+02
7.382957927167643319e+00 3.429170227050781250e+02
7.386391062683648201e+00 3.394630737304687500e+02
7.389824198199653082e+00 3.403525390625000000e+02
7.393257333715657076e+00 3.392794189453125000e+02
7.396690469231660181e+00 3.398206176757812500e+02
7.400123604747665063e+00 3.368397216796875000e+02
7.403556740263669944e+00 3.315148315429687500e+02
7.406989875779674826e+00 3.316925659179687500e+02
7.410423011295679707e+00 3.337570190429687500e+02
7.413856146811683701e+00 3.372358093261718750e+02
7.417289282327688582e+00 3.338840942382812500e+02
7.420722417843693464e+00 3.303539428710937500e+02
7.424155553359696569e+00 3.262149353027343750e+02
7.427588688875701450e+00 3.271022033691406250e+02
7.431021824391706332e+00 3.291505432128906250e+02
7.434454959907710325e+00 3.342749328613281250e+02
7.437888095423715207e+00 3.337584533691406250e+02
7.441321230939720088e+00 3.302546691894531250e+02
7.444754366455724970e+00 3.256342163085937500e+02
7.448187501971728963e+00 3.266999511718750000e+02
7.451620637487732068e+00 3.268839111328125000e+02
7.455053773003736950e+00 3.248044738769531250e+02
7.458486908519741831e+00 3.241784667968750000e+02
7.461920044035746713e+00 3.239342651367187500e+02
7.465353179551751595e+00 3.302080383300781250e+02
7.468786315067755588e+00 3.309429321289062500e+02
7.472219450583760469e+00 3.301933593750000000e+02
7.475652586099763575e+00 3.245268859863281250e+02
7.479085721615768456e+00 3.241363830566406250e+02
7.482518857131773338e+00 3.248631896972656250e+02
7.485951992647777331e+00 3.289665832519531250e+02
7.489385128163782213e+00 3.317554626464843750e+02
7.492818263679787094e+00 3.357652893066406250e+02
7.496251399195791976e+00 3.374994201660156250e+02
7.499684534711796857e+00 3.405937194824218750e+02
7.503117670227799962e+00 3.471231994628906250e+02
7.506550805743803956e+00 3.603131713867187500e+02
7.509983941259808837e+00 3.805448913574218750e+02
7.513417076775813719e+00 4.059464416503906250e+02
7.516850212291818600e+00 4.363671569824218750e+02
7.520283347807822594e+00 4.675428771972656250e+02
7.523716483323827475e+00 4.876581726074218750e+02
7.527149618839832357e+00 4.972374877929687500e+02
7.530582754355835462e+00 4.918595886230468750e+02
7.534015889871840344e+00 4.844237365722656250e+02
7.537449025387845225e+00 4.700668029785156250e+02
7.540882160903849218e+00 4.508698730468750000e+02
7.544315296419854100e+00 4.287394714355468750e+02
7.547748431935858981e+00 4.069684448242187500e+02
7.551181567451863863e+00 3.890892333984375000e+02
7.554614702967867856e+00 3.695254211425781250e+02
7.558047838483870962e+00 3.553694763183593750e+02
7.561480973999875843e+00 3.494156494140625000e+02
7.564914109515880725e+00 3.463540954589843750e+02
7.568347245031885606e+00 3.393506164550781250e+02
7.571780380547890488e+00 3.337642517089843750e+02
7.575213516063894481e+00 3.309683837890625000e+02
7.578646651579899363e+00 3.296533203125000000e+02
7.582079787095904244e+00 3.291709899902343750e+02
7.585512922611907349e+00 3.302038879394531250e+02
7.588946058127912231e+00 3.308256530761718750e+02
7.592379193643917112e+00 3.340352478027343750e+02
7.595812329159921106e+00 3.327541198730468750e+02
7.599245464675925987e+00 3.319947814941406250e+02
7.602678600191930869e+00 3.240826721191406250e+02
7.606111735707935750e+00 3.257774353027343750e+02
7.609544871223939744e+00 3.267658996582031250e+02
7.612978006739942849e+00 3.302209472656250000e+02
7.616411142255947730e+00 3.295194702148437500e+02
7.619844277771952612e+00 3.315681152343750000e+02
7.623277413287957494e+00 3.320806884765625000e+02
7.626710548803962375e+00 3.316757812500000000e+02
7.630143684319966368e+00 3.313793945312500000e+02
7.633576819835971250e+00 3.313400268554687500e+02
7.637009955351974355e+00 3.256945495605468750e+02
7.640443090867979237e+00 3.228631286621093750e+02
7.643876226383984118e+00 3.208871459960937500e+02
7.647309361899988112e+00 3.210335083007812500e+02
7.650742497415992993e+00 3.199648437500000000e+02
7.654175632931997875e+00 3.163410644531250000e+02
7.657608768448002756e+00 3.151876831054687500e+02
7.661041903964007638e+00 3.149195556640625000e+02
7.664475039480010743e+00 3.170007324218750000e+02
7.667908174996014736e+00 3.187671508789062500e+02
7.671341310512019618e+00 3.227539367675781250e+02
7.674774446028024499e+00 3.252188720703125000e+02
7.678207581544029381e+00 3.234657897949218750e+02
7.681640717060033374e+00 3.172102050781250000e+02
7.685073852576038256e+00 3.173892211914062500e+02
7.688506988092043137e+00 3.217541503906250000e+02
7.691940123608046243e+00 3.302911376953125000e+02
7.695373259124051124e+00 3.328996276855468750e+02
7.698806394640056006e+00 3.342029113769531250e+02
7.702239530156059999e+00 3.329941406250000000e+02
7.705672665672064880e+00 3.403836364746093750e+02
7.709105801188069762e+00 3.571523437500000000e+02
7.712538936704074644e+00 3.580127563476562500e+02
7.715972072220078637e+00 3.499866333007812500e+02
7.719405207736081742e+00 3.397439575195312500e+02
7.722838343252086624e+00 3.406587829589843750e+02
7.726271478768091505e+00 3.360317687988281250e+02
7.729704614284096387e+00 3.306430358886718750e+02
7.733137749800101268e+00 3.250916442871093750e+02
7.736570885316105262e+00 3.219743652343750000e+02
7.740004020832110143e+00 3.189726562500000000e+02
7.743437156348115025e+00 3.215530395507812500e+02
7.746870291864118130e+00 3.230795288085937500e+02
7.750303427380123011e+00 3.225745849609375000e+02
7.753736562896127005e+00 3.175741882324218750e+02
7.757169698412131886e+00 3.115889892578125000e+02
7.760602833928136768e+00 3.119486083984375000e+02
7.764035969444141649e+00 3.157372436523437500e+02
7.767469104960146531e+00 3.166969604492187500e+02
7.770902240476149636e+00 3.129507141113281250e+02
7.774335375992153629e+00 3.098857421875000000e+02
7.777768511508158511e+00 3.130565795898437500e+02
7.781201647024163393e+00 3.156351623535156250e+02
7.784634782540168274e+00 3.149293518066406250e+02
7.788067918056173156e+00 3.096134338378906250e+02
7.791501053572177149e+00 3.073902893066406250e+02
7.794934189088182031e+00 3.077528381347656250e+02
7.798367324604185136e+00 3.108868408203125000e+02
7.801800460120190017e+00 3.116117858886718750e+02
7.805233595636194899e+00 3.117481689453125000e+02
7.808666731152198892e+00 3.139893493652343750e+02
7.812099866668203774e+00 3.194902343750000000e+02
7.815533002184208655e+00 3.218002319335937500e+02
7.818966137700213537e+00 3.241313781738281250e+02
7.822399273216218418e+00 3.215550842285156250e+02
7.825832408732221523e+00 3.187359313964843750e+02
7.829265544248225517e+00 3.148179626464843750e+02
7.832698679764230398e+00 3.152716369628906250e+02
7.836131815280235280e+00 3.156051025390625000e+02
7.839564950796240161e+00 3.165839538574218750e+02
7.842998086312244155e+00 3.136804504394531250e+02
7.846431221828249036e+00 3.070941162109375000e+02
7.849864357344253918e+00 3.034502258300781250e+02
7.853297492860257023e+00 3.019230346679687500e+02
7.856730628376261905e+00 3.082320251464843750e+02
7.860163763892266786e+00 3.104868469238281250e+02
7.863596899408270779e+00 3.127768859863281250e+02
7.867030034924275661e+00 3.129815673828125000e+02
7.870463170440280543e+00 3.138374938964843750e+02
7.873896305956285424e+00 3.108936157226562500e+02
7.877329441472289417e+00 3.050521850585937500e+02
7.880762576988292523e+00 3.016699218750000000e+02
7.884195712504297404e+00 3.019737548828125000e+02
7.887628848020302286e+00 3.067319030761718750e+02
7.891061983536307167e+00 3.081642456054687500e+02
7.894495119052312049e+00 3.088359375000000000e+02
7.897928254568316042e+00 3.085779724121093750e+02
7.901361390084320924e+00 3.092152709960937500e+02
7.904794525600325805e+00 3.146816101074218750e+02
7.908227661116328910e+00 3.138699340820312500e+02
7.911660796632333792e+00 3.127229919433593750e+02
7.915093932148337785e+00 3.083759765625000000e+02
7.918527067664342667e+00 3.087620239257812500e+02
7.921960203180347548e+00 3.106727600097656250e+02
7.925393338696352430e+00 3.129279174804687500e+02
7.928826474212357311e+00 3.118841247558593750e+02
7.932259609728360417e+00 3.086222534179687500e+02
7.935692745244364410e+00 3.070808410644531250e+02
7.939125880760369292e+00 3.065730285644531250e+02
7.942559016276374173e+00 3.071402587890625000e+02
7.945992151792379055e+00 3.086325073242187500e+02
7.949425287308383936e+00 3.103123779296875000e+02
7.952858422824387929e+00 3.077589111328125000e+02
7.956291558340392811e+00 3.072322998046875000e+02
7.959724693856395916e+00 3.092105712890625000e+02
7.963157829372400798e+00 3.103109436035156250e+02
7.966590964888405679e+00 3.098641662597656250e+02
7.970024100404409673e+00 3.046920776367187500e+02
7.973457235920414554e+00 3.043015441894531250e+02
7.976890371436419436e+00 3.022442016601562500e+02
7.980323506952424317e+00 3.064803771972656250e+02
7.983756642468429199e+00 3.056262512207031250e+02
7.987189777984432304e+00 3.077116088867187500e+02
7.990622913500436297e+00 3.054108886718750000e+02
7.994056049016441179e+00 3.009708557128906250e+02
7.997489184532446060e+00 2.999875183105468750e+02
8.000922320048450942e+00 2.972342529296875000e+02
8.004355455564455823e+00 2.997100830078125000e+02
8.007788591080460705e+00 2.981577758789062500e+02
8.011221726596465587e+00 3.020663452148437500e+02
8.014654862112468692e+00 3.026075134277343750e+02
8.018087997628471797e+00 3.055528869628906250e+02
8.021521133144476678e+00 3.070622558593750000e+02
8.024954268660481560e+00 3.062937011718750000e+02
8.028387404176486442e+00 3.044202575683593750e+02
8.031820539692491323e+00 3.025064086914062500e+02
8.035253675208496205e+00 3.051000976562500000e+02
8.038686810724501086e+00 3.050916748046875000e+02
8.042119946240504191e+00 3.049301757812500000e+02
8.045553081756509073e+00 3.023670959472656250e+02
8.048986217272513954e+00 3.039472351074218750e+02
8.052419352788517060e+00 3.064463806152343750e+02
8.055852488304521941e+00 3.074101867675781250e+02
8.059285623820526823e+00 3.050278015136718750e+02
8.062718759336531704e+00 3.005009765625000000e+02
8.066151894852534809e+00 2.973038635253906250e+02
8.069585030368539691e+00 2.975330810546875000e+02
8.073018165884544572e+00 2.988525390625000000e+02
8.076451301400549454e+00 3.023685302734375000e+02
8.079884436916554336e+00 3.043800964355468750e+02
8.083317572432559217e+00 3.044647827148437500e+02
8.086750707948562322e+00 3.025419616699218750e+02
8.090183843464567204e+00 3.007915954589843750e+02
8.093616978980570309e+00 3.051994018554687500e+02
8.097050114496575191e+00 3.061760559082031250e+02
8.100483250012580072e+00 3.049908447265625000e+02
8.103916385528584954e+00 2.986070861816406250e+02
8.107349521044589835e+00 2.966094970703125000e+02
8.110782656560594717e+00 3.000906982421875000e+02
8.114215792076599598e+00 3.049722900390625000e+02
8.117648927592604480e+00 3.077388610839843750e+02
8.121082063108607585e+00 3.062816162109375000e+02
8.124515198624610690e+00 3.039886474609375000e+02
8.127948334140615572e+00 3.018683166503906250e+02
8.131381469656620453e+00 3.010852355957031250e+02
8.134814605172625335e+00 3.012058105468750000e+02
8.138247740688630216e+00 2.984816284179687500e+02
8.141680876204635098e+00 2.982666015625000000e+02
8.145114011720639979e+00 2.962348022460937500e+02
8.148547147236643085e+00 2.966026916503906250e+02
8.151980282752647966e+00 2.915099182128906250e+02
8.155413418268652848e+00 2.895467529296875000e+02
8.158846553784655953e+00 2.905203857421875000e+02
8.162279689300660834e+00 2.939441223144531250e+02
8.165712824816665716e+00 2.950175476074218750e+02
8.169145960332670597e+00 2.965803833007812500e+02
8.172579095848675479e+00 2.998099365234375000e+02
8.176012231364678584e+00 3.010083007812500000e+02
8.179445366880683466e+00 3.037759094238281250e+02
8.182878502396688347e+00 3.022410583496093750e+02
8.186311637912693229e+00 3.028571777343750000e+02
8.189744773428698110e+00 3.006376342773437500e+02
8.193177908944701215e+00 3.019510192871093750e+02
8.196611044460706097e+00 3.062736816406250000e+02
8.200044179976710979e+00 3.087649841308593750e+02
8.203477315492714084e+00 3.105752868652343750e+02
8.206910451008718965e+00 3.088531494140625000e+02
8.210343586524723847e+00 3.114700622558593750e+02
8.213776722040728728e+00 3.096948242187500000e+02
8.217209857556733610e+00 3.077296447753906250e+02
8.220642993072738491e+00 3.049942016601562500e+02
8.224076128588743373e+00 3.089709472656250000e+02
8.227509264104746478e+00 3.138689270019531250e+02
8.230942399620749583e+00 3.154030761718750000e+02
8.234375535136754465e+00 3.117157592773437500e+02
8.237808670652759346e+00 3.056796264648437500e+02
8.241241806168764228e+00 3.004875183105468750e+02
8.244674941684769109e+00 3.016438293457031250e+02
8.248108077200773991e+00 3.036229248046875000e+02
8.251541212716778873e+00 3.039762573242187500e+02
8.254974348232781978e+00 3.035417175292968750e+02
8.258407483748786859e+00 3.029219055175781250e+02
8.261840619264791741e+00 3.039368591308593750e+02
8.265273754780794846e+00 3.038829345703125000e+02
8.268706890296799727e+00 3.035330810546875000e+02
8.272140025812804609e+00 3.053543090820312500e+02
8.275573161328809491e+00 3.050039062500000000e+02
8.279006296844814372e+00 3.087339782714843750e+02
8.282439432360817477e+00 3.093573608398437500e+02
8.285872567876822359e+00 3.064897460937500000e+02
8.289305703392827240e+00 3.045660095214843750e+02
8.292738838908832122e+00 3.033031005859375000e+02
8.296171974424837003e+00 3.080017395019531250e+02
8.299605109940840109e+00 3.039668884277343750e+02
8.303038245456844990e+00 3.104570007324218750e+02
8.306471380972849872e+00 3.100081481933593750e+02
8.309904516488852977e+00 3.132228088378906250e+02
8.313337652004857858e+00 3.064880981445312500e+02
8.316770787520862740e+00 3.018576049804687500e+02
8.320203923036867621e+00 2.992357788085937500e+02
8.323637058552872503e+00 2.976338195800781250e+02
8.327070194068877385e+00 2.958437500000000000e+02
8.330503329584882266e+00 2.986542663574218750e+02
8.333936465100887148e+00 3.001359252929687500e+02
8.337369600616888476e+00 3.012010803222656250e+02
8.340802736132893358e+00 2.977141723632812500e+02
8.344235871648898240e+00 2.960883789062500000e+02
8.347669007164903121e+00 2.950309143066406250e+02
8.351102142680908003e+00 2.941263122558593750e+02
8.354535278196912884e+00 2.958592529296875000e+02
8.357968413712917766e+00 3.014444274902343750e+02
8.361401549228920871e+00 3.031519165039062500e+02
8.364834684744925752e+00 3.011526489257812500e+02
8.368267820260930634e+00 3.001521606445312500e+02
8.371700955776935515e+00 3.011797180175781250e+02
8.375134091292938621e+00 3.031370544433593750e+02
8.378567226808943502e+00 3.017419433593750000e+02
8.382000362324948384e+00 2.975691528320312500e+02
8.385433497840953265e+00 2.958463439941406250e+02
8.388866633356956370e+00 2.954180297851562500e+02
8.392299768872961252e+00 2.977692260742187500e+02
8.395732904388966134e+00 2.976679382324218750e+02
8.399166039904971015e+00 2.956759643554687500e+02
8.402599175420975897e+00 2.965452575683593750e+02
8.406032310936980778e+00 2.996084594726562500e+02
8.409465446452983883e+00 3.031277770996093750e+02
8.412898581968988765e+00 3.020601501464843750e+02
8.416331717484991870e+00 2.999456787109375000e+02
8.419764853000996752e+00 2.968132019042968750e+02
8.423197988517001633e+00 2.969591369628906250e+02
8.426631124033006515e+00 2.983555908203125000e+02
8.430064259549011396e+00 2.995711975097656250e+02
8.433497395065016278e+00 2.970885314941406250e+02
8.436930530581021159e+00 2.971189575195312500e+02
8.440363666097026041e+00 3.002038574218750000e+02
8.443796801613029146e+00 3.073229675292968750e+02
8.447229937129032251e+00 3.130073547363281250e+02
8.450663072645037133e+00 3.190422058105468750e+02
8.454096208161042014e+00 3.244454040527343750e+02
8.457529343677046896e+00 3.270525512695312500e+02
8.460962479193051777e+00 3.277531433105468750e+02
8.464395614709056659e+00 3.292933959960937500e+02
8.467828750225061540e+00 3.332725830078125000e+02
8.471261885741064646e+00 3.347141418457031250e+02
8.474695021257069527e+00 3.315491333007812500e+02
8.478128156773074409e+00 3.265693664550781250e+02
8.481561292289077514e+00 3.189371643066406250e+02
8.484994427805082395e+00 3.133775024414062500e+02
8.488427563321087277e+00 3.068948669433593750e+02
8.491860698837092158e+00 3.040981445312500000e+02
8.495293834353097040e+00 3.031955261230468750e+02
8.498726969869100145e+00 2.997699890136718750e+02
8.502160105385105027e+00 2.947346801757812500e+02
8.505593240901109908e+00 2.914395446777343750e+02
8.509026376417114790e+00 2.932684936523437500e+02
8.512459511933119671e+00 2.942940979003906250e+02
8.515892647449122776e+00 2.932028198242187500e+02
8.519325782965127658e+00 2.930244445800781250e+02
8.522758918481130763e+00 2.965848693847656250e+02
8.526192053997135645e+00 2.973508605957031250e+02
8.529625189513140526e+00 2.988919372558593750e+02
8.533058325029145408e+00 2.994986267089843750e+02
8.536491460545150289e+00 3.011190490722656250e+02
8.539924596061155171e+00 3.000406799316406250e+02
8.543357731577160052e+00 2.950249023437500000e+02
8.546790867093164934e+00 2.929505310058593750e+02
8.550224002609168039e+00 2.929923706054687500e+02
8.553657138125171144e+00 2.990980224609375000e+02
8.557090273641176026e+00 3.011759033203125000e+02
8.560523409157180907e+00 2.993693847656250000e+02
8.563956544673185789e+00 2.963078002929687500e+02
8.567389680189190670e+00 2.980723266601562500e+02
8.570822815705195552e+00 3.014876403808593750e+02
8.574255951221200434e+00 3.024837036132812500e+02
8.577689086737203539e+00 3.005591735839843750e+02
8.581122222253208420e+00 2.987219543457031250e+02
8.584555357769213302e+00 2.980232238769531250e+02
8.587988493285216407e+00 2.991692810058593750e+02
8.591421628801221289e+00 2.972757263183593750e+02
8.594854764317226170e+00 2.951964111328125000e+02
8.598287899833231052e+00 2.931565246582031250e+02
8.601721035349235933e+00 2.927667541503906250e+02
8.605154170865239038e+00 2.921973266601562500e+02
8.608587306381243920e+00 2.919071044921875000e+02
8.612020441897248801e+00 2.870262756347656250e+02
8.615453577413253683e+00 2.843869628906250000e+02
8.618886712929258564e+00 2.842190856933593750e+02
8.622319848445261670e+00 2.878731384277343750e+02
8.625752983961266551e+00 2.886790466308593750e+02
8.629186119477271433e+00 2.885383300781250000e+02
8.632619254993274538e+00 2.915966491699218750e+02
8.636052390509279419e+00 2.932373962402343750e+02
8.639485526025284301e+00 2.858913574218750000e+02
8.642918661541289183e+00 2.794223327636718750e+02
8.646351797057294064e+00 2.767725219726562500e+02
8.649784932573298946e+00 2.800647888183593750e+02
8.653218068089303827e+00 2.877275085449218750e+02
8.656651203605306932e+00 2.884714965820312500e+02
8.660084339121310038e+00 2.903288574218750000e+02
8.663517474637314919e+00 2.899471740722656250e+02
8.666950610153319801e+00 2.929978637695312500e+02
8.670383745669324682e+00 2.953174133300781250e+02
8.673816881185329564e+00 2.918674316406250000e+02
8.677250016701334445e+00 2.882051696777343750e+02
8.680683152217339327e+00 2.844607849121093750e+02
8.684116287733342432e+00 2.833077087402343750e+02
8.687549423249347313e+00 2.845158386230468750e+02
8.690982558765352195e+00 2.860797424316406250e+02
8.694415694281357077e+00 2.865250549316406250e+02
8.697848829797360182e+00 2.843049621582031250e+02
8.701281965313365063e+00 2.840595703125000000e+02
8.704715100829369945e+00 2.849747924804687500e+02
8.708148236345374826e+00 2.881524047851562500e+02
8.711581371861377932e+00 2.889310607910156250e+02
8.715014507377382813e+00 2.927750549316406250e+02
8.718447642893387695e+00 2.916321411132812500e+02
8.721880778409392576e+00 2.923736267089843750e+02
8.725313913925397458e+00 2.918416748046875000e+02
8.728747049441402339e+00 2.901017761230468750e+02
8.732180184957405444e+00 2.908876953125000000e+02
8.735613320473410326e+00 2.885671997070312500e+02
8.739046455989413431e+00 2.877703552246093750e+02
8.742479591505418313e+00 2.870642395019531250e+02
8.745912727021423194e+00 2.877843933105468750e+02
8.749345862537428076e+00 2.892599182128906250e+02
8.752778998053432957e+00 2.871503906250000000e+02
8.756212133569437839e+00 2.862971496582031250e+02
8.759645269085442720e+00 2.879919128417968750e+02
8.763078404601447602e+00 2.898464355468750000e+02
8.766511540117450707e+00 2.878480529785156250e+02
8.769944675633453812e+00 2.845808715820312500e+02
8.773377811149458694e+00 2.809811401367187500e+02
8.776810946665463575e+00 2.800581970214843750e+02
8.780244082181468457e+00 2.784366760253906250e+02
8.783677217697473338e+00 2.792724914550781250e+02
8.787110353213478220e+00 2.798247680664062500e+02
8.790543488729481325e+00 2.823678588867187500e+02
8.793976624245486207e+00 2.867163391113281250e+02
8.797409759761491088e+00 2.857176208496093750e+02
8.800842895277495970e+00 2.868115539550781250e+02
8.804276030793499075e+00 2.841822204589843750e+02
8.807709166309503956e+00 2.853197631835937500e+02
8.811142301825508838e+00 2.790617675781250000e+02
8.814575437341513720e+00 2.768426513671875000e+02
8.818008572857516825e+00 2.795988159179687500e+02
8.821441708373521706e+00 2.825986328125000000e+02
8.824874843889526588e+00 2.811312255859375000e+02
8.828307979405531469e+00 2.791704101562500000e+02
8.831741114921536351e+00 2.796979675292968750e+02
8.835174250437541232e+00 2.805848388671875000e+02
8.838607385953544338e+00 2.765455627441406250e+02
8.842040521469549219e+00 2.751595764160156250e+02
8.845473656985552324e+00 2.776410827636718750e+02
8.848906792501557206e+00 2.818136901855468750e+02
8.852339928017562087e+00 2.844052124023437500e+02
8.855773063533566969e+00 2.828894653320312500e+02
8.859206199049571850e+00 2.792648925781250000e+02
8.862639334565576732e+00 2.768086547851562500e+02
8.866072470081581613e+00 2.765776062011718750e+02
8.869505605597586495e+00 2.805696716308593750e+02
8.872938741113589600e+00 2.788775329589843750e+02
8.876371876629592705e+00 2.815633850097656250e+02
8.879805012145597587e+00 2.810893859863281250e+02
8.883238147661602468e+00 2.849225463867187500e+02
8.886671283177607350e+00 2.836311340332031250e+02
8.890104418693612232e+00 2.808701477050781250e+02
8.893537554209617113e+00 2.766816406250000000e+02
8.896970689725621995e+00 2.785198364257812500e+02
8.900403825241625100e+00 2.802906799316406250e+02
8.903836960757629981e+00 2.855556335449218750e+02
8.907270096273634863e+00 2.842577514648437500e+02
8.910703231789637968e+00 2.844646606445312500e+02
8.914136367305642850e+00 2.812722778320312500e+02
8.917569502821647731e+00 2.848143310546875000e+02
8.921002638337652613e+00 2.858216247558593750e+02
8.924435773853657494e+00 2.828036193847656250e+02
8.927868909369660599e+00 2.769263305664062500e+02
8.931302044885665481e+00 2.721812133789062500e+02
8.934735180401670362e+00 2.701705322265625000e+02
8.938168315917675244e+00 2.663794555664062500e+02
8.941601451433680126e+00 2.708288269042968750e+02
8.945034586949683231e+00 2.772324218750000000e+02
8.948467722465688112e+00 2.864731140136718750e+02
8.951900857981691217e+00 2.848334655761718750e+02
8.955333993497696099e+00 2.818154907226562500e+02
8.958767129013700981e+00 2.821519470214843750e+02
8.962200264529705862e+00 2.818602294921875000e+02
8.965633400045710744e+00 2.843517150878906250e+02
8.969066535561715625e+00 2.815838928222656250e+02
8.972499671077720507e+00 2.856523132324218750e+02
8.975932806593725388e+00 2.864517211914062500e+02
8.979365942109728493e+00 2.853762207031250000e+02
8.982799077625731599e+00 2.821007995605468750e+02
8.986232213141736480e+00 2.818871765136718750e+02
8.989665348657741362e+00 2.869108581542968750e+02
8.993098484173746243e+00 2.888021545410156250e+02
8.996531619689751125e+00 2.857775573730468750e+02
8.999964755205756006e+00 2.793764038085937500e+02
9.003397890721760888e+00 2.799868774414062500e+02
9.006831026237763993e+00 2.707738342285156250e+02
9.010264161753768875e+00 2.542114562988281250e+02
9.013697297269773756e+00 2.520038757324218750e+02
9.017130432785778638e+00 2.695921020507812500e+02
9.020563568301781743e+00 2.803430786132812500e+02
9.023996703817786624e+00 2.826108703613281250e+02
9.027429839333791506e+00 2.781851806640625000e+02
9.030862974849796387e+00 2.768460388183593750e+02
9.034296110365799493e+00 2.717547607421875000e+02
9.037729245881804374e+00 2.728884582519531250e+02
9.041162381397809256e+00 2.771262207031250000e+02
9.044595516913814137e+00 2.795930786132812500e+02
9.048028652429819019e+00 2.763965759277343750e+02
9.051461787945823900e+00 2.736550598144531250e+02
9.054894923461827005e+00 2.738981018066406250e+02
9.058328058977831887e+00 2.741122436523437500e+02
9.061761194493834992e+00 2.722423400878906250e+02
9.065194330009839874e+00 2.670426025390625000e+02
9.068627465525844755e+00 2.667355651855468750e+02
9.072060601041849637e+00 2.716597595214843750e+02
9.075493736557854518e+00 2.754922790527343750e+02
9.078926872073859400e+00 2.788016967773437500e+02
9.082360007589864281e+00 2.743920288085937500e+02
9.085793143105867387e+00 2.737381896972656250e+02
9.089226278621872268e+00 2.714359741210937500e+02
9.092659414137875373e+00 2.769683227539062500e+02
9.096092549653880255e+00 2.779806518554687500e+02
9.099525685169885136e+00 2.775324096679687500e+02
9.102958820685890018e+00 2.740117797851562500e+02
9.106391956201894899e+00 2.686799316406250000e+02
9.109825091717899781e+00 2.719008178710937500e+02
9.113258227233902886e+00 2.712557373046875000e+02
9.116691362749907768e+00 2.716543579101562500e+02
9.120124498265912649e+00 2.681049194335937500e+02
9.123557633781917531e+00 2.690445861816406250e+02
9.126990769297920636e+00 2.688044128417968750e+02
9.130423904813925517e+00 2.772043762207031250e+02
9.133857040329930399e+00 2.797116699218750000e+02
9.137290175845935281e+00 2.742310485839843750e+02
9.140723311361938386e+00 2.666223144531250000e+02
9.144156446877943267e+00 2.659519042968750000e+02
9.147589582393948149e+00 2.705375671386718750e+02
9.151022717909953030e+00 2.694682312011718750e+02
9.154455853425957912e+00 2.669418029785156250e+02
9.157888988941962793e+00 2.717177429199218750e+02
9.161322124457965899e+00 2.706524353027343750e+02
9.164755259973970780e+00 2.673370971679687500e+02
9.168188395489973885e+00 2.636966857910156250e+02
9.171621531005978767e+00 2.712303466796875000e+02
9.175054666521983648e+00 2.762810363769531250e+02
9.178487802037988530e+00 2.780746459960937500e+02
9.181920937553993411e+00 2.752257385253906250e+02
9.185354073069998293e+00 2.719590454101562500e+02
9.188787208586003175e+00 2.675549316406250000e+02
9.192220344102008056e+00 2.678199157714843750e+02
9.195653479618011161e+00 2.716168823242187500e+02
9.199086615134014266e+00 2.751269836425781250e+02
9.202519750650019148e+00 2.727158508300781250e+02
9.205952886166024030e+00 2.706684875488281250e+02
9.209386021682028911e+00 2.702701110839843750e+02
9.212819157198033793e+00 2.646878051757812500e+02
9.216252292714038674e+00 2.594103088378906250e+02
9.219685428230043556e+00 2.579272766113281250e+02
9.223118563746046661e+00 2.647346801757812500e+02
9.226551699262051542e+00 2.723790893554687500e+02
9.229984834778056424e+00 2.804099121093750000e+02
9.233417970294059529e+00 2.806762084960937500e+02
9.236851105810064411e+00 2.768215026855468750e+02
9.240284241326069292e+00 2.665486450195312500e+02
9.243717376842074174e+00 2.591305847167968750e+02
9.247150512358077279e+00 2.538193817138671875e+02
9.250583647874082160e+00 2.582941894531250000e+02
9.254016783390087042e+00 2.627332153320312500e+02
9.257449918906091924e+00 2.658042297363281250e+02
9.260883054422096805e+00 2.591952819824218750e+02
9.264316189938101687e+00 2.630743103027343750e+02
9.267749325454104792e+00 2.655263977050781250e+02
9.271182460970109673e+00 2.720804138183593750e+02
9.274615596486112779e+00 2.674454040527343750e+02
9.278048732002117660e+00 2.574437866210937500e+02
9.281481867518122542e+00 2.554933319091796875e+02
9.284915003034127423e+00 2.549354858398437500e+02
9.288348138550132305e+00 2.620854492187500000e+02
9.291781274066137186e+00 2.638533630371093750e+02
9.295214409582142068e+00 2.587931518554687500e+02
9.298647545098146949e+00 2.608494873046875000e+02
9.302080680614150054e+00 2.564660949707031250e+02
9.305513816130153160e+00 2.648495788574218750e+02
9.308946951646158041e+00 2.588610229492187500e+02
9.312380087162162923e+00 2.542807464599609375e+02
9.315813222678167804e+00 2.537106018066406250e+02
9.319246358194172686e+00 2.567333374023437500e+02
9.322679493710177567e+00 2.565102539062500000e+02
9.326112629226182449e+00 2.561790771484375000e+02
9.329545764742185554e+00 2.625108032226562500e+02
9.332978900258190436e+00 2.596002807617187500e+02
9.336412035774195317e+00 2.521266784667968750e+02
9.339845171290200199e+00 2.480449066162109375e+02
9.343278306806203304e+00 2.519971771240234375e+02
9.346711442322208185e+00 2.577488403320312500e+02
9.350144577838213067e+00 2.515034484863281250e+02
9.353577713354217948e+00 2.515021972656250000e+02
9.357010848870221054e+00 2.421887207031250000e+02
9.360443984386225935e+00 2.462656860351562500e+02
9.363877119902230817e+00 2.497527465820312500e+02
9.367310255418235698e+00 2.563444519042968750e+02
9.370743390934240580e+00 2.531892700195312500e+02
9.374176526450245461e+00 2.530282287597656250e+02
9.377609661966248567e+00 2.518789825439453125e+02
9.381042797482251672e+00 2.521622314453125000e+02
9.384475932998256553e+00 2.419062652587890625e+02
9.387909068514261435e+00 2.414780273437500000e+02
9.391342204030266316e+00 2.443311614990234375e+02
9.394775339546271198e+00 2.401668090820312500e+02
9.398208475062276079e+00 2.340376129150390625e+02
9.401641610578280961e+00 2.311281890869140625e+02
9.405074746094285842e+00 2.460428009033203125e+02
9.408507881610288948e+00 2.489810485839843750e+02
9.411941017126293829e+00 2.513604888916015625e+02
9.415374152642296934e+00 2.457835083007812500e+02
9.418807288158301816e+00 2.349807128906250000e+02
9.422240423674306697e+00 2.269508819580078125e+02
9.425673559190311579e+00 2.052664184570312500e+02
9.429106694706316460e+00 2.086165466308593750e+02
9.432539830222321342e+00 2.186233978271484375e+02
9.435972965738324447e+00 2.308459777832031250e+02
9.439406101254329329e+00 2.315862274169921875e+02
9.442839236770334210e+00 2.197138519287109375e+02
9.446272372286339092e+00 2.257675170898437500e+02
9.449705507802342197e+00 2.125106506347656250e+02
9.453138643318347079e+00 1.995416107177734375e+02
9.456571778834351960e+00 1.966368713378906250e+02
9.460004914350356842e+00 2.116237792968750000e+02
9.463438049866359947e+00 2.235927734375000000e+02
9.466871185382364828e+00 2.162839660644531250e+02
9.470304320898369710e+00 2.074748687744140625e+02
9.473737456414374591e+00 1.785973968505859375e+02
9.477170591930379473e+00 1.745967559814453125e+02
9.480603727446384354e+00 1.776604766845703125e+02
9.484036862962387460e+00 1.876415252685546875e+02
9.487469998478392341e+00 1.802066650390625000e+02
9.490903133994395446e+00 1.703809661865234375e+02
9.494336269510400328e+00 1.867878112792968750e+02
9.497769405026405209e+00 1.775542297363281250e+02
9.501202540542410091e+00 1.752996063232421875e+02
9.504635676058414973e+00 1.427912902832031250e+02
9.508068811574419854e+00 1.451174926757812500e+02
9.511501947090424736e+00 1.293431243896484375e+02
9.514935082606429617e+00 1.060362548828125000e+02
9.518368218122432722e+00 5.893628692626953125e+01
9.521801353638435828e+00 3.910149765014648438e+01
9.525234489154440709e+00 2.008740234375000000e+01
9.528667624670445591e+00 0.000000000000000000e+00
9.532100760186450472e+00 0.000000000000000000e+00
9.535533895702455354e+00 0.000000000000000000e+00
9.538967031218460235e+00 0.000000000000000000e+00
9.542400166734463340e+00 0.000000000000000000e+00
9.545833302250468222e+00 0.000000000000000000e+00
9.549266437766473103e+00 0.000000000000000000e+00
9.552699573282477985e+00 0.000000000000000000e+00
9.556132708798481090e+00 0.000000000000000000e+00
9.559565844314485972e+00 0.000000000000000000e+00
9.562998979830490853e+00 0.000000000000000000e+00
9.566432115346495735e+00 0.000000000000000000e+00
9.569865250862498840e+00 0.000000000000000000e+00
9.573298386378503722e+00 0.000000000000000000e+00
9.576731521894508603e+00 0.000000000000000000e+00
9.580164657410513485e+00 0.000000000000000000e+00
9.583597792926518366e+00 0.000000000000000000e+00
9.587030928442523248e+00 0.000000000000000000e+00
9.590464063958526353e+00 0.000000000000000000e+00
9.593897199474531234e+00 0.000000000000000000e+00
9.597330334990534340e+00 0.000000000000000000e+00
9.600763470506539221e+00 0.000000000000000000e+00
9.604196606022544103e+00 0.000000000000000000e+00
9.607629741538548984e+00 0.000000000000000000e+00
9.611062877054553866e+00 0.000000000000000000e+00
9.614496012570558747e+00 0.000000000000000000e+00
9.617929148086563629e+00 0.000000000000000000e+00
9.621362283602568510e+00 0.000000000000000000e+00
9.624795419118571616e+00 0.000000000000000000e+00
9.628228554634574721e+00 0.000000000000000000e+00
9.631661690150579602e+00 0.000000000000000000e+00
9.635094825666584484e+00 0.000000000000000000e+00
9.638527961182589365e+00 0.000000000000000000e+00
9.641961096698594247e+00 0.000000000000000000e+00
9.645394232214599128e+00 0.000000000000000000e+00
9.648827367730604010e+00 0.000000000000000000e+00
9.652260503246607115e+00 0.000000000000000000e+00
9.655693638762611997e+00 0.000000000000000000e+00
9.659126774278616878e+00 0.000000000000000000e+00
9.662559909794619983e+00 0.000000000000000000e+00
9.665993045310624865e+00 0.000000000000000000e+00
9.669426180826629746e+00 0.000000000000000000e+00
9.672859316342634628e+00 0.000000000000000000e+00
9.676292451858637733e+00 0.000000000000000000e+00
9.679725587374642615e+00 0.000000000000000000e+00
9.683158722890647496e+00 0.000000000000000000e+00
9.686591858406652378e+00 0.000000000000000000e+00
9.690024993922657259e+00 0.000000000000000000e+00
9.693458129438662141e+00 0.000000000000000000e+00
9.696891264954667022e+00 0.000000000000000000e+00
9.700324400470670128e+00 0.000000000000000000e+00
9.703757535986673233e+00 0.000000000000000000e+00
9.707190671502678114e+00 0.000000000000000000e+00
9.710623807018682996e+00 0.000000000000000000e+00
9.714056942534687877e+00 0.000000000000000000e+00
9.717490078050692759e+00 0.000000000000000000e+00
9.720923213566697640e+00 0.000000000000000000e+00
9.724356349082702522e+00 0.000000000000000000e+00
9.727789484598707404e+00 0.000000000000000000e+00
9.731222620114710509e+00 0.000000000000000000e+00
9.734655755630715390e+00 0.000000000000000000e+00
9.738088891146718495e+00 0.000000000000000000e+00
9.741522026662723377e+00 0.000000000000000000e+00
9.744955162178728258e+00 0.000000000000000000e+00
9.748388297694733140e+00 0.000000000000000000e+00
9.751821433210738022e+00 0.000000000000000000e+00
9.755254568726742903e+00 0.000000000000000000e+00
9.758687704242746008e+00 0.000000000000000000e+00
9.762120839758750890e+00 0.000000000000000000e+00
9.765553975274755771e+00 0.000000000000000000e+00
9.768987110790760653e+00 0.000000000000000000e+00
9.772420246306763758e+00 0.000000000000000000e+00
9.775853381822768640e+00 0.000000000000000000e+00
9.779286517338773521e+00 0.000000000000000000e+00
9.782719652854778403e+00 0.000000000000000000e+00
9.786152788370781508e+00 0.000000000000000000e+00
9.789585923886786389e+00 0.000000000000000000e+00
9.793019059402791271e+00 0.000000000000000000e+00
9.796452194918796152e+00 0.000000000000000000e+00
9.799885330434801034e+00 0.000000000000000000e+00
9.803318465950805916e+00 0.000000000000000000e+00
9.806751601466809021e+00 0.000000000000000000e+00
9.810184736982813902e+00 0.000000000000000000e+00
9.813617872498817007e+00 0.000000000000000000e+00
9.817051008014821889e+00 0.000000000000000000e+00
9.820484143530826771e+00 0.000000000000000000e+00
9.823917279046831652e+00 0.000000000000000000e+00
9.827350414562836534e+00 0.000000000000000000e+00
9.830783550078841415e+00 0.000000000000000000e+00
9.834216685594846297e+00 0.000000000000000000e+00
9.837649821110849402e+00 0.000000000000000000e+00
9.841082956626854283e+00 0.000000000000000000e+00
9.844516092142857389e+00 0.000000000000000000e+00
9.847949227658862270e+00 0.000000000000000000e+00
9.851382363174867152e+00 0.000000000000000000e+00
9.854815498690872033e+00 0.000000000000000000e+00
9.858248634206876915e+00 0.000000000000000000e+00
9.861681769722881796e+00 0.000000000000000000e+00
9.865114905238884901e+00 0.000000000000000000e+00
9.868548040754889783e+00 0.000000000000000000e+00
9.871981176270894665e+00 0.000000000000000000e+00
9.875414311786899546e+00 0.000000000000000000e+00
9.878847447302902651e+00 0.000000000000000000e+00
9.882280582818907533e+00 0.000000000000000000e+00
9.885713718334912414e+00 0.000000000000000000e+00
9.889146853850917296e+00 0.000000000000000000e+00
9.892579989366920401e+00 0.000000000000000000e+00
9.896013124882925283e+00 0.000000000000000000e+00
9.899446260398930164e+00 0.000000000000000000e+00
9.902879395914935046e+00 0.000000000000000000e+00
9.906312531430939927e+00 0.000000000000000000e+00
9.909745666946944809e+00 0.000000000000000000e+00
9.913178802462947914e+00 0.000000000000000000e+00
9.916611937978952795e+00 0.000000000000000000e+00
9.920045073494955901e+00 0.000000000000000000e+00
9.923478209010960782e+00 0.000000000000000000e+00
9.926911344526965664e+00 0.000000000000000000e+00
9.930344480042970545e+00 0.000000000000000000e+00
9.933777615558975427e+00 0.000000000000000000e+00
9.937210751074980308e+00 0.000000000000000000e+00
9.940643886590985190e+00 0.000000000000000000e+00
9.944077022106990071e+00 0.000000000000000000e+00
9.947510157622993177e+00 0.000000000000000000e+00
9.950943293138996282e+00 0.000000000000000000e+00
9.954376428655001163e+00 0.000000000000000000e+00
9.957809564171006045e+00 0.000000000000000000e+00
9.961242699687010926e+00 0.000000000000000000e+00
9.964675835203015808e+00 0.000000000000000000e+00
9.968108970719020689e+00 0.000000000000000000e+00
9.971542106235023795e+00 0.000000000000000000e+00
9.974975241751028676e+00 0.000000000000000000e+00
9.978408377267033558e+00 0.000000000000000000e+00
9.981841512783038439e+00 0.000000000000000000e+00
9.985274648299041544e+00 0.000000000000000000e+00
9.988707783815046426e+00 0.000000000000000000e+00
9.992140919331051307e+00 0.000000000000000000e+00
9.995574054847056189e+00 0.000000000000000000e+00
9.999007190363059294e+00 0.000000000000000000e+00
1.000244032587906418e+01 0.000000000000000000e+00
1.000587346139506906e+01 0.000000000000000000e+00
1.000930659691107394e+01 0.000000000000000000e+00
1.001273973242707882e+01 0.000000000000000000e+00
1.001617286794308370e+01 0.000000000000000000e+00
1.001960600345908858e+01 0.000000000000000000e+00
1.002303913897509169e+01 0.000000000000000000e+00
1.002647227449109479e+01 0.000000000000000000e+00
1.002990541000709968e+01 0.000000000000000000e+00
1.003333854552310456e+01 0.000000000000000000e+00
1.003677168103910944e+01 0.000000000000000000e+00
1.004020481655511432e+01 0.000000000000000000e+00
1.004363795207111920e+01 0.000000000000000000e+00
1.004707108758712408e+01 0.000000000000000000e+00
1.005050422310312896e+01 0.000000000000000000e+00
1.005393735861913207e+01 0.000000000000000000e+00
1.005737049413513695e+01 0.000000000000000000e+00
1.006080362965114006e+01 0.000000000000000000e+00
1.006423676516714494e+01 0.000000000000000000e+00
1.006766990068314982e+01 0.000000000000000000e+00
1.007110303619915470e+01 0.000000000000000000e+00
1.007453617171515958e+01 0.000000000000000000e+00
1.007796930723116446e+01 0.000000000000000000e+00
1.008140244274716757e+01 0.000000000000000000e+00
1.008483557826317245e+01 0.000000000000000000e+00
1.008826871377917733e+01 0.000000000000000000e+00
1.009170184929518221e+01 0.000000000000000000e+00
1.009513498481118532e+01 0.000000000000000000e+00
1.009856812032719020e+01 0.000000000000000000e+00
1.010200125584319508e+01 0.000000000000000000e+00
1.010543439135919996e+01 0.000000000000000000e+00
1.010886752687520307e+01 0.000000000000000000e+00
1.011230066239120795e+01 0.000000000000000000e+00
1.011573379790721283e+01 0.000000000000000000e+00
1.011916693342321771e+01 0.000000000000000000e+00
1.012260006893922260e+01 0.000000000000000000e+00
1.012603320445522748e+01 0.000000000000000000e+00
1.012946633997123058e+01 0.000000000000000000e+00
1.013289947548723369e+01 0.000000000000000000e+00
1.013633261100323857e+01 0.000000000000000000e+00
1.013976574651924345e+01 0.000000000000000000e+00
1.014319888203524833e+01 0.000000000000000000e+00
1.014663201755125321e+01 0.000000000000000000e+00
1.015006515306725809e+01 0.000000000000000000e+00
1.015349828858326298e+01 0.000000000000000000e+00
1.015693142409926786e+01 0.000000000000000000e+00
1.016036455961527096e+01 0.000000000000000000e+00
1.016379769513127584e+01 0.000000000000000000e+00
1.016723083064727895e+01 0.000000000000000000e+00
1.017066396616328383e+01 0.000000000000000000e+00
1.017409710167928871e+01 0.000000000000000000e+00
1.017753023719529359e+01 0.000000000000000000e+00
1.018096337271129848e+01 0.000000000000000000e+00
1.018439650822730336e+01 0.000000000000000000e+00
1.018782964374330646e+01 0.000000000000000000e+00
1.019126277925931134e+01 0.000000000000000000e+00
1.019469591477531623e+01 0.000000000000000000e+00
1.019812905029132111e+01 0.000000000000000000e+00
1.020156218580732421e+01 0.000000000000000000e+00
1.020499532132332909e+01 0.000000000000000000e+00
1.020842845683933398e+01 0.000000000000000000e+00
1.021186159235533886e+01 0.000000000000000000e+00
1.021529472787134196e+01 0.000000000000000000e+00
1.021872786338734684e+01 0.000000000000000000e+00
1.022216099890335173e+01 0.000000000000000000e+00
1.022559413441935661e+01 0.000000000000000000e+00
1.022902726993536149e+01 0.000000000000000000e+00
1.023246040545136637e+01 0.000000000000000000e+00
1.023589354096736947e+01 0.000000000000000000e+00
1.023932667648337436e+01 0.000000000000000000e+00
1.024275981199937746e+01 0.000000000000000000e+00
1.024619294751538234e+01 0.000000000000000000e+00
1.024962608303138722e+01 0.000000000000000000e+00
1.025305921854739211e+01 0.000000000000000000e+00
1.025649235406339699e+01 0.000000000000000000e+00
1.025992548957940187e+01 0.000000000000000000e+00
1.026335862509540675e+01 0.000000000000000000e+00
1.026679176061140986e+01 0.000000000000000000e+00
1.027022489612741474e+01 0.000000000000000000e+00
1.027365803164341784e+01 0.000000000000000000e+00
1.027709116715942272e+01 0.000000000000000000e+00
1.028052430267542761e+01 0.000000000000000000e+00
1.028395743819143249e+01 0.000000000000000000e+00
1.028739057370743737e+01 0.000000000000000000e+00
1.029082370922344225e+01 0.000000000000000000e+00
1.029425684473944536e+01 0.000000000000000000e+00
1.029768998025545024e+01 0.000000000000000000e+00
