# # sector 14: chi = -34.99 deg (range [-40, -30))
# # columns: 2theta(deg)  intensity
1.717363048248531218e-03 -2.000024414062500000e+01
5.152089144745594304e-03 4.523989486694335938e+01
8.586815241242657173e-03 5.980664062500000000e+01
1.202154133773972004e-02 7.893876647949218750e+01
1.545626743423678291e-02 4.902414321899414062e+00
1.889099353073384752e-02 -5.169055461883544922e+00
2.232571962723091039e-02 -2.691775321960449219e+00
2.576044572372797326e-02 3.899928283691406250e+01
2.919517182022503266e-02 4.342047119140625000e+01
3.262989791672209205e-02 4.270070648193359375e+01
3.606462401321915839e-02 2.020720481872558594e+01
3.949935010971622473e-02 3.597766494750976562e+01
4.293407620621328413e-02 5.698780822753906250e+01
4.636880230271035047e-02 1.449910736083984375e+02
4.980352839920740987e-02 1.406889038085937500e+02
5.323825449570447621e-02 1.186700973510742188e+02
5.667298059220153561e-02 4.830872344970703125e+01
6.010770668869859501e-02 5.050482177734375000e+01
6.354243278519566829e-02 4.916020202636718750e+01
6.697715888169272769e-02 9.051107025146484375e+01
7.041188497818978709e-02 7.954674530029296875e+01
7.384661107468684649e-02 7.802457427978515625e+01
7.728133717118391977e-02 8.340663909912109375e+01
8.071606326768097917e-02 8.121203613281250000e+01
8.415078936417803857e-02 7.139588165283203125e+01
8.758551546067509797e-02 4.743658828735351562e+01
9.102024155717217124e-02 6.686083984375000000e+01
9.445496765366923064e-02 7.828207397460937500e+01
9.788969375016629004e-02 6.641140747070312500e+01
1.013244198466633494e-01 6.294436645507812500e+01
1.047591459431604227e-01 6.351954269409179688e+01
1.081938720396574821e-01 7.829499816894531250e+01
1.116285981361545415e-01 6.466709899902343750e+01
1.150633242326516009e-01 5.754716110229492188e+01
1.184980503291486603e-01 8.365811920166015625e+01
1.219327764256457336e-01 9.949546813964843750e+01
1.253675025221427930e-01 9.834856414794921875e+01
1.288022286186398524e-01 7.647621154785156250e+01
1.322369547151369396e-01 5.227999114990234375e+01
1.356716808116339990e-01 3.601014709472656250e+01
1.391064069081310584e-01 4.516065597534179688e+01
1.425411330046281178e-01 4.622904586791992188e+01
1.459758591011251494e-01 3.940967178344726562e+01
1.494105851976222366e-01 2.762560272216796875e+01
1.528453112941192960e-01 5.995751953125000000e+01
1.562800373906163554e-01 8.683384704589843750e+01
1.597147634871134425e-01 5.949958419799804688e+01
1.631494895836105019e-01 5.423785018920898438e+01
1.665842156801075613e-01 6.245629882812500000e+01
1.700189417766046207e-01 1.071750488281250000e+02
1.734536678731016524e-01 1.391382751464843750e+02
1.768883939695987395e-01 1.773788757324218750e+02
1.803231200660957989e-01 2.434277038574218750e+02
1.837578461625928583e-01 3.367196350097656250e+02
1.871925722590899455e-01 4.383920288085937500e+02
1.906272983555870049e-01 5.238670043945312500e+02
1.940620244520840643e-01 5.710769042968750000e+02
1.974967505485811237e-01 5.666125488281250000e+02
2.009314766450781831e-01 5.459594116210937500e+02
2.043662027415752425e-01 5.245200805664062500e+02
2.078009288380723019e-01 5.362944946289062500e+02
2.112356549345693613e-01 5.509356689453125000e+02
2.146703810310664484e-01 5.559128417968750000e+02
2.181051071275635078e-01 5.535306396484375000e+02
2.215398332240605672e-01 5.671241455078125000e+02
2.249745593205576544e-01 6.043194580078125000e+02
2.284092854170546860e-01 6.267203369140625000e+02
2.318440115135517454e-01 6.395654907226562500e+02
2.352787376100488048e-01 6.313138427734375000e+02
2.387134637065459197e-01 6.325905151367187500e+02
2.421481898030429791e-01 6.144493408203125000e+02
2.455829158995400385e-01 6.002633056640625000e+02
2.490176419960370979e-01 5.996213989257812500e+02
2.524523680925341296e-01 6.264841308593750000e+02
2.558870941890312167e-01 6.556237182617187500e+02
2.593218202855282484e-01 6.838123779296875000e+02
2.627565463820253910e-01 6.867672729492187500e+02
2.661912724785224227e-01 6.903448486328125000e+02
2.696259985750194543e-01 6.709038085937500000e+02
2.730607246715165415e-01 6.848175659179687500e+02
2.764954507680135731e-01 6.969580688476562500e+02
2.799301768645106603e-01 7.033497314453125000e+02
2.833649029610076919e-01 7.039296264648437500e+02
2.867996290575047791e-01 7.153595581054687500e+02
2.902343551540018107e-01 7.197280273437500000e+02
2.936690812504989534e-01 7.424166259765625000e+02
2.971038073469959850e-01 7.584365844726562500e+02
3.005385334434930167e-01 7.740530395507812500e+02
3.039732595399901038e-01 7.723079833984375000e+02
3.074079856364871355e-01 7.484642333984375000e+02
3.108427117329842226e-01 7.560778198242187500e+02
3.142774378294812543e-01 7.733601684570312500e+02
3.177121639259783970e-01 8.052813110351562500e+02
3.211468900224754286e-01 8.225022583007812500e+02
3.245816161189724602e-01 8.301348876953125000e+02
3.280163422154695474e-01 8.598901367187500000e+02
3.314510683119665790e-01 8.879730834960937500e+02
3.348857944084636662e-01 9.212061157226562500e+02
3.383205205049606978e-01 9.751380615234375000e+02
3.417552466014577850e-01 1.005148132324218750e+03
3.451899726979548166e-01 1.017342346191406250e+03
3.486246987944519593e-01 1.016642822265625000e+03
3.520594248909489909e-01 1.033312255859375000e+03
3.554941509874460226e-01 1.057323364257812500e+03
3.589288770839431097e-01 1.071387939453125000e+03
3.623636031804401414e-01 1.086124389648437500e+03
3.657983292769372285e-01 1.114512451171875000e+03
3.692330553734342602e-01 1.132543823242187500e+03
3.726677814699314029e-01 1.149565917968750000e+03
3.761025075664284345e-01 1.138591552734375000e+03
3.795372336629255217e-01 1.134925170898437500e+03
3.829719597594225533e-01 1.134944335937500000e+03
3.864066858559195849e-01 1.152089721679687500e+03
3.898414119524166721e-01 1.163680419921875000e+03
3.932761380489137037e-01 1.168195068359375000e+03
3.967108641454107909e-01 1.188463012695312500e+03
4.001455902419078225e-01 1.211961059570312500e+03
4.035803163384049652e-01 1.240786376953125000e+03
4.070150424349019969e-01 1.224400756835937500e+03
4.104497685313990840e-01 1.222870361328125000e+03
4.138844946278961157e-01 1.225659423828125000e+03
4.173192207243931473e-01 1.245200927734375000e+03
4.207539468208902345e-01 1.240491333007812500e+03
4.241886729173872661e-01 1.253120971679687500e+03
4.276233990138844088e-01 1.260139404296875000e+03
4.310581251103814404e-01 1.279688720703125000e+03
4.344928512068785276e-01 1.293798828125000000e+03
4.379275773033755592e-01 1.295730102539062500e+03
4.413623033998725909e-01 1.283672363281250000e+03
4.447970294963696780e-01 1.275604614257812500e+03
4.482317555928666541e-01 1.272695556640625000e+03
4.516664816893637968e-01 1.278776489257812500e+03
4.551012077858607729e-01 1.288439575195312500e+03
4.585359338823579156e-01 1.301617919921875000e+03
4.619706599788548917e-01 1.290602050781250000e+03
4.654053860753520344e-01 1.291176879882812500e+03
4.688401121718490105e-01 1.290888549804687500e+03
4.722748382683461532e-01 1.315626464843750000e+03
4.757095643648432404e-01 1.320529174804687500e+03
4.791442904613402165e-01 1.322336425781250000e+03
4.825790165578373592e-01 1.306296875000000000e+03
4.860137426543343353e-01 1.303707275390625000e+03
4.894484687508314780e-01 1.304019287109375000e+03
4.928831948473284541e-01 1.312488281250000000e+03
4.963179209438255968e-01 1.313051513671875000e+03
4.997526470403226839e-01 1.310447998046875000e+03
5.031873731368197156e-01 1.300665649414062500e+03
5.066220992333168027e-01 1.286744628906250000e+03
5.100568253298137789e-01 1.276414550781250000e+03
5.134915514263108660e-01 1.276149291992187500e+03
5.169262775228079532e-01 1.265451660156250000e+03
5.203610036193050403e-01 1.247486450195312500e+03
5.237957297158021275e-01 1.231217773437500000e+03
5.272304558122991036e-01 1.230411621093750000e+03
5.306651819087961908e-01 1.227565795898437500e+03
5.340999080052932779e-01 1.221012695312500000e+03
5.375346341017903651e-01 1.212082641601562500e+03
5.409693601982873412e-01 1.220086181640625000e+03
5.444040862947844284e-01 1.217250122070312500e+03
5.478388123912815155e-01 1.206596435546875000e+03
5.512735384877786027e-01 1.194485839843750000e+03
5.547082645842756898e-01 1.194864746093750000e+03
5.581429906807726660e-01 1.196203002929687500e+03
5.615777167772697531e-01 1.180567504882812500e+03
5.650124428737668403e-01 1.172310791015625000e+03
5.684471689702639274e-01 1.177686523437500000e+03
5.718818950667609036e-01 1.198929199218750000e+03
5.753166211632579907e-01 1.212536254882812500e+03
5.787513472597550779e-01 1.197480957031250000e+03
5.821860733562521650e-01 1.172097900390625000e+03
5.856207994527492522e-01 1.160253173828125000e+03
5.890555255492462283e-01 1.159941284179687500e+03
5.924902516457433155e-01 1.151643554687500000e+03
5.959249777422404026e-01 1.132683593750000000e+03
5.993597038387374898e-01 1.132591186523437500e+03
6.027944299352344659e-01 1.142470581054687500e+03
6.062291560317315531e-01 1.151457519531250000e+03
6.096638821282287513e-01 1.150129150390625000e+03
6.130986082247257274e-01 1.134250610351562500e+03
6.165333343212228145e-01 1.129765380859375000e+03
6.199680604177197907e-01 1.138060791015625000e+03
6.234027865142168778e-01 1.150022705078125000e+03
6.268375126107139650e-01 1.154461425781250000e+03
6.302722387072110521e-01 1.159368164062500000e+03
6.337069648037081393e-01 1.163224243164062500e+03
6.371416909002051154e-01 1.158526855468750000e+03
6.405764169967023136e-01 1.143993408203125000e+03
6.440111430931992897e-01 1.128531127929687500e+03
6.474458691896963769e-01 1.124187377929687500e+03
6.508805952861933530e-01 1.108723510742187500e+03
6.543153213826904402e-01 1.104113647460937500e+03
6.577500474791875273e-01 1.096126464843750000e+03
6.611847735756846145e-01 1.109147583007812500e+03
6.646194996721817017e-01 1.115687622070312500e+03
6.680542257686786778e-01 1.117165771484375000e+03
6.714889518651757649e-01 1.125557861328125000e+03
6.749236779616728521e-01 1.136403442382812500e+03
6.783584040581699393e-01 1.129906250000000000e+03
6.817931301546669154e-01 1.105634277343750000e+03
6.852278562511640025e-01 1.090133789062500000e+03
6.886625823476610897e-01 1.096309326171875000e+03
6.920973084441581769e-01 1.099679809570312500e+03
6.955320345406552640e-01 1.106782226562500000e+03
6.989667606371522401e-01 1.117958129882812500e+03
7.024014867336493273e-01 1.119173583984375000e+03
7.058362128301464145e-01 1.110239990234375000e+03
7.092709389266435016e-01 1.096807739257812500e+03
7.127056650231404777e-01 1.103306274414062500e+03
7.161403911196375649e-01 1.109449584960937500e+03
7.195751172161347631e-01 1.111039916992187500e+03
7.230098433126317392e-01 1.101030517578125000e+03
7.264445694091288264e-01 1.103648315429687500e+03
7.298792955056258025e-01 1.113604492187500000e+03
7.333140216021228897e-01 1.125829711914062500e+03
7.367487476986199768e-01 1.128860473632812500e+03
7.401834737951170640e-01 1.130897583007812500e+03
7.436181998916141511e-01 1.140333740234375000e+03
7.470529259881111273e-01 1.143699829101562500e+03
7.504876520846083254e-01 1.154049194335937500e+03
7.539223781811053016e-01 1.169151611328125000e+03
7.573571042776023887e-01 1.167400268554687500e+03
7.607918303740993649e-01 1.168551513671875000e+03
7.642265564705964520e-01 1.145174316406250000e+03
7.676612825670935392e-01 1.130908813476562500e+03
7.710960086635906263e-01 1.121542480468750000e+03
7.745307347600877135e-01 1.118556030273437500e+03
7.779654608565846896e-01 1.116429809570312500e+03
7.814001869530818878e-01 1.110952392578125000e+03
7.848349130495788639e-01 1.115648925781250000e+03
7.882696391460759511e-01 1.107917846679687500e+03
7.917043652425729272e-01 1.096751464843750000e+03
7.951390913390700144e-01 1.094321899414062500e+03
7.985738174355671015e-01 1.108638916015625000e+03
8.020085435320641887e-01 1.129869140625000000e+03
8.054432696285612758e-01 1.137829467773437500e+03
8.088779957250582520e-01 1.150863525390625000e+03
8.123127218215554501e-01 1.156868041992187500e+03
8.157474479180524263e-01 1.174586181640625000e+03
8.191821740145495134e-01 1.165551391601562500e+03
8.226169001110464896e-01 1.160239501953125000e+03
8.260516262075435767e-01 1.135952636718750000e+03
8.294863523040407749e-01 1.135697875976562500e+03
8.329210784005377510e-01 1.133775634765625000e+03
8.363558044970348382e-01 1.140059936523437500e+03
8.397905305935318143e-01 1.139309936523437500e+03
8.432252566900290125e-01 1.146973388671875000e+03
8.466599827865259886e-01 1.152035278320312500e+03
8.500947088830230758e-01 1.154656494140625000e+03
8.535294349795201629e-01 1.155506958007812500e+03
8.569641610760171391e-01 1.161378417968750000e+03
8.603988871725143373e-01 1.160246459960937500e+03
8.638336132690113134e-01 1.173500732421875000e+03
8.672683393655084005e-01 1.174571166992187500e+03
8.707030654620053767e-01 1.181469970703125000e+03
8.741377915585024638e-01 1.178105590820312500e+03
8.775725176549995510e-01 1.175914306640625000e+03
8.810072437514966381e-01 1.169031250000000000e+03
8.844419698479937253e-01 1.161240234375000000e+03
8.878766959444907014e-01 1.165971069335937500e+03
8.913114220409878996e-01 1.176561035156250000e+03
8.947461481374848757e-01 1.183323486328125000e+03
8.981808742339819629e-01 1.188522216796875000e+03
9.016156003304791611e-01 1.193254394531250000e+03
9.050503264269761372e-01 1.191058715820312500e+03
9.084850525234732244e-01 1.173443725585937500e+03
9.119197786199704225e-01 1.164202148437500000e+03
9.153545047164673987e-01 1.171227539062500000e+03
9.187892308129643748e-01 1.192690185546875000e+03
9.222239569094614620e-01 1.196251220703125000e+03
9.256586830059586601e-01 1.194042846679687500e+03
9.290934091024556363e-01 1.193273315429687500e+03
9.325281351989526124e-01 1.200762084960937500e+03
9.359628612954495885e-01 1.203999389648437500e+03
9.393975873919468977e-01 1.196516967773437500e+03
9.428323134884438739e-01 1.196863647460937500e+03
9.462670395849408500e-01 1.186608154296875000e+03
9.497017656814380482e-01 1.181955566406250000e+03
9.531364917779350243e-01 1.172840087890625000e+03
9.565712178744321115e-01 1.173444824218750000e+03
9.600059439709290876e-01 1.180813964843750000e+03
9.634406700674262858e-01 1.188175659179687500e+03
9.668753961639232619e-01 1.203638671875000000e+03
9.703101222604203491e-01 1.201353881835937500e+03
9.737448483569175472e-01 1.208241210937500000e+03
9.771795744534145234e-01 1.212426269531250000e+03
9.806143005499114995e-01 1.217321655273437500e+03
9.840490266464085867e-01 1.209918090820312500e+03
9.874837527429057848e-01 1.204124023437500000e+03
9.909184788394027610e-01 1.197934814453125000e+03
9.943532049358997371e-01 1.195938354492187500e+03
9.977879310323969353e-01 1.192063476562500000e+03
1.001222657128894022e+00 1.184238159179687500e+03
1.004657383225390888e+00 1.170320190429687500e+03
1.008092109321887975e+00 1.166290405273437500e+03
1.011526835418385284e+00 1.173558471679687500e+03
1.014961561514882149e+00 1.191186767578125000e+03
1.018396287611379236e+00 1.200323974609375000e+03
1.021831013707876323e+00 1.210699462890625000e+03
1.025265739804373410e+00 1.216524169921875000e+03
1.028700465900870498e+00 1.217602294921875000e+03
1.032135191997367363e+00 1.212583374023437500e+03
1.035569918093864672e+00 1.211057495117187500e+03
1.039004644190361537e+00 1.209060180664062500e+03
1.042439370286858624e+00 1.211803344726562500e+03
1.045874096383355933e+00 1.210117431640625000e+03
1.049308822479852799e+00 1.216597412109375000e+03
1.052743548576349886e+00 1.222979003906250000e+03
1.056178274672846973e+00 1.222063964843750000e+03
1.059613000769344060e+00 1.229100341796875000e+03
1.063047726865841147e+00 1.223416259765625000e+03
1.066482452962338012e+00 1.222973876953125000e+03
1.069917179058835099e+00 1.212791870117187500e+03
1.073351905155332409e+00 1.224764526367187500e+03
1.076786631251829274e+00 1.233476806640625000e+03
1.080221357348326361e+00 1.244521728515625000e+03
1.083656083444823448e+00 1.246887207031250000e+03
1.087090809541320535e+00 1.247036132812500000e+03
1.090525535637817622e+00 1.239982788085937500e+03
1.093960261734314487e+00 1.231294067382812500e+03
1.097394987830811797e+00 1.229954833984375000e+03
1.100829713927308662e+00 1.236204956054687500e+03
1.104264440023805749e+00 1.245870483398437500e+03
1.107699166120303058e+00 1.240195556640625000e+03
1.111133892216799923e+00 1.243253173828125000e+03
1.114568618313297010e+00 1.252254272460937500e+03
1.118003344409794098e+00 1.277584594726562500e+03
1.121438070506291185e+00 1.292185668945312500e+03
1.124872796602788272e+00 1.281957763671875000e+03
1.128307522699285137e+00 1.267302734375000000e+03
1.131742248795782446e+00 1.249033691406250000e+03
1.135176974892279533e+00 1.259100830078125000e+03
1.138611700988776398e+00 1.270183715820312500e+03
1.142046427085273486e+00 1.285856201171875000e+03
1.145481153181770573e+00 1.281677734375000000e+03
1.148915879278267660e+00 1.274701782226562500e+03
1.152350605374764747e+00 1.264689819335937500e+03
1.155785331471261612e+00 1.275578247070312500e+03
1.159220057567758921e+00 1.285278442382812500e+03
1.162654783664255786e+00 1.293305297851562500e+03
1.166089509760752874e+00 1.291633178710937500e+03
1.169524235857250183e+00 1.297350830078125000e+03
1.172958961953747048e+00 1.300067382812500000e+03
1.176393688050244135e+00 1.307205932617187500e+03
1.179828414146741222e+00 1.313254760742187500e+03
1.183263140243238309e+00 1.320210327148437500e+03
1.186697866339735397e+00 1.325571044921875000e+03
1.190132592436232262e+00 1.333614135742187500e+03
1.193567318532729571e+00 1.341559204101562500e+03
1.197002044629226658e+00 1.342034667968750000e+03
1.200436770725723523e+00 1.323082153320312500e+03
1.203871496822220610e+00 1.314116943359375000e+03
1.207306222918717697e+00 1.321603393554687500e+03
1.210740949015214785e+00 1.348067626953125000e+03
1.214175675111711872e+00 1.353848999023437500e+03
1.217610401208208959e+00 1.365842529296875000e+03
1.221045127304706046e+00 1.364499389648437500e+03
1.224479853401202911e+00 1.362944580078125000e+03
1.227914579497699998e+00 1.344887451171875000e+03
1.231349305594197308e+00 1.340225585937500000e+03
1.234784031690694173e+00 1.341578247070312500e+03
1.238218757787191260e+00 1.332812744140625000e+03
1.241653483883688347e+00 1.326722778320312500e+03
1.245088209980185434e+00 1.322896484375000000e+03
1.248522936076682521e+00 1.327435546875000000e+03
1.251957662173179386e+00 1.336509887695312500e+03
1.255392388269676696e+00 1.346662841796875000e+03
1.258827114366173783e+00 1.352986328125000000e+03
1.262261840462670648e+00 1.355987182617187500e+03
1.265696566559167957e+00 1.362583862304687500e+03
1.269131292655664822e+00 1.372162353515625000e+03
1.272566018752161909e+00 1.361993652343750000e+03
1.276000744848658996e+00 1.355974487304687500e+03
1.279435470945156084e+00 1.355910400390625000e+03
1.282870197041653171e+00 1.378654174804687500e+03
1.286304923138150036e+00 1.392701782226562500e+03
1.289739649234647123e+00 1.394202026367187500e+03
1.293174375331144432e+00 1.390343994140625000e+03
1.296609101427641297e+00 1.388482910156250000e+03
1.300043827524138385e+00 1.396449218750000000e+03
1.303478553620635472e+00 1.402348876953125000e+03
1.306913279717132559e+00 1.398408569335937500e+03
1.310348005813629646e+00 1.393854125976562500e+03
1.313782731910126511e+00 1.385523071289062500e+03
1.317217458006623820e+00 1.381075073242187500e+03
1.320652184103120685e+00 1.380319335937500000e+03
1.324086910199617773e+00 1.390553222656250000e+03
1.327521636296115082e+00 1.421653198242187500e+03
1.330956362392611947e+00 1.451611572265625000e+03
1.334391088489109034e+00 1.479724365234375000e+03
1.337825814585606121e+00 1.501477294921875000e+03
1.341260540682103208e+00 1.519778076171875000e+03
1.344695266778600296e+00 1.546697143554687500e+03
1.348129992875097161e+00 1.559647460937500000e+03
1.351564718971594470e+00 1.569076171875000000e+03
1.354999445068091557e+00 1.540676879882812500e+03
1.358434171164588422e+00 1.504139526367187500e+03
1.361868897261085509e+00 1.465436035156250000e+03
1.365303623357582596e+00 1.440331420898437500e+03
1.368738349454079684e+00 1.425149780273437500e+03
1.372173075550576771e+00 1.420526000976562500e+03
1.375607801647073636e+00 1.420287231445312500e+03
1.379042527743570945e+00 1.427735961914062500e+03
1.382477253840067810e+00 1.431621337890625000e+03
1.385911979936564897e+00 1.434798583984375000e+03
1.389346706033062206e+00 1.436276489257812500e+03
1.392781432129559072e+00 1.428006225585937500e+03
1.396216158226056159e+00 1.433665283203125000e+03
1.399650884322553246e+00 1.440084472656250000e+03
1.403085610419050333e+00 1.453675659179687500e+03
1.406520336515547420e+00 1.458224731445312500e+03
1.409955062612044285e+00 1.455292968750000000e+03
1.413389788708541595e+00 1.451807373046875000e+03
1.416824514805038682e+00 1.453234375000000000e+03
1.420259240901535547e+00 1.458981567382812500e+03
1.423693966998032634e+00 1.451600097656250000e+03
1.427128693094529721e+00 1.434914062500000000e+03
1.430563419191026808e+00 1.424177978515625000e+03
1.433998145287523895e+00 1.430380615234375000e+03
1.437432871384020983e+00 1.440167358398437500e+03
1.440867597480518070e+00 1.449561645507812500e+03
1.444302323577014935e+00 1.464195678710937500e+03
1.447737049673512022e+00 1.471190063476562500e+03
1.451171775770009331e+00 1.474577880859375000e+03
1.454606501866506196e+00 1.475226074218750000e+03
1.458041227963003283e+00 1.476127563476562500e+03
1.461475954059500371e+00 1.478813110351562500e+03
1.464910680155997458e+00 1.471978759765625000e+03
1.468345406252494545e+00 1.473193359375000000e+03
1.471780132348991410e+00 1.472002197265625000e+03
1.475214858445488719e+00 1.475141601562500000e+03
1.478649584541985806e+00 1.474528320312500000e+03
1.482084310638482672e+00 1.468600219726562500e+03
1.485519036734979981e+00 1.463692138671875000e+03
1.488953762831476846e+00 1.467927124023437500e+03
1.492388488927973933e+00 1.481071044921875000e+03
1.495823215024471020e+00 1.500782226562500000e+03
1.499257941120968107e+00 1.503350219726562500e+03
1.502692667217465194e+00 1.503336059570312500e+03
1.506127393313962060e+00 1.500104736328125000e+03
1.509562119410459147e+00 1.495807250976562500e+03
1.512996845506956456e+00 1.488976806640625000e+03
1.516431571603453321e+00 1.493750244140625000e+03
1.519866297699950408e+00 1.505497802734375000e+03
1.523301023796447495e+00 1.512776855468750000e+03
1.526735749892944582e+00 1.508642822265625000e+03
1.530170475989441670e+00 1.517345947265625000e+03
1.533605202085938535e+00 1.520241088867187500e+03
1.537039928182435844e+00 1.512475830078125000e+03
1.540474654278932931e+00 1.497691406250000000e+03
1.543909380375429796e+00 1.501601684570312500e+03
1.547344106471927105e+00 1.497781127929687500e+03
1.550778832568423971e+00 1.503419799804687500e+03
1.554213558664921058e+00 1.510713378906250000e+03
1.557648284761418145e+00 1.523681640625000000e+03
1.561083010857915232e+00 1.519967651367187500e+03
1.564517736954412319e+00 1.514744873046875000e+03
1.567952463050909184e+00 1.518956909179687500e+03
1.571387189147406493e+00 1.538971679687500000e+03
1.574821915243903581e+00 1.548445068359375000e+03
1.578256641340400446e+00 1.553438598632812500e+03
1.581691367436897533e+00 1.546140380859375000e+03
1.585126093533394620e+00 1.543721069335937500e+03
1.588560819629891707e+00 1.542525512695312500e+03
1.591995545726388794e+00 1.553400146484375000e+03
1.595430271822885659e+00 1.559702758789062500e+03
1.598864997919382969e+00 1.567888061523437500e+03
1.602299724015880056e+00 1.571590698242187500e+03
1.605734450112376921e+00 1.574595825195312500e+03
1.609169176208874230e+00 1.579778076171875000e+03
1.612603902305371095e+00 1.597867797851562500e+03
1.616038628401868182e+00 1.639862182617187500e+03
1.619473354498365270e+00 1.687503662109375000e+03
1.622908080594862357e+00 1.747063110351562500e+03
1.626342806691359444e+00 1.792080322265625000e+03
1.629777532787856309e+00 1.820629150390625000e+03
1.633212258884353618e+00 1.819925537109375000e+03
1.636646984980850705e+00 1.784975708007812500e+03
1.640081711077347570e+00 1.727136596679687500e+03
1.643516437173844658e+00 1.659233520507812500e+03
1.646951163270341745e+00 1.616676391601562500e+03
1.650385889366838832e+00 1.595852050781250000e+03
1.653820615463335919e+00 1.590846191406250000e+03
1.657255341559833006e+00 1.577932739257812500e+03
1.660690067656330093e+00 1.568671020507812500e+03
1.664124793752827181e+00 1.568072265625000000e+03
1.667559519849324046e+00 1.577086181640625000e+03
1.670994245945821355e+00 1.577448486328125000e+03
1.674428972042318220e+00 1.568918579101562500e+03
1.677863698138815307e+00 1.562968750000000000e+03
1.681298424235312394e+00 1.560187866210937500e+03
1.684733150331809481e+00 1.561160156250000000e+03
1.688167876428306569e+00 1.565043823242187500e+03
1.691602602524803434e+00 1.561004760742187500e+03
1.695037328621300743e+00 1.555906127929687500e+03
1.698472054717797830e+00 1.553653808593750000e+03
1.701906780814294695e+00 1.564462524414062500e+03
1.705341506910792004e+00 1.568955810546875000e+03
1.708776233007288869e+00 1.561902587890625000e+03
1.712210959103785957e+00 1.553470581054687500e+03
1.715645685200283044e+00 1.552227539062500000e+03
1.719080411296780131e+00 1.552985961914062500e+03
1.722515137393277218e+00 1.549804443359375000e+03
1.725949863489774083e+00 1.535492187500000000e+03
1.729384589586271170e+00 1.535677490234375000e+03
1.732819315682768480e+00 1.536397949218750000e+03
1.736254041779265345e+00 1.544744995117187500e+03
1.739688767875762432e+00 1.542824707031250000e+03
1.743123493972259519e+00 1.545139770507812500e+03
1.746558220068756606e+00 1.542520996093750000e+03
1.749992946165253693e+00 1.540744995117187500e+03
1.753427672261750558e+00 1.542923583984375000e+03
1.756862398358247868e+00 1.545643676757812500e+03
1.760297124454744955e+00 1.554482788085937500e+03
1.763731850551241820e+00 1.554828613281250000e+03
1.767166576647739129e+00 1.565209472656250000e+03
1.770601302744235994e+00 1.571678466796875000e+03
1.774036028840733081e+00 1.581877319335937500e+03
1.777470754937230168e+00 1.579093750000000000e+03
1.780905481033727256e+00 1.573838745117187500e+03
1.784340207130224343e+00 1.553204711914062500e+03
1.787774933226721208e+00 1.536040649414062500e+03
1.791209659323218295e+00 1.516978271484375000e+03
1.794644385419715160e+00 1.501968994140625000e+03
1.798079111516212247e+00 1.494841186523437500e+03
1.801513837612709557e+00 1.488524536132812500e+03
1.804948563709206422e+00 1.485706665039062500e+03
1.808383289805703509e+00 1.474098754882812500e+03
1.811818015902200818e+00 1.463198852539062500e+03
1.815252741998697461e+00 1.450024658203125000e+03
1.818687468095194770e+00 1.445875610351562500e+03
1.822122194191692079e+00 1.444630615234375000e+03
1.825556920288188723e+00 1.445198364257812500e+03
1.828991646384686032e+00 1.441106689453125000e+03
1.832426372481182897e+00 1.438373901367187500e+03
1.835861098577679984e+00 1.438515014648437500e+03
1.839295824674177293e+00 1.437904418945312500e+03
1.842730550770673936e+00 1.432287841796875000e+03
1.846165276867171245e+00 1.426529785156250000e+03
1.849600002963668333e+00 1.425215820312500000e+03
1.853034729060165198e+00 1.427625976562500000e+03
1.856469455156662507e+00 1.425129516601562500e+03
1.859904181253159594e+00 1.419881591796875000e+03
1.863338907349656459e+00 1.417737182617187500e+03
1.866773633446153768e+00 1.419255249023437500e+03
1.870208359542650411e+00 1.410276000976562500e+03
1.873643085639147721e+00 1.392748168945312500e+03
1.877077811735644808e+00 1.389378051757812500e+03
1.880512537832141673e+00 1.384914184570312500e+03
1.883947263928638982e+00 1.388912353515625000e+03
1.887381990025136069e+00 1.379900024414062500e+03
1.890816716121632934e+00 1.375817626953125000e+03
1.894251442218130022e+00 1.371618408203125000e+03
1.897686168314627331e+00 1.358247924804687500e+03
1.901120894411124196e+00 1.352457031250000000e+03
1.904555620507621283e+00 1.343239135742187500e+03
1.907990346604118592e+00 1.335857421875000000e+03
1.911425072700615457e+00 1.325432983398437500e+03
1.914859798797112544e+00 1.318211059570312500e+03
1.918294524893609410e+00 1.317591308593750000e+03
1.921729250990106497e+00 1.312583007812500000e+03
1.925163977086603806e+00 1.308125122070312500e+03
1.928598703183100671e+00 1.299028686523437500e+03
1.932033429279597758e+00 1.299270141601562500e+03
1.935468155376095067e+00 1.294401000976562500e+03
1.938902881472591710e+00 1.284945800781250000e+03
1.942337607569089020e+00 1.269431152343750000e+03
1.945772333665586329e+00 1.255626708984375000e+03
1.949207059762082972e+00 1.255793334960937500e+03
1.952641785858580281e+00 1.251011840820312500e+03
1.956076511955077368e+00 1.246464721679687500e+03
1.959511238051574233e+00 1.246635864257812500e+03
1.962945964148071543e+00 1.253708862304687500e+03
1.966380690244568186e+00 1.263757080078125000e+03
1.969815416341065495e+00 1.254104980468750000e+03
1.973250142437562582e+00 1.244356079101562500e+03
1.976684868534059447e+00 1.235804443359375000e+03
1.980119594630556756e+00 1.249666625976562500e+03
1.983554320727053843e+00 1.274920654296875000e+03
1.986989046823550709e+00 1.323636718750000000e+03
1.990423772920048018e+00 1.392083007812500000e+03
1.993858499016545105e+00 1.477201416015625000e+03
1.997293225113041970e+00 1.554789428710937500e+03
2.000727951209539057e+00 1.601391357421875000e+03
2.004162677306036144e+00 1.599187622070312500e+03
2.007597403402533232e+00 1.549341308593750000e+03
2.011032129499030319e+00 1.460684936523437500e+03
2.014466855595526962e+00 1.374198364257812500e+03
2.017901581692024493e+00 1.292788574218750000e+03
2.021336307788521580e+00 1.243237426757812500e+03
2.024771033885018223e+00 1.210549926757812500e+03
2.028205759981515754e+00 1.191671752929687500e+03
2.031640486078012842e+00 1.173339477539062500e+03
2.035075212174509485e+00 1.166098144531250000e+03
2.038509938271007016e+00 1.162991210937500000e+03
2.041944664367504103e+00 1.162810058593750000e+03
2.045379390464000746e+00 1.145748046875000000e+03
2.048814116560497833e+00 1.142890502929687500e+03
2.052248842656994920e+00 1.136282592773437500e+03
2.055683568753492008e+00 1.140271118164062500e+03
2.059118294849989095e+00 1.132607910156250000e+03
2.062553020946486182e+00 1.137720214843750000e+03
2.065987747042983269e+00 1.137420776367187500e+03
2.069422473139480356e+00 1.139153808593750000e+03
2.072857199235977443e+00 1.137840332031250000e+03
2.076291925332474531e+00 1.135511840820312500e+03
2.079726651428971618e+00 1.131210937500000000e+03
2.083161377525468705e+00 1.119842895507812500e+03
2.086596103621965792e+00 1.109096679687500000e+03
2.090030829718462879e+00 1.098200805664062500e+03
2.093465555814959522e+00 1.088442626953125000e+03
2.096900281911457053e+00 1.084741333007812500e+03
2.100335008007953697e+00 1.083955566406250000e+03
2.103769734104450784e+00 1.088574951171875000e+03
2.107204460200948315e+00 1.082531372070312500e+03
2.110639186297444958e+00 1.074534545898437500e+03
2.114073912393942045e+00 1.064672607421875000e+03
2.117508638490439576e+00 1.062197631835937500e+03
2.120943364586936219e+00 1.062694213867187500e+03
2.124378090683433307e+00 1.055435424804687500e+03
2.127812816779930394e+00 1.043699707031250000e+03
2.131247542876427481e+00 1.032503662109375000e+03
2.134682268972924568e+00 1.033064086914062500e+03
2.138116995069421211e+00 1.032788818359375000e+03
2.141551721165918742e+00 1.035551635742187500e+03
2.144986447262415830e+00 1.036332153320312500e+03
2.148421173358912473e+00 1.035345703125000000e+03
2.151855899455410004e+00 1.034560668945312500e+03
2.155290625551907091e+00 1.031592773437500000e+03
2.158725351648403734e+00 1.029406005859375000e+03
2.162160077744901265e+00 1.030943237304687500e+03
2.165594803841398353e+00 1.032209228515625000e+03
2.169029529937894996e+00 1.031833496093750000e+03
2.172464256034392083e+00 1.021049438476562500e+03
2.175898982130889614e+00 1.009856384277343750e+03
2.179333708227386257e+00 1.004752380371093750e+03
2.182768434323883344e+00 1.001517700195312500e+03
2.186203160420380431e+00 1.002415405273437500e+03
2.189637886516877519e+00 1.008384155273437500e+03
2.193072612613374606e+00 1.004437500000000000e+03
2.196507338709871693e+00 1.001034729003906250e+03
2.199942064806368780e+00 9.948967895507812500e+02
2.203376790902865867e+00 9.931976928710937500e+02
2.206811516999362954e+00 9.849712524414062500e+02
2.210246243095860041e+00 9.820406494140625000e+02
2.213680969192357129e+00 9.884162597656250000e+02
2.217115695288853772e+00 9.939209594726562500e+02
2.220550421385351303e+00 9.897254028320312500e+02
2.223985147481847946e+00 9.791237792968750000e+02
2.227419873578345033e+00 9.748873901367187500e+02
2.230854599674842564e+00 9.709579467773437500e+02
2.234289325771339207e+00 9.663216552734375000e+02
2.237724051867836295e+00 9.671314086914062500e+02
2.241158777964333826e+00 9.686512451171875000e+02
2.244593504060830469e+00 9.662293701171875000e+02
2.248028230157327556e+00 9.604164428710937500e+02
2.251462956253824643e+00 9.592587280273437500e+02
2.254897682350321730e+00 9.495976562500000000e+02
2.258332408446818818e+00 9.436253051757812500e+02
2.261767134543315905e+00 9.400753173828125000e+02
2.265201860639812992e+00 9.379012451171875000e+02
2.268636586736310079e+00 9.321206665039062500e+02
2.272071312832806722e+00 9.219603881835937500e+02
2.275506038929304253e+00 9.178987426757812500e+02
2.278940765025801340e+00 9.171845092773437500e+02
2.282375491122297984e+00 9.255517578125000000e+02
2.285810217218795515e+00 9.312802734375000000e+02
2.289244943315292602e+00 9.288068237304687500e+02
2.292679669411789245e+00 9.271077880859375000e+02
2.296114395508286332e+00 9.329387817382812500e+02
2.299549121604783863e+00 9.488838500976562500e+02
2.302983847701280506e+00 9.704785766601562500e+02
2.306418573797777594e+00 1.012021179199218750e+03
2.309853299894274681e+00 1.073065673828125000e+03
2.313288025990771768e+00 1.152585449218750000e+03
2.316722752087268855e+00 1.218743896484375000e+03
2.320157478183765942e+00 1.258790771484375000e+03
2.323592204280263029e+00 1.249819213867187500e+03
2.327026930376760117e+00 1.194346313476562500e+03
2.330461656473257204e+00 1.105966552734375000e+03
2.333896382569754291e+00 1.023571350097656250e+03
2.337331108666251378e+00 9.630847778320312500e+02
2.340765834762748021e+00 9.332742919921875000e+02
2.344200560859245552e+00 9.100928344726562500e+02
2.347635286955742639e+00 9.000413818359375000e+02
2.351070013052239283e+00 8.957218627929687500e+02
2.354504739148736814e+00 8.898013305664062500e+02
2.357939465245233457e+00 8.949085693359375000e+02
2.361374191341730544e+00 8.916455078125000000e+02
2.364808917438227631e+00 8.917548217773437500e+02
2.368243643534724718e+00 8.871321411132812500e+02
2.371678369631221805e+00 8.895328369140625000e+02
2.375113095727718893e+00 8.830297241210937500e+02
2.378547821824215980e+00 8.722859497070312500e+02
2.381982547920713067e+00 8.687858886718750000e+02
2.385417274017210154e+00 8.708577880859375000e+02
2.388852000113707241e+00 8.620672607421875000e+02
2.392286726210204328e+00 8.537329101562500000e+02
2.395721452306701416e+00 8.538999023437500000e+02
2.399156178403198503e+00 8.531752929687500000e+02
2.402590904499695590e+00 8.505206909179687500e+02
2.406025630596192233e+00 8.467508544921875000e+02
2.409460356692689320e+00 8.470457763671875000e+02
2.412895082789186851e+00 8.451674194335937500e+02
2.416329808885683494e+00 8.389479980468750000e+02
2.419764534982180582e+00 8.383416748046875000e+02
2.423199261078678113e+00 8.397043457031250000e+02
2.426633987175174756e+00 8.345000610351562500e+02
2.430068713271671843e+00 8.303482055664062500e+02
2.433503439368169374e+00 8.202130126953125000e+02
2.436938165464666017e+00 8.257819213867187500e+02
2.440372891561163105e+00 8.282015991210937500e+02
2.443807617657660192e+00 8.321478881835937500e+02
2.447242343754157279e+00 8.314372558593750000e+02
2.450677069850654366e+00 8.308833007812500000e+02
2.454111795947151009e+00 8.306798095703125000e+02
2.457546522043648540e+00 8.188079223632812500e+02
2.460981248140145627e+00 8.132756958007812500e+02
2.464415974236642271e+00 8.106285400390625000e+02
2.467850700333139802e+00 8.175317382812500000e+02
2.471285426429636889e+00 8.159060668945312500e+02
2.474720152526133532e+00 8.127182006835937500e+02
2.478154878622631063e+00 8.111401367187500000e+02
2.481589604719128150e+00 8.120625000000000000e+02
2.485024330815624793e+00 8.165587768554687500e+02
2.488459056912121881e+00 8.190067749023437500e+02
2.491893783008618968e+00 8.246991577148437500e+02
2.495328509105116055e+00 8.322352294921875000e+02
2.498763235201613142e+00 8.553499755859375000e+02
2.502197961298110229e+00 8.914669189453125000e+02
2.505632687394607316e+00 9.312994995117187500e+02
2.509067413491104404e+00 9.523962402343750000e+02
2.512502139587601491e+00 9.582721557617187500e+02
2.515936865684098578e+00 9.405041503906250000e+02
2.519371591780595665e+00 9.120660400390625000e+02
2.522806317877092752e+00 8.743323364257812500e+02
2.526241043973589839e+00 8.396542358398437500e+02
2.529675770070086926e+00 8.194716186523437500e+02
2.533110496166583570e+00 8.063406372070312500e+02
2.536545222263081101e+00 7.968763427734375000e+02
2.539979948359577744e+00 7.913916625976562500e+02
2.543414674456074831e+00 7.852493286132812500e+02
2.546849400552572362e+00 7.860866088867187500e+02
2.550284126649069005e+00 7.883659057617187500e+02
2.553718852745566092e+00 7.939295654296875000e+02
2.557153578842063624e+00 7.885500488281250000e+02
2.560588304938560267e+00 7.749786987304687500e+02
2.564023031035057354e+00 7.719926147460937500e+02
2.567457757131554441e+00 7.775396728515625000e+02
2.570892483228051528e+00 7.831151123046875000e+02
2.574327209324548615e+00 7.823084716796875000e+02
2.577761935421045258e+00 7.795811157226562500e+02
2.581196661517542790e+00 7.767651367187500000e+02
2.584631387614039877e+00 7.748069458007812500e+02
2.588066113710536520e+00 7.733712158203125000e+02
2.591500839807034051e+00 7.725667114257812500e+02
2.594935565903531138e+00 7.678290405273437500e+02
2.598370292000027781e+00 7.674404296875000000e+02
2.601805018096525313e+00 7.660325317382812500e+02
2.605239744193022400e+00 7.748575439453125000e+02
2.608674470289519043e+00 7.792199096679687500e+02
2.612109196386016130e+00 7.770039672851562500e+02
2.615543922482513661e+00 7.692921752929687500e+02
2.618978648579010304e+00 7.536589965820312500e+02
2.622413374675507391e+00 7.446376953125000000e+02
2.625848100772004479e+00 7.377423706054687500e+02
2.629282826868501566e+00 7.410154418945312500e+02
2.632717552964998653e+00 7.468616943359375000e+02
2.636152279061495740e+00 7.505974121093750000e+02
2.639587005157992827e+00 7.539108886718750000e+02
2.643021731254489914e+00 7.513984375000000000e+02
2.646456457350987002e+00 7.469280395507812500e+02
2.649891183447484089e+00 7.418571166992187500e+02
2.653325909543981176e+00 7.450923461914062500e+02
2.656760635640477819e+00 7.463201293945312500e+02
2.660195361736975350e+00 7.457230224609375000e+02
2.663630087833471993e+00 7.454712524414062500e+02
2.667064813929969080e+00 7.486262817382812500e+02
2.670499540026466612e+00 7.508559570312500000e+02
2.673934266122963255e+00 7.499315795898437500e+02
2.677368992219460342e+00 7.521271362304687500e+02
2.680803718315957873e+00 7.528123168945312500e+02
2.684238444412454516e+00 7.546958007812500000e+02
2.687673170508951603e+00 7.563878784179687500e+02
2.691107896605448691e+00 7.566369628906250000e+02
2.694542622701945778e+00 7.517277832031250000e+02
2.697977348798442865e+00 7.466633911132812500e+02
2.701412074894939952e+00 7.446218872070312500e+02
2.704846800991437039e+00 7.480187377929687500e+02
2.708281527087934126e+00 7.569370727539062500e+02
2.711716253184430769e+00 7.631641845703125000e+02
2.715150979280928301e+00 7.668519287109375000e+02
2.718585705377425388e+00 7.619886474609375000e+02
2.722020431473922031e+00 7.611527709960937500e+02
2.725455157570419562e+00 7.648388671875000000e+02
2.728889883666916649e+00 7.728610839843750000e+02
2.732324609763413292e+00 7.810112304687500000e+02
2.735759335859910379e+00 7.898233642578125000e+02
2.739194061956407911e+00 7.999301147460937500e+02
2.742628788052904554e+00 8.134625244140625000e+02
2.746063514149401641e+00 8.280599365234375000e+02
2.749498240245898728e+00 8.564224853515625000e+02
2.752932966342395815e+00 9.183424682617187500e+02
2.756367692438892902e+00 1.020800781250000000e+03
2.759802418535389990e+00 1.148031616210937500e+03
2.763237144631887077e+00 1.267425170898437500e+03
2.766671870728384164e+00 1.338602416992187500e+03
2.770106596824881251e+00 1.337121826171875000e+03
2.773541322921378338e+00 1.281534667968750000e+03
2.776976049017875425e+00 1.191263793945312500e+03
2.780410775114372068e+00 1.112216674804687500e+03
2.783845501210869600e+00 1.070875244140625000e+03
2.787280227307366687e+00 1.108969116210937500e+03
2.790714953403863330e+00 1.288764892578125000e+03
2.794149679500360861e+00 1.737566284179687500e+03
2.797584405596857504e+00 2.624485107421875000e+03
2.801019131693354591e+00 5.000723144531250000e+03
2.804453857789852123e+00 6.985463867187500000e+03
2.807888583886348766e+00 8.531747070312500000e+03
2.811323309982845853e+00 9.409496093750000000e+03
2.814758036079342940e+00 9.992765625000000000e+03
2.818192762175840027e+00 8.870447265625000000e+03
2.821627488272337114e+00 6.038678710937500000e+03
2.825062214368834201e+00 3.316724609375000000e+03
2.828496940465331289e+00 1.951623168945312500e+03
2.831931666561828376e+00 1.468067626953125000e+03
2.835366392658325463e+00 1.263658325195312500e+03
2.838801118754822550e+00 1.152659912109375000e+03
2.842235844851319637e+00 1.080811279296875000e+03
2.845670570947816280e+00 1.009013183593750000e+03
2.849105297044313811e+00 9.442979736328125000e+02
2.852540023140810899e+00 8.912911987304687500e+02
2.855974749237307542e+00 8.537703857421875000e+02
2.859409475333804629e+00 8.294105224609375000e+02
2.862844201430302160e+00 8.123688354492187500e+02
2.866278927526798803e+00 8.022334594726562500e+02
2.869713653623295890e+00 7.843717651367187500e+02
2.873148379719793422e+00 7.675275878906250000e+02
2.876583105816290065e+00 7.574427490234375000e+02
2.880017831912787152e+00 7.500421752929687500e+02
2.883452558009284239e+00 7.436236572265625000e+02
2.886887284105781326e+00 7.421466064453125000e+02
2.890322010202278413e+00 7.419329223632812500e+02
2.893756736298775500e+00 7.397531127929687500e+02
2.897191462395272588e+00 7.360026245117187500e+02
2.900626188491769675e+00 7.309712524414062500e+02
2.904060914588266318e+00 7.264801635742187500e+02
2.907495640684763849e+00 7.220216674804687500e+02
2.910930366781260936e+00 7.190797729492187500e+02
2.914365092877757579e+00 7.156152954101562500e+02
2.917799818974255111e+00 7.149232788085937500e+02
2.921234545070752198e+00 7.197634277343750000e+02
2.924669271167248841e+00 7.226536865234375000e+02
2.928103997263746372e+00 7.327340698242187500e+02
2.931538723360243015e+00 7.555348510742187500e+02
2.934973449456740102e+00 7.878509521484375000e+02
2.938408175553237189e+00 8.071958007812500000e+02
2.941842901649734277e+00 8.082304687500000000e+02
2.945277627746231364e+00 7.827737426757812500e+02
2.948712353842728451e+00 7.544837036132812500e+02
2.952147079939225538e+00 7.221815795898437500e+02
2.955581806035722625e+00 7.065443725585937500e+02
2.959016532132219712e+00 6.958043823242187500e+02
2.962451258228716799e+00 6.970685424804687500e+02
2.965885984325213887e+00 7.070240478515625000e+02
2.969320710421710974e+00 7.321540527343750000e+02
2.972755436518208061e+00 7.582352294921875000e+02
2.976190162614705148e+00 7.869885864257812500e+02
2.979624888711201791e+00 8.115067138671875000e+02
2.983059614807698878e+00 8.229864501953125000e+02
2.986494340904196410e+00 8.123522949218750000e+02
2.989929067000693053e+00 7.778736572265625000e+02
2.993363793097190140e+00 7.426719360351562500e+02
2.996798519193687671e+00 7.070587768554687500e+02
3.000233245290184314e+00 6.893334350585937500e+02
3.003667971386681401e+00 6.761745605468750000e+02
3.007102697483178932e+00 6.734196777343750000e+02
3.010537423579675576e+00 6.658960571289062500e+02
3.013972149676172663e+00 6.590013427734375000e+02
3.017406875772669750e+00 6.573662719726562500e+02
3.020841601869166837e+00 6.573881225585937500e+02
3.024276327965663924e+00 6.592641601562500000e+02
3.027711054062160567e+00 6.589573364257812500e+02
3.031145780158658098e+00 6.739199829101562500e+02
3.034580506255155186e+00 6.775998535156250000e+02
3.038015232351651829e+00 6.817723999023437500e+02
3.041449958448149360e+00 6.834343872070312500e+02
3.044884684544646447e+00 6.932525634765625000e+02
3.048319410641143090e+00 7.036288452148437500e+02
3.051754136737640177e+00 7.048972167968750000e+02
3.055188862834137709e+00 7.069119262695312500e+02
3.058623588930634352e+00 7.081429443359375000e+02
3.062058315027131439e+00 7.132421875000000000e+02
3.065493041123628526e+00 7.194014892578125000e+02
3.068927767220125613e+00 7.232255859375000000e+02
3.072362493316622700e+00 7.351176147460937500e+02
3.075797219413119787e+00 7.382366333007812500e+02
3.079231945509616875e+00 7.442811889648437500e+02
3.082666671606113962e+00 7.372594604492187500e+02
3.086101397702611049e+00 7.319020385742187500e+02
3.089536123799108136e+00 7.084754638671875000e+02
3.092970849895605223e+00 6.900116577148437500e+02
3.096405575992101866e+00 6.723281250000000000e+02
3.099840302088599397e+00 6.606632690429687500e+02
3.103275028185096041e+00 6.456983642578125000e+02
3.106709754281593128e+00 6.343957519531250000e+02
3.110144480378090659e+00 6.281750488281250000e+02
3.113579206474587302e+00 6.288546142578125000e+02
3.117013932571084389e+00 6.280054321289062500e+02
3.120448658667581920e+00 6.282656250000000000e+02
3.123883384764078563e+00 6.210298461914062500e+02
3.127318110860575651e+00 6.178645629882812500e+02
3.130752836957072738e+00 6.119985961914062500e+02
3.134187563053569825e+00 6.115061035156250000e+02
3.137622289150066912e+00 6.124183349609375000e+02
3.141057015246563999e+00 6.118257446289062500e+02
3.144491741343061086e+00 6.121403808593750000e+02
3.147926467439558174e+00 6.118151855468750000e+02
3.151361193536054817e+00 6.140800170898437500e+02
3.154795919632552348e+00 6.105887451171875000e+02
3.158230645729049435e+00 6.093727416992187500e+02
3.161665371825546078e+00 6.127137451171875000e+02
3.165100097922043609e+00 6.137334594726562500e+02
3.168534824018540696e+00 6.153540649414062500e+02
3.171969550115037340e+00 6.154978027343750000e+02
3.175404276211534427e+00 6.152674560546875000e+02
3.178839002308031958e+00 6.151353759765625000e+02
3.182273728404528601e+00 6.128643188476562500e+02
3.185708454501025688e+00 6.094061279296875000e+02
3.189143180597522775e+00 6.015007324218750000e+02
3.192577906694019862e+00 5.934099121093750000e+02
3.196012632790516950e+00 5.967958374023437500e+02
3.199447358887014037e+00 6.012225952148437500e+02
3.202882084983511124e+00 6.090415649414062500e+02
3.206316811080008211e+00 6.106543579101562500e+02
3.209751537176505298e+00 6.105057373046875000e+02
3.213186263273002385e+00 6.125192871093750000e+02
3.216620989369499473e+00 6.091940917968750000e+02
3.220055715465996116e+00 6.065368041992187500e+02
3.223490441562493647e+00 5.993185424804687500e+02
3.226925167658990734e+00 5.969611206054687500e+02
3.230359893755487377e+00 5.980947265625000000e+02
3.233794619851984908e+00 6.002389526367187500e+02
3.237229345948481551e+00 6.068818359375000000e+02
3.240664072044978639e+00 6.113690185546875000e+02
3.244098798141476170e+00 6.153065795898437500e+02
3.247533524237972813e+00 6.213261108398437500e+02
3.250968250334469900e+00 6.312730712890625000e+02
3.254402976430966987e+00 6.503826904296875000e+02
3.257837702527464074e+00 6.673640136718750000e+02
3.261272428623961162e+00 6.969471435546875000e+02
3.264707154720458249e+00 7.081171264648437500e+02
3.268141880816955336e+00 7.055372924804687500e+02
3.271576606913452423e+00 6.783089599609375000e+02
3.275011333009949510e+00 6.525731811523437500e+02
3.278446059106446597e+00 6.323414306640625000e+02
3.281880785202943684e+00 6.159707641601562500e+02
3.285315511299440328e+00 6.031063842773437500e+02
3.288750237395937859e+00 5.971218872070312500e+02
3.292184963492434946e+00 5.963580322265625000e+02
3.295619689588931589e+00 5.916170043945312500e+02
3.299054415685428676e+00 5.865444335937500000e+02
3.302489141781926207e+00 5.824132080078125000e+02
3.305923867878422850e+00 5.870480346679687500e+02
3.309358593974919938e+00 5.841400146484375000e+02
3.312793320071417469e+00 5.857846069335937500e+02
3.316228046167914112e+00 5.817929687500000000e+02
3.319662772264411199e+00 5.795962524414062500e+02
3.323097498360908286e+00 5.806148071289062500e+02
3.326532224457405373e+00 5.811666259765625000e+02
3.329966950553902461e+00 5.822567749023437500e+02
3.333401676650399548e+00 5.814539794921875000e+02
3.336836402746896635e+00 5.799738159179687500e+02
3.340271128843393722e+00 5.807168579101562500e+02
3.343705854939890365e+00 5.872010498046875000e+02
3.347140581036387896e+00 5.997584838867187500e+02
3.350575307132884983e+00 6.160965576171875000e+02
3.354010033229381627e+00 6.198478393554687500e+02
3.357444759325879158e+00 6.207062988281250000e+02
3.360879485422376245e+00 6.105473632812500000e+02
3.364314211518872888e+00 6.016026000976562500e+02
3.367748937615370419e+00 5.900666503906250000e+02
3.371183663711867062e+00 5.826754760742187500e+02
3.374618389808364149e+00 5.784006347656250000e+02
3.378053115904861237e+00 5.787008056640625000e+02
3.381487842001358324e+00 5.796950073242187500e+02
3.384922568097855411e+00 5.825054321289062500e+02
3.388357294194352498e+00 5.783632202148437500e+02
3.391792020290849585e+00 5.689125366210937500e+02
3.395226746387346672e+00 5.580841064453125000e+02
3.398661472483843760e+00 5.578242797851562500e+02
3.402096198580340847e+00 5.654417114257812500e+02
3.405530924676837934e+00 5.711879272460937500e+02
3.408965650773335021e+00 5.749045410156250000e+02
3.412400376869832108e+00 5.834041748046875000e+02
3.415835102966329195e+00 5.950452270507812500e+02
3.419269829062825838e+00 6.071409912109375000e+02
3.422704555159322926e+00 6.147967529296875000e+02
3.426139281255820457e+00 6.183084716796875000e+02
3.429574007352317100e+00 6.072846069335937500e+02
3.433008733448814187e+00 5.957592773437500000e+02
3.436443459545311718e+00 5.848266601562500000e+02
3.439878185641808361e+00 5.799091186523437500e+02
3.443312911738305448e+00 5.762930297851562500e+02
3.446747637834802980e+00 5.788959960937500000e+02
3.450182363931299623e+00 5.828013916015625000e+02
3.453617090027796710e+00 5.824155273437500000e+02
3.457051816124293797e+00 5.827781982421875000e+02
3.460486542220790884e+00 5.821364746093750000e+02
3.463921268317287971e+00 5.859765014648437500e+02
3.467355994413784614e+00 5.867540893554687500e+02
3.470790720510282146e+00 5.890858764648437500e+02
3.474225446606779233e+00 5.826542968750000000e+02
3.477660172703275876e+00 5.749633178710937500e+02
3.481094898799773407e+00 5.642709350585937500e+02
3.484529624896270494e+00 5.596868896484375000e+02
3.487964350992767137e+00 5.551552124023437500e+02
3.491399077089264669e+00 5.544114990234375000e+02
3.494833803185761756e+00 5.537655639648437500e+02
3.498268529282258399e+00 5.541345825195312500e+02
3.501703255378755486e+00 5.500868530273437500e+02
3.505137981475252573e+00 5.462286376953125000e+02
3.508572707571749660e+00 5.458480224609375000e+02
3.512007433668246748e+00 5.452766113281250000e+02
3.515442159764743835e+00 5.485795288085937500e+02
3.518876885861240922e+00 5.507625122070312500e+02
3.522311611957738009e+00 5.552441406250000000e+02
3.525746338054235096e+00 5.535699462890625000e+02
3.529181064150732183e+00 5.498301391601562500e+02
3.532615790247229270e+00 5.465831909179687500e+02
3.536050516343726358e+00 5.490831298828125000e+02
3.539485242440223445e+00 5.493540039062500000e+02
3.542919968536720088e+00 5.546130981445312500e+02
3.546354694633217175e+00 5.560764770507812500e+02
3.549789420729714706e+00 5.608496704101562500e+02
3.553224146826211349e+00 5.659595336914062500e+02
3.556658872922708436e+00 5.708768920898437500e+02
3.560093599019205968e+00 5.741248779296875000e+02
3.563528325115702611e+00 5.705653686523437500e+02
3.566963051212199698e+00 5.668319091796875000e+02
3.570397777308697229e+00 5.599569702148437500e+02
3.573832503405193872e+00 5.563413696289062500e+02
3.577267229501690959e+00 5.550435791015625000e+02
3.580701955598188047e+00 5.548716430664062500e+02
3.584136681694685134e+00 5.523911132812500000e+02
3.587571407791181777e+00 5.486427001953125000e+02
3.591006133887679308e+00 5.435339355468750000e+02
3.594440859984176395e+00 5.387880249023437500e+02
3.597875586080673038e+00 5.347927246093750000e+02
3.601310312177170569e+00 5.357821044921875000e+02
3.604745038273667657e+00 5.363264770507812500e+02
3.608179764370164300e+00 5.369052734375000000e+02
3.611614490466661831e+00 5.367233886718750000e+02
3.615049216563158918e+00 5.372969970703125000e+02
3.618483942659655561e+00 5.359007568359375000e+02
3.621918668756153092e+00 5.351562500000000000e+02
3.625353394852649735e+00 5.323461914062500000e+02
3.628788120949146823e+00 5.338522338867187500e+02
3.632222847045644354e+00 5.310085449218750000e+02
3.635657573142140997e+00 5.318206787109375000e+02
3.639092299238638084e+00 5.321387329101562500e+02
3.642527025335135615e+00 5.336730346679687500e+02
3.645961751431632258e+00 5.327407836914062500e+02
3.649396477528129346e+00 5.280253295898437500e+02
3.652831203624625989e+00 5.289465332031250000e+02
3.656265929721123520e+00 5.290434570312500000e+02
3.659700655817620607e+00 5.268931274414062500e+02
3.663135381914117250e+00 5.229708862304687500e+02
3.666570108010614781e+00 5.237186889648437500e+02
3.670004834107111424e+00 5.249182739257812500e+02
3.673439560203608512e+00 5.274548950195312500e+02
3.676874286300106043e+00 5.258837890625000000e+02
3.680309012396602686e+00 5.270083618164062500e+02
3.683743738493099773e+00 5.229914550781250000e+02
3.687178464589597304e+00 5.254644165039062500e+02
3.690613190686093947e+00 5.283180541992187500e+02
3.694047916782591034e+00 5.274392700195312500e+02
3.697482642879088566e+00 5.241796875000000000e+02
3.700917368975585209e+00 5.224760742187500000e+02
3.704352095072082296e+00 5.233198852539062500e+02
3.707786821168579827e+00 5.218576049804687500e+02
3.711221547265076470e+00 5.154553222656250000e+02
3.714656273361573113e+00 5.143611450195312500e+02
3.718090999458071089e+00 5.110055541992187500e+02
3.721525725554567732e+00 5.128316040039062500e+02
3.724960451651064375e+00 5.122768554687500000e+02
3.728395177747561906e+00 5.145527954101562500e+02
3.731829903844058993e+00 5.125826416015625000e+02
3.735264629940555636e+00 5.125833129882812500e+02
3.738699356037052723e+00 5.136814575195312500e+02
3.742134082133550255e+00 5.122782592773437500e+02
3.745568808230046898e+00 5.120574340820312500e+02
3.749003534326543985e+00 5.177858276367187500e+02
3.752438260423041516e+00 5.188417358398437500e+02
3.755872986519538159e+00 5.218595581054687500e+02
3.759307712616034802e+00 5.308887329101562500e+02
3.762742438712532778e+00 5.459213867187500000e+02
3.766177164809029421e+00 5.632679443359375000e+02
3.769611890905526064e+00 5.723592529296875000e+02
3.773046617002023595e+00 5.867283325195312500e+02
3.776481343098520682e+00 5.901649780273437500e+02
3.779916069195017325e+00 5.850147705078125000e+02
3.783350795291514856e+00 5.671517333984375000e+02
3.786785521388011944e+00 5.467003784179687500e+02
3.790220247484508587e+00 5.318267822265625000e+02
3.793654973581006118e+00 5.190768432617187500e+02
3.797089699677503205e+00 5.121923217773437500e+02
3.800524425773999848e+00 5.085444030761718750e+02
3.803959151870497379e+00 5.053611755371093750e+02
3.807393877966994467e+00 5.035923767089843750e+02
3.810828604063491110e+00 5.047417602539062500e+02
3.814263330159988641e+00 5.048230285644531250e+02
3.817698056256485284e+00 5.072654113769531250e+02
3.821132782352982371e+00 5.110689697265625000e+02
3.824567508449479902e+00 5.227384033203125000e+02
3.828002234545976545e+00 5.275218505859375000e+02
3.831436960642473633e+00 5.309560546875000000e+02
3.834871686738970276e+00 5.392609863281250000e+02
3.838306412835467807e+00 5.514304809570312500e+02
3.841741138931964894e+00 5.655792846679687500e+02
3.845175865028461537e+00 5.820895996093750000e+02
3.848610591124959068e+00 5.927966308593750000e+02
3.852045317221456155e+00 5.915692749023437500e+02
3.855480043317952799e+00 5.766306762695312500e+02
3.858914769414450330e+00 5.655673217773437500e+02
3.862349495510946973e+00 5.578183593750000000e+02
3.865784221607444060e+00 5.575644531250000000e+02
3.869218947703941591e+00 5.510784301757812500e+02
3.872653673800438234e+00 5.470748901367187500e+02
3.876088399896935321e+00 5.403364257812500000e+02
3.879523125993432853e+00 5.391934814453125000e+02
3.882957852089929496e+00 5.313811645507812500e+02
3.886392578186426583e+00 5.186076049804687500e+02
3.889827304282924114e+00 5.051517028808593750e+02
3.893262030379420757e+00 4.959295043945312500e+02
3.896696756475917844e+00 4.933767089843750000e+02
3.900131482572415376e+00 4.915826416015625000e+02
3.903566208668912019e+00 4.947331542968750000e+02
3.907000934765408662e+00 4.972586669921875000e+02
3.910435660861906637e+00 4.962344055175781250e+02
3.913870386958403280e+00 4.867007446289062500e+02
3.917305113054899923e+00 4.833311462402343750e+02
3.920739839151397010e+00 4.824148254394531250e+02
3.924174565247894542e+00 4.866423950195312500e+02
3.927609291344391185e+00 4.866094665527343750e+02
3.931044017440888272e+00 4.885266113281250000e+02
3.934478743537385803e+00 4.921516113281250000e+02
3.937913469633882446e+00 4.924961547851562500e+02
3.941348195730379533e+00 4.943558959960937500e+02
3.944782921826877065e+00 4.872747497558593750e+02
3.948217647923373708e+00 4.858264770507812500e+02
3.951652374019870351e+00 4.849715881347656250e+02
3.955087100116368326e+00 4.853671875000000000e+02
3.958521826212864969e+00 4.860152587890625000e+02
3.961956552309361612e+00 4.873493652343750000e+02
3.965391278405859588e+00 4.888032836914062500e+02
3.968826004502356231e+00 4.823526611328125000e+02
3.972260730598852874e+00 4.805226745605468750e+02
3.975695456695350405e+00 4.808329467773437500e+02
3.979130182791847492e+00 4.839355773925781250e+02
3.982564908888344135e+00 4.859945983886718750e+02
3.985999634984841666e+00 4.915944519042968750e+02
3.989434361081338754e+00 5.011484069824218750e+02
3.992869087177835397e+00 5.169439697265625000e+02
3.996303813274332928e+00 5.445677490234375000e+02
3.999738539370830015e+00 5.820349731445312500e+02
4.003173265467326658e+00 6.318403320312500000e+02
4.006607991563823745e+00 6.792637939453125000e+02
4.010042717660320832e+00 7.109869384765625000e+02
4.013477443756817920e+00 7.071135253906250000e+02
4.016912169853315007e+00 6.860050048828125000e+02
4.020346895949812094e+00 6.541459960937500000e+02
4.023781622046309181e+00 6.233827514648437500e+02
4.027216348142806268e+00 5.858451538085937500e+02
4.030651074239303355e+00 5.515322265625000000e+02
4.034085800335800442e+00 5.234983520507812500e+02
4.037520526432297530e+00 5.067928771972656250e+02
4.040955252528794617e+00 4.973735351562500000e+02
4.044389978625291704e+00 4.944379882812500000e+02
4.047824704721788791e+00 4.906119689941406250e+02
4.051259430818285878e+00 4.942946166992187500e+02
4.054694156914782965e+00 4.946069030761718750e+02
4.058128883011279164e+00 4.919618835449218750e+02
4.061563609107777140e+00 4.840749511718750000e+02
4.064998335204274227e+00 4.792350463867187500e+02
4.068433061300770426e+00 4.776630554199218750e+02
4.071867787397268401e+00 4.783227539062500000e+02
4.075302513493765488e+00 4.789181518554687500e+02
4.078737239590261687e+00 4.813494567871093750e+02
4.082171965686759663e+00 4.841981811523437500e+02
4.085606691783256750e+00 4.882348632812500000e+02
4.089041417879752949e+00 4.892114257812500000e+02
4.092476143976250036e+00 4.860484619140625000e+02
4.095910870072748011e+00 4.757660217285156250e+02
4.099345596169244210e+00 4.710719604492187500e+02
4.102780322265741297e+00 4.710464782714843750e+02
4.106215048362239273e+00 4.788851928710937500e+02
4.109649774458735472e+00 4.794499511718750000e+02
4.113084500555232559e+00 4.771625061035156250e+02
4.116519226651730534e+00 4.755885314941406250e+02
4.119953952748226733e+00 4.753761596679687500e+02
4.123388678844723820e+00 4.742522888183593750e+02
4.126823404941220907e+00 4.709739074707031250e+02
4.130258131037717995e+00 4.700478515625000000e+02
4.133692857134215082e+00 4.695875244140625000e+02
4.137127583230712169e+00 4.696846008300781250e+02
4.140562309327209256e+00 4.672548522949218750e+02
4.143997035423706343e+00 4.673125305175781250e+02
4.147431761520203430e+00 4.716761474609375000e+02
4.150866487616700518e+00 4.764207458496093750e+02
4.154301213713197605e+00 4.793634643554687500e+02
4.157735939809694692e+00 4.759644775390625000e+02
4.161170665906191779e+00 4.736992187500000000e+02
4.164605392002688866e+00 4.705535278320312500e+02
4.168040118099185953e+00 4.774681396484375000e+02
4.171474844195683040e+00 4.933355102539062500e+02
4.174909570292180128e+00 5.200217895507812500e+02
4.178344296388677215e+00 5.484357910156250000e+02
4.181779022485174302e+00 5.730842895507812500e+02
4.185213748581671389e+00 5.873521728515625000e+02
4.188648474678167588e+00 5.823433227539062500e+02
4.192083200774665563e+00 5.639426879882812500e+02
4.195517926871162651e+00 5.399652709960937500e+02
4.198952652967658850e+00 5.226336669921875000e+02
4.202387379064156825e+00 5.193485717773437500e+02
4.205822105160653912e+00 5.295596923828125000e+02
4.209256831257150111e+00 5.543687133789062500e+02
4.212691557353648086e+00 5.777831420898437500e+02
4.216126283450144285e+00 5.972756958007812500e+02
4.219561009546641372e+00 5.940106811523437500e+02
4.222995735643139348e+00 5.816433105468750000e+02
4.226430461739635547e+00 5.513858642578125000e+02
4.229865187836132634e+00 5.171690063476562500e+02
4.233299913932630609e+00 4.878145141601562500e+02
4.236734640029126808e+00 4.765546569824218750e+02
4.240169366125623895e+00 4.778536071777343750e+02
4.243604092222121871e+00 4.757251281738281250e+02
4.247038818318618070e+00 4.732510375976562500e+02
4.250473544415115157e+00 4.666761169433593750e+02
4.253908270511613132e+00 4.646004943847656250e+02
4.257342996608109331e+00 4.580017395019531250e+02
4.260777722704606418e+00 4.542520446777343750e+02
4.264212448801104394e+00 4.563098144531250000e+02
4.267647174897600593e+00 4.628337402343750000e+02
4.271081900994097680e+00 4.668377990722656250e+02
4.274516627090594767e+00 4.662188415527343750e+02
4.277951353187091854e+00 4.717099304199218750e+02
4.281386079283588941e+00 4.825086975097656250e+02
4.284820805380086028e+00 5.031281433105468750e+02
4.288255531476583116e+00 5.345598754882812500e+02
4.291690257573080203e+00 5.679966430664062500e+02
4.295124983669576402e+00 5.976560668945312500e+02
4.298559709766074377e+00 6.087177734375000000e+02
4.301994435862571464e+00 6.049042968750000000e+02
4.305429161959067663e+00 5.766491088867187500e+02
4.308863888055565639e+00 5.454880981445312500e+02
4.312298614152062726e+00 5.142785644531250000e+02
4.315733340248558925e+00 4.905662536621093750e+02
4.319168066345056900e+00 4.706966247558593750e+02
4.322602792441553987e+00 4.584833068847656250e+02
4.326037518538050186e+00 4.582306823730468750e+02
4.329472244634548161e+00 4.588601989746093750e+02
4.332906970731045249e+00 4.587514038085937500e+02
4.336341696827541448e+00 4.557656555175781250e+02
4.339776422924039423e+00 4.579782714843750000e+02
4.343211149020536510e+00 4.622608642578125000e+02
4.346645875117032709e+00 4.649031372070312500e+02
4.350080601213530684e+00 4.653911437988281250e+02
4.353515327310027772e+00 4.687040710449218750e+02
4.356950053406523971e+00 4.712576904296875000e+02
4.360384779503021058e+00 4.745368041992187500e+02
4.363819505599518145e+00 4.720610961914062500e+02
4.367254231696015232e+00 4.696506958007812500e+02
4.370688957792512319e+00 4.618911132812500000e+02
4.374123683889009406e+00 4.558202514648437500e+02
4.377558409985506493e+00 4.554395141601562500e+02
4.380993136082003581e+00 4.561080627441406250e+02
4.384427862178500668e+00 4.569726562500000000e+02
4.387862588274997755e+00 4.607879028320312500e+02
4.391297314371494842e+00 4.614743041992187500e+02
4.394732040467991929e+00 4.651268920898437500e+02
4.398166766564489016e+00 4.686161193847656250e+02
4.401601492660986104e+00 4.842618713378906250e+02
4.405036218757483191e+00 5.010428771972656250e+02
4.408470944853980278e+00 5.150565795898437500e+02
4.411905670950477365e+00 5.239500122070312500e+02
4.415340397046974452e+00 5.239902343750000000e+02
4.418775123143471539e+00 5.109382019042968750e+02
4.422209849239968626e+00 4.947095336914062500e+02
4.425644575336465714e+00 4.773756408691406250e+02
4.429079301432962801e+00 4.649450988769531250e+02
4.432514027529459888e+00 4.530197143554687500e+02
4.435948753625956975e+00 4.446247863769531250e+02
4.439383479722454062e+00 4.392497558593750000e+02
4.442818205818951149e+00 4.378855895996093750e+02
4.446252931915447348e+00 4.331225891113281250e+02
4.449687658011945324e+00 4.308276062011718750e+02
4.453122384108441523e+00 4.332864379882812500e+02
4.456557110204938610e+00 4.417894897460937500e+02
4.459991836301436585e+00 4.472284851074218750e+02
4.463426562397932784e+00 4.450291137695312500e+02
4.466861288494429871e+00 4.449847412109375000e+02
4.470296014590927847e+00 4.427061462402343750e+02
4.473730740687424046e+00 4.437319335937500000e+02
4.477165466783921133e+00 4.404649658203125000e+02
4.480600192880419108e+00 4.404729614257812500e+02
4.484034918976915307e+00 4.418949279785156250e+02
4.487469645073412394e+00 4.393059997558593750e+02
4.490904371169910370e+00 4.331715393066406250e+02
4.494339097266406569e+00 4.325270996093750000e+02
4.497773823362903656e+00 4.290856323242187500e+02
4.501208549459401631e+00 4.306718750000000000e+02
4.504643275555897830e+00 4.279631042480468750e+02
4.508078001652394917e+00 4.294417419433593750e+02
4.511512727748892893e+00 4.340390014648437500e+02
4.514947453845389091e+00 4.398015747070312500e+02
4.518382179941886179e+00 4.428792114257812500e+02
4.521816906038383266e+00 4.409194030761718750e+02
4.525251632134880353e+00 4.409884033203125000e+02
4.528686358231377440e+00 4.420757751464843750e+02
4.532121084327874527e+00 4.385180358886718750e+02
4.535555810424371614e+00 4.316328125000000000e+02
4.538990536520868702e+00 4.277822570800781250e+02
4.542425262617364901e+00 4.268484802246093750e+02
4.545859988713862876e+00 4.286941223144531250e+02
4.549294714810359963e+00 4.288974609375000000e+02
4.552729440906856162e+00 4.331045227050781250e+02
4.556164167003354137e+00 4.307984313964843750e+02
4.559598893099851225e+00 4.332466430664062500e+02
4.563033619196347423e+00 4.333221740722656250e+02
4.566468345292845399e+00 4.333686218261718750e+02
4.569903071389342486e+00 4.321856384277343750e+02
4.573337797485838685e+00 4.329535522460937500e+02
4.576772523582336660e+00 4.354836425781250000e+02
4.580207249678833747e+00 4.319366149902343750e+02
4.583641975775329946e+00 4.265403747558593750e+02
4.587076701871827922e+00 4.229816284179687500e+02
4.590511427968325009e+00 4.278767089843750000e+02
4.593946154064821208e+00 4.368857116699218750e+02
4.597380880161319183e+00 4.387371215820312500e+02
4.600815606257816270e+00 4.314222106933593750e+02
4.604250332354312469e+00 4.254745483398437500e+02
4.607685058450810445e+00 4.253129882812500000e+02
4.611119784547306644e+00 4.287864685058593750e+02
4.614554510643803731e+00 4.292239685058593750e+02
4.617989236740300818e+00 4.261310729980468750e+02
4.621423962836797905e+00 4.241875915527343750e+02
4.624858688933294992e+00 4.282330017089843750e+02
4.628293415029792079e+00 4.448098144531250000e+02
4.631728141126289167e+00 4.614007873535156250e+02
4.635162867222786254e+00 4.809795532226562500e+02
4.638597593319283341e+00 5.047218627929687500e+02
4.642032319415780428e+00 5.327985839843750000e+02
4.645467045512277515e+00 5.560509033203125000e+02
4.648901771608774602e+00 5.767753906250000000e+02
4.652336497705271690e+00 5.851004638671875000e+02
4.655771223801768777e+00 5.874852294921875000e+02
4.659205949898265864e+00 5.800938110351562500e+02
4.662640675994762951e+00 5.734457397460937500e+02
4.666075402091260038e+00 5.724205322265625000e+02
4.669510128187757125e+00 5.710104980468750000e+02
4.672944854284254212e+00 5.664434204101562500e+02
4.676379580380751300e+00 5.465071411132812500e+02
4.679814306477248387e+00 5.213742675781250000e+02
4.683249032573745474e+00 4.949397583007812500e+02
4.686683758670242561e+00 4.743340454101562500e+02
4.690118484766739648e+00 4.570400695800781250e+02
4.693553210863236735e+00 4.475606384277343750e+02
4.696987936959733823e+00 4.395125122070312500e+02
4.700422663056230022e+00 4.340530395507812500e+02
4.703857389152727997e+00 4.280449523925781250e+02
4.707292115249225084e+00 4.246122131347656250e+02
4.710726841345721283e+00 4.231438598632812500e+02
4.714161567442218370e+00 4.255558471679687500e+02
4.717596293538716345e+00 4.254207458496093750e+02
4.721031019635212544e+00 4.268477478027343750e+02
4.724465745731709632e+00 4.267090148925781250e+02
4.727900471828207607e+00 4.290859680175781250e+02
4.731335197924703806e+00 4.262562255859375000e+02
4.734769924021200893e+00 4.259943237304687500e+02
4.738204650117698868e+00 4.248094177246093750e+02
4.741639376214195067e+00 4.266886291503906250e+02
4.745074102310692155e+00 4.208661499023437500e+02
4.748508828407190130e+00 4.169804992675781250e+02
4.751943554503686329e+00 4.192737731933593750e+02
4.755378280600183416e+00 4.250814208984375000e+02
4.758813006696681391e+00 4.289234008789062500e+02
4.762247732793177590e+00 4.213147583007812500e+02
4.765682458889674677e+00 4.147279968261718750e+02
4.769117184986171765e+00 4.099217224121093750e+02
4.772551911082668852e+00 4.148138122558593750e+02
4.775986637179165939e+00 4.195795898437500000e+02
4.779421363275663026e+00 4.205906982421875000e+02
4.782856089372160113e+00 4.151876220703125000e+02
4.786290815468657200e+00 4.181729125976562500e+02
4.789725541565154288e+00 4.257962036132812500e+02
4.793160267661651375e+00 4.316089172363281250e+02
4.796594993758148462e+00 4.285066833496093750e+02
4.800029719854644661e+00 4.312283325195312500e+02
4.803464445951142636e+00 4.379165344238281250e+02
4.806899172047639723e+00 4.456814880371093750e+02
4.810333898144135922e+00 4.442433166503906250e+02
4.813768624240633898e+00 4.434619140625000000e+02
4.817203350337130985e+00 4.378045349121093750e+02
4.820638076433627184e+00 4.342432556152343750e+02
4.824072802530125159e+00 4.246808471679687500e+02
4.827507528626622246e+00 4.243031921386718750e+02
4.830942254723118445e+00 4.251574707031250000e+02
4.834376980819616421e+00 4.290542907714843750e+02
4.837811706916113508e+00 4.271429748535156250e+02
4.841246433012609707e+00 4.255298461914062500e+02
4.844681159109107682e+00 4.290181884765625000e+02
4.848115885205604769e+00 4.322446899414062500e+02
4.851550611302100968e+00 4.320063476562500000e+02
4.854985337398598944e+00 4.346047363281250000e+02
4.858420063495095143e+00 4.505613098144531250e+02
4.861854789591592230e+00 4.800920715332031250e+02
4.865289515688090205e+00 5.128281250000000000e+02
4.868724241784586404e+00 5.485731201171875000e+02
4.872158967881083491e+00 5.815259399414062500e+02
4.875593693977581466e+00 6.001536254882812500e+02
4.879028420074077665e+00 5.881829223632812500e+02
4.882463146170574753e+00 5.463616943359375000e+02
4.885897872267071840e+00 5.012417602539062500e+02
4.889332598363568927e+00 4.646246032714843750e+02
4.892767324460066014e+00 4.430995178222656250e+02
4.896202050556563101e+00 4.296062927246093750e+02
4.899636776653060188e+00 4.216904907226562500e+02
4.903071502749557276e+00 4.181704101562500000e+02
4.906506228846054363e+00 4.189989624023437500e+02
4.909940954942551450e+00 4.253161621093750000e+02
4.913375681039048537e+00 4.316952514648437500e+02
4.916810407135545624e+00 4.288704833984375000e+02
4.920245133232042711e+00 4.301756896972656250e+02
4.923679859328539798e+00 4.299626464843750000e+02
4.927114585425036886e+00 4.381932067871093750e+02
4.930549311521533973e+00 4.327870483398437500e+02
4.933984037618031060e+00 4.342739868164062500e+02
4.937418763714528147e+00 4.276919555664062500e+02
4.940853489811025234e+00 4.255854187011718750e+02
4.944288215907522321e+00 4.196867065429687500e+02
4.947722942004018520e+00 4.207449340820312500e+02
4.951157668100516496e+00 4.293713989257812500e+02
4.954592394197013583e+00 4.377792053222656250e+02
4.958027120293509782e+00 4.499670410156250000e+02
4.961461846390007757e+00 4.576487121582031250e+02
4.964896572486504844e+00 4.573854675292968750e+02
4.968331298583001043e+00 4.518403930664062500e+02
4.971766024679498130e+00 4.446175231933593750e+02
4.975200750775996106e+00 4.419420166015625000e+02
4.978635476872492305e+00 4.298997192382812500e+02
4.982070202968989392e+00 4.249613647460937500e+02
4.985504929065487367e+00 4.187525939941406250e+02
4.988939655161983566e+00 4.212978820800781250e+02
4.992374381258480653e+00 4.169244995117187500e+02
4.995809107354978629e+00 4.143469238281250000e+02
4.999243833451474828e+00 4.115906372070312500e+02
5.002678559547971915e+00 4.123318786621093750e+02
5.006113285644469002e+00 4.172179260253906250e+02
5.009548011740966089e+00 4.178389587402343750e+02
5.012982737837463176e+00 4.197562561035156250e+02
5.016417463933960263e+00 4.195498657226562500e+02
5.019852190030457351e+00 4.243916320800781250e+02
5.023286916126954438e+00 4.312949218750000000e+02
5.026721642223451525e+00 4.368355407714843750e+02
5.030156368319948612e+00 4.440348205566406250e+02
5.033591094416445699e+00 4.520857238769531250e+02
5.037025820512942786e+00 4.533737487792968750e+02
5.040460546609439874e+00 4.555564575195312500e+02
5.043895272705936961e+00 4.481880187988281250e+02
5.047329998802434048e+00 4.462070312500000000e+02
5.050764724898931135e+00 4.319621582031250000e+02
5.054199450995428222e+00 4.221922302246093750e+02
5.057634177091925309e+00 4.146663208007812500e+02
5.061068903188422397e+00 4.163921813964843750e+02
5.064503629284919484e+00 4.201559753417968750e+02
5.067938355381415683e+00 4.240440063476562500e+02
5.071373081477913658e+00 4.251152954101562500e+02
5.074807807574410745e+00 4.256671752929687500e+02
5.078242533670906944e+00 4.231805419921875000e+02
5.081677259767404919e+00 4.217709655761718750e+02
5.085111985863902007e+00 4.158598937988281250e+02
5.088546711960398206e+00 4.132639160156250000e+02
5.091981438056896181e+00 4.159704895019531250e+02
5.095416164153392380e+00 4.192840270996093750e+02
5.098850890249889467e+00 4.169523315429687500e+02
5.102285616346387442e+00 4.107489318847656250e+02
5.105720342442883641e+00 4.069203186035156250e+02
5.109155068539380729e+00 4.023840942382812500e+02
5.112589794635878704e+00 4.023132019042968750e+02
5.116024520732374903e+00 4.037015991210937500e+02
5.119459246828871990e+00 4.034423522949218750e+02
5.122893972925369965e+00 4.045319213867187500e+02
5.126328699021866164e+00 4.009543151855468750e+02
5.129763425118363251e+00 4.008267517089843750e+02
5.133198151214861227e+00 4.013365173339843750e+02
5.136632877311357426e+00 4.004303894042968750e+02
5.140067603407854513e+00 3.996502990722656250e+02
5.143502329504352488e+00 3.982625732421875000e+02
5.146937055600848687e+00 4.008138122558593750e+02
5.150371781697345774e+00 4.027792968750000000e+02
5.153806507793842862e+00 4.107528991699218750e+02
5.157241233890339949e+00 4.165621643066406250e+02
5.160675959986837036e+00 4.183245849609375000e+02
5.164110686083334123e+00 4.148974304199218750e+02
5.167545412179831210e+00 4.182607421875000000e+02
5.170980138276328297e+00 4.189591369628906250e+02
5.174414864372825384e+00 4.146324768066406250e+02
5.177849590469322472e+00 4.095956726074218750e+02
5.181284316565819559e+00 4.044487915039062500e+02
5.184719042662315758e+00 4.028903198242187500e+02
5.188153768758813733e+00 4.020223693847656250e+02
5.191588494855310820e+00 4.027833862304687500e+02
5.195023220951807019e+00 4.057744750976562500e+02
5.198457947048304995e+00 4.129197082519531250e+02
5.201892673144802082e+00 4.292833251953125000e+02
5.205327399241298281e+00 4.511444091796875000e+02
5.208762125337796256e+00 4.709777832031250000e+02
5.212196851434293343e+00 4.804849548339843750e+02
5.215631577530789542e+00 4.772952575683593750e+02
5.219066303627287517e+00 4.659750366210937500e+02
5.222501029723784605e+00 4.515939941406250000e+02
5.225935755820280804e+00 4.390323791503906250e+02
5.229370481916778779e+00 4.258130187988281250e+02
5.232805208013275866e+00 4.132206420898437500e+02
5.236239934109772065e+00 4.035443725585937500e+02
5.239674660206269152e+00 3.991159362792968750e+02
5.243109386302767128e+00 4.034267272949218750e+02
5.246544112399263327e+00 4.056509399414062500e+02
5.249978838495760414e+00 4.091227111816406250e+02
5.253413564592257501e+00 4.063420410156250000e+02
5.256848290688754588e+00 4.019153747558593750e+02
5.260283016785251675e+00 3.983375549316406250e+02
5.263717742881748762e+00 4.010627136230468750e+02
5.267152468978245849e+00 4.042374877929687500e+02
5.270587195074742937e+00 4.106381225585937500e+02
5.274021921171240024e+00 4.131237792968750000e+02
5.277456647267737111e+00 4.224132385253906250e+02
5.280891373364234198e+00 4.270232543945312500e+02
5.284326099460731285e+00 4.333922424316406250e+02
5.287760825557228372e+00 4.277987670898437500e+02
5.291195551653725460e+00 4.230247497558593750e+02
5.294630277750222547e+00 4.179259948730468750e+02
5.298065003846719634e+00 4.138770751953125000e+02
5.301499729943216721e+00 4.100914916992187500e+02
5.304934456039713808e+00 4.054300842285156250e+02
5.308369182136210895e+00 4.017205810546875000e+02
5.311803908232707983e+00 4.009301757812500000e+02
5.315238634329205070e+00 3.992914733886718750e+02
5.318673360425702157e+00 4.028179931640625000e+02
5.322108086522199244e+00 4.107680053710937500e+02
5.325542812618695443e+00 4.189901428222656250e+02
5.328977538715193418e+00 4.227061767578125000e+02
5.332412264811690505e+00 4.200142517089843750e+02
5.335846990908186704e+00 4.229551696777343750e+02
5.339281717004684680e+00 4.311421813964843750e+02
5.342716443101180879e+00 4.461350097656250000e+02
5.346151169197677966e+00 4.667302246093750000e+02
5.349585895294175941e+00 4.823204650878906250e+02
5.353020621390672140e+00 4.809233703613281250e+02
5.356455347487169227e+00 4.636978149414062500e+02
5.359890073583667203e+00 4.447923889160156250e+02
5.363324799680163402e+00 4.315933837890625000e+02
5.366759525776660489e+00 4.210951232910156250e+02
5.370194251873158464e+00 4.129558105468750000e+02
5.373628977969654663e+00 4.085786743164062500e+02
5.377063704066151750e+00 4.078881225585937500e+02
5.380498430162649726e+00 4.058532104492187500e+02
5.383933156259145925e+00 4.024081420898437500e+02
5.387367882355643012e+00 4.003856201171875000e+02
5.390802608452140987e+00 3.950676879882812500e+02
5.394237334548637186e+00 3.926880187988281250e+02
5.397672060645134273e+00 3.923883361816406250e+02
5.401106786741632249e+00 3.958727111816406250e+02
5.404541512838128448e+00 3.994359741210937500e+02
5.407976238934625535e+00 4.012203674316406250e+02
5.411410965031122622e+00 4.026133728027343750e+02
5.414845691127619709e+00 4.045374450683593750e+02
5.418280417224116796e+00 4.065034179687500000e+02
5.421715143320613883e+00 4.113305664062500000e+02
5.425149869417110970e+00 4.176622009277343750e+02
5.428584595513608058e+00 4.253056640625000000e+02
5.432019321610104257e+00 4.232245483398437500e+02
5.435454047706602232e+00 4.185032043457031250e+02
5.438888773803099319e+00 4.100317382812500000e+02
5.442323499899595518e+00 4.080753173828125000e+02
5.445758225996093493e+00 4.061435546875000000e+02
5.449192952092590581e+00 4.062636718750000000e+02
5.452627678189086780e+00 4.065773925781250000e+02
5.456062404285584755e+00 4.076026916503906250e+02
5.459497130382081842e+00 4.104443054199218750e+02
5.462931856478578041e+00 4.108187561035156250e+02
5.466366582575076016e+00 4.145002441406250000e+02
5.469801308671573103e+00 4.231737365722656250e+02
5.473236034768069302e+00 4.342114868164062500e+02
5.476670760864567278e+00 4.444620056152343750e+02
5.480105486961064365e+00 4.525107116699218750e+02
5.483540213057560564e+00 4.555621337890625000e+02
5.486974939154058539e+00 4.503717956542968750e+02
5.490409665250555626e+00 4.389368286132812500e+02
5.493844391347051825e+00 4.292727661132812500e+02
5.497279117443548913e+00 4.189232482910156250e+02
5.500713843540046000e+00 4.155260314941406250e+02
5.504148569636543087e+00 4.145893554687500000e+02
5.507583295733040174e+00 4.140211486816406250e+02
5.511018021829537261e+00 4.171106262207031250e+02
5.514452747926034348e+00 4.231676940917968750e+02
5.517887474022531435e+00 4.298794250488281250e+02
5.521322200119028523e+00 4.265679626464843750e+02
5.524756926215525610e+00 4.236552429199218750e+02
5.528191652312022697e+00 4.204648742675781250e+02
5.531626378408519784e+00 4.215517578125000000e+02
5.535061104505016871e+00 4.224100036621093750e+02
5.538495830601513958e+00 4.212967224121093750e+02
5.541930556698011046e+00 4.200795898437500000e+02
5.545365282794508133e+00 4.206009826660156250e+02
5.548800008891005220e+00 4.251741333007812500e+02
5.552234734987502307e+00 4.252213134765625000e+02
5.555669461083999394e+00 4.246687622070312500e+02
5.559104187180496481e+00 4.327356567382812500e+02
5.562538913276993569e+00 4.382285156250000000e+02
5.565973639373490656e+00 4.386305847167968750e+02
5.569408365469987743e+00 4.313782043457031250e+02
5.572843091566484830e+00 4.301358032226562500e+02
5.576277817662981917e+00 4.294860839843750000e+02
5.579712543759479004e+00 4.315106811523437500e+02
5.583147269855976091e+00 4.313763122558593750e+02
5.586581995952473179e+00 4.278870849609375000e+02
5.590016722048969378e+00 4.258761901855468750e+02
5.593451448145466465e+00 4.292123413085937500e+02
5.596886174241964440e+00 4.343431396484375000e+02
5.600320900338460639e+00 4.392332458496093750e+02
5.603755626434957726e+00 4.416968994140625000e+02
5.607190352531455702e+00 4.436648254394531250e+02
5.610625078627951901e+00 4.482201538085937500e+02
5.614059804724448988e+00 4.673474426269531250e+02
5.617494530820946963e+00 5.142976684570312500e+02
5.620929256917443162e+00 6.013670654296875000e+02
5.624363983013940249e+00 6.878689575195312500e+02
5.627798709110438224e+00 7.212315673828125000e+02
5.631233435206934423e+00 6.746844482421875000e+02
5.634668161303431511e+00 5.998822021484375000e+02
5.638102887399929486e+00 5.392603759765625000e+02
5.641537613496425685e+00 4.987116394042968750e+02
5.644972339592922772e+00 4.705874328613281250e+02
5.648407065689419859e+00 4.521918945312500000e+02
5.651841791785916946e+00 4.444867858886718750e+02
5.655276517882414034e+00 4.396875915527343750e+02
5.658711243978911121e+00 4.417042846679687500e+02
5.662145970075408208e+00 4.399977111816406250e+02
5.665580696171905295e+00 4.397384338378906250e+02
5.669015422268402382e+00 4.388384094238281250e+02
5.672450148364899469e+00 4.431192932128906250e+02
5.675884874461396556e+00 4.502864074707031250e+02
5.679319600557892755e+00 4.629510498046875000e+02
5.682754326654390731e+00 4.742291870117187500e+02
5.686189052750887818e+00 4.881125183105468750e+02
5.689623778847384017e+00 5.039972229003906250e+02
5.693058504943881992e+00 5.271549072265625000e+02
5.696493231040379079e+00 5.663381347656250000e+02
5.699927957136875278e+00 6.473201904296875000e+02
5.703362683233373254e+00 8.103120727539062500e+02
5.706797409329870341e+00 1.088685424804687500e+03
5.710232135426366540e+00 1.463637451171875000e+03
5.713666861522864515e+00 1.849860839843750000e+03
5.717101587619361602e+00 2.113515136718750000e+03
5.720536313715857801e+00 2.136010009765625000e+03
5.723971039812355777e+00 1.916002075195312500e+03
5.727405765908852864e+00 1.542055175781250000e+03
5.730840492005349063e+00 1.149123291015625000e+03
5.734275218101847038e+00 8.371954345703125000e+02
5.737709944198343237e+00 6.432939453125000000e+02
5.741144670294840324e+00 5.363535156250000000e+02
5.744579396391338300e+00 4.871394042968750000e+02
5.748014122487834499e+00 4.626049194335937500e+02
5.751448848584331586e+00 4.450172424316406250e+02
5.754883574680829561e+00 4.369908142089843750e+02
5.758318300777325760e+00 4.297622985839843750e+02
5.761753026873822847e+00 4.256302795410156250e+02
5.765187752970319934e+00 4.187861633300781250e+02
5.768622479066817021e+00 4.081903991699218750e+02
5.772057205163314109e+00 4.028622436523437500e+02
5.775491931259811196e+00 4.017504577636718750e+02
5.778926657356308283e+00 4.101071472167968750e+02
5.782361383452805370e+00 4.112557983398437500e+02
5.785796109549302457e+00 4.139396667480468750e+02
5.789230835645799544e+00 4.134392089843750000e+02
5.792665561742296632e+00 4.119932556152343750e+02
5.796100287838793719e+00 4.058298034667968750e+02
5.799535013935290806e+00 4.032170410156250000e+02
5.802969740031787893e+00 4.038394775390625000e+02
5.806404466128284980e+00 4.040971374511718750e+02
5.809839192224782067e+00 4.007873840332031250e+02
5.813273918321279154e+00 3.997446289062500000e+02
5.816708644417776242e+00 3.972153625488281250e+02
5.820143370514273329e+00 3.960196838378906250e+02
5.823578096610770416e+00 3.966061096191406250e+02
5.827012822707266615e+00 4.008230895996093750e+02
5.830447548803764590e+00 4.038951721191406250e+02
5.833882274900261677e+00 4.049155883789062500e+02
5.837317000996757876e+00 4.017807922363281250e+02
5.840751727093255852e+00 3.985025329589843750e+02
5.844186453189752939e+00 3.928241577148437500e+02
5.847621179286249138e+00 3.902088928222656250e+02
5.851055905382746225e+00 3.890205688476562500e+02
5.854490631479244200e+00 3.824494934082031250e+02
5.857925357575740399e+00 3.804960632324218750e+02
5.861360083672237486e+00 3.846585083007812500e+02
5.864794809768735462e+00 3.932346191406250000e+02
5.868229535865231661e+00 3.995296630859375000e+02
5.871664261961728748e+00 3.972782287597656250e+02
5.875098988058226723e+00 3.945822143554687500e+02
5.878533714154722922e+00 3.899341125488281250e+02
5.881968440251220009e+00 3.879539794921875000e+02
5.885403166347717985e+00 3.858480834960937500e+02
5.888837892444214184e+00 3.824479370117187500e+02
5.892272618540711271e+00 3.843774719238281250e+02
5.895707344637208358e+00 3.863160400390625000e+02
5.899142070733705445e+00 3.871425781250000000e+02
5.902576796830202532e+00 3.849268798828125000e+02
5.906011522926699620e+00 3.866876525878906250e+02
5.909446249023196707e+00 3.876707458496093750e+02
5.912880975119693794e+00 3.871184082031250000e+02
5.916315701216190881e+00 3.847645874023437500e+02
5.919750427312687968e+00 3.843446960449218750e+02
5.923185153409185055e+00 3.823404235839843750e+02
5.926619879505682142e+00 3.826449890136718750e+02
5.930054605602179230e+00 3.804207763671875000e+02
5.933489331698676317e+00 3.826944885253906250e+02
5.936924057795173404e+00 3.901687011718750000e+02
5.940358783891670491e+00 3.952388305664062500e+02
5.943793509988167578e+00 3.968991394042968750e+02
5.947228236084663777e+00 3.906550292968750000e+02
5.950662962181161753e+00 3.896881408691406250e+02
5.954097688277658840e+00 3.928648681640625000e+02
5.957532414374155039e+00 4.006848144531250000e+02
5.960967140470653014e+00 4.049506835937500000e+02
5.964401866567150101e+00 4.021607666015625000e+02
5.967836592663646300e+00 3.944598388671875000e+02
5.971271318760144275e+00 3.964500427246093750e+02
5.974706044856641363e+00 4.014511413574218750e+02
5.978140770953137562e+00 4.052697753906250000e+02
5.981575497049635537e+00 3.986029968261718750e+02
5.985010223146131736e+00 3.923087463378906250e+02
5.988444949242628823e+00 3.857908935546875000e+02
5.991879675339126798e+00 3.868786315917968750e+02
5.995314401435622997e+00 3.882053833007812500e+02
5.998749127532120085e+00 3.896668701171875000e+02
6.002183853628618060e+00 3.890023193359375000e+02
6.005618579725114259e+00 3.901102294921875000e+02
6.009053305821611346e+00 3.924104919433593750e+02
6.012488031918109321e+00 3.956812133789062500e+02
6.015922758014605520e+00 3.957150878906250000e+02
6.019357484111102607e+00 4.005716247558593750e+02
6.022792210207600583e+00 4.025031433105468750e+02
6.026226936304096782e+00 4.009311523437500000e+02
6.029661662400593869e+00 3.969062500000000000e+02
6.033096388497090956e+00 3.927082519531250000e+02
6.036531114593588043e+00 3.970098266601562500e+02
6.039965840690085130e+00 3.996139526367187500e+02
6.043400566786582218e+00 4.004844055175781250e+02
6.046835292883079305e+00 3.981605224609375000e+02
6.050270018979576392e+00 3.937201232910156250e+02
6.053704745076073479e+00 3.953720397949218750e+02
6.057139471172570566e+00 3.970467529296875000e+02
6.060574197269067653e+00 4.006599426269531250e+02
6.064008923365564740e+00 4.062837524414062500e+02
6.067443649462061828e+00 4.096989135742187500e+02
6.070878375558558915e+00 4.116441650390625000e+02
6.074313101655055114e+00 4.066281127929687500e+02
6.077747827751553089e+00 4.000502319335937500e+02
6.081182553848050176e+00 3.940783996582031250e+02
6.084617279944546375e+00 3.890319213867187500e+02
6.088052006041044351e+00 3.833527526855468750e+02
6.091486732137541438e+00 3.796610107421875000e+02
6.094921458234037637e+00 3.854617614746093750e+02
6.098356184330535612e+00 3.908298034667968750e+02
6.101790910427032699e+00 3.886485595703125000e+02
6.105225636523528898e+00 3.862613525390625000e+02
6.108660362620026874e+00 3.880120544433593750e+02
6.112095088716523961e+00 3.882552795410156250e+02
6.115529814813020160e+00 3.860292968750000000e+02
6.118964540909517247e+00 3.829669494628906250e+02
6.122399267006015222e+00 3.819901733398437500e+02
6.125833993102511421e+00 3.767660522460937500e+02
6.129268719199008508e+00 3.728576660156250000e+02
6.132703445295506484e+00 3.698913269042968750e+02
6.136138171392002683e+00 3.704757080078125000e+02
6.139572897488499770e+00 3.777989196777343750e+02
6.143007623584996857e+00 3.853186645507812500e+02
6.146442349681493944e+00 3.897569274902343750e+02
6.149877075777991031e+00 3.883438720703125000e+02
6.153311801874488118e+00 3.869201049804687500e+02
6.156746527970985206e+00 3.855467224121093750e+02
6.160181254067482293e+00 3.816555175781250000e+02
6.163615980163979380e+00 3.782168884277343750e+02
6.167050706260476467e+00 3.784620361328125000e+02
6.170485432356973554e+00 3.791086120605468750e+02
6.173920158453470641e+00 3.778104248046875000e+02
6.177354884549967728e+00 3.731238098144531250e+02
6.180789610646464816e+00 3.717223815917968750e+02
6.184224336742961903e+00 3.715245971679687500e+02
6.187659062839458990e+00 3.707162780761718750e+02
6.191093788935956077e+00 3.683660278320312500e+02
6.194528515032453164e+00 3.627945251464843750e+02
6.197963241128950251e+00 3.604637756347656250e+02
6.201397967225447339e+00 3.568860473632812500e+02
6.204832693321943538e+00 3.572679138183593750e+02
6.208267419418441513e+00 3.614556274414062500e+02
6.211702145514938600e+00 3.672814941406250000e+02
6.215136871611434799e+00 3.747803649902343750e+02
6.218571597707932774e+00 3.730489196777343750e+02
6.222006323804429861e+00 3.699699096679687500e+02
6.225441049900926060e+00 3.655419311523437500e+02
6.228875775997424036e+00 3.635018005371093750e+02
6.232310502093920235e+00 3.657411499023437500e+02
6.235745228190417322e+00 3.654638977050781250e+02
6.239179954286915297e+00 3.652060852050781250e+02
6.242614680383411496e+00 3.608572387695312500e+02
6.246049406479908583e+00 3.569190979003906250e+02
6.249484132576406559e+00 3.564192199707031250e+02
6.252918858672902758e+00 3.575037536621093750e+02
6.256353584769399845e+00 3.613910217285156250e+02
6.259788310865897820e+00 3.618900451660156250e+02
6.263223036962394019e+00 3.640793762207031250e+02
6.266657763058891106e+00 3.741138305664062500e+02
6.270092489155389082e+00 3.888444519042968750e+02
6.273527215251885281e+00 3.976015625000000000e+02
6.276961941348382368e+00 3.993542175292968750e+02
6.280396667444880343e+00 3.974454650878906250e+02
6.283831393541376542e+00 3.935341491699218750e+02
6.287266119637873629e+00 3.909151916503906250e+02
6.290700845734370716e+00 3.892259826660156250e+02
6.294135571830867804e+00 3.862485961914062500e+02
6.297570297927364891e+00 3.790126953125000000e+02
6.301005024023861978e+00 3.695205688476562500e+02
6.304439750120359065e+00 3.606084899902343750e+02
6.307874476216856152e+00 3.535802001953125000e+02
6.311309202313353239e+00 3.549565734863281250e+02
6.314743928409850326e+00 3.608741760253906250e+02
6.318178654506347414e+00 3.641080017089843750e+02
6.321613380602843613e+00 3.630899047851562500e+02
6.325048106699341588e+00 3.610076293945312500e+02
6.328482832795838675e+00 3.686457824707031250e+02
6.331917558892334874e+00 3.782167053222656250e+02
6.335352284988832849e+00 3.894834289550781250e+02
6.338787011085329937e+00 3.924516601562500000e+02
6.342221737181826136e+00 3.893548889160156250e+02
6.345656463278324111e+00 3.801624755859375000e+02
6.349091189374821198e+00 3.723814086914062500e+02
6.352525915471317397e+00 3.643050842285156250e+02
6.355960641567815372e+00 3.591377258300781250e+02
6.359395367664312460e+00 3.563804931640625000e+02
6.362830093760808658e+00 3.585272521972656250e+02
6.366264819857306634e+00 3.598027343750000000e+02
6.369699545953803721e+00 3.599412536621093750e+02
6.373134272050299920e+00 3.581669616699218750e+02
6.376568998146797007e+00 3.543564758300781250e+02
6.380003724243294982e+00 3.502679443359375000e+02
6.383438450339791181e+00 3.526224365234375000e+02
6.386873176436288269e+00 3.572408142089843750e+02
6.390307902532785356e+00 3.595326538085937500e+02
6.393742628629282443e+00 3.597645263671875000e+02
6.397177354725779530e+00 3.552368774414062500e+02
6.400612080822276617e+00 3.547214050292968750e+02
6.404046806918773704e+00 3.619777221679687500e+02
6.407481533015270792e+00 3.729536132812500000e+02
6.410916259111767879e+00 3.757765502929687500e+02
6.414350985208264966e+00 3.737851867675781250e+02
6.417785711304762053e+00 3.747593383789062500e+02
6.421220437401259140e+00 3.815731811523437500e+02
6.424655163497756227e+00 3.889963378906250000e+02
6.428089889594253314e+00 3.923267517089843750e+02
6.431524615690750402e+00 3.925920715332031250e+02
6.434959341787247489e+00 3.847979736328125000e+02
6.438394067883744576e+00 3.758706970214843750e+02
6.441828793980241663e+00 3.656128234863281250e+02
6.445263520076738750e+00 3.568729248046875000e+02
6.448698246173235837e+00 3.510767517089843750e+02
6.452132972269732925e+00 3.502516174316406250e+02
6.455567698366230012e+00 3.526309509277343750e+02
6.459002424462727099e+00 3.582887268066406250e+02
6.462437150559224186e+00 3.581940307617187500e+02
6.465871876655721273e+00 3.539719848632812500e+02
6.469306602752218360e+00 3.527019958496093750e+02
6.472741328848714559e+00 3.529882202148437500e+02
6.476176054945212535e+00 3.550784606933593750e+02
6.479610781041708734e+00 3.529903259277343750e+02
6.483045507138205821e+00 3.545794372558593750e+02
6.486480233234703796e+00 3.526090698242187500e+02
6.489914959331199995e+00 3.508374938964843750e+02
6.493349685427697082e+00 3.524819641113281250e+02
6.496784411524195058e+00 3.547013244628906250e+02
6.500219137620691257e+00 3.564860229492187500e+02
6.503653863717188344e+00 3.588255920410156250e+02
6.507088589813686319e+00 3.647451171875000000e+02
6.510523315910182518e+00 3.728938598632812500e+02
6.513958042006679605e+00 3.704647216796875000e+02
6.517392768103177580e+00 3.674442443847656250e+02
6.520827494199673779e+00 3.612775268554687500e+02
6.524262220296170867e+00 3.579926757812500000e+02
6.527696946392668842e+00 3.567283935546875000e+02
6.531131672489165041e+00 3.544516601562500000e+02
6.534566398585662128e+00 3.565363159179687500e+02
6.538001124682159215e+00 3.601149597167968750e+02
6.541435850778656302e+00 3.656869506835937500e+02
6.544870576875153390e+00 3.626498413085937500e+02
6.548305302971650477e+00 3.547231750488281250e+02
6.551740029068147564e+00 3.497466430664062500e+02
6.555174755164644651e+00 3.525620117187500000e+02
6.558609481261141738e+00 3.570501098632812500e+02
6.562044207357638825e+00 3.587136840820312500e+02
6.565478933454135912e+00 3.565816040039062500e+02
6.568913659550632111e+00 3.555333557128906250e+02
6.572348385647130087e+00 3.532378234863281250e+02
6.575783111743627174e+00 3.537033386230468750e+02
6.579217837840123373e+00 3.532200317382812500e+02
6.582652563936621348e+00 3.571236267089843750e+02
6.586087290033118435e+00 3.579789733886718750e+02
6.589522016129614634e+00 3.634692382812500000e+02
6.592956742226112610e+00 3.642997436523437500e+02
6.596391468322609697e+00 3.657154541015625000e+02
6.599826194419105896e+00 3.590136413574218750e+02
6.603260920515603871e+00 3.610739746093750000e+02
6.606695646612100958e+00 3.604115600585937500e+02
6.610130372708597157e+00 3.610165100097656250e+02
6.613565098805095133e+00 3.579882812500000000e+02
6.616999824901592220e+00 3.552557678222656250e+02
6.620434550998088419e+00 3.529529113769531250e+02
6.623869277094586394e+00 3.506193237304687500e+02
6.627304003191082593e+00 3.490057983398437500e+02
6.630738729287579680e+00 3.441585693359375000e+02
6.634173455384077656e+00 3.405308837890625000e+02
6.637608181480573855e+00 3.363021850585937500e+02
6.641042907577070942e+00 3.372986145019531250e+02
6.644477633673568029e+00 3.378860473632812500e+02
6.647912359770065116e+00 3.440924987792968750e+02
6.651347085866562203e+00 3.437402648925781250e+02
6.654781811963059290e+00 3.465507507324218750e+02
6.658216538059556378e+00 3.481029052734375000e+02
6.661651264156053465e+00 3.513349304199218750e+02
6.665085990252550552e+00 3.531916809082031250e+02
6.668520716349047639e+00 3.553247070312500000e+02
6.671955442445544726e+00 3.557011413574218750e+02
6.675390168542041813e+00 3.564487609863281250e+02
6.678824894638538900e+00 3.611094970703125000e+02
6.682259620735035988e+00 3.710147705078125000e+02
6.685694346831533075e+00 3.768187255859375000e+02
6.689129072928030162e+00 3.783118896484375000e+02
6.692563799024527249e+00 3.715376892089843750e+02
6.695998525121024336e+00 3.646238403320312500e+02
6.699433251217521423e+00 3.589225463867187500e+02
6.702867977314018511e+00 3.562653198242187500e+02
6.706302703410515598e+00 3.548835449218750000e+02
6.709737429507012685e+00 3.532869262695312500e+02
6.713172155603509772e+00 3.527207641601562500e+02
6.716606881700005971e+00 3.517439575195312500e+02
6.720041607796503946e+00 3.498422546386718750e+02
6.723476333893001033e+00 3.437548522949218750e+02
6.726911059989497232e+00 3.410602416992187500e+02
6.730345786085994320e+00 3.382787780761718750e+02
6.733780512182492295e+00 3.398397216796875000e+02
6.737215238278988494e+00 3.393933410644531250e+02
6.740649964375485581e+00 3.428345642089843750e+02
6.744084690471983556e+00 3.471921081542968750e+02
6.747519416568479755e+00 3.505935058593750000e+02
6.750954142664976843e+00 3.519263916015625000e+02
6.754388868761474818e+00 3.539959411621093750e+02
6.757823594857971017e+00 3.565188293457031250e+02
6.761258320954468104e+00 3.581046142578125000e+02
6.764693047050966079e+00 3.543648681640625000e+02
6.768127773147462278e+00 3.525444946289062500e+02
6.771562499243959365e+00 3.496162719726562500e+02
6.774997225340457341e+00 3.479876098632812500e+02
6.778431951436953540e+00 3.445714721679687500e+02
6.781866677533450627e+00 3.438983459472656250e+02
6.785301403629947714e+00 3.447545166015625000e+02
6.788736129726444801e+00 3.479035949707031250e+02
6.792170855822941888e+00 3.555209960937500000e+02
6.795605581919438976e+00 3.610102539062500000e+02
6.799040308015936063e+00 3.639395751953125000e+02
6.802475034112433150e+00 3.681973876953125000e+02
6.805909760208930237e+00 3.724324951171875000e+02
6.809344486305427324e+00 3.740514221191406250e+02
6.812779212401924411e+00 3.689571533203125000e+02
6.816213938498421498e+00 3.617677917480468750e+02
6.819648664594918586e+00 3.505987243652343750e+02
6.823083390691415673e+00 3.456984252929687500e+02
6.826518116787911872e+00 3.475136718750000000e+02
6.829952842884409847e+00 3.497191772460937500e+02
6.833387568980906934e+00 3.508084106445312500e+02
6.836822295077403133e+00 3.501808471679687500e+02
6.840257021173901109e+00 3.532566833496093750e+02
6.843691747270398196e+00 3.527315368652343750e+02
6.847126473366894395e+00 3.541613464355468750e+02
6.850561199463392370e+00 3.542969360351562500e+02
6.853995925559889457e+00 3.565986633300781250e+02
6.857430651656385656e+00 3.588428344726562500e+02
6.860865377752883632e+00 3.582810363769531250e+02
6.864300103849380719e+00 3.569359741210937500e+02
6.867734829945876918e+00 3.528595886230468750e+02
6.871169556042374893e+00 3.540320434570312500e+02
6.874604282138871092e+00 3.557418518066406250e+02
6.878039008235368179e+00 3.561171264648437500e+02
6.881473734331866154e+00 3.506127929687500000e+02
6.884908460428362353e+00 3.459762878417968750e+02
6.888343186524859441e+00 3.407591857910156250e+02
6.891777912621357416e+00 3.351957397460937500e+02
6.895212638717853615e+00 3.373333740234375000e+02
6.898647364814350702e+00 3.412686462402343750e+02
6.902082090910848677e+00 3.473155517578125000e+02
6.905516817007344876e+00 3.452980346679687500e+02
6.908951543103841964e+00 3.438028564453125000e+02
6.912386269200339051e+00 3.393927307128906250e+02
6.915820995296836138e+00 3.371209106445312500e+02
6.919255721393333225e+00 3.358636779785156250e+02
6.922690447489830312e+00 3.355777893066406250e+02
6.926125173586327399e+00 3.368191528320312500e+02
6.929559899682824486e+00 3.380713500976562500e+02
6.932994625779321574e+00 3.411784667968750000e+02
6.936429351875818661e+00 3.418965759277343750e+02
6.939864077972315748e+00 3.465709838867187500e+02
6.943298804068812835e+00 3.531416625976562500e+02
6.946733530165309922e+00 3.615490112304687500e+02
6.950168256261807009e+00 3.686006164550781250e+02
6.953602982358304097e+00 3.705452270507812500e+02
6.957037708454801184e+00 3.649645996093750000e+02
6.960472434551298271e+00 3.563421936035156250e+02
6.963907160647794470e+00 3.497308654785156250e+02
6.967341886744292445e+00 3.487314147949218750e+02
6.970776612840789532e+00 3.516663513183593750e+02
6.974211338937285731e+00 3.540476989746093750e+02
6.977646065033783707e+00 3.529416809082031250e+02
6.981080791130280794e+00 3.490244140625000000e+02
6.984515517226776993e+00 3.471495361328125000e+02
6.987950243323274968e+00 3.474822998046875000e+02
6.991384969419772055e+00 3.477234191894531250e+02
6.994819695516268254e+00 3.439716796875000000e+02
6.998254421612765341e+00 3.407467651367187500e+02
7.001689147709263317e+00 3.437360839843750000e+02
7.005123873805759516e+00 3.439341430664062500e+02
7.008558599902256603e+00 3.415095520019531250e+02
7.011993325998754578e+00 3.405674133300781250e+02
7.015428052095250777e+00 3.474337768554687500e+02
7.018862778191747864e+00 3.523369445800781250e+02
7.022297504288245840e+00 3.534107666015625000e+02
7.025732230384742039e+00 3.477930297851562500e+02
7.029166956481239126e+00 3.450596313476562500e+02
7.032601682577736213e+00 3.414075622558593750e+02
7.036036408674233300e+00 3.388078308105468750e+02
7.039471134770730387e+00 3.354986877441406250e+02
7.042905860867227474e+00 3.312972412109375000e+02
7.046340586963724562e+00 3.301205749511718750e+02
7.049775313060221649e+00 3.312212524414062500e+02
7.053210039156718736e+00 3.341556091308593750e+02
7.056644765253215823e+00 3.349187622070312500e+02
7.060079491349712910e+00 3.367423706054687500e+02
7.063514217446209997e+00 3.384519042968750000e+02
7.066948943542707084e+00 3.381085205078125000e+02
7.070383669639204172e+00 3.413983459472656250e+02
7.073818395735701259e+00 3.441238708496093750e+02
7.077253121832198346e+00 3.489795227050781250e+02
7.080687847928695433e+00 3.517437744140625000e+02
7.084122574025191632e+00 3.552221069335937500e+02
7.087557300121689607e+00 3.598929138183593750e+02
7.090992026218186695e+00 3.661671447753906250e+02
7.094426752314682894e+00 3.695152282714843750e+02
7.097861478411180869e+00 3.666480102539062500e+02
7.101296204507677956e+00 3.596048278808593750e+02
7.104730930604174155e+00 3.525863647460937500e+02
7.108165656700672130e+00 3.476882324218750000e+02
7.111600382797169217e+00 3.447384643554687500e+02
7.115035108893665416e+00 3.410264587402343750e+02
7.118469834990163392e+00 3.346822814941406250e+02
7.121904561086659591e+00 3.300046081542968750e+02
7.125339287183156678e+00 3.268487548828125000e+02
7.128774013279654653e+00 3.284963378906250000e+02
7.132208739376150852e+00 3.242677612304687500e+02
7.135643465472647939e+00 3.246300659179687500e+02
7.139078191569145915e+00 3.225187072753906250e+02
7.142512917665642114e+00 3.285874938964843750e+02
7.145947643762139201e+00 3.329648437500000000e+02
7.149382369858637176e+00 3.416553039550781250e+02
7.152817095955133375e+00 3.442170104980468750e+02
7.156251822051630462e+00 3.418111267089843750e+02
7.159686548148128438e+00 3.400327453613281250e+02
7.163121274244624637e+00 3.426437377929687500e+02
7.166556000341121724e+00 3.444195861816406250e+02
7.169990726437618811e+00 3.412605590820312500e+02
7.173425452534115010e+00 3.420762939453125000e+02
7.176860178630613873e+00 3.424114074707031250e+02
7.180294904727110072e+00 3.392679748535156250e+02
7.183729630823607160e+00 3.334529724121093750e+02
7.187164356920104247e+00 3.309552612304687500e+02
7.190599083016601334e+00 3.325064086914062500e+02
7.194033809113097533e+00 3.315836486816406250e+02
7.197468535209596396e+00 3.308027954101562500e+02
7.200903261306092595e+00 3.215859680175781250e+02
7.204337987402589683e+00 3.195821228027343750e+02
7.207772713499086770e+00 3.195242309570312500e+02
7.211207439595582969e+00 3.240743408203125000e+02
7.214642165692080056e+00 3.209714965820312500e+02
7.218076891788577143e+00 3.197942504882812500e+02
7.221511617885075118e+00 3.174313354492187500e+02
7.224946343981572205e+00 3.162323303222656250e+02
7.228381070078069293e+00 3.180163269042968750e+02
7.231815796174565492e+00 3.220987854003906250e+02
7.235250522271062579e+00 3.247145080566406250e+02
7.238685248367559666e+00 3.266877441406250000e+02
7.242119974464057641e+00 3.269995422363281250e+02
7.245554700560554728e+00 3.244487609863281250e+02
7.248989426657051816e+00 3.166383056640625000e+02
7.252424152753548015e+00 3.153737792968750000e+02
7.255858878850045102e+00 3.187876586914062500e+02
7.259293604946542189e+00 3.227436828613281250e+02
7.262728331043040164e+00 3.229682312011718750e+02
7.266163057139537251e+00 3.268181152343750000e+02
7.269597783236033450e+00 3.315000915527343750e+02
7.273032509332530537e+00 3.352311706542968750e+02
7.276467235429027625e+00 3.326971130371093750e+02
7.279901961525524712e+00 3.342869873046875000e+02
7.283336687622022687e+00 3.379358520507812500e+02
7.286771413718519774e+00 3.396744384765625000e+02
7.290206139815015973e+00 3.344313659667968750e+02
7.293640865911513060e+00 3.316442871093750000e+02
7.297075592008010148e+00 3.319911193847656250e+02
7.300510318104506347e+00 3.336979675292968750e+02
7.303945044201003434e+00 3.313051757812500000e+02
7.307379770297502297e+00 3.280048217773437500e+02
7.310814496393998496e+00 3.257667846679687500e+02
7.314249222490495583e+00 3.213719177246093750e+02
7.317683948586992670e+00 3.233069763183593750e+02
7.321118674683488869e+00 3.216100158691406250e+02
7.324553400779985957e+00 3.228639526367187500e+02
7.327988126876484820e+00 3.208175354003906250e+02
7.331422852972981019e+00 3.220314025878906250e+02
7.334857579069478106e+00 3.201899414062500000e+02
7.338292305165975193e+00 3.237482604980468750e+02
7.341727031262471392e+00 3.241274108886718750e+02
7.345161757358968480e+00 3.236603393554687500e+02
7.348596483455466455e+00 3.197917785644531250e+02
7.352031209551963542e+00 3.197407226562500000e+02
7.355465935648460629e+00 3.262277221679687500e+02
7.358900661744956828e+00 3.327165222167968750e+02
7.362335387841453915e+00 3.387589111328125000e+02
7.365770113937951002e+00 3.390067749023437500e+02
7.369204840034448978e+00 3.371493225097656250e+02
7.372639566130946065e+00 3.316076049804687500e+02
7.376074292227443152e+00 3.280586547851562500e+02
7.379509018323939351e+00 3.243984069824218750e+02
7.382943744420436438e+00 3.224944458007812500e+02
7.386378470516933525e+00 3.235056762695312500e+02
7.389813196613429724e+00 3.268157043457031250e+02
7.393247922709928588e+00 3.301128540039062500e+02
7.396682648806425675e+00 3.302224731445312500e+02
7.400117374902921874e+00 3.280080566406250000e+02
7.403552100999418961e+00 3.236292419433593750e+02
7.406986827095916048e+00 3.211859130859375000e+02
7.410421553192412247e+00 3.221423339843750000e+02
7.413856279288911111e+00 3.251667480468750000e+02
7.417291005385408198e+00 3.278829650878906250e+02
7.420725731481904397e+00 3.239793395996093750e+02
7.424160457578401484e+00 3.205426330566406250e+02
7.427595183674898571e+00 3.203187255859375000e+02
7.431029909771394770e+00 3.205500488281250000e+02
7.434464635867893634e+00 3.176614379882812500e+02
7.437899361964389833e+00 3.164296875000000000e+02
7.441334088060886920e+00 3.161012878417968750e+02
7.444768814157384007e+00 3.155680236816406250e+02
7.448203540253880206e+00 3.134866638183593750e+02
7.451638266350377293e+00 3.154844665527343750e+02
7.455072992446876157e+00 3.157824707031250000e+02
7.458507718543372356e+00 3.166733703613281250e+02
7.461942444639869443e+00 3.146727905273437500e+02
7.465377170736366530e+00 3.168970031738281250e+02
7.468811896832862729e+00 3.184020996093750000e+02
7.472246622929359816e+00 3.182711486816406250e+02
7.475681349025856903e+00 3.203709716796875000e+02
7.479116075122354879e+00 3.195882568359375000e+02
7.482550801218851966e+00 3.193094482421875000e+02
7.485985527315349053e+00 3.188184814453125000e+02
7.489420253411845252e+00 3.241715393066406250e+02
7.492854979508342339e+00 3.288402404785156250e+02
7.496289705604839426e+00 3.271386718750000000e+02
7.499724431701337402e+00 3.256994018554687500e+02
7.503159157797834489e+00 3.259140930175781250e+02
7.506593883894331576e+00 3.327427368164062500e+02
7.510028609990827775e+00 3.442819519042968750e+02
7.513463336087324862e+00 3.627395629882812500e+02
7.516898062183821949e+00 3.802709960937500000e+02
7.520332788280319924e+00 3.914468383789062500e+02
7.523767514376817012e+00 3.863380737304687500e+02
7.527202240473313211e+00 3.763062133789062500e+02
7.530636966569810298e+00 3.619111633300781250e+02
7.534071692666307385e+00 3.470007324218750000e+02
7.537506418762803584e+00 3.324577331542968750e+02
7.540941144859302447e+00 3.229867858886718750e+02
7.544375870955799535e+00 3.239215393066406250e+02
7.547810597052295734e+00 3.253883666992187500e+02
7.551245323148792821e+00 3.306435546875000000e+02
7.554680049245289908e+00 3.273886108398437500e+02
7.558114775341786107e+00 3.286183776855468750e+02
7.561549501438284970e+00 3.267581176757812500e+02
7.564984227534782057e+00 3.328326721191406250e+02
7.568418953631278256e+00 3.332190246582031250e+02
7.571853679727775344e+00 3.313785705566406250e+02
7.575288405824272431e+00 3.272236633300781250e+02
7.578723131920768630e+00 3.253509521484375000e+02
7.582157858017265717e+00 3.201575012207031250e+02
7.585592584113763692e+00 3.187766418457031250e+02
7.589027310210260779e+00 3.171311035156250000e+02
7.592462036306757867e+00 3.226529235839843750e+02
7.595896762403254954e+00 3.249151306152343750e+02
7.599331488499751153e+00 3.250344543457031250e+02
7.602766214596248240e+00 3.243706665039062500e+02
7.606200940692746215e+00 3.246184387207031250e+02
7.609635666789243302e+00 3.259221801757812500e+02
7.613070392885740389e+00 3.257098693847656250e+02
7.616505118982236588e+00 3.241632995605468750e+02
7.619939845078733676e+00 3.218890380859375000e+02
7.623374571175230763e+00 3.195155944824218750e+02
7.626809297271728738e+00 3.200289916992187500e+02
7.630244023368225825e+00 3.184751892089843750e+02
7.633678749464722912e+00 3.190579223632812500e+02
7.637113475561219111e+00 3.178485717773437500e+02
7.640548201657716199e+00 3.153487548828125000e+02
7.643982927754213286e+00 3.142356262207031250e+02
7.647417653850711261e+00 3.141672058105468750e+02
7.650852379947208348e+00 3.150658874511718750e+02
7.654287106043705435e+00 3.139129028320312500e+02
7.657721832140201634e+00 3.104451293945312500e+02
7.661156558236698721e+00 3.090932006835937500e+02
7.664591284333195809e+00 3.114800720214843750e+02
7.668026010429692008e+00 3.173395385742187500e+02
7.671460736526190871e+00 3.187414855957031250e+02
7.674895462622687070e+00 3.218168945312500000e+02
7.678330188719184157e+00 3.259976196289062500e+02
7.681764914815681244e+00 3.313273925781250000e+02
7.685199640912178332e+00 3.335992736816406250e+02
7.688634367008674531e+00 3.359435729980468750e+02
7.692069093105173394e+00 3.434992065429687500e+02
7.695503819201669593e+00 3.560403442382812500e+02
7.698938545298166680e+00 3.719555969238281250e+02
7.702373271394663767e+00 4.026224670410156250e+02
7.705807997491159966e+00 4.478691406250000000e+02
7.709242723587657053e+00 5.094427185058593750e+02
7.712677449684155917e+00 5.763795776367187500e+02
7.716112175780652116e+00 6.322549438476562500e+02
7.719546901877149203e+00 6.481823730468750000e+02
7.722981627973646290e+00 6.187737426757812500e+02
7.726416354070142489e+00 5.570262451171875000e+02
7.729851080166639576e+00 4.851106872558593750e+02
7.733285806263138440e+00 4.176296081542968750e+02
7.736720532359634639e+00 3.710720520019531250e+02
7.740155258456131726e+00 3.456306762695312500e+02
7.743589984552628813e+00 3.347643432617187500e+02
7.747024710649125012e+00 3.294533691406250000e+02
7.750459436745622099e+00 3.226682739257812500e+02
7.753894162842119187e+00 3.161753234863281250e+02
7.757328888938617162e+00 3.119521179199218750e+02
7.760763615035114249e+00 3.123018188476562500e+02
7.764198341131610448e+00 3.141227111816406250e+02
7.767633067228107535e+00 3.174178771972656250e+02
7.771067793324604622e+00 3.168508605957031250e+02
7.774502519421101709e+00 3.134271850585937500e+02
7.777937245517599685e+00 3.073074645996093750e+02
7.781371971614096772e+00 3.070395507812500000e+02
7.784806697710592971e+00 3.076873168945312500e+02
7.788241423807090058e+00 3.095349121093750000e+02
7.791676149903587145e+00 3.091275939941406250e+02
7.795110876000083344e+00 3.105473632812500000e+02
7.798545602096582208e+00 3.091248779296875000e+02
7.801980328193079295e+00 3.082929382324218750e+02
7.805415054289575494e+00 3.104149169921875000e+02
7.808849780386072581e+00 3.136940307617187500e+02
7.812284506482569668e+00 3.172887268066406250e+02
7.815719232579065867e+00 3.185428771972656250e+02
7.819153958675564731e+00 3.190722656250000000e+02
7.822588684772061818e+00 3.202871704101562500e+02
7.826023410868558017e+00 3.173985595703125000e+02
7.829458136965055104e+00 3.163669433593750000e+02
7.832892863061552191e+00 3.122572631835937500e+02
7.836327589158048390e+00 3.100811157226562500e+02
7.839762315254545477e+00 3.053339233398437500e+02
7.843197041351043453e+00 3.024913940429687500e+02
7.846631767447540540e+00 3.016406250000000000e+02
7.850066493544037627e+00 3.032499084472656250e+02
7.853501219640533826e+00 3.069605102539062500e+02
7.856935945737030913e+00 3.103843383789062500e+02
7.860370671833528000e+00 3.109933776855468750e+02
7.863805397930025975e+00 3.091596679687500000e+02
7.867240124026523063e+00 3.088045654296875000e+02
7.870674850123020150e+00 3.088778686523437500e+02
7.874109576219516349e+00 3.066729431152343750e+02
7.877544302316013436e+00 3.018709106445312500e+02
7.880979028412510523e+00 2.964158935546875000e+02
7.884413754509008498e+00 2.963925476074218750e+02
7.887848480605505586e+00 3.001716918945312500e+02
7.891283206702002673e+00 3.024491882324218750e+02
7.894717932798498872e+00 3.038371887207031250e+02
7.898152658894995959e+00 3.035006408691406250e+02
7.901587384991493046e+00 3.054886474609375000e+02
7.905022111087991021e+00 3.081051940917968750e+02
7.908456837184488109e+00 3.088896179199218750e+02
7.911891563280985196e+00 3.112105102539062500e+02
7.915326289377481395e+00 3.080186767578125000e+02
7.918761015473978482e+00 3.064575805664062500e+02
7.922195741570475569e+00 3.026665344238281250e+02
7.925630467666971768e+00 3.005716857910156250e+02
7.929065193763470631e+00 3.011112060546875000e+02
7.932499919859966830e+00 3.037937927246093750e+02
7.935934645956463918e+00 3.068152465820312500e+02
7.939369372052961005e+00 3.061996765136718750e+02
7.942804098149457204e+00 3.078342285156250000e+02
7.946238824245954291e+00 3.058313598632812500e+02
7.949673550342453154e+00 3.061450195312500000e+02
7.953108276438949353e+00 3.054548950195312500e+02
7.956543002535446441e+00 3.060946655273437500e+02
7.959977728631943528e+00 3.058938598632812500e+02
7.963412454728439727e+00 3.031715698242187500e+02
7.966847180824936814e+00 3.045257873535156250e+02
7.970281906921435677e+00 3.028710632324218750e+02
7.973716633017931876e+00 2.994950256347656250e+02
7.977151359114428963e+00 2.984446411132812500e+02
7.980586085210926051e+00 2.989301757812500000e+02
7.984020811307422250e+00 3.006050109863281250e+02
7.987455537403919337e+00 3.019075012207031250e+02
7.990890263500417312e+00 3.065601501464843750e+02
7.994324989596914399e+00 3.106089172363281250e+02
7.997759715693411486e+00 3.129367980957031250e+02
8.001194441789907685e+00 3.117444458007812500e+02
8.004629167886404773e+00 3.148669433593750000e+02
8.008063893982901860e+00 3.181847839355468750e+02
8.011498620079398947e+00 3.187237854003906250e+02
8.014933346175897810e+00 3.189138183593750000e+02
8.018368072272393121e+00 3.180184020996093750e+02
8.021802798368890208e+00 3.148925781250000000e+02
8.025237524465387295e+00 3.086129150390625000e+02
8.028672250561884383e+00 3.033147277832031250e+02
8.032106976658381470e+00 2.991863708496093750e+02
8.035541702754878557e+00 2.988810119628906250e+02
8.038976428851375644e+00 2.992393493652343750e+02
8.042411154947872731e+00 3.005423278808593750e+02
8.045845881044369818e+00 2.972293701171875000e+02
8.049280607140866906e+00 2.965464782714843750e+02
8.052715333237363993e+00 2.976224365234375000e+02
8.056150059333861080e+00 2.989180603027343750e+02
8.059584785430358167e+00 2.934732971191406250e+02
8.063019511526855254e+00 2.906307067871093750e+02
8.066454237623352341e+00 2.927984313964843750e+02
8.069888963719849428e+00 2.979658508300781250e+02
8.073323689816346516e+00 3.002579040527343750e+02
8.076758415912843603e+00 2.993173217773437500e+02
8.080193142009340690e+00 2.992416992187500000e+02
8.083627868105837777e+00 3.018637084960937500e+02
8.087062594202334864e+00 3.047940673828125000e+02
8.090497320298831951e+00 3.030998229980468750e+02
8.093932046395329039e+00 2.999163513183593750e+02
8.097366772491824349e+00 2.951961059570312500e+02
8.100801498588323213e+00 2.930516052246093750e+02
8.104236224684820300e+00 2.928492431640625000e+02
8.107670950781317387e+00 2.941716613769531250e+02
8.111105676877814474e+00 2.937087097167968750e+02
8.114540402974311561e+00 2.924173278808593750e+02
8.117975129070806872e+00 2.929679870605468750e+02
8.121409855167305736e+00 2.955995178222656250e+02
8.124844581263802823e+00 2.993671264648437500e+02
8.128279307360299910e+00 3.018789367675781250e+02
8.131714033456796997e+00 3.035773925781250000e+02
8.135148759553292308e+00 3.040067138671875000e+02
8.138583485649789395e+00 3.031317138671875000e+02
8.142018211746288259e+00 3.011654663085937500e+02
8.145452937842785346e+00 2.978553161621093750e+02
8.148887663939282433e+00 2.966271972656250000e+02
8.152322390035779520e+00 2.991341857910156250e+02
8.155757116132274831e+00 3.013095397949218750e+02
8.159191842228771918e+00 3.053107604980468750e+02
8.162626568325270782e+00 3.042346801757812500e+02
8.166061294421767869e+00 3.054264526367187500e+02
8.169496020518264956e+00 3.057379150390625000e+02
8.172930746614762043e+00 3.053345642089843750e+02
8.176365472711257354e+00 3.071690673828125000e+02
8.179800198807754441e+00 3.091865844726562500e+02
8.183234924904251528e+00 3.113070068359375000e+02
8.186669651000750392e+00 3.129609680175781250e+02
8.190104377097247479e+00 3.134211120605468750e+02
8.193539103193744566e+00 3.090009460449218750e+02
8.196973829290239877e+00 3.050869750976562500e+02
8.200408555386736964e+00 3.052499084472656250e+02
8.203843281483234051e+00 3.064718627929687500e+02
8.207278007579732915e+00 3.053766784667968750e+02
8.210712733676230002e+00 3.020394897460937500e+02
8.214147459772725313e+00 3.008048095703125000e+02
8.217582185869222400e+00 2.993449707031250000e+02
8.221016911965719487e+00 3.001350097656250000e+02
8.224451638062216574e+00 3.017101745605468750e+02
8.227886364158715438e+00 3.019710083007812500e+02
8.231321090255212525e+00 3.030735168457031250e+02
8.234755816351707836e+00 3.013133850097656250e+02
8.238190542448204923e+00 2.996437988281250000e+02
8.241625268544702010e+00 2.967301025390625000e+02
8.245059994641199097e+00 2.955746765136718750e+02
8.248494720737697961e+00 2.963724975585937500e+02
8.251929446834195048e+00 3.008733825683593750e+02
8.255364172930690358e+00 3.029642944335937500e+02
8.258798899027187446e+00 3.063121032714843750e+02
8.262233625123684533e+00 3.031575927734375000e+02
8.265668351220181620e+00 3.044541015625000000e+02
8.269103077316678707e+00 3.037837524414062500e+02
8.272537803413175794e+00 3.032944335937500000e+02
8.275972529509672881e+00 2.989201049804687500e+02
8.279407255606169969e+00 3.010263671875000000e+02
8.282841981702667056e+00 2.989988708496093750e+02
8.286276707799164143e+00 2.947468261718750000e+02
8.289711433895661230e+00 2.908861999511718750e+02
8.293146159992158317e+00 2.940227661132812500e+02
8.296580886088655404e+00 2.975210266113281250e+02
8.300015612185152492e+00 2.975704956054687500e+02
8.303450338281649579e+00 2.962796936035156250e+02
8.306885064378146666e+00 2.970557861328125000e+02
8.310319790474643753e+00 2.948664245605468750e+02
8.313754516571140840e+00 2.931424560546875000e+02
8.317189242667637927e+00 2.899641113281250000e+02
8.320623968764135014e+00 2.908702392578125000e+02
8.324058694860632102e+00 2.898976440429687500e+02
8.327493420957129189e+00 2.911742248535156250e+02
8.330928147053626276e+00 2.916707153320312500e+02
8.334362873150123363e+00 2.957286987304687500e+02
8.337797599246620450e+00 2.979088439941406250e+02
8.341232325343117537e+00 2.982006530761718750e+02
8.344667051439614625e+00 2.962828063964843750e+02
8.348101777536111712e+00 2.951337280273437500e+02
8.351536503632608799e+00 2.948056335449218750e+02
8.354971229729105886e+00 2.932248840332031250e+02
8.358405955825602973e+00 2.929067687988281250e+02
8.361840681922100060e+00 2.951225585937500000e+02
8.365275408018597147e+00 2.960562744140625000e+02
8.368710134115094235e+00 2.967669982910156250e+02
8.372144860211591322e+00 2.948622741699218750e+02
8.375579586308086633e+00 2.948974609375000000e+02
8.379014312404585496e+00 2.946647338867187500e+02
8.382449038501082583e+00 2.964656677246093750e+02
8.385883764597579670e+00 2.972784118652343750e+02
8.389318490694076758e+00 2.952834472656250000e+02
8.392753216790572068e+00 2.951401977539062500e+02
8.396187942887069156e+00 2.940265808105468750e+02
8.399622668983568019e+00 2.952626647949218750e+02
8.403057395080065106e+00 2.940595703125000000e+02
8.406492121176562193e+00 2.941903381347656250e+02
8.409926847273059280e+00 2.924024963378906250e+02
8.413361573369554591e+00 2.930398864746093750e+02
8.416796299466051678e+00 2.952932739257812500e+02
8.420231025562550542e+00 2.979443359375000000e+02
8.423665751659047629e+00 2.971044921875000000e+02
8.427100477755544716e+00 2.960764160156250000e+02
8.430535203852041803e+00 2.948925170898437500e+02
8.433969929948537114e+00 2.964318542480468750e+02
8.437404656045034201e+00 2.948215332031250000e+02
8.440839382141533065e+00 2.943472595214843750e+02
8.444274108238030152e+00 3.000109252929687500e+02
8.447708834334527239e+00 3.092053222656250000e+02
8.451143560431022550e+00 3.169035644531250000e+02
8.454578286527519637e+00 3.194815673828125000e+02
8.458013012624016724e+00 3.190340270996093750e+02
8.461447738720513811e+00 3.133851013183593750e+02
8.464882464817012675e+00 3.077043762207031250e+02
8.468317190913509762e+00 3.001088562011718750e+02
8.471751917010005073e+00 2.957918395996093750e+02
8.475186643106502160e+00 2.880538940429687500e+02
8.478621369202999247e+00 2.867310180664062500e+02
8.482056095299496334e+00 2.874736022949218750e+02
8.485490821395995198e+00 2.914015808105468750e+02
8.488925547492492285e+00 2.926185302734375000e+02
8.492360273588987596e+00 2.891810607910156250e+02
8.495794999685484683e+00 2.848940124511718750e+02
8.499229725781981770e+00 2.831549072265625000e+02
8.502664451878478857e+00 2.831060485839843750e+02
8.506099177974977721e+00 2.864066467285156250e+02
8.509533904071474808e+00 2.885302734375000000e+02
8.512968630167970119e+00 2.882880554199218750e+02
8.516403356264467206e+00 2.862723693847656250e+02
8.519838082360964293e+00 2.860321350097656250e+02
8.523272808457461380e+00 2.862708740234375000e+02
8.526707534553960244e+00 2.864527587890625000e+02
8.530142260650455555e+00 2.880393066406250000e+02
8.533576986746952642e+00 2.922102355957031250e+02
8.537011712843449729e+00 2.904041137695312500e+02
8.540446438939946816e+00 2.873570251464843750e+02
8.543881165036443903e+00 2.836065673828125000e+02
8.547315891132940990e+00 2.825663452148437500e+02
8.550750617229438078e+00 2.817087707519531250e+02
8.554185343325935165e+00 2.810421142578125000e+02
8.557620069422432252e+00 2.846574096679687500e+02
8.561054795518929339e+00 2.851890258789062500e+02
8.564489521615426426e+00 2.866742553710937500e+02
8.567924247711923513e+00 2.847214355468750000e+02
8.571358973808420600e+00 2.866683959960937500e+02
8.574793699904917688e+00 2.876298217773437500e+02
8.578228426001414775e+00 2.897372131347656250e+02
8.581663152097911862e+00 2.903134460449218750e+02
8.585097878194408949e+00 2.898457031250000000e+02
8.588532604290906036e+00 2.907812500000000000e+02
8.591967330387403123e+00 2.886434631347656250e+02
8.595402056483900211e+00 2.901552429199218750e+02
8.598836782580397298e+00 2.883845214843750000e+02
8.602271508676894385e+00 2.854577331542968750e+02
8.605706234773391472e+00 2.809658508300781250e+02
8.609140960869888559e+00 2.794197387695312500e+02
8.612575686966385646e+00 2.787636108398437500e+02
8.616010413062882733e+00 2.800529785156250000e+02
8.619445139159379821e+00 2.776719055175781250e+02
8.622879865255876908e+00 2.769090270996093750e+02
8.626314591352373995e+00 2.763158264160156250e+02
8.629749317448869306e+00 2.780144042968750000e+02
8.633184043545366393e+00 2.757390136718750000e+02
8.636618769641865256e+00 2.757864074707031250e+02
8.640053495738362344e+00 2.750678405761718750e+02
8.643488221834859431e+00 2.775498962402343750e+02
8.646922947931356518e+00 2.744941101074218750e+02
8.650357674027851829e+00 2.730396423339843750e+02
8.653792400124348916e+00 2.768109130859375000e+02
8.657227126220847779e+00 2.803914184570312500e+02
8.660661852317344866e+00 2.798534545898437500e+02
8.664096578413841954e+00 2.747816162109375000e+02
8.667531304510339041e+00 2.717461242675781250e+02
8.670966030606834352e+00 2.723380126953125000e+02
8.674400756703331439e+00 2.754313659667968750e+02
8.677835482799830302e+00 2.774169616699218750e+02
8.681270208896327389e+00 2.800237426757812500e+02
8.684704934992824477e+00 2.787740478515625000e+02
8.688139661089321564e+00 2.804350585937500000e+02
8.691574387185816875e+00 2.817771301269531250e+02
8.695009113282313962e+00 2.816364746093750000e+02
8.698443839378812825e+00 2.768311767578125000e+02
8.701878565475309912e+00 2.752023925781250000e+02
8.705313291571807000e+00 2.750669860839843750e+02
8.708748017668302310e+00 2.792189636230468750e+02
8.712182743764799397e+00 2.801320495605468750e+02
8.715617469861296485e+00 2.810026245117187500e+02
8.719052195957793572e+00 2.789211425781250000e+02
8.722486922054292435e+00 2.797263488769531250e+02
8.725921648150789522e+00 2.824081420898437500e+02
8.729356374247284833e+00 2.822094421386718750e+02
8.732791100343781920e+00 2.797266540527343750e+02
8.736225826440279008e+00 2.755823364257812500e+02
8.739660552536776095e+00 2.764700927734375000e+02
8.743095278633274958e+00 2.749508666992187500e+02
8.746530004729772045e+00 2.735604553222656250e+02
8.749964730826267356e+00 2.729059448242187500e+02
8.753399456922764443e+00 2.742142639160156250e+02
8.756834183019261530e+00 2.764344787597656250e+02
8.760268909115758618e+00 2.771590270996093750e+02
8.763703635212257481e+00 2.781036071777343750e+02
8.767138361308752792e+00 2.813111877441406250e+02
8.770573087405249879e+00 2.810486450195312500e+02
8.774007813501746966e+00 2.771096496582031250e+02
8.777442539598244053e+00 2.741299743652343750e+02
8.780877265694741141e+00 2.750897216796875000e+02
8.784311991791240004e+00 2.762096252441406250e+02
8.787746717887735315e+00 2.722724914550781250e+02
8.791181443984232402e+00 2.704065551757812500e+02
8.794616170080729489e+00 2.729911804199218750e+02
8.798050896177226576e+00 2.757003173828125000e+02
8.801485622273723664e+00 2.731126403808593750e+02
8.804920348370220751e+00 2.689693908691406250e+02
8.808355074466717838e+00 2.704263610839843750e+02
8.811789800563214925e+00 2.717220764160156250e+02
8.815224526659712012e+00 2.727234191894531250e+02
8.818659252756209099e+00 2.739433288574218750e+02
8.822093978852706186e+00 2.792630920410156250e+02
8.825528704949203274e+00 2.808493041992187500e+02
8.828963431045700361e+00 2.770983581542968750e+02
8.832398157142197448e+00 2.729804077148437500e+02
8.835832883238694535e+00 2.728751831054687500e+02
8.839267609335191622e+00 2.821754760742187500e+02
8.842702335431688709e+00 2.868812255859375000e+02
8.846137061528185797e+00 2.852992553710937500e+02
8.849571787624682884e+00 2.814668579101562500e+02
8.853006513721179971e+00 2.831522216796875000e+02
8.856441239817677058e+00 2.805624694824218750e+02
8.859875965914174145e+00 2.764537963867187500e+02
8.863310692010671232e+00 2.665040893554687500e+02
8.866745418107168319e+00 2.699362487792968750e+02
8.870180144203665407e+00 2.719205627441406250e+02
8.873614870300162494e+00 2.728313598632812500e+02
8.877049596396659581e+00 2.667776489257812500e+02
8.880484322493156668e+00 2.677077941894531250e+02
8.883919048589653755e+00 2.698403015136718750e+02
8.887353774686149066e+00 2.688338012695312500e+02
8.890788500782646153e+00 2.644826049804687500e+02
8.894223226879145017e+00 2.643892822265625000e+02
8.897657952975642104e+00 2.679512023925781250e+02
8.901092679072139191e+00 2.733613586425781250e+02
8.904527405168636278e+00 2.778690795898437500e+02
8.907962131265131589e+00 2.796565551757812500e+02
8.911396857361628676e+00 2.749667663574218750e+02
8.914831583458127540e+00 2.762335510253906250e+02
8.918266309554624627e+00 2.693963928222656250e+02
8.921701035651121714e+00 2.657164001464843750e+02
8.925135761747618801e+00 2.686952819824218750e+02
8.928570487844114112e+00 2.764055175781250000e+02
8.932005213940611199e+00 2.806615295410156250e+02
8.935439940037110063e+00 2.752594299316406250e+02
8.938874666133607150e+00 2.731622924804687500e+02
8.942309392230104237e+00 2.730993041992187500e+02
8.945744118326599548e+00 2.703588256835937500e+02
8.949178844423096635e+00 2.720070495605468750e+02
8.952613570519593722e+00 2.721948242187500000e+02
8.956048296616092586e+00 2.709598999023437500e+02
8.959483022712589673e+00 2.669426879882812500e+02
8.962917748809086760e+00 2.691688232421875000e+02
8.966352474905582071e+00 2.692888183593750000e+02
8.969787201002079158e+00 2.716791992187500000e+02
8.973221927098576245e+00 2.779407653808593750e+02
8.976656653195073332e+00 2.876859741210937500e+02
8.980091379291572196e+00 2.879866027832031250e+02
8.983526105388069283e+00 2.797020263671875000e+02
8.986960831484564594e+00 2.734124450683593750e+02
8.990395557581061681e+00 2.758085632324218750e+02
8.993830283677558768e+00 2.802447509765625000e+02
8.997265009774055855e+00 2.838184814453125000e+02
9.000699735870554719e+00 2.794384765625000000e+02
9.004134461967050029e+00 2.770048828125000000e+02
9.007569188063547116e+00 2.763924560546875000e+02
9.011003914160044204e+00 2.737685546875000000e+02
9.014438640256541291e+00 2.691134338378906250e+02
9.017873366353038378e+00 2.687544555664062500e+02
9.021308092449537241e+00 2.719108581542968750e+02
9.024742818546032552e+00 2.711798706054687500e+02
9.028177544642529639e+00 2.642041015625000000e+02
9.031612270739026727e+00 2.610855407714843750e+02
9.035046996835523814e+00 2.630094299316406250e+02
9.038481722932020901e+00 2.658796997070312500e+02
9.041916449028519764e+00 2.646466979980468750e+02
9.045351175125015075e+00 2.596417541503906250e+02
9.048785901221512162e+00 2.565541381835937500e+02
9.052220627318009250e+00 2.596503601074218750e+02
9.055655353414506337e+00 2.664374694824218750e+02
9.059090079511003424e+00 2.678968811035156250e+02
9.062524805607500511e+00 2.651057739257812500e+02
9.065959531703997598e+00 2.630157165527343750e+02
9.069394257800494685e+00 2.659188842773437500e+02
9.072828983896991772e+00 2.638977966308593750e+02
9.076263709993488860e+00 2.637450561523437500e+02
9.079698436089985947e+00 2.586666870117187500e+02
9.083133162186483034e+00 2.474163360595703125e+02
9.086567888282980121e+00 2.460754699707031250e+02
9.090002614379477208e+00 2.474310302734375000e+02
9.093437340475974295e+00 2.607374572753906250e+02
9.096872066572471383e+00 2.592720336914062500e+02
9.100306792668968470e+00 2.650530090332031250e+02
9.103741518765465557e+00 2.634768676757812500e+02
9.107176244861962644e+00 2.675817565917968750e+02
9.110610970958459731e+00 2.657164611816406250e+02
9.114045697054956818e+00 2.704139099121093750e+02
9.117480423151453905e+00 2.663634033203125000e+02
9.120915149247950993e+00 2.629295043945312500e+02
9.124349875344446303e+00 2.614045410156250000e+02
9.127784601440945167e+00 2.638679199218750000e+02
9.131219327537442254e+00 2.645226440429687500e+02
9.134654053633939341e+00 2.569253540039062500e+02
9.138088779730436428e+00 2.518783721923828125e+02
9.141523505826933516e+00 2.457083892822265625e+02
9.144958231923428826e+00 2.508240051269531250e+02
9.148392958019925914e+00 2.527881927490234375e+02
9.151827684116424777e+00 2.561778869628906250e+02
9.155262410212921864e+00 2.529513854980468750e+02
9.158697136309418951e+00 2.527153625488281250e+02
9.162131862405916038e+00 2.496614990234375000e+02
9.165566588502411349e+00 2.491800689697265625e+02
9.169001314598908436e+00 2.490233001708984375e+02
9.172436040695407300e+00 2.476990966796875000e+02
9.175870766791904387e+00 2.504438934326171875e+02
9.179305492888401474e+00 2.512255706787109375e+02
9.182740218984896785e+00 2.548515167236328125e+02
9.186174945081393872e+00 2.541198120117187500e+02
9.189609671177890959e+00 2.490802917480468750e+02
9.193044397274389823e+00 2.455532531738281250e+02
9.196479123370886910e+00 2.387217102050781250e+02
9.199913849467383997e+00 2.466637573242187500e+02
9.203348575563879308e+00 2.529095764160156250e+02
9.206783301660376395e+00 2.573172607421875000e+02
9.210218027756873482e+00 2.583085632324218750e+02
9.213652753853372346e+00 2.588233947753906250e+02
9.217087479949869433e+00 2.612742614746093750e+02
9.220522206046366520e+00 2.637687988281250000e+02
9.223956932142861831e+00 2.627998657226562500e+02
9.227391658239358918e+00 2.601417846679687500e+02
9.230826384335856005e+00 2.522542419433593750e+02
9.234261110432353092e+00 2.462942504882812500e+02
9.237695836528851956e+00 2.411450500488281250e+02
9.241130562625349043e+00 2.453730773925781250e+02
9.244565288721844354e+00 2.530988769531250000e+02
9.248000014818341441e+00 2.567286071777343750e+02
9.251434740914838528e+00 2.468849182128906250e+02
9.254869467011335615e+00 2.385787963867187500e+02
9.258304193107834479e+00 2.355588684082031250e+02
9.261738919204329790e+00 2.444034118652343750e+02
9.265173645300826877e+00 2.447815551757812500e+02
9.268608371397323964e+00 2.516079101562500000e+02
9.272043097493821051e+00 2.467171478271484375e+02
9.275477823590318138e+00 2.477842712402343750e+02
9.278912549686817002e+00 2.472827301025390625e+02
9.282347275783312313e+00 2.505286102294921875e+02
9.285782001879809400e+00 2.527368316650390625e+02
9.289216727976306487e+00 2.476416168212890625e+02
9.292651454072803574e+00 2.500531616210937500e+02
9.296086180169300661e+00 2.532418670654296875e+02
9.299520906265799525e+00 2.591007690429687500e+02
9.302955632362294836e+00 2.576978454589843750e+02
9.306390358458791923e+00 2.498177642822265625e+02
9.309825084555289010e+00 2.417703552246093750e+02
9.313259810651786097e+00 2.392978973388671875e+02
9.316694536748283184e+00 2.362574920654296875e+02
9.320129262844780271e+00 2.326305236816406250e+02
9.323563988941277358e+00 2.366201171875000000e+02
9.326998715037774446e+00 2.367848815917968750e+02
9.330433441134271533e+00 2.367101593017578125e+02
9.333868167230768620e+00 2.255094909667968750e+02
9.337302893327265707e+00 2.319373016357421875e+02
9.340737619423762794e+00 2.250535125732421875e+02
9.344172345520259881e+00 2.285266418457031250e+02
9.347607071616756969e+00 2.348304748535156250e+02
9.351041797713254056e+00 2.426369018554687500e+02
9.354476523809751143e+00 2.417613983154296875e+02
9.357911249906248230e+00 2.353812866210937500e+02
9.361345976002743541e+00 2.310216674804687500e+02
9.364780702099242404e+00 2.271632995605468750e+02
9.368215428195739491e+00 2.246889495849609375e+02
9.371650154292236579e+00 2.134656677246093750e+02
9.375084880388733666e+00 2.105542449951171875e+02
9.378519606485230753e+00 2.057584533691406250e+02
9.381954332581726064e+00 2.140488281250000000e+02
9.385389058678224927e+00 2.151726226806640625e+02
9.388823784774722014e+00 2.209902954101562500e+02
9.392258510871219102e+00 2.231771087646484375e+02
9.395693236967716189e+00 2.158206634521484375e+02
9.399127963064213276e+00 2.068074035644531250e+02
9.402562689160708587e+00 2.066734008789062500e+02
9.405997415257207450e+00 2.083919677734375000e+02
9.409432141353704537e+00 2.237702636718750000e+02
9.412866867450201624e+00 2.217836456298828125e+02
9.416301593546698712e+00 2.311063232421875000e+02
9.419736319643195799e+00 2.249977111816406250e+02
9.423171045739691110e+00 2.151361389160156250e+02
9.426605771836188197e+00 2.024482421875000000e+02
9.430040497932687060e+00 1.914252319335937500e+02
9.433475224029184147e+00 1.890353546142578125e+02
9.436909950125681235e+00 1.828768768310546875e+02
9.440344676222176545e+00 1.651353759765625000e+02
9.443779402318673633e+00 1.729291076660156250e+02
9.447214128415170720e+00 1.798407440185546875e+02
9.450648854511669583e+00 1.929575805664062500e+02
9.454083580608166670e+00 1.919194030761718750e+02
9.457518306704663758e+00 1.822718353271484375e+02
9.460953032801159068e+00 1.863267364501953125e+02
9.464387758897656155e+00 1.783532562255859375e+02
9.467822484994153243e+00 1.722421264648437500e+02
9.471257211090652106e+00 1.445839996337890625e+02
9.474691937187149193e+00 1.484033355712890625e+02
9.478126663283646280e+00 1.605319671630859375e+02
9.481561389380141591e+00 1.798343963623046875e+02
9.484996115476638678e+00 1.762239685058593750e+02
9.488430841573135766e+00 1.939705352783203125e+02
9.491865567669634629e+00 1.920863647460937500e+02
9.495300293766131716e+00 2.061363677978515625e+02
9.498735019862627027e+00 1.816277770996093750e+02
9.502169745959124114e+00 1.936054077148437500e+02
9.505604472055621201e+00 1.710620880126953125e+02
9.509039198152118288e+00 1.487304534912109375e+02
9.512473924248615376e+00 7.065455627441406250e+01
9.515908650345114239e+00 7.493940734863281250e+01
9.519343376441609550e+00 8.138848876953125000e+01
9.522778102538106637e+00 0.000000000000000000e+00
9.526212828634603724e+00 0.000000000000000000e+00
9.529647554731100811e+00 0.000000000000000000e+00
9.533082280827597899e+00 0.000000000000000000e+00
9.536517006924096762e+00 0.000000000000000000e+00
9.539951733020592073e+00 0.000000000000000000e+00
9.543386459117089160e+00 0.000000000000000000e+00
9.546821185213586247e+00 0.000000000000000000e+00
9.550255911310083334e+00 0.000000000000000000e+00
9.553690637406580421e+00 0.000000000000000000e+00
9.557125363503077509e+00 0.000000000000000000e+00
9.560560089599574596e+00 0.000000000000000000e+00
9.563994815696071683e+00 0.000000000000000000e+00
9.567429541792568770e+00 0.000000000000000000e+00
9.570864267889065857e+00 0.000000000000000000e+00
9.574298993985562944e+00 0.000000000000000000e+00
9.577733720082060032e+00 0.000000000000000000e+00
9.581168446178557119e+00 0.000000000000000000e+00
9.584603172275054206e+00 0.000000000000000000e+00
9.588037898371551293e+00 0.000000000000000000e+00
9.591472624468048380e+00 0.000000000000000000e+00
9.594907350564545467e+00 0.000000000000000000e+00
9.598342076661042555e+00 0.000000000000000000e+00
9.601776802757539642e+00 0.000000000000000000e+00
9.605211528854036729e+00 0.000000000000000000e+00
9.608646254950533816e+00 0.000000000000000000e+00
9.612080981047030903e+00 0.000000000000000000e+00
9.615515707143527990e+00 0.000000000000000000e+00
9.618950433240023301e+00 0.000000000000000000e+00
9.622385159336522165e+00 0.000000000000000000e+00
9.625819885433019252e+00 0.000000000000000000e+00
9.629254611529516339e+00 0.000000000000000000e+00
9.632689337626013426e+00 0.000000000000000000e+00
9.636124063722510513e+00 0.000000000000000000e+00
9.639558789819005824e+00 0.000000000000000000e+00
9.642993515915504688e+00 0.000000000000000000e+00
9.646428242012001775e+00 0.000000000000000000e+00
9.649862968108498862e+00 0.000000000000000000e+00
9.653297694204995949e+00 0.000000000000000000e+00
9.656732420301493036e+00 0.000000000000000000e+00
9.660167146397988347e+00 0.000000000000000000e+00
9.663601872494487210e+00 0.000000000000000000e+00
9.667036598590984298e+00 0.000000000000000000e+00
9.670471324687481385e+00 0.000000000000000000e+00
9.673906050783978472e+00 0.000000000000000000e+00
9.677340776880473783e+00 0.000000000000000000e+00
9.680775502976970870e+00 0.000000000000000000e+00
9.684210229073467957e+00 0.000000000000000000e+00
9.687644955169966821e+00 0.000000000000000000e+00
9.691079681266463908e+00 0.000000000000000000e+00
9.694514407362960995e+00 0.000000000000000000e+00
9.697949133459456306e+00 0.000000000000000000e+00
9.701383859555953393e+00 0.000000000000000000e+00
9.704818585652450480e+00 0.000000000000000000e+00
9.708253311748949343e+00 0.000000000000000000e+00
9.711688037845446431e+00 0.000000000000000000e+00
9.715122763941943518e+00 0.000000000000000000e+00
9.718557490038438829e+00 0.000000000000000000e+00
9.721992216134935916e+00 0.000000000000000000e+00
9.725426942231433003e+00 0.000000000000000000e+00
9.728861668327931866e+00 0.000000000000000000e+00
9.732296394424428954e+00 0.000000000000000000e+00
9.735731120520924264e+00 0.000000000000000000e+00
9.739165846617421352e+00 0.000000000000000000e+00
9.742600572713918439e+00 0.000000000000000000e+00
9.746035298810415526e+00 0.000000000000000000e+00
9.749470024906914389e+00 0.000000000000000000e+00
9.752904751003411477e+00 0.000000000000000000e+00
9.756339477099906787e+00 0.000000000000000000e+00
9.759774203196403874e+00 0.000000000000000000e+00
9.763208929292900962e+00 0.000000000000000000e+00
9.766643655389398049e+00 0.000000000000000000e+00
9.770078381485895136e+00 0.000000000000000000e+00
9.773513107582393999e+00 0.000000000000000000e+00
9.776947833678889310e+00 0.000000000000000000e+00
9.780382559775386397e+00 0.000000000000000000e+00
9.783817285871883485e+00 0.000000000000000000e+00
9.787252011968380572e+00 0.000000000000000000e+00
9.790686738064877659e+00 0.000000000000000000e+00
9.794121464161376522e+00 0.000000000000000000e+00
9.797556190257871833e+00 0.000000000000000000e+00
9.800990916354368920e+00 0.000000000000000000e+00
9.804425642450866007e+00 0.000000000000000000e+00
9.807860368547363095e+00 0.000000000000000000e+00
9.811295094643860182e+00 0.000000000000000000e+00
9.814729820740357269e+00 0.000000000000000000e+00
9.818164546836854356e+00 0.000000000000000000e+00
9.821599272933351443e+00 0.000000000000000000e+00
9.825033999029848530e+00 0.000000000000000000e+00
9.828468725126345618e+00 0.000000000000000000e+00
9.831903451222842705e+00 0.000000000000000000e+00
9.835338177319339792e+00 0.000000000000000000e+00
9.838772903415836879e+00 0.000000000000000000e+00
9.842207629512333966e+00 0.000000000000000000e+00
9.845642355608831053e+00 0.000000000000000000e+00
9.849077081705328141e+00 0.000000000000000000e+00
9.852511807801825228e+00 0.000000000000000000e+00
9.855946533898320538e+00 0.000000000000000000e+00
9.859381259994819402e+00 0.000000000000000000e+00
9.862815986091316489e+00 0.000000000000000000e+00
9.866250712187813576e+00 0.000000000000000000e+00
9.869685438284310663e+00 0.000000000000000000e+00
9.873120164380807751e+00 0.000000000000000000e+00
9.876554890477303061e+00 0.000000000000000000e+00
9.879989616573801925e+00 0.000000000000000000e+00
9.883424342670299012e+00 0.000000000000000000e+00
9.886859068766796099e+00 0.000000000000000000e+00
9.890293794863293186e+00 0.000000000000000000e+00
9.893728520959790274e+00 0.000000000000000000e+00
9.897163247056285584e+00 0.000000000000000000e+00
9.900597973152784448e+00 0.000000000000000000e+00
9.904032699249281535e+00 0.000000000000000000e+00
9.907467425345778622e+00 0.000000000000000000e+00
9.910902151442275709e+00 0.000000000000000000e+00
9.914336877538771020e+00 0.000000000000000000e+00
9.917771603635268107e+00 0.000000000000000000e+00
9.921206329731766971e+00 0.000000000000000000e+00
9.924641055828264058e+00 0.000000000000000000e+00
9.928075781924761145e+00 0.000000000000000000e+00
9.931510508021258232e+00 0.000000000000000000e+00
9.934945234117753543e+00 0.000000000000000000e+00
9.938379960214250630e+00 0.000000000000000000e+00
9.941814686310747717e+00 0.000000000000000000e+00
9.945249412407246581e+00 0.000000000000000000e+00
9.948684138503743668e+00 0.000000000000000000e+00
9.952118864600240755e+00 0.000000000000000000e+00
9.955553590696736066e+00 0.000000000000000000e+00
9.958988316793233153e+00 0.000000000000000000e+00
9.962423042889730240e+00 0.000000000000000000e+00
9.965857768986229104e+00 0.000000000000000000e+00
9.969292495082726191e+00 0.000000000000000000e+00
9.972727221179223278e+00 0.000000000000000000e+00
9.976161947275718589e+00 0.000000000000000000e+00
9.979596673372215676e+00 0.000000000000000000e+00
9.983031399468712763e+00 0.000000000000000000e+00
9.986466125565211627e+00 0.000000000000000000e+00
9.989900851661708714e+00 0.000000000000000000e+00
9.993335577758204025e+00 0.000000000000000000e+00
9.996770303854701112e+00 0.000000000000000000e+00
1.000020502995119820e+01 0.000000000000000000e+00
1.000363975604769529e+01 0.000000000000000000e+00
1.000707448214419415e+01 0.000000000000000000e+00
1.001050920824069124e+01 0.000000000000000000e+00
1.001394393433718655e+01 0.000000000000000000e+00
1.001737866043368363e+01 0.000000000000000000e+00
1.002081338653018072e+01 0.000000000000000000e+00
1.002424811262667781e+01 0.000000000000000000e+00
1.002768283872317490e+01 0.000000000000000000e+00
1.003111756481967376e+01 0.000000000000000000e+00
1.003455229091616907e+01 0.000000000000000000e+00
1.003798701701266616e+01 0.000000000000000000e+00
1.004142174310916324e+01 0.000000000000000000e+00
1.004485646920566033e+01 0.000000000000000000e+00
1.004829119530215742e+01 0.000000000000000000e+00
1.005172592139865451e+01 0.000000000000000000e+00
1.005516064749515159e+01 0.000000000000000000e+00
1.005859537359164868e+01 0.000000000000000000e+00
1.006203009968814577e+01 0.000000000000000000e+00
1.006546482578464285e+01 0.000000000000000000e+00
1.006889955188113994e+01 0.000000000000000000e+00
1.007233427797763703e+01 0.000000000000000000e+00
1.007576900407413412e+01 0.000000000000000000e+00
1.007920373017063120e+01 0.000000000000000000e+00
1.008263845626712829e+01 0.000000000000000000e+00
1.008607318236362538e+01 0.000000000000000000e+00
1.008950790846012247e+01 0.000000000000000000e+00
1.009294263455661955e+01 0.000000000000000000e+00
1.009637736065311664e+01 0.000000000000000000e+00
1.009981208674961373e+01 0.000000000000000000e+00
1.010324681284611081e+01 0.000000000000000000e+00
1.010668153894260790e+01 0.000000000000000000e+00
1.011011626503910499e+01 0.000000000000000000e+00
1.011355099113560208e+01 0.000000000000000000e+00
1.011698571723209916e+01 0.000000000000000000e+00
1.012042044332859625e+01 0.000000000000000000e+00
1.012385516942509334e+01 0.000000000000000000e+00
1.012728989552159042e+01 0.000000000000000000e+00
1.013072462161808751e+01 0.000000000000000000e+00
1.013415934771458282e+01 0.000000000000000000e+00
1.013759407381108169e+01 0.000000000000000000e+00
1.014102879990757877e+01 0.000000000000000000e+00
1.014446352600407586e+01 0.000000000000000000e+00
1.014789825210057295e+01 0.000000000000000000e+00
1.015133297819707003e+01 0.000000000000000000e+00
1.015476770429356534e+01 0.000000000000000000e+00
1.015820243039006421e+01 0.000000000000000000e+00
1.016163715648656130e+01 0.000000000000000000e+00
1.016507188258305838e+01 0.000000000000000000e+00
1.016850660867955547e+01 0.000000000000000000e+00
1.017194133477605078e+01 0.000000000000000000e+00
1.017537606087254787e+01 0.000000000000000000e+00
1.017881078696904673e+01 0.000000000000000000e+00
1.018224551306554382e+01 0.000000000000000000e+00
1.018568023916204091e+01 0.000000000000000000e+00
1.018911496525853799e+01 0.000000000000000000e+00
1.019254969135503330e+01 0.000000000000000000e+00
1.019598441745153039e+01 0.000000000000000000e+00
1.019941914354802925e+01 0.000000000000000000e+00
1.020285386964452634e+01 0.000000000000000000e+00
1.020628859574102343e+01 0.000000000000000000e+00
1.020972332183752052e+01 0.000000000000000000e+00
1.021315804793401583e+01 0.000000000000000000e+00
1.021659277403051291e+01 0.000000000000000000e+00
1.022002750012701000e+01 0.000000000000000000e+00
1.022346222622350886e+01 0.000000000000000000e+00
1.022689695232000595e+01 0.000000000000000000e+00
1.023033167841650126e+01 0.000000000000000000e+00
1.023376640451299835e+01 0.000000000000000000e+00
1.023720113060949544e+01 0.000000000000000000e+00
1.024063585670599252e+01 0.000000000000000000e+00
1.024407058280249139e+01 0.000000000000000000e+00
1.024750530889898847e+01 0.000000000000000000e+00
1.025094003499548378e+01 0.000000000000000000e+00
1.025437476109198087e+01 0.000000000000000000e+00
1.025780948718847796e+01 0.000000000000000000e+00
1.026124421328497505e+01 0.000000000000000000e+00
1.026467893938147391e+01 0.000000000000000000e+00
1.026811366547797100e+01 0.000000000000000000e+00
1.027154839157446631e+01 0.000000000000000000e+00
1.027498311767096340e+01 0.000000000000000000e+00
1.027841784376746048e+01 0.000000000000000000e+00
1.028185256986395757e+01 0.000000000000000000e+00
1.028528729596045643e+01 0.000000000000000000e+00
1.028872202205695174e+01 0.000000000000000000e+00
1.029215674815344883e+01 0.000000000000000000e+00
1.029559147424994592e+01 0.000000000000000000e+00
1.029902620034644301e+01 0.000000000000000000e+00
1.030246092644294009e+01 0.000000000000000000e+00
