# # sector 17: chi = -5.01 deg (range [-10, 0))
# # columns: 2theta(deg)  intensity
1.717376191265591965e-03 -2.000024414062500000e+01
5.152128573796775461e-03 -2.000024414062500000e+01
8.586880956327959391e-03 4.472505187988281250e+01
1.202163333885914419e-02 9.422694396972656250e+01
1.545638572139032552e-02 4.486417388916015625e+01
1.889113810392151205e-02 -4.757481765747070312e+01
2.232589048645269511e-02 -4.258939361572265625e+01
2.576064286898388164e-02 2.708214998245239258e+00
2.919539525151506124e-02 1.129151916503906250e+01
3.263014763404624430e-02 5.310661697387695312e+01
3.606490001657743083e-02 5.636204528808593750e+01
3.949965239910861736e-02 7.814009857177734375e+01
4.293440478163979696e-02 8.236990356445312500e+01
4.636915716417097655e-02 5.818716049194335938e+01
4.980390954670216308e-02 4.202820587158203125e+01
5.323866192923334961e-02 4.196725845336914062e+01
5.667341431176453614e-02 4.798463439941406250e+01
6.010816669429572268e-02 2.798454475402832031e+01
6.354291907682689533e-02 1.970520591735839844e+01
6.697767145935809574e-02 3.795392990112304688e+01
7.041242384188926839e-02 5.674311065673828125e+01
7.384717622442045493e-02 5.059755706787109375e+01
7.728192860695165534e-02 4.581053924560546875e+01
8.071668098948282799e-02 3.984169387817382812e+01
8.415143337201401452e-02 4.278335952758789062e+01
8.758618575454518718e-02 4.589312362670898438e+01
9.102093813707637371e-02 3.575111007690429688e+01
9.445569051960756024e-02 3.696769714355468750e+01
9.789044290213874677e-02 7.386354827880859375e+01
1.013251952846699333e-01 8.019293212890625000e+01
1.047599476672011198e-01 6.263596343994140625e+01
1.081947000497323064e-01 5.990472412109375000e+01
1.116294524322634790e-01 4.025518798828125000e+01
1.150642048147946794e-01 4.104740142822265625e+01
1.184989571973258382e-01 3.081530380249023438e+01
1.219337095798570386e-01 3.008538246154785156e+01
1.253684619623882113e-01 6.186398696899414062e+01
1.288032143449193978e-01 8.085527801513671875e+01
1.322379667274505843e-01 1.062742233276367188e+02
1.356727191099817709e-01 1.230946960449218750e+02
1.391074714925129574e-01 9.393363952636718750e+01
1.425422238750441439e-01 7.413709259033203125e+01
1.459769762575753027e-01 6.533818054199218750e+01
1.494117286401065170e-01 4.388700103759765625e+01
1.528464810226377035e-01 7.435221099853515625e+01
1.562812334051688623e-01 1.280285491943359375e+02
1.597159857877000488e-01 1.032588577270507812e+02
1.631507381702312354e-01 3.720246124267578125e+01
1.665854905527624219e-01 4.223020935058593750e+01
1.700202429352936084e-01 9.501194763183593750e+01
1.734549953178247950e-01 1.006676559448242188e+02
1.768897477003559815e-01 9.860792541503906250e+01
1.803245000828871403e-01 8.775246429443359375e+01
1.837592524654183268e-01 7.301609039306640625e+01
1.871940048479495411e-01 7.585771942138671875e+01
1.906287572304806999e-01 9.313144683837890625e+01
1.940635096130118864e-01 9.997698211669921875e+01
1.974982619955431007e-01 1.413365631103515625e+02
2.009330143780742595e-01 1.902052001953125000e+02
2.043677667606054460e-01 3.614085693359375000e+02
2.078025191431366325e-01 4.894811706542968750e+02
2.112372715256678191e-01 5.150788574218750000e+02
2.146720239081990056e-01 5.324810180664062500e+02
2.181067762907301644e-01 5.471358032226562500e+02
2.215415286732613787e-01 5.544805908203125000e+02
2.249762810557925652e-01 5.818912963867187500e+02
2.284110334383237517e-01 6.264472045898437500e+02
2.318457858208548827e-01 6.355369262695312500e+02
2.352805382033860970e-01 6.222105712890625000e+02
2.387152905859172836e-01 6.255694580078125000e+02
2.421500429684484701e-01 6.206342163085937500e+02
2.455847953509796566e-01 6.311537475585937500e+02
2.490195477335108154e-01 6.400195312500000000e+02
2.524543001160420297e-01 6.464463500976562500e+02
2.558890524985731885e-01 6.347661743164062500e+02
2.593238048811044028e-01 6.403021240234375000e+02
2.627585572636355615e-01 6.600968627929687500e+02
2.661933096461667758e-01 6.651739501953125000e+02
2.696280620286979346e-01 7.129012451171875000e+02
2.730628144112290934e-01 7.264649658203125000e+02
2.764975667937603077e-01 7.332684326171875000e+02
2.799323191762915219e-01 7.330985717773437500e+02
2.833670715588226807e-01 7.469025878906250000e+02
2.868018239413538395e-01 7.380525512695312500e+02
2.902365763238850538e-01 7.282417602539062500e+02
2.936713287064162126e-01 7.213676147460937500e+02
2.971060810889474268e-01 7.239567871093750000e+02
3.005408334714785856e-01 7.452005615234375000e+02
3.039755858540097999e-01 7.598629760742187500e+02
3.074103382365409587e-01 7.832941284179687500e+02
3.108450906190721175e-01 8.116377563476562500e+02
3.142798430016033318e-01 8.646751098632812500e+02
3.177145953841345460e-01 8.749272460937500000e+02
3.211493477666657048e-01 8.793242187500000000e+02
3.245841001491968636e-01 8.989726562500000000e+02
3.280188525317280779e-01 9.196423339843750000e+02
3.314536049142592367e-01 9.386097412109375000e+02
3.348883572967904509e-01 9.502249755859375000e+02
3.383231096793216652e-01 9.778829345703125000e+02
3.417578620618527685e-01 9.932180175781250000e+02
3.451926144443839828e-01 9.884824218750000000e+02
3.486273668269151416e-01 1.019670410156250000e+03
3.520621192094463558e-01 1.029033447265625000e+03
3.554968715919775701e-01 1.036451416015625000e+03
3.589316239745086734e-01 1.069939208984375000e+03
3.623663763570398877e-01 1.077254028320312500e+03
3.658011287395711020e-01 1.062523803710937500e+03
3.692358811221022608e-01 1.074954589843750000e+03
3.726706335046334750e-01 1.116031494140625000e+03
3.761053858871646893e-01 1.142317382812500000e+03
3.795401382696957926e-01 1.162727539062500000e+03
3.829748906522270069e-01 1.181114624023437500e+03
3.864096430347582212e-01 1.201885864257812500e+03
3.898443954172893799e-01 1.213754516601562500e+03
3.932791477998205942e-01 1.198739624023437500e+03
3.967139001823516975e-01 1.195203491210937500e+03
4.001486525648829118e-01 1.189852783203125000e+03
4.035834049474141261e-01 1.183759887695312500e+03
4.070181573299452849e-01 1.169350341796875000e+03
4.104529097124764991e-01 1.184804199218750000e+03
4.138876620950077134e-01 1.227326904296875000e+03
4.173224144775388167e-01 1.233844604492187500e+03
4.207571668600700310e-01 1.246752807617187500e+03
4.241919192426012453e-01 1.237397949218750000e+03
4.276266716251324040e-01 1.274320068359375000e+03
4.310614240076636183e-01 1.290979614257812500e+03
4.344961763901947771e-01 1.291336547851562500e+03
4.379309287727259359e-01 1.278234741210937500e+03
4.413656811552571502e-01 1.283968139648437500e+03
4.448004335377883089e-01 1.302969726562500000e+03
4.482351859203194677e-01 1.309885253906250000e+03
4.516699383028506820e-01 1.286332519531250000e+03
4.551046906853818408e-01 1.286715576171875000e+03
4.585394430679130551e-01 1.298867309570312500e+03
4.619741954504441583e-01 1.288813842773437500e+03
4.654089478329753171e-01 1.291939331054687500e+03
4.688437002155065314e-01 1.301549316406250000e+03
4.722784525980377457e-01 1.303963256835937500e+03
4.757132049805689045e-01 1.308301635742187500e+03
4.791479573631001188e-01 1.323160522460937500e+03
4.825827097456313330e-01 1.330004882812500000e+03
4.860174621281624918e-01 1.336245849609375000e+03
4.894522145106937061e-01 1.333970947265625000e+03
4.928869668932248649e-01 1.314291748046875000e+03
4.963217192757559681e-01 1.303290405273437500e+03
4.997564716582871824e-01 1.295489868164062500e+03
5.031912240408183967e-01 1.295268066406250000e+03
5.066259764233496110e-01 1.293973754882812500e+03
5.100607288058807143e-01 1.286107055664062500e+03
5.134954811884119286e-01 1.267405639648437500e+03
5.169302335709431429e-01 1.262230346679687500e+03
5.203649859534743571e-01 1.271279541015625000e+03
5.237997383360055714e-01 1.272953002929687500e+03
5.272344907185366747e-01 1.256156738281250000e+03
5.306692431010678890e-01 1.243206542968750000e+03
5.341039954835989922e-01 1.233183593750000000e+03
5.375387478661302065e-01 1.238013793945312500e+03
5.409735002486614208e-01 1.239557373046875000e+03
5.444082526311926351e-01 1.227486694335937500e+03
5.478430050137237384e-01 1.227262695312500000e+03
5.512777573962549527e-01 1.210609497070312500e+03
5.547125097787861669e-01 1.210023559570312500e+03
5.581472621613173812e-01 1.210429809570312500e+03
5.615820145438485955e-01 1.190405761718750000e+03
5.650167669263796988e-01 1.188285400390625000e+03
5.684515193089109131e-01 1.195521118164062500e+03
5.718862716914420163e-01 1.188251464843750000e+03
5.753210240739732306e-01 1.173901367187500000e+03
5.787557764565044449e-01 1.159818115234375000e+03
5.821905288390356592e-01 1.149634155273437500e+03
5.856252812215667625e-01 1.149725219726562500e+03
5.890600336040979768e-01 1.160084472656250000e+03
5.924947859866291910e-01 1.163799682617187500e+03
5.959295383691604053e-01 1.168037231445312500e+03
5.993642907516916196e-01 1.176574707031250000e+03
6.027990431342227229e-01 1.181060302734375000e+03
6.062337955167539372e-01 1.174342041015625000e+03
6.096685478992850404e-01 1.173165527343750000e+03
6.131033002818162547e-01 1.176511352539062500e+03
6.165380526643474690e-01 1.168967529296875000e+03
6.199728050468786833e-01 1.156773315429687500e+03
6.234075574294097866e-01 1.146435180664062500e+03
6.268423098119410009e-01 1.141335327148437500e+03
6.302770621944722151e-01 1.159286621093750000e+03
6.337118145770034294e-01 1.173249389648437500e+03
6.371465669595346437e-01 1.160227905273437500e+03
6.405813193420657470e-01 1.150596679687500000e+03
6.440160717245968502e-01 1.149247314453125000e+03
6.474508241071280645e-01 1.158347290039062500e+03
6.508855764896592788e-01 1.163456787109375000e+03
6.543203288721904931e-01 1.158366455078125000e+03
6.577550812547217074e-01 1.152125000000000000e+03
6.611898336372528107e-01 1.146776611328125000e+03
6.646245860197840249e-01 1.140947998046875000e+03
6.680593384023152392e-01 1.116510253906250000e+03
6.714940907848464535e-01 1.116579223632812500e+03
6.749288431673776678e-01 1.130613037109375000e+03
6.783635955499087711e-01 1.114463134765625000e+03
6.817983479324398743e-01 1.098299194335937500e+03
6.852331003149710886e-01 1.117388549804687500e+03
6.886678526975023029e-01 1.129572509765625000e+03
6.921026050800335172e-01 1.134647705078125000e+03
6.955373574625647315e-01 1.131105957031250000e+03
6.989721098450958348e-01 1.128164184570312500e+03
7.024068622276270490e-01 1.136608398437500000e+03
7.058416146101582633e-01 1.144544799804687500e+03
7.092763669926894776e-01 1.130246093750000000e+03
7.127111193752206919e-01 1.138079345703125000e+03
7.161458717577517952e-01 1.135023071289062500e+03
7.195806241402828984e-01 1.128312988281250000e+03
7.230153765228141127e-01 1.128648681640625000e+03
7.264501289053453270e-01 1.129621704101562500e+03
7.298848812878765413e-01 1.135980224609375000e+03
7.333196336704077556e-01 1.125769531250000000e+03
7.367543860529388589e-01 1.110137084960937500e+03
7.401891384354700731e-01 1.103472656250000000e+03
7.436238908180012874e-01 1.126982910156250000e+03
7.470586432005325017e-01 1.131926757812500000e+03
7.504933955830637160e-01 1.150785522460937500e+03
7.539281479655948193e-01 1.151241455078125000e+03
7.573629003481259225e-01 1.152409912109375000e+03
7.607976527306571368e-01 1.164007934570312500e+03
7.642324051131883511e-01 1.148980346679687500e+03
7.676671574957195654e-01 1.150843627929687500e+03
7.711019098782507797e-01 1.164310424804687500e+03
7.745366622607818829e-01 1.143259643554687500e+03
7.779714146433130972e-01 1.119905761718750000e+03
7.814061670258443115e-01 1.097482666015625000e+03
7.848409194083755258e-01 1.104845703125000000e+03
7.882756717909067401e-01 1.116218383789062500e+03
7.917104241734378434e-01 1.117755737304687500e+03
7.951451765559689466e-01 1.106960083007812500e+03
7.985799289385001609e-01 1.108636474609375000e+03
8.020146813210313752e-01 1.122251953125000000e+03
8.054494337035625895e-01 1.129376464843750000e+03
8.088841860860938038e-01 1.118626708984375000e+03
8.123189384686249070e-01 1.139495605468750000e+03
8.157536908511561213e-01 1.148014404296875000e+03
8.191884432336873356e-01 1.144516357421875000e+03
8.226231956162185499e-01 1.145945922851562500e+03
8.260579479987497642e-01 1.145272460937500000e+03
8.294927003812808675e-01 1.133582641601562500e+03
8.329274527638119707e-01 1.127774536132812500e+03
8.363622051463431850e-01 1.148739257812500000e+03
8.397969575288743993e-01 1.162031738281250000e+03
8.432317099114056136e-01 1.163987060546875000e+03
8.466664622939368279e-01 1.173885864257812500e+03
8.501012146764680422e-01 1.180618896484375000e+03
8.535359670589991454e-01 1.186764282226562500e+03
8.569707194415303597e-01 1.183098266601562500e+03
8.604054718240615740e-01 1.175300903320312500e+03
8.638402242065926773e-01 1.175300659179687500e+03
8.672749765891238916e-01 1.177770874023437500e+03
8.707097289716549948e-01 1.168816284179687500e+03
8.741444813541862091e-01 1.173676635742187500e+03
8.775792337367174234e-01 1.182902343750000000e+03
8.810139861192486377e-01 1.172849731445312500e+03
8.844487385017798520e-01 1.167200195312500000e+03
8.878834908843110663e-01 1.189085327148437500e+03
8.913182432668421695e-01 1.193839965820312500e+03
8.947529956493733838e-01 1.197529907226562500e+03
8.981877480319045981e-01 1.181263183593750000e+03
9.016225004144359234e-01 1.164550415039062500e+03
9.050572527969670267e-01 1.167355712890625000e+03
9.084920051794982410e-01 1.178792114257812500e+03
9.119267575620293442e-01 1.183842651367187500e+03
9.153615099445606695e-01 1.192206542968750000e+03
9.187962623270917728e-01 1.181508666992187500e+03
9.222310147096228761e-01 1.172812500000000000e+03
9.256657670921540904e-01 1.176361450195312500e+03
9.291005194746851936e-01 1.208307861328125000e+03
9.325352718572165189e-01 1.228746215820312500e+03
9.359700242397476222e-01 1.225376098632812500e+03
9.394047766222789475e-01 1.210067138671875000e+03
9.428395290048100508e-01 1.200265747070312500e+03
9.462742813873412651e-01 1.208738891601562500e+03
9.497090337698723683e-01 1.217018432617187500e+03
9.531437861524036936e-01 1.201007812500000000e+03
9.565785385349347969e-01 1.205113281250000000e+03
9.600132909174659002e-01 1.215020263671875000e+03
9.634480432999971145e-01 1.195312622070312500e+03
9.668827956825282177e-01 1.197758300781250000e+03
9.703175480650595430e-01 1.215843139648437500e+03
9.737523004475906463e-01 1.235062255859375000e+03
9.771870528301219716e-01 1.235169677734375000e+03
9.806218052126530749e-01 1.237492919921875000e+03
9.840565575951842892e-01 1.230635620117187500e+03
9.874913099777153924e-01 1.223790649414062500e+03
9.909260623602464957e-01 1.225606445312500000e+03
9.943608147427778210e-01 1.232303222656250000e+03
9.977955671253089243e-01 1.236597900390625000e+03
1.001230319507840250e+00 1.223520141601562500e+03
1.004665071890371353e+00 1.226775878906250000e+03
1.008099824272902678e+00 1.237235473632812500e+03
1.011534576655433781e+00 1.232677368164062500e+03
1.014969329037964885e+00 1.229913085937500000e+03
1.018404081420495988e+00 1.218841552734375000e+03
1.021838833803027313e+00 1.223919189453125000e+03
1.025273586185558417e+00 1.252692138671875000e+03
1.028708338568089520e+00 1.264453735351562500e+03
1.032143090950620845e+00 1.239768676757812500e+03
1.035577843333151948e+00 1.219863037109375000e+03
1.039012595715683274e+00 1.225868774414062500e+03
1.042447348098214377e+00 1.228697875976562500e+03
1.045882100480745702e+00 1.220437988281250000e+03
1.049316852863276806e+00 1.220928833007812500e+03
1.052751605245807909e+00 1.245587036132812500e+03
1.056186357628339012e+00 1.234956420898437500e+03
1.059621110010870337e+00 1.234231323242187500e+03
1.063055862393401441e+00 1.245070068359375000e+03
1.066490614775932544e+00 1.242447998046875000e+03
1.069925367158463869e+00 1.235387695312500000e+03
1.073360119540994972e+00 1.251175903320312500e+03
1.076794871923526298e+00 1.250619995117187500e+03
1.080229624306057401e+00 1.248691528320312500e+03
1.083664376688588726e+00 1.244961425781250000e+03
1.087099129071119830e+00 1.236531982421875000e+03
1.090533881453650933e+00 1.234998046875000000e+03
1.093968633836182036e+00 1.250536987304687500e+03
1.097403386218713361e+00 1.248506469726562500e+03
1.100838138601244465e+00 1.252181762695312500e+03
1.104272890983775568e+00 1.266917968750000000e+03
1.107707643366306893e+00 1.278716552734375000e+03
1.111142395748837997e+00 1.298809448242187500e+03
1.114577148131369322e+00 1.298802246093750000e+03
1.118011900513900425e+00 1.303916503906250000e+03
1.121446652896431750e+00 1.292961669921875000e+03
1.124881405278962854e+00 1.270536865234375000e+03
1.128316157661493957e+00 1.272071655273437500e+03
1.131750910044025060e+00 1.269172363281250000e+03
1.135185662426556386e+00 1.263810668945312500e+03
1.138620414809087489e+00 1.266932006835937500e+03
1.142055167191618592e+00 1.261739868164062500e+03
1.145489919574149917e+00 1.255983642578125000e+03
1.148924671956681021e+00 1.255263305664062500e+03
1.152359424339212346e+00 1.279018798828125000e+03
1.155794176721743449e+00 1.286703857421875000e+03
1.159228929104274775e+00 1.297270874023437500e+03
1.162663681486805878e+00 1.298720458984375000e+03
1.166098433869336981e+00 1.305432373046875000e+03
1.169533186251868084e+00 1.318306152343750000e+03
1.172967938634399410e+00 1.330608886718750000e+03
1.176402691016930513e+00 1.332874877929687500e+03
1.179837443399461616e+00 1.321021118164062500e+03
1.183272195781992941e+00 1.324652954101562500e+03
1.186706948164524045e+00 1.328598510742187500e+03
1.190141700547055370e+00 1.329616455078125000e+03
1.193576452929586473e+00 1.308917358398437500e+03
1.197011205312117799e+00 1.317883789062500000e+03
1.200445957694648902e+00 1.339454345703125000e+03
1.203880710077180005e+00 1.343760498046875000e+03
1.207315462459711108e+00 1.338472290039062500e+03
1.210750214842242434e+00 1.335477783203125000e+03
1.214184967224773537e+00 1.342040649414062500e+03
1.217619719607304640e+00 1.341521240234375000e+03
1.221054471989835966e+00 1.341591552734375000e+03
1.224489224372367069e+00 1.333063476562500000e+03
1.227923976754898394e+00 1.322168823242187500e+03
1.231358729137429497e+00 1.319967773437500000e+03
1.234793481519960823e+00 1.329936889648437500e+03
1.238228233902491926e+00 1.342730102539062500e+03
1.241662986285023029e+00 1.342773925781250000e+03
1.245097738667554133e+00 1.350833496093750000e+03
1.248532491050085236e+00 1.360226440429687500e+03
1.251967243432616561e+00 1.362856323242187500e+03
1.255401995815147664e+00 1.356327148437500000e+03
1.258836748197678990e+00 1.365716186523437500e+03
1.262271500580210093e+00 1.378882202148437500e+03
1.265706252962741418e+00 1.377994140625000000e+03
1.269141005345272522e+00 1.384269042968750000e+03
1.272575757727803847e+00 1.396375732421875000e+03
1.276010510110334950e+00 1.405326538085937500e+03
1.279445262492866053e+00 1.411417114257812500e+03
1.282880014875397157e+00 1.413875854492187500e+03
1.286314767257928260e+00 1.412847656250000000e+03
1.289749519640459585e+00 1.400196899414062500e+03
1.293184272022990688e+00 1.393351928710937500e+03
1.296619024405522014e+00 1.390465332031250000e+03
1.300053776788053117e+00 1.391972290039062500e+03
1.303488529170584442e+00 1.404466186523437500e+03
1.306923281553115546e+00 1.399501831054687500e+03
1.310358033935646871e+00 1.417644653320312500e+03
1.313792786318177974e+00 1.426324584960937500e+03
1.317227538700709077e+00 1.410057739257812500e+03
1.320662291083240181e+00 1.420306884765625000e+03
1.324097043465771284e+00 1.443944702148437500e+03
1.327531795848302609e+00 1.454199462890625000e+03
1.330966548230833713e+00 1.478919433593750000e+03
1.334401300613365038e+00 1.511157226562500000e+03
1.337836052995896141e+00 1.536597290039062500e+03
1.341270805378427466e+00 1.566853027343750000e+03
1.344705557760958570e+00 1.579889038085937500e+03
1.348140310143489895e+00 1.579614868164062500e+03
1.351575062526020998e+00 1.570024169921875000e+03
1.355009814908552102e+00 1.540797485351562500e+03
1.358444567291083205e+00 1.520307128906250000e+03
1.361879319673614308e+00 1.480331909179687500e+03
1.365314072056145633e+00 1.465896240234375000e+03
1.368748824438676737e+00 1.440936767578125000e+03
1.372183576821208062e+00 1.423466186523437500e+03
1.375618329203739165e+00 1.436437744140625000e+03
1.379053081586270491e+00 1.450895385742187500e+03
1.382487833968801594e+00 1.450891479492187500e+03
1.385922586351332919e+00 1.437644287109375000e+03
1.389357338733864022e+00 1.451125488281250000e+03
1.392792091116395126e+00 1.468311401367187500e+03
1.396226843498926229e+00 1.466780517578125000e+03
1.399661595881457332e+00 1.460975585937500000e+03
1.403096348263988657e+00 1.453473388671875000e+03
1.406531100646519761e+00 1.459217041015625000e+03
1.409965853029051086e+00 1.461689819335937500e+03
1.413400605411582189e+00 1.457144531250000000e+03
1.416835357794113515e+00 1.470195190429687500e+03
1.420270110176644618e+00 1.478980468750000000e+03
1.423704862559175943e+00 1.477555297851562500e+03
1.427139614941707046e+00 1.475523315429687500e+03
1.430574367324238150e+00 1.473053833007812500e+03
1.434009119706769253e+00 1.474994384765625000e+03
1.437443872089300356e+00 1.484889770507812500e+03
1.440878624471831682e+00 1.485804687500000000e+03
1.444313376854362785e+00 1.490541137695312500e+03
1.447748129236894110e+00 1.510927856445312500e+03
1.451182881619425213e+00 1.513414428710937500e+03
1.454617634001956539e+00 1.509128173828125000e+03
1.458052386384487642e+00 1.503811889648437500e+03
1.461487138767018967e+00 1.493485595703125000e+03
1.464921891149550071e+00 1.487198364257812500e+03
1.468356643532081174e+00 1.493471923828125000e+03
1.471791395914612277e+00 1.500997436523437500e+03
1.475226148297143380e+00 1.501113647460937500e+03
1.478660900679674706e+00 1.507872314453125000e+03
1.482095653062205809e+00 1.503991821289062500e+03
1.485530405444737134e+00 1.500207275390625000e+03
1.488965157827268238e+00 1.492968505859375000e+03
1.492399910209799563e+00 1.493453369140625000e+03
1.495834662592330666e+00 1.498592407226562500e+03
1.499269414974861991e+00 1.504959106445312500e+03
1.502704167357393095e+00 1.513641967773437500e+03
1.506138919739924198e+00 1.517552612304687500e+03
1.509573672122455301e+00 1.516805664062500000e+03
1.513008424504986404e+00 1.510949340820312500e+03
1.516443176887517730e+00 1.523565429687500000e+03
1.519877929270048833e+00 1.533001953125000000e+03
1.523312681652580158e+00 1.539093261718750000e+03
1.526747434035111262e+00 1.537514770507812500e+03
1.530182186417642587e+00 1.529724487304687500e+03
1.533616938800173690e+00 1.519119262695312500e+03
1.537051691182705015e+00 1.514725097656250000e+03
1.540486443565236119e+00 1.518884765625000000e+03
1.543921195947767222e+00 1.511347290039062500e+03
1.547355948330298325e+00 1.518724121093750000e+03
1.550790700712829429e+00 1.523353637695312500e+03
1.554225453095360754e+00 1.527091186523437500e+03
1.557660205477891857e+00 1.532699218750000000e+03
1.561094957860423182e+00 1.547508666992187500e+03
1.564529710242954286e+00 1.546559448242187500e+03
1.567964462625485611e+00 1.538336425781250000e+03
1.571399215008016714e+00 1.537577514648437500e+03
1.574833967390548040e+00 1.538895874023437500e+03
1.578268719773079143e+00 1.553202270507812500e+03
1.581703472155610246e+00 1.563437377929687500e+03
1.585138224538141349e+00 1.574849243164062500e+03
1.588572976920672453e+00 1.569247436523437500e+03
1.592007729303203778e+00 1.561191284179687500e+03
1.595442481685734881e+00 1.558651123046875000e+03
1.598877234068266207e+00 1.553657592773437500e+03
1.602311986450797310e+00 1.563011474609375000e+03
1.605746738833328635e+00 1.580628295898437500e+03
1.609181491215859738e+00 1.596509765625000000e+03
1.612616243598391064e+00 1.643077270507812500e+03
1.616050995980922167e+00 1.678555786132812500e+03
1.619485748363453270e+00 1.735566162109375000e+03
1.622920500745984373e+00 1.789969726562500000e+03
1.626355253128515477e+00 1.828653930664062500e+03
1.629790005511046802e+00 1.842522216796875000e+03
1.633224757893577905e+00 1.816200073242187500e+03
1.636659510276109231e+00 1.782569091796875000e+03
1.640094262658640334e+00 1.717724853515625000e+03
1.643529015041171659e+00 1.671436157226562500e+03
1.646963767423702762e+00 1.633405639648437500e+03
1.650398519806234088e+00 1.602232421875000000e+03
1.653833272188765191e+00 1.600452758789062500e+03
1.657268024571296294e+00 1.599320068359375000e+03
1.660702776953827398e+00 1.599250366210937500e+03
1.664137529336358501e+00 1.592460693359375000e+03
1.667572281718889826e+00 1.584249023437500000e+03
1.671007034101420929e+00 1.563864013671875000e+03
1.674441786483952255e+00 1.570709716796875000e+03
1.677876538866483358e+00 1.595432617187500000e+03
1.681311291249014683e+00 1.592299194335937500e+03
1.684746043631545787e+00 1.560804199218750000e+03
1.688180796014076890e+00 1.561770629882812500e+03
1.691615548396608215e+00 1.570561035156250000e+03
1.695050300779139318e+00 1.572828002929687500e+03
1.698485053161670422e+00 1.575533691406250000e+03
1.701919805544201525e+00 1.565120239257812500e+03
1.705354557926732850e+00 1.558879028320312500e+03
1.708789310309263954e+00 1.551424072265625000e+03
1.712224062691795279e+00 1.554465942382812500e+03
1.715658815074326382e+00 1.559289184570312500e+03
1.719093567456857707e+00 1.567830932617187500e+03
1.722528319839388811e+00 1.564667968750000000e+03
1.725963072221919914e+00 1.549978881835937500e+03
1.729397824604451239e+00 1.551817993164062500e+03
1.732832576986982343e+00 1.549340942382812500e+03
1.736267329369513446e+00 1.537270141601562500e+03
1.739702081752044549e+00 1.530668212890625000e+03
1.743136834134575874e+00 1.538131713867187500e+03
1.746571586517106978e+00 1.536096313476562500e+03
1.750006338899638303e+00 1.537299560546875000e+03
1.753441091282169406e+00 1.521992797851562500e+03
1.756875843664700731e+00 1.516601562500000000e+03
1.760310596047231835e+00 1.514346313476562500e+03
1.763745348429762938e+00 1.523238037109375000e+03
1.767180100812294263e+00 1.534281250000000000e+03
1.770614853194825367e+00 1.554571777343750000e+03
1.774049605577356470e+00 1.563337402343750000e+03
1.777484357959887573e+00 1.578572631835937500e+03
1.780919110342418898e+00 1.571505126953125000e+03
1.784353862724950002e+00 1.544106689453125000e+03
1.787788615107481327e+00 1.522080932617187500e+03
1.791223367490012208e+00 1.500511352539062500e+03
1.794658119872543534e+00 1.497064697265625000e+03
1.798092872255074859e+00 1.487563232421875000e+03
1.801527624637606184e+00 1.477333374023437500e+03
1.804962377020137065e+00 1.475983154296875000e+03
1.808397129402668391e+00 1.458840209960937500e+03
1.811831881785199494e+00 1.440071533203125000e+03
1.815266634167730819e+00 1.423594360351562500e+03
1.818701386550261700e+00 1.418612060546875000e+03
1.822136138932793026e+00 1.414187500000000000e+03
1.825570891315324351e+00 1.408394042968750000e+03
1.829005643697855676e+00 1.406459228515625000e+03
1.832440396080386558e+00 1.410028564453125000e+03
1.835875148462917883e+00 1.403019042968750000e+03
1.839309900845449208e+00 1.398507812500000000e+03
1.842744653227980089e+00 1.401133789062500000e+03
1.846179405610511415e+00 1.400721679687500000e+03
1.849614157993042740e+00 1.389988647460937500e+03
1.853048910375573843e+00 1.389780883789062500e+03
1.856483662758104725e+00 1.382481567382812500e+03
1.859918415140636050e+00 1.372222167968750000e+03
1.863353167523167375e+00 1.362999267578125000e+03
1.866787919905698701e+00 1.360568481445312500e+03
1.870222672288229582e+00 1.369990478515625000e+03
1.873657424670760907e+00 1.364928710937500000e+03
1.877092177053292232e+00 1.356856323242187500e+03
1.880526929435823114e+00 1.355824096679687500e+03
1.883961681818354439e+00 1.352410034179687500e+03
1.887396434200885764e+00 1.347383178710937500e+03
1.890831186583416867e+00 1.341899780273437500e+03
1.894265938965947749e+00 1.318411865234375000e+03
1.897700691348479074e+00 1.300253540039062500e+03
1.901135443731010399e+00 1.291597290039062500e+03
1.904570196113541725e+00 1.284193237304687500e+03
1.908004948496072606e+00 1.284006225585937500e+03
1.911439700878603931e+00 1.271244506835937500e+03
1.914874453261135256e+00 1.269098144531250000e+03
1.918309205643666138e+00 1.268761230468750000e+03
1.921743958026197463e+00 1.269316528320312500e+03
1.925178710408728788e+00 1.268534545898437500e+03
1.928613462791259892e+00 1.263354614257812500e+03
1.932048215173790773e+00 1.256568725585937500e+03
1.935482967556322098e+00 1.255136352539062500e+03
1.938917719938853423e+00 1.244815795898437500e+03
1.942352472321384749e+00 1.241308105468750000e+03
1.945787224703915630e+00 1.254126220703125000e+03
1.949221977086446955e+00 1.257932983398437500e+03
1.952656729468978281e+00 1.253952392578125000e+03
1.956091481851509162e+00 1.239690795898437500e+03
1.959526234234040487e+00 1.222791381835937500e+03
1.962960986616571812e+00 1.218886230468750000e+03
1.966395738999102916e+00 1.225576293945312500e+03
1.969830491381633797e+00 1.221251831054687500e+03
1.973265243764165122e+00 1.217885375976562500e+03
1.976699996146696447e+00 1.226781372070312500e+03
1.980134748529227329e+00 1.243921630859375000e+03
1.983569500911758654e+00 1.274201904296875000e+03
1.987004253294289979e+00 1.321301513671875000e+03
1.990439005676821305e+00 1.388873291015625000e+03
1.993873758059352186e+00 1.479740844726562500e+03
1.997308510441883511e+00 1.520104614257812500e+03
2.000743262824414614e+00 1.540050659179687500e+03
2.004178015206945940e+00 1.528662963867187500e+03
2.007612767589476821e+00 1.463195678710937500e+03
2.011047519972008146e+00 1.392012939453125000e+03
2.014482272354539472e+00 1.289386718750000000e+03
2.017917024737070353e+00 1.236721679687500000e+03
2.021351777119601678e+00 1.189816040039062500e+03
2.024786529502133003e+00 1.158416137695312500e+03
2.028221281884664329e+00 1.140221801757812500e+03
2.031656034267195210e+00 1.138003295898437500e+03
2.035090786649726535e+00 1.151759521484375000e+03
2.038525539032257861e+00 1.149759399414062500e+03
2.041960291414789186e+00 1.133052368164062500e+03
2.045395043797320067e+00 1.122612792968750000e+03
2.048829796179851392e+00 1.124609497070312500e+03
2.052264548562382718e+00 1.117088867187500000e+03
2.055699300944913599e+00 1.103870483398437500e+03
2.059134053327444924e+00 1.080593017578125000e+03
2.062568805709975805e+00 1.070150756835937500e+03
2.066003558092507131e+00 1.071779663085937500e+03
2.069438310475038012e+00 1.075654174804687500e+03
2.072873062857569337e+00 1.080060424804687500e+03
2.076307815240100663e+00 1.090878173828125000e+03
2.079742567622631988e+00 1.090753417968750000e+03
2.083177320005162869e+00 1.074798095703125000e+03
2.086612072387694194e+00 1.064765014648437500e+03
2.090046824770225520e+00 1.068500732421875000e+03
2.093481577152756401e+00 1.061763183593750000e+03
2.096916329535287726e+00 1.049576293945312500e+03
2.100351081917819052e+00 1.042435302734375000e+03
2.103785834300350377e+00 1.060698852539062500e+03
2.107220586682881258e+00 1.056942504882812500e+03
2.110655339065412583e+00 1.049084960937500000e+03
2.114090091447943909e+00 1.047983764648437500e+03
2.117524843830475234e+00 1.043014038085937500e+03
2.120959596213006115e+00 1.046071899414062500e+03
2.124394348595537441e+00 1.047152587890625000e+03
2.127829100978068766e+00 1.039348266601562500e+03
2.131263853360599647e+00 1.038891113281250000e+03
2.134698605743130972e+00 1.043576782226562500e+03
2.138133358125661854e+00 1.033998291015625000e+03
2.141568110508193179e+00 1.035035888671875000e+03
2.145002862890724060e+00 1.038910400390625000e+03
2.148437615273255386e+00 1.031351684570312500e+03
2.151872367655786711e+00 1.023386840820312500e+03
2.155307120038318036e+00 1.018783264160156250e+03
2.158741872420848917e+00 1.011318237304687500e+03
2.162176624803380243e+00 1.008515686035156250e+03
2.165611377185911568e+00 9.983613281250000000e+02
2.169046129568442449e+00 9.891026000976562500e+02
2.172480881950973775e+00 9.903124389648437500e+02
2.175915634333505100e+00 9.830163574218750000e+02
2.179350386716036425e+00 9.682303466796875000e+02
2.182785139098567306e+00 9.767067260742187500e+02
2.186219891481098632e+00 9.888027954101562500e+02
2.189654643863629957e+00 9.862029418945312500e+02
2.193089396246161282e+00 9.817513427734375000e+02
2.196524148628692163e+00 9.786057739257812500e+02
2.199958901011223489e+00 9.861261596679687500e+02
2.203393653393754814e+00 9.909246826171875000e+02
2.206828405776285695e+00 9.811427001953125000e+02
2.210263158158817021e+00 9.615535888671875000e+02
2.213697910541347902e+00 9.705828247070312500e+02
2.217132662923879227e+00 9.672565307617187500e+02
2.220567415306410108e+00 9.570827026367187500e+02
2.224002167688941434e+00 9.578511352539062500e+02
2.227436920071472759e+00 9.649351806640625000e+02
2.230871672454004084e+00 9.602493896484375000e+02
2.234306424836534966e+00 9.672714233398437500e+02
2.237741177219066291e+00 9.694990234375000000e+02
2.241175929601597616e+00 9.575208129882812500e+02
2.244610681984128497e+00 9.439364013671875000e+02
2.248045434366659823e+00 9.341111450195312500e+02
2.251480186749191148e+00 9.288679809570312500e+02
2.254914939131722473e+00 9.343075561523437500e+02
2.258349691514253355e+00 9.371604614257812500e+02
2.261784443896784680e+00 9.351278686523437500e+02
2.265219196279316005e+00 9.206988525390625000e+02
2.268653948661847330e+00 9.157490844726562500e+02
2.272088701044378212e+00 9.211937255859375000e+02
2.275523453426909537e+00 9.179882202148437500e+02
2.278958205809440862e+00 9.120483398437500000e+02
2.282392958191971744e+00 9.133297119140625000e+02
2.285827710574503069e+00 9.208862304687500000e+02
2.289262462957033950e+00 9.212802124023437500e+02
2.292697215339565275e+00 9.131262207031250000e+02
2.296131967722096157e+00 9.235917968750000000e+02
2.299566720104627482e+00 9.431744995117187500e+02
2.303001472487158807e+00 9.686742553710937500e+02
2.306436224869690133e+00 1.031268920898437500e+03
2.309870977252221014e+00 1.110317749023437500e+03
2.313305729634752339e+00 1.178357543945312500e+03
2.316740482017283664e+00 1.235896240234375000e+03
2.320175234399814546e+00 1.244454711914062500e+03
2.323609986782345871e+00 1.202386352539062500e+03
2.327044739164877196e+00 1.150846313476562500e+03
2.330479491547408522e+00 1.079457519531250000e+03
2.333914243929939403e+00 1.028692993164062500e+03
2.337348996312470728e+00 9.610362548828125000e+02
2.340783748695002053e+00 9.163540649414062500e+02
2.344218501077533379e+00 8.933136596679687500e+02
2.347653253460064260e+00 8.866500244140625000e+02
2.351088005842595585e+00 8.803657226562500000e+02
2.354522758225126911e+00 8.833369750976562500e+02
2.357957510607657792e+00 8.856982421875000000e+02
2.361392262990189117e+00 8.791801147460937500e+02
2.364827015372720442e+00 8.674276733398437500e+02
2.368261767755251324e+00 8.591777343750000000e+02
2.371696520137782205e+00 8.617086791992187500e+02
2.375131272520313530e+00 8.621337890625000000e+02
2.378566024902844855e+00 8.727293701171875000e+02
2.382000777285376181e+00 8.833576660156250000e+02
2.385435529667907062e+00 8.751831054687500000e+02
2.388870282050438387e+00 8.625204467773437500e+02
2.392305034432969713e+00 8.618497314453125000e+02
2.395739786815500594e+00 8.560972900390625000e+02
2.399174539198031919e+00 8.501231689453125000e+02
2.402609291580563244e+00 8.530509033203125000e+02
2.406044043963094570e+00 8.562803344726562500e+02
2.409478796345625451e+00 8.479007568359375000e+02
2.412913548728156776e+00 8.498141479492187500e+02
2.416348301110688102e+00 8.501166992187500000e+02
2.419783053493219427e+00 8.497879028320312500e+02
2.423217805875750308e+00 8.469883422851562500e+02
2.426652558258281633e+00 8.426084594726562500e+02
2.430087310640812959e+00 8.450936279296875000e+02
2.433522063023343840e+00 8.457542114257812500e+02
2.436956815405875165e+00 8.398995361328125000e+02
2.440391567788406491e+00 8.279063720703125000e+02
2.443826320170937372e+00 8.200306396484375000e+02
2.447261072553468253e+00 8.263372192382812500e+02
2.450695824935999578e+00 8.209370727539062500e+02
2.454130577318530904e+00 8.088917236328125000e+02
2.457565329701061785e+00 8.007859497070312500e+02
2.461000082083593110e+00 7.962911376953125000e+02
2.464434834466124435e+00 8.093114624023437500e+02
2.467869586848655761e+00 8.290858764648437500e+02
2.471304339231186642e+00 8.361186523437500000e+02
2.474739091613717967e+00 8.285167236328125000e+02
2.478173843996249293e+00 8.297186279296875000e+02
2.481608596378780618e+00 8.293624877929687500e+02
2.485043348761311499e+00 8.286240844726562500e+02
2.488478101143842824e+00 8.243416137695312500e+02
2.491912853526374150e+00 8.286292724609375000e+02
2.495347605908905031e+00 8.494512329101562500e+02
2.498782358291436356e+00 8.669891967773437500e+02
2.502217110673967682e+00 8.914974365234375000e+02
2.505651863056499007e+00 9.113261108398437500e+02
2.509086615439029888e+00 9.222242431640625000e+02
2.512521367821561213e+00 9.233380737304687500e+02
2.515956120204092539e+00 9.189621582031250000e+02
2.519390872586623420e+00 9.061921997070312500e+02
2.522825624969154301e+00 8.717029418945312500e+02
2.526260377351685626e+00 8.441345214843750000e+02
2.529695129734216952e+00 8.111011352539062500e+02
2.533129882116747833e+00 8.000590820312500000e+02
2.536564634499279158e+00 7.951847534179687500e+02
2.539999386881810484e+00 8.030247192382812500e+02
2.543434139264341809e+00 7.978024902343750000e+02
2.546868891646872690e+00 7.867319335937500000e+02
2.550303644029404015e+00 7.920760498046875000e+02
2.553738396411935341e+00 8.002658081054687500e+02
2.557173148794466666e+00 7.948713378906250000e+02
2.560607901176997547e+00 7.890611572265625000e+02
2.564042653559528873e+00 7.871803588867187500e+02
2.567477405942060198e+00 7.905119628906250000e+02
2.570912158324591079e+00 7.872873535156250000e+02
2.574346910707122404e+00 7.754313354492187500e+02
2.577781663089653730e+00 7.702285766601562500e+02
2.581216415472185055e+00 7.810559082031250000e+02
2.584651167854715936e+00 7.871538085937500000e+02
2.588085920237247262e+00 7.865609741210937500e+02
2.591520672619778587e+00 7.871060791015625000e+02
2.594955425002309468e+00 7.794036254882812500e+02
2.598390177384840349e+00 7.761643676757812500e+02
2.601824929767371675e+00 7.613897094726562500e+02
2.605259682149903000e+00 7.517048950195312500e+02
2.608694434532433881e+00 7.591678466796875000e+02
2.612129186914965207e+00 7.604907836914062500e+02
2.615563939297496532e+00 7.686378173828125000e+02
2.618998691680027857e+00 7.664396972656250000e+02
2.622433444062558738e+00 7.677343750000000000e+02
2.625868196445090064e+00 7.635527343750000000e+02
2.629302948827621389e+00 7.589095458984375000e+02
2.632737701210152714e+00 7.587346191406250000e+02
2.636172453592683596e+00 7.557399902343750000e+02
2.639607205975214921e+00 7.490681762695312500e+02
2.643041958357746246e+00 7.480282592773437500e+02
2.646476710740277127e+00 7.409604492187500000e+02
2.649911463122808453e+00 7.362634277343750000e+02
2.653346215505339778e+00 7.325513916015625000e+02
2.656780967887871103e+00 7.355980224609375000e+02
2.660215720270401984e+00 7.371616210937500000e+02
2.663650472652933310e+00 7.388445434570312500e+02
2.667085225035464635e+00 7.445390014648437500e+02
2.670519977417995516e+00 7.457721557617187500e+02
2.673954729800526398e+00 7.464025268554687500e+02
2.677389482183057723e+00 7.505632934570312500e+02
2.680824234565589048e+00 7.525064697265625000e+02
2.684258986948119929e+00 7.531355590820312500e+02
2.687693739330651255e+00 7.499840087890625000e+02
2.691128491713182580e+00 7.349350585937500000e+02
2.694563244095713905e+00 7.277756958007812500e+02
2.697997996478244787e+00 7.376275634765625000e+02
2.701432748860776112e+00 7.395101318359375000e+02
2.704867501243307437e+00 7.349475097656250000e+02
2.708302253625838762e+00 7.372939453125000000e+02
2.711737006008369644e+00 7.395122070312500000e+02
2.715171758390900969e+00 7.330841674804687500e+02
2.718606510773432294e+00 7.249656982421875000e+02
2.722041263155963176e+00 7.193245849609375000e+02
2.725476015538494501e+00 7.288005981445312500e+02
2.728910767921025826e+00 7.337052001953125000e+02
2.732345520303557151e+00 7.392495727539062500e+02
2.735780272686088033e+00 7.364291992187500000e+02
2.739215025068619358e+00 7.293342895507812500e+02
2.742649777451150683e+00 7.352913208007812500e+02
2.746084529833681565e+00 7.537774047851562500e+02
2.749519282216212890e+00 7.888782348632812500e+02
2.752954034598743771e+00 8.741643676757812500e+02
2.756388786981275096e+00 9.545838012695312500e+02
2.759823539363805978e+00 1.067342041015625000e+03
2.763258291746337303e+00 1.135098999023437500e+03
2.766693044128868628e+00 1.165720092773437500e+03
2.770127796511399954e+00 1.143633544921875000e+03
2.773562548893930835e+00 1.073370849609375000e+03
2.776997301276462160e+00 9.893026733398437500e+02
2.780432053658993485e+00 8.875167846679687500e+02
2.783866806041524811e+00 8.098599853515625000e+02
2.787301558424055692e+00 7.601469116210937500e+02
2.790736310806587017e+00 7.361190185546875000e+02
2.794171063189118343e+00 7.301470336914062500e+02
2.797605815571649224e+00 7.229428710937500000e+02
2.801040567954180549e+00 7.038389892578125000e+02
2.804475320336711874e+00 6.938601074218750000e+02
2.807910072719243200e+00 7.044848022460937500e+02
2.811344825101774081e+00 7.184554443359375000e+02
2.814779577484305406e+00 7.217873535156250000e+02
2.818214329866836731e+00 7.189921264648437500e+02
2.821649082249367613e+00 7.315769042968750000e+02
2.825083834631898938e+00 7.564490966796875000e+02
2.828518587014429819e+00 7.787196655273437500e+02
2.831953339396961145e+00 8.175150146484375000e+02
2.835388091779492026e+00 8.353497314453125000e+02
2.838822844162023351e+00 8.269965209960937500e+02
2.842257596544554676e+00 8.089443969726562500e+02
2.845692348927086002e+00 7.706339721679687500e+02
2.849127101309616883e+00 7.466234741210937500e+02
2.852561853692148208e+00 7.231138305664062500e+02
2.855996606074679534e+00 7.081978149414062500e+02
2.859431358457210415e+00 6.878080444335937500e+02
2.862866110839741740e+00 6.810241088867187500e+02
2.866300863222273065e+00 6.740955200195312500e+02
2.869735615604804391e+00 6.744120483398437500e+02
2.873170367987335272e+00 6.742940673828125000e+02
2.876605120369866597e+00 6.774705810546875000e+02
2.880039872752397923e+00 6.786246948242187500e+02
2.883474625134929248e+00 6.820792846679687500e+02
2.886909377517460129e+00 6.812483520507812500e+02
2.890344129899991454e+00 6.751951293945312500e+02
2.893778882282522780e+00 6.773380126953125000e+02
2.897213634665053661e+00 6.788721313476562500e+02
2.900648387047584986e+00 6.729595947265625000e+02
2.904083139430115867e+00 6.646820678710937500e+02
2.907517891812647193e+00 6.664298095703125000e+02
2.910952644195178074e+00 6.689754638671875000e+02
2.914387396577709399e+00 6.742128906250000000e+02
2.917822148960240725e+00 6.879166870117187500e+02
2.921256901342772050e+00 6.922517700195312500e+02
2.924691653725302931e+00 6.961454467773437500e+02
2.928126406107834256e+00 7.058408813476562500e+02
2.931561158490365582e+00 7.326867065429687500e+02
2.934995910872896463e+00 7.471211547851562500e+02
2.938430663255427788e+00 7.663106689453125000e+02
2.941865415637959114e+00 7.712678833007812500e+02
2.945300168020490439e+00 7.533067626953125000e+02
2.948734920403021320e+00 7.363462524414062500e+02
2.952169672785552645e+00 7.218632812500000000e+02
2.955604425168083971e+00 7.062094116210937500e+02
2.959039177550615296e+00 7.174996948242187500e+02
2.962473929933146177e+00 7.491782836914062500e+02
2.965908682315677503e+00 8.178820800781250000e+02
2.969343434698208828e+00 9.286890869140625000e+02
2.972778187080739709e+00 1.058408081054687500e+03
2.976212939463271034e+00 1.202475830078125000e+03
2.979647691845801916e+00 1.266386230468750000e+03
2.983082444228333241e+00 1.279774902343750000e+03
2.986517196610864122e+00 1.211732910156250000e+03
2.989951948993395447e+00 1.072802124023437500e+03
2.993386701375926773e+00 9.543488769531250000e+02
2.996821453758458098e+00 8.110169067382812500e+02
3.000256206140988979e+00 7.441764526367187500e+02
3.003690958523520305e+00 6.906507568359375000e+02
3.007125710906051630e+00 6.663120117187500000e+02
3.010560463288582511e+00 6.509405517578125000e+02
3.013995215671113836e+00 6.486033325195312500e+02
3.017429968053645162e+00 6.408327026367187500e+02
3.020864720436176487e+00 6.409976806640625000e+02
3.024299472818707368e+00 6.482479858398437500e+02
3.027734225201238694e+00 6.478639526367187500e+02
3.031168977583770019e+00 6.485820312500000000e+02
3.034603729966301344e+00 6.540775146484375000e+02
3.038038482348832225e+00 6.739011230468750000e+02
3.041473234731363551e+00 6.911672973632812500e+02
3.044907987113894876e+00 6.938244628906250000e+02
3.048342739496425757e+00 6.957813720703125000e+02
3.051777491878957083e+00 6.926253662109375000e+02
3.055212244261487964e+00 6.984196166992187500e+02
3.058646996644019289e+00 7.012099609375000000e+02
3.062081749026550170e+00 7.015477294921875000e+02
3.065516501409081496e+00 7.039578247070312500e+02
3.068951253791612821e+00 7.150321655273437500e+02
3.072386006174144146e+00 7.290178833007812500e+02
3.075820758556675028e+00 7.386907348632812500e+02
3.079255510939206353e+00 7.299086303710937500e+02
3.082690263321737678e+00 7.243993530273437500e+02
3.086125015704268559e+00 7.174166259765625000e+02
3.089559768086799885e+00 6.960655517578125000e+02
3.092994520469331210e+00 6.735905151367187500e+02
3.096429272851862535e+00 6.519826660156250000e+02
3.099864025234393416e+00 6.318740234375000000e+02
3.103298777616924742e+00 6.171758422851562500e+02
3.106733529999456067e+00 6.143148193359375000e+02
3.110168282381987392e+00 6.102297973632812500e+02
3.113603034764518274e+00 6.126679687500000000e+02
3.117037787147049599e+00 6.040805053710937500e+02
3.120472539529580924e+00 6.102718505859375000e+02
3.123907291912111805e+00 6.138372802734375000e+02
3.127342044294643131e+00 6.119365234375000000e+02
3.130776796677174012e+00 6.102910766601562500e+02
3.134211549059705337e+00 6.117805175781250000e+02
3.137646301442236219e+00 5.992445678710937500e+02
3.141081053824767544e+00 5.855126342773437500e+02
3.144515806207298869e+00 5.903165893554687500e+02
3.147950558589830194e+00 6.072242431640625000e+02
3.151385310972361076e+00 6.102518310546875000e+02
3.154820063354892401e+00 6.060458374023437500e+02
3.158254815737423726e+00 6.021831665039062500e+02
3.161689568119954608e+00 5.978002929687500000e+02
3.165124320502485933e+00 5.938790283203125000e+02
3.168559072885017258e+00 5.878358764648437500e+02
3.171993825267548583e+00 5.948909301757812500e+02
3.175428577650079465e+00 6.049669189453125000e+02
3.178863330032610790e+00 6.060051879882812500e+02
3.182298082415142115e+00 6.016801757812500000e+02
3.185732834797673441e+00 6.034573364257812500e+02
3.189167587180204322e+00 6.056063842773437500e+02
3.192602339562735647e+00 6.011779785156250000e+02
3.196037091945266972e+00 6.045426635742187500e+02
3.199471844327797854e+00 6.015035400390625000e+02
3.202906596710329179e+00 5.970209960937500000e+02
3.206341349092860060e+00 5.914234008789062500e+02
3.209776101475391386e+00 5.906571655273437500e+02
3.213210853857922267e+00 5.896027221679687500e+02
3.216645606240453592e+00 5.935167846679687500e+02
3.220080358622984917e+00 5.966602172851562500e+02
3.223515111005516243e+00 5.885825805664062500e+02
3.226949863388047124e+00 5.785279541015625000e+02
3.230384615770578449e+00 5.878912963867187500e+02
3.233819368153109775e+00 5.953060913085937500e+02
3.237254120535640656e+00 5.997484130859375000e+02
3.240688872918171981e+00 6.039824218750000000e+02
3.244123625300703306e+00 6.022764892578125000e+02
3.247558377683234632e+00 6.011726684570312500e+02
3.250993130065765513e+00 6.157324218750000000e+02
3.254427882448296838e+00 6.409912109375000000e+02
3.257862634830828164e+00 6.598497924804687500e+02
3.261297387213359489e+00 6.730435180664062500e+02
3.264732139595890370e+00 6.786058349609375000e+02
3.268166891978421695e+00 6.706644287109375000e+02
3.271601644360953021e+00 6.519381103515625000e+02
3.275036396743483902e+00 6.196520996093750000e+02
3.278471149126015227e+00 6.051000976562500000e+02
3.281905901508546108e+00 5.953325195312500000e+02
3.285340653891077434e+00 5.940929565429687500e+02
3.288775406273608315e+00 5.953895874023437500e+02
3.292210158656139640e+00 5.872045288085937500e+02
3.295644911038670966e+00 5.838266601562500000e+02
3.299079663421202291e+00 5.783221435546875000e+02
3.302514415803733172e+00 5.690083618164062500e+02
3.305949168186264497e+00 5.673353271484375000e+02
3.309383920568795823e+00 5.732848510742187500e+02
3.312818672951326704e+00 5.846390380859375000e+02
3.316253425333858029e+00 5.886194458007812500e+02
3.319688177716389355e+00 5.856874389648437500e+02
3.323122930098920680e+00 5.906648559570312500e+02
3.326557682481451561e+00 5.909023437500000000e+02
3.329992434863982886e+00 5.812395629882812500e+02
3.333427187246514212e+00 5.738174438476562500e+02
3.336861939629045093e+00 5.828999633789062500e+02
3.340296692011576418e+00 6.014277954101562500e+02
3.343731444394107744e+00 6.028516235351562500e+02
3.347166196776639069e+00 5.977077026367187500e+02
3.350600949159169950e+00 6.055478515625000000e+02
3.354035701541701275e+00 6.236314697265625000e+02
3.357470453924232601e+00 6.275763549804687500e+02
3.360905206306763482e+00 6.214918212890625000e+02
3.364339958689294363e+00 6.188243408203125000e+02
3.367774711071825688e+00 6.047537231445312500e+02
3.371209463454357014e+00 5.954772949218750000e+02
3.374644215836887895e+00 5.884968872070312500e+02
3.378078968219419220e+00 5.795849609375000000e+02
3.381513720601950546e+00 5.750390625000000000e+02
3.384948472984481871e+00 5.762720336914062500e+02
3.388383225367012752e+00 5.756624755859375000e+02
3.391817977749544077e+00 5.796019897460937500e+02
3.395252730132075403e+00 5.812602539062500000e+02
3.398687482514606728e+00 5.758048095703125000e+02
3.402122234897137609e+00 5.824155273437500000e+02
3.405556987279668935e+00 5.967432250976562500e+02
3.408991739662200260e+00 6.055966186523437500e+02
3.412426492044731141e+00 6.130321044921875000e+02
3.415861244427262466e+00 6.257846679687500000e+02
3.419295996809793792e+00 6.578200683593750000e+02
3.422730749192325117e+00 7.027243652343750000e+02
3.426165501574855998e+00 7.806783447265625000e+02
3.429600253957387324e+00 9.116929931640625000e+02
3.433035006339918649e+00 1.114822509765625000e+03
3.436469758722449530e+00 1.336072265625000000e+03
3.439904511104980411e+00 1.550279541015625000e+03
3.443339263487511737e+00 1.655995117187500000e+03
3.446774015870043062e+00 1.615305175781250000e+03
3.450208768252573943e+00 1.474789916992187500e+03
3.453643520635105268e+00 1.235875122070312500e+03
3.457078273017636594e+00 1.002130432128906250e+03
3.460513025400167919e+00 8.205844726562500000e+02
3.463947777782698800e+00 7.064720458984375000e+02
3.467382530165230126e+00 6.480453491210937500e+02
3.470817282547761451e+00 6.332350463867187500e+02
3.474252034930292776e+00 6.117455444335937500e+02
3.477686787312823657e+00 5.937769775390625000e+02
3.481121539695354983e+00 5.850453491210937500e+02
3.484556292077886308e+00 5.739138793945312500e+02
3.487991044460417189e+00 5.678883666992187500e+02
3.491425796842948515e+00 5.709329833984375000e+02
3.494860549225479840e+00 5.717651977539062500e+02
3.498295301608011165e+00 5.677664184570312500e+02
3.501730053990542046e+00 5.659509277343750000e+02
3.505164806373073372e+00 5.676637573242187500e+02
3.508599558755604697e+00 5.631526489257812500e+02
3.512034311138135578e+00 5.610678100585937500e+02
3.515469063520666460e+00 5.626019897460937500e+02
3.518903815903197785e+00 5.609926147460937500e+02
3.522338568285729110e+00 5.596661376953125000e+02
3.525773320668259991e+00 5.551810302734375000e+02
3.529208073050791317e+00 5.563794555664062500e+02
3.532642825433322642e+00 5.566369018554687500e+02
3.536077577815853967e+00 5.572478027343750000e+02
3.539512330198384849e+00 5.538909301757812500e+02
3.542947082580916174e+00 5.519557495117187500e+02
3.546381834963447499e+00 5.492599487304687500e+02
3.549816587345978824e+00 5.488739624023437500e+02
3.553251339728509706e+00 5.596077880859375000e+02
3.556686092111041031e+00 5.678685302734375000e+02
3.560120844493572356e+00 5.692036743164062500e+02
3.563555596876103237e+00 5.649492187500000000e+02
3.566990349258634563e+00 5.605866088867187500e+02
3.570425101641165888e+00 5.553942871093750000e+02
3.573859854023697213e+00 5.587868041992187500e+02
3.577294606406228095e+00 5.606038208007812500e+02
3.580729358788759420e+00 5.481706542968750000e+02
3.584164111171290301e+00 5.385996093750000000e+02
3.587598863553821626e+00 5.478836669921875000e+02
3.591033615936352508e+00 5.516375732421875000e+02
3.594468368318883833e+00 5.465740356445312500e+02
3.597903120701415158e+00 5.449674682617187500e+02
3.601337873083946484e+00 5.482837524414062500e+02
3.604772625466477809e+00 5.484326171875000000e+02
3.608207377849008246e+00 5.491117553710937500e+02
3.611642130231539571e+00 5.543060302734375000e+02
3.615076882614070897e+00 5.518331298828125000e+02
3.618511634996602222e+00 5.476351928710937500e+02
3.621946387379133547e+00 5.487737426757812500e+02
3.625381139761664873e+00 5.513699951171875000e+02
3.628815892144196198e+00 5.471951293945312500e+02
3.632250644526726635e+00 5.378428344726562500e+02
3.635685396909257960e+00 5.305997924804687500e+02
3.639120149291789286e+00 5.298071899414062500e+02
3.642554901674320611e+00 5.292123413085937500e+02
3.645989654056851936e+00 5.369314575195312500e+02
3.649424406439383262e+00 5.442922363281250000e+02
3.652859158821914587e+00 5.434221191406250000e+02
3.656293911204445912e+00 5.389983520507812500e+02
3.659728663586976349e+00 5.314437255859375000e+02
3.663163415969507675e+00 5.221254272460937500e+02
3.666598168352038556e+00 5.164379272460937500e+02
3.670032920734569881e+00 5.236819458007812500e+02
3.673467673117101207e+00 5.303138427734375000e+02
3.676902425499632532e+00 5.251850585937500000e+02
3.680337177882163857e+00 5.272069091796875000e+02
3.683771930264694294e+00 5.367037963867187500e+02
3.687206682647225620e+00 5.346881103515625000e+02
3.690641435029756945e+00 5.281349487304687500e+02
3.694076187412288270e+00 5.265688476562500000e+02
3.697510939794819596e+00 5.195360107421875000e+02
3.700945692177350921e+00 5.101377563476562500e+02
3.704380444559882246e+00 5.168414306640625000e+02
3.707815196942412683e+00 5.258670043945312500e+02
3.711249949324944009e+00 5.179738159179687500e+02
3.714684701707475334e+00 5.186103515625000000e+02
3.718119454090006659e+00 5.238922729492187500e+02
3.721554206472537984e+00 5.247114257812500000e+02
3.724988958855069310e+00 5.173639526367187500e+02
3.728423711237600635e+00 5.140656738281250000e+02
3.731858463620131960e+00 5.093514099121093750e+02
3.735293216002662398e+00 5.100458068847656250e+02
3.738727968385193723e+00 5.161647338867187500e+02
3.742162720767725048e+00 5.225999145507812500e+02
3.745597473150255929e+00 5.219315795898437500e+02
3.749032225532787255e+00 5.250209350585937500e+02
3.752466977915318580e+00 5.323236694335937500e+02
3.755901730297849905e+00 5.369755249023437500e+02
3.759336482680380342e+00 5.382351074218750000e+02
3.762771235062911668e+00 5.427424316406250000e+02
3.766205987445442993e+00 5.525955810546875000e+02
3.769640739827974318e+00 5.802494506835937500e+02
3.773075492210505644e+00 5.900416870117187500e+02
3.776510244593036969e+00 5.860845947265625000e+02
3.779944996975568294e+00 5.761830444335937500e+02
3.783379749358098731e+00 5.572665405273437500e+02
3.786814501740630057e+00 5.496420288085937500e+02
3.790249254123161382e+00 5.356270751953125000e+02
3.793684006505692707e+00 5.287517700195312500e+02
3.797118758888224033e+00 5.153004760742187500e+02
3.800553511270755358e+00 4.991086120605468750e+02
3.803988263653286683e+00 4.941105651855468750e+02
3.807423016035818009e+00 5.017849426269531250e+02
3.810857768418348446e+00 5.003860168457031250e+02
3.814292520800879771e+00 4.956075134277343750e+02
3.817727273183411096e+00 4.914033508300781250e+02
3.821162025565941978e+00 4.941548767089843750e+02
3.824596777948473303e+00 5.057591552734375000e+02
3.828031530331004628e+00 5.246987915039062500e+02
3.831466282713535954e+00 5.356842041015625000e+02
3.834901035096066391e+00 5.435762939453125000e+02
3.838335787478597716e+00 5.601827392578125000e+02
3.841770539861129041e+00 5.747042236328125000e+02
3.845205292243660367e+00 5.820799560546875000e+02
3.848640044626191692e+00 5.838529663085937500e+02
3.852074797008723017e+00 5.774530029296875000e+02
3.855509549391254343e+00 5.708792724609375000e+02
3.858944301773784780e+00 5.638969726562500000e+02
3.862379054156316105e+00 5.549293823242187500e+02
3.865813806538847430e+00 5.555126342773437500e+02
3.869248558921378756e+00 5.504816284179687500e+02
3.872683311303910081e+00 5.437825927734375000e+02
3.876118063686441406e+00 5.362964477539062500e+02
3.879552816068972732e+00 5.335834960937500000e+02
3.882987568451504057e+00 5.167669677734375000e+02
3.886422320834034494e+00 5.087927551269531250e+02
3.889857073216565819e+00 5.030637817382812500e+02
3.893291825599097145e+00 5.003631591796875000e+02
3.896726577981628026e+00 4.920491333007812500e+02
3.900161330364159351e+00 4.884187011718750000e+02
3.903596082746690676e+00 4.905179748535156250e+02
3.907030835129222002e+00 4.974264526367187500e+02
3.910465587511752439e+00 4.912377014160156250e+02
3.913900339894283764e+00 4.879985046386718750e+02
3.917335092276815089e+00 4.964572143554687500e+02
3.920769844659346415e+00 4.994517822265625000e+02
3.924204597041877740e+00 4.916909790039062500e+02
3.927639349424409065e+00 4.853894958496093750e+02
3.931074101806940391e+00 4.846882324218750000e+02
3.934508854189470828e+00 4.860205688476562500e+02
3.937943606572002153e+00 4.848151550292968750e+02
3.941378358954533478e+00 4.871557617187500000e+02
3.944813111337064804e+00 4.862679138183593750e+02
3.948247863719596129e+00 4.906285705566406250e+02
3.951682616102127454e+00 4.882916870117187500e+02
3.955117368484658780e+00 4.776154174804687500e+02
3.958552120867189217e+00 4.748743896484375000e+02
3.961986873249720542e+00 4.841090698242187500e+02
3.965421625632251867e+00 4.905641479492187500e+02
3.968856378014783193e+00 4.907835083007812500e+02
3.972291130397314074e+00 4.902564086914062500e+02
3.975725882779845399e+00 4.829848632812500000e+02
3.979160635162376725e+00 4.815948181152343750e+02
3.982595387544908050e+00 4.892410278320312500e+02
3.986030139927438487e+00 5.024198303222656250e+02
3.989464892309969812e+00 5.063572998046875000e+02
3.992899644692501138e+00 5.209901733398437500e+02
3.996334397075032463e+00 5.549337768554687500e+02
3.999769149457563788e+00 5.976792602539062500e+02
4.003203901840095114e+00 6.528190307617187500e+02
4.006638654222625995e+00 6.953982543945312500e+02
4.010073406605156876e+00 7.081766967773437500e+02
4.013508158987687757e+00 6.960169067382812500e+02
4.016942911370219527e+00 6.859887695312500000e+02
4.020377663752750408e+00 6.465449218750000000e+02
4.023812416135282177e+00 5.965155639648437500e+02
4.027247168517813058e+00 5.561353149414062500e+02
4.030681920900344828e+00 5.365264892578125000e+02
4.034116673282874821e+00 5.201449584960937500e+02
4.037551425665406590e+00 5.083734436035156250e+02
4.040986178047937472e+00 4.937097167968750000e+02
4.044420930430469241e+00 4.832426147460937500e+02
4.047855682813000122e+00 4.820578613281250000e+02
4.051290435195531892e+00 4.751345825195312500e+02
4.054725187578062773e+00 4.723437500000000000e+02
4.058159939960594542e+00 4.775910949707031250e+02
4.061594692343124535e+00 4.826177062988281250e+02
4.065029444725656305e+00 4.782997436523437500e+02
4.068464197108187186e+00 4.791646423339843750e+02
4.071898949490718955e+00 4.724506225585937500e+02
4.075333701873249836e+00 4.671962280273437500e+02
4.078768454255781606e+00 4.752053833007812500e+02
4.082203206638312487e+00 4.777793884277343750e+02
4.085637959020843368e+00 4.786591186523437500e+02
4.089072711403374250e+00 4.745616455078125000e+02
4.092507463785905131e+00 4.743541870117187500e+02
4.095942216168436900e+00 4.755841979980468750e+02
4.099376968550967781e+00 4.754175109863281250e+02
4.102811720933499551e+00 4.741387939453125000e+02
4.106246473316030432e+00 4.640378723144531250e+02
4.109681225698561313e+00 4.663204040527343750e+02
4.113115978081092194e+00 4.696885070800781250e+02
4.116550730463623964e+00 4.720135192871093750e+02
4.119985482846154845e+00 4.711947631835937500e+02
4.123420235228686614e+00 4.700445556640625000e+02
4.126854987611217496e+00 4.735146789550781250e+02
4.130289739993749265e+00 4.717791748046875000e+02
4.133724492376280146e+00 4.680223693847656250e+02
4.137159244758811028e+00 4.648197021484375000e+02
4.140593997141341909e+00 4.628659362792968750e+02
4.144028749523873678e+00 4.697677612304687500e+02
4.147463501906404559e+00 4.761762390136718750e+02
4.150898254288936329e+00 4.730014953613281250e+02
4.154333006671467210e+00 4.667151489257812500e+02
4.157767759053998091e+00 4.706928710937500000e+02
4.161202511436528972e+00 4.758075866699218750e+02
4.164637263819060742e+00 4.808987426757812500e+02
4.168072016201591623e+00 4.890765380859375000e+02
4.171506768584122504e+00 5.054317016601562500e+02
4.174941520966654274e+00 5.353574218750000000e+02
4.178376273349185155e+00 5.565915527343750000e+02
4.181811025731716924e+00 5.693704223632812500e+02
4.185245778114246917e+00 5.686148681640625000e+02
4.188680530496778687e+00 5.659506225585937500e+02
4.192115282879309568e+00 5.586129150390625000e+02
4.195550035261841337e+00 5.384943847656250000e+02
4.198984787644372219e+00 5.216503295898437500e+02
4.202419540026903988e+00 5.221647338867187500e+02
4.205854292409434869e+00 5.341484985351562500e+02
4.209289044791966639e+00 5.530813598632812500e+02
4.212723797174496632e+00 5.693683471679687500e+02
4.216158549557028401e+00 5.858599853515625000e+02
4.219593301939559282e+00 5.867225952148437500e+02
4.223028054322091052e+00 5.693577880859375000e+02
4.226462806704621933e+00 5.344402465820312500e+02
4.229897559087153702e+00 5.044509582519531250e+02
4.233332311469684583e+00 4.917845764160156250e+02
4.236767063852215465e+00 4.829036865234375000e+02
4.240201816234746346e+00 4.743395690917968750e+02
4.243636568617277227e+00 4.747097167968750000e+02
4.247071320999808997e+00 4.774039306640625000e+02
4.250506073382339878e+00 4.726519165039062500e+02
4.253940825764871647e+00 4.695565185546875000e+02
4.257375578147402528e+00 4.711843566894531250e+02
4.260810330529933410e+00 4.712390441894531250e+02
4.264245082912464291e+00 4.689369506835937500e+02
4.267679835294996060e+00 4.730043334960937500e+02
4.271114587677526941e+00 4.722973937988281250e+02
4.274549340060058711e+00 4.664969177246093750e+02
4.277984092442589592e+00 4.648937988281250000e+02
4.281418844825121361e+00 4.857969665527343750e+02
4.284853597207652243e+00 5.044935913085937500e+02
4.288288349590183124e+00 5.318783569335937500e+02
4.291723101972714005e+00 5.743191528320312500e+02
4.295157854355245775e+00 5.934263916015625000e+02
4.298592606737776656e+00 6.043679199218750000e+02
4.302027359120308425e+00 5.900243530273437500e+02
4.305462111502839306e+00 5.625344848632812500e+02
4.308896863885370188e+00 5.307833251953125000e+02
4.312331616267901069e+00 5.044461669921875000e+02
4.315766368650432838e+00 4.871920166015625000e+02
4.319201121032963719e+00 4.792368774414062500e+02
4.322635873415494601e+00 4.802026977539062500e+02
4.326070625798026370e+00 4.747176818847656250e+02
4.329505378180557251e+00 4.646372680664062500e+02
4.332940130563089021e+00 4.672771301269531250e+02
4.336374882945619014e+00 4.691679077148437500e+02
4.339809635328150783e+00 4.645163574218750000e+02
4.343244387710681664e+00 4.589203796386718750e+02
4.346679140093213434e+00 4.659763793945312500e+02
4.350113892475744315e+00 4.658224182128906250e+02
4.353548644858276084e+00 4.636407165527343750e+02
4.356983397240806966e+00 4.665267639160156250e+02
4.360418149623338735e+00 4.732002868652343750e+02
4.363852902005868728e+00 4.696877136230468750e+02
4.367287654388400497e+00 4.670138854980468750e+02
4.370722406770931379e+00 4.689178161621093750e+02
4.374157159153463148e+00 4.629103698730468750e+02
4.377591911535994029e+00 4.548025817871093750e+02
4.381026663918525799e+00 4.517373352050781250e+02
4.384461416301056680e+00 4.519734497070312500e+02
4.387896168683587561e+00 4.538548889160156250e+02
4.391330921066118442e+00 4.453594360351562500e+02
4.394765673448649324e+00 4.413374023437500000e+02
4.398200425831181093e+00 4.645372314453125000e+02
4.401635178213711974e+00 4.819908142089843750e+02
4.405069930596243744e+00 5.014948425292968750e+02
4.408504682978774625e+00 5.116935119628906250e+02
4.411939435361305506e+00 5.139391479492187500e+02
4.415374187743836387e+00 5.111278381347656250e+02
4.418808940126368157e+00 4.985605773925781250e+02
4.422243692508899038e+00 4.821066894531250000e+02
4.425678444891430807e+00 4.658586120605468750e+02
4.429113197273961688e+00 4.566401977539062500e+02
4.432547949656493458e+00 4.525765380859375000e+02
4.435982702039023451e+00 4.471994018554687500e+02
4.439417454421555220e+00 4.404356079101562500e+02
4.442852206804086101e+00 4.396745605468750000e+02
4.446286959186617871e+00 4.458926391601562500e+02
4.449721711569148752e+00 4.491311340332031250e+02
4.453156463951680522e+00 4.440325927734375000e+02
4.456591216334211403e+00 4.422949523925781250e+02
4.460025968716742284e+00 4.460911865234375000e+02
4.463460721099273165e+00 4.469722595214843750e+02
4.466895473481804935e+00 4.408450012207031250e+02
4.470330225864335816e+00 4.406235961914062500e+02
4.473764978246866697e+00 4.389396362304687500e+02
4.477199730629398466e+00 4.375883178710937500e+02
4.480634483011929348e+00 4.396822509765625000e+02
4.484069235394461117e+00 4.466550903320312500e+02
4.487503987776991110e+00 4.466886901855468750e+02
4.490938740159522879e+00 4.420616455078125000e+02
4.494373492542053761e+00 4.364133300781250000e+02
4.497808244924585530e+00 4.334930114746093750e+02
4.501242997307116411e+00 4.324588012695312500e+02
4.504677749689648181e+00 4.320640258789062500e+02
4.508112502072179062e+00 4.391411437988281250e+02
4.511547254454709943e+00 4.468800354003906250e+02
4.514982006837240824e+00 4.500927124023437500e+02
4.518416759219772594e+00 4.540401916503906250e+02
4.521851511602303475e+00 4.478629150390625000e+02
4.525286263984835244e+00 4.414319458007812500e+02
4.528721016367366126e+00 4.440733032226562500e+02
4.532155768749897895e+00 4.373907470703125000e+02
4.535590521132428776e+00 4.319571533203125000e+02
4.539025273514959657e+00 4.294000244140625000e+02
4.542460025897490539e+00 4.344395751953125000e+02
4.545894778280021420e+00 4.358563537597656250e+02
4.549329530662553189e+00 4.345430603027343750e+02
4.552764283045084071e+00 4.326511230468750000e+02
4.556199035427615840e+00 4.288463745117187500e+02
4.559633787810146721e+00 4.317148437500000000e+02
4.563068540192677602e+00 4.297948303222656250e+02
4.566503292575208484e+00 4.261777038574218750e+02
4.569938044957740253e+00 4.286537475585937500e+02
4.573372797340271134e+00 4.318518371582031250e+02
4.576807549722802904e+00 4.353522644042968750e+02
4.580242302105333785e+00 4.317695617675781250e+02
4.583677054487865554e+00 4.256100769042968750e+02
4.587111806870395547e+00 4.274078674316406250e+02
4.590546559252927317e+00 4.231377258300781250e+02
4.593981311635458198e+00 4.252157897949218750e+02
4.597416064017989967e+00 4.346475524902343750e+02
4.600850816400520849e+00 4.386627502441406250e+02
4.604285568783052618e+00 4.320749206542968750e+02
4.607720321165583499e+00 4.283800354003906250e+02
4.611155073548115269e+00 4.317264404296875000e+02
4.614589825930645262e+00 4.404120178222656250e+02
4.618024578313177031e+00 4.430844726562500000e+02
4.621459330695707912e+00 4.417289428710937500e+02
4.624894083078238793e+00 4.420570678710937500e+02
4.628328835460770563e+00 4.470142822265625000e+02
4.631763587843301444e+00 4.541684265136718750e+02
4.635198340225833213e+00 4.701995849609375000e+02
4.638633092608363206e+00 4.946010437011718750e+02
4.642067844990894976e+00 5.279815063476562500e+02
4.645502597373425857e+00 5.549531250000000000e+02
4.648937349755957626e+00 5.731567993164062500e+02
4.652372102138488508e+00 5.817827148437500000e+02
4.655806854521020277e+00 5.893758544921875000e+02
4.659241606903551158e+00 5.838383789062500000e+02
4.662676359286082040e+00 5.709931030273437500e+02
4.666111111668612921e+00 5.691738891601562500e+02
4.669545864051144690e+00 5.612125854492187500e+02
4.672980616433675571e+00 5.488887939453125000e+02
4.676415368816207341e+00 5.374404907226562500e+02
4.679850121198738222e+00 5.219852905273437500e+02
4.683284873581269991e+00 5.001233215332031250e+02
4.686719625963800873e+00 4.804391479492187500e+02
4.690154378346331754e+00 4.569275817871093750e+02
4.693589130728862635e+00 4.458594360351562500e+02
4.697023883111393516e+00 4.306493225097656250e+02
4.700458635493925286e+00 4.268473510742187500e+02
4.703893387876456167e+00 4.251832580566406250e+02
4.707328140258987936e+00 4.193889465332031250e+02
4.710762892641518818e+00 4.218076171875000000e+02
4.714197645024049699e+00 4.239647827148437500e+02
4.717632397406580580e+00 4.273150329589843750e+02
4.721067149789112349e+00 4.178293151855468750e+02
4.724501902171643231e+00 4.181980895996093750e+02
4.727936654554175000e+00 4.248306579589843750e+02
4.731371406936705881e+00 4.237406616210937500e+02
4.734806159319237651e+00 4.146907043457031250e+02
4.738240911701767644e+00 4.207826538085937500e+02
4.741675664084299413e+00 4.306055908203125000e+02
4.745110416466830294e+00 4.309642944335937500e+02
4.748545168849362064e+00 4.250697631835937500e+02
4.751979921231892945e+00 4.222402038574218750e+02
4.755414673614424714e+00 4.244541625976562500e+02
4.758849425996955596e+00 4.230799560546875000e+02
4.762284178379487365e+00 4.225335998535156250e+02
4.765718930762017358e+00 4.243325195312500000e+02
4.769153683144549127e+00 4.263027648925781250e+02
4.772588435527080009e+00 4.225814819335937500e+02
4.776023187909610890e+00 4.257423095703125000e+02
4.779457940292142659e+00 4.286617431640625000e+02
4.782892692674673540e+00 4.268301391601562500e+02
4.786327445057205310e+00 4.227297973632812500e+02
4.789762197439735303e+00 4.153469543457031250e+02
4.793196949822267072e+00 4.199973754882812500e+02
4.796631702204797953e+00 4.325726928710937500e+02
4.800066454587329723e+00 4.361802978515625000e+02
4.803501206969860604e+00 4.472525634765625000e+02
4.806935959352392373e+00 4.523560180664062500e+02
4.810370711734923255e+00 4.461435241699218750e+02
4.813805464117454136e+00 4.379742736816406250e+02
4.817240216499985017e+00 4.288493347167968750e+02
4.820674968882516787e+00 4.207344970703125000e+02
4.824109721265047668e+00 4.215530090332031250e+02
4.827544473647579437e+00 4.259527282714843750e+02
4.830979226030110318e+00 4.276980895996093750e+02
4.834413978412642088e+00 4.223291320800781250e+02
4.837848730795172969e+00 4.274002075195312500e+02
4.841283483177703850e+00 4.296963195800781250e+02
4.844718235560234731e+00 4.324378356933593750e+02
4.848152987942766501e+00 4.340413818359375000e+02
4.851587740325297382e+00 4.335710449218750000e+02
4.855022492707828263e+00 4.271841125488281250e+02
4.858457245090360033e+00 4.222892150878906250e+02
4.861891997472890914e+00 4.207450561523437500e+02
4.865326749855421795e+00 4.190347595214843750e+02
4.868761502237952676e+00 4.204949951171875000e+02
4.872196254620484446e+00 4.254701232910156250e+02
4.875631007003015327e+00 4.255196228027343750e+02
4.879065759385547096e+00 4.235114440917968750e+02
4.882500511768077978e+00 4.176497192382812500e+02
4.885935264150609747e+00 4.138643493652343750e+02
4.889370016533139740e+00 4.092267150878906250e+02
4.892804768915671509e+00 4.082231445312500000e+02
4.896239521298202391e+00 4.216103820800781250e+02
4.899674273680734160e+00 4.237214965820312500e+02
4.903109026063265041e+00 4.231514282226562500e+02
4.906543778445796811e+00 4.282347412109375000e+02
4.909978530828327692e+00 4.340279541015625000e+02
4.913413283210858573e+00 4.355093383789062500e+02
4.916848035593389454e+00 4.305656433105468750e+02
4.920282787975921224e+00 4.274205627441406250e+02
4.923717540358452105e+00 4.322801208496093750e+02
4.927152292740982986e+00 4.342163391113281250e+02
4.930587045123514756e+00 4.377411499023437500e+02
4.934021797506045637e+00 4.379319763183593750e+02
4.937456549888577406e+00 4.282490539550781250e+02
4.940891302271107399e+00 4.200596923828125000e+02
4.944326054653639169e+00 4.221132202148437500e+02
4.947760807036170050e+00 4.271872863769531250e+02
4.951195559418701819e+00 4.379793395996093750e+02
4.954630311801232700e+00 4.459557189941406250e+02
4.958065064183764470e+00 4.494481506347656250e+02
4.961499816566295351e+00 4.553181762695312500e+02
4.964934568948826232e+00 4.428526306152343750e+02
4.968369321331357114e+00 4.353966369628906250e+02
4.971804073713888883e+00 4.279365539550781250e+02
4.975238826096419764e+00 4.170911254882812500e+02
4.978673578478951534e+00 4.158806762695312500e+02
4.982108330861482415e+00 4.146434936523437500e+02
4.985543083244014184e+00 4.096885375976562500e+02
4.988977835626544177e+00 4.126094360351562500e+02
4.992412588009075947e+00 4.127970886230468750e+02
4.995847340391606828e+00 4.211083984375000000e+02
4.999282092774138597e+00 4.207001953125000000e+02
5.002716845156669478e+00 4.194076538085937500e+02
5.006151597539200360e+00 4.169020080566406250e+02
5.009586349921732129e+00 4.162369384765625000e+02
5.013021102304263010e+00 4.136062622070312500e+02
5.016455854686793892e+00 4.123635253906250000e+02
5.019890607069324773e+00 4.107974548339843750e+02
5.023325359451856542e+00 4.152079467773437500e+02
5.026760111834387423e+00 4.243947753906250000e+02
5.030194864216919193e+00 4.369745178222656250e+02
5.033629616599450074e+00 4.450117187500000000e+02
5.037064368981981843e+00 4.522292785644531250e+02
5.040499121364511836e+00 4.495488891601562500e+02
5.043933873747043606e+00 4.453347778320312500e+02
5.047368626129574487e+00 4.351976623535156250e+02
5.050803378512106256e+00 4.290753173828125000e+02
5.054238130894637138e+00 4.251538391113281250e+02
5.057672883277168907e+00 4.213718872070312500e+02
5.061107635659699788e+00 4.184894714355468750e+02
5.064542388042230669e+00 4.172036743164062500e+02
5.067977140424761551e+00 4.139710388183593750e+02
5.071411892807293320e+00 4.159193420410156250e+02
5.074846645189824201e+00 4.220407409667968750e+02
5.078281397572355083e+00 4.273238220214843750e+02
5.081716149954886852e+00 4.283747253417968750e+02
5.085150902337417733e+00 4.224649047851562500e+02
5.088585654719949503e+00 4.133755493164062500e+02
5.092020407102479496e+00 4.078455200195312500e+02
5.095455159485011265e+00 4.033607482910156250e+02
5.098889911867542146e+00 4.025710449218750000e+02
5.102324664250073916e+00 4.009647827148437500e+02
5.105759416632604797e+00 4.008936157226562500e+02
5.109194169015136566e+00 4.035398864746093750e+02
5.112628921397667447e+00 4.016327209472656250e+02
5.116063673780198329e+00 3.960064086914062500e+02
5.119498426162729210e+00 3.987270507812500000e+02
5.122933178545260979e+00 4.045162963867187500e+02
5.126367930927791861e+00 4.073004760742187500e+02
5.129802683310323630e+00 4.075647888183593750e+02
5.133237435692854511e+00 4.057745666503906250e+02
5.136672188075386281e+00 4.036528625488281250e+02
5.140106940457916274e+00 4.028715515136718750e+02
5.143541692840448043e+00 4.036984558105468750e+02
5.146976445222978924e+00 4.100223083496093750e+02
5.150411197605510694e+00 4.069579772949218750e+02
5.153845949988041575e+00 4.084518432617187500e+02
5.157280702370572456e+00 4.166228332519531250e+02
5.160715454753104225e+00 4.292514038085937500e+02
5.164150207135635107e+00 4.373915100097656250e+02
5.167584959518165988e+00 4.362557373046875000e+02
5.171019711900696869e+00 4.274154052734375000e+02
5.174454464283228639e+00 4.158187255859375000e+02
5.177889216665759520e+00 4.084271240234375000e+02
5.181323969048291289e+00 4.066185302734375000e+02
5.184758721430822170e+00 4.040967712402343750e+02
5.188193473813353940e+00 3.972202148437500000e+02
5.191628226195883933e+00 3.941145935058593750e+02
5.195062978578415702e+00 3.979097290039062500e+02
5.198497730960946583e+00 4.073904418945312500e+02
5.201932483343478353e+00 4.268933105468750000e+02
5.205367235726009234e+00 4.468885192871093750e+02
5.208801988108541003e+00 4.651773376464843750e+02
5.212236740491071885e+00 4.738702087402343750e+02
5.215671492873602766e+00 4.716635437011718750e+02
5.219106245256133647e+00 4.669228515625000000e+02
5.222540997638665417e+00 4.487536926269531250e+02
5.225975750021196298e+00 4.334882812500000000e+02
5.229410502403727179e+00 4.291189880371093750e+02
5.232845254786258948e+00 4.186581726074218750e+02
5.236280007168789830e+00 3.990939331054687500e+02
5.239714759551321599e+00 3.896799316406250000e+02
5.243149511933851592e+00 3.940646667480468750e+02
5.246584264316383361e+00 4.053917236328125000e+02
5.250019016698914243e+00 4.026792297363281250e+02
5.253453769081446012e+00 4.003204650878906250e+02
5.256888521463976893e+00 4.047662353515625000e+02
5.260323273846508663e+00 4.036669616699218750e+02
5.263758026229039544e+00 3.999833374023437500e+02
5.267192778611570425e+00 3.982595214843750000e+02
5.270627530994101306e+00 4.000439758300781250e+02
5.274062283376633076e+00 3.996468505859375000e+02
5.277497035759163957e+00 4.028107299804687500e+02
5.280931788141695726e+00 4.120849304199218750e+02
5.284366540524226608e+00 4.192959289550781250e+02
5.287801292906758377e+00 4.210919799804687500e+02
5.291236045289288370e+00 4.155047912597656250e+02
5.294670797671820139e+00 4.130664978027343750e+02
5.298105550054351021e+00 4.126163635253906250e+02
5.301540302436882790e+00 4.061810302734375000e+02
5.304975054819413671e+00 4.054899902343750000e+02
5.308409807201944552e+00 4.086693725585937500e+02
5.311844559584476322e+00 4.064794006347656250e+02
5.315279311967006315e+00 4.079404296875000000e+02
5.318714064349538084e+00 4.139394226074218750e+02
5.322148816732068966e+00 4.203972473144531250e+02
5.325583569114600735e+00 4.205779724121093750e+02
5.329018321497131616e+00 4.178529968261718750e+02
5.332453073879663386e+00 4.221675720214843750e+02
5.335887826262194267e+00 4.283782653808593750e+02
5.339322578644726036e+00 4.395533752441406250e+02
5.342757331027256029e+00 4.525465087890625000e+02
5.346192083409787799e+00 4.669043884277343750e+02
5.349626835792318680e+00 4.765185852050781250e+02
5.353061588174850449e+00 4.766343994140625000e+02
5.356496340557381330e+00 4.655899047851562500e+02
5.359931092939913100e+00 4.425558776855468750e+02
5.363365845322443981e+00 4.238035278320312500e+02
5.366800597704974862e+00 4.118945007324218750e+02
5.370235350087505743e+00 4.097822570800781250e+02
5.373670102470037513e+00 3.970816345214843750e+02
5.377104854852568394e+00 3.964849853515625000e+02
5.380539607235100164e+00 4.027201843261718750e+02
5.383974359617631045e+00 3.998305053710937500e+02
5.387409112000161926e+00 3.996906127929687500e+02
5.390843864382692807e+00 3.965793762207031250e+02
5.394278616765223688e+00 3.931381225585937500e+02
5.397713369147755458e+00 3.960628356933593750e+02
5.401148121530286339e+00 3.971525573730468750e+02
5.404582873912818108e+00 3.968537292480468750e+02
5.408017626295348990e+00 3.940733337402343750e+02
5.411452378677880759e+00 3.982573547363281250e+02
5.414887131060411640e+00 4.077539672851562500e+02
5.418321883442942521e+00 4.086157226562500000e+02
5.421756635825473403e+00 4.101805725097656250e+02
5.425191388208005172e+00 4.185668945312500000e+02
5.428626140590536053e+00 4.223069763183593750e+02
5.432060892973067823e+00 4.263476257324218750e+02
5.435495645355598704e+00 4.273836364746093750e+02
5.438930397738130473e+00 4.196000366210937500e+02
5.442365150120660466e+00 4.069978942871093750e+02
5.445799902503192236e+00 3.956435241699218750e+02
5.449234654885723117e+00 3.879151306152343750e+02
5.452669407268254886e+00 3.915915222167968750e+02
5.456104159650785768e+00 3.928362426757812500e+02
5.459538912033316649e+00 3.957713928222656250e+02
5.462973664415848418e+00 4.036721496582031250e+02
5.466408416798379299e+00 4.192997436523437500e+02
5.469843169180910181e+00 4.375081176757812500e+02
5.473277921563441062e+00 4.455095214843750000e+02
5.476712673945972831e+00 4.462984619140625000e+02
5.480147426328503713e+00 4.491526489257812500e+02
5.483582178711035482e+00 4.458087768554687500e+02
5.487016931093566363e+00 4.369557800292968750e+02
5.490451683476098133e+00 4.246600036621093750e+02
5.493886435858628126e+00 4.140602111816406250e+02
5.497321188241159895e+00 4.081058654785156250e+02
5.500755940623690776e+00 4.028344421386718750e+02
5.504190693006222546e+00 3.991175842285156250e+02
5.507625445388753427e+00 3.932852172851562500e+02
5.511060197771285196e+00 3.912872924804687500e+02
5.514494950153816077e+00 3.939503784179687500e+02
5.517929702536346959e+00 4.018660583496093750e+02
5.521364454918877840e+00 4.102770996093750000e+02
5.524799207301409609e+00 4.187251586914062500e+02
5.528233959683940490e+00 4.166499328613281250e+02
5.531668712066472260e+00 4.059612731933593750e+02
5.535103464449003141e+00 4.020054931640625000e+02
5.538538216831534022e+00 4.022225036621093750e+02
5.541972969214064904e+00 4.047651672363281250e+02
5.545407721596595785e+00 4.009356384277343750e+02
5.548842473979127554e+00 4.021941528320312500e+02
5.552277226361658435e+00 4.090996398925781250e+02
5.555711978744190205e+00 4.137793273925781250e+02
5.559146731126721086e+00 4.141336364746093750e+02
5.562581483509252855e+00 4.100463867187500000e+02
5.566016235891783737e+00 4.062622375488281250e+02
5.569450988274314618e+00 4.017141113281250000e+02
5.572885740656845499e+00 4.045552978515625000e+02
5.576320493039377268e+00 4.082339782714843750e+02
5.579755245421908150e+00 4.066291809082031250e+02
5.583189997804439919e+00 4.054634094238281250e+02
5.586624750186970800e+00 4.072089843750000000e+02
5.590059502569502570e+00 4.018882141113281250e+02
5.593494254952032563e+00 3.955194091796875000e+02
5.596929007334564332e+00 3.970775451660156250e+02
5.600363759717095213e+00 4.007625427246093750e+02
5.603798512099626983e+00 4.014499816894531250e+02
5.607233264482157864e+00 3.984404296875000000e+02
5.610668016864688745e+00 3.978281860351562500e+02
5.614102769247220515e+00 3.994748840332031250e+02
5.617537521629751396e+00 3.934780883789062500e+02
5.620972274012282277e+00 3.908392028808593750e+02
5.624407026394813158e+00 3.824437866210937500e+02
5.627841778777344928e+00 3.871082153320312500e+02
5.631276531159875809e+00 3.955352478027343750e+02
5.634711283542407578e+00 3.951524658203125000e+02
5.638146035924938460e+00 3.933671875000000000e+02
5.641580788307470229e+00 4.005035400390625000e+02
5.645015540690000222e+00 4.035019531250000000e+02
5.648450293072531991e+00 4.011080932617187500e+02
5.651885045455062873e+00 3.979255371093750000e+02
5.655319797837594642e+00 3.973171081542968750e+02
5.658754550220125523e+00 3.975054931640625000e+02
5.662189302602657293e+00 3.974341125488281250e+02
5.665624054985188174e+00 3.891033020019531250e+02
5.669058807367719055e+00 3.906719360351562500e+02
5.672493559750249936e+00 3.993659362792968750e+02
5.675928312132781706e+00 4.027515869140625000e+02
5.679363064515312587e+00 4.069008483886718750e+02
5.682797816897844356e+00 4.137421569824218750e+02
5.686232569280375237e+00 4.231372680664062500e+02
5.689667321662906119e+00 4.250999755859375000e+02
5.693102074045437000e+00 4.253787231445312500e+02
5.696536826427967881e+00 4.222560729980468750e+02
5.699971578810499651e+00 4.257191467285156250e+02
5.703406331193030532e+00 4.357038269042968750e+02
5.706841083575562301e+00 4.435349426269531250e+02
5.710275835958093182e+00 4.535963439941406250e+02
5.713710588340624952e+00 4.708296203613281250e+02
5.717145340723154945e+00 4.835121154785156250e+02
5.720580093105686714e+00 4.775260925292968750e+02
5.724014845488217595e+00 4.618365783691406250e+02
5.727449597870749365e+00 4.446427612304687500e+02
5.730884350253280246e+00 4.304046325683593750e+02
5.734319102635812015e+00 4.187980651855468750e+02
5.737753855018342897e+00 3.999339599609375000e+02
5.741188607400874666e+00 3.971469116210937500e+02
5.744623359783404659e+00 3.910850830078125000e+02
5.748058112165936429e+00 3.862799682617187500e+02
5.751492864548467310e+00 3.851333618164062500e+02
5.754927616930999079e+00 3.837560729980468750e+02
5.758362369313529960e+00 3.850202331542968750e+02
5.761797121696060842e+00 3.887576293945312500e+02
5.765231874078592611e+00 3.871857910156250000e+02
5.768666626461123492e+00 3.882140808105468750e+02
5.772101378843654373e+00 3.865497741699218750e+02
5.775536131226185255e+00 3.843172607421875000e+02
5.778970883608717024e+00 3.899870300292968750e+02
5.782405635991247905e+00 3.926478271484375000e+02
5.785840388373779675e+00 3.862988281250000000e+02
5.789275140756310556e+00 3.826031799316406250e+02
5.792709893138841437e+00 3.812428894042968750e+02
5.796144645521372318e+00 3.864453735351562500e+02
5.799579397903904088e+00 3.836547546386718750e+02
5.803014150286434969e+00 3.813428039550781250e+02
5.806448902668966738e+00 3.822470397949218750e+02
5.809883655051497620e+00 3.790460510253906250e+02
5.813318407434029389e+00 3.782987670898437500e+02
5.816753159816560270e+00 3.744987487792968750e+02
5.820187912199091151e+00 3.751210937500000000e+02
5.823622664581622033e+00 3.845999145507812500e+02
5.827057416964153802e+00 3.924135131835937500e+02
5.830492169346684683e+00 3.923723449707031250e+02
5.833926921729216453e+00 3.906389465332031250e+02
5.837361674111747334e+00 3.932763671875000000e+02
5.840796426494278215e+00 3.950873107910156250e+02
5.844231178876809096e+00 3.877054748535156250e+02
5.847665931259339978e+00 3.787029113769531250e+02
5.851100683641871747e+00 3.815802917480468750e+02
5.854535436024402628e+00 3.835405578613281250e+02
5.857970188406934398e+00 3.882108154296875000e+02
5.861404940789465279e+00 3.844489746093750000e+02
5.864839693171997048e+00 3.838998413085937500e+02
5.868274445554527041e+00 3.798129882812500000e+02
5.871709197937058811e+00 3.785697021484375000e+02
5.875143950319589692e+00 3.847638854980468750e+02
5.878578702702121461e+00 3.823442687988281250e+02
5.882013455084652342e+00 3.785703735351562500e+02
5.885448207467184112e+00 3.786395568847656250e+02
5.888882959849714993e+00 3.767919006347656250e+02
5.892317712232246762e+00 3.736323547363281250e+02
5.895752464614776756e+00 3.726228027343750000e+02
5.899187216997308525e+00 3.720549316406250000e+02
5.902621969379839406e+00 3.749854431152343750e+02
5.906056721762371176e+00 3.699442138671875000e+02
5.909491474144902057e+00 3.685948181152343750e+02
5.912926226527432938e+00 3.707047729492187500e+02
5.916360978909964707e+00 3.691112365722656250e+02
5.919795731292495589e+00 3.777002258300781250e+02
5.923230483675026470e+00 3.832962646484375000e+02
5.926665236057557351e+00 3.834960632324218750e+02
5.930099988440089120e+00 3.833695983886718750e+02
5.933534740822620002e+00 3.828043823242187500e+02
5.936969493205151771e+00 3.818397827148437500e+02
5.940404245587682652e+00 3.805783996582031250e+02
5.943838997970213534e+00 3.804977416992187500e+02
5.947273750352744415e+00 3.844157104492187500e+02
5.950708502735276184e+00 3.934664306640625000e+02
5.954143255117807065e+00 3.934499511718750000e+02
5.957578007500338835e+00 3.967017211914062500e+02
5.961012759882869716e+00 4.091919250488281250e+02
5.964447512265401485e+00 4.227379150390625000e+02
5.967882264647932367e+00 4.300036621093750000e+02
5.971317017030463248e+00 4.454315795898437500e+02
5.974751769412994129e+00 4.537934570312500000e+02
5.978186521795525898e+00 4.512989807128906250e+02
5.981621274178056780e+00 4.373190917968750000e+02
5.985056026560588549e+00 4.102467346191406250e+02
5.988490778943119430e+00 3.968353271484375000e+02
5.991925531325650311e+00 3.924315185546875000e+02
5.995360283708181193e+00 3.918874511718750000e+02
5.998795036090712074e+00 3.877995605468750000e+02
6.002229788473243843e+00 3.868936157226562500e+02
6.005664540855774725e+00 3.784286499023437500e+02
6.009099293238306494e+00 3.804280395507812500e+02
6.012534045620837375e+00 3.841123657226562500e+02
6.015968798003369145e+00 3.870894165039062500e+02
6.019403550385899138e+00 3.887622070312500000e+02
6.022838302768430907e+00 3.871927185058593750e+02
6.026273055150961788e+00 3.825471801757812500e+02
6.029707807533493558e+00 3.791685485839843750e+02
6.033142559916024439e+00 3.819356689453125000e+02
6.036577312298556208e+00 3.843013305664062500e+02
6.040012064681087089e+00 3.890104370117187500e+02
6.043446817063618859e+00 3.945923767089843750e+02
6.046881569446148852e+00 3.985462036132812500e+02
6.050316321828680621e+00 3.977108764648437500e+02
6.053751074211211503e+00 3.963227844238281250e+02
6.057185826593743272e+00 3.938194885253906250e+02
6.060620578976274153e+00 4.021753540039062500e+02
6.064055331358805923e+00 4.095686035156250000e+02
6.067490083741336804e+00 4.118340454101562500e+02
6.070924836123867685e+00 4.070015563964843750e+02
6.074359588506398566e+00 4.006125488281250000e+02
6.077794340888929447e+00 3.898085021972656250e+02
6.081229093271461217e+00 3.895522155761718750e+02
6.084663845653992098e+00 3.852274475097656250e+02
6.088098598036523867e+00 3.785256652832031250e+02
6.091533350419054749e+00 3.800555114746093750e+02
6.094968102801585630e+00 3.794371032714843750e+02
6.098402855184116511e+00 3.780617065429687500e+02
6.101837607566648281e+00 3.710490417480468750e+02
6.105272359949179162e+00 3.722217102050781250e+02
6.108707112331710931e+00 3.800799255371093750e+02
6.112141864714241812e+00 3.875735168457031250e+02
6.115576617096773582e+00 3.889737854003906250e+02
6.119011369479304463e+00 3.909658813476562500e+02
6.122446121861835344e+00 3.990389709472656250e+02
6.125880874244366225e+00 3.994227294921875000e+02
6.129315626626897995e+00 3.901262512207031250e+02
6.132750379009428876e+00 3.839489135742187500e+02
6.136185131391960645e+00 3.838423156738281250e+02
6.139619883774491527e+00 3.850374450683593750e+02
6.143054636157022408e+00 3.818853149414062500e+02
6.146489388539553289e+00 3.814933166503906250e+02
6.149924140922085058e+00 3.835968017578125000e+02
6.153358893304615940e+00 3.819683227539062500e+02
6.156793645687146821e+00 3.806249694824218750e+02
6.160228398069678590e+00 3.780050964355468750e+02
6.163663150452209472e+00 3.711650390625000000e+02
6.167097902834741241e+00 3.724400939941406250e+02
6.170532655217271234e+00 3.729194946289062500e+02
6.173967407599803003e+00 3.699173583984375000e+02
6.177402159982333885e+00 3.705986022949218750e+02
6.180836912364865654e+00 3.726912841796875000e+02
6.184271664747396535e+00 3.659436950683593750e+02
6.187706417129928305e+00 3.663713073730468750e+02
6.191141169512459186e+00 3.664849548339843750e+02
6.194575921894990067e+00 3.612551879882812500e+02
6.198010674277520948e+00 3.617955627441406250e+02
6.201445426660052718e+00 3.672235107421875000e+02
6.204880179042583599e+00 3.682611694335937500e+02
6.208314931425115368e+00 3.651676330566406250e+02
6.211749683807646250e+00 3.588346862792968750e+02
6.215184436190178019e+00 3.564318237304687500e+02
6.218619188572708900e+00 3.595575561523437500e+02
6.222053940955239781e+00 3.602214050292968750e+02
6.225488693337770663e+00 3.579411315917968750e+02
6.228923445720301544e+00 3.574185180664062500e+02
6.232358198102833313e+00 3.566844177246093750e+02
6.235792950485364194e+00 3.554661865234375000e+02
6.239227702867895964e+00 3.622780151367187500e+02
6.242662455250426845e+00 3.602418823242187500e+02
6.246097207632957726e+00 3.555940246582031250e+02
6.249531960015488607e+00 3.558555297851562500e+02
6.252966712398020377e+00 3.609552001953125000e+02
6.256401464780551258e+00 3.621789550781250000e+02
6.259836217163083028e+00 3.670243835449218750e+02
6.263270969545613909e+00 3.755965881347656250e+02
6.266705721928145678e+00 3.785680236816406250e+02
6.270140474310675671e+00 3.780106201171875000e+02
6.273575226693207441e+00 3.829895019531250000e+02
6.277009979075738322e+00 3.965694274902343750e+02
6.280444731458270091e+00 4.011788635253906250e+02
6.283879483840800972e+00 3.999600830078125000e+02
6.287314236223332742e+00 4.008782348632812500e+02
6.290748988605863623e+00 3.982994079589843750e+02
6.294183740988394504e+00 3.902962036132812500e+02
6.297618493370925385e+00 3.800373840332031250e+02
6.301053245753457155e+00 3.705774230957031250e+02
6.304487998135988036e+00 3.638623352050781250e+02
6.307922750518518917e+00 3.558160705566406250e+02
6.311357502901050687e+00 3.523034667968750000e+02
6.314792255283581568e+00 3.583231506347656250e+02
6.318227007666113337e+00 3.615354003906250000e+02
6.321661760048643330e+00 3.590532531738281250e+02
6.325096512431175100e+00 3.602756958007812500e+02
6.328531264813705981e+00 3.747967224121093750e+02
6.331966017196237750e+00 3.928930358886718750e+02
6.335400769578768632e+00 3.982734375000000000e+02
6.338835521961300401e+00 3.938216552734375000e+02
6.342270274343831282e+00 3.847261657714843750e+02
6.345705026726362163e+00 3.686918334960937500e+02
6.349139779108893045e+00 3.582787475585937500e+02
6.352574531491424814e+00 3.558722534179687500e+02
6.356009283873955695e+00 3.538472290039062500e+02
6.359444036256487465e+00 3.555767822265625000e+02
6.362878788639018346e+00 3.602315368652343750e+02
6.366313541021550115e+00 3.564451904296875000e+02
6.369748293404080997e+00 3.484089660644531250e+02
6.373183045786611878e+00 3.477957153320312500e+02
6.376617798169142759e+00 3.552154235839843750e+02
6.380052550551673640e+00 3.599911499023437500e+02
6.383487302934205410e+00 3.526735229492187500e+02
6.386922055316736291e+00 3.483719787597656250e+02
6.390356807699268060e+00 3.510611877441406250e+02
6.393791560081798941e+00 3.549931335449218750e+02
6.397226312464329823e+00 3.588221435546875000e+02
6.400661064846860704e+00 3.596030578613281250e+02
6.404095817229392473e+00 3.597882995605468750e+02
6.407530569611923355e+00 3.598439331054687500e+02
6.410965321994455124e+00 3.661474304199218750e+02
6.414400074376986005e+00 3.694000244140625000e+02
6.417834826759517775e+00 3.708117065429687500e+02
6.421269579142047768e+00 3.731586608886718750e+02
6.424704331524579537e+00 3.768031616210937500e+02
6.428139083907110418e+00 3.791803283691406250e+02
6.431573836289642188e+00 3.792651672363281250e+02
6.435008588672173069e+00 3.791494445800781250e+02
6.438443341054704838e+00 3.805903930664062500e+02
6.441878093437235719e+00 3.758081054687500000e+02
6.445312845819766601e+00 3.652020874023437500e+02
6.448747598202297482e+00 3.543247680664062500e+02
6.452182350584829251e+00 3.545230407714843750e+02
6.455617102967360132e+00 3.586191406250000000e+02
6.459051855349891014e+00 3.570382995605468750e+02
6.462486607732422783e+00 3.565435180664062500e+02
6.465921360114953664e+00 3.528476562500000000e+02
6.469356112497485434e+00 3.488876647949218750e+02
6.472790864880015427e+00 3.447067260742187500e+02
6.476225617262547196e+00 3.482318420410156250e+02
6.479660369645078077e+00 3.546445922851562500e+02
6.483095122027609847e+00 3.551509399414062500e+02
6.486529874410140728e+00 3.498813476562500000e+02
6.489964626792672497e+00 3.437180786132812500e+02
6.493399379175203379e+00 3.453295593261718750e+02
6.496834131557734260e+00 3.479489135742187500e+02
6.500268883940265141e+00 3.489617004394531250e+02
6.503703636322796910e+00 3.507174377441406250e+02
6.507138388705327792e+00 3.568098754882812500e+02
6.510573141087859561e+00 3.632226867675781250e+02
6.514007893470390442e+00 3.626271057128906250e+02
6.517442645852922212e+00 3.619168701171875000e+02
6.520877398235453093e+00 3.575460815429687500e+02
6.524312150617983974e+00 3.537227783203125000e+02
6.527746903000514855e+00 3.514183654785156250e+02
6.531181655383045737e+00 3.562368774414062500e+02
6.534616407765577506e+00 3.591018371582031250e+02
6.538051160148108387e+00 3.607565002441406250e+02
6.541485912530640157e+00 3.611563110351562500e+02
6.544920664913171038e+00 3.616722412109375000e+02
6.548355417295701919e+00 3.583283081054687500e+02
6.551790169678232800e+00 3.540644226074218750e+02
6.555224922060764570e+00 3.522592773437500000e+02
6.558659674443295451e+00 3.509360046386718750e+02
6.562094426825827220e+00 3.467865600585937500e+02
6.565529179208358102e+00 3.521142578125000000e+02
6.568963931590889871e+00 3.567821044921875000e+02
6.572398683973419864e+00 3.551911621093750000e+02
6.575833436355951633e+00 3.542871398925781250e+02
6.579268188738482515e+00 3.559211425781250000e+02
6.582702941121014284e+00 3.604309082031250000e+02
6.586137693503545165e+00 3.638531494140625000e+02
6.589572445886076935e+00 3.657357177734375000e+02
6.593007198268607816e+00 3.695491333007812500e+02
6.596441950651138697e+00 3.628170471191406250e+02
6.599876703033669578e+00 3.578614501953125000e+02
6.603311455416201348e+00 3.580512084960937500e+02
6.606746207798732229e+00 3.551878356933593750e+02
6.610180960181263110e+00 3.517146606445312500e+02
6.613615712563794879e+00 3.527272644042968750e+02
6.617050464946325761e+00 3.524469909667968750e+02
6.620485217328857530e+00 3.473889160156250000e+02
6.623919969711387523e+00 3.436801757812500000e+02
6.627354722093919293e+00 3.424036560058593750e+02
6.630789474476450174e+00 3.428002014160156250e+02
6.634224226858981943e+00 3.435185546875000000e+02
6.637658979241512824e+00 3.452874755859375000e+02
6.641093731624044594e+00 3.518093261718750000e+02
6.644528484006575475e+00 3.516430358886718750e+02
6.647963236389106356e+00 3.553678588867187500e+02
6.651397988771637237e+00 3.533627929687500000e+02
6.654832741154169007e+00 3.485156250000000000e+02
6.658267493536699888e+00 3.463382263183593750e+02
6.661702245919231657e+00 3.446788940429687500e+02
6.665136998301762539e+00 3.453582763671875000e+02
6.668571750684294308e+00 3.512696838378906250e+02
6.672006503066824301e+00 3.529804077148437500e+02
6.675441255449356071e+00 3.555700378417968750e+02
6.678876007831886952e+00 3.607481994628906250e+02
6.682310760214417833e+00 3.647936096191406250e+02
6.685745512596949602e+00 3.721027221679687500e+02
6.689180264979480484e+00 3.796970520019531250e+02
6.692615017362012253e+00 3.806266479492187500e+02
6.696049769744543134e+00 3.728306274414062500e+02
6.699484522127074015e+00 3.615467834472656250e+02
6.702919274509604897e+00 3.521183166503906250e+02
6.706354026892136666e+00 3.488657531738281250e+02
6.709788779274667547e+00 3.490441894531250000e+02
6.713223531657199317e+00 3.499027099609375000e+02
6.716658284039730198e+00 3.457157592773437500e+02
6.720093036422261967e+00 3.424035034179687500e+02
6.723527788804791960e+00 3.441720886230468750e+02
6.726962541187323730e+00 3.398817138671875000e+02
6.730397293569854611e+00 3.378350524902343750e+02
6.733832045952386380e+00 3.432187500000000000e+02
6.737266798334917262e+00 3.432091064453125000e+02
6.740701550717449031e+00 3.405579528808593750e+02
6.744136303099979912e+00 3.412357177734375000e+02
6.747571055482510793e+00 3.446933288574218750e+02
6.751005807865041675e+00 3.425630493164062500e+02
6.754440560247573444e+00 3.453843688964843750e+02
6.757875312630104325e+00 3.498157043457031250e+02
6.761310065012635206e+00 3.537710876464843750e+02
6.764744817395166976e+00 3.525198059082031250e+02
6.768179569777697857e+00 3.516235656738281250e+02
6.771614322160229626e+00 3.481408386230468750e+02
6.775049074542759620e+00 3.480183715820312500e+02
6.778483826925291389e+00 3.416498413085937500e+02
6.781918579307822270e+00 3.367048034667968750e+02
6.785353331690354040e+00 3.376800842285156250e+02
6.788788084072884921e+00 3.447349243164062500e+02
6.792222836455416690e+00 3.468916931152343750e+02
6.795657588837947571e+00 3.523396301269531250e+02
6.799092341220478453e+00 3.540137023925781250e+02
6.802527093603009334e+00 3.607048645019531250e+02
6.805961845985541103e+00 3.627545471191406250e+02
6.809396598368071984e+00 3.621959533691406250e+02
6.812831350750603754e+00 3.642134094238281250e+02
6.816266103133134635e+00 3.607549743652343750e+02
6.819700855515666404e+00 3.561217041015625000e+02
6.823135607898196398e+00 3.507196350097656250e+02
6.826570360280728167e+00 3.491601562500000000e+02
6.830005112663259048e+00 3.457714233398437500e+02
6.833439865045790818e+00 3.427552185058593750e+02
6.836874617428321699e+00 3.423202514648437500e+02
6.840309369810852580e+00 3.438742980957031250e+02
6.843744122193384349e+00 3.472790832519531250e+02
6.847178874575915231e+00 3.474873352050781250e+02
6.850613626958446112e+00 3.487922058105468750e+02
6.854048379340976993e+00 3.523877258300781250e+02
6.857483131723508762e+00 3.613875732421875000e+02
6.860917884106039644e+00 3.624859924316406250e+02
6.864352636488571413e+00 3.556861877441406250e+02
6.867787388871102294e+00 3.515225219726562500e+02
6.871222141253634064e+00 3.514862670898437500e+02
6.874656893636164057e+00 3.472868041992187500e+02
6.878091646018695826e+00 3.418681640625000000e+02
6.881526398401226707e+00 3.444512939453125000e+02
6.884961150783758477e+00 3.516672973632812500e+02
6.888395903166289358e+00 3.710215454101562500e+02
6.891830655548821127e+00 3.927152709960937500e+02
6.895265407931352009e+00 4.112599792480468750e+02
6.898700160313882890e+00 4.276828308105468750e+02
6.902134912696413771e+00 4.380197448730468750e+02
6.905569665078945540e+00 4.341522216796875000e+02
6.909004417461476422e+00 4.154414367675781250e+02
6.912439169844007303e+00 3.962680358886718750e+02
6.915873922226539072e+00 3.785548095703125000e+02
6.919308674609069953e+00 3.613429260253906250e+02
6.922743426991601723e+00 3.484190063476562500e+02
6.926178179374131716e+00 3.433120422363281250e+02
6.929612931756663485e+00 3.402869567871093750e+02
6.933047684139194367e+00 3.408616333007812500e+02
6.936482436521726136e+00 3.447528381347656250e+02
6.939917188904257017e+00 3.442980041503906250e+02
6.943351941286788787e+00 3.455337219238281250e+02
6.946786693669319668e+00 3.470069885253906250e+02
6.950221446051850549e+00 3.517932434082031250e+02
6.953656198434381430e+00 3.552140502929687500e+02
6.957090950816913200e+00 3.529381103515625000e+02
6.960525703199444081e+00 3.463720092773437500e+02
6.963960455581975850e+00 3.453824462890625000e+02
6.967395207964506731e+00 3.459266357421875000e+02
6.970829960347038501e+00 3.406206054687500000e+02
6.974264712729568494e+00 3.379306030273437500e+02
6.977699465112100263e+00 3.481668090820312500e+02
6.981134217494631145e+00 3.533680419921875000e+02
6.984568969877162914e+00 3.481209716796875000e+02
6.988003722259693795e+00 3.482075195312500000e+02
6.991438474642224676e+00 3.493236999511718750e+02
6.994873227024756446e+00 3.456980895996093750e+02
6.998307979407287327e+00 3.398301391601562500e+02
7.001742731789818208e+00 3.447947082519531250e+02
7.005177484172349089e+00 3.495321350097656250e+02
7.008612236554880859e+00 3.485106201171875000e+02
7.012046988937411740e+00 3.441123962402343750e+02
7.015481741319943509e+00 3.433274230957031250e+02
7.018916493702474391e+00 3.418861389160156250e+02
7.022351246085006160e+00 3.421627197265625000e+02
7.025785998467536153e+00 3.410514831542968750e+02
7.029220750850067922e+00 3.417196655273437500e+02
7.032655503232598804e+00 3.413080749511718750e+02
7.036090255615130573e+00 3.422216491699218750e+02
7.039525007997661454e+00 3.399613952636718750e+02
7.042959760380193224e+00 3.385304870605468750e+02
7.046394512762724105e+00 3.331871948242187500e+02
7.049829265145254986e+00 3.329242553710937500e+02
7.053264017527785867e+00 3.320340576171875000e+02
7.056698769910317637e+00 3.302281494140625000e+02
7.060133522292848518e+00 3.306177062988281250e+02
7.063568274675379399e+00 3.340555725097656250e+02
7.067003027057911169e+00 3.408125915527343750e+02
7.070437779440442050e+00 3.452913513183593750e+02
7.073872531822972931e+00 3.510631408691406250e+02
7.077307284205503812e+00 3.585697937011718750e+02
7.080742036588035582e+00 3.606098937988281250e+02
7.084176788970566463e+00 3.595471801757812500e+02
7.087611541353098232e+00 3.582337951660156250e+02
7.091046293735629114e+00 3.580193176269531250e+02
7.094481046118160883e+00 3.625010070800781250e+02
7.097915798500691764e+00 3.658651733398437500e+02
7.101350550883222645e+00 3.669932250976562500e+02
7.104785303265753527e+00 3.574733276367187500e+02
7.108220055648285296e+00 3.490773315429687500e+02
7.111654808030816177e+00 3.436122741699218750e+02
7.115089560413347947e+00 3.350964965820312500e+02
7.118524312795878828e+00 3.307982482910156250e+02
7.121959065178410597e+00 3.309519958496093750e+02
7.125393817560940590e+00 3.286829223632812500e+02
7.128828569943472360e+00 3.291542053222656250e+02
7.132263322326003241e+00 3.317941284179687500e+02
7.135698074708535010e+00 3.305109558105468750e+02
7.139132827091065892e+00 3.276518859863281250e+02
7.142567579473596773e+00 3.290719604492187500e+02
7.146002331856128542e+00 3.315213317871093750e+02
7.149437084238658535e+00 3.329609069824218750e+02
7.152871836621190305e+00 3.369271850585937500e+02
7.156306589003721186e+00 3.389747314453125000e+02
7.159741341386252955e+00 3.397784118652343750e+02
7.163176093768782948e+00 3.446784973144531250e+02
7.166610846151314718e+00 3.478795776367187500e+02
7.170045598533845599e+00 3.492188415527343750e+02
7.173480350916377368e+00 3.439626770019531250e+02
7.176915103298908249e+00 3.379781494140625000e+02
7.180349855681440019e+00 3.381383056640625000e+02
7.183784608063970900e+00 3.306190795898437500e+02
7.187219360446502670e+00 3.252833251953125000e+02
7.190654112829033551e+00 3.274362487792968750e+02
7.194088865211565320e+00 3.239353637695312500e+02
7.197523617594096201e+00 3.242601623535156250e+02
7.200958369976627971e+00 3.283909301757812500e+02
7.204393122359158852e+00 3.266212768554687500e+02
7.207827874741689733e+00 3.242759399414062500e+02
7.211262627124221503e+00 3.257730407714843750e+02
7.214697379506751496e+00 3.263093566894531250e+02
7.218132131889282377e+00 3.203190917968750000e+02
7.221566884271814146e+00 3.165452880859375000e+02
7.225001636654345027e+00 3.166075744628906250e+02
7.228436389036875909e+00 3.176676025390625000e+02
7.231871141419407678e+00 3.206929016113281250e+02
7.235305893801938559e+00 3.164550781250000000e+02
7.238740646184470329e+00 3.223385925292968750e+02
7.242175398567001210e+00 3.295078430175781250e+02
7.245610150949532979e+00 3.192216491699218750e+02
7.249044903332063861e+00 3.133788452148437500e+02
7.252479655714595630e+00 3.133293151855468750e+02
7.255914408097126511e+00 3.140168457031250000e+02
7.259349160479658281e+00 3.125514526367187500e+02
7.262783912862187385e+00 3.087107238769531250e+02
7.266218665244719155e+00 3.024297180175781250e+02
7.269653417627250036e+00 3.042459106445312500e+02
7.273088170009781805e+00 3.006129150390625000e+02
7.276522922392312687e+00 2.987156372070312500e+02
7.279957674774844456e+00 2.957838745117187500e+02
7.283392427157375337e+00 2.973390502929687500e+02
7.286827179539907107e+00 2.884470520019531250e+02
7.290261931922437988e+00 2.773314819335937500e+02
7.293696684304968869e+00 2.716772766113281250e+02
7.297131436687500639e+00 2.660933837890625000e+02
7.300566189070031520e+00 2.630804138183593750e+02
7.304000941452563289e+00 2.614343566894531250e+02
7.307435693835094170e+00 2.534129486083984375e+02
7.310870446217625940e+00 2.469021148681640625e+02
7.314305198600155045e+00 2.398359985351562500e+02
7.317739950982686814e+00 2.287507171630859375e+02
7.321174703365217695e+00 2.267328338623046875e+02
7.324609455747749465e+00 2.358186950683593750e+02
7.328044208130280346e+00 2.371754150390625000e+02
7.331478960512812115e+00 2.366201477050781250e+02
7.334913712895342996e+00 2.335825347900390625e+02
7.338348465277874766e+00 2.338055267333984375e+02
7.341783217660405647e+00 2.308561401367187500e+02
7.345217970042937417e+00 2.349693145751953125e+02
7.348652722425468298e+00 2.303746490478515625e+02
7.352087474808000067e+00 2.266357879638671875e+02
7.355522227190530948e+00 2.220363464355468750e+02
7.358956979573061830e+00 2.227868804931640625e+02
7.362391731955593599e+00 2.240231628417968750e+02
7.365826484338123592e+00 2.248441314697265625e+02
7.369261236720654473e+00 2.185257415771484375e+02
7.372695989103186243e+00 2.115814971923828125e+02
7.376130741485717124e+00 2.163228454589843750e+02
7.379565493868248005e+00 2.115838012695312500e+02
7.383000246250779774e+00 2.041956481933593750e+02
7.386434998633310656e+00 1.993747863769531250e+02
7.389869751015842425e+00 1.947586059570312500e+02
7.393304503398373306e+00 1.896159820556640625e+02
7.396739255780905076e+00 1.960561370849609375e+02
7.400174008163435957e+00 1.883764495849609375e+02
7.403608760545967726e+00 1.928324737548828125e+02
7.407043512928498608e+00 1.901238098144531250e+02
7.410478265311030377e+00 1.848385620117187500e+02
7.413913017693559482e+00 1.773744354248046875e+02
7.417347770076091251e+00 1.848318328857421875e+02
7.420782522458622132e+00 1.834348144531250000e+02
7.424217274841153902e+00 1.883436584472656250e+02
7.427652027223684783e+00 1.967138366699218750e+02
7.431086779606216552e+00 2.110927124023437500e+02
7.434521531988747434e+00 2.082214355468750000e+02
7.437956284371279203e+00 0.000000000000000000e+00
7.441391036753810084e+00 0.000000000000000000e+00
7.444825789136340966e+00 0.000000000000000000e+00
7.448260541518872735e+00 0.000000000000000000e+00
7.451695293901403616e+00 0.000000000000000000e+00
7.455130046283935386e+00 0.000000000000000000e+00
7.458564798666466267e+00 0.000000000000000000e+00
7.461999551048998036e+00 0.000000000000000000e+00
7.465434303431527141e+00 0.000000000000000000e+00
7.468869055814058910e+00 0.000000000000000000e+00
7.472303808196589792e+00 0.000000000000000000e+00
7.475738560579121561e+00 0.000000000000000000e+00
7.479173312961652442e+00 0.000000000000000000e+00
7.482608065344184212e+00 0.000000000000000000e+00
7.486042817726715093e+00 0.000000000000000000e+00
7.489477570109246862e+00 0.000000000000000000e+00
7.492912322491777743e+00 0.000000000000000000e+00
7.496347074874309513e+00 0.000000000000000000e+00
7.499781827256840394e+00 0.000000000000000000e+00
7.503216579639372164e+00 0.000000000000000000e+00
7.506651332021903045e+00 0.000000000000000000e+00
7.510086084404433926e+00 0.000000000000000000e+00
7.513520836786963919e+00 0.000000000000000000e+00
7.516955589169495688e+00 0.000000000000000000e+00
7.520390341552026570e+00 0.000000000000000000e+00
7.523825093934558339e+00 0.000000000000000000e+00
7.527259846317089220e+00 0.000000000000000000e+00
7.530694598699620101e+00 0.000000000000000000e+00
7.534129351082151871e+00 0.000000000000000000e+00
7.537564103464682752e+00 0.000000000000000000e+00
7.540998855847214521e+00 0.000000000000000000e+00
7.544433608229745403e+00 0.000000000000000000e+00
7.547868360612277172e+00 0.000000000000000000e+00
7.551303112994808053e+00 0.000000000000000000e+00
7.554737865377339823e+00 0.000000000000000000e+00
7.558172617759870704e+00 0.000000000000000000e+00
7.561607370142402473e+00 0.000000000000000000e+00
7.565042122524931578e+00 0.000000000000000000e+00
7.568476874907463348e+00 0.000000000000000000e+00
7.571911627289994229e+00 0.000000000000000000e+00
7.575346379672525998e+00 0.000000000000000000e+00
7.578781132055056879e+00 0.000000000000000000e+00
7.582215884437588649e+00 0.000000000000000000e+00
7.585650636820119530e+00 0.000000000000000000e+00
7.589085389202651299e+00 0.000000000000000000e+00
7.592520141585182181e+00 0.000000000000000000e+00
7.595954893967713062e+00 0.000000000000000000e+00
7.599389646350244831e+00 0.000000000000000000e+00
7.602824398732775713e+00 0.000000000000000000e+00
7.606259151115307482e+00 0.000000000000000000e+00
7.609693903497838363e+00 0.000000000000000000e+00
7.613128655880370133e+00 0.000000000000000000e+00
7.616563408262899237e+00 0.000000000000000000e+00
7.619998160645431007e+00 0.000000000000000000e+00
7.623432913027961888e+00 0.000000000000000000e+00
7.626867665410493657e+00 0.000000000000000000e+00
7.630302417793024539e+00 0.000000000000000000e+00
7.633737170175556308e+00 0.000000000000000000e+00
7.637171922558087189e+00 0.000000000000000000e+00
7.640606674940618959e+00 0.000000000000000000e+00
7.644041427323149840e+00 0.000000000000000000e+00
7.647476179705681609e+00 0.000000000000000000e+00
7.650910932088212490e+00 0.000000000000000000e+00
7.654345684470744260e+00 0.000000000000000000e+00
7.657780436853275141e+00 0.000000000000000000e+00
7.661215189235806022e+00 0.000000000000000000e+00
7.664649941618336015e+00 0.000000000000000000e+00
7.668084694000867785e+00 0.000000000000000000e+00
7.671519446383398666e+00 0.000000000000000000e+00
7.674954198765930435e+00 0.000000000000000000e+00
7.678388951148461317e+00 0.000000000000000000e+00
7.681823703530992198e+00 0.000000000000000000e+00
7.685258455913523967e+00 0.000000000000000000e+00
7.688693208296054848e+00 0.000000000000000000e+00
7.692127960678586618e+00 0.000000000000000000e+00
7.695562713061117499e+00 0.000000000000000000e+00
7.698997465443649268e+00 0.000000000000000000e+00
7.702432217826180150e+00 0.000000000000000000e+00
7.705866970208711919e+00 0.000000000000000000e+00
7.709301722591242800e+00 0.000000000000000000e+00
7.712736474973774570e+00 0.000000000000000000e+00
7.716171227356303675e+00 0.000000000000000000e+00
7.719605979738835444e+00 0.000000000000000000e+00
7.723040732121366325e+00 0.000000000000000000e+00
7.726475484503898095e+00 0.000000000000000000e+00
7.729910236886428976e+00 0.000000000000000000e+00
7.733344989268960745e+00 0.000000000000000000e+00
7.736779741651491626e+00 0.000000000000000000e+00
7.740214494034023396e+00 0.000000000000000000e+00
7.743649246416554277e+00 0.000000000000000000e+00
7.747083998799085158e+00 0.000000000000000000e+00
7.750518751181616928e+00 0.000000000000000000e+00
7.753953503564147809e+00 0.000000000000000000e+00
7.757388255946679578e+00 0.000000000000000000e+00
7.760823008329210460e+00 0.000000000000000000e+00
7.764257760711742229e+00 0.000000000000000000e+00
7.767692513094271334e+00 0.000000000000000000e+00
7.771127265476803103e+00 0.000000000000000000e+00
7.774562017859333984e+00 0.000000000000000000e+00
7.777996770241865754e+00 0.000000000000000000e+00
7.781431522624396635e+00 0.000000000000000000e+00
7.784866275006928404e+00 0.000000000000000000e+00
7.788301027389459286e+00 0.000000000000000000e+00
7.791735779771991055e+00 0.000000000000000000e+00
7.795170532154521936e+00 0.000000000000000000e+00
7.798605284537053706e+00 0.000000000000000000e+00
7.802040036919584587e+00 0.000000000000000000e+00
7.805474789302116356e+00 0.000000000000000000e+00
7.808909541684647238e+00 0.000000000000000000e+00
7.812344294067178119e+00 0.000000000000000000e+00
7.815779046449708112e+00 0.000000000000000000e+00
7.819213798832239881e+00 0.000000000000000000e+00
7.822648551214770762e+00 0.000000000000000000e+00
7.826083303597302532e+00 0.000000000000000000e+00
7.829518055979833413e+00 0.000000000000000000e+00
7.832952808362364294e+00 0.000000000000000000e+00
7.836387560744896064e+00 0.000000000000000000e+00
7.839822313127426945e+00 0.000000000000000000e+00
7.843257065509958714e+00 0.000000000000000000e+00
7.846691817892489595e+00 0.000000000000000000e+00
7.850126570275021365e+00 0.000000000000000000e+00
7.853561322657552246e+00 0.000000000000000000e+00
7.856996075040084015e+00 0.000000000000000000e+00
7.860430827422614897e+00 0.000000000000000000e+00
7.863865579805146666e+00 0.000000000000000000e+00
7.867300332187675771e+00 0.000000000000000000e+00
7.870735084570207540e+00 0.000000000000000000e+00
7.874169836952738422e+00 0.000000000000000000e+00
7.877604589335270191e+00 0.000000000000000000e+00
7.881039341717801072e+00 0.000000000000000000e+00
7.884474094100332842e+00 0.000000000000000000e+00
7.887908846482863723e+00 0.000000000000000000e+00
7.891343598865395492e+00 0.000000000000000000e+00
7.894778351247926373e+00 0.000000000000000000e+00
7.898213103630457255e+00 0.000000000000000000e+00
7.901647856012989024e+00 0.000000000000000000e+00
7.905082608395519905e+00 0.000000000000000000e+00
7.908517360778051675e+00 0.000000000000000000e+00
7.911952113160582556e+00 0.000000000000000000e+00
7.915386865543112549e+00 0.000000000000000000e+00
7.918821617925643430e+00 0.000000000000000000e+00
7.922256370308175200e+00 0.000000000000000000e+00
7.925691122690706081e+00 0.000000000000000000e+00
7.929125875073237850e+00 0.000000000000000000e+00
7.932560627455768731e+00 0.000000000000000000e+00
7.935995379838300501e+00 0.000000000000000000e+00
7.939430132220831382e+00 0.000000000000000000e+00
7.942864884603363151e+00 0.000000000000000000e+00
7.946299636985894033e+00 0.000000000000000000e+00
7.949734389368425802e+00 0.000000000000000000e+00
7.953169141750956683e+00 0.000000000000000000e+00
7.956603894133488453e+00 0.000000000000000000e+00
7.960038646516019334e+00 0.000000000000000000e+00
7.963473398898551103e+00 0.000000000000000000e+00
7.966908151281080208e+00 0.000000000000000000e+00
7.970342903663611978e+00 0.000000000000000000e+00
7.973777656046142859e+00 0.000000000000000000e+00
7.977212408428674628e+00 0.000000000000000000e+00
7.980647160811205509e+00 0.000000000000000000e+00
7.984081913193736391e+00 0.000000000000000000e+00
7.987516665576268160e+00 0.000000000000000000e+00
7.990951417958799041e+00 0.000000000000000000e+00
7.994386170341330811e+00 0.000000000000000000e+00
7.997820922723861692e+00 0.000000000000000000e+00
8.001255675106392573e+00 0.000000000000000000e+00
8.004690427488924342e+00 0.000000000000000000e+00
8.008125179871456112e+00 0.000000000000000000e+00
8.011559932253987881e+00 0.000000000000000000e+00
8.014994684636517874e+00 0.000000000000000000e+00
8.018429437019047867e+00 0.000000000000000000e+00
8.021864189401579637e+00 0.000000000000000000e+00
8.025298941784111406e+00 0.000000000000000000e+00
8.028733694166641399e+00 0.000000000000000000e+00
8.032168446549173169e+00 0.000000000000000000e+00
8.035603198931704938e+00 0.000000000000000000e+00
8.039037951314236707e+00 0.000000000000000000e+00
8.042472703696766700e+00 0.000000000000000000e+00
8.045907456079298470e+00 0.000000000000000000e+00
8.049342208461830239e+00 0.000000000000000000e+00
8.052776960844360232e+00 0.000000000000000000e+00
8.056211713226892002e+00 0.000000000000000000e+00
8.059646465609423771e+00 0.000000000000000000e+00
8.063081217991955540e+00 0.000000000000000000e+00
8.066515970374485534e+00 0.000000000000000000e+00
8.069950722757015527e+00 0.000000000000000000e+00
8.073385475139547296e+00 0.000000000000000000e+00
8.076820227522079065e+00 0.000000000000000000e+00
8.080254979904609058e+00 0.000000000000000000e+00
8.083689732287140828e+00 0.000000000000000000e+00
8.087124484669672597e+00 0.000000000000000000e+00
8.090559237052204367e+00 0.000000000000000000e+00
8.093993989434734360e+00 0.000000000000000000e+00
8.097428741817266129e+00 0.000000000000000000e+00
8.100863494199797898e+00 0.000000000000000000e+00
8.104298246582329668e+00 0.000000000000000000e+00
8.107732998964859661e+00 0.000000000000000000e+00
8.111167751347391430e+00 0.000000000000000000e+00
8.114602503729923200e+00 0.000000000000000000e+00
8.118037256112453193e+00 0.000000000000000000e+00
8.121472008494983186e+00 0.000000000000000000e+00
8.124906760877514955e+00 0.000000000000000000e+00
8.128341513260046725e+00 0.000000000000000000e+00
8.131776265642578494e+00 0.000000000000000000e+00
8.135211018025108487e+00 0.000000000000000000e+00
8.138645770407640256e+00 0.000000000000000000e+00
8.142080522790172026e+00 0.000000000000000000e+00
8.145515275172702019e+00 0.000000000000000000e+00
8.148950027555233788e+00 0.000000000000000000e+00
8.152384779937765558e+00 0.000000000000000000e+00
8.155819532320297327e+00 0.000000000000000000e+00
8.159254284702827320e+00 0.000000000000000000e+00
8.162689037085359089e+00 0.000000000000000000e+00
8.166123789467890859e+00 0.000000000000000000e+00
8.169558541850420852e+00 0.000000000000000000e+00
8.172993294232950845e+00 0.000000000000000000e+00
8.176428046615482614e+00 0.000000000000000000e+00
8.179862798998014384e+00 0.000000000000000000e+00
8.183297551380546153e+00 0.000000000000000000e+00
8.186732303763076146e+00 0.000000000000000000e+00
8.190167056145607916e+00 0.000000000000000000e+00
8.193601808528139685e+00 0.000000000000000000e+00
8.197036560910671454e+00 0.000000000000000000e+00
8.200471313293201447e+00 0.000000000000000000e+00
8.203906065675733217e+00 0.000000000000000000e+00
8.207340818058264986e+00 0.000000000000000000e+00
8.210775570440794979e+00 0.000000000000000000e+00
8.214210322823326749e+00 0.000000000000000000e+00
8.217645075205856742e+00 0.000000000000000000e+00
8.221079827588388511e+00 0.000000000000000000e+00
8.224514579970918504e+00 0.000000000000000000e+00
8.227949332353450274e+00 0.000000000000000000e+00
8.231384084735982043e+00 0.000000000000000000e+00
8.234818837118513812e+00 0.000000000000000000e+00
8.238253589501043805e+00 0.000000000000000000e+00
8.241688341883575575e+00 0.000000000000000000e+00
8.245123094266107344e+00 0.000000000000000000e+00
8.248557846648639114e+00 0.000000000000000000e+00
8.251992599031169107e+00 0.000000000000000000e+00
8.255427351413700876e+00 0.000000000000000000e+00
8.258862103796232645e+00 0.000000000000000000e+00
8.262296856178764415e+00 0.000000000000000000e+00
8.265731608561294408e+00 0.000000000000000000e+00
8.269166360943824401e+00 0.000000000000000000e+00
8.272601113326356170e+00 0.000000000000000000e+00
8.276035865708887940e+00 0.000000000000000000e+00
8.279470618091417933e+00 0.000000000000000000e+00
8.282905370473949702e+00 0.000000000000000000e+00
8.286340122856481472e+00 0.000000000000000000e+00
8.289774875239011465e+00 0.000000000000000000e+00
8.293209627621543234e+00 0.000000000000000000e+00
8.296644380004075003e+00 0.000000000000000000e+00
8.300079132386606773e+00 0.000000000000000000e+00
8.303513884769136766e+00 0.000000000000000000e+00
8.306948637151668535e+00 0.000000000000000000e+00
8.310383389534200305e+00 0.000000000000000000e+00
8.313818141916732074e+00 0.000000000000000000e+00
8.317252894299262067e+00 0.000000000000000000e+00
8.320687646681792060e+00 0.000000000000000000e+00
8.324122399064323830e+00 0.000000000000000000e+00
8.327557151446855599e+00 0.000000000000000000e+00
8.330991903829385592e+00 0.000000000000000000e+00
8.334426656211917361e+00 0.000000000000000000e+00
8.337861408594449131e+00 0.000000000000000000e+00
8.341296160976980900e+00 0.000000000000000000e+00
8.344730913359510893e+00 0.000000000000000000e+00
8.348165665742042663e+00 0.000000000000000000e+00
8.351600418124574432e+00 0.000000000000000000e+00
8.355035170507104425e+00 0.000000000000000000e+00
8.358469922889636194e+00 0.000000000000000000e+00
8.361904675272167964e+00 0.000000000000000000e+00
8.365339427654699733e+00 0.000000000000000000e+00
8.368774180037229726e+00 0.000000000000000000e+00
8.372208932419759719e+00 0.000000000000000000e+00
8.375643684802291489e+00 0.000000000000000000e+00
8.379078437184823258e+00 0.000000000000000000e+00
8.382513189567353251e+00 0.000000000000000000e+00
8.385947941949885021e+00 0.000000000000000000e+00
8.389382694332416790e+00 0.000000000000000000e+00
8.392817446714948559e+00 0.000000000000000000e+00
8.396252199097478552e+00 0.000000000000000000e+00
8.399686951480010322e+00 0.000000000000000000e+00
8.403121703862542091e+00 0.000000000000000000e+00
8.406556456245073861e+00 0.000000000000000000e+00
8.409991208627603854e+00 0.000000000000000000e+00
8.413425961010135623e+00 0.000000000000000000e+00
8.416860713392667392e+00 0.000000000000000000e+00
8.420295465775197385e+00 0.000000000000000000e+00
8.423730218157727379e+00 0.000000000000000000e+00
8.427164970540259148e+00 0.000000000000000000e+00
8.430599722922790917e+00 0.000000000000000000e+00
8.434034475305322687e+00 0.000000000000000000e+00
8.437469227687852680e+00 0.000000000000000000e+00
8.440903980070384449e+00 0.000000000000000000e+00
8.444338732452916219e+00 0.000000000000000000e+00
8.447773484835446212e+00 0.000000000000000000e+00
8.451208237217977981e+00 0.000000000000000000e+00
8.454642989600509750e+00 0.000000000000000000e+00
8.458077741983041520e+00 0.000000000000000000e+00
8.461512494365571513e+00 0.000000000000000000e+00
8.464947246748103282e+00 0.000000000000000000e+00
8.468381999130633275e+00 0.000000000000000000e+00
8.471816751513165045e+00 0.000000000000000000e+00
8.475251503895695038e+00 0.000000000000000000e+00
8.478686256278226807e+00 0.000000000000000000e+00
8.482121008660758577e+00 0.000000000000000000e+00
8.485555761043290346e+00 0.000000000000000000e+00
8.488990513425820339e+00 0.000000000000000000e+00
8.492425265808352108e+00 0.000000000000000000e+00
8.495860018190883878e+00 0.000000000000000000e+00
8.499294770573415647e+00 0.000000000000000000e+00
8.502729522955945640e+00 0.000000000000000000e+00
8.506164275338477410e+00 0.000000000000000000e+00
8.509599027721009179e+00 0.000000000000000000e+00
8.513033780103539172e+00 0.000000000000000000e+00
8.516468532486070941e+00 0.000000000000000000e+00
8.519903284868600934e+00 0.000000000000000000e+00
8.523338037251132704e+00 0.000000000000000000e+00
8.526772789633662697e+00 0.000000000000000000e+00
8.530207542016194466e+00 0.000000000000000000e+00
8.533642294398726236e+00 0.000000000000000000e+00
8.537077046781258005e+00 0.000000000000000000e+00
8.540511799163787998e+00 0.000000000000000000e+00
8.543946551546319768e+00 0.000000000000000000e+00
8.547381303928851537e+00 0.000000000000000000e+00
8.550816056311383306e+00 0.000000000000000000e+00
8.554250808693913299e+00 0.000000000000000000e+00
8.557685561076445069e+00 0.000000000000000000e+00
8.561120313458976838e+00 0.000000000000000000e+00
8.564555065841508608e+00 0.000000000000000000e+00
8.567989818224038601e+00 0.000000000000000000e+00
8.571424570606568594e+00 0.000000000000000000e+00
8.574859322989100363e+00 0.000000000000000000e+00
8.578294075371632132e+00 0.000000000000000000e+00
8.581728827754162126e+00 0.000000000000000000e+00
8.585163580136693895e+00 0.000000000000000000e+00
8.588598332519225664e+00 0.000000000000000000e+00
8.592033084901755657e+00 0.000000000000000000e+00
8.595467837284287427e+00 0.000000000000000000e+00
8.598902589666819196e+00 0.000000000000000000e+00
8.602337342049350966e+00 0.000000000000000000e+00
8.605772094431880959e+00 0.000000000000000000e+00
8.609206846814412728e+00 0.000000000000000000e+00
8.612641599196944497e+00 0.000000000000000000e+00
8.616076351579476267e+00 0.000000000000000000e+00
8.619511103962004483e+00 0.000000000000000000e+00
8.622945856344536253e+00 0.000000000000000000e+00
8.626380608727068022e+00 0.000000000000000000e+00
8.629815361109599792e+00 0.000000000000000000e+00
8.633250113492129785e+00 0.000000000000000000e+00
8.636684865874661554e+00 0.000000000000000000e+00
8.640119618257193324e+00 0.000000000000000000e+00
8.643554370639725093e+00 0.000000000000000000e+00
8.646989123022255086e+00 0.000000000000000000e+00
8.650423875404786855e+00 0.000000000000000000e+00
8.653858627787318625e+00 0.000000000000000000e+00
8.657293380169850394e+00 0.000000000000000000e+00
8.660728132552380387e+00 0.000000000000000000e+00
8.664162884934912157e+00 0.000000000000000000e+00
8.667597637317443926e+00 0.000000000000000000e+00
8.671032389699973919e+00 0.000000000000000000e+00
8.674467142082503912e+00 0.000000000000000000e+00
8.677901894465035681e+00 0.000000000000000000e+00
8.681336646847567451e+00 0.000000000000000000e+00
8.684771399230097444e+00 0.000000000000000000e+00
8.688206151612629213e+00 0.000000000000000000e+00
8.691640903995160983e+00 0.000000000000000000e+00
8.695075656377692752e+00 0.000000000000000000e+00
8.698510408760222745e+00 0.000000000000000000e+00
8.701945161142754515e+00 0.000000000000000000e+00
8.705379913525286284e+00 0.000000000000000000e+00
8.708814665907818053e+00 0.000000000000000000e+00
8.712249418290348046e+00 0.000000000000000000e+00
8.715684170672879816e+00 0.000000000000000000e+00
8.719118923055411585e+00 0.000000000000000000e+00
8.722553675437941578e+00 0.000000000000000000e+00
8.725988427820471571e+00 0.000000000000000000e+00
8.729423180203003341e+00 0.000000000000000000e+00
8.732857932585535110e+00 0.000000000000000000e+00
8.736292684968066879e+00 0.000000000000000000e+00
8.739727437350596873e+00 0.000000000000000000e+00
8.743162189733128642e+00 0.000000000000000000e+00
8.746596942115660411e+00 0.000000000000000000e+00
8.750031694498190404e+00 0.000000000000000000e+00
8.753466446880722174e+00 0.000000000000000000e+00
8.756901199263253943e+00 0.000000000000000000e+00
8.760335951645785713e+00 0.000000000000000000e+00
8.763770704028315706e+00 0.000000000000000000e+00
8.767205456410847475e+00 0.000000000000000000e+00
8.770640208793377468e+00 0.000000000000000000e+00
8.774074961175909237e+00 0.000000000000000000e+00
8.777509713558439230e+00 0.000000000000000000e+00
8.780944465940971000e+00 0.000000000000000000e+00
8.784379218323502769e+00 0.000000000000000000e+00
8.787813970706034539e+00 0.000000000000000000e+00
8.791248723088564532e+00 0.000000000000000000e+00
8.794683475471096301e+00 0.000000000000000000e+00
8.798118227853628071e+00 0.000000000000000000e+00
8.801552980236159840e+00 0.000000000000000000e+00
8.804987732618689833e+00 0.000000000000000000e+00
8.808422485001221602e+00 0.000000000000000000e+00
8.811857237383753372e+00 0.000000000000000000e+00
8.815291989766283365e+00 0.000000000000000000e+00
8.818726742148815134e+00 0.000000000000000000e+00
8.822161494531345127e+00 0.000000000000000000e+00
8.825596246913876897e+00 0.000000000000000000e+00
8.829030999296408666e+00 0.000000000000000000e+00
8.832465751678938659e+00 0.000000000000000000e+00
8.835900504061470428e+00 0.000000000000000000e+00
8.839335256444002198e+00 0.000000000000000000e+00
8.842770008826532191e+00 0.000000000000000000e+00
8.846204761209063960e+00 0.000000000000000000e+00
8.849639513591595730e+00 0.000000000000000000e+00
8.853074265974127499e+00 0.000000000000000000e+00
8.856509018356657492e+00 0.000000000000000000e+00
8.859943770739189262e+00 0.000000000000000000e+00
8.863378523121721031e+00 0.000000000000000000e+00
8.866813275504252800e+00 0.000000000000000000e+00
8.870248027886781017e+00 0.000000000000000000e+00
8.873682780269312786e+00 0.000000000000000000e+00
8.877117532651844556e+00 0.000000000000000000e+00
8.880552285034376325e+00 0.000000000000000000e+00
8.883987037416906318e+00 0.000000000000000000e+00
8.887421789799438088e+00 0.000000000000000000e+00
8.890856542181969857e+00 0.000000000000000000e+00
8.894291294564501626e+00 0.000000000000000000e+00
8.897726046947031620e+00 0.000000000000000000e+00
8.901160799329563389e+00 0.000000000000000000e+00
8.904595551712095158e+00 0.000000000000000000e+00
8.908030304094625151e+00 0.000000000000000000e+00
8.911465056477156921e+00 0.000000000000000000e+00
8.914899808859688690e+00 0.000000000000000000e+00
8.918334561242220460e+00 0.000000000000000000e+00
8.921769313624748676e+00 0.000000000000000000e+00
8.925204066007280446e+00 0.000000000000000000e+00
8.928638818389812215e+00 0.000000000000000000e+00
8.932073570772343984e+00 0.000000000000000000e+00
8.935508323154873978e+00 0.000000000000000000e+00
8.938943075537405747e+00 0.000000000000000000e+00
8.942377827919937516e+00 0.000000000000000000e+00
8.945812580302469286e+00 0.000000000000000000e+00
8.949247332684999279e+00 0.000000000000000000e+00
8.952682085067531048e+00 0.000000000000000000e+00
8.956116837450062818e+00 0.000000000000000000e+00
8.959551589832594587e+00 0.000000000000000000e+00
8.962986342215124580e+00 0.000000000000000000e+00
8.966421094597656349e+00 0.000000000000000000e+00
8.969855846980188119e+00 0.000000000000000000e+00
8.973290599362718112e+00 0.000000000000000000e+00
8.976725351745248105e+00 0.000000000000000000e+00
8.980160104127779874e+00 0.000000000000000000e+00
8.983594856510311644e+00 0.000000000000000000e+00
8.987029608892841637e+00 0.000000000000000000e+00
8.990464361275373406e+00 0.000000000000000000e+00
8.993899113657905176e+00 0.000000000000000000e+00
8.997333866040436945e+00 0.000000000000000000e+00
9.000768618422966938e+00 0.000000000000000000e+00
9.004203370805498707e+00 0.000000000000000000e+00
9.007638123188030477e+00 0.000000000000000000e+00
9.011072875570562246e+00 0.000000000000000000e+00
9.014507627953092239e+00 0.000000000000000000e+00
9.017942380335624009e+00 0.000000000000000000e+00
9.021377132718154002e+00 0.000000000000000000e+00
9.024811885100685771e+00 0.000000000000000000e+00
9.028246637483215764e+00 0.000000000000000000e+00
9.031681389865747533e+00 0.000000000000000000e+00
9.035116142248279303e+00 0.000000000000000000e+00
9.038550894630811072e+00 0.000000000000000000e+00
9.041985647013341065e+00 0.000000000000000000e+00
9.045420399395872835e+00 0.000000000000000000e+00
9.048855151778404604e+00 0.000000000000000000e+00
9.052289904160934597e+00 0.000000000000000000e+00
9.055724656543466367e+00 0.000000000000000000e+00
9.059159408925998136e+00 0.000000000000000000e+00
9.062594161308529905e+00 0.000000000000000000e+00
9.066028913691059898e+00 0.000000000000000000e+00
9.069463666073591668e+00 0.000000000000000000e+00
9.072898418456121661e+00 0.000000000000000000e+00
9.076333170838653430e+00 0.000000000000000000e+00
9.079767923221183423e+00 0.000000000000000000e+00
9.083202675603715193e+00 0.000000000000000000e+00
9.086637427986246962e+00 0.000000000000000000e+00
9.090072180368778731e+00 0.000000000000000000e+00
9.093506932751308725e+00 0.000000000000000000e+00
9.096941685133840494e+00 0.000000000000000000e+00
9.100376437516372263e+00 0.000000000000000000e+00
9.103811189898904033e+00 0.000000000000000000e+00
9.107245942281434026e+00 0.000000000000000000e+00
9.110680694663965795e+00 0.000000000000000000e+00
9.114115447046497565e+00 0.000000000000000000e+00
9.117550199429027558e+00 0.000000000000000000e+00
9.120984951811559327e+00 0.000000000000000000e+00
9.124419704194089320e+00 0.000000000000000000e+00
9.127854456576621089e+00 0.000000000000000000e+00
9.131289208959152859e+00 0.000000000000000000e+00
9.134723961341682852e+00 0.000000000000000000e+00
9.138158713724214621e+00 0.000000000000000000e+00
9.141593466106746391e+00 0.000000000000000000e+00
9.145028218489276384e+00 0.000000000000000000e+00
9.148462970871808153e+00 0.000000000000000000e+00
9.151897723254339923e+00 0.000000000000000000e+00
9.155332475636871692e+00 0.000000000000000000e+00
9.158767228019401685e+00 0.000000000000000000e+00
9.162201980401933454e+00 0.000000000000000000e+00
9.165636732784465224e+00 0.000000000000000000e+00
9.169071485166996993e+00 0.000000000000000000e+00
9.172506237549525210e+00 0.000000000000000000e+00
9.175940989932056979e+00 0.000000000000000000e+00
9.179375742314588749e+00 0.000000000000000000e+00
9.182810494697120518e+00 0.000000000000000000e+00
9.186245247079650511e+00 0.000000000000000000e+00
9.189679999462182280e+00 0.000000000000000000e+00
9.193114751844714050e+00 0.000000000000000000e+00
9.196549504227245819e+00 0.000000000000000000e+00
9.199984256609775812e+00 0.000000000000000000e+00
9.203419008992307582e+00 0.000000000000000000e+00
9.206853761374839351e+00 0.000000000000000000e+00
9.210288513757369344e+00 0.000000000000000000e+00
9.213723266139901114e+00 0.000000000000000000e+00
9.217158018522432883e+00 0.000000000000000000e+00
9.220592770904964652e+00 0.000000000000000000e+00
9.224027523287492869e+00 0.000000000000000000e+00
9.227462275670024638e+00 0.000000000000000000e+00
9.230897028052556408e+00 0.000000000000000000e+00
9.234331780435088177e+00 0.000000000000000000e+00
9.237766532817618170e+00 0.000000000000000000e+00
9.241201285200149940e+00 0.000000000000000000e+00
9.244636037582681709e+00 0.000000000000000000e+00
9.248070789965213478e+00 0.000000000000000000e+00
9.251505542347743472e+00 0.000000000000000000e+00
9.254940294730275241e+00 0.000000000000000000e+00
9.258375047112807010e+00 0.000000000000000000e+00
9.261809799495338780e+00 0.000000000000000000e+00
9.265244551877868773e+00 0.000000000000000000e+00
9.268679304260400542e+00 0.000000000000000000e+00
9.272114056642930535e+00 0.000000000000000000e+00
9.275548809025462305e+00 0.000000000000000000e+00
9.278983561407992298e+00 0.000000000000000000e+00
9.282418313790524067e+00 0.000000000000000000e+00
9.285853066173055836e+00 0.000000000000000000e+00
9.289287818555585829e+00 0.000000000000000000e+00
9.292722570938117599e+00 0.000000000000000000e+00
9.296157323320649368e+00 0.000000000000000000e+00
9.299592075703181138e+00 0.000000000000000000e+00
9.303026828085711131e+00 0.000000000000000000e+00
9.306461580468242900e+00 0.000000000000000000e+00
9.309896332850774670e+00 0.000000000000000000e+00
9.313331085233306439e+00 0.000000000000000000e+00
9.316765837615836432e+00 0.000000000000000000e+00
9.320200589998368201e+00 0.000000000000000000e+00
9.323635342380898194e+00 0.000000000000000000e+00
9.327070094763429964e+00 0.000000000000000000e+00
9.330504847145959957e+00 0.000000000000000000e+00
9.333939599528491726e+00 0.000000000000000000e+00
9.337374351911023496e+00 0.000000000000000000e+00
9.340809104293555265e+00 0.000000000000000000e+00
9.344243856676085258e+00 0.000000000000000000e+00
9.347678609058617027e+00 0.000000000000000000e+00
9.351113361441148797e+00 0.000000000000000000e+00
9.354548113823678790e+00 0.000000000000000000e+00
9.357982866206210559e+00 0.000000000000000000e+00
9.361417618588742329e+00 0.000000000000000000e+00
9.364852370971274098e+00 0.000000000000000000e+00
9.368287123353804091e+00 0.000000000000000000e+00
9.371721875736335861e+00 0.000000000000000000e+00
9.375156628118865854e+00 0.000000000000000000e+00
9.378591380501397623e+00 0.000000000000000000e+00
9.382026132883927616e+00 0.000000000000000000e+00
9.385460885266459385e+00 0.000000000000000000e+00
9.388895637648991155e+00 0.000000000000000000e+00
9.392330390031522924e+00 0.000000000000000000e+00
9.395765142414052917e+00 0.000000000000000000e+00
9.399199894796584687e+00 0.000000000000000000e+00
9.402634647179116456e+00 0.000000000000000000e+00
9.406069399561648225e+00 0.000000000000000000e+00
9.409504151944178219e+00 0.000000000000000000e+00
9.412938904326709988e+00 0.000000000000000000e+00
9.416373656709241757e+00 0.000000000000000000e+00
9.419808409091771750e+00 0.000000000000000000e+00
9.423243161474301743e+00 0.000000000000000000e+00
9.426677913856833513e+00 0.000000000000000000e+00
9.430112666239365282e+00 0.000000000000000000e+00
9.433547418621897052e+00 0.000000000000000000e+00
9.436982171004427045e+00 0.000000000000000000e+00
9.440416923386958814e+00 0.000000000000000000e+00
9.443851675769490583e+00 0.000000000000000000e+00
9.447286428152020576e+00 0.000000000000000000e+00
9.450721180534552346e+00 0.000000000000000000e+00
9.454155932917084115e+00 0.000000000000000000e+00
9.457590685299615885e+00 0.000000000000000000e+00
9.461025437682145878e+00 0.000000000000000000e+00
9.464460190064677647e+00 0.000000000000000000e+00
9.467894942447209417e+00 0.000000000000000000e+00
9.471329694829741186e+00 0.000000000000000000e+00
9.474764447212269403e+00 0.000000000000000000e+00
9.478199199594801172e+00 0.000000000000000000e+00
9.481633951977332941e+00 0.000000000000000000e+00
9.485068704359864711e+00 0.000000000000000000e+00
9.488503456742394704e+00 0.000000000000000000e+00
9.491938209124926473e+00 0.000000000000000000e+00
9.495372961507458243e+00 0.000000000000000000e+00
9.498807713889990012e+00 0.000000000000000000e+00
9.502242466272520005e+00 0.000000000000000000e+00
9.505677218655051774e+00 0.000000000000000000e+00
9.509111971037583544e+00 0.000000000000000000e+00
9.512546723420113537e+00 0.000000000000000000e+00
9.515981475802645306e+00 0.000000000000000000e+00
9.519416228185177076e+00 0.000000000000000000e+00
9.522850980567708845e+00 0.000000000000000000e+00
9.526285732950237062e+00 0.000000000000000000e+00
9.529720485332768831e+00 0.000000000000000000e+00
9.533155237715300601e+00 0.000000000000000000e+00
9.536589990097832370e+00 0.000000000000000000e+00
9.540024742480362363e+00 0.000000000000000000e+00
9.543459494862894132e+00 0.000000000000000000e+00
9.546894247245425902e+00 0.000000000000000000e+00
9.550328999627957671e+00 0.000000000000000000e+00
9.553763752010487664e+00 0.000000000000000000e+00
9.557198504393019434e+00 0.000000000000000000e+00
9.560633256775551203e+00 0.000000000000000000e+00
9.564068009158082972e+00 0.000000000000000000e+00
9.567502761540612966e+00 0.000000000000000000e+00
9.570937513923144735e+00 0.000000000000000000e+00
9.574372266305674728e+00 0.000000000000000000e+00
9.577807018688206497e+00 0.000000000000000000e+00
9.581241771070736490e+00 0.000000000000000000e+00
9.584676523453268260e+00 0.000000000000000000e+00
9.588111275835800029e+00 0.000000000000000000e+00
9.591546028218330022e+00 0.000000000000000000e+00
9.594980780600861792e+00 0.000000000000000000e+00
9.598415532983393561e+00 0.000000000000000000e+00
9.601850285365925330e+00 0.000000000000000000e+00
9.605285037748455323e+00 0.000000000000000000e+00
9.608719790130987093e+00 0.000000000000000000e+00
9.612154542513518862e+00 0.000000000000000000e+00
9.615589294896050632e+00 0.000000000000000000e+00
9.619024047278580625e+00 0.000000000000000000e+00
9.622458799661112394e+00 0.000000000000000000e+00
9.625893552043642387e+00 0.000000000000000000e+00
9.629328304426174157e+00 0.000000000000000000e+00
9.632763056808704150e+00 0.000000000000000000e+00
9.636197809191235919e+00 0.000000000000000000e+00
9.639632561573767688e+00 0.000000000000000000e+00
9.643067313956299458e+00 0.000000000000000000e+00
9.646502066338829451e+00 0.000000000000000000e+00
9.649936818721361220e+00 0.000000000000000000e+00
9.653371571103892990e+00 0.000000000000000000e+00
9.656806323486422983e+00 0.000000000000000000e+00
9.660241075868954752e+00 0.000000000000000000e+00
9.663675828251486521e+00 0.000000000000000000e+00
9.667110580634018291e+00 0.000000000000000000e+00
9.670545333016548284e+00 0.000000000000000000e+00
9.673980085399080053e+00 0.000000000000000000e+00
9.677414837781610046e+00 0.000000000000000000e+00
9.680849590164141816e+00 0.000000000000000000e+00
9.684284342546671809e+00 0.000000000000000000e+00
9.687719094929203578e+00 0.000000000000000000e+00
9.691153847311735348e+00 0.000000000000000000e+00
9.694588599694267117e+00 0.000000000000000000e+00
9.698023352076797110e+00 0.000000000000000000e+00
9.701458104459328879e+00 0.000000000000000000e+00
9.704892856841860649e+00 0.000000000000000000e+00
9.708327609224392418e+00 0.000000000000000000e+00
9.711762361606922411e+00 0.000000000000000000e+00
9.715197113989454181e+00 0.000000000000000000e+00
9.718631866371985950e+00 0.000000000000000000e+00
9.722066618754515943e+00 0.000000000000000000e+00
9.725501371137045936e+00 0.000000000000000000e+00
9.728936123519577706e+00 0.000000000000000000e+00
9.732370875902109475e+00 0.000000000000000000e+00
9.735805628284641244e+00 0.000000000000000000e+00
9.739240380667171237e+00 0.000000000000000000e+00
9.742675133049703007e+00 0.000000000000000000e+00
9.746109885432234776e+00 0.000000000000000000e+00
9.749544637814764769e+00 0.000000000000000000e+00
9.752979390197296539e+00 0.000000000000000000e+00
9.756414142579828308e+00 0.000000000000000000e+00
9.759848894962360077e+00 0.000000000000000000e+00
9.763283647344890070e+00 0.000000000000000000e+00
9.766718399727421840e+00 0.000000000000000000e+00
9.770153152109953609e+00 0.000000000000000000e+00
9.773587904492485379e+00 0.000000000000000000e+00
9.777022656875013595e+00 0.000000000000000000e+00
9.780457409257545365e+00 0.000000000000000000e+00
9.783892161640077134e+00 0.000000000000000000e+00
9.787326914022608904e+00 0.000000000000000000e+00
9.790761666405138897e+00 0.000000000000000000e+00
9.794196418787670666e+00 0.000000000000000000e+00
9.797631171170202435e+00 0.000000000000000000e+00
9.801065923552734205e+00 0.000000000000000000e+00
9.804500675935264198e+00 0.000000000000000000e+00
9.807935428317795967e+00 0.000000000000000000e+00
9.811370180700327737e+00 0.000000000000000000e+00
9.814804933082857730e+00 0.000000000000000000e+00
9.818239685465389499e+00 0.000000000000000000e+00
9.821674437847921268e+00 0.000000000000000000e+00
9.825109190230451262e+00 0.000000000000000000e+00
9.828543942612981255e+00 0.000000000000000000e+00
9.831978694995513024e+00 0.000000000000000000e+00
9.835413447378044793e+00 0.000000000000000000e+00
9.838848199760576563e+00 0.000000000000000000e+00
9.842282952143106556e+00 0.000000000000000000e+00
9.845717704525638325e+00 0.000000000000000000e+00
9.849152456908170095e+00 0.000000000000000000e+00
9.852587209290701864e+00 0.000000000000000000e+00
9.856021961673231857e+00 0.000000000000000000e+00
9.859456714055763626e+00 0.000000000000000000e+00
9.862891466438295396e+00 0.000000000000000000e+00
9.866326218820827165e+00 0.000000000000000000e+00
9.869760971203357158e+00 0.000000000000000000e+00
9.873195723585888928e+00 0.000000000000000000e+00
9.876630475968418921e+00 0.000000000000000000e+00
9.880065228350950690e+00 0.000000000000000000e+00
9.883499980733480683e+00 0.000000000000000000e+00
9.886934733116012453e+00 0.000000000000000000e+00
9.890369485498544222e+00 0.000000000000000000e+00
9.893804237881074215e+00 0.000000000000000000e+00
9.897238990263605984e+00 0.000000000000000000e+00
9.900673742646137754e+00 0.000000000000000000e+00
9.904108495028669523e+00 0.000000000000000000e+00
9.907543247411199516e+00 0.000000000000000000e+00
9.910977999793731286e+00 0.000000000000000000e+00
9.914412752176263055e+00 0.000000000000000000e+00
9.917847504558794824e+00 0.000000000000000000e+00
9.921282256941324817e+00 0.000000000000000000e+00
9.924717009323856587e+00 0.000000000000000000e+00
9.928151761706386580e+00 0.000000000000000000e+00
9.931586514088918349e+00 0.000000000000000000e+00
9.935021266471448342e+00 0.000000000000000000e+00
9.938456018853980112e+00 0.000000000000000000e+00
9.941890771236511881e+00 0.000000000000000000e+00
9.945325523619043651e+00 0.000000000000000000e+00
9.948760276001573644e+00 0.000000000000000000e+00
9.952195028384105413e+00 0.000000000000000000e+00
9.955629780766637182e+00 0.000000000000000000e+00
9.959064533149167175e+00 0.000000000000000000e+00
9.962499285531698945e+00 0.000000000000000000e+00
9.965934037914230714e+00 0.000000000000000000e+00
9.969368790296762484e+00 0.000000000000000000e+00
9.972803542679292477e+00 0.000000000000000000e+00
9.976238295061822470e+00 0.000000000000000000e+00
9.979673047444354239e+00 0.000000000000000000e+00
9.983107799826886009e+00 0.000000000000000000e+00
9.986542552209416002e+00 0.000000000000000000e+00
9.989977304591947771e+00 0.000000000000000000e+00
9.993412056974479540e+00 0.000000000000000000e+00
9.996846809357011310e+00 0.000000000000000000e+00
1.000028156173954130e+01 0.000000000000000000e+00
1.000371631412207307e+01 0.000000000000000000e+00
1.000715106650460484e+01 0.000000000000000000e+00
1.001058581888713661e+01 0.000000000000000000e+00
1.001402057126966660e+01 0.000000000000000000e+00
1.001745532365219837e+01 0.000000000000000000e+00
1.002089007603473014e+01 0.000000000000000000e+00
1.002432482841726191e+01 0.000000000000000000e+00
1.002775958079979013e+01 0.000000000000000000e+00
1.003119433318232190e+01 0.000000000000000000e+00
1.003462908556485367e+01 0.000000000000000000e+00
1.003806383794738544e+01 0.000000000000000000e+00
1.004149859032991543e+01 0.000000000000000000e+00
1.004493334271244720e+01 0.000000000000000000e+00
1.004836809509497897e+01 0.000000000000000000e+00
1.005180284747750896e+01 0.000000000000000000e+00
1.005523759986004073e+01 0.000000000000000000e+00
1.005867235224257250e+01 0.000000000000000000e+00
1.006210710462510427e+01 0.000000000000000000e+00
1.006554185700763426e+01 0.000000000000000000e+00
1.006897660939016603e+01 0.000000000000000000e+00
1.007241136177269780e+01 0.000000000000000000e+00
1.007584611415522957e+01 0.000000000000000000e+00
1.007928086653775779e+01 0.000000000000000000e+00
1.008271561892028956e+01 0.000000000000000000e+00
1.008615037130282133e+01 0.000000000000000000e+00
1.008958512368535310e+01 0.000000000000000000e+00
1.009301987606788309e+01 0.000000000000000000e+00
1.009645462845041486e+01 0.000000000000000000e+00
1.009988938083294663e+01 0.000000000000000000e+00
1.010332413321547840e+01 0.000000000000000000e+00
1.010675888559800839e+01 0.000000000000000000e+00
1.011019363798054016e+01 0.000000000000000000e+00
1.011362839036307193e+01 0.000000000000000000e+00
1.011706314274560192e+01 0.000000000000000000e+00
1.012049789512813369e+01 0.000000000000000000e+00
1.012393264751066546e+01 0.000000000000000000e+00
1.012736739989319545e+01 0.000000000000000000e+00
1.013080215227572545e+01 0.000000000000000000e+00
1.013423690465825722e+01 0.000000000000000000e+00
1.013767165704078899e+01 0.000000000000000000e+00
1.014110640942332076e+01 0.000000000000000000e+00
1.014454116180585075e+01 0.000000000000000000e+00
1.014797591418838252e+01 0.000000000000000000e+00
1.015141066657091429e+01 0.000000000000000000e+00
1.015484541895344606e+01 0.000000000000000000e+00
1.015828017133597605e+01 0.000000000000000000e+00
1.016171492371850782e+01 0.000000000000000000e+00
1.016514967610103959e+01 0.000000000000000000e+00
1.016858442848357136e+01 0.000000000000000000e+00
1.017201918086610135e+01 0.000000000000000000e+00
1.017545393324863312e+01 0.000000000000000000e+00
1.017888868563116311e+01 0.000000000000000000e+00
1.018232343801369488e+01 0.000000000000000000e+00
1.018575819039622488e+01 0.000000000000000000e+00
1.018919294277875665e+01 0.000000000000000000e+00
1.019262769516128841e+01 0.000000000000000000e+00
1.019606244754382018e+01 0.000000000000000000e+00
1.019949719992635018e+01 0.000000000000000000e+00
1.020293195230888195e+01 0.000000000000000000e+00
1.020636670469141372e+01 0.000000000000000000e+00
1.020980145707394371e+01 0.000000000000000000e+00
1.021323620945647548e+01 0.000000000000000000e+00
1.021667096183900725e+01 0.000000000000000000e+00
1.022010571422153902e+01 0.000000000000000000e+00
1.022354046660406901e+01 0.000000000000000000e+00
1.022697521898659900e+01 0.000000000000000000e+00
1.023040997136913077e+01 0.000000000000000000e+00
1.023384472375166254e+01 0.000000000000000000e+00
1.023727947613419254e+01 0.000000000000000000e+00
1.024071422851672430e+01 0.000000000000000000e+00
1.024414898089925607e+01 0.000000000000000000e+00
1.024758373328178784e+01 0.000000000000000000e+00
1.025101848566431784e+01 0.000000000000000000e+00
1.025445323804684961e+01 0.000000000000000000e+00
1.025788799042938138e+01 0.000000000000000000e+00
1.026132274281191314e+01 0.000000000000000000e+00
1.026475749519444314e+01 0.000000000000000000e+00
1.026819224757697491e+01 0.000000000000000000e+00
1.027162699995950668e+01 0.000000000000000000e+00
1.027506175234203667e+01 0.000000000000000000e+00
1.027849650472456666e+01 0.000000000000000000e+00
1.028193125710709843e+01 0.000000000000000000e+00
1.028536600948963020e+01 0.000000000000000000e+00
1.028880076187216019e+01 0.000000000000000000e+00
1.029223551425469196e+01 0.000000000000000000e+00
1.029567026663722373e+01 0.000000000000000000e+00
1.029910501901975550e+01 0.000000000000000000e+00
1.030253977140228550e+01 0.000000000000000000e+00
