# 2theta(deg)  intensity
1.030425714759355179e-03 5.548023605346679688e+01
3.091277144278065103e-03 5.476945114135742188e+01
5.152128573796775461e-03 1.021021041870117188e+02
7.212980003315484952e-03 1.007288742065429688e+02
9.273831432834195310e-03 1.020469055175781250e+02
1.133468286235290653e-02 9.538413238525390625e+01
1.339553429187161603e-02 8.241156768798828125e+01
1.545638572139032899e-02 7.034229278564453125e+01
1.751723715090903674e-02 4.429413986206054688e+01
1.957808858042774797e-02 3.704679870605468750e+01
2.163894000994645919e-02 3.037597656250000000e+01
2.369979143946516695e-02 2.250834655761718750e+01
2.576064286898387817e-02 3.466176605224609375e+01
2.782149429850258940e-02 4.106152725219726562e+01
2.988234572802130062e-02 3.852294540405273438e+01
3.194319715754000838e-02 4.037497329711914062e+01
3.400404858705871614e-02 4.384278869628906250e+01
3.606490001657743083e-02 4.388866806030273438e+01
3.812575144609613859e-02 4.441097259521484375e+01
4.018660287561484634e-02 5.635512542724609375e+01
4.224745430513356104e-02 6.270486831665039062e+01
4.430830573465226879e-02 6.117667388916015625e+01
4.636915716417097655e-02 6.042671585083007812e+01
4.843000859368969124e-02 5.131140518188476562e+01
5.049086002320839900e-02 4.634154129028320312e+01
5.255171145272710675e-02 4.784347915649414062e+01
5.461256288224582145e-02 4.697798538208007812e+01
5.667341431176453614e-02 4.862812805175781250e+01
5.873426574128324390e-02 5.024825286865234375e+01
6.079511717080195166e-02 5.373025894165039062e+01
6.285596860032065247e-02 5.832017517089843750e+01
6.491682002983938105e-02 5.817984771728515625e+01
6.697767145935808186e-02 6.077566528320312500e+01
6.903852288887678268e-02 6.068970108032226562e+01
7.109937431839551125e-02 5.272838211059570312e+01
7.316022574791421207e-02 4.764143753051757812e+01
7.522107717743291289e-02 4.803466796875000000e+01
7.728192860695164146e-02 5.406804656982421875e+01
7.934278003647034228e-02 5.685744476318359375e+01
8.140363146598904309e-02 5.728631210327148438e+01
8.346448289550777166e-02 5.670013809204101562e+01
8.552533432502647248e-02 5.313359069824218750e+01
8.758618575454517330e-02 5.011771392822265625e+01
8.964703718406390187e-02 5.166951751708984375e+01
9.170788861358260269e-02 5.518180847167968750e+01
9.376874004310130351e-02 5.886955642700195312e+01
9.582959147262003208e-02 5.744266510009765625e+01
9.789044290213873289e-02 5.507684707641601562e+01
9.995129433165743371e-02 5.777989578247070312e+01
1.020121457611761623e-01 5.824818038940429688e+01
1.040729971906948631e-01 6.061787033081054688e+01
1.061338486202135778e-01 6.784847259521484375e+01
1.081947000497322925e-01 6.842501831054687500e+01
1.102555514792509933e-01 6.575901031494140625e+01
1.123164029087697219e-01 6.731905364990234375e+01
1.143772543382884088e-01 7.276673126220703125e+01
1.164381057678071374e-01 7.764492797851562500e+01
1.184989571973258382e-01 8.241759490966796875e+01
1.205598086268445529e-01 9.218160247802734375e+01
1.226206600563632537e-01 9.805487060546875000e+01
1.246815114858819545e-01 9.864754486083984375e+01
1.267423629154006692e-01 1.054722671508789062e+02
1.288032143449193978e-01 1.095883102416992188e+02
1.308640657744380986e-01 1.135349426269531250e+02
1.329249172039567994e-01 1.240813827514648438e+02
1.349857686334755280e-01 1.316778259277343750e+02
1.370466200629942288e-01 1.392894744873046875e+02
1.391074714925129574e-01 1.486303558349609375e+02
1.411683229220316582e-01 1.565990447998046875e+02
1.432291743515503590e-01 1.626194305419921875e+02
1.452900257810690599e-01 1.704924468994140625e+02
1.473508772105877884e-01 1.688012390136718750e+02
1.494117286401064892e-01 1.747554168701171875e+02
1.514725800696252178e-01 1.854984436035156250e+02
1.535334314991439186e-01 1.935296020507812500e+02
1.555942829286626194e-01 2.043714447021484375e+02
1.576551343581813203e-01 2.121425018310546875e+02
1.597159857877000488e-01 2.182417144775390625e+02
1.617768372172187497e-01 2.238971405029296875e+02
1.638376886467374782e-01 2.358352661132812500e+02
1.658985400762561790e-01 2.427378997802734375e+02
1.679593915057748799e-01 2.468527526855468750e+02
1.700202429352935807e-01 2.562897644042968750e+02
1.720810943648123092e-01 2.656338500976562500e+02
1.741419457943310101e-01 2.722865600585937500e+02
1.762027972238497386e-01 2.789705505371093750e+02
1.782636486533684395e-01 2.913889770507812500e+02
1.803245000828871403e-01 2.957039184570312500e+02
1.823853515124058411e-01 3.005148315429687500e+02
1.844462029419245697e-01 3.166434020996093750e+02
1.865070543714432705e-01 3.283397827148437500e+02
1.885679058009619991e-01 3.359899902343750000e+02
1.906287572304806999e-01 3.454437255859375000e+02
1.926896086599994007e-01 3.583294372558593750e+02
1.947504600895181015e-01 3.716400146484375000e+02
1.968113115190368301e-01 3.795747070312500000e+02
1.988721629485555309e-01 3.955457763671875000e+02
2.009330143780742595e-01 4.036219787597656250e+02
2.029938658075929603e-01 4.126871643066406250e+02
2.050547172371116611e-01 4.291837463378906250e+02
2.071155686666303619e-01 4.439343566894531250e+02
2.091764200961490905e-01 4.564672241210937500e+02
2.112372715256678191e-01 4.668570556640625000e+02
2.132981229551865199e-01 4.817239379882812500e+02
2.153589743847052207e-01 4.903264465332031250e+02
2.174198258142239215e-01 4.998397521972656250e+02
2.194806772437426223e-01 5.155281982421875000e+02
2.215415286732613509e-01 5.273200683593750000e+02
2.236023801027800795e-01 5.330820922851562500e+02
2.256632315322987803e-01 5.451273193359375000e+02
2.277240829618174811e-01 5.535985107421875000e+02
2.297849343913362374e-01 5.591382446289062500e+02
2.318457858208549383e-01 5.642946166992187500e+02
2.339066372503736391e-01 5.731679077148437500e+02
2.359674886798923676e-01 5.752396850585937500e+02
2.380283401094110685e-01 5.770787353515625000e+02
2.400891915389297693e-01 5.789257812500000000e+02
2.421500429684484701e-01 5.810495605468750000e+02
2.442108943979671709e-01 5.867761840820312500e+02
2.462717458274858995e-01 5.910747070312500000e+02
2.483325972570046003e-01 5.956002807617187500e+02
2.503934486865233011e-01 6.010739746093750000e+02
2.524543001160420297e-01 6.031864013671875000e+02
2.545151515455607583e-01 6.025325927734375000e+02
2.565760029750794868e-01 6.054202880859375000e+02
2.586368544045981599e-01 6.088625488281250000e+02
2.606977058341168885e-01 6.114506225585937500e+02
2.627585572636355615e-01 6.200556640625000000e+02
2.648194086931542901e-01 6.231990356445312500e+02
2.668802601226730187e-01 6.253610839843750000e+02
2.689411115521916917e-01 6.297975463867187500e+02
2.710019629817104203e-01 6.348837890625000000e+02
2.730628144112290934e-01 6.382430419921875000e+02
2.751236658407478219e-01 6.466159057617187500e+02
2.771845172702665505e-01 6.528656005859375000e+02
2.792453686997852791e-01 6.561372680664062500e+02
2.813062201293040077e-01 6.584620361328125000e+02
2.833670715588226807e-01 6.609141845703125000e+02
2.854279229883414093e-01 6.596122436523437500e+02
2.874887744178600824e-01 6.586888427734375000e+02
2.895496258473788109e-01 6.623833007812500000e+02
2.916104772768975395e-01 6.629323730468750000e+02
2.936713287064162126e-01 6.700950317382812500e+02
2.957321801359349411e-01 6.772078247070312500e+02
2.977930315654536142e-01 6.825979614257812500e+02
2.998538829949723428e-01 6.886388549804687500e+02
3.019147344244910713e-01 6.918210449218750000e+02
3.039755858540097999e-01 6.955240478515625000e+02
3.060364372835285285e-01 7.039714965820312500e+02
3.080972887130472015e-01 7.114180297851562500e+02
3.101581401425659301e-01 7.188678588867187500e+02
3.122189915720846032e-01 7.295534057617187500e+02
3.142798430016033318e-01 7.351151123046875000e+02
3.163406944311220603e-01 7.413991088867187500e+02
3.184015458606407334e-01 7.486335449218750000e+02
3.204623972901594620e-01 7.571008911132812500e+02
3.225232487196781350e-01 7.682832641601562500e+02
3.245841001491968636e-01 7.786983032226562500e+02
3.266449515787156477e-01 7.893892822265625000e+02
3.287058030082343207e-01 7.983316040039062500e+02
3.307666544377530493e-01 8.089830322265625000e+02
3.328275058672717224e-01 8.151058959960937500e+02
3.348883572967904509e-01 8.202913208007812500e+02
3.369492087263091240e-01 8.294863281250000000e+02
3.390100601558278526e-01 8.396212158203125000e+02
3.410709115853465812e-01 8.511914672851562500e+02
3.431317630148652542e-01 8.615004272460937500e+02
3.451926144443839828e-01 8.719636230468750000e+02
3.472534658739026558e-01 8.807456665039062500e+02
3.493143173034214399e-01 8.947399291992187500e+02
3.513751687329401685e-01 9.075358276367187500e+02
3.534360201624588416e-01 9.171237792968750000e+02
3.554968715919775701e-01 9.316689453125000000e+02
3.575577230214962432e-01 9.449141845703125000e+02
3.596185744510149718e-01 9.542415771484375000e+02
3.616794258805336448e-01 9.660546264648437500e+02
3.637402773100523734e-01 9.746564331054687500e+02
3.658011287395711020e-01 9.822090454101562500e+02
3.678619801690897750e-01 9.913167114257812500e+02
3.699228315986085036e-01 1.000629760742187500e+03
3.719836830281271767e-01 1.008070373535156250e+03
3.740445344576459608e-01 1.015288330078125000e+03
3.761053858871646893e-01 1.026200805664062500e+03
3.781662373166833624e-01 1.038687866210937500e+03
3.802270887462020910e-01 1.051839843750000000e+03
3.822879401757207640e-01 1.062853515625000000e+03
3.843487916052394926e-01 1.072611450195312500e+03
3.864096430347582212e-01 1.083713256835937500e+03
3.884704944642768942e-01 1.096750488281250000e+03
3.905313458937956228e-01 1.107320800781250000e+03
3.925921973233142959e-01 1.120652343750000000e+03
3.946530487528330244e-01 1.131531738281250000e+03
3.967139001823516975e-01 1.139330200195312500e+03
3.987747516118704816e-01 1.148546142578125000e+03
4.008356030413892102e-01 1.156503906250000000e+03
4.028964544709078832e-01 1.167688476562500000e+03
4.049573059004266118e-01 1.175117187500000000e+03
4.070181573299452849e-01 1.180684448242187500e+03
4.090790087594640134e-01 1.187457153320312500e+03
4.111398601889827420e-01 1.194360717773437500e+03
4.132007116185014151e-01 1.200156616210937500e+03
4.152615630480201436e-01 1.206069091796875000e+03
4.173224144775388167e-01 1.210910278320312500e+03
4.193832659070575453e-01 1.215568969726562500e+03
4.214441173365762738e-01 1.220222656250000000e+03
4.235049687660950024e-01 1.229443481445312500e+03
4.255658201956137310e-01 1.236543457031250000e+03
4.276266716251324040e-01 1.243943481445312500e+03
4.296875230546511326e-01 1.248728271484375000e+03
4.317483744841698057e-01 1.252832397460937500e+03
4.338092259136885342e-01 1.257999877929687500e+03
4.358700773432072628e-01 1.262878906250000000e+03
4.379309287727259359e-01 1.268356689453125000e+03
4.399917802022446645e-01 1.273998046875000000e+03
4.420526316317633375e-01 1.282227539062500000e+03
4.441134830612820661e-01 1.289629028320312500e+03
4.461743344908007947e-01 1.293957641601562500e+03
4.482351859203194677e-01 1.299708007812500000e+03
4.502960373498381408e-01 1.301108520507812500e+03
4.523568887793568694e-01 1.303119506835937500e+03
4.544177402088755424e-01 1.304519287109375000e+03
4.564785916383942710e-01 1.305974731445312500e+03
4.585394430679130551e-01 1.308997802734375000e+03
4.606002944974317281e-01 1.310921142578125000e+03
4.626611459269504567e-01 1.310920654296875000e+03
4.647219973564691298e-01 1.313984375000000000e+03
4.667828487859878583e-01 1.316245727539062500e+03
4.688437002155065314e-01 1.318229125976562500e+03
4.709045516450253155e-01 1.320823974609375000e+03
4.729654030745439330e-01 1.321517211914062500e+03
4.750262545040627171e-01 1.320336547851562500e+03
4.770871059335813347e-01 1.320392578125000000e+03
4.791479573631001188e-01 1.319129272460937500e+03
4.812088087926188473e-01 1.321520141601562500e+03
4.832696602221375204e-01 1.323749267578125000e+03
4.853305116516563045e-01 1.323638305664062500e+03
4.873913630811749220e-01 1.321638061523437500e+03
4.894522145106937061e-01 1.318911865234375000e+03
4.915130659402123237e-01 1.317182373046875000e+03
4.935739173697311077e-01 1.319825317382812500e+03
4.956347687992497808e-01 1.323089599609375000e+03
4.976956202287685094e-01 1.322819702148437500e+03
4.997564716582871824e-01 1.321805541992187500e+03
5.018173230878059110e-01 1.319560546875000000e+03
5.038781745173246396e-01 1.315862182617187500e+03
5.059390259468433682e-01 1.313349365234375000e+03
5.079998773763620967e-01 1.313661254882812500e+03
5.100607288058807143e-01 1.313757568359375000e+03
5.121215802353995539e-01 1.312567016601562500e+03
5.141824316649181714e-01 1.307916137695312500e+03
5.162432830944369000e-01 1.305416625976562500e+03
5.183041345239556286e-01 1.300122314453125000e+03
5.203649859534743571e-01 1.295677490234375000e+03
5.224258373829929747e-01 1.292384033203125000e+03
5.244866888125117033e-01 1.285856811523437500e+03
5.265475402420304318e-01 1.278515747070312500e+03
5.286083916715491604e-01 1.272849731445312500e+03
5.306692431010678890e-01 1.266239013671875000e+03
5.327300945305866176e-01 1.264720825195312500e+03
5.347909459601053461e-01 1.261400512695312500e+03
5.368517973896239637e-01 1.258047851562500000e+03
5.389126488191426922e-01 1.255588745117187500e+03
5.409735002486614208e-01 1.252185424804687500e+03
5.430343516781801494e-01 1.246048706054687500e+03
5.450952031076987669e-01 1.242100708007812500e+03
5.471560545372176065e-01 1.239255004882812500e+03
5.492169059667362241e-01 1.233277954101562500e+03
5.512777573962549527e-01 1.225371459960937500e+03
5.533386088257736812e-01 1.221494873046875000e+03
5.553994602552924098e-01 1.218229003906250000e+03
5.574603116848111384e-01 1.215523925781250000e+03
5.595211631143297559e-01 1.215108886718750000e+03
5.615820145438485955e-01 1.213665771484375000e+03
5.636428659733672131e-01 1.208779418945312500e+03
5.657037174028859416e-01 1.207404418945312500e+03
5.677645688324046702e-01 1.205565917968750000e+03
5.698254202619233988e-01 1.203182495117187500e+03
5.718862716914420163e-01 1.202180297851562500e+03
5.739471231209607449e-01 1.202544311523437500e+03
5.760079745504794735e-01 1.200856323242187500e+03
5.780688259799982021e-01 1.200858398437500000e+03
5.801296774095169306e-01 1.199005981445312500e+03
5.821905288390356592e-01 1.195588378906250000e+03
5.842513802685543878e-01 1.193332031250000000e+03
5.863122316980730053e-01 1.190959106445312500e+03
5.883730831275917339e-01 1.188622558593750000e+03
5.904339345571104625e-01 1.188116088867187500e+03
5.924947859866291910e-01 1.183772338867187500e+03
5.945556374161478086e-01 1.179727783203125000e+03
5.966164888456666482e-01 1.177973144531250000e+03
5.986773402751852657e-01 1.174628784179687500e+03
6.007381917047039943e-01 1.173158935546875000e+03
6.027990431342227229e-01 1.172695556640625000e+03
6.048598945637414515e-01 1.172132934570312500e+03
6.069207459932601800e-01 1.170894165039062500e+03
6.089815974227787976e-01 1.170939453125000000e+03
6.110424488522976372e-01 1.171017944335937500e+03
6.131033002818162547e-01 1.172833496093750000e+03
6.151641517113349833e-01 1.173836059570312500e+03
6.172250031408537119e-01 1.174093872070312500e+03
6.192858545703724404e-01 1.172973266601562500e+03
6.213467059998910580e-01 1.171997558593750000e+03
6.234075574294097866e-01 1.168843383789062500e+03
6.254684088589286262e-01 1.164370727539062500e+03
6.275292602884472437e-01 1.163457763671875000e+03
6.295901117179659723e-01 1.160928833007812500e+03
6.316509631474847009e-01 1.159470092773437500e+03
6.337118145770034294e-01 1.159579589843750000e+03
6.357726660065220470e-01 1.158264892578125000e+03
6.378335174360407756e-01 1.155493774414062500e+03
6.398943688655595041e-01 1.155482910156250000e+03
6.419552202950782327e-01 1.153162597656250000e+03
6.440160717245968502e-01 1.152919433593750000e+03
6.460769231541156898e-01 1.155378051757812500e+03
6.481377745836343074e-01 1.154971801757812500e+03
6.501986260131530360e-01 1.153774536132812500e+03
6.522594774426717645e-01 1.153233886718750000e+03
6.543203288721904931e-01 1.150428833007812500e+03
6.563811803017092217e-01 1.146803466796875000e+03
6.584420317312278392e-01 1.147712036132812500e+03
6.605028831607466788e-01 1.145547973632812500e+03
6.625637345902652964e-01 1.144623779296875000e+03
6.646245860197840249e-01 1.144464965820312500e+03
6.666854374493027535e-01 1.142948486328125000e+03
6.687462888788214821e-01 1.141653442382812500e+03
6.708071403083400996e-01 1.142375122070312500e+03
6.728679917378588282e-01 1.142887084960937500e+03
6.749288431673776678e-01 1.142609130859375000e+03
6.769896945968962854e-01 1.140075561523437500e+03
6.790505460264150139e-01 1.138270507812500000e+03
6.811113974559337425e-01 1.135021850585937500e+03
6.831722488854524711e-01 1.134812255859375000e+03
6.852331003149710886e-01 1.133308227539062500e+03
6.872939517444898172e-01 1.133644165039062500e+03
6.893548031740085458e-01 1.134641113281250000e+03
6.914156546035272743e-01 1.133256591796875000e+03
6.934765060330458919e-01 1.134099487304687500e+03
6.955373574625647315e-01 1.134952514648437500e+03
6.975982088920834601e-01 1.134884887695312500e+03
6.996590603216020776e-01 1.135514160156250000e+03
7.017199117511208062e-01 1.138446777343750000e+03
7.037807631806395348e-01 1.139160766601562500e+03
7.058416146101582633e-01 1.139832397460937500e+03
7.079024660396768809e-01 1.140386108398437500e+03
7.099633174691957205e-01 1.138784667968750000e+03
7.120241688987143380e-01 1.139651855468750000e+03
7.140850203282330666e-01 1.137939331054687500e+03
7.161458717577517952e-01 1.136112792968750000e+03
7.182067231872705237e-01 1.134252807617187500e+03
7.202675746167891413e-01 1.132615112304687500e+03
7.223284260463078699e-01 1.133412719726562500e+03
7.243892774758267095e-01 1.131536010742187500e+03
7.264501289053453270e-01 1.132356811523437500e+03
7.285109803348640556e-01 1.134148559570312500e+03
7.305718317643827842e-01 1.134308349609375000e+03
7.326326831939015127e-01 1.136272460937500000e+03
7.346935346234201303e-01 1.138322753906250000e+03
7.367543860529388589e-01 1.138074951171875000e+03
7.388152374824575874e-01 1.138319580078125000e+03
7.408760889119763160e-01 1.139410522460937500e+03
7.429369403414949335e-01 1.138013549804687500e+03
7.449977917710137731e-01 1.140275024414062500e+03
7.470586432005325017e-01 1.140600830078125000e+03
7.491194946300511193e-01 1.140462402343750000e+03
7.511803460595698478e-01 1.141695678710937500e+03
7.532411974890885764e-01 1.143268798828125000e+03
7.553020489186073050e-01 1.143304565429687500e+03
7.573629003481259225e-01 1.143437255859375000e+03
7.594237517776447621e-01 1.143447021484375000e+03
7.614846032071633797e-01 1.142498779296875000e+03
7.635454546366821083e-01 1.142555664062500000e+03
7.656063060662008368e-01 1.144191894531250000e+03
7.676671574957195654e-01 1.145764282226562500e+03
7.697280089252382940e-01 1.146608276367187500e+03
7.717888603547569115e-01 1.147358642578125000e+03
7.738497117842757511e-01 1.146413940429687500e+03
7.759105632137943687e-01 1.145985839843750000e+03
7.779714146433130972e-01 1.146373291015625000e+03
7.800322660728318258e-01 1.146568969726562500e+03
7.820931175023505544e-01 1.146249755859375000e+03
7.841539689318691719e-01 1.145984985351562500e+03
7.862148203613879005e-01 1.147365722656250000e+03
7.882756717909066291e-01 1.150983032226562500e+03
7.903365232204253576e-01 1.152571289062500000e+03
7.923973746499439752e-01 1.154606445312500000e+03
7.944582260794628148e-01 1.155698364257812500e+03
7.965190775089815434e-01 1.156259033203125000e+03
7.985799289385001609e-01 1.156725463867187500e+03
8.006407803680188895e-01 1.156764892578125000e+03
8.027016317975376181e-01 1.154502441406250000e+03
8.047624832270563466e-01 1.151935424804687500e+03
8.068233346565749642e-01 1.149931396484375000e+03
8.088841860860938038e-01 1.150605224609375000e+03
8.109450375156124213e-01 1.154612915039062500e+03
8.130058889451311499e-01 1.158499389648437500e+03
8.150667403746498785e-01 1.161925170898437500e+03
8.171275918041686070e-01 1.163584838867187500e+03
8.191884432336873356e-01 1.163357666015625000e+03
8.212492946632059532e-01 1.163835449218750000e+03
8.233101460927247928e-01 1.165709350585937500e+03
8.253709975222434103e-01 1.166912841796875000e+03
8.274318489517621389e-01 1.167325073242187500e+03
8.294927003812808675e-01 1.169739379882812500e+03
8.315535518107995960e-01 1.168418823242187500e+03
8.336144032403182136e-01 1.167226562500000000e+03
8.356752546698369422e-01 1.169457153320312500e+03
8.377361060993556707e-01 1.168905395507812500e+03
8.397969575288743993e-01 1.169194213867187500e+03
8.418578089583931279e-01 1.169917602539062500e+03
8.439186603879118564e-01 1.171302856445312500e+03
8.459795118174305850e-01 1.174110717773437500e+03
8.480403632469492026e-01 1.174567871093750000e+03
8.501012146764680422e-01 1.176245605468750000e+03
8.521620661059866597e-01 1.178847412109375000e+03
8.542229175355053883e-01 1.178733154296875000e+03
8.562837689650240058e-01 1.180909423828125000e+03
8.583446203945428454e-01 1.181751098632812500e+03
8.604054718240614630e-01 1.181158569335937500e+03
8.624663232535801916e-01 1.182182861328125000e+03
8.645271746830990311e-01 1.183067016601562500e+03
8.665880261126176487e-01 1.182181396484375000e+03
8.686488775421363773e-01 1.183636474609375000e+03
8.707097289716549948e-01 1.184812011718750000e+03
8.727705804011738344e-01 1.186838134765625000e+03
8.748314318306924520e-01 1.189586059570312500e+03
8.768922832602111805e-01 1.191426513671875000e+03
8.789531346897299091e-01 1.192156860351562500e+03
8.810139861192486377e-01 1.193729003906250000e+03
8.830748375487672552e-01 1.193197021484375000e+03
8.851356889782859838e-01 1.192978027343750000e+03
8.871965404078047124e-01 1.193352050781250000e+03
8.892573918373234410e-01 1.193767089843750000e+03
8.913182432668421695e-01 1.195139404296875000e+03
8.933790946963608981e-01 1.196582153320312500e+03
8.954399461258797377e-01 1.198280029296875000e+03
8.975007975553983552e-01 1.200617919921875000e+03
8.995616489849170838e-01 1.201810668945312500e+03
9.016225004144359234e-01 1.201955566406250000e+03
9.036833518439545410e-01 1.201944335937500000e+03
9.057442032734731585e-01 1.201950561523437500e+03
9.078050547029918871e-01 1.201630126953125000e+03
9.098659061325107267e-01 1.203708618164062500e+03
9.119267575620293442e-01 1.204422363281250000e+03
9.139876089915480728e-01 1.203891113281250000e+03
9.160484604210669124e-01 1.207275024414062500e+03
9.181093118505855299e-01 1.210494140625000000e+03
9.201701632801041475e-01 1.211386962890625000e+03
9.222310147096228761e-01 1.212871459960937500e+03
9.242918661391417157e-01 1.214518554687500000e+03
9.263527175686603332e-01 1.211980346679687500e+03
9.284135689981790618e-01 1.212599121093750000e+03
9.304744204276976793e-01 1.214079711914062500e+03
9.325352718572165189e-01 1.213840209960937500e+03
9.345961232867351365e-01 1.214083129882812500e+03
9.366569747162538651e-01 1.215927978515625000e+03
9.387178261457727046e-01 1.215997558593750000e+03
9.407786775752913222e-01 1.218944335937500000e+03
9.428395290048100508e-01 1.220681640625000000e+03
9.449003804343286683e-01 1.221194458007812500e+03
9.469612318638475079e-01 1.220667480468750000e+03
9.490220832933661255e-01 1.221513671875000000e+03
9.510829347228848540e-01 1.220206054687500000e+03
9.531437861524034716e-01 1.221261596679687500e+03
9.552046375819223112e-01 1.220928344726562500e+03
9.572654890114410398e-01 1.219658325195312500e+03
9.593263404409596573e-01 1.219196533203125000e+03
9.613871918704784969e-01 1.219177124023437500e+03
9.634480432999971145e-01 1.220819946289062500e+03
9.655088947295158430e-01 1.222831909179687500e+03
9.675697461590344606e-01 1.225621215820312500e+03
9.696305975885533002e-01 1.226256225585937500e+03
9.716914490180720287e-01 1.227252319335937500e+03
9.737523004475906463e-01 1.228276733398437500e+03
9.758131518771092638e-01 1.229946533203125000e+03
9.778740033066281034e-01 1.231056518554687500e+03
9.799348547361468320e-01 1.232781616210937500e+03
9.819957061656654496e-01 1.233475830078125000e+03
9.840565575951841781e-01 1.233882812500000000e+03
9.861174090247030177e-01 1.233483642578125000e+03
9.881782604542216353e-01 1.232559570312500000e+03
9.902391118837402528e-01 1.233026733398437500e+03
9.922999633132590924e-01 1.234278930664062500e+03
9.943608147427778210e-01 1.234913818359375000e+03
9.964216661722964385e-01 1.237798461914062500e+03
9.984825176018151671e-01 1.239943481445312500e+03
1.000543369031333896e+00 1.240062255859375000e+03
1.002604220460852735e+00 1.239415771484375000e+03
1.004665071890371353e+00 1.239054931640625000e+03
1.006725923319889970e+00 1.238208496093750000e+03
1.008786774749408810e+00 1.237280517578125000e+03
1.010847626178927428e+00 1.236722900390625000e+03
1.012908477608446045e+00 1.236319946289062500e+03
1.014969329037964885e+00 1.235686645507812500e+03
1.017030180467483724e+00 1.235765747070312500e+03
1.019091031897002342e+00 1.234868164062500000e+03
1.021151883326520959e+00 1.235285766601562500e+03
1.023212734756039799e+00 1.237669067382812500e+03
1.025273586185558417e+00 1.239455444335937500e+03
1.027334437615077034e+00 1.241030761718750000e+03
1.029395289044595652e+00 1.241206787109375000e+03
1.031456140474114713e+00 1.242251708984375000e+03
1.033516991903633331e+00 1.243890014648437500e+03
1.035577843333151948e+00 1.244638183593750000e+03
1.037638694762670788e+00 1.247273803710937500e+03
1.039699546192189406e+00 1.247611938476562500e+03
1.041760397621708023e+00 1.246813232421875000e+03
1.043821249051226641e+00 1.246848632812500000e+03
1.045882100480745702e+00 1.245530517578125000e+03
1.047942951910264320e+00 1.245216796875000000e+03
1.050003803339782937e+00 1.245344970703125000e+03
1.052064654769301555e+00 1.246447021484375000e+03
1.054125506198820394e+00 1.246515502929687500e+03
1.056186357628339012e+00 1.246847045898437500e+03
1.058247209057857630e+00 1.248671630859375000e+03
1.060308060487376691e+00 1.250469482421875000e+03
1.062368911916895309e+00 1.251311889648437500e+03
1.064429763346413926e+00 1.250642700195312500e+03
1.066490614775932544e+00 1.252638916015625000e+03
1.068551466205451383e+00 1.253294555664062500e+03
1.070612317634970001e+00 1.254212890625000000e+03
1.072673169064488841e+00 1.256665039062500000e+03
1.074734020494007458e+00 1.258396484375000000e+03
1.076794871923526298e+00 1.260671264648437500e+03
1.078855723353044915e+00 1.262913818359375000e+03
1.080916574782563533e+00 1.263804443359375000e+03
1.082977426212082372e+00 1.265212036132812500e+03
1.085038277641600990e+00 1.265875610351562500e+03
1.087099129071119830e+00 1.266854492187500000e+03
1.089159980500638447e+00 1.269052978515625000e+03
1.091220831930157287e+00 1.271951049804687500e+03
1.093281683359675904e+00 1.272607666015625000e+03
1.095342534789194522e+00 1.273759277343750000e+03
1.097403386218713139e+00 1.275499145507812500e+03
1.099464237648231979e+00 1.275055175781250000e+03
1.101525089077750819e+00 1.276864135742187500e+03
1.103585940507269436e+00 1.278415283203125000e+03
1.105646791936788276e+00 1.277768066406250000e+03
1.107707643366306893e+00 1.278004516601562500e+03
1.109768494795825511e+00 1.277561889648437500e+03
1.111829346225344128e+00 1.274748291015625000e+03
1.113890197654862968e+00 1.275988403320312500e+03
1.115951049084381808e+00 1.276280639648437500e+03
1.118011900513900425e+00 1.279656860351562500e+03
1.120072751943419043e+00 1.281688110351562500e+03
1.122133603372937882e+00 1.283477416992187500e+03
1.124194454802456500e+00 1.285984863281250000e+03
1.126255306231975117e+00 1.285689331054687500e+03
1.128316157661493957e+00 1.287066772460937500e+03
1.130377009091012797e+00 1.287323608398437500e+03
1.132437860520531414e+00 1.287056274414062500e+03
1.134498711950050032e+00 1.285399536132812500e+03
1.136559563379568871e+00 1.284979125976562500e+03
1.138620414809087489e+00 1.287013549804687500e+03
1.140681266238606106e+00 1.289197753906250000e+03
1.142742117668124724e+00 1.291814331054687500e+03
1.144802969097643786e+00 1.296019897460937500e+03
1.146863820527162403e+00 1.296911376953125000e+03
1.148924671956681021e+00 1.297955444335937500e+03
1.150985523386199638e+00 1.298151123046875000e+03
1.153046374815718478e+00 1.299500976562500000e+03
1.155107226245237095e+00 1.301058227539062500e+03
1.157168077674755935e+00 1.301663696289062500e+03
1.159228929104274775e+00 1.305090087890625000e+03
1.161289780533793392e+00 1.308737792968750000e+03
1.163350631963312010e+00 1.311256958007812500e+03
1.165411483392830627e+00 1.312643920898437500e+03
1.167472334822349467e+00 1.314598022460937500e+03
1.169533186251868084e+00 1.314370849609375000e+03
1.171594037681386924e+00 1.314178955078125000e+03
1.173654889110905541e+00 1.316671875000000000e+03
1.175715740540424381e+00 1.316395629882812500e+03
1.177776591969942999e+00 1.316704711914062500e+03
1.179837443399461616e+00 1.316525268554687500e+03
1.181898294828980456e+00 1.318437622070312500e+03
1.183959146258499073e+00 1.320959838867187500e+03
1.186019997688017913e+00 1.324027709960937500e+03
1.188080849117536530e+00 1.327196899414062500e+03
1.190141700547055370e+00 1.327423950195312500e+03
1.192202551976573988e+00 1.328108276367187500e+03
1.194263403406092605e+00 1.328410888671875000e+03
1.196324254835611223e+00 1.329950195312500000e+03
1.198385106265130062e+00 1.330810302734375000e+03
1.200445957694648902e+00 1.330670166015625000e+03
1.202506809124167519e+00 1.330542358398437500e+03
1.204567660553686359e+00 1.331035156250000000e+03
1.206628511983204977e+00 1.333533447265625000e+03
1.208689363412723594e+00 1.336522705078125000e+03
1.210750214842242212e+00 1.340541870117187500e+03
1.212811066271761051e+00 1.342154052734375000e+03
1.214871917701279891e+00 1.342484741210937500e+03
1.216932769130798508e+00 1.344604980468750000e+03
1.218993620560317126e+00 1.344933227539062500e+03
1.221054471989835966e+00 1.346553955078125000e+03
1.223115323419354583e+00 1.349660644531250000e+03
1.225176174848873201e+00 1.351733764648437500e+03
1.227237026278392040e+00 1.353494750976562500e+03
1.229297877707910880e+00 1.353932373046875000e+03
1.231358729137429497e+00 1.356036865234375000e+03
1.233419580566948115e+00 1.355088500976562500e+03
1.235480431996466955e+00 1.356888671875000000e+03
1.237541283425985572e+00 1.357452636718750000e+03
1.239602134855504190e+00 1.359321777343750000e+03
1.241662986285023029e+00 1.360877441406250000e+03
1.243723837714541869e+00 1.364349487304687500e+03
1.245784689144060486e+00 1.365278686523437500e+03
1.247845540573579104e+00 1.367370605468750000e+03
1.249906392003097944e+00 1.367005371093750000e+03
1.251967243432616561e+00 1.367084960937500000e+03
1.254028094862135179e+00 1.367918090820312500e+03
1.256088946291654018e+00 1.368611572265625000e+03
1.258149797721172858e+00 1.371535278320312500e+03
1.260210649150691475e+00 1.375026733398437500e+03
1.262271500580210093e+00 1.376202270507812500e+03
1.264332352009728710e+00 1.378907348632812500e+03
1.266393203439247550e+00 1.382258789062500000e+03
1.268454054868766168e+00 1.385302734375000000e+03
1.270514906298285007e+00 1.387562500000000000e+03
1.272575757727803847e+00 1.389192749023437500e+03
1.274636609157322464e+00 1.391749023437500000e+03
1.276697460586841082e+00 1.392398193359375000e+03
1.278758312016359699e+00 1.391850219726562500e+03
1.280819163445878539e+00 1.392393188476562500e+03
1.282880014875397157e+00 1.393408935546875000e+03
1.284940866304915996e+00 1.394228515625000000e+03
1.287001717734434614e+00 1.396517944335937500e+03
1.289062569163953453e+00 1.397520629882812500e+03
1.291123420593472071e+00 1.400267211914062500e+03
1.293184272022990688e+00 1.400920410156250000e+03
1.295245123452509306e+00 1.401360717773437500e+03
1.297305974882028146e+00 1.401968627929687500e+03
1.299366826311546985e+00 1.401681640625000000e+03
1.301427677741065603e+00 1.405802001953125000e+03
1.303488529170584442e+00 1.409108154296875000e+03
1.305549380600103060e+00 1.410609741210937500e+03
1.307610232029621677e+00 1.413218017578125000e+03
1.309671083459140295e+00 1.414108398437500000e+03
1.311731934888659135e+00 1.413120117187500000e+03
1.313792786318177974e+00 1.413512695312500000e+03
1.315853637747696592e+00 1.412343627929687500e+03
1.317914489177215209e+00 1.413613525390625000e+03
1.319975340606734049e+00 1.414072998046875000e+03
1.322036192036252666e+00 1.415887695312500000e+03
1.324097043465771284e+00 1.418781372070312500e+03
1.326157894895290124e+00 1.423807617187500000e+03
1.328218746324808963e+00 1.428996215820312500e+03
1.330279597754327581e+00 1.436298706054687500e+03
1.332340449183846198e+00 1.444682983398437500e+03
1.334401300613365038e+00 1.455020019531250000e+03
1.336462152042883655e+00 1.465787109375000000e+03
1.338523003472402273e+00 1.479125854492187500e+03
1.340583854901921113e+00 1.495268920898437500e+03
1.342644706331439952e+00 1.510976806640625000e+03
1.344705557760958570e+00 1.524822631835937500e+03
1.346766409190477187e+00 1.540320678710937500e+03
1.348827260619996027e+00 1.554083740234375000e+03
1.350888112049514644e+00 1.561169921875000000e+03
1.352948963479033262e+00 1.563024047851562500e+03
1.355009814908552102e+00 1.558784912109375000e+03
1.357070666338070941e+00 1.549349731445312500e+03
1.359131517767589559e+00 1.539508789062500000e+03
1.361192369197108176e+00 1.526634277343750000e+03
1.363253220626626794e+00 1.514756347656250000e+03
1.365314072056145633e+00 1.501864990234375000e+03
1.367374923485664251e+00 1.489361694335937500e+03
1.369435774915183091e+00 1.478657714843750000e+03
1.371496626344701930e+00 1.468706176757812500e+03
1.373557477774220548e+00 1.462453979492187500e+03
1.375618329203739165e+00 1.458885253906250000e+03
1.377679180633257783e+00 1.455363159179687500e+03
1.379740032062776622e+00 1.453456787109375000e+03
1.381800883492295240e+00 1.450933471679687500e+03
1.383861734921814080e+00 1.450618408203125000e+03
1.385922586351332697e+00 1.450307495117187500e+03
1.387983437780851537e+00 1.451290283203125000e+03
1.390044289210370154e+00 1.452646606445312500e+03
1.392105140639888772e+00 1.453005737304687500e+03
1.394165992069407611e+00 1.454112304687500000e+03
1.396226843498926229e+00 1.454549560546875000e+03
1.398287694928445068e+00 1.453787109375000000e+03
1.400348546357963686e+00 1.454012817382812500e+03
1.402409397787482526e+00 1.453644653320312500e+03
1.404470249217001143e+00 1.454859741210937500e+03
1.406531100646519761e+00 1.456097167968750000e+03
1.408591952076038378e+00 1.458834838867187500e+03
1.410652803505557218e+00 1.460142822265625000e+03
1.412713654935076057e+00 1.460961914062500000e+03
1.414774506364594675e+00 1.462837890625000000e+03
1.416835357794113515e+00 1.462189697265625000e+03
1.418896209223632132e+00 1.462907104492187500e+03
1.420957060653150750e+00 1.463778686523437500e+03
1.423017912082669367e+00 1.462995727539062500e+03
1.425078763512188207e+00 1.463612304687500000e+03
1.427139614941707046e+00 1.464634277343750000e+03
1.429200466371225664e+00 1.466109497070312500e+03
1.431261317800744282e+00 1.467986694335937500e+03
1.433322169230263121e+00 1.468896728515625000e+03
1.435383020659781739e+00 1.469786743164062500e+03
1.437443872089300356e+00 1.472044799804687500e+03
1.439504723518819196e+00 1.473111083984375000e+03
1.441565574948338035e+00 1.473727050781250000e+03
1.443626426377856653e+00 1.476654907226562500e+03
1.445687277807375271e+00 1.478799804687500000e+03
1.447748129236894110e+00 1.479366088867187500e+03
1.449808980666412728e+00 1.480921630859375000e+03
1.451869832095931345e+00 1.479793457031250000e+03
1.453930683525450185e+00 1.478784179687500000e+03
1.455991534954969024e+00 1.480522216796875000e+03
1.458052386384487642e+00 1.481824218750000000e+03
1.460113237814006260e+00 1.483569335937500000e+03
1.462174089243524877e+00 1.486111450195312500e+03
1.464234940673043717e+00 1.487071655273437500e+03
1.466295792102562334e+00 1.486453125000000000e+03
1.468356643532081174e+00 1.485238403320312500e+03
1.470417494961600013e+00 1.485029785156250000e+03
1.472478346391118631e+00 1.484800170898437500e+03
1.474539197820637249e+00 1.486092651367187500e+03
1.476600049250155866e+00 1.487748291015625000e+03
1.478660900679674706e+00 1.488830566406250000e+03
1.480721752109193323e+00 1.489707275390625000e+03
1.482782603538712163e+00 1.490163696289062500e+03
1.484843454968230780e+00 1.489869262695312500e+03
1.486904306397749620e+00 1.490092285156250000e+03
1.488965157827268238e+00 1.489896972656250000e+03
1.491026009256786855e+00 1.488642578125000000e+03
1.493086860686305695e+00 1.489700927734375000e+03
1.495147712115824312e+00 1.492661376953125000e+03
1.497208563545343152e+00 1.494738281250000000e+03
1.499269414974861769e+00 1.495338745117187500e+03
1.501330266404380609e+00 1.495031860351562500e+03
1.503391117833899226e+00 1.495121582031250000e+03
1.505451969263417844e+00 1.495242553710937500e+03
1.507512820692936462e+00 1.495454467773437500e+03
1.509573672122455301e+00 1.497338989257812500e+03
1.511634523551974141e+00 1.498716186523437500e+03
1.513695374981492758e+00 1.498292358398437500e+03
1.515756226411011598e+00 1.499354003906250000e+03
1.517817077840530215e+00 1.500130981445312500e+03
1.519877929270048833e+00 1.501001342773437500e+03
1.521938780699567451e+00 1.502695556640625000e+03
1.523999632129086290e+00 1.506186157226562500e+03
1.526060483558605130e+00 1.507557983398437500e+03
1.528121334988123747e+00 1.507325195312500000e+03
1.530182186417642365e+00 1.507366455078125000e+03
1.532243037847161204e+00 1.507956176757812500e+03
1.534303889276679822e+00 1.507005004882812500e+03
1.536364740706198440e+00 1.506601684570312500e+03
1.538425592135717279e+00 1.507462768554687500e+03
1.540486443565236119e+00 1.506969482421875000e+03
1.542547294994754736e+00 1.507923950195312500e+03
1.544608146424273354e+00 1.510511596679687500e+03
1.546668997853792193e+00 1.512256835937500000e+03
1.548729849283310811e+00 1.514671630859375000e+03
1.550790700712829429e+00 1.515750000000000000e+03
1.552851552142348268e+00 1.516543334960937500e+03
1.554912403571867108e+00 1.517883300781250000e+03
1.556973255001385725e+00 1.519854003906250000e+03
1.559034106430904343e+00 1.522304809570312500e+03
1.561094957860423182e+00 1.523702026367187500e+03
1.563155809289941800e+00 1.524595825195312500e+03
1.565216660719460418e+00 1.526684814453125000e+03
1.567277512148979257e+00 1.528862304687500000e+03
1.569338363578498097e+00 1.530613281250000000e+03
1.571399215008016714e+00 1.531854736328125000e+03
1.573460066437535332e+00 1.532356567382812500e+03
1.575520917867053949e+00 1.534320556640625000e+03
1.577581769296572789e+00 1.536265258789062500e+03
1.579642620726091407e+00 1.538054443359375000e+03
1.581703472155610246e+00 1.540366088867187500e+03
1.583764323585128864e+00 1.540668212890625000e+03
1.585825175014647703e+00 1.540922119140625000e+03
1.587886026444166321e+00 1.541540161132812500e+03
1.589946877873684938e+00 1.542414794921875000e+03
1.592007729303203778e+00 1.544091186523437500e+03
1.594068580732722396e+00 1.545886108398437500e+03
1.596129432162241235e+00 1.547681152343750000e+03
1.598190283591759853e+00 1.549279785156250000e+03
1.600251135021278692e+00 1.550136474609375000e+03
1.602311986450797310e+00 1.551385375976562500e+03
1.604372837880315927e+00 1.554227905273437500e+03
1.606433689309834545e+00 1.557115478515625000e+03
1.608494540739353384e+00 1.561339111328125000e+03
1.610555392168872224e+00 1.565441894531250000e+03
1.612616243598390842e+00 1.573447753906250000e+03
1.614677095027909681e+00 1.585037231445312500e+03
1.616737946457428299e+00 1.599491577148437500e+03
1.618798797886946916e+00 1.618915771484375000e+03
1.620859649316465534e+00 1.645279296875000000e+03
1.622920500745984373e+00 1.672608398437500000e+03
1.624981352175503213e+00 1.703820312500000000e+03
1.627042203605021831e+00 1.737998657226562500e+03
1.629103055034540448e+00 1.768048095703125000e+03
1.631163906464059288e+00 1.789798461914062500e+03
1.633224757893577905e+00 1.803608398437500000e+03
1.635285609323096523e+00 1.806511230468750000e+03
1.637346460752615362e+00 1.801112426757812500e+03
1.639407312182134202e+00 1.784991455078125000e+03
1.641468163611652820e+00 1.761867065429687500e+03
1.643529015041171437e+00 1.735939575195312500e+03
1.645589866470690277e+00 1.708859497070312500e+03
1.647650717900208894e+00 1.681755126953125000e+03
1.649711569329727512e+00 1.657041015625000000e+03
1.651772420759246351e+00 1.635263793945312500e+03
1.653833272188765191e+00 1.620152832031250000e+03
1.655894123618283809e+00 1.606156860351562500e+03
1.657954975047802426e+00 1.594974365234375000e+03
1.660015826477321266e+00 1.586196533203125000e+03
1.662076677906839883e+00 1.578336547851562500e+03
1.664137529336358501e+00 1.574042480468750000e+03
1.666198380765877340e+00 1.571946166992187500e+03
1.668259232195396180e+00 1.571663452148437500e+03
1.670320083624914798e+00 1.570929931640625000e+03
1.672380935054433415e+00 1.570352905273437500e+03
1.674441786483952033e+00 1.569048950195312500e+03
1.676502637913470872e+00 1.567795532226562500e+03
1.678563489342989490e+00 1.566401123046875000e+03
1.680624340772508329e+00 1.565666992187500000e+03
1.682685192202027169e+00 1.562521484375000000e+03
1.684746043631545787e+00 1.560519165039062500e+03
1.686806895061064404e+00 1.560045288085937500e+03
1.688867746490583022e+00 1.558696166992187500e+03
1.690928597920101861e+00 1.558449218750000000e+03
1.692989449349620479e+00 1.558191894531250000e+03
1.695050300779139318e+00 1.557413452148437500e+03
1.697111152208657936e+00 1.556470581054687500e+03
1.699172003638176776e+00 1.555487304687500000e+03
1.701232855067695393e+00 1.553599487304687500e+03
1.703293706497214011e+00 1.552611083984375000e+03
1.705354557926732850e+00 1.552031738281250000e+03
1.707415409356251468e+00 1.550432861328125000e+03
1.709476260785770307e+00 1.549870605468750000e+03
1.711537112215288925e+00 1.549078979492187500e+03
1.713597963644807765e+00 1.548279663085937500e+03
1.715658815074326382e+00 1.548290527343750000e+03
1.717719666503845000e+00 1.548385864257812500e+03
1.719780517933363617e+00 1.546173583984375000e+03
1.721841369362882457e+00 1.545852905273437500e+03
1.723902220792401296e+00 1.543631103515625000e+03
1.725963072221919914e+00 1.542437866210937500e+03
1.728023923651438754e+00 1.540840087890625000e+03
1.730084775080957371e+00 1.541507080078125000e+03
1.732145626510475989e+00 1.542294311523437500e+03
1.734206477939994606e+00 1.542057617187500000e+03
1.736267329369513446e+00 1.540579956054687500e+03
1.738328180799032285e+00 1.539503784179687500e+03
1.740389032228550903e+00 1.538463256835937500e+03
1.742449883658069520e+00 1.537912963867187500e+03
1.744510735087588360e+00 1.536603759765625000e+03
1.746571586517106978e+00 1.534380249023437500e+03
1.748632437946625595e+00 1.533204833984375000e+03
1.750693289376144435e+00 1.530102050781250000e+03
1.752754140805663274e+00 1.527980590820312500e+03
1.754814992235181892e+00 1.526934082031250000e+03
1.756875843664700509e+00 1.526503051757812500e+03
1.758936695094219349e+00 1.525417968750000000e+03
1.760997546523737967e+00 1.524065307617187500e+03
1.763058397953256584e+00 1.524403564453125000e+03
1.765119249382775424e+00 1.525636352539062500e+03
1.767180100812294263e+00 1.528412841796875000e+03
1.769240952241812881e+00 1.533771972656250000e+03
1.771301803671331498e+00 1.538940551757812500e+03
1.773362655100850116e+00 1.545714721679687500e+03
1.775423506530368956e+00 1.551582519531250000e+03
1.777484357959887573e+00 1.557690795898437500e+03
1.779545209389406413e+00 1.561980957031250000e+03
1.781606060818925252e+00 1.563540161132812500e+03
1.783666912248443870e+00 1.561185424804687500e+03
1.785727763677962487e+00 1.557457641601562500e+03
1.787788615107481105e+00 1.551535644531250000e+03
1.789849466536999945e+00 1.543313842773437500e+03
1.791910317966518340e+00 1.533802734375000000e+03
1.793971169396037180e+00 1.522845947265625000e+03
1.796032020825556019e+00 1.511640747070312500e+03
1.798092872255074415e+00 1.503105224609375000e+03
1.800153723684593254e+00 1.492801391601562500e+03
1.802214575114112094e+00 1.485517456054687500e+03
1.804275426543630712e+00 1.479902587890625000e+03
1.806336277973149551e+00 1.473237915039062500e+03
1.808397129402668391e+00 1.467817626953125000e+03
1.810457980832186786e+00 1.462852539062500000e+03
1.812518832261705626e+00 1.456261596679687500e+03
1.814579683691224021e+00 1.450671508789062500e+03
1.816640535120742861e+00 1.446409790039062500e+03
1.818701386550261700e+00 1.441774414062500000e+03
1.820762237979780318e+00 1.438223144531250000e+03
1.822823089409299158e+00 1.435398071289062500e+03
1.824883940838817997e+00 1.431533447265625000e+03
1.826944792268336393e+00 1.428786621093750000e+03
1.829005643697855232e+00 1.426059814453125000e+03
1.831066495127374072e+00 1.423440063476562500e+03
1.833127346556892689e+00 1.420535766601562500e+03
1.835188197986411529e+00 1.416755737304687500e+03
1.837249049415929925e+00 1.413341308593750000e+03
1.839309900845448764e+00 1.409400024414062500e+03
1.841370752274967604e+00 1.406197509765625000e+03
1.843431603704485999e+00 1.402377929687500000e+03
1.845492455134004839e+00 1.400125732421875000e+03
1.847553306563523678e+00 1.397759643554687500e+03
1.849614157993042296e+00 1.394633544921875000e+03
1.851675009422561136e+00 1.391477294921875000e+03
1.853735860852079975e+00 1.386892700195312500e+03
1.855796712281598371e+00 1.382934570312500000e+03
1.857857563711117210e+00 1.380675659179687500e+03
1.859918415140635606e+00 1.378252197265625000e+03
1.861979266570154667e+00 1.375138916015625000e+03
1.864040117999673507e+00 1.372145385742187500e+03
1.866100969429191903e+00 1.368682250976562500e+03
1.868161820858710742e+00 1.365692016601562500e+03
1.870222672288229582e+00 1.364406982421875000e+03
1.872283523717747977e+00 1.362976440429687500e+03
1.874344375147266817e+00 1.361959594726562500e+03
1.876405226576785656e+00 1.361357177734375000e+03
1.878466078006304274e+00 1.360404296875000000e+03
1.880526929435823114e+00 1.361823242187500000e+03
1.882587780865341509e+00 1.361978881835937500e+03
1.884648632294860349e+00 1.362518676757812500e+03
1.886709483724379188e+00 1.361756347656250000e+03
1.888770335153897806e+00 1.359043945312500000e+03
1.890831186583416645e+00 1.355514770507812500e+03
1.892892038012935485e+00 1.348773071289062500e+03
1.894952889442453881e+00 1.344312255859375000e+03
1.897013740871972720e+00 1.340127563476562500e+03
1.899074592301491560e+00 1.334234741210937500e+03
1.901135443731009955e+00 1.329359619140625000e+03
1.903196295160528795e+00 1.323824340820312500e+03
1.905257146590047412e+00 1.317485351562500000e+03
1.907317998019566252e+00 1.312111694335937500e+03
1.909378849449085092e+00 1.306960693359375000e+03
1.911439700878603487e+00 1.302318969726562500e+03
1.913500552308122327e+00 1.299315307617187500e+03
1.915561403737641166e+00 1.296777465820312500e+03
1.917622255167159784e+00 1.294521240234375000e+03
1.919683106596678623e+00 1.291672973632812500e+03
1.921743958026197463e+00 1.288775146484375000e+03
1.923804809455715858e+00 1.285502563476562500e+03
1.925865660885234698e+00 1.282242065429687500e+03
1.927926512314753094e+00 1.278808715820312500e+03
1.929987363744271933e+00 1.274871215820312500e+03
1.932048215173790773e+00 1.271214843750000000e+03
1.934109066603309390e+00 1.268355102539062500e+03
1.936169918032828230e+00 1.263557861328125000e+03
1.938230769462347070e+00 1.260109985351562500e+03
1.940291620891865465e+00 1.257277343750000000e+03
1.942352472321384305e+00 1.255171997070312500e+03
1.944413323750903144e+00 1.253962890625000000e+03
1.946474175180421762e+00 1.250957519531250000e+03
1.948535026609940601e+00 1.248319824218750000e+03
1.950595878039458997e+00 1.245768310546875000e+03
1.952656729468977836e+00 1.242390136718750000e+03
1.954717580898496676e+00 1.241786376953125000e+03
1.956778432328015072e+00 1.240526000976562500e+03
1.958839283757533911e+00 1.237890258789062500e+03
1.960900135187052751e+00 1.236128662109375000e+03
1.962960986616571368e+00 1.234259033203125000e+03
1.965021838046090208e+00 1.232785644531250000e+03
1.967082689475608603e+00 1.230492675781250000e+03
1.969143540905127443e+00 1.228429321289062500e+03
1.971204392334646283e+00 1.227453369140625000e+03
1.973265243764164900e+00 1.225170654296875000e+03
1.975326095193683740e+00 1.223512817382812500e+03
1.977386946623202579e+00 1.223346313476562500e+03
1.979447798052720975e+00 1.225641967773437500e+03
1.981508649482239814e+00 1.230210327148437500e+03
1.983569500911758654e+00 1.237531738281250000e+03
1.985630352341277050e+00 1.249648071289062500e+03
1.987691203770795889e+00 1.265653442382812500e+03
1.989752055200314507e+00 1.287158325195312500e+03
1.991812906629833346e+00 1.317695922851562500e+03
1.993873758059352186e+00 1.355324584960937500e+03
1.995934609488870581e+00 1.396070434570312500e+03
1.997995460918389421e+00 1.437877685546875000e+03
2.000056312347908261e+00 1.480678955078125000e+03
2.002117163777426878e+00 1.516218261718750000e+03
2.004178015206945496e+00 1.538732543945312500e+03
2.006238866636464557e+00 1.546708251953125000e+03
2.008299718065982731e+00 1.543278808593750000e+03
2.010360569495501792e+00 1.525311523437500000e+03
2.012421420925020410e+00 1.496460205078125000e+03
2.014482272354539028e+00 1.456125122070312500e+03
2.016543123784058089e+00 1.412866699218750000e+03
2.018603975213576263e+00 1.373605224609375000e+03
2.020664826643095324e+00 1.334299560546875000e+03
2.022725678072613942e+00 1.297007690429687500e+03
2.024786529502132559e+00 1.268827880859375000e+03
2.026847380931651621e+00 1.244168823242187500e+03
2.028908232361170239e+00 1.223137084960937500e+03
2.030969083790688856e+00 1.205202148437500000e+03
2.033029935220207474e+00 1.189224243164062500e+03
2.035090786649726091e+00 1.178607177734375000e+03
2.037151638079244709e+00 1.168265625000000000e+03
2.039212489508763770e+00 1.160803466796875000e+03
2.041273340938282388e+00 1.154902099609375000e+03
2.043334192367801005e+00 1.150415405273437500e+03
2.045395043797320067e+00 1.145936401367187500e+03
2.047455895226838241e+00 1.142412719726562500e+03
2.049516746656357302e+00 1.138559814453125000e+03
2.051577598085875920e+00 1.134732299804687500e+03
2.053638449515394537e+00 1.131717041015625000e+03
2.055699300944913599e+00 1.129624267578125000e+03
2.057760152374431772e+00 1.126673461914062500e+03
2.059821003803950834e+00 1.124533691406250000e+03
2.061881855233469452e+00 1.121553466796875000e+03
2.063942706662988069e+00 1.120022949218750000e+03
2.066003558092507131e+00 1.118994384765625000e+03
2.068064409522025748e+00 1.115514892578125000e+03
2.070125260951544366e+00 1.113757446289062500e+03
2.072186112381062983e+00 1.112256347656250000e+03
2.074246963810582045e+00 1.110532958984375000e+03
2.076307815240100219e+00 1.108792724609375000e+03
2.078368666669619280e+00 1.107477905273437500e+03
2.080429518099137898e+00 1.104110229492187500e+03
2.082490369528656515e+00 1.100506958007812500e+03
2.084551220958175577e+00 1.097244750976562500e+03
2.086612072387693750e+00 1.093987548828125000e+03
2.088672923817212812e+00 1.091989990234375000e+03
2.090733775246731430e+00 1.089039672851562500e+03
2.092794626676250047e+00 1.085209594726562500e+03
2.094855478105769109e+00 1.083772460937500000e+03
2.096916329535287726e+00 1.082214843750000000e+03
2.098977180964806344e+00 1.081449340820312500e+03
2.101038032394324961e+00 1.080182617187500000e+03
2.103098883823843579e+00 1.079137329101562500e+03
2.105159735253362197e+00 1.076893188476562500e+03
2.107220586682881258e+00 1.074154052734375000e+03
2.109281438112399876e+00 1.073060913085937500e+03
2.111342289541918493e+00 1.070409057617187500e+03
2.113403140971437555e+00 1.067365234375000000e+03
2.115463992400955728e+00 1.064957763671875000e+03
2.117524843830474790e+00 1.063365600585937500e+03
2.119585695259993408e+00 1.062485961914062500e+03
2.121646546689512025e+00 1.059507568359375000e+03
2.123707398119031087e+00 1.057492797851562500e+03
2.125768249548549260e+00 1.054512573242187500e+03
2.127829100978068322e+00 1.051087524414062500e+03
2.129889952407586939e+00 1.049045532226562500e+03
2.131950803837105557e+00 1.046946411132812500e+03
2.134011655266624174e+00 1.046468505859375000e+03
2.136072506696143236e+00 1.044669799804687500e+03
2.138133358125661854e+00 1.042135986328125000e+03
2.140194209555180471e+00 1.041890136718750000e+03
2.142255060984699533e+00 1.039620605468750000e+03
2.144315912414217706e+00 1.037736450195312500e+03
2.146376763843736768e+00 1.036439331054687500e+03
2.148437615273254941e+00 1.033336669921875000e+03
2.150498466702774003e+00 1.030615844726562500e+03
2.152559318132293065e+00 1.029211791992187500e+03
2.154620169561811238e+00 1.028424194335937500e+03
2.156681020991330300e+00 1.027386352539062500e+03
2.158741872420848917e+00 1.025918457031250000e+03
2.160802723850367535e+00 1.024391601562500000e+03
2.162863575279886152e+00 1.022097961425781250e+03
2.164924426709405214e+00 1.019169311523437500e+03
2.166985278138923832e+00 1.016553039550781250e+03
2.169046129568442449e+00 1.013609313964843750e+03
2.171106980997961067e+00 1.011611206054687500e+03
2.173167832427479684e+00 1.008746520996093750e+03
2.175228683856998746e+00 1.006974670410156250e+03
2.177289535286516919e+00 1.004499755859375000e+03
2.179350386716035981e+00 1.003366455078125000e+03
2.181411238145555043e+00 1.002581848144531250e+03
2.183472089575073216e+00 1.001108459472656250e+03
2.185532941004592278e+00 1.000055725097656250e+03
2.187593792434110895e+00 9.990087890625000000e+02
2.189654643863629513e+00 9.968931274414062500e+02
2.191715495293148130e+00 9.961164550781250000e+02
2.193776346722666748e+00 9.952956542968750000e+02
2.195837198152185810e+00 9.939990844726562500e+02
2.197898049581704427e+00 9.929824829101562500e+02
2.199958901011223045e+00 9.916856079101562500e+02
2.202019752440741662e+00 9.893317871093750000e+02
2.204080603870260724e+00 9.870394287109375000e+02
2.206141455299778897e+00 9.843568725585937500e+02
2.208202306729297959e+00 9.812346191406250000e+02
2.210263158158817021e+00 9.789931030273437500e+02
2.212324009588335194e+00 9.768139648437500000e+02
2.214384861017854256e+00 9.757570190429687500e+02
2.216445712447372429e+00 9.738388671875000000e+02
2.218506563876891491e+00 9.726787719726562500e+02
2.220567415306410108e+00 9.714308471679687500e+02
2.222628266735928726e+00 9.691513671875000000e+02
2.224689118165447788e+00 9.666326293945312500e+02
2.226749969594966405e+00 9.647857055664062500e+02
2.228810821024485023e+00 9.636624755859375000e+02
2.230871672454003640e+00 9.623121948242187500e+02
2.232932523883522702e+00 9.617113037109375000e+02
2.234993375313041319e+00 9.600344238281250000e+02
2.237054226742559937e+00 9.577573852539062500e+02
2.239115078172078555e+00 9.568229370117187500e+02
2.241175929601597172e+00 9.558329467773437500e+02
2.243236781031116234e+00 9.550752563476562500e+02
2.245297632460634407e+00 9.547059326171875000e+02
2.247358483890153469e+00 9.533146972656250000e+02
2.249419335319672086e+00 9.509925537109375000e+02
2.251480186749190704e+00 9.499078979492187500e+02
2.253541038178709766e+00 9.473593750000000000e+02
2.255601889608228383e+00 9.450465698242187500e+02
2.257662741037747001e+00 9.433844604492187500e+02
2.259723592467265618e+00 9.416494750976562500e+02
2.261784443896784236e+00 9.397474975585937500e+02
2.263845295326303297e+00 9.379984741210937500e+02
2.265906146755821915e+00 9.372270507812500000e+02
2.267966998185340533e+00 9.368411254882812500e+02
2.270027849614859150e+00 9.364288940429687500e+02
2.272088701044378212e+00 9.361442871093750000e+02
2.274149552473896385e+00 9.340553588867187500e+02
2.276210403903415447e+00 9.328679809570312500e+02
2.278271255332934064e+00 9.311312255859375000e+02
2.280332106762452682e+00 9.287991943359375000e+02
2.282392958191971744e+00 9.271867675781250000e+02
2.284453809621489917e+00 9.263992919921875000e+02
2.286514661051008979e+00 9.258824462890625000e+02
2.288575512480527596e+00 9.253485717773437500e+02
2.290636363910046214e+00 9.246687622070312500e+02
2.292697215339565275e+00 9.245042724609375000e+02
2.294758066769083893e+00 9.254063110351562500e+02
2.296818918198602510e+00 9.263182983398437500e+02
2.298879769628121128e+00 9.303094482421875000e+02
2.300940621057639746e+00 9.360585327148437500e+02
2.303001472487158363e+00 9.427531127929687500e+02
2.305062323916677425e+00 9.553269653320312500e+02
2.307123175346196042e+00 9.738284912109375000e+02
2.309184026775714660e+00 9.984638061523437500e+02
2.311244878205233722e+00 1.029795898437500000e+03
2.313305729634751895e+00 1.064732055664062500e+03
2.315366581064270957e+00 1.105926757812500000e+03
2.317427432493789574e+00 1.145633789062500000e+03
2.319488283923308192e+00 1.177710937500000000e+03
2.321549135352827253e+00 1.199446777343750000e+03
2.323609986782345427e+00 1.212308105468750000e+03
2.325670838211864488e+00 1.213364990234375000e+03
2.327731689641383106e+00 1.203952270507812500e+03
2.329792541070901724e+00 1.181281127929687500e+03
2.331853392500420341e+00 1.153587524414062500e+03
2.333914243929939403e+00 1.120834960937500000e+03
2.335975095359458020e+00 1.082977416992187500e+03
2.338035946788976638e+00 1.047560546875000000e+03
2.340096798218495699e+00 1.017619995117187500e+03
2.342157649648013873e+00 9.920731811523437500e+02
2.344218501077532935e+00 9.701951904296875000e+02
2.346279352507051108e+00 9.504127197265625000e+02
2.348340203936570170e+00 9.343735351562500000e+02
2.350401055366089231e+00 9.215040893554687500e+02
2.352461906795607405e+00 9.106987304687500000e+02
2.354522758225126466e+00 9.013604736328125000e+02
2.356583609654645084e+00 8.959789428710937500e+02
2.358644461084163702e+00 8.910808715820312500e+02
2.360705312513682319e+00 8.865852050781250000e+02
2.362766163943201381e+00 8.834165649414062500e+02
2.364827015372719998e+00 8.809676513671875000e+02
2.366887866802238616e+00 8.790028076171875000e+02
2.368948718231757233e+00 8.768628540039062500e+02
2.371009569661275851e+00 8.760882568359375000e+02
2.373070421090794913e+00 8.733678588867187500e+02
2.375131272520313086e+00 8.719628906250000000e+02
2.377192123949832148e+00 8.707435913085937500e+02
2.379252975379351209e+00 8.694049682617187500e+02
2.381313826808869383e+00 8.685588989257812500e+02
2.383374678238388444e+00 8.673731079101562500e+02
2.385435529667907062e+00 8.646158447265625000e+02
2.387496381097425679e+00 8.629541015625000000e+02
2.389557232526944297e+00 8.616102905273437500e+02
2.391618083956462915e+00 8.608999633789062500e+02
2.393678935385981976e+00 8.594816894531250000e+02
2.395739786815500594e+00 8.577205200195312500e+02
2.397800638245019211e+00 8.568054809570312500e+02
2.399861489674537829e+00 8.559972534179687500e+02
2.401922341104056891e+00 8.534880371093750000e+02
2.403983192533575508e+00 8.511747436523437500e+02
2.406044043963094126e+00 8.489788818359375000e+02
2.408104895392613187e+00 8.467199707031250000e+02
2.410165746822131361e+00 8.465684814453125000e+02
2.412226598251650422e+00 8.466619262695312500e+02
2.414287449681168596e+00 8.458698730468750000e+02
2.416348301110687657e+00 8.453906860351562500e+02
2.418409152540206275e+00 8.446914062500000000e+02
2.420470003969724893e+00 8.440819091796875000e+02
2.422530855399243954e+00 8.441239624023437500e+02
2.424591706828762572e+00 8.431543579101562500e+02
2.426652558258281189e+00 8.415134277343750000e+02
2.428713409687799807e+00 8.411306762695312500e+02
2.430774261117318868e+00 8.384143676757812500e+02
2.432835112546837486e+00 8.375466918945312500e+02
2.434895963976356104e+00 8.363803100585937500e+02
2.436956815405874721e+00 8.348526611328125000e+02
2.439017666835393339e+00 8.340361938476562500e+02
2.441078518264912400e+00 8.336718139648437500e+02
2.443139369694430574e+00 8.329302978515625000e+02
2.445200221123949635e+00 8.322943725585937500e+02
2.447261072553468253e+00 8.322634887695312500e+02
2.449321923982986871e+00 8.315258178710937500e+02
2.451382775412505932e+00 8.295078735351562500e+02
2.453443626842024550e+00 8.283480224609375000e+02
2.455504478271543167e+00 8.267843627929687500e+02
2.457565329701061785e+00 8.256769409179687500e+02
2.459626181130580402e+00 8.252222900390625000e+02
2.461687032560099464e+00 8.245452880859375000e+02
2.463747883989618082e+00 8.241307373046875000e+02
2.465808735419136699e+00 8.232595825195312500e+02
2.467869586848655317e+00 8.218508300781250000e+02
2.469930438278174378e+00 8.217641601562500000e+02
2.471991289707692552e+00 8.219803466796875000e+02
2.474052141137211613e+00 8.215466918945312500e+02
2.476112992566730231e+00 8.213441162109375000e+02
2.478173843996248848e+00 8.209052734375000000e+02
2.480234695425767910e+00 8.191436157226562500e+02
2.482295546855286084e+00 8.172346191406250000e+02
2.484356398284805145e+00 8.164805297851562500e+02
2.486417249714323763e+00 8.163095092773437500e+02
2.488478101143842380e+00 8.161931152343750000e+02
2.490538952573361442e+00 8.175419921875000000e+02
2.492599804002880060e+00 8.201685791015625000e+02
2.494660655432398677e+00 8.232747802734375000e+02
2.496721506861917295e+00 8.286321411132812500e+02
2.498782358291436356e+00 8.355986938476562500e+02
2.500843209720954530e+00 8.441738891601562500e+02
2.502904061150473591e+00 8.566196899414062500e+02
2.504964912579992209e+00 8.708962402343750000e+02
2.507025764009510826e+00 8.859389648437500000e+02
2.509086615439029888e+00 9.009422607421875000e+02
2.511147466868548062e+00 9.137768554687500000e+02
2.513208318298067123e+00 9.243764038085937500e+02
2.515269169727585741e+00 9.290655517578125000e+02
2.517330021157104358e+00 9.281731567382812500e+02
2.519390872586623420e+00 9.235319213867187500e+02
2.521451724016142037e+00 9.135001831054687500e+02
2.523512575445660655e+00 8.984769897460937500e+02
2.525573426875179273e+00 8.842105712890625000e+02
2.527634278304697890e+00 8.681921386718750000e+02
2.529695129734216508e+00 8.528886718750000000e+02
2.531755981163735569e+00 8.392815551757812500e+02
2.533816832593254187e+00 8.277871704101562500e+02
2.535877684022772804e+00 8.192662963867187500e+02
2.537938535452291866e+00 8.118880615234375000e+02
2.539999386881810040e+00 8.062702026367187500e+02
2.542060238311329101e+00 8.015819091796875000e+02
2.544121089740847719e+00 7.975368041992187500e+02
2.546181941170366336e+00 7.937955322265625000e+02
2.548242792599885398e+00 7.901754760742187500e+02
2.550303644029403571e+00 7.868701782226562500e+02
2.552364495458922633e+00 7.836175537109375000e+02
2.554425346888441251e+00 7.813707885742187500e+02
2.556486198317959868e+00 7.790991821289062500e+02
2.558547049747478486e+00 7.775281372070312500e+02
2.560607901176997547e+00 7.755952758789062500e+02
2.562668752606516165e+00 7.732952880859375000e+02
2.564729604036034782e+00 7.717677001953125000e+02
2.566790455465553400e+00 7.712656250000000000e+02
2.568851306895072018e+00 7.703648071289062500e+02
2.570912158324591079e+00 7.694787597656250000e+02
2.572973009754109697e+00 7.683247680664062500e+02
2.575033861183628314e+00 7.670657958984375000e+02
2.577094712613147376e+00 7.662670898437500000e+02
2.579155564042665549e+00 7.658482666015625000e+02
2.581216415472184611e+00 7.653452758789062500e+02
2.583277266901703229e+00 7.645831909179687500e+02
2.585338118331221846e+00 7.648081054687500000e+02
2.587398969760740464e+00 7.637758789062500000e+02
2.589459821190259081e+00 7.620784301757812500e+02
2.591520672619778143e+00 7.613337402343750000e+02
2.593581524049296760e+00 7.601560668945312500e+02
2.595642375478815378e+00 7.578592529296875000e+02
2.597703226908333995e+00 7.576663818359375000e+02
2.599764078337853057e+00 7.572615966796875000e+02
2.601824929767371675e+00 7.560671386718750000e+02
2.603885781196890292e+00 7.551391601562500000e+02
2.605946632626409354e+00 7.549910278320312500e+02
2.608007484055927527e+00 7.539718627929687500e+02
2.610068335485446589e+00 7.520844116210937500e+02
2.612129186914964762e+00 7.519393310546875000e+02
2.614190038344483824e+00 7.520994873046875000e+02
2.616250889774002442e+00 7.523962402343750000e+02
2.618311741203521059e+00 7.523341674804687500e+02
2.620372592633040121e+00 7.505143432617187500e+02
2.622433444062558738e+00 7.475985717773437500e+02
2.624494295492077356e+00 7.454302368164062500e+02
2.626555146921595973e+00 7.438970947265625000e+02
2.628615998351115035e+00 7.425247802734375000e+02
2.630676849780633653e+00 7.421943969726562500e+02
2.632737701210152270e+00 7.412998657226562500e+02
2.634798552639670888e+00 7.409676513671875000e+02
2.636859404069189505e+00 7.396411132812500000e+02
2.638920255498708567e+00 7.394642944335937500e+02
2.640981106928226740e+00 7.400213012695312500e+02
2.643041958357745802e+00 7.391363525390625000e+02
2.645102809787264420e+00 7.393778076171875000e+02
2.647163661216783037e+00 7.394099121093750000e+02
2.649224512646302099e+00 7.376206665039062500e+02
2.651285364075820716e+00 7.366947631835937500e+02
2.653346215505339334e+00 7.367541503906250000e+02
2.655407066934857951e+00 7.353861083984375000e+02
2.657467918364376569e+00 7.348066406250000000e+02
2.659528769793895631e+00 7.338444824218750000e+02
2.661589621223414248e+00 7.312675170898437500e+02
2.663650472652932866e+00 7.300103759765625000e+02
2.665711324082451483e+00 7.302267456054687500e+02
2.667772175511970545e+00 7.303763427734375000e+02
2.669833026941488718e+00 7.309822998046875000e+02
2.671893878371007780e+00 7.315658569335937500e+02
2.673954729800526398e+00 7.306542968750000000e+02
2.676015581230045015e+00 7.311064453125000000e+02
2.678076432659564077e+00 7.313975830078125000e+02
2.680137284089082250e+00 7.311236572265625000e+02
2.682198135518601312e+00 7.318041992187500000e+02
2.684258986948119929e+00 7.324755249023437500e+02
2.686319838377638547e+00 7.323940429687500000e+02
2.688380689807157609e+00 7.325167236328125000e+02
2.690441541236676226e+00 7.323558959960937500e+02
2.692502392666194844e+00 7.313280639648437500e+02
2.694563244095713461e+00 7.291849365234375000e+02
2.696624095525232523e+00 7.281538085937500000e+02
2.698684946954750696e+00 7.286519775390625000e+02
2.700745798384269758e+00 7.282445068359375000e+02
2.702806649813788376e+00 7.281066284179687500e+02
2.704867501243306993e+00 7.278215332031250000e+02
2.706928352672826055e+00 7.271104736328125000e+02
2.708989204102344228e+00 7.257079467773437500e+02
2.711050055531863290e+00 7.254335937500000000e+02
2.713110906961381907e+00 7.254835815429687500e+02
2.715171758390900525e+00 7.253170776367187500e+02
2.717232609820419587e+00 7.251560058593750000e+02
2.719293461249938204e+00 7.248783569335937500e+02
2.721354312679456822e+00 7.243936767578125000e+02
2.723415164108975439e+00 7.230650634765625000e+02
2.725476015538494057e+00 7.232107543945312500e+02
2.727536866968012674e+00 7.235608520507812500e+02
2.729597718397531736e+00 7.222689208984375000e+02
2.731658569827050353e+00 7.237307128906250000e+02
2.733719421256568971e+00 7.243056640625000000e+02
2.735780272686088033e+00 7.251906738281250000e+02
2.737841124115606206e+00 7.260007324218750000e+02
2.739901975545125268e+00 7.274660034179687500e+02
2.741962826974643885e+00 7.305020751953125000e+02
2.744023678404162503e+00 7.342669067382812500e+02
2.746084529833681565e+00 7.401918334960937500e+02
2.748145381263199738e+00 7.482715454101562500e+02
2.750206232692718800e+00 7.593846435546875000e+02
2.752267084122237417e+00 7.773313598632812500e+02
2.754327935551756035e+00 8.017944335937500000e+02
2.756388786981274652e+00 8.331995239257812500e+02
2.758449638410793714e+00 8.745129394531250000e+02
2.760510489840312331e+00 9.262495117187500000e+02
2.762571341269830949e+00 9.796578369140625000e+02
2.764632192699350011e+00 1.030217529296875000e+03
2.766693044128868184e+00 1.077880615234375000e+03
2.768753895558387246e+00 1.114206420898437500e+03
2.770814746987905863e+00 1.133286254882812500e+03
2.772875598417424481e+00 1.137283691406250000e+03
2.774936449846943542e+00 1.125569458007812500e+03
2.776997301276461716e+00 1.100196289062500000e+03
2.779058152705980778e+00 1.066532104492187500e+03
2.781119004135499395e+00 1.021477355957031250e+03
2.783179855565018013e+00 9.778065795898437500e+02
2.785240706994536630e+00 9.383946533203125000e+02
2.787301558424055692e+00 9.038286743164062500e+02
2.789362409853574309e+00 8.745617675781250000e+02
2.791423261283092927e+00 8.562648315429687500e+02
2.793484112712611545e+00 8.459431762695312500e+02
2.795544964142130162e+00 8.464719238281250000e+02
2.797605815571649224e+00 8.571826171875000000e+02
2.799666667001167841e+00 8.952218627929687500e+02
2.801727518430686459e+00 9.566547241210937500e+02
2.803788369860205520e+00 1.029917114257812500e+03
2.805849221289723694e+00 1.109463867187500000e+03
2.807910072719242756e+00 1.277268554687500000e+03
2.809970924148761373e+00 1.425300537109375000e+03
2.812031775578279991e+00 1.556870971679687500e+03
2.814092627007798608e+00 1.826925415039062500e+03
2.816153478437317226e+00 2.011330078125000000e+03
2.818214329866836287e+00 2.036830200195312500e+03
2.820275181296354905e+00 2.181150390625000000e+03
2.822336032725873523e+00 2.296544677734375000e+03
2.824396884155392140e+00 2.134144042968750000e+03
2.826457735584911202e+00 2.206451660156250000e+03
2.828518587014429819e+00 2.310278808593750000e+03
2.830579438443948437e+00 2.064970458984375000e+03
2.832640289873467498e+00 2.015807373046875000e+03
2.834701141302985672e+00 2.012948608398437500e+03
2.836761992732504734e+00 1.769004760742187500e+03
2.838822844162022907e+00 1.572956420898437500e+03
2.840883695591541969e+00 1.451593994140625000e+03
2.842944547021060586e+00 1.239590698242187500e+03
2.845005398450579204e+00 1.091937622070312500e+03
2.847066249880098265e+00 1.019338500976562500e+03
2.849127101309616883e+00 9.343565063476562500e+02
2.851187952739135500e+00 8.683360595703125000e+02
2.853248804168654118e+00 8.320715942382812500e+02
2.855309655598173180e+00 8.055893554687500000e+02
2.857370507027691797e+00 7.835923461914062500e+02
2.859431358457210415e+00 7.657520751953125000e+02
2.861492209886729032e+00 7.522833251953125000e+02
2.863553061316247650e+00 7.414891967773437500e+02
2.865613912745766712e+00 7.322360839843750000e+02
2.867674764175284885e+00 7.248933105468750000e+02
2.869735615604803947e+00 7.194821166992187500e+02
2.871796467034323008e+00 7.139228515625000000e+02
2.873857318463841182e+00 7.085453491210937500e+02
2.875918169893360243e+00 7.045849609375000000e+02
2.877979021322878417e+00 7.015755615234375000e+02
2.880039872752397478e+00 6.993207397460937500e+02
2.882100724181916096e+00 6.986059570312500000e+02
2.884161575611434714e+00 6.966406250000000000e+02
2.886222427040953775e+00 6.944118652343750000e+02
2.888283278470472393e+00 6.927588500976562500e+02
2.890344129899991010e+00 6.915845947265625000e+02
2.892404981329509628e+00 6.910363769531250000e+02
2.894465832759028689e+00 6.870167846679687500e+02
2.896526684188546863e+00 6.851615600585937500e+02
2.898587535618065925e+00 6.846760253906250000e+02
2.900648387047584542e+00 6.836564331054687500e+02
2.902709238477103160e+00 6.875067749023437500e+02
2.904770089906622221e+00 6.858828735351562500e+02
2.906830941336140395e+00 6.857001953125000000e+02
2.908891792765659456e+00 6.851282958984375000e+02
2.910952644195178074e+00 6.848479003906250000e+02
2.913013495624696692e+00 6.854424438476562500e+02
2.915074347054215753e+00 6.857131958007812500e+02
2.917135198483734371e+00 6.872696533203125000e+02
2.919196049913252988e+00 6.889896850585937500e+02
2.921256901342771606e+00 6.905725708007812500e+02
2.923317752772290223e+00 6.938560791015625000e+02
2.925378604201808841e+00 6.988554077148437500e+02
2.927439455631327903e+00 7.054818115234375000e+02
2.929500307060846520e+00 7.141820678710937500e+02
2.931561158490365138e+00 7.239569702148437500e+02
2.933622009919884199e+00 7.353195190429687500e+02
2.935682861349402373e+00 7.469477539062500000e+02
2.937743712778921434e+00 7.594639282226562500e+02
2.939804564208440052e+00 7.699355468750000000e+02
2.941865415637958669e+00 7.769176025390625000e+02
2.943926267067477731e+00 7.821358032226562500e+02
2.945987118496995905e+00 7.835909423828125000e+02
2.948047969926514966e+00 7.831456909179687500e+02
2.950108821356033584e+00 7.838709106445312500e+02
2.952169672785552201e+00 7.835745849609375000e+02
2.954230524215070819e+00 7.862471923828125000e+02
2.956291375644589881e+00 7.953603515625000000e+02
2.958352227074108498e+00 8.157548828125000000e+02
2.960413078503627116e+00 8.526368408203125000e+02
2.962473929933146177e+00 9.153038330078125000e+02
2.964534781362664351e+00 1.014713684082031250e+03
2.966595632792183412e+00 1.151221069335937500e+03
2.968656484221702030e+00 1.347701538085937500e+03
2.970717335651220647e+00 1.571139404296875000e+03
2.972778187080739709e+00 1.849878051757812500e+03
2.974839038510257883e+00 2.154033447265625000e+03
2.976899889939776944e+00 2.434499511718750000e+03
2.978960741369295562e+00 2.719193847656250000e+03
2.981021592798814179e+00 2.931388427734375000e+03
2.983082444228332797e+00 3.053878173828125000e+03
2.985143295657851858e+00 3.123234130859375000e+03
2.987204147087370476e+00 3.082561279296875000e+03
2.989264998516889094e+00 2.949368164062500000e+03
2.991325849946407711e+00 2.788941162109375000e+03
2.993386701375926329e+00 2.563235839843750000e+03
2.995447552805445390e+00 2.323382080078125000e+03
2.997508404234964008e+00 2.109619628906250000e+03
2.999569255664482625e+00 1.891601806640625000e+03
3.001630107094001687e+00 1.712041015625000000e+03
3.003690958523519861e+00 1.550327880859375000e+03
3.005751809953038922e+00 1.394795043945312500e+03
3.007812661382557540e+00 1.273581298828125000e+03
3.009873512812076157e+00 1.148773437500000000e+03
3.011934364241595219e+00 1.045347900390625000e+03
3.013995215671113392e+00 9.578074340820312500e+02
3.016056067100632454e+00 8.775972290039062500e+02
3.018116918530151072e+00 8.201396484375000000e+02
3.020177769959669689e+00 7.690049438476562500e+02
3.022238621389188307e+00 7.366163330078125000e+02
3.024299472818707368e+00 7.142149047851562500e+02
3.026360324248225986e+00 6.980604248046875000e+02
3.028421175677744603e+00 6.881571044921875000e+02
3.030482027107263665e+00 6.816206054687500000e+02
3.032542878536781839e+00 6.771190185546875000e+02
3.034603729966300900e+00 6.748410034179687500e+02
3.036664581395819074e+00 6.752025756835937500e+02
3.038725432825338135e+00 6.773164062500000000e+02
3.040786284254857197e+00 6.802558593750000000e+02
3.042847135684375370e+00 6.845638427734375000e+02
3.044907987113894432e+00 6.897529296875000000e+02
3.046968838543413050e+00 6.949704589843750000e+02
3.049029689972931667e+00 6.994642944335937500e+02
3.051090541402450285e+00 7.023313598632812500e+02
3.053151392831969346e+00 7.044520874023437500e+02
3.055212244261487964e+00 7.046141357421875000e+02
3.057273095691006581e+00 7.052521972656250000e+02
3.059333947120525199e+00 7.051330566406250000e+02
3.061394798550043816e+00 7.049295043945312500e+02
3.063455649979562878e+00 7.052117919921875000e+02
3.065516501409081052e+00 7.077530517578125000e+02
3.067577352838600113e+00 7.114631958007812500e+02
3.069638204268119175e+00 7.160862426757812500e+02
3.071699055697637348e+00 7.213001098632812500e+02
3.073759907127156410e+00 7.272454223632812500e+02
3.075820758556675028e+00 7.332380371093750000e+02
3.077881609986193645e+00 7.378209838867187500e+02
3.079942461415712263e+00 7.402901000976562500e+02
3.082003312845230880e+00 7.418845825195312500e+02
3.084064164274749942e+00 7.413427734375000000e+02
3.086125015704268559e+00 7.371076049804687500e+02
3.088185867133787177e+00 7.305001220703125000e+02
3.090246718563305794e+00 7.214436035156250000e+02
3.092307569992824856e+00 7.101563110351562500e+02
3.094368421422343030e+00 6.982580566406250000e+02
3.096429272851862091e+00 6.860257568359375000e+02
3.098490124281381153e+00 6.744328613281250000e+02
3.100550975710899326e+00 6.652515869140625000e+02
3.102611827140418388e+00 6.574473876953125000e+02
3.104672678569936561e+00 6.495320434570312500e+02
3.106733529999455623e+00 6.436484375000000000e+02
3.108794381428974241e+00 6.376746215820312500e+02
3.110855232858492858e+00 6.327196655273437500e+02
3.112916084288011920e+00 6.282457275390625000e+02
3.114976935717530537e+00 6.243696899414062500e+02
3.117037787147049155e+00 6.210307006835937500e+02
3.119098638576567772e+00 6.180161743164062500e+02
3.121159490006086834e+00 6.159176025390625000e+02
3.123220341435605008e+00 6.147681274414062500e+02
3.125281192865124069e+00 6.142581787109375000e+02
3.127342044294642687e+00 6.141227416992187500e+02
3.129402895724161304e+00 6.127749023437500000e+02
3.131463747153680366e+00 6.116660156250000000e+02
3.133524598583198539e+00 6.109323730468750000e+02
3.135585450012717601e+00 6.094744873046875000e+02
3.137646301442236219e+00 6.088088378906250000e+02
3.139707152871754836e+00 6.080361938476562500e+02
3.141768004301273898e+00 6.073376464843750000e+02
3.143828855730792515e+00 6.064772338867187500e+02
3.145889707160311133e+00 6.071034545898437500e+02
3.147950558589829750e+00 6.068905029296875000e+02
3.150011410019348368e+00 6.053269042968750000e+02
3.152072261448866985e+00 6.046746215820312500e+02
3.154133112878386047e+00 6.032695312500000000e+02
3.156193964307904665e+00 6.015831909179687500e+02
3.158254815737423282e+00 6.020042114257812500e+02
3.160315667166942344e+00 6.014072875976562500e+02
3.162376518596460517e+00 6.007828979492187500e+02
3.164437370025979579e+00 6.002155761718750000e+02
3.166498221455498197e+00 5.995793457031250000e+02
3.168559072885016814e+00 5.985130615234375000e+02
3.170619924314535876e+00 5.978618774414062500e+02
3.172680775744054049e+00 5.975837402343750000e+02
3.174741627173573111e+00 5.981879272460937500e+02
3.176802478603091728e+00 5.977120971679687500e+02
3.178863330032610346e+00 5.975808715820312500e+02
3.180924181462129408e+00 5.980996704101562500e+02
3.182985032891648025e+00 5.981130981445312500e+02
3.185045884321166643e+00 5.983118286132812500e+02
3.187106735750685260e+00 5.988995361328125000e+02
3.189167587180203878e+00 5.983426513671875000e+02
3.191228438609722495e+00 5.969955444335937500e+02
3.193289290039241557e+00 5.959299316406250000e+02
3.195350141468760174e+00 5.943245849609375000e+02
3.197410992898278792e+00 5.938029174804687500e+02
3.199471844327797854e+00 5.935741577148437500e+02
3.201532695757316027e+00 5.931316528320312500e+02
3.203593547186835089e+00 5.925122680664062500e+02
3.205654398616353706e+00 5.917182006835937500e+02
3.207715250045872324e+00 5.916519775390625000e+02
3.209776101475391386e+00 5.912803344726562500e+02
3.211836952904909559e+00 5.917922973632812500e+02
3.213897804334428621e+00 5.922927856445312500e+02
3.215958655763947238e+00 5.924151000976562500e+02
3.218019507193465856e+00 5.921798095703125000e+02
3.220080358622984473e+00 5.916588134765625000e+02
3.222141210052503535e+00 5.903107910156250000e+02
3.224202061482022152e+00 5.898339843750000000e+02
3.226262912911540770e+00 5.898569946289062500e+02
3.228323764341059832e+00 5.900490112304687500e+02
3.230384615770578005e+00 5.907015991210937500e+02
3.232445467200097067e+00 5.923112182617187500e+02
3.234506318629615240e+00 5.933292236328125000e+02
3.236567170059134302e+00 5.930916748046875000e+02
3.238628021488653363e+00 5.940797119140625000e+02
3.240688872918171537e+00 5.948759155273437500e+02
3.242749724347690599e+00 5.958574218750000000e+02
3.244810575777209216e+00 5.975820312500000000e+02
3.246871427206727834e+00 5.993889160156250000e+02
3.248932278636246451e+00 6.011187133789062500e+02
3.250993130065765513e+00 6.045842895507812500e+02
3.253053981495284130e+00 6.104215698242187500e+02
3.255114832924802748e+00 6.183145141601562500e+02
3.257175684354321366e+00 6.287091064453125000e+02
3.259236535783839983e+00 6.386599121093750000e+02
3.261297387213359045e+00 6.496945190429687500e+02
3.263358238642877218e+00 6.586906127929687500e+02
3.265419090072396280e+00 6.652542724609375000e+02
3.267479941501915341e+00 6.681444091796875000e+02
3.269540792931433515e+00 6.693848266601562500e+02
3.271601644360952577e+00 6.667631225585937500e+02
3.273662495790471194e+00 6.624320068359375000e+02
3.275723347219989812e+00 6.552348632812500000e+02
3.277784198649508429e+00 6.466370239257812500e+02
3.279845050079027047e+00 6.375673217773437500e+02
3.281905901508546108e+00 6.276488037109375000e+02
3.283966752938064726e+00 6.178765258789062500e+02
3.286027604367583344e+00 6.105939941406250000e+02
3.288088455797101961e+00 6.052926635742187500e+02
3.290149307226621023e+00 5.993252563476562500e+02
3.292210158656139196e+00 5.952714233398437500e+02
3.294271010085658258e+00 5.923893432617187500e+02
3.296331861515177319e+00 5.892661132812500000e+02
3.298392712944695493e+00 5.874915771484375000e+02
3.300453564374214555e+00 5.867500000000000000e+02
3.302514415803732728e+00 5.842996826171875000e+02
3.304575267233251790e+00 5.827398681640625000e+02
3.306636118662770407e+00 5.819244995117187500e+02
3.308696970092289025e+00 5.802781372070312500e+02
3.310757821521808086e+00 5.802433471679687500e+02
3.312818672951326704e+00 5.789619750976562500e+02
3.314879524380845321e+00 5.783395996093750000e+02
3.316940375810363939e+00 5.787524414062500000e+02
3.319001227239883001e+00 5.782182617187500000e+02
3.321062078669401174e+00 5.781176757812500000e+02
3.323122930098920236e+00 5.780438232421875000e+02
3.325183781528438853e+00 5.777559814453125000e+02
3.327244632957957471e+00 5.781229858398437500e+02
3.329305484387476533e+00 5.786441650390625000e+02
3.331366335816994706e+00 5.790338745117187500e+02
3.333427187246513768e+00 5.792998046875000000e+02
3.335488038676032385e+00 5.792137451171875000e+02
3.337548890105551003e+00 5.805305175781250000e+02
3.339609741535070064e+00 5.822306518554687500e+02
3.341670592964588682e+00 5.845784912109375000e+02
3.343731444394107299e+00 5.866164550781250000e+02
3.345792295823625917e+00 5.873627319335937500e+02
3.347853147253144535e+00 5.891231689453125000e+02
3.349913998682663596e+00 5.916957397460937500e+02
3.351974850112182214e+00 5.947915649414062500e+02
3.354035701541700831e+00 5.984824218750000000e+02
3.356096552971219449e+00 6.011434936523437500e+02
3.358157404400738510e+00 6.034418334960937500e+02
3.360218255830256684e+00 6.042402343750000000e+02
3.362279107259775746e+00 6.041911621093750000e+02
3.364339958689294363e+00 6.055137329101562500e+02
3.366400810118812981e+00 6.050363159179687500e+02
3.368461661548332042e+00 6.038801269531250000e+02
3.370522512977850216e+00 6.029398193359375000e+02
3.372583364407369277e+00 6.002373657226562500e+02
3.374644215836887895e+00 5.967306518554687500e+02
3.376705067266406513e+00 5.942072753906250000e+02
3.378765918695925574e+00 5.914435424804687500e+02
3.380826770125444192e+00 5.892523193359375000e+02
3.382887621554962809e+00 5.875775756835937500e+02
3.384948472984481427e+00 5.844929199218750000e+02
3.387009324414000488e+00 5.822420043945312500e+02
3.389070175843518662e+00 5.798767700195312500e+02
3.391131027273037724e+00 5.784601440429687500e+02
3.393191878702556341e+00 5.776196289062500000e+02
3.395252730132074959e+00 5.754739379882812500e+02
3.397313581561594020e+00 5.743962402343750000e+02
3.399374432991112194e+00 5.739338378906250000e+02
3.401435284420631255e+00 5.732600097656250000e+02
3.403496135850149873e+00 5.731212158203125000e+02
3.405556987279668490e+00 5.744460449218750000e+02
3.407617838709187552e+00 5.756010742187500000e+02
3.409678690138706170e+00 5.777601928710937500e+02
3.411739541568224787e+00 5.820149536132812500e+02
3.413800392997743405e+00 5.863598022460937500e+02
3.415861244427262022e+00 5.910343017578125000e+02
3.417922095856780640e+00 5.966010742187500000e+02
3.419982947286299702e+00 6.026314697265625000e+02
3.422043798715818319e+00 6.094616699218750000e+02
3.424104650145336937e+00 6.169672851562500000e+02
3.426165501574855998e+00 6.264792480468750000e+02
3.428226353004374172e+00 6.381268920898437500e+02
3.430287204433893233e+00 6.531025390625000000e+02
3.432348055863411851e+00 6.732413330078125000e+02
3.434408907292930468e+00 7.009830322265625000e+02
3.436469758722449530e+00 7.303417358398437500e+02
3.438530610151967704e+00 7.643425903320312500e+02
3.440591461581486765e+00 7.974102172851562500e+02
3.442652313011005383e+00 8.247705078125000000e+02
3.444713164440524000e+00 8.480961914062500000e+02
3.446774015870042618e+00 8.598174438476562500e+02
3.448834867299561679e+00 8.633936157226562500e+02
3.450895718729080297e+00 8.553308715820312500e+02
3.452956570158598915e+00 8.380767211914062500e+02
3.455017421588117976e+00 8.143964233398437500e+02
3.457078273017636150e+00 7.855057373046875000e+02
3.459139124447155211e+00 7.594007568359375000e+02
3.461199975876673385e+00 7.331306152343750000e+02
3.463260827306192446e+00 7.094749755859375000e+02
3.465321678735711508e+00 6.910786743164062500e+02
3.467382530165229682e+00 6.729662475585937500e+02
3.469443381594748743e+00 6.581669921875000000e+02
3.471504233024267361e+00 6.447941284179687500e+02
3.473565084453785978e+00 6.314569091796875000e+02
3.475625935883304596e+00 6.200358886718750000e+02
3.477686787312823213e+00 6.090317382812500000e+02
3.479747638742342275e+00 5.990913085937500000e+02
3.481808490171860893e+00 5.907457275390625000e+02
3.483869341601379510e+00 5.821691894531250000e+02
3.485930193030898128e+00 5.759952392578125000e+02
3.487991044460417189e+00 5.708690185546875000e+02
3.490051895889935363e+00 5.666094970703125000e+02
3.492112747319454424e+00 5.639962158203125000e+02
3.494173598748973486e+00 5.625281982421875000e+02
3.496234450178491659e+00 5.605802612304687500e+02
3.498295301608010721e+00 5.598850097656250000e+02
3.500356153037528895e+00 5.587578125000000000e+02
3.502417004467047956e+00 5.579707641601562500e+02
3.504477855896566574e+00 5.562672729492187500e+02
3.506538707326085191e+00 5.544743652343750000e+02
3.508599558755604253e+00 5.531434936523437500e+02
3.510660410185122871e+00 5.526919555664062500e+02
3.512721261614641488e+00 5.523974609375000000e+02
3.514782113044160106e+00 5.530470581054687500e+02
3.516842964473679167e+00 5.526617431640625000e+02
3.518903815903197785e+00 5.523328857421875000e+02
3.520964667332716402e+00 5.518646850585937500e+02
3.523025518762235020e+00 5.511676025390625000e+02
3.525086370191753637e+00 5.503090820312500000e+02
3.527147221621272699e+00 5.498681640625000000e+02
3.529208073050790873e+00 5.494793701171875000e+02
3.531268924480309934e+00 5.500935668945312500e+02
3.533329775909828552e+00 5.502465209960937500e+02
3.535390627339347169e+00 5.501268310546875000e+02
3.537451478768866231e+00 5.501071777343750000e+02
3.539512330198384849e+00 5.492687377929687500e+02
3.541573181627903466e+00 5.498850708007812500e+02
3.543634033057422084e+00 5.498809204101562500e+02
3.545694884486940701e+00 5.490132446289062500e+02
3.547755735916459763e+00 5.487621459960937500e+02
3.549816587345978380e+00 5.495631103515625000e+02
3.551877438775496998e+00 5.492871704101562500e+02
3.553938290205015615e+00 5.510062255859375000e+02
3.555999141634534677e+00 5.539360961914062500e+02
3.558059993064052851e+00 5.545833740234375000e+02
3.560120844493571912e+00 5.561686401367187500e+02
3.562181695923090530e+00 5.575614013671875000e+02
3.564242547352609147e+00 5.577447509765625000e+02
3.566303398782128209e+00 5.576192016601562500e+02
3.568364250211646382e+00 5.566026000976562500e+02
3.570425101641165444e+00 5.552474365234375000e+02
3.572485953070684062e+00 5.547844848632812500e+02
3.574546804500202679e+00 5.541004028320312500e+02
3.576607655929721741e+00 5.531447753906250000e+02
3.578668507359240358e+00 5.514947509765625000e+02
3.580729358788758976e+00 5.492330932617187500e+02
3.582790210218277149e+00 5.469511108398437500e+02
3.584851061647796655e+00 5.461691894531250000e+02
3.586911913077314829e+00 5.454274902343750000e+02
3.588972764506833446e+00 5.449508666992187500e+02
3.591033615936352508e+00 5.448510742187500000e+02
3.593094467365871125e+00 5.440557250976562500e+02
3.595155318795389743e+00 5.443377685546875000e+02
3.597216170224908804e+00 5.454172363281250000e+02
3.599277021654427422e+00 5.447385864257812500e+02
3.601337873083945595e+00 5.445325927734375000e+02
3.603398724513465101e+00 5.441838989257812500e+02
3.605459575942983719e+00 5.416154785156250000e+02
3.607520427372501892e+00 5.388796997070312500e+02
3.609581278802021398e+00 5.372351684570312500e+02
3.611642130231539571e+00 5.367540283203125000e+02
3.613702981661058189e+00 5.364933471679687500e+02
3.615763833090577251e+00 5.360866699218750000e+02
3.617824684520095868e+00 5.359854736328125000e+02
3.619885535949614486e+00 5.347443847656250000e+02
3.621946387379132659e+00 5.344041748046875000e+02
3.624007238808652165e+00 5.344168701171875000e+02
3.626068090238170338e+00 5.335393676757812500e+02
3.628128941667688956e+00 5.336145019531250000e+02
3.630189793097208018e+00 5.331084594726562500e+02
3.632250644526726635e+00 5.319934082031250000e+02
3.634311495956245253e+00 5.319237670898437500e+02
3.636372347385764314e+00 5.325082397460937500e+02
3.638433198815282932e+00 5.321151123046875000e+02
3.640494050244801105e+00 5.318257446289062500e+02
3.642554901674320611e+00 5.316729736328125000e+02
3.644615753103838784e+00 5.311088867187500000e+02
3.646676604533357402e+00 5.306610717773437500e+02
3.648737455962876908e+00 5.297432250976562500e+02
3.650798307392395081e+00 5.286371459960937500e+02
3.652859158821913699e+00 5.282280883789062500e+02
3.654920010251432760e+00 5.279382934570312500e+02
3.656980861680951378e+00 5.275889892578125000e+02
3.659041713110469551e+00 5.275124511718750000e+02
3.661102564539989057e+00 5.269093627929687500e+02
3.663163415969507675e+00 5.265395507812500000e+02
3.665224267399025848e+00 5.259341430664062500e+02
3.667285118828544466e+00 5.256459350585937500e+02
3.669345970258063527e+00 5.260064697265625000e+02
3.671406821687582145e+00 5.255352172851562500e+02
3.673467673117100762e+00 5.250933837890625000e+02
3.675528524546619824e+00 5.262017211914062500e+02
3.677589375976138442e+00 5.263640136718750000e+02
3.679650227405656615e+00 5.256906127929687500e+02
3.681711078835176121e+00 5.269122924804687500e+02
3.683771930264694294e+00 5.276806030273437500e+02
3.685832781694212912e+00 5.283056030273437500e+02
3.687893633123731973e+00 5.289780883789062500e+02
3.689954484553250591e+00 5.297751464843750000e+02
3.692015335982769209e+00 5.298966674804687500e+02
3.694076187412288270e+00 5.296583251953125000e+02
3.696137038841806888e+00 5.299282226562500000e+02
3.698197890271325061e+00 5.291728515625000000e+02
3.700258741700844567e+00 5.287803344726562500e+02
3.702319593130362740e+00 5.270189208984375000e+02
3.704380444559881358e+00 5.255214233398437500e+02
3.706441295989400864e+00 5.247339477539062500e+02
3.708502147418919037e+00 5.236812744140625000e+02
3.710562998848437655e+00 5.233372802734375000e+02
3.712623850277955828e+00 5.221435546875000000e+02
3.714684701707475334e+00 5.220757446289062500e+02
3.716745553136993951e+00 5.215802001953125000e+02
3.718806404566512125e+00 5.207474975585937500e+02
3.720867255996031631e+00 5.201210937500000000e+02
3.722928107425549804e+00 5.197769165039062500e+02
3.724988958855068422e+00 5.188866577148437500e+02
3.727049810284587483e+00 5.183162841796875000e+02
3.729110661714106101e+00 5.177116699218750000e+02
3.731171513143624718e+00 5.171784667968750000e+02
3.733232364573143780e+00 5.168093261718750000e+02
3.735293216002662398e+00 5.169342651367187500e+02
3.737354067432180571e+00 5.179172363281250000e+02
3.739414918861700077e+00 5.181349487304687500e+02
3.741475770291218250e+00 5.187453613281250000e+02
3.743536621720736868e+00 5.185141601562500000e+02
3.745597473150255929e+00 5.175828857421875000e+02
3.747658324579774547e+00 5.169382934570312500e+02
3.749719176009293164e+00 5.170462036132812500e+02
3.751780027438812226e+00 5.166945800781250000e+02
3.753840878868330844e+00 5.172283325195312500e+02
3.755901730297849017e+00 5.178375244140625000e+02
3.757962581727367635e+00 5.192030029296875000e+02
3.760023433156886696e+00 5.214263305664062500e+02
3.762084284586405314e+00 5.244843750000000000e+02
3.764145136015923931e+00 5.298486328125000000e+02
3.766205987445442993e+00 5.374785156250000000e+02
3.768266838874961611e+00 5.455003662109375000e+02
3.770327690304479784e+00 5.541411132812500000e+02
3.772388541733999290e+00 5.630107421875000000e+02
3.774449393163517907e+00 5.698259277343750000e+02
3.776510244593036081e+00 5.746221923828125000e+02
3.778571096022555587e+00 5.775759887695312500e+02
3.780631947452073760e+00 5.778152465820312500e+02
3.782692798881592378e+00 5.745722656250000000e+02
3.784753650311111439e+00 5.704064331054687500e+02
3.786814501740630057e+00 5.655488891601562500e+02
3.788875353170148674e+00 5.586229248046875000e+02
3.790936204599667736e+00 5.511750488281250000e+02
3.792997056029186353e+00 5.441632080078125000e+02
3.795057907458704527e+00 5.376724243164062500e+02
3.797118758888224033e+00 5.317641601562500000e+02
3.799179610317742206e+00 5.269041748046875000e+02
3.801240461747260824e+00 5.223287963867187500e+02
3.803301313176779441e+00 5.189284667968750000e+02
3.805362164606298503e+00 5.162455444335937500e+02
3.807423016035817120e+00 5.139329223632812500e+02
3.809483867465335294e+00 5.128471069335937500e+02
3.811544718894854800e+00 5.120026245117187500e+02
3.813605570324372973e+00 5.108343811035156250e+02
3.815666421753891591e+00 5.095409851074218750e+02
3.817727273183411096e+00 5.089588928222656250e+02
3.819788124612929270e+00 5.093352050781250000e+02
3.821848976042447887e+00 5.097055053710937500e+02
3.823909827471966949e+00 5.117199096679687500e+02
3.825970678901485567e+00 5.137671508789062500e+02
3.828031530331004184e+00 5.163686523437500000e+02
3.830092381760523246e+00 5.194487915039062500e+02
3.832153233190041863e+00 5.218796386718750000e+02
3.834214084619560037e+00 5.254714355468750000e+02
3.836274936049079542e+00 5.296713867187500000e+02
3.838335787478597716e+00 5.359653930664062500e+02
3.840396638908116334e+00 5.435435180664062500e+02
3.842457490337635395e+00 5.531094360351562500e+02
3.844518341767154013e+00 5.619853515625000000e+02
3.846579193196672630e+00 5.703843994140625000e+02
3.848640044626190804e+00 5.765716552734375000e+02
3.850700896055710309e+00 5.817768554687500000e+02
3.852761747485228483e+00 5.836290893554687500e+02
3.854822598914747100e+00 5.834235839843750000e+02
3.856883450344266162e+00 5.808511962890625000e+02
3.858944301773784780e+00 5.778291625976562500e+02
3.861005153203303397e+00 5.743078002929687500e+02
3.863066004632822459e+00 5.708090820312500000e+02
3.865126856062341076e+00 5.683903808593750000e+02
3.867187707491859250e+00 5.655151367187500000e+02
3.869248558921378756e+00 5.621418457031250000e+02
3.871309410350896929e+00 5.592060546875000000e+02
3.873370261780415547e+00 5.562158203125000000e+02
3.875431113209935052e+00 5.530354614257812500e+02
3.877491964639453226e+00 5.495555419921875000e+02
3.879552816068971843e+00 5.452838745117187500e+02
3.881613667498490905e+00 5.394439086914062500e+02
3.883674518928009523e+00 5.337283935546875000e+02
3.885735370357528140e+00 5.281723022460937500e+02
3.887796221787047202e+00 5.238422851562500000e+02
3.889857073216565819e+00 5.193110961914062500e+02
3.891917924646083993e+00 5.156149291992187500e+02
3.893978776075602610e+00 5.129736328125000000e+02
3.896039627505121672e+00 5.100986328125000000e+02
3.898100478934640289e+00 5.077501220703125000e+02
3.900161330364158907e+00 5.065842285156250000e+02
3.902222181793677969e+00 5.046977844238281250e+02
3.904283033223196586e+00 5.035206298828125000e+02
3.906343884652714760e+00 5.028342590332031250e+02
3.908404736082234265e+00 5.016878662109375000e+02
3.910465587511752439e+00 5.003941040039062500e+02
3.912526438941271056e+00 4.994285583496093750e+02
3.914587290370790118e+00 4.981986694335937500e+02
3.916648141800308736e+00 4.974937744140625000e+02
3.918708993229827353e+00 4.968905944824218750e+02
3.920769844659346415e+00 4.967930297851562500e+02
3.922830696088865032e+00 4.962690429687500000e+02
3.924891547518383206e+00 4.964502563476562500e+02
3.926952398947902712e+00 4.956587219238281250e+02
3.929013250377420885e+00 4.949555664062500000e+02
3.931074101806939503e+00 4.948143920898437500e+02
3.933134953236458120e+00 4.945808410644531250e+02
3.935195804665977182e+00 4.940475463867187500e+02
3.937256656095495799e+00 4.942377624511718750e+02
3.939317507525013973e+00 4.939017944335937500e+02
3.941378358954533478e+00 4.939553222656250000e+02
3.943439210384052096e+00 4.937014465332031250e+02
3.945500061813570269e+00 4.931770324707031250e+02
3.947560913243089775e+00 4.928648681640625000e+02
3.949621764672607949e+00 4.922586975097656250e+02
3.951682616102126566e+00 4.925279541015625000e+02
3.953743467531645628e+00 4.927972412109375000e+02
3.955804318961164245e+00 4.933237915039062500e+02
3.957865170390682863e+00 4.938295288085937500e+02
3.959926021820201925e+00 4.963748474121093750e+02
3.961986873249720542e+00 4.989930419921875000e+02
3.964047724679238716e+00 5.035990905761718750e+02
3.966108576108758221e+00 5.127679443359375000e+02
3.968169427538276395e+00 5.183020019531250000e+02
3.970230278967795012e+00 5.239611206054687500e+02
3.972291130397314074e+00 5.401656494140625000e+02
3.974351981826832692e+00 5.561045532226562500e+02
3.976412833256351309e+00 5.664891967773437500e+02
3.978473684685869483e+00 5.841839599609375000e+02
3.980534536115388988e+00 6.196661376953125000e+02
3.982595387544907162e+00 6.359102783203125000e+02
3.984656238974425779e+00 6.384879150390625000e+02
3.986717090403945285e+00 6.579445190429687500e+02
3.988777941833463458e+00 6.689738159179687500e+02
3.990838793262982076e+00 6.502635498046875000e+02
3.992899644692501138e+00 6.586203613281250000e+02
3.994960496122019755e+00 6.805532836914062500e+02
3.997021347551538373e+00 6.464446411132812500e+02
3.999082198981057434e+00 6.501038208007812500e+02
4.001143050410576052e+00 6.691024780273437500e+02
4.003203901840094225e+00 6.616497192382812500e+02
4.005264753269613287e+00 6.655988159179687500e+02
4.007325604699132349e+00 6.842767944335937500e+02
4.009386456128650522e+00 6.848454589843750000e+02
4.011447307558169584e+00 6.860151367187500000e+02
4.013508158987687757e+00 6.926401367187500000e+02
4.015569010417206819e+00 6.946342773437500000e+02
4.017629861846725881e+00 6.908359985351562500e+02
4.019690713276244054e+00 6.843371582031250000e+02
4.021751564705763116e+00 6.738450927734375000e+02
4.023812416135281289e+00 6.602133789062500000e+02
4.025873267564800351e+00 6.441989746093750000e+02
4.027934118994319412e+00 6.270044555664062500e+02
4.029994970423837586e+00 6.101377563476562500e+02
4.032055821853356647e+00 5.934901733398437500e+02
4.034116673282874821e+00 5.769066162109375000e+02
4.036177524712393883e+00 5.616419067382812500e+02
4.038238376141912944e+00 5.482356567382812500e+02
4.040299227571431118e+00 5.367492675781250000e+02
4.042360079000950179e+00 5.266087646484375000e+02
4.044420930430469241e+00 5.183489990234375000e+02
4.046481781859987414e+00 5.123446655273437500e+02
4.048542633289505588e+00 5.065432739257812500e+02
4.050603484719025538e+00 5.025982055664062500e+02
4.052664336148543711e+00 4.992401733398437500e+02
4.054725187578061885e+00 4.963412170410156250e+02
4.056786039007580946e+00 4.950359191894531250e+02
4.058846890437100008e+00 4.930090637207031250e+02
4.060907741866618181e+00 4.924141540527343750e+02
4.062968593296137243e+00 4.909966735839843750e+02
4.065029444725656305e+00 4.892388305664062500e+02
4.067090296155174478e+00 4.882830810546875000e+02
4.069151147584692652e+00 4.866630249023437500e+02
4.071211999014212601e+00 4.842244262695312500e+02
4.073272850443730775e+00 4.835169372558593750e+02
4.075333701873248948e+00 4.824767456054687500e+02
4.077394553302768010e+00 4.821209411621093750e+02
4.079455404732287072e+00 4.825949401855468750e+02
4.081516256161805245e+00 4.829929199218750000e+02
4.083577107591324307e+00 4.827831420898437500e+02
4.085637959020843368e+00 4.825187988281250000e+02
4.087698810450361542e+00 4.815768737792968750e+02
4.089759661879880603e+00 4.809501953125000000e+02
4.091820513309398777e+00 4.799625854492187500e+02
4.093881364738917839e+00 4.793649902343750000e+02
4.095942216168436900e+00 4.788888244628906250e+02
4.098003067597955074e+00 4.786678466796875000e+02
4.100063919027474135e+00 4.779451293945312500e+02
4.102124770456993197e+00 4.769441833496093750e+02
4.104185621886511370e+00 4.765381774902343750e+02
4.106246473316029544e+00 4.759544372558593750e+02
4.108307324745549494e+00 4.758317871093750000e+02
4.110368176175067667e+00 4.764393615722656250e+02
4.112429027604585841e+00 4.777305908203125000e+02
4.114489879034104902e+00 4.778432617187500000e+02
4.116550730463623964e+00 4.776121826171875000e+02
4.118611581893142137e+00 4.775984191894531250e+02
4.120672433322660311e+00 4.767877197265625000e+02
4.122733284752180261e+00 4.766027221679687500e+02
4.124794136181698434e+00 4.772622680664062500e+02
4.126854987611216607e+00 4.769352722167968750e+02
4.128915839040736557e+00 4.771936340332031250e+02
4.130976690470254731e+00 4.779213562011718750e+02
4.133037541899772904e+00 4.772124938964843750e+02
4.135098393329291966e+00 4.766926879882812500e+02
4.137159244758811028e+00 4.765105895996093750e+02
4.139220096188329201e+00 4.756542968750000000e+02
4.141280947617848263e+00 4.755131835937500000e+02
4.143341799047367324e+00 4.750247497558593750e+02
4.145402650476885498e+00 4.752033691406250000e+02
4.147463501906404559e+00 4.744970092773437500e+02
4.149524353335922733e+00 4.742114868164062500e+02
4.151585204765441794e+00 4.748134765625000000e+02
4.153646056194960856e+00 4.753550415039062500e+02
4.155706907624479030e+00 4.762463989257812500e+02
4.157767759053998091e+00 4.774364013671875000e+02
4.159828610483516265e+00 4.778440856933593750e+02
4.161889461913035326e+00 4.788007812500000000e+02
4.163950313342553500e+00 4.797416381835937500e+02
4.166011164772072561e+00 4.816688232421875000e+02
4.168072016201591623e+00 4.841896057128906250e+02
4.170132867631109796e+00 4.875562133789062500e+02
4.172193719060628858e+00 4.930189819335937500e+02
4.174254570490147920e+00 5.003241577148437500e+02
4.176315421919666093e+00 5.100249633789062500e+02
4.178376273349184267e+00 5.212436523437500000e+02
4.180437124778704217e+00 5.319504394531250000e+02
4.182497976208222390e+00 5.423972778320312500e+02
4.184558827637740563e+00 5.512301635742187500e+02
4.186619679067260513e+00 5.561204833984375000e+02
4.188680530496778687e+00 5.584248657226562500e+02
4.190741381926296860e+00 5.588643798828125000e+02
4.192802233355815922e+00 5.551716308593750000e+02
4.194863084785334983e+00 5.494173583984375000e+02
4.196923936214853157e+00 5.429326782226562500e+02
4.198984787644372219e+00 5.355263671875000000e+02
4.201045639073891280e+00 5.289780273437500000e+02
4.203106490503409454e+00 5.252193603515625000e+02
4.205167341932927627e+00 5.238258056640625000e+02
4.207228193362446689e+00 5.248804931640625000e+02
4.209289044791965750e+00 5.304729614257812500e+02
4.211349896221483924e+00 5.379360961914062500e+02
4.213410747651002985e+00 5.468103027343750000e+02
4.215471599080522047e+00 5.555269775390625000e+02
4.217532450510040221e+00 5.622247924804687500e+02
4.219593301939559282e+00 5.667116699218750000e+02
4.221654153369077456e+00 5.686112670898437500e+02
4.223715004798596517e+00 5.662258300781250000e+02
4.225775856228115579e+00 5.612823486328125000e+02
4.227836707657633752e+00 5.534790649414062500e+02
4.229897559087152814e+00 5.446119384765625000e+02
4.231958410516671876e+00 5.339368286132812500e+02
4.234019261946190049e+00 5.239184570312500000e+02
4.236080113375708223e+00 5.145603637695312500e+02
4.238140964805228172e+00 5.063978881835937500e+02
4.240201816234746346e+00 5.003606872558593750e+02
4.242262667664264519e+00 4.949685974121093750e+02
4.244323519093783581e+00 4.904697875976562500e+02
4.246384370523302643e+00 4.867697753906250000e+02
4.248445221952820816e+00 4.828992309570312500e+02
4.250506073382339878e+00 4.801580505371093750e+02
4.252566924811858939e+00 4.777098083496093750e+02
4.254627776241377113e+00 4.759527893066406250e+02
4.256688627670895286e+00 4.736113891601562500e+02
4.258749479100415236e+00 4.718388061523437500e+02
4.260810330529933410e+00 4.700616149902343750e+02
4.262871181959451583e+00 4.681950073242187500e+02
4.264932033388970645e+00 4.676403808593750000e+02
4.266992884818489706e+00 4.682519836425781250e+02
4.269053736248007880e+00 4.686732788085937500e+02
4.271114587677526941e+00 4.690972900390625000e+02
4.273175439107046003e+00 4.694649963378906250e+02
4.275236290536564177e+00 4.703779907226562500e+02
4.277297141966083238e+00 4.718954467773437500e+02
4.279357993395601412e+00 4.737585754394531250e+02
4.281418844825120473e+00 4.770674438476562500e+02
4.283479696254639535e+00 4.819236450195312500e+02
4.285540547684157708e+00 4.882805786132812500e+02
4.287601399113676770e+00 4.980851135253906250e+02
4.289662250543194943e+00 5.113300476074218750e+02
4.291723101972714005e+00 5.261348266601562500e+02
4.293783953402232179e+00 5.414355468750000000e+02
4.295844804831751240e+00 5.564991455078125000e+02
4.297905656261270302e+00 5.684769287109375000e+02
4.299966507690788475e+00 5.771935424804687500e+02
4.302027359120307537e+00 5.817034912109375000e+02
4.304088210549826599e+00 5.796220092773437500e+02
4.306149061979344772e+00 5.746790771484375000e+02
4.308209913408863834e+00 5.663787841796875000e+02
4.310270764838382895e+00 5.554650268554687500e+02
4.312331616267901069e+00 5.422926025390625000e+02
4.314392467697419242e+00 5.287396240234375000e+02
4.316453319126939192e+00 5.176323852539062500e+02
4.318514170556457366e+00 5.070386657714843750e+02
4.320575021985975539e+00 4.979282226562500000e+02
4.322635873415494601e+00 4.916058044433593750e+02
4.324696724845013662e+00 4.847648315429687500e+02
4.326757576274531836e+00 4.788254089355468750e+02
4.328818427704050897e+00 4.737752380371093750e+02
4.330879279133569959e+00 4.705303039550781250e+02
4.332940130563088132e+00 4.677021484375000000e+02
4.335000981992606306e+00 4.657646179199218750e+02
4.337061833422125368e+00 4.644862365722656250e+02
4.339122684851644429e+00 4.628070373535156250e+02
4.341183536281162603e+00 4.610254821777343750e+02
4.343244387710681664e+00 4.602824401855468750e+02
4.345305239140200726e+00 4.597907409667968750e+02
4.347366090569718899e+00 4.597240600585937500e+02
4.349426941999237961e+00 4.607914428710937500e+02
4.351487793428756135e+00 4.614324951171875000e+02
4.353548644858275196e+00 4.618266906738281250e+02
4.355609496287794258e+00 4.626485290527343750e+02
4.357670347717312431e+00 4.638796997070312500e+02
4.359731199146831493e+00 4.655166015625000000e+02
4.361792050576350555e+00 4.671986999511718750e+02
4.363852902005868728e+00 4.677583923339843750e+02
4.365913753435387790e+00 4.678387451171875000e+02
4.367974604864906851e+00 4.668966979980468750e+02
4.370035456294425025e+00 4.653089904785156250e+02
4.372096307723943198e+00 4.641843566894531250e+02
4.374157159153463148e+00 4.627541198730468750e+02
4.376218010582981321e+00 4.619801635742187500e+02
4.378278862012499495e+00 4.610574645996093750e+02
4.380339713442018557e+00 4.602661437988281250e+02
4.382400564871537618e+00 4.588092346191406250e+02
4.384461416301055792e+00 4.576062011718750000e+02
4.386522267730573965e+00 4.565317077636718750e+02
4.388583119160093915e+00 4.561619873046875000e+02
4.390643970589612088e+00 4.554256286621093750e+02
4.392704822019130262e+00 4.562290039062500000e+02
4.394765673448649324e+00 4.576361083984375000e+02
4.396826524878168385e+00 4.598458862304687500e+02
4.398887376307686559e+00 4.638664550781250000e+02
4.400948227737205620e+00 4.696187438964843750e+02
4.403009079166724682e+00 4.763184814453125000e+02
4.405069930596242855e+00 4.842795410156250000e+02
4.407130782025761917e+00 4.926004943847656250e+02
4.409191633455280979e+00 4.994775085449218750e+02
4.411252484884799152e+00 5.055585937500000000e+02
4.413313336314318214e+00 5.098959045410156250e+02
4.415374187743836387e+00 5.108690185546875000e+02
4.417435039173355449e+00 5.100424194335937500e+02
4.419495890602874510e+00 5.067664794921875000e+02
4.421556742032392684e+00 5.020297546386718750e+02
4.423617593461911746e+00 4.968914489746093750e+02
4.425678444891429919e+00 4.907250976562500000e+02
4.427739296320948981e+00 4.833334960937500000e+02
4.429800147750467154e+00 4.771882629394531250e+02
4.431860999179986216e+00 4.717346801757812500e+02
4.433921850609505277e+00 4.662236022949218750e+02
4.435982702039023451e+00 4.618523559570312500e+02
4.438043553468542513e+00 4.584677429199218750e+02
4.440104404898061574e+00 4.541122436523437500e+02
4.442165256327579748e+00 4.514433593750000000e+02
4.444226107757097921e+00 4.493003540039062500e+02
4.446286959186617871e+00 4.472545166015625000e+02
4.448347810616136044e+00 4.471839294433593750e+02
4.450408662045654218e+00 4.468482360839843750e+02
4.452469513475173279e+00 4.459365844726562500e+02
4.454530364904692341e+00 4.458532714843750000e+02
4.456591216334210515e+00 4.456827087402343750e+02
4.458652067763729576e+00 4.451442565917968750e+02
4.460712919193248638e+00 4.454251403808593750e+02
4.462773770622766811e+00 4.454201049804687500e+02
4.464834622052285873e+00 4.450433044433593750e+02
4.466895473481804935e+00 4.450262145996093750e+02
4.468956324911323108e+00 4.452670288085937500e+02
4.471017176340841282e+00 4.453527832031250000e+02
4.473078027770360343e+00 4.450083618164062500e+02
4.475138879199879405e+00 4.456424255371093750e+02
4.477199730629397578e+00 4.456591796875000000e+02
4.479260582058916640e+00 4.447199401855468750e+02
4.481321433488435702e+00 4.443090820312500000e+02
4.483382284917953875e+00 4.432190551757812500e+02
4.485443136347472937e+00 4.415308532714843750e+02
4.487503987776991110e+00 4.411931152343750000e+02
4.489564839206510172e+00 4.414195251464843750e+02
4.491625690636029233e+00 4.403365783691406250e+02
4.493686542065547407e+00 4.398963928222656250e+02
4.495747393495066468e+00 4.407624816894531250e+02
4.497808244924585530e+00 4.401223144531250000e+02
4.499869096354103704e+00 4.406553039550781250e+02
4.501929947783621877e+00 4.414224548339843750e+02
4.503990799213141827e+00 4.406158752441406250e+02
4.506051650642660000e+00 4.399450378417968750e+02
4.508112502072178174e+00 4.404105224609375000e+02
4.510173353501698124e+00 4.406665649414062500e+02
4.512234204931216297e+00 4.411711730957031250e+02
4.514295056360734471e+00 4.420022277832031250e+02
4.516355907790252644e+00 4.428262634277343750e+02
4.518416759219772594e+00 4.425594177246093750e+02
4.520477610649290767e+00 4.414963073730468750e+02
4.522538462078808941e+00 4.410978088378906250e+02
4.524599313508328891e+00 4.406086730957031250e+02
4.526660164937847064e+00 4.405888061523437500e+02
4.528721016367365237e+00 4.403799438476562500e+02
4.530781867796884299e+00 4.399457702636718750e+02
4.532842719226403361e+00 4.387197265625000000e+02
4.534903570655921534e+00 4.380874633789062500e+02
4.536964422085440596e+00 4.371308898925781250e+02
4.539025273514959657e+00 4.370411071777343750e+02
4.541086124944477831e+00 4.373297729492187500e+02
4.543146976373996893e+00 4.363849792480468750e+02
4.545207827803515066e+00 4.358623657226562500e+02
4.547268679233034128e+00 4.366052551269531250e+02
4.549329530662553189e+00 4.371696777343750000e+02
4.551390382092071363e+00 4.377582092285156250e+02
4.553451233521590424e+00 4.381681213378906250e+02
4.555512084951108598e+00 4.376659851074218750e+02
4.557572936380627660e+00 4.371574707031250000e+02
4.559633787810145833e+00 4.367672729492187500e+02
4.561694639239664895e+00 4.364450683593750000e+02
4.563755490669183956e+00 4.364804992675781250e+02
4.565816342098702130e+00 4.361623535156250000e+02
4.567877193528221191e+00 4.361883239746093750e+02
4.569938044957740253e+00 4.365300903320312500e+02
4.571998896387258426e+00 4.371584777832031250e+02
4.574059747816776600e+00 4.362302246093750000e+02
4.576120599246296550e+00 4.349581909179687500e+02
4.578181450675814723e+00 4.344536437988281250e+02
4.580242302105332897e+00 4.329199218750000000e+02
4.582303153534852846e+00 4.338356628417968750e+02
4.584364004964371020e+00 4.340633544921875000e+02
4.586424856393889193e+00 4.339218750000000000e+02
4.588485707823408255e+00 4.334757080078125000e+02
4.590546559252927317e+00 4.348468627929687500e+02
4.592607410682445490e+00 4.354454345703125000e+02
4.594668262111964552e+00 4.359187011718750000e+02
4.596729113541483613e+00 4.364564514160156250e+02
4.598789964971001787e+00 4.371469726562500000e+02
4.600850816400519960e+00 4.362257385253906250e+02
4.602911667830039022e+00 4.354309997558593750e+02
4.604972519259558084e+00 4.356918945312500000e+02
4.607033370689076257e+00 4.350535278320312500e+02
4.609094222118595319e+00 4.357450256347656250e+02
4.611155073548114380e+00 4.362249755859375000e+02
4.613215924977632554e+00 4.360777282714843750e+02
4.615276776407151615e+00 4.364602355957031250e+02
4.617337627836669789e+00 4.362565917968750000e+02
4.619398479266188851e+00 4.357764587402343750e+02
4.621459330695707912e+00 4.367266845703125000e+02
4.623520182125226086e+00 4.385434570312500000e+02
4.625581033554745147e+00 4.397599487304687500e+02
4.627641884984264209e+00 4.432916870117187500e+02
4.629702736413782382e+00 4.466020507812500000e+02
4.631763587843300556e+00 4.503667297363281250e+02
4.633824439272820506e+00 4.555776062011718750e+02
4.635885290702338679e+00 4.626421813964843750e+02
4.637946142131856853e+00 4.714764404296875000e+02
4.640006993561376802e+00 4.831345214843750000e+02
4.642067844990894976e+00 4.971350097656250000e+02
4.644128696420413149e+00 5.113330078125000000e+02
4.646189547849932211e+00 5.255540771484375000e+02
4.648250399279451273e+00 5.386965332031250000e+02
4.650311250708969446e+00 5.500955810546875000e+02
4.652372102138487620e+00 5.592360229492187500e+02
4.654432953568007569e+00 5.669430541992187500e+02
4.656493804997525743e+00 5.731445922851562500e+02
4.658554656427043916e+00 5.766576538085937500e+02
4.660615507856562978e+00 5.774235839843750000e+02
4.662676359286082040e+00 5.774221801757812500e+02
4.664737210715600213e+00 5.767853393554687500e+02
4.666798062145119275e+00 5.761625976562500000e+02
4.668858913574638336e+00 5.745874633789062500e+02
4.670919765004156510e+00 5.722011718750000000e+02
4.672980616433675571e+00 5.690627441406250000e+02
4.675041467863193745e+00 5.639083862304687500e+02
4.677102319292712806e+00 5.572877197265625000e+02
4.679163170722231868e+00 5.491166992187500000e+02
4.681224022151750042e+00 5.390654296875000000e+02
4.683284873581269103e+00 5.277716064453125000e+02
4.685345725010788165e+00 5.160692749023437500e+02
4.687406576440306338e+00 5.043976135253906250e+02
4.689467427869825400e+00 4.934594421386718750e+02
4.691528279299343573e+00 4.835219421386718750e+02
4.693589130728862635e+00 4.749221191406250000e+02
4.695649982158380809e+00 4.668173217773437500e+02
4.697710833587899870e+00 4.602288208007812500e+02
4.699771685017418932e+00 4.547548522949218750e+02
4.701832536446937105e+00 4.500836791992187500e+02
4.703893387876456167e+00 4.453192749023437500e+02
4.705954239305975229e+00 4.423151245117187500e+02
4.708015090735493402e+00 4.394162292480468750e+02
4.710075942165011575e+00 4.375491333007812500e+02
4.712136793594531525e+00 4.362468872070312500e+02
4.714197645024049699e+00 4.355481872558593750e+02
4.716258496453567872e+00 4.339662475585937500e+02
4.718319347883086934e+00 4.334964904785156250e+02
4.720380199312605995e+00 4.321167907714843750e+02
4.722441050742124169e+00 4.317489013671875000e+02
4.724501902171643231e+00 4.319324645996093750e+02
4.726562753601162292e+00 4.314370422363281250e+02
4.728623605030680466e+00 4.310763244628906250e+02
4.730684456460199527e+00 4.308692016601562500e+02
4.732745307889717701e+00 4.301117248535156250e+02
4.734806159319236762e+00 4.300787658691406250e+02
4.736867010748754936e+00 4.302209777832031250e+02
4.738927862178273998e+00 4.307594299316406250e+02
4.740988713607793059e+00 4.312597656250000000e+02
4.743049565037311233e+00 4.317619018554687500e+02
4.745110416466830294e+00 4.316066894531250000e+02
4.747171267896349356e+00 4.318193359375000000e+02
4.749232119325867529e+00 4.306354064941406250e+02
4.751292970755386591e+00 4.307043762207031250e+02
4.753353822184904764e+00 4.312850341796875000e+02
4.755414673614423826e+00 4.318662109375000000e+02
4.757475525043942888e+00 4.318017578125000000e+02
4.759536376473461061e+00 4.308248596191406250e+02
4.761597227902980123e+00 4.310656433105468750e+02
4.763658079332499184e+00 4.306287231445312500e+02
4.765718930762017358e+00 4.301885375976562500e+02
4.767779782191535531e+00 4.302012023925781250e+02
4.769840633621055481e+00 4.299461059570312500e+02
4.771901485050573655e+00 4.303278808593750000e+02
4.773962336480091828e+00 4.313265380859375000e+02
4.776023187909610890e+00 4.314777221679687500e+02
4.778084039339129951e+00 4.310479125976562500e+02
4.780144890768648125e+00 4.310940856933593750e+02
4.782205742198166298e+00 4.304322509765625000e+02
4.784266593627686248e+00 4.312046203613281250e+02
4.786327445057204422e+00 4.312565307617187500e+02
4.788388296486722595e+00 4.315153503417968750e+02
4.790449147916241657e+00 4.324970092773437500e+02
4.792509999345760718e+00 4.340090332031250000e+02
4.794570850775278892e+00 4.361796569824218750e+02
4.796631702204797953e+00 4.386242675781250000e+02
4.798692553634317015e+00 4.403207092285156250e+02
4.800753405063835189e+00 4.416638793945312500e+02
4.802814256493354250e+00 4.438227844238281250e+02
4.804875107922873312e+00 4.459612731933593750e+02
4.806935959352391485e+00 4.479636840820312500e+02
4.808996810781910547e+00 4.497703552246093750e+02
4.811057662211428720e+00 4.508200073242187500e+02
4.813118513640947782e+00 4.504487609863281250e+02
4.815179365070466844e+00 4.492884826660156250e+02
4.817240216499985017e+00 4.475783081054687500e+02
4.819301067929504079e+00 4.459130249023437500e+02
4.821361919359023140e+00 4.437325134277343750e+02
4.823422770788541314e+00 4.421817626953125000e+02
4.825483622218059487e+00 4.407312316894531250e+02
4.827544473647578549e+00 4.392441406250000000e+02
4.829605325077097611e+00 4.388539123535156250e+02
4.831666176506615784e+00 4.383224182128906250e+02
4.833727027936134846e+00 4.378973999023437500e+02
4.835787879365653907e+00 4.384762268066406250e+02
4.837848730795172081e+00 4.384637451171875000e+02
4.839909582224690254e+00 4.384421081542968750e+02
4.841970433654210204e+00 4.397192993164062500e+02
4.844031285083728378e+00 4.399650268554687500e+02
4.846092136513246551e+00 4.396560668945312500e+02
4.848152987942766501e+00 4.407270812988281250e+02
4.850213839372284674e+00 4.420809631347656250e+02
4.852274690801802848e+00 4.442558898925781250e+02
4.854335542231321909e+00 4.477459411621093750e+02
4.856396393660840971e+00 4.534950256347656250e+02
4.858457245090359145e+00 4.618169860839843750e+02
4.860518096519878206e+00 4.749675292968750000e+02
4.862578947949397268e+00 4.930548400878906250e+02
4.864639799378915441e+00 5.205626220703125000e+02
4.866700650808433615e+00 5.540474243164062500e+02
4.868761502237952676e+00 5.957827758789062500e+02
4.870822353667471738e+00 6.443161010742187500e+02
4.872883205096989911e+00 6.889437866210937500e+02
4.874944056526508973e+00 7.317167968750000000e+02
4.877004907956028035e+00 7.591969604492187500e+02
4.879065759385546208e+00 7.743645629882812500e+02
4.881126610815065270e+00 7.687337036132812500e+02
4.883187462244583443e+00 7.436705932617187500e+02
4.885248313674102505e+00 7.114675292968750000e+02
4.887309165103621567e+00 6.694841308593750000e+02
4.889370016533139740e+00 6.278693847656250000e+02
4.891430867962658802e+00 5.929233398437500000e+02
4.893491719392177863e+00 5.577429199218750000e+02
4.895552570821696037e+00 5.304351806640625000e+02
4.897613422251214210e+00 5.101867370605468750e+02
4.899674273680734160e+00 4.922755126953125000e+02
4.901735125110252334e+00 4.779945678710937500e+02
4.903795976539770507e+00 4.671986694335937500e+02
4.905856827969290457e+00 4.570771484375000000e+02
4.907917679398808630e+00 4.507207031250000000e+02
4.909978530828326804e+00 4.456273193359375000e+02
4.912039382257844977e+00 4.416445617675781250e+02
4.914100233687364927e+00 4.394256591796875000e+02
4.916161085116883100e+00 4.381132812500000000e+02
4.918221936546401274e+00 4.374784851074218750e+02
4.920282787975921224e+00 4.377294921875000000e+02
4.922343639405439397e+00 4.383938903808593750e+02
4.924404490834957571e+00 4.392818298339843750e+02
4.926465342264476632e+00 4.402874755859375000e+02
4.928526193693995694e+00 4.411589355468750000e+02
4.930587045123513867e+00 4.412575683593750000e+02
4.932647896553032929e+00 4.415906372070312500e+02
4.934708747982551991e+00 4.403930664062500000e+02
4.936769599412070164e+00 4.394453125000000000e+02
4.938830450841589226e+00 4.383909301757812500e+02
4.940891302271107399e+00 4.364990234375000000e+02
4.942952153700626461e+00 4.353144226074218750e+02
4.945013005130145523e+00 4.339424438476562500e+02
4.947073856559663696e+00 4.336406555175781250e+02
4.949134707989182758e+00 4.360357666015625000e+02
4.951195559418701819e+00 4.383737182617187500e+02
4.953256410848219993e+00 4.419767150878906250e+02
4.955317262277738166e+00 4.457884216308593750e+02
4.957378113707257228e+00 4.491367797851562500e+02
4.959438965136776289e+00 4.517998657226562500e+02
4.961499816566294463e+00 4.546144409179687500e+02
4.963560667995813525e+00 4.558302917480468750e+02
4.965621519425332586e+00 4.563782958984375000e+02
4.967682370854850760e+00 4.554978027343750000e+02
4.969743222284368933e+00 4.533146057128906250e+02
4.971804073713888883e+00 4.501174011230468750e+02
4.973864925143407056e+00 4.458972778320312500e+02
4.975925776572925230e+00 4.417096557617187500e+02
4.977986628002445180e+00 4.377692260742187500e+02
4.980047479431963353e+00 4.340386962890625000e+02
4.982108330861481527e+00 4.320789489746093750e+02
4.984169182291000588e+00 4.301264648437500000e+02
4.986230033720519650e+00 4.275095825195312500e+02
4.988290885150037823e+00 4.255636901855468750e+02
4.990351736579556885e+00 4.234393005371093750e+02
4.992412588009075947e+00 4.220880432128906250e+02
4.994473439438594120e+00 4.211698913574218750e+02
4.996534290868113182e+00 4.201427612304687500e+02
4.998595142297631355e+00 4.198052673339843750e+02
5.000655993727150417e+00 4.195426025390625000e+02
5.002716845156668590e+00 4.187963867187500000e+02
5.004777696586187652e+00 4.189130859375000000e+02
5.006838548015706714e+00 4.195661315917968750e+02
5.008899399445224887e+00 4.200029907226562500e+02
5.010960250874743949e+00 4.203117675781250000e+02
5.013021102304262122e+00 4.206362609863281250e+02
5.015081953733781184e+00 4.214331054687500000e+02
5.017142805163300245e+00 4.217955932617187500e+02
5.019203656592818419e+00 4.223996582031250000e+02
5.021264508022337480e+00 4.242554931640625000e+02
5.023325359451856542e+00 4.263572998046875000e+02
5.025386210881374716e+00 4.287421264648437500e+02
5.027447062310893777e+00 4.317968444824218750e+02
5.029507913740412839e+00 4.349292907714843750e+02
5.031568765169931012e+00 4.378213806152343750e+02
5.033629616599449186e+00 4.414270935058593750e+02
5.035690468028969136e+00 4.450606384277343750e+02
5.037751319458487309e+00 4.475639953613281250e+02
5.039812170888005483e+00 4.497103881835937500e+02
5.041873022317524544e+00 4.502247314453125000e+02
5.043933873747043606e+00 4.498970336914062500e+02
5.045994725176561779e+00 4.483166198730468750e+02
5.048055576606079953e+00 4.452037048339843750e+02
5.050116428035599903e+00 4.414191589355468750e+02
5.052177279465118076e+00 4.375982360839843750e+02
5.054238130894636249e+00 4.336602478027343750e+02
5.056298982324155311e+00 4.305466918945312500e+02
5.058359833753674373e+00 4.279468383789062500e+02
5.060420685183192546e+00 4.255064697265625000e+02
5.062481536612711608e+00 4.236347045898437500e+02
5.064542388042230669e+00 4.226671447753906250e+02
5.066603239471748843e+00 4.217658691406250000e+02
5.068664090901267905e+00 4.209936828613281250e+02
5.070724942330786078e+00 4.205240173339843750e+02
5.072785793760305140e+00 4.210549926757812500e+02
5.074846645189824201e+00 4.217077026367187500e+02
5.076907496619342375e+00 4.220039672851562500e+02
5.078968348048861436e+00 4.219321289062500000e+02
5.081029199478380498e+00 4.217745056152343750e+02
5.083090050907898672e+00 4.211723022460937500e+02
5.085150902337417733e+00 4.206482543945312500e+02
5.087211753766936795e+00 4.203087463378906250e+02
5.089272605196454968e+00 4.196020507812500000e+02
5.091333456625973142e+00 4.187353820800781250e+02
5.093394308055492203e+00 4.184518432617187500e+02
5.095455159485011265e+00 4.177398071289062500e+02
5.097516010914529438e+00 4.176458740234375000e+02
5.099576862344048500e+00 4.164998779296875000e+02
5.101637713773567562e+00 4.148219604492187500e+02
5.103698565203085735e+00 4.131020812988281250e+02
5.105759416632603909e+00 4.115867614746093750e+02
5.107820268062123858e+00 4.106538391113281250e+02
5.109881119491642032e+00 4.099696044921875000e+02
5.111941970921160205e+00 4.095203247070312500e+02
5.114002822350679267e+00 4.089832153320312500e+02
5.116063673780198329e+00 4.078245544433593750e+02
5.118124525209716502e+00 4.078447265625000000e+02
5.120185376639235564e+00 4.069440917968750000e+02
5.122246228068754625e+00 4.071451721191406250e+02
5.124307079498272799e+00 4.075138549804687500e+02
5.126367930927791861e+00 4.073096923828125000e+02
5.128428782357310034e+00 4.065693054199218750e+02
5.130489633786829096e+00 4.062957763671875000e+02
5.132550485216347269e+00 4.058910217285156250e+02
5.134611336645866331e+00 4.050440063476562500e+02
5.136672188075385392e+00 4.043908691406250000e+02
5.138733039504903566e+00 4.041360778808593750e+02
5.140793890934422627e+00 4.043625488281250000e+02
5.142854742363941689e+00 4.050538330078125000e+02
5.144915593793459863e+00 4.061784667968750000e+02
5.146976445222978924e+00 4.071503906250000000e+02
5.149037296652497098e+00 4.078377380371093750e+02
5.151098148082016159e+00 4.081380920410156250e+02
5.153158999511535221e+00 4.089140930175781250e+02
5.155219850941053394e+00 4.101434326171875000e+02
5.157280702370572456e+00 4.124429931640625000e+02
5.159341553800091518e+00 4.146077270507812500e+02
5.161402405229609691e+00 4.174909667968750000e+02
5.163463256659127865e+00 4.195171203613281250e+02
5.165524108088647814e+00 4.209338073730468750e+02
5.167584959518165988e+00 4.209873657226562500e+02
5.169645810947684161e+00 4.215263671875000000e+02
5.171706662377203223e+00 4.207666931152343750e+02
5.173767513806722285e+00 4.192962951660156250e+02
5.175828365236240458e+00 4.175300903320312500e+02
5.177889216665758632e+00 4.154788513183593750e+02
5.179950068095278581e+00 4.140856933593750000e+02
5.182010919524796755e+00 4.117614440917968750e+02
5.184071770954314928e+00 4.106220397949218750e+02
5.186132622383834878e+00 4.092243652343750000e+02
5.188193473813353052e+00 4.077588806152343750e+02
5.190254325242871225e+00 4.068201599121093750e+02
5.192315176672390287e+00 4.062468872070312500e+02
5.194376028101909348e+00 4.068488769531250000e+02
5.196436879531427522e+00 4.085537719726562500e+02
5.198497730960946583e+00 4.113707580566406250e+02
5.200558582390465645e+00 4.154776306152343750e+02
5.202619433819983819e+00 4.204166564941406250e+02
5.204680285249502880e+00 4.272489318847656250e+02
5.206741136679021054e+00 4.347459411621093750e+02
5.208801988108540115e+00 4.426273193359375000e+02
5.210862839538059177e+00 4.504688110351562500e+02
5.212923690967577350e+00 4.567929992675781250e+02
5.214984542397096412e+00 4.611531677246093750e+02
5.217045393826615474e+00 4.635607910156250000e+02
5.219106245256133647e+00 4.639983520507812500e+02
5.221167096685651821e+00 4.618250122070312500e+02
5.223227948115170882e+00 4.573946533203125000e+02
5.225288799544689944e+00 4.524739685058593750e+02
5.227349650974208117e+00 4.467063293457031250e+02
5.229410502403727179e+00 4.404393920898437500e+02
5.231471353833246241e+00 4.337981567382812500e+02
5.233532205262764414e+00 4.281716308593750000e+02
5.235593056692282588e+00 4.231225891113281250e+02
5.237653908121802537e+00 4.191293640136718750e+02
5.239714759551320711e+00 4.160784606933593750e+02
5.241775610980838884e+00 4.140200195312500000e+02
5.243836462410358834e+00 4.116071777343750000e+02
5.245897313839877008e+00 4.094352111816406250e+02
5.247958165269395181e+00 4.071653137207031250e+02
5.250019016698914243e+00 4.050120544433593750e+02
5.252079868128433304e+00 4.035452575683593750e+02
5.254140719557951478e+00 4.030248718261718750e+02
5.256201570987470539e+00 4.026591186523437500e+02
5.258262422416989601e+00 4.026332092285156250e+02
5.260323273846507774e+00 4.019562988281250000e+02
5.262384125276026836e+00 4.020631713867187500e+02
5.264444976705545010e+00 4.014177551269531250e+02
5.266505828135064071e+00 4.008397216796875000e+02
5.268566679564582245e+00 4.012796325683593750e+02
5.270627530994101306e+00 4.017014160156250000e+02
5.272688382423620368e+00 4.029594116210937500e+02
5.274749233853138541e+00 4.046626281738281250e+02
5.276810085282657603e+00 4.067457275390625000e+02
5.278870936712175777e+00 4.086185302734375000e+02
5.280931788141694838e+00 4.101994934082031250e+02
5.282992639571213900e+00 4.116193237304687500e+02
5.285053491000732073e+00 4.140704040527343750e+02
5.287114342430251135e+00 4.160602111816406250e+02
5.289175193859770197e+00 4.171764526367187500e+02
5.291236045289288370e+00 4.185128784179687500e+02
5.293296896718806543e+00 4.186080932617187500e+02
5.295357748148326493e+00 4.173594360351562500e+02
5.297418599577844667e+00 4.160058288574218750e+02
5.299479451007362840e+00 4.140437316894531250e+02
5.301540302436882790e+00 4.118885498046875000e+02
5.303601153866400963e+00 4.098160705566406250e+02
5.305662005295919137e+00 4.069320068359375000e+02
5.307722856725438199e+00 4.051673583984375000e+02
5.309783708154957260e+00 4.049742126464843750e+02
5.311844559584475434e+00 4.049401550292968750e+02
5.313905411013993607e+00 4.064555664062500000e+02
5.315966262443513557e+00 4.073346862792968750e+02
5.318027113873031730e+00 4.088528442382812500e+02
5.320087965302549904e+00 4.104989013671875000e+02
5.322148816732068966e+00 4.118486938476562500e+02
5.324209668161588027e+00 4.134237060546875000e+02
5.326270519591106201e+00 4.144955139160156250e+02
5.328331371020625262e+00 4.149542541503906250e+02
5.330392222450144324e+00 4.158418273925781250e+02
5.332453073879662497e+00 4.170312500000000000e+02
5.334513925309181559e+00 4.191046752929687500e+02
5.336574776738699732e+00 4.213121948242187500e+02
5.338635628168218794e+00 4.243550415039062500e+02
5.340696479597737856e+00 4.298419189453125000e+02
5.342757331027256029e+00 4.364525451660156250e+02
5.344818182456775091e+00 4.435976562500000000e+02
5.346879033886294152e+00 4.513486328125000000e+02
5.348939885315812326e+00 4.584393615722656250e+02
5.351000736745330499e+00 4.632055358886718750e+02
5.353061588174850449e+00 4.657159423828125000e+02
5.355122439604368623e+00 4.659108581542968750e+02
5.357183291033886796e+00 4.625711059570312500e+02
5.359244142463405858e+00 4.576474914550781250e+02
5.361304993892924919e+00 4.504804077148437500e+02
5.363365845322443093e+00 4.428769836425781250e+02
5.365426696751962155e+00 4.360155639648437500e+02
5.367487548181481216e+00 4.295535888671875000e+02
5.369548399610999390e+00 4.240761108398437500e+02
5.371609251040517563e+00 4.197020263671875000e+02
5.373670102470037513e+00 4.152950134277343750e+02
5.375730953899555686e+00 4.120582275390625000e+02
5.377791805329073860e+00 4.087975769042968750e+02
5.379852656758592921e+00 4.067102050781250000e+02
5.381913508188111983e+00 4.048209838867187500e+02
5.383974359617630157e+00 4.025869750976562500e+02
5.386035211047149218e+00 4.009798278808593750e+02
5.388096062476668280e+00 3.997579345703125000e+02
5.390156913906186453e+00 3.983746948242187500e+02
5.392217765335705515e+00 3.973293762207031250e+02
5.394278616765223688e+00 3.966703491210937500e+02
5.396339468194742750e+00 3.966028442382812500e+02
5.398400319624261812e+00 3.966137695312500000e+02
5.400461171053779985e+00 3.959971313476562500e+02
5.402522022483299047e+00 3.964786987304687500e+02
5.404582873912817220e+00 3.964474792480468750e+02
5.406643725342336282e+00 3.962588806152343750e+02
5.408704576771854455e+00 3.969100952148437500e+02
5.410765428201373517e+00 3.975790100097656250e+02
5.412826279630892579e+00 3.982453308105468750e+02
5.414887131060410752e+00 3.988071289062500000e+02
5.416947982489929814e+00 4.003172302246093750e+02
5.419008833919448875e+00 4.017498779296875000e+02
5.421069685348967049e+00 4.038236694335937500e+02
5.423130536778486110e+00 4.061434326171875000e+02
5.425191388208005172e+00 4.089460754394531250e+02
5.427252239637523346e+00 4.105390319824218750e+02
5.429313091067041519e+00 4.118411865234375000e+02
5.431373942496561469e+00 4.125817260742187500e+02
5.433434793926079642e+00 4.128067626953125000e+02
5.435495645355597816e+00 4.119168701171875000e+02
5.437556496785116877e+00 4.108468017578125000e+02
5.439617348214635939e+00 4.092218017578125000e+02
5.441678199644154112e+00 4.074721374511718750e+02
5.443739051073672286e+00 4.056976013183593750e+02
5.445799902503192236e+00 4.045310058593750000e+02
5.447860753932710409e+00 4.025050048828125000e+02
5.449921605362228583e+00 4.011057128906250000e+02
5.451982456791747644e+00 4.005106811523437500e+02
5.454043308221266706e+00 3.996486816406250000e+02
5.456104159650784879e+00 3.995184631347656250e+02
5.458165011080303941e+00 3.997904968261718750e+02
5.460225862509823003e+00 3.997675781250000000e+02
5.462286713939341176e+00 3.999605407714843750e+02
5.464347565368860238e+00 4.011787414550781250e+02
5.466408416798379299e+00 4.036731262207031250e+02
5.468469268227897473e+00 4.076266784667968750e+02
5.470530119657416535e+00 4.120850524902343750e+02
5.472590971086934708e+00 4.176340942382812500e+02
5.474651822516453770e+00 4.233827209472656250e+02
5.476712673945972831e+00 4.296001892089843750e+02
5.478773525375491005e+00 4.355010681152343750e+02
5.480834376805010066e+00 4.408186950683593750e+02
5.482895228234529128e+00 4.432431030273437500e+02
5.484956079664047301e+00 4.444658813476562500e+02
5.487016931093565475e+00 4.442953796386718750e+02
5.489077782523084537e+00 4.417390747070312500e+02
5.491138633952603598e+00 4.387880249023437500e+02
5.493199485382121772e+00 4.348331604003906250e+02
5.495260336811640833e+00 4.308212280273437500e+02
5.497321188241159895e+00 4.262286682128906250e+02
5.499382039670678068e+00 4.225364990234375000e+02
5.501442891100196242e+00 4.198236694335937500e+02
5.503503742529716192e+00 4.170402221679687500e+02
5.505564593959234365e+00 4.141266784667968750e+02
5.507625445388752539e+00 4.115889282226562500e+02
5.509686296818271600e+00 4.104451293945312500e+02
5.511747148247790662e+00 4.094869079589843750e+02
5.513807999677308835e+00 4.091847229003906250e+02
5.515868851106827897e+00 4.097154846191406250e+02
5.517929702536346959e+00 4.108180236816406250e+02
5.519990553965865132e+00 4.113782043457031250e+02
5.522051405395384194e+00 4.118621826171875000e+02
5.524112256824903255e+00 4.118870239257812500e+02
5.526173108254421429e+00 4.111481018066406250e+02
5.528233959683940490e+00 4.100593566894531250e+02
5.530294811113458664e+00 4.081218872070312500e+02
5.532355662542977726e+00 4.064685668945312500e+02
5.534416513972495899e+00 4.048919372558593750e+02
5.536477365402014961e+00 4.039010620117187500e+02
5.538538216831534022e+00 4.027845153808593750e+02
5.540599068261052196e+00 4.024901123046875000e+02
5.542659919690571257e+00 4.019253845214843750e+02
5.544720771120089431e+00 4.014111328125000000e+02
5.546781622549608493e+00 4.017132873535156250e+02
5.548842473979127554e+00 4.013990173339843750e+02
5.550903325408645728e+00 4.025518798828125000e+02
5.552964176838164789e+00 4.030258789062500000e+02
5.555025028267683851e+00 4.039002075195312500e+02
5.557085879697202024e+00 4.051353149414062500e+02
5.559146731126720198e+00 4.065998840332031250e+02
5.561207582556240148e+00 4.080054931640625000e+02
5.563268433985758321e+00 4.085374450683593750e+02
5.565329285415276495e+00 4.079903259277343750e+02
5.567390136844795556e+00 4.078739929199218750e+02
5.569450988274314618e+00 4.078322753906250000e+02
5.571511839703832791e+00 4.067904357910156250e+02
5.573572691133351853e+00 4.064314880371093750e+02
5.575633542562870915e+00 4.054837036132812500e+02
5.577694393992389088e+00 4.045386962890625000e+02
5.579755245421907262e+00 4.042168579101562500e+02
5.581816096851427211e+00 4.041085205078125000e+02
5.583876948280945385e+00 4.032429809570312500e+02
5.585937799710463558e+00 4.022353210449218750e+02
5.587998651139982620e+00 4.016094055175781250e+02
5.590059502569501682e+00 4.015054321289062500e+02
5.592120353999019855e+00 4.013991699218750000e+02
5.594181205428538917e+00 4.016540832519531250e+02
5.596242056858057978e+00 4.022480468750000000e+02
5.598302908287576152e+00 4.019345703125000000e+02
5.600363759717095213e+00 4.015092163085937500e+02
5.602424611146613387e+00 4.012077331542968750e+02
5.604485462576132448e+00 4.007561035156250000e+02
5.606546314005651510e+00 4.000471191406250000e+02
5.608607165435169684e+00 4.007465515136718750e+02
5.610668016864688745e+00 4.003840026855468750e+02
5.612728868294207807e+00 4.007599792480468750e+02
5.614789719723725980e+00 4.016458740234375000e+02
5.616850571153244154e+00 4.036124572753906250e+02
5.618911422582764104e+00 4.082096862792968750e+02
5.620972274012282277e+00 4.139577636718750000e+02
5.623033125441800451e+00 4.204384765625000000e+02
5.625093976871319512e+00 4.307236328125000000e+02
5.627154828300838574e+00 4.400877685546875000e+02
5.629215679730356747e+00 4.492171325683593750e+02
5.631276531159874921e+00 4.602238769531250000e+02
5.633337382589394871e+00 4.658722229003906250e+02
5.635398234018913044e+00 4.711750183105468750e+02
5.637459085448431217e+00 4.712397766113281250e+02
5.639519936877951167e+00 4.656873779296875000e+02
5.641580788307469341e+00 4.574975280761718750e+02
5.643641639736987514e+00 4.454482116699218750e+02
5.645702491166506576e+00 4.328377685546875000e+02
5.647763342596025637e+00 4.210157165527343750e+02
5.649824194025543811e+00 4.120726318359375000e+02
5.651885045455062873e+00 4.060336608886718750e+02
5.653945896884581934e+00 4.018809509277343750e+02
5.656006748314100108e+00 4.000455322265625000e+02
5.658067599743619169e+00 3.992795104980468750e+02
5.660128451173137343e+00 3.986828308105468750e+02
5.662189302602656404e+00 3.991372680664062500e+02
5.664250154032175466e+00 3.990480346679687500e+02
5.666311005461693640e+00 3.990787963867187500e+02
5.668371856891212701e+00 4.000831298828125000e+02
5.670432708320730875e+00 4.008611450195312500e+02
5.672493559750249936e+00 4.017913513183593750e+02
5.674554411179768110e+00 4.030253601074218750e+02
5.676615262609287171e+00 4.050986633300781250e+02
5.678676114038806233e+00 4.084445495605468750e+02
5.680736965468324406e+00 4.120037231445312500e+02
5.682797816897843468e+00 4.152543334960937500e+02
5.684858668327362530e+00 4.187404479980468750e+02
5.686919519756880703e+00 4.222648620605468750e+02
5.688980371186398877e+00 4.255062866210937500e+02
5.691041222615918826e+00 4.300524902343750000e+02
5.693102074045437000e+00 4.355277099609375000e+02
5.695162925474955173e+00 4.416186218261718750e+02
5.697223776904475123e+00 4.490705871582031250e+02
5.699284628333993297e+00 4.592452087402343750e+02
5.701345479763511470e+00 4.731596984863281250e+02
5.703406331193030532e+00 4.925256347656250000e+02
5.705467182622549593e+00 5.191445312500000000e+02
5.707528034052067767e+00 5.536495361328125000e+02
5.709588885481586829e+00 5.949107055664062500e+02
5.711649736911105890e+00 6.395833129882812500e+02
5.713710588340624064e+00 6.863439941406250000e+02
5.715771439770142237e+00 7.300732421875000000e+02
5.717832291199661299e+00 7.647217407226562500e+02
5.719893142629180360e+00 7.853362426757812500e+02
5.721953994058698534e+00 7.944097900390625000e+02
5.724014845488217595e+00 7.874663085937500000e+02
5.726075696917736657e+00 7.672883911132812500e+02
5.728136548347254831e+00 7.368980712890625000e+02
5.730197399776773892e+00 6.995052490234375000e+02
5.732258251206292066e+00 6.603547973632812500e+02
5.734319102635811127e+00 6.221596069335937500e+02
5.736379954065330189e+00 5.837367553710937500e+02
5.738440805494848362e+00 5.519533081054687500e+02
5.740501656924367424e+00 5.252147216796875000e+02
5.742562508353886486e+00 5.017610168457031250e+02
5.744623359783404659e+00 4.819235534667968750e+02
5.746684211212922833e+00 4.655172729492187500e+02
5.748745062642442782e+00 4.525249938964843750e+02
5.750805914071960956e+00 4.403428649902343750e+02
5.752866765501479129e+00 4.300980224609375000e+02
5.754927616930998191e+00 4.216793823242187500e+02
5.756988468360517253e+00 4.144651794433593750e+02
5.759049319790035426e+00 4.088373413085937500e+02
5.761110171219554488e+00 4.045529174804687500e+02
5.763171022649073549e+00 4.014173278808593750e+02
5.765231874078591723e+00 3.989451599121093750e+02
5.767292725508109896e+00 3.965277709960937500e+02
5.769353576937629846e+00 3.946787414550781250e+02
5.771414428367148020e+00 3.934632873535156250e+02
5.773475279796666193e+00 3.919951782226562500e+02
5.775536131226185255e+00 3.911605224609375000e+02
5.777596982655704316e+00 3.909641113281250000e+02
5.779657834085222490e+00 3.907689819335937500e+02
5.781718685514741551e+00 3.908427429199218750e+02
5.783779536944260613e+00 3.898951416015625000e+02
5.785840388373778787e+00 3.881301269531250000e+02
5.787901239803297848e+00 3.873615112304687500e+02
5.789962091232816022e+00 3.867095031738281250e+02
5.792022942662335083e+00 3.865599060058593750e+02
5.794083794091854145e+00 3.866661071777343750e+02
5.796144645521372318e+00 3.865963439941406250e+02
5.798205496950891380e+00 3.861929626464843750e+02
5.800266348380409553e+00 3.864641723632812500e+02
5.802327199809928615e+00 3.863808898925781250e+02
5.804388051239447677e+00 3.866316223144531250e+02
5.806448902668965850e+00 3.864785461425781250e+02
5.808509754098484912e+00 3.860691833496093750e+02
5.810570605528003085e+00 3.861410217285156250e+02
5.812631456957522147e+00 3.862746582031250000e+02
5.814692308387041209e+00 3.866720581054687500e+02
5.816753159816559382e+00 3.858926391601562500e+02
5.818814011246078444e+00 3.855969848632812500e+02
5.820874862675597505e+00 3.857012329101562500e+02
5.822935714105115679e+00 3.861648864746093750e+02
5.824996565534633852e+00 3.872753295898437500e+02
5.827057416964153802e+00 3.882221984863281250e+02
5.829118268393671976e+00 3.881489868164062500e+02
5.831179119823190149e+00 3.881019592285156250e+02
5.833239971252709211e+00 3.873567504882812500e+02
5.835300822682228272e+00 3.866529846191406250e+02
5.837361674111746446e+00 3.864455871582031250e+02
5.839422525541265507e+00 3.855772399902343750e+02
5.841483376970784569e+00 3.851072998046875000e+02
5.843544228400302742e+00 3.848189392089843750e+02
5.845605079829820916e+00 3.841422424316406250e+02
5.847665931259339978e+00 3.831900939941406250e+02
5.849726782688859039e+00 3.827514648437500000e+02
5.851787634118377213e+00 3.822037353515625000e+02
5.853848485547896274e+00 3.824867858886718750e+02
5.855909336977415336e+00 3.824299926757812500e+02
5.857970188406933509e+00 3.818641967773437500e+02
5.860031039836452571e+00 3.804987182617187500e+02
5.862091891265971633e+00 3.800763549804687500e+02
5.864152742695489806e+00 3.796449584960937500e+02
5.866213594125008868e+00 3.796416015625000000e+02
5.868274445554527041e+00 3.801748657226562500e+02
5.870335296984046103e+00 3.802333984375000000e+02
5.872396148413565165e+00 3.795506286621093750e+02
5.874456999843083338e+00 3.789989929199218750e+02
5.876517851272602400e+00 3.792107238769531250e+02
5.878578702702121461e+00 3.792138366699218750e+02
5.880639554131639635e+00 3.789626770019531250e+02
5.882700405561157808e+00 3.788190917968750000e+02
5.884761256990677758e+00 3.789526977539062500e+02
5.886822108420195931e+00 3.786065063476562500e+02
5.888882959849714105e+00 3.797017517089843750e+02
5.890943811279233167e+00 3.804664306640625000e+02
5.893004662708752228e+00 3.814498291015625000e+02
5.895065514138270402e+00 3.811008300781250000e+02
5.897126365567788575e+00 3.808579101562500000e+02
5.899187216997308525e+00 3.803777160644531250e+02
5.901248068426826698e+00 3.801890869140625000e+02
5.903308919856344872e+00 3.800236816406250000e+02
5.905369771285863933e+00 3.800158081054687500e+02
5.907430622715382995e+00 3.798349914550781250e+02
5.909491474144901169e+00 3.797461547851562500e+02
5.911552325574420230e+00 3.793586730957031250e+02
5.913613177003939292e+00 3.786036376953125000e+02
5.915674028433457465e+00 3.784441528320312500e+02
5.917734879862976527e+00 3.786329040527343750e+02
5.919795731292495589e+00 3.787034301757812500e+02
5.921856582722013762e+00 3.787351684570312500e+02
5.923917434151532824e+00 3.792850036621093750e+02
5.925978285581050997e+00 3.791312866210937500e+02
5.928039137010570059e+00 3.787825622558593750e+02
5.930099988440089120e+00 3.789173889160156250e+02
5.932160839869607294e+00 3.799107666015625000e+02
5.934221691299126356e+00 3.802631530761718750e+02
5.936282542728644529e+00 3.819591979980468750e+02
5.938343394158163591e+00 3.834196777343750000e+02
5.940404245587681764e+00 3.849713745117187500e+02
5.942465097017200826e+00 3.867034606933593750e+02
5.944525948446719887e+00 3.895015869140625000e+02
5.946586799876238061e+00 3.922705993652343750e+02
5.948647651305757122e+00 3.951253967285156250e+02
5.950708502735276184e+00 3.992471313476562500e+02
5.952769354164794358e+00 4.046290588378906250e+02
5.954830205594312531e+00 4.123673095703125000e+02
5.956891057023832481e+00 4.234502868652343750e+02
5.958951908453350654e+00 4.385367126464843750e+02
5.961012759882868828e+00 4.593428344726562500e+02
5.963073611312388778e+00 4.825875244140625000e+02
5.965134462741906951e+00 5.098263854980468750e+02
5.967195314171425125e+00 5.393146362304687500e+02
5.969256165600944186e+00 5.664188842773437500e+02
5.971317017030463248e+00 5.923931884765625000e+02
5.973377868459981421e+00 6.108804931640625000e+02
5.975438719889500483e+00 6.216551513671875000e+02
5.977499571319019545e+00 6.223102416992187500e+02
5.979560422748537718e+00 6.148411865234375000e+02
5.981621274178055891e+00 6.001655883789062500e+02
5.983682125607574953e+00 5.804934692382812500e+02
5.985742977037094015e+00 5.578677368164062500e+02
5.987803828466612188e+00 5.350769653320312500e+02
5.989864679896131250e+00 5.143110961914062500e+02
5.991925531325650311e+00 4.956466064453125000e+02
5.993986382755168485e+00 4.804725646972656250e+02
5.996047234184687547e+00 4.671492614746093750e+02
5.998108085614205720e+00 4.567748718261718750e+02
6.000168937043724782e+00 4.468991394042968750e+02
6.002229788473243843e+00 4.374417114257812500e+02
6.004290639902762017e+00 4.289393920898437500e+02
6.006351491332281078e+00 4.203519897460937500e+02
6.008412342761800140e+00 4.146691894531250000e+02
6.010473194191318314e+00 4.090205383300781250e+02
6.012534045620836487e+00 4.043775329589843750e+02
6.014594897050356437e+00 4.014026794433593750e+02
6.016655748479874610e+00 3.984916687011718750e+02
6.018716599909392784e+00 3.970950927734375000e+02
6.020777451338912734e+00 3.971533203125000000e+02
6.022838302768430907e+00 3.968769531250000000e+02
6.024899154197949080e+00 3.960966186523437500e+02
6.026960005627467254e+00 3.952997741699218750e+02
6.029020857056987204e+00 3.940367431640625000e+02
6.031081708486505377e+00 3.927662658691406250e+02
6.033142559916023551e+00 3.917436218261718750e+02
6.035203411345543500e+00 3.916142272949218750e+02
6.037264262775061674e+00 3.910131530761718750e+02
6.039325114204579847e+00 3.908557739257812500e+02
6.041385965634098909e+00 3.905925903320312500e+02
6.043446817063617971e+00 3.904853515625000000e+02
6.045507668493136144e+00 3.903323974609375000e+02
6.047568519922655206e+00 3.902159423828125000e+02
6.049629371352174267e+00 3.900146484375000000e+02
6.051690222781692441e+00 3.901877746582031250e+02
6.053751074211211503e+00 3.908224182128906250e+02
6.055811925640729676e+00 3.923321228027343750e+02
6.057872777070248738e+00 3.949136352539062500e+02
6.059933628499767799e+00 3.977272033691406250e+02
6.061994479929285973e+00 4.007951965332031250e+02
6.064055331358805034e+00 4.029948120117187500e+02
6.066116182788323208e+00 4.040444946289062500e+02
6.068177034217842269e+00 4.049496154785156250e+02
6.070237885647360443e+00 4.047803344726562500e+02
6.072298737076879505e+00 4.043229064941406250e+02
6.074359588506398566e+00 4.030522460937500000e+02
6.076420439935916740e+00 4.007413330078125000e+02
6.078481291365435801e+00 3.983183898925781250e+02
6.080542142794954863e+00 3.964792175292968750e+02
6.082602994224473036e+00 3.938980712890625000e+02
6.084663845653991210e+00 3.906412353515625000e+02
6.086724697083511160e+00 3.878908996582031250e+02
6.088785548513029333e+00 3.845841064453125000e+02
6.090846399942547507e+00 3.821309509277343750e+02
6.092907251372067456e+00 3.802604675292968750e+02
6.094968102801585630e+00 3.787672729492187500e+02
6.097028954231103803e+00 3.779212646484375000e+02
6.099089805660622865e+00 3.777674560546875000e+02
6.101150657090141927e+00 3.772266235351562500e+02
6.103211508519660100e+00 3.775617980957031250e+02
6.105272359949179162e+00 3.776530456542968750e+02
6.107333211378698223e+00 3.778599853515625000e+02
6.109394062808216397e+00 3.786326599121093750e+02
6.111454914237734570e+00 3.790571289062500000e+02
6.113515765667253632e+00 3.791463012695312500e+02
6.115576617096772694e+00 3.792227783203125000e+02
6.117637468526290867e+00 3.788745117187500000e+02
6.119698319955809929e+00 3.790095520019531250e+02
6.121759171385328990e+00 3.794722900390625000e+02
6.123820022814847164e+00 3.798261108398437500e+02
6.125880874244366225e+00 3.804166259765625000e+02
6.127941725673884399e+00 3.799040832519531250e+02
6.130002577103403461e+00 3.794224548339843750e+02
6.132063428532922522e+00 3.793519897460937500e+02
6.134124279962440696e+00 3.784833679199218750e+02
6.136185131391959757e+00 3.785784606933593750e+02
6.138245982821478819e+00 3.785783081054687500e+02
6.140306834250996992e+00 3.785872497558593750e+02
6.142367685680516054e+00 3.795521545410156250e+02
6.144428537110035116e+00 3.807309265136718750e+02
6.146489388539553289e+00 3.812440795898437500e+02
6.148550239969071463e+00 3.827478942871093750e+02
6.150611091398591412e+00 3.833551635742187500e+02
6.152671942828109586e+00 3.825914306640625000e+02
6.154732794257627759e+00 3.822044677734375000e+02
6.156793645687146821e+00 3.821408996582031250e+02
6.158854497116665883e+00 3.802199401855468750e+02
6.160915348546184056e+00 3.787756652832031250e+02
6.162976199975702229e+00 3.776329650878906250e+02
6.165037051405222179e+00 3.761575317382812500e+02
6.167097902834740353e+00 3.752681274414062500e+02
6.169158754264258526e+00 3.751353149414062500e+02
6.171219605693777588e+00 3.748131713867187500e+02
6.173280457123296650e+00 3.738895568847656250e+02
6.175341308552814823e+00 3.735225524902343750e+02
6.177402159982333885e+00 3.729882812500000000e+02
6.179463011411852946e+00 3.723493347167968750e+02
6.181523862841371120e+00 3.725305480957031250e+02
6.183584714270890181e+00 3.716958618164062500e+02
6.185645565700408355e+00 3.706200561523437500e+02
6.187706417129927416e+00 3.694028320312500000e+02
6.189767268559446478e+00 3.679551696777343750e+02
6.191828119988964652e+00 3.659166564941406250e+02
6.193888971418483713e+00 3.650400390625000000e+02
6.195949822848002775e+00 3.641250610351562500e+02
6.198010674277520948e+00 3.625127563476562500e+02
6.200071525707040010e+00 3.622999877929687500e+02
6.202132377136558183e+00 3.616693420410156250e+02
6.204193228566077245e+00 3.608265991210937500e+02
6.206254079995595418e+00 3.606721191406250000e+02
6.208314931425114480e+00 3.612122192382812500e+02
6.210375782854633542e+00 3.611846008300781250e+02
6.212436634284151715e+00 3.618445129394531250e+02
6.214497485713670777e+00 3.623194885253906250e+02
6.216558337143189839e+00 3.624163513183593750e+02
6.218619188572708012e+00 3.619285278320312500e+02
6.220680040002226185e+00 3.621617431640625000e+02
6.222740891431746135e+00 3.618707580566406250e+02
6.224801742861264309e+00 3.619871826171875000e+02
6.226862594290782482e+00 3.625765075683593750e+02
6.228923445720301544e+00 3.623757934570312500e+02
6.230984297149820605e+00 3.623251647949218750e+02
6.233045148579338779e+00 3.614366760253906250e+02
6.235106000008857841e+00 3.604464416503906250e+02
6.237166851438376902e+00 3.602843933105468750e+02
6.239227702867895076e+00 3.607333984375000000e+02
6.241288554297414137e+00 3.601839904785156250e+02
6.243349405726933199e+00 3.604015808105468750e+02
6.245410257156451372e+00 3.603334045410156250e+02
6.247471108585969546e+00 3.599904479980468750e+02
6.249531960015488607e+00 3.606014099121093750e+02
6.251592811445007669e+00 3.615148010253906250e+02
6.253653662874525843e+00 3.621036682128906250e+02
6.255714514304044904e+00 3.629838256835937500e+02
6.257775365733563966e+00 3.646802062988281250e+02
6.259836217163082139e+00 3.656075134277343750e+02
6.261897068592601201e+00 3.676975097656250000e+02
6.263957920022119374e+00 3.698613281250000000e+02
6.266018771451638436e+00 3.717973632812500000e+02
6.268079622881157498e+00 3.737902221679687500e+02
6.270140474310675671e+00 3.771069946289062500e+02
6.272201325740194733e+00 3.797532653808593750e+02
6.274262177169713794e+00 3.838146972656250000e+02
6.276323028599231968e+00 3.873519592285156250e+02
6.278383880028750141e+00 3.916578979492187500e+02
6.280444731458270091e+00 3.956382751464843750e+02
6.282505582887788265e+00 4.000782775878906250e+02
6.284566434317306438e+00 4.047805786132812500e+02
6.286627285746825500e+00 4.082960815429687500e+02
6.288688137176344561e+00 4.138771972656250000e+02
6.290748988605862735e+00 4.186981201171875000e+02
6.292809840035380908e+00 4.272469177246093750e+02
6.294870691464900858e+00 4.385848999023437500e+02
6.296931542894419032e+00 4.449145812988281250e+02
6.298992394323937205e+00 4.540776062011718750e+02
6.301053245753457155e+00 4.619752807617187500e+02
6.303114097182975328e+00 4.570565795898437500e+02
6.305174948612493502e+00 4.526671142578125000e+02
6.307235800042012563e+00 4.449354553222656250e+02
6.309296651471531625e+00 4.317551574707031250e+02
6.311357502901049799e+00 4.193663024902343750e+02
6.313418354330568860e+00 4.108134155273437500e+02
6.315479205760087922e+00 4.038542785644531250e+02
6.317540057189606095e+00 3.971824645996093750e+02
6.319600908619125157e+00 3.908471679687500000e+02
6.321661760048643330e+00 3.870074768066406250e+02
6.323722611478162392e+00 3.834109191894531250e+02
6.325783462907681454e+00 3.787920837402343750e+02
6.327844314337199627e+00 3.782603454589843750e+02
6.329905165766718689e+00 3.786210327148437500e+02
6.331966017196236862e+00 3.807873229980468750e+02
6.334026868625755924e+00 3.832007446289062500e+02
6.336087720055274097e+00 3.847229919433593750e+02
6.338148571484793159e+00 3.866092834472656250e+02
6.340209422914312221e+00 3.865151977539062500e+02
6.342270274343830394e+00 3.865270996093750000e+02
6.344331125773349456e+00 3.850652770996093750e+02
6.346391977202868517e+00 3.831319274902343750e+02
6.348452828632386691e+00 3.807134704589843750e+02
6.350513680061904864e+00 3.774388122558593750e+02
6.352574531491424814e+00 3.746986999511718750e+02
6.354635382920942988e+00 3.713338623046875000e+02
6.356696234350461161e+00 3.690283203125000000e+02
6.358757085779981111e+00 3.670166320800781250e+02
6.360817937209499284e+00 3.651415710449218750e+02
6.362878788639017458e+00 3.633347167968750000e+02
6.364939640068536519e+00 3.617698364257812500e+02
6.367000491498055581e+00 3.602594299316406250e+02
6.369061342927573754e+00 3.595581665039062500e+02
6.371122194357092816e+00 3.587961425781250000e+02
6.373183045786611878e+00 3.579286193847656250e+02
6.375243897216130051e+00 3.567549743652343750e+02
6.377304748645648225e+00 3.561466369628906250e+02
6.379365600075167286e+00 3.560024719238281250e+02
6.381426451504686348e+00 3.562501220703125000e+02
6.383487302934204521e+00 3.566879882812500000e+02
6.385548154363723583e+00 3.571255493164062500e+02
6.387609005793242645e+00 3.564111938476562500e+02
6.389669857222760818e+00 3.520153198242187500e+02
6.391730708652279880e+00 3.523071899414062500e+02
6.393791560081798053e+00 3.527327270507812500e+02
6.395852411511317115e+00 3.554746704101562500e+02
6.397913262940836177e+00 3.586856384277343750e+02
6.399974114370354350e+00 3.589555664062500000e+02
6.402034965799873412e+00 3.589888916015625000e+02
6.404095817229392473e+00 3.596075744628906250e+02
6.406156668658910647e+00 3.598696594238281250e+02
6.408217520088428820e+00 3.602015991210937500e+02
6.410278371517948770e+00 3.613148803710937500e+02
6.412339222947466943e+00 3.624481506347656250e+02
6.414400074376985117e+00 3.633630371093750000e+02
6.416460925806505067e+00 3.647456054687500000e+02
6.418521777236023240e+00 3.657839660644531250e+02
6.420582628665541414e+00 3.672110900878906250e+02
6.422643480095059587e+00 3.689660034179687500e+02
6.424704331524579537e+00 3.719118347167968750e+02
6.426765182954097710e+00 3.746976928710937500e+02
6.428826034383615884e+00 3.772638549804687500e+02
6.430886885813135834e+00 3.790872192382812500e+02
6.432947737242654007e+00 3.799590454101562500e+02
6.435008588672172181e+00 3.800589904785156250e+02
6.437069440101691242e+00 3.801576232910156250e+02
6.439130291531210304e+00 3.790752258300781250e+02
6.441191142960728477e+00 3.772055664062500000e+02
6.443251994390247539e+00 3.757324523925781250e+02
6.445312845819766601e+00 3.729049987792968750e+02
6.447373697249284774e+00 3.704690551757812500e+02
6.449434548678803836e+00 3.680827026367187500e+02
6.451495400108322009e+00 3.660149536132812500e+02
6.453556251537841071e+00 3.640478210449218750e+02
6.455617102967360132e+00 3.624759521484375000e+02
6.457677954396878306e+00 3.615029602050781250e+02
6.459738805826397368e+00 3.602500000000000000e+02
6.461799657255916429e+00 3.593974304199218750e+02
6.463860508685434603e+00 3.585367736816406250e+02
6.465921360114952776e+00 3.572345886230468750e+02
6.467982211544471838e+00 3.564110412597656250e+02
6.470043062973990899e+00 3.556333923339843750e+02
6.472103914403509073e+00 3.551085815429687500e+02
6.474164765833028135e+00 3.548512878417968750e+02
6.476225617262547196e+00 3.539960021972656250e+02
6.478286468692065370e+00 3.536456298828125000e+02
6.480347320121584431e+00 3.538875122070312500e+02
6.482408171551103493e+00 3.531704101562500000e+02
6.484469022980621666e+00 3.526169738769531250e+02
6.486529874410139840e+00 3.525582580566406250e+02
6.488590725839659790e+00 3.513839721679687500e+02
6.490651577269177963e+00 3.510277709960937500e+02
6.492712428698696137e+00 3.514267883300781250e+02
6.494773280128215198e+00 3.509299011230468750e+02
6.496834131557734260e+00 3.507096862792968750e+02
6.498894982987252433e+00 3.515615234375000000e+02
6.500955834416771495e+00 3.520926818847656250e+02
6.503016685846290557e+00 3.529387817382812500e+02
6.505077537275808730e+00 3.542045898437500000e+02
6.507138388705327792e+00 3.552917785644531250e+02
6.509199240134845965e+00 3.555472412109375000e+02
6.511260091564365027e+00 3.557680664062500000e+02
6.513320942993883200e+00 3.559794311523437500e+02
6.515381794423402262e+00 3.563493652343750000e+02
6.517442645852921324e+00 3.564506225585937500e+02
6.519503497282439497e+00 3.566115722656250000e+02
6.521564348711958559e+00 3.560448608398437500e+02
6.523625200141476732e+00 3.553834533691406250e+02
6.525686051570995794e+00 3.546683654785156250e+02
6.527746903000514855e+00 3.543287048339843750e+02
6.529807754430033029e+00 3.544320678710937500e+02
6.531868605859552090e+00 3.546537475585937500e+02
6.533929457289071152e+00 3.556570434570312500e+02
6.535990308718589326e+00 3.562677917480468750e+02
6.538051160148108387e+00 3.567096557617187500e+02
6.540112011577627449e+00 3.568229980468750000e+02
6.542172863007145622e+00 3.566826477050781250e+02
6.544233714436663796e+00 3.563008117675781250e+02
6.546294565866183746e+00 3.551545410156250000e+02
6.548355417295701919e+00 3.540947570800781250e+02
6.550416268725220093e+00 3.530524291992187500e+02
6.552477120154739154e+00 3.516798706054687500e+02
6.554537971584258216e+00 3.516058044433593750e+02
6.556598823013776389e+00 3.517354736328125000e+02
6.558659674443294563e+00 3.514920043945312500e+02
6.560720525872814513e+00 3.508708496093750000e+02
6.562781377302332686e+00 3.506639099121093750e+02
6.564842228731850859e+00 3.496785278320312500e+02
6.566903080161369921e+00 3.496423034667968750e+02
6.568963931590888983e+00 3.499708862304687500e+02
6.571024783020407156e+00 3.502238464355468750e+02
6.573085634449926218e+00 3.508749084472656250e+02
6.575146485879445279e+00 3.516713256835937500e+02
6.577207337308963453e+00 3.519573059082031250e+02
6.579268188738482515e+00 3.521673278808593750e+02
6.581329040168001576e+00 3.525916137695312500e+02
6.583389891597519750e+00 3.529071350097656250e+02
6.585450743027038811e+00 3.536261596679687500e+02
6.587511594456556985e+00 3.553293151855468750e+02
6.589572445886076046e+00 3.564978637695312500e+02
6.591633297315595108e+00 3.580560302734375000e+02
6.593694148745113282e+00 3.591015625000000000e+02
6.595755000174632343e+00 3.595026855468750000e+02
6.597815851604151405e+00 3.592019042968750000e+02
6.599876703033669578e+00 3.592643737792968750e+02
6.601937554463187752e+00 3.586087036132812500e+02
6.603998405892706813e+00 3.578067932128906250e+02
6.606059257322225875e+00 3.566390991210937500e+02
6.608120108751744048e+00 3.554383850097656250e+02
6.610180960181263110e+00 3.541413269042968750e+02
6.612241811610782172e+00 3.528545532226562500e+02
6.614302663040300345e+00 3.516667480468750000e+02
6.616363514469818519e+00 3.509893798828125000e+02
6.618424365899338468e+00 3.498628540039062500e+02
6.620485217328856642e+00 3.484385986328125000e+02
6.622546068758374815e+00 3.480480957031250000e+02
6.624606920187893877e+00 3.477587890625000000e+02
6.626667771617412939e+00 3.470388488769531250e+02
6.628728623046931112e+00 3.465320129394531250e+02
6.630789474476450174e+00 3.459638061523437500e+02
6.632850325905969235e+00 3.449187927246093750e+02
6.634911177335487409e+00 3.440615234375000000e+02
6.636972028765006471e+00 3.442307434082031250e+02
6.639032880194525532e+00 3.441428833007812500e+02
6.641093731624043706e+00 3.445467834472656250e+02
6.643154583053561879e+00 3.448099670410156250e+02
6.645215434483080941e+00 3.450488891601562500e+02
6.647276285912600002e+00 3.450674133300781250e+02
6.649337137342118176e+00 3.447551269531250000e+02
6.651397988771637237e+00 3.449286804199218750e+02
6.653458840201156299e+00 3.450282287597656250e+02
6.655519691630674473e+00 3.449035644531250000e+02
6.657580543060193534e+00 3.450119018554687500e+02
6.659641394489711708e+00 3.448311462402343750e+02
6.661702245919230769e+00 3.447192687988281250e+02
6.663763097348749831e+00 3.456373596191406250e+02
6.665823948778268004e+00 3.463071899414062500e+02
6.667884800207787066e+00 3.474466552734375000e+02
6.669945651637306128e+00 3.489045715332031250e+02
6.672006503066824301e+00 3.503781433105468750e+02
6.674067354496342475e+00 3.513450317382812500e+02
6.676128205925862424e+00 3.531663208007812500e+02
6.678189057355380598e+00 3.557669067382812500e+02
6.680249908784898771e+00 3.583246765136718750e+02
6.682310760214417833e+00 3.612695922851562500e+02
6.684371611643936895e+00 3.642157897949218750e+02
6.686432463073455068e+00 3.668382568359375000e+02
6.688493314502973242e+00 3.683688964843750000e+02
6.690554165932493191e+00 3.698565979003906250e+02
6.692615017362011365e+00 3.691675415039062500e+02
6.694675868791529538e+00 3.677911071777343750e+02
6.696736720221049488e+00 3.652612304687500000e+02
6.698797571650567662e+00 3.627648620605468750e+02
6.700858423080085835e+00 3.592106018066406250e+02
6.702919274509604897e+00 3.571267089843750000e+02
6.704980125939123958e+00 3.552940063476562500e+02
6.707040977368642132e+00 3.527802429199218750e+02
6.709101828798161193e+00 3.512633056640625000e+02
6.711162680227680255e+00 3.495041503906250000e+02
6.713223531657198428e+00 3.478897094726562500e+02
6.715284383086717490e+00 3.471610107421875000e+02
6.717345234516235664e+00 3.470241088867187500e+02
6.719406085945754725e+00 3.461166992187500000e+02
6.721466937375273787e+00 3.458401489257812500e+02
6.723527788804791960e+00 3.450191650390625000e+02
6.725588640234311022e+00 3.438191833496093750e+02
6.727649491663830084e+00 3.429237365722656250e+02
6.729710343093348257e+00 3.420630187988281250e+02
6.731771194522866431e+00 3.418329467773437500e+02
6.733832045952385492e+00 3.419452819824218750e+02
6.735892897381904554e+00 3.414865417480468750e+02
6.737953748811422727e+00 3.407010803222656250e+02
6.740014600240941789e+00 3.403635253906250000e+02
6.742075451670460851e+00 3.402128601074218750e+02
6.744136303099979024e+00 3.400985717773437500e+02
6.746197154529497197e+00 3.411558837890625000e+02
6.748258005959017147e+00 3.416474304199218750e+02
6.750318857388535321e+00 3.417055053710937500e+02
6.752379708818053494e+00 3.421576232910156250e+02
6.754440560247573444e+00 3.424444885253906250e+02
6.756501411677091617e+00 3.432916259765625000e+02
6.758562263106609791e+00 3.441994934082031250e+02
6.760623114536128853e+00 3.456039733886718750e+02
6.762683965965647914e+00 3.468850402832031250e+02
6.764744817395166088e+00 3.475325012207031250e+02
6.766805668824685149e+00 3.484240112304687500e+02
6.768866520254204211e+00 3.488608398437500000e+02
6.770927371683722384e+00 3.491429138183593750e+02
6.772988223113241446e+00 3.495359497070312500e+02
6.775049074542759620e+00 3.495786743164062500e+02
6.777109925972278681e+00 3.491810913085937500e+02
6.779170777401796855e+00 3.479269104003906250e+02
6.781231628831315916e+00 3.475103149414062500e+02
6.783292480260834978e+00 3.468044128417968750e+02
6.785353331690353151e+00 3.463358764648437500e+02
6.787414183119872213e+00 3.466854248046875000e+02
6.789475034549390386e+00 3.468250122070312500e+02
6.791535885978909448e+00 3.472759399414062500e+02
6.793596737408428510e+00 3.486313476562500000e+02
6.795657588837946683e+00 3.504996643066406250e+02
6.797718440267465745e+00 3.523091735839843750e+02
6.799779291696984806e+00 3.544913635253906250e+02
6.801840143126502980e+00 3.571370239257812500e+02
6.803900994556021153e+00 3.596316223144531250e+02
6.805961845985541103e+00 3.611300659179687500e+02
6.808022697415059277e+00 3.619032592773437500e+02
6.810083548844577450e+00 3.621837463378906250e+02
6.812144400274097400e+00 3.619326782226562500e+02
6.814205251703615573e+00 3.605527343750000000e+02
6.816266103133133747e+00 3.585049438476562500e+02
6.818326954562652809e+00 3.564506530761718750e+02
6.820387805992171870e+00 3.538551635742187500e+02
6.822448657421690044e+00 3.519002685546875000e+02
6.824509508851208217e+00 3.499902038574218750e+02
6.826570360280728167e+00 3.487752685546875000e+02
6.828631211710246340e+00 3.472315368652343750e+02
6.830692063139764514e+00 3.462111206054687500e+02
6.832752914569283575e+00 3.451832275390625000e+02
6.834813765998802637e+00 3.436096801757812500e+02
6.836874617428320811e+00 3.426525878906250000e+02
6.838935468857839872e+00 3.425783691406250000e+02
6.840996320287358934e+00 3.425924377441406250e+02
6.843057171716877107e+00 3.427236328125000000e+02
6.845118023146396169e+00 3.434505004882812500e+02
6.847178874575914342e+00 3.443308105468750000e+02
6.849239726005433404e+00 3.450899963378906250e+02
6.851300577434952466e+00 3.465626831054687500e+02
6.853361428864470639e+00 3.472319641113281250e+02
6.855422280293989701e+00 3.478836059570312500e+02
6.857483131723508762e+00 3.498405761718750000e+02
6.859543983153026936e+00 3.506773681640625000e+02
6.861604834582545109e+00 3.508175354003906250e+02
6.863665686012065059e+00 3.515191345214843750e+02
6.865726537441583233e+00 3.511406555175781250e+02
6.867787388871101406e+00 3.501472778320312500e+02
6.869848240300620468e+00 3.493298339843750000e+02
6.871909091730139529e+00 3.490778808593750000e+02
6.873969943159657703e+00 3.488432922363281250e+02
6.876030794589176764e+00 3.484788513183593750e+02
6.878091646018695826e+00 3.481010131835937500e+02
6.880152497448214000e+00 3.474850463867187500e+02
6.882213348877732173e+00 3.469809265136718750e+02
6.884274200307252123e+00 3.469588623046875000e+02
6.886335051736770296e+00 3.487204589843750000e+02
6.888395903166288470e+00 3.511420898437500000e+02
6.890456754595807531e+00 3.539516906738281250e+02
6.892517606025326593e+00 3.572984008789062500e+02
6.894578457454844767e+00 3.613889160156250000e+02
6.896639308884363828e+00 3.654766540527343750e+02
6.898700160313882890e+00 3.684830017089843750e+02
6.900761011743401063e+00 3.711260681152343750e+02
6.902821863172920125e+00 3.724315795898437500e+02
6.904882714602438298e+00 3.713891296386718750e+02
6.906943566031957360e+00 3.707373962402343750e+02
6.909004417461476422e+00 3.689932250976562500e+02
6.911065268890994595e+00 3.668504638671875000e+02
6.913126120320513657e+00 3.648830261230468750e+02
6.915186971750031830e+00 3.622315673828125000e+02
6.917247823179550892e+00 3.589423217773437500e+02
6.919308674609069953e+00 3.560990600585937500e+02
6.921369526038588127e+00 3.526816101074218750e+02
6.923430377468107189e+00 3.499199523925781250e+02
6.925491228897625362e+00 3.480870666503906250e+02
6.927552080327144424e+00 3.454463500976562500e+02
6.929612931756663485e+00 3.450161132812500000e+02
6.931673783186181659e+00 3.440683898925781250e+02
6.933734634615700720e+00 3.436159057617187500e+02
6.935795486045219782e+00 3.440998229980468750e+02
6.937856337474737956e+00 3.444274597167968750e+02
6.939917188904256129e+00 3.456723022460937500e+02
6.941978040333776079e+00 3.477774658203125000e+02
6.944038891763294252e+00 3.498662109375000000e+02
6.946099743192812426e+00 3.518144226074218750e+02
6.948160594622331487e+00 3.532882690429687500e+02
6.950221446051850549e+00 3.543133850097656250e+02
6.952282297481368722e+00 3.545694885253906250e+02
6.954343148910886896e+00 3.545727844238281250e+02
6.956404000340406846e+00 3.535596313476562500e+02
6.958464851769925019e+00 3.520013732910156250e+02
6.960525703199443193e+00 3.504256591796875000e+02
6.962586554628962254e+00 3.486557922363281250e+02
6.964647406058481316e+00 3.469447326660156250e+02
6.966708257487999489e+00 3.455010375976562500e+02
6.968769108917518551e+00 3.443102722167968750e+02
6.970829960347037613e+00 3.437817687988281250e+02
6.972890811776555786e+00 3.432380676269531250e+02
6.974951663206074848e+00 3.437176818847656250e+02
6.977012514635593909e+00 3.448569335937500000e+02
6.979073366065112083e+00 3.461280212402343750e+02
6.981134217494631145e+00 3.473753967285156250e+02
6.983195068924149318e+00 3.481744384765625000e+02
6.985255920353668380e+00 3.478489074707031250e+02
6.987316771783187441e+00 3.471561889648437500e+02
6.989377623212705615e+00 3.460543518066406250e+02
6.991438474642224676e+00 3.450281372070312500e+02
6.993499326071743738e+00 3.436245422363281250e+02
6.995560177501261911e+00 3.422430419921875000e+02
6.997621028930780085e+00 3.408446044921875000e+02
6.999681880360299147e+00 3.400407104492187500e+02
7.001742731789818208e+00 3.397722167968750000e+02
7.003803583219336382e+00 3.395813293457031250e+02
7.005864434648855443e+00 3.392208557128906250e+02
7.007925286078374505e+00 3.384093933105468750e+02
7.009986137507892678e+00 3.388572998046875000e+02
7.012046988937410852e+00 3.395406188964843750e+02
7.014107840366930802e+00 3.405041198730468750e+02
7.016168691796448975e+00 3.415537414550781250e+02
7.018229543225967149e+00 3.426258850097656250e+02
7.020290394655487098e+00 3.430779418945312500e+02
7.022351246085005272e+00 3.437642822265625000e+02
7.024412097514523445e+00 3.442260742187500000e+02
7.026472948944042507e+00 3.435853271484375000e+02
7.028533800373561569e+00 3.440347290039062500e+02
7.030594651803079742e+00 3.439947814941406250e+02
7.032655503232598804e+00 3.434419250488281250e+02
7.034716354662117865e+00 3.426446533203125000e+02
7.036777206091636039e+00 3.414398498535156250e+02
7.038838057521155100e+00 3.401432800292968750e+02
7.040898908950673274e+00 3.397685241699218750e+02
7.042959760380192336e+00 3.400867004394531250e+02
7.045020611809710509e+00 3.394432373046875000e+02
7.047081463239229571e+00 3.382770690917968750e+02
7.049142314668748632e+00 3.368515930175781250e+02
7.051203166098266806e+00 3.352881164550781250e+02
7.053264017527785867e+00 3.343733215332031250e+02
7.055324868957304041e+00 3.346212158203125000e+02
7.057385720386823103e+00 3.348854980468750000e+02
7.059446571816342164e+00 3.358261413574218750e+02
7.061507423245860338e+00 3.366553649902343750e+02
7.063568274675379399e+00 3.374089355468750000e+02
7.065629126104898461e+00 3.389258422851562500e+02
7.067689977534416634e+00 3.398797302246093750e+02
7.069750828963934808e+00 3.418578491210937500e+02
7.071811680393454758e+00 3.441472778320312500e+02
7.073872531822972931e+00 3.458843383789062500e+02
7.075933383252491105e+00 3.474824829101562500e+02
7.077994234682011054e+00 3.487330627441406250e+02
7.080055086111529228e+00 3.499255065917968750e+02
7.082115937541047401e+00 3.507606506347656250e+02
7.084176788970566463e+00 3.516141662597656250e+02
7.086237640400085525e+00 3.532210998535156250e+02
7.088298491829603698e+00 3.547762145996093750e+02
7.090359343259121871e+00 3.563265991210937500e+02
7.092420194688641821e+00 3.582063293457031250e+02
7.094481046118159995e+00 3.602401428222656250e+02
7.096541897547678168e+00 3.619168395996093750e+02
7.098602748977197230e+00 3.622751770019531250e+02
7.100663600406716292e+00 3.620606994628906250e+02
7.102724451836234465e+00 3.604088134765625000e+02
7.104785303265753527e+00 3.583997192382812500e+02
7.106846154695272588e+00 3.558433837890625000e+02
7.108907006124790762e+00 3.528809204101562500e+02
7.110967857554309823e+00 3.504921569824218750e+02
7.113028708983827997e+00 3.474524841308593750e+02
7.115089560413347058e+00 3.446883239746093750e+02
7.117150411842866120e+00 3.429822692871093750e+02
7.119211263272384294e+00 3.406928710937500000e+02
7.121272114701903355e+00 3.388354797363281250e+02
7.123332966131422417e+00 3.372411804199218750e+02
7.125393817560940590e+00 3.354531860351562500e+02
7.127454668990458764e+00 3.337736206054687500e+02
7.129515520419978714e+00 3.322833557128906250e+02
7.131576371849496887e+00 3.312302551269531250e+02
7.133637223279015060e+00 3.310737609863281250e+02
7.135698074708534122e+00 3.304974060058593750e+02
7.137758926138053184e+00 3.305308227539062500e+02
7.139819777567571357e+00 3.301861572265625000e+02
7.141880628997089531e+00 3.299840393066406250e+02
7.143941480426609481e+00 3.300021972656250000e+02
7.146002331856127654e+00 3.301951293945312500e+02
7.148063183285645827e+00 3.305976257324218750e+02
7.150124034715165777e+00 3.308517150878906250e+02
7.152184886144683951e+00 3.323276977539062500e+02
7.154245737574202124e+00 3.332898864746093750e+02
7.156306589003721186e+00 3.340630187988281250e+02
7.158367440433240247e+00 3.347351379394531250e+02
7.160428291862758421e+00 3.356756591796875000e+02
7.162489143292277483e+00 3.368594055175781250e+02
7.164549994721796544e+00 3.375670471191406250e+02
7.166610846151316494e+00 3.384699096679687500e+02
7.168671697580834667e+00 3.392696228027343750e+02
7.170732549010352841e+00 3.385700683593750000e+02
7.172793400439871903e+00 3.381097717285156250e+02
7.174854251869390076e+00 3.376225280761718750e+02
7.176915103298908249e+00 3.371988525390625000e+02
7.178975954728428199e+00 3.369216613769531250e+02
7.181036806157947261e+00 3.355385437011718750e+02
7.183097657587465434e+00 3.338114318847656250e+02
7.185158509016983608e+00 3.318841247558593750e+02
7.187219360446502670e+00 3.297087402343750000e+02
7.189280211876020843e+00 3.288845214843750000e+02
7.191341063305540793e+00 3.290021667480468750e+02
7.193401914735058966e+00 3.282339782714843750e+02
7.195462766164578028e+00 3.277377624511718750e+02
7.197523617594096201e+00 3.267272949218750000e+02
7.199584469023614375e+00 3.255680847167968750e+02
7.201645320453133436e+00 3.248203735351562500e+02
7.203706171882651610e+00 3.240422363281250000e+02
7.205767023312171560e+00 3.237208557128906250e+02
7.207827874741689733e+00 3.236587829589843750e+02
7.209888726171208795e+00 3.231470336914062500e+02
7.211949577600726968e+00 3.230556945800781250e+02
7.214010429030245142e+00 3.223164062500000000e+02
7.216071280459764203e+00 3.216518554687500000e+02
7.218132131889284153e+00 3.218677368164062500e+02
7.220192983318802327e+00 3.218475036621093750e+02
7.222253834748320500e+00 3.217992553710937500e+02
7.224314686177839562e+00 3.219703369140625000e+02
7.226375537607357735e+00 3.213498840332031250e+02
7.228436389036875909e+00 3.210579833984375000e+02
7.230497240466396747e+00 3.212448120117187500e+02
7.232558091895914920e+00 3.215646667480468750e+02
7.234618943325433094e+00 3.218925781250000000e+02
7.236679794754952155e+00 3.219652404785156250e+02
7.238740646184470329e+00 3.220718688964843750e+02
7.240801497613988502e+00 3.223055114746093750e+02
7.242862349043506676e+00 3.217721557617187500e+02
7.244923200473027514e+00 3.216009521484375000e+02
7.246984051902545687e+00 3.213113708496093750e+02
7.249044903332063861e+00 3.204454956054687500e+02
7.251105754761582922e+00 3.196970520019531250e+02
7.253166606191101096e+00 3.198020324707031250e+02
7.255227457620619269e+00 3.189370117187500000e+02
7.257288309050139219e+00 3.183974304199218750e+02
7.259349160479658281e+00 3.178042907714843750e+02
7.261410011909176454e+00 3.168146057128906250e+02
7.263470863338694627e+00 3.158932495117187500e+02
7.265531714768213689e+00 3.162255249023437500e+02
7.267592566197731863e+00 3.154359741210937500e+02
7.269653417627251812e+00 3.155446472167968750e+02
7.271714269056769986e+00 3.160695190429687500e+02
7.273775120486289048e+00 3.158811950683593750e+02
7.275835971915807221e+00 3.156133422851562500e+02
7.277896823345325394e+00 3.156261901855468750e+02
7.279957674774844456e+00 3.152816772460937500e+02
7.282018526204364406e+00 3.148170166015625000e+02
7.284079377633882579e+00 3.147402954101562500e+02
7.286140229063400753e+00 3.145054321289062500e+02
7.288201080492919814e+00 3.136863708496093750e+02
7.290261931922437988e+00 3.134190979003906250e+02
7.292322783351956161e+00 3.124588623046875000e+02
7.294383634781475223e+00 3.108141479492187500e+02
7.296444486210995173e+00 3.094899291992187500e+02
7.298505337640513346e+00 3.090670471191406250e+02
7.300566189070031520e+00 3.090678710937500000e+02
7.302627040499550581e+00 3.101068420410156250e+02
7.304687891929068755e+00 3.104869995117187500e+02
7.306748743358586928e+00 3.110457763671875000e+02
7.308809594788106878e+00 3.112269287109375000e+02
7.310870446217625940e+00 3.111989440917968750e+02
7.312931297647144113e+00 3.110154113769531250e+02
7.314992149076662287e+00 3.101079406738281250e+02
7.317053000506181348e+00 3.095017089843750000e+02
7.319113851935699522e+00 3.080084838867187500e+02
7.321174703365219472e+00 3.059466857910156250e+02
7.323235554794737645e+00 3.055173339843750000e+02
7.325296406224256707e+00 3.044850769042968750e+02
7.327357257653774880e+00 3.053359985351562500e+02
7.329418109083293054e+00 3.062074279785156250e+02
7.331478960512812115e+00 3.066799926757812500e+02
7.333539811942330289e+00 3.073104248046875000e+02
7.335600663371850239e+00 3.076790771484375000e+02
7.337661514801369300e+00 3.082190856933593750e+02
7.339722366230887474e+00 3.081227722167968750e+02
7.341783217660405647e+00 3.084306030273437500e+02
7.343844069089923821e+00 3.088177185058593750e+02
7.345904920519442882e+00 3.090429077148437500e+02
7.347965771948962832e+00 3.088687744140625000e+02
7.350026623378481005e+00 3.090602111816406250e+02
7.352087474808000067e+00 3.105423889160156250e+02
7.354148326237518241e+00 3.116217041015625000e+02
7.356209177667036414e+00 3.136193237304687500e+02
7.358270029096555476e+00 3.153135070800781250e+02
7.360330880526075426e+00 3.163394165039062500e+02
7.362391731955593599e+00 3.177033081054687500e+02
7.364452583385111772e+00 3.189667663574218750e+02
7.366513434814630834e+00 3.200866699218750000e+02
7.368574286244149008e+00 3.204842834472656250e+02
7.370635137673667181e+00 3.204973754882812500e+02
7.372695989103187131e+00 3.205030517578125000e+02
7.374756840532706192e+00 3.201300354003906250e+02
7.376817691962224366e+00 3.199787902832031250e+02
7.378878543391742539e+00 3.193624572753906250e+02
7.380939394821261601e+00 3.188345642089843750e+02
7.383000246250779774e+00 3.186381835937500000e+02
7.385061097680297948e+00 3.185429687500000000e+02
7.387121949109817898e+00 3.192294006347656250e+02
7.389182800539336959e+00 3.199627380371093750e+02
7.391243651968855133e+00 3.210476684570312500e+02
7.393304503398373306e+00 3.223081054687500000e+02
7.395365354827892368e+00 3.233108825683593750e+02
7.397426206257410541e+00 3.230602111816406250e+02
7.399487057686930491e+00 3.227695312500000000e+02
7.401547909116448665e+00 3.224645385742187500e+02
7.403608760545967726e+00 3.220796508789062500e+02
7.405669611975485900e+00 3.214650573730468750e+02
7.407730463405004073e+00 3.214037780761718750e+02
7.409791314834523135e+00 3.209437866210937500e+02
7.411852166264043085e+00 3.202232971191406250e+02
7.413913017693561258e+00 3.198928222656250000e+02
7.415973869123079432e+00 3.194913024902343750e+02
7.418034720552598493e+00 3.197526550292968750e+02
7.420095571982116667e+00 3.199342651367187500e+02
7.422156423411634840e+00 3.201182556152343750e+02
7.424217274841153902e+00 3.202569580078125000e+02
7.426278126270673852e+00 3.200150756835937500e+02
7.428338977700192025e+00 3.193056335449218750e+02
7.430399829129710199e+00 3.188608093261718750e+02
7.432460680559229260e+00 3.178046569824218750e+02
7.434521531988747434e+00 3.171067810058593750e+02
7.436582383418265607e+00 3.168393249511718750e+02
7.438643234847786445e+00 3.176022033691406250e+02
7.440704086277304619e+00 3.186701965332031250e+02
7.442764937706822792e+00 3.212689514160156250e+02
7.444825789136340966e+00 3.250123901367187500e+02
7.446886640565860027e+00 3.298454284667968750e+02
7.448947491995378201e+00 3.346512451171875000e+02
7.451008343424898150e+00 3.424608459472656250e+02
7.453069194854417212e+00 3.478206176757812500e+02
7.455130046283935386e+00 3.543109741210937500e+02
7.457190897713453559e+00 3.577992553710937500e+02
7.459251749142971732e+00 3.594794616699218750e+02
7.461312600572490794e+00 3.567568359375000000e+02
7.463373452002010744e+00 3.533676452636718750e+02
7.465434303431528917e+00 3.471126098632812500e+02
7.467495154861047979e+00 3.407971801757812500e+02
7.469556006290566152e+00 3.342215576171875000e+02
7.471616857720084326e+00 3.298686523437500000e+02
7.473677709149603388e+00 3.262105407714843750e+02
7.475738560579121561e+00 3.236696472167968750e+02
7.477799412008641511e+00 3.224382934570312500e+02
7.479860263438159684e+00 3.215188293457031250e+02
7.481921114867678746e+00 3.214016113281250000e+02
7.483981966297196919e+00 3.212126159667968750e+02
7.486042817726715093e+00 3.207046508789062500e+02
7.488103669156234155e+00 3.207999572753906250e+02
7.490164520585754104e+00 3.206252136230468750e+02
7.492225372015272278e+00 3.205681457519531250e+02
7.494286223444790451e+00 3.200311584472656250e+02
7.496347074874309513e+00 3.206412353515625000e+02
7.498407926303827686e+00 3.212705993652343750e+02
7.500468777733345860e+00 3.216856994628906250e+02
7.502529629162865810e+00 3.234606933593750000e+02
7.504590480592384871e+00 3.264242248535156250e+02
7.506651332021903045e+00 3.304403381347656250e+02
7.508712183451421218e+00 3.362775878906250000e+02
7.510773034880940280e+00 3.440545043945312500e+02
7.512833886310458453e+00 3.534772338867187500e+02
7.514894737739976627e+00 3.639106140136718750e+02
7.516955589169496577e+00 3.743849182128906250e+02
7.519016440599015638e+00 3.842045288085937500e+02
7.521077292028533812e+00 3.919068298339843750e+02
7.523138143458051985e+00 3.961802978515625000e+02
7.525198994887571047e+00 3.981624450683593750e+02
7.527259846317089220e+00 3.967574768066406250e+02
7.529320697746609170e+00 3.925167846679687500e+02
7.531381549176127344e+00 3.861824951171875000e+02
7.533442400605646405e+00 3.781677246093750000e+02
7.535503252035164579e+00 3.696499023437500000e+02
7.537564103464682752e+00 3.609618225097656250e+02
7.539624954894201814e+00 3.528946228027343750e+02
7.541685806323721764e+00 3.464251098632812500e+02
7.543746657753239937e+00 3.406164550781250000e+02
7.545807509182758110e+00 3.358075561523437500e+02
7.547868360612277172e+00 3.322877502441406250e+02
7.549929212041795346e+00 3.295991516113281250e+02
7.551990063471313519e+00 3.275180053710937500e+02
7.554050914900832581e+00 3.255701599121093750e+02
7.556111766330352530e+00 3.245321960449218750e+02
7.558172617759870704e+00 3.231643676757812500e+02
7.560233469189388877e+00 3.224185485839843750e+02
7.562294320618907939e+00 3.221973571777343750e+02
7.564355172048426112e+00 3.222470092773437500e+02
7.566416023477944286e+00 3.227735290527343750e+02
7.568476874907465124e+00 3.233305053710937500e+02
7.570537726336983297e+00 3.230489501953125000e+02
7.572598577766501471e+00 3.224823913574218750e+02
7.574659429196020533e+00 3.216253051757812500e+02
7.576720280625538706e+00 3.211330566406250000e+02
7.578781132055056879e+00 3.206267395019531250e+02
7.580841983484576829e+00 3.211135253906250000e+02
7.582902834914095891e+00 3.211806640625000000e+02
7.584963686343614064e+00 3.207305297851562500e+02
7.587024537773132238e+00 3.200417480468750000e+02
7.589085389202651299e+00 3.193757324218750000e+02
7.591146240632169473e+00 3.185726623535156250e+02
7.593207092061689423e+00 3.190165405273437500e+02
7.595267943491207596e+00 3.194869384765625000e+02
7.597328794920726658e+00 3.196346740722656250e+02
7.599389646350244831e+00 3.189111328125000000e+02
7.601450497779763005e+00 3.184040222167968750e+02
7.603511349209282066e+00 3.178470764160156250e+02
7.605572200638800240e+00 3.176298522949218750e+02
7.607633052068320190e+00 3.178108215332031250e+02
7.609693903497838363e+00 3.190109558105468750e+02
7.611754754927357425e+00 3.197116699218750000e+02
7.613815606356875598e+00 3.207221069335937500e+02
7.615876457786393772e+00 3.213248596191406250e+02
7.617937309215912833e+00 3.212207641601562500e+02
7.619998160645432783e+00 3.210077209472656250e+02
7.622059012074950957e+00 3.202375488281250000e+02
7.624119863504469130e+00 3.191726379394531250e+02
7.626180714933988192e+00 3.184704589843750000e+02
7.628241566363506365e+00 3.176611328125000000e+02
7.630302417793024539e+00 3.160461425781250000e+02
7.632363269222544488e+00 3.144461059570312500e+02
7.634424120652063550e+00 3.129395141601562500e+02
7.636484972081581724e+00 3.114200134277343750e+02
7.638545823511099897e+00 3.100434570312500000e+02
7.640606674940618959e+00 3.097232360839843750e+02
7.642667526370137132e+00 3.090571289062500000e+02
7.644728377799655306e+00 3.088341979980468750e+02
7.646789229229175255e+00 3.091332702636718750e+02
7.648850080658694317e+00 3.091347656250000000e+02
7.650910932088212490e+00 3.085902099609375000e+02
7.652971783517730664e+00 3.083356018066406250e+02
7.655032634947249726e+00 3.076345214843750000e+02
7.657093486376767899e+00 3.069522399902343750e+02
7.659154337806287849e+00 3.072597961425781250e+02
7.661215189235806022e+00 3.075962219238281250e+02
7.663276040665325084e+00 3.075717163085937500e+02
7.665336892094843257e+00 3.082538146972656250e+02
7.667397743524361431e+00 3.085706176757812500e+02
7.669458594953880493e+00 3.086892700195312500e+02
7.671519446383400442e+00 3.092921447753906250e+02
7.673580297812918616e+00 3.096356811523437500e+02
7.675641149242437677e+00 3.105817871093750000e+02
7.677702000671955851e+00 3.113518981933593750e+02
7.679762852101474024e+00 3.126186523437500000e+02
7.681823703530992198e+00 3.135977172851562500e+02
7.683884554960513036e+00 3.145690002441406250e+02
7.685945406390031209e+00 3.153272705078125000e+02
7.688006257819549383e+00 3.173132934570312500e+02
7.690067109249068444e+00 3.188848571777343750e+02
7.692127960678586618e+00 3.212697448730468750e+02
7.694188812108104791e+00 3.234826354980468750e+02
7.696249663537623853e+00 3.261436157226562500e+02
7.698310514967143803e+00 3.280718688964843750e+02
7.700371366396661976e+00 3.308198547363281250e+02
7.702432217826180150e+00 3.351258239746093750e+02
7.704493069255699211e+00 3.408792114257812500e+02
7.706553920685217385e+00 3.480315551757812500e+02
7.708614772114735558e+00 3.569191589355468750e+02
7.710675623544255508e+00 3.658705749511718750e+02
7.712736474973774570e+00 3.745885009765625000e+02
7.714797326403292743e+00 3.816550292968750000e+02
7.716858177832810917e+00 3.881148681640625000e+02
7.718919029262329978e+00 3.916550903320312500e+02
7.720979880691848152e+00 3.926258850097656250e+02
7.723040732121368102e+00 3.911373901367187500e+02
7.725101583550886275e+00 3.856392822265625000e+02
7.727162434980405337e+00 3.779504394531250000e+02
7.729223286409923510e+00 3.696651000976562500e+02
7.731284137839441684e+00 3.601629943847656250e+02
7.733344989268960745e+00 3.513372497558593750e+02
7.735405840698478919e+00 3.436888732910156250e+02
7.737466692127998869e+00 3.375349731445312500e+02
7.739527543557517042e+00 3.322385559082031250e+02
7.741588394987036104e+00 3.277515563964843750e+02
7.743649246416554277e+00 3.244608459472656250e+02
7.745710097846072451e+00 3.210499267578125000e+02
7.747770949275591512e+00 3.184371032714843750e+02
7.749831800705111462e+00 3.157938232421875000e+02
7.751892652134629635e+00 3.128796997070312500e+02
7.753953503564147809e+00 3.106885070800781250e+02
7.756014354993666871e+00 3.090926208496093750e+02
7.758075206423185044e+00 3.073703613281250000e+02
7.760136057852703217e+00 3.061153564453125000e+02
7.762196909282223167e+00 3.053612976074218750e+02
7.764257760711742229e+00 3.033654174804687500e+02
7.766318612141260402e+00 3.015213317871093750e+02
7.768379463570778576e+00 3.010491943359375000e+02
7.770440315000297637e+00 3.004424743652343750e+02
7.772501166429815811e+00 2.998794555664062500e+02
7.774562017859335761e+00 2.997326965332031250e+02
7.776622869288854822e+00 2.998342590332031250e+02
7.778683720718372996e+00 3.002018127441406250e+02
7.780744572147891169e+00 3.006707458496093750e+02
7.782805423577409343e+00 3.015054626464843750e+02
7.784866275006928404e+00 3.012554931640625000e+02
7.786927126436446578e+00 3.007961730957031250e+02
7.788987977865966528e+00 2.998059692382812500e+02
7.791048829295485589e+00 2.996647338867187500e+02
7.793109680725003763e+00 2.990925903320312500e+02
7.795170532154521936e+00 3.002178344726562500e+02
7.797231383584040998e+00 3.007977905273437500e+02
7.799292235013559171e+00 3.015950317382812500e+02
7.801353086443079121e+00 3.028284301757812500e+02
7.803413937872597295e+00 3.042146606445312500e+02
7.805474789302116356e+00 3.050494689941406250e+02
7.807535640731634530e+00 3.065557556152343750e+02
7.809596492161152703e+00 3.083540344238281250e+02
7.811657343590671765e+00 3.090958862304687500e+02
7.813718195020191715e+00 3.104277038574218750e+02
7.815779046449709888e+00 3.110289306640625000e+02
7.817839897879228062e+00 3.113209228515625000e+02
7.819900749308747123e+00 3.116445312500000000e+02
7.821961600738265297e+00 3.109979553222656250e+02
7.824022452167783470e+00 3.102568969726562500e+02
7.826083303597302532e+00 3.092604980468750000e+02
7.828144155026822482e+00 3.078372192382812500e+02
7.830205006456340655e+00 3.064194335937500000e+02
7.832265857885858829e+00 3.051510009765625000e+02
7.834326709315377890e+00 3.038381652832031250e+02
7.836387560744896064e+00 3.026791076660156250e+02
7.838448412174414237e+00 3.016816406250000000e+02
7.840509263603934187e+00 3.008882446289062500e+02
7.842570115033453249e+00 3.004646301269531250e+02
7.844630966462971422e+00 2.993334960937500000e+02
7.846691817892489595e+00 2.988043518066406250e+02
7.848752669322008657e+00 2.981411743164062500e+02
7.850813520751526831e+00 2.980230712890625000e+02
7.852874372181046780e+00 2.984160766601562500e+02
7.854935223610564954e+00 2.986631164550781250e+02
7.856996075040084015e+00 2.983791809082031250e+02
7.859056926469602189e+00 2.983729248046875000e+02
7.861117777899120362e+00 2.974521484375000000e+02
7.863178629328639424e+00 2.968462219238281250e+02
7.865239480758157598e+00 2.970693969726562500e+02
7.867300332187677547e+00 2.964515686035156250e+02
7.869361183617195721e+00 2.966862182617187500e+02
7.871422035046714782e+00 2.972008972167968750e+02
7.873482886476232956e+00 2.971840820312500000e+02
7.875543737905751129e+00 2.969623107910156250e+02
7.877604589335270191e+00 2.968025817871093750e+02
7.879665440764790141e+00 2.960649108886718750e+02
7.881726292194308314e+00 2.962155456542968750e+02
7.883787143623826488e+00 2.958329467773437500e+02
7.885847995053345549e+00 2.964180297851562500e+02
7.887908846482863723e+00 2.967991943359375000e+02
7.889969697912381896e+00 2.974412841796875000e+02
7.892030549341902734e+00 2.972177124023437500e+02
7.894091400771420908e+00 2.978502502441406250e+02
7.896152252200939081e+00 2.985095825195312500e+02
7.898213103630457255e+00 2.990031127929687500e+02
7.900273955059976316e+00 3.002596130371093750e+02
7.902334806489494490e+00 3.008656921386718750e+02
7.904395657919014440e+00 3.011917114257812500e+02
7.906456509348533501e+00 3.016572265625000000e+02
7.908517360778051675e+00 3.022639770507812500e+02
7.910578212207569848e+00 3.028226928710937500e+02
7.912639063637088910e+00 3.031077880859375000e+02
7.914699915066607083e+00 3.031165771484375000e+02
7.916760766496125257e+00 3.025282592773437500e+02
7.918821617925645207e+00 3.013334350585937500e+02
7.920882469355164268e+00 3.007904968261718750e+02
7.922943320784682442e+00 3.003468933105468750e+02
7.925004172214200615e+00 2.990444335937500000e+02
7.927065023643719677e+00 2.989199829101562500e+02
7.929125875073237850e+00 2.990462951660156250e+02
7.931186726502757800e+00 2.988231506347656250e+02
7.933247577932275973e+00 2.989153442382812500e+02
7.935308429361795035e+00 2.994040222167968750e+02
7.937369280791313209e+00 2.990867614746093750e+02
7.939430132220831382e+00 2.986605834960937500e+02
7.941490983650350444e+00 2.980445861816406250e+02
7.943551835079870393e+00 2.980878906250000000e+02
7.945612686509388567e+00 2.976944274902343750e+02
7.947673537938906740e+00 2.976001281738281250e+02
7.949734389368425802e+00 2.972299499511718750e+02
7.951795240797943976e+00 2.970972900390625000e+02
7.953856092227462149e+00 2.970208435058593750e+02
7.955916943656981211e+00 2.973353881835937500e+02
7.957977795086501160e+00 2.972558898925781250e+02
7.960038646516019334e+00 2.979336242675781250e+02
7.962099497945537507e+00 2.976725158691406250e+02
7.964160349375056569e+00 2.971964111328125000e+02
7.966221200804574742e+00 2.969588928222656250e+02
7.968282052234092916e+00 2.968887023925781250e+02
7.970342903663612866e+00 2.965217895507812500e+02
7.972403755093131927e+00 2.964586791992187500e+02
7.974464606522650101e+00 2.961014099121093750e+02
7.976525457952168274e+00 2.955395202636718750e+02
7.978586309381687336e+00 2.945758972167968750e+02
7.980647160811205509e+00 2.937685546875000000e+02
7.982708012240725459e+00 2.935229187011718750e+02
7.984768863670243633e+00 2.935632019042968750e+02
7.986829715099762694e+00 2.943871459960937500e+02
7.988890566529280868e+00 2.952163696289062500e+02
7.990951417958799041e+00 2.960242309570312500e+02
7.993012269388318103e+00 2.973897399902343750e+02
7.995073120817838053e+00 2.971657104492187500e+02
7.997133972247356226e+00 2.979226989746093750e+02
7.999194823676874400e+00 2.990907897949218750e+02
8.001255675106392573e+00 2.997098999023437500e+02
8.003316526535911635e+00 3.006682739257812500e+02
8.005377377965430696e+00 3.019765625000000000e+02
8.007438229394947982e+00 3.020944824218750000e+02
8.009499080824468820e+00 3.030057067871093750e+02
8.011559932253987881e+00 3.033502807617187500e+02
8.013620783683505167e+00 3.040052795410156250e+02
8.015681635113024228e+00 3.043751831054687500e+02
8.017742486542543290e+00 3.042764892578125000e+02
8.019803337972060575e+00 3.035346069335937500e+02
8.021864189401581413e+00 3.024476013183593750e+02
8.023925040831098698e+00 3.015426635742187500e+02
8.025985892260617760e+00 3.009629516601562500e+02
8.028046743690136822e+00 3.003731994628906250e+02
8.030107595119654107e+00 2.992494201660156250e+02
8.032168446549173169e+00 2.987178039550781250e+02
8.034229297978694007e+00 2.983656311035156250e+02
8.036290149408211292e+00 2.976894531250000000e+02
8.038351000837730354e+00 2.976205749511718750e+02
8.040411852267249415e+00 2.978200073242187500e+02
8.042472703696766700e+00 2.974616394042968750e+02
8.044533555126285762e+00 2.968512573242187500e+02
8.046594406555804824e+00 2.960662841796875000e+02
8.048655257985323885e+00 2.952531127929687500e+02
8.050716109414842947e+00 2.952121582031250000e+02
8.052776960844360232e+00 2.949488525390625000e+02
8.054837812273879294e+00 2.953512878417968750e+02
8.056898663703398356e+00 2.949761962890625000e+02
8.058959515132915641e+00 2.938933715820312500e+02
8.061020366562436479e+00 2.925082397460937500e+02
8.063081217991955540e+00 2.918575439453125000e+02
8.065142069421472826e+00 2.916757202148437500e+02
8.067202920850991887e+00 2.921676330566406250e+02
8.069263772280510949e+00 2.924598388671875000e+02
8.071324623710028234e+00 2.931369323730468750e+02
8.073385475139549072e+00 2.935278320312500000e+02
8.075446326569068134e+00 2.938628234863281250e+02
8.077507177998585419e+00 2.941223754882812500e+02
8.079568029428104481e+00 2.945363159179687500e+02
8.081628880857623543e+00 2.944430541992187500e+02
8.083689732287140828e+00 2.943796691894531250e+02
8.085750583716661666e+00 2.947115173339843750e+02
8.087811435146178951e+00 2.940086975097656250e+02
8.089872286575698013e+00 2.937702331542968750e+02
8.091933138005217074e+00 2.941575317382812500e+02
8.093993989434734360e+00 2.934439697265625000e+02
8.096054840864253421e+00 2.930489807128906250e+02
8.098115692293772483e+00 2.937753601074218750e+02
8.100176543723291545e+00 2.928392028808593750e+02
8.102237395152810606e+00 2.920556335449218750e+02
8.104298246582329668e+00 2.925246582031250000e+02
8.106359098011846953e+00 2.924509277343750000e+02
8.108419949441366015e+00 2.930403442382812500e+02
8.110480800870885076e+00 2.940182189941406250e+02
8.112541652300404138e+00 2.933759765625000000e+02
8.114602503729923200e+00 2.933167419433593750e+02
8.116663355159440485e+00 2.922471923828125000e+02
8.118724206588959547e+00 2.906905212402343750e+02
8.120785058018478608e+00 2.902592163085937500e+02
8.122845909447995894e+00 2.902061157226562500e+02
8.124906760877516732e+00 2.901933593750000000e+02
8.126967612307035793e+00 2.916702575683593750e+02
8.129028463736553078e+00 2.928337097167968750e+02
8.131089315166072140e+00 2.928029479980468750e+02
8.133150166595591202e+00 2.934750061035156250e+02
8.135211018025108487e+00 2.936896057128906250e+02
8.137271869454627549e+00 2.931025695800781250e+02
8.139332720884146610e+00 2.928681335449218750e+02
8.141393572313665672e+00 2.931983337402343750e+02
8.143454423743184734e+00 2.929474182128906250e+02
8.145515275172702019e+00 2.929961547851562500e+02
8.147576126602221080e+00 2.926676330566406250e+02
8.149636978031740142e+00 2.931546936035156250e+02
8.151697829461259204e+00 2.922008361816406250e+02
8.153758680890778265e+00 2.915034484863281250e+02
8.155819532320297327e+00 2.910070800781250000e+02
8.157880383749814612e+00 2.902317504882812500e+02
8.159941235179333674e+00 2.907590026855468750e+02
8.162002086608852736e+00 2.915460205078125000e+02
8.164062938038371797e+00 2.915695800781250000e+02
8.166123789467890859e+00 2.927949218750000000e+02
8.168184640897408144e+00 2.944620666503906250e+02
8.170245492326927206e+00 2.947932128906250000e+02
8.172306343756446267e+00 2.958280639648437500e+02
8.174367195185963553e+00 2.969087219238281250e+02
8.176428046615482614e+00 2.974688720703125000e+02
8.178488898045003452e+00 2.977924804687500000e+02
8.180549749474520738e+00 2.985576477050781250e+02
8.182610600904039799e+00 2.990901794433593750e+02
8.184671452333558861e+00 2.996011047363281250e+02
8.186732303763076146e+00 2.996496887207031250e+02
8.188793155192595208e+00 2.995533447265625000e+02
8.190854006622116046e+00 2.993765869140625000e+02
8.192914858051633331e+00 2.996154174804687500e+02
8.194975709481152393e+00 3.003294982910156250e+02
8.197036560910671454e+00 3.002293701171875000e+02
8.199097412340188740e+00 3.003519287109375000e+02
8.201158263769707801e+00 3.006605224609375000e+02
8.203219115199226863e+00 3.006519775390625000e+02
8.205279966628745925e+00 2.998336486816406250e+02
8.207340818058264986e+00 2.996125793457031250e+02
8.209401669487782272e+00 2.987914123535156250e+02
8.211462520917301333e+00 2.975709533691406250e+02
8.213523372346820395e+00 2.966728820800781250e+02
8.215584223776339456e+00 2.960685729980468750e+02
8.217645075205858518e+00 2.965137329101562500e+02
8.219705926635377580e+00 2.965314636230468750e+02
8.221766778064894865e+00 2.972574462890625000e+02
8.223827629494413927e+00 2.972590332031250000e+02
8.225888480923932988e+00 2.977197875976562500e+02
8.227949332353450274e+00 2.973583068847656250e+02
8.230010183782971112e+00 2.971270751953125000e+02
8.232071035212488397e+00 2.976137695312500000e+02
8.234131886642007458e+00 2.971064147949218750e+02
8.236192738071526520e+00 2.963761291503906250e+02
8.238253589501043805e+00 2.955325622558593750e+02
8.240314440930562867e+00 2.941531982421875000e+02
8.242375292360083705e+00 2.934772033691406250e+02
8.244436143789600990e+00 2.935495300292968750e+02
8.246496995219120052e+00 2.937913208007812500e+02
8.248557846648639114e+00 2.943934936523437500e+02
8.250618698078156399e+00 2.954767456054687500e+02
8.252679549507675461e+00 2.963589477539062500e+02
8.254740400937194522e+00 2.965496520996093750e+02
8.256801252366713584e+00 2.970365295410156250e+02
8.258862103796232645e+00 2.981230163574218750e+02
8.260922955225749931e+00 2.980783081054687500e+02
8.262983806655268992e+00 2.981668090820312500e+02
8.265044658084788054e+00 2.982256469726562500e+02
8.267105509514305339e+00 2.993512573242187500e+02
8.269166360943826177e+00 2.993009948730468750e+02
8.271227212373345239e+00 2.988120727539062500e+02
8.273288063802862524e+00 2.984893798828125000e+02
8.275348915232381586e+00 2.975840454101562500e+02
8.277409766661900647e+00 2.960248107910156250e+02
8.279470618091417933e+00 2.962283020019531250e+02
8.281531469520938771e+00 2.963352355957031250e+02
8.283592320950457832e+00 2.963502807617187500e+02
8.285653172379975118e+00 2.959251708984375000e+02
8.287714023809494179e+00 2.953736267089843750e+02
8.289774875239011465e+00 2.948375549316406250e+02
8.291835726668530526e+00 2.944723815917968750e+02
8.293896578098051364e+00 2.943417968750000000e+02
8.295957429527568650e+00 2.946287231445312500e+02
8.298018280957087711e+00 2.946988220214843750e+02
8.300079132386606773e+00 2.950032043457031250e+02
8.302139983816124058e+00 2.947836608886718750e+02
8.304200835245643120e+00 2.948629455566406250e+02
8.306261686675163958e+00 2.950949096679687500e+02
8.308322538104681243e+00 2.945838623046875000e+02
8.310383389534200305e+00 2.934952697753906250e+02
8.312444240963719366e+00 2.937862854003906250e+02
8.314505092393236652e+00 2.934036254882812500e+02
8.316565943822755713e+00 2.931188659667968750e+02
8.318626795252274775e+00 2.929789733886718750e+02
8.320687646681793836e+00 2.936254882812500000e+02
8.322748498111312898e+00 2.928288269042968750e+02
8.324809349540830183e+00 2.921192016601562500e+02
8.326870200970349245e+00 2.922856445312500000e+02
8.328931052399868307e+00 2.924903259277343750e+02
8.330991903829385592e+00 2.924137268066406250e+02
8.333052755258906430e+00 2.937185363769531250e+02
8.335113606688425492e+00 2.943489074707031250e+02
8.337174458117942777e+00 2.938874816894531250e+02
8.339235309547461839e+00 2.940153198242187500e+02
8.341296160976980900e+00 2.935464172363281250e+02
8.343357012406498185e+00 2.925527954101562500e+02
8.345417863836019023e+00 2.926427001953125000e+02
8.347478715265536309e+00 2.929017639160156250e+02
8.349539566695055370e+00 2.936908569335937500e+02
8.351600418124574432e+00 2.931408996582031250e+02
8.353661269554091717e+00 2.934551696777343750e+02
8.355722120983610779e+00 2.940396118164062500e+02
8.357782972413129841e+00 2.925899047851562500e+02
8.359843823842648902e+00 2.915918273925781250e+02
8.361904675272167964e+00 2.920296936035156250e+02
8.363965526701687025e+00 2.918338623046875000e+02
8.366026378131204311e+00 2.917839660644531250e+02
8.368087229560723372e+00 2.924585266113281250e+02
8.370148080990242434e+00 2.929123535156250000e+02
8.372208932419761496e+00 2.925230407714843750e+02
8.374269783849280557e+00 2.922117004394531250e+02
8.376330635278797843e+00 2.927221984863281250e+02
8.378391486708316904e+00 2.933650512695312500e+02
8.380452338137835966e+00 2.938729553222656250e+02
8.382513189567353251e+00 2.945544433593750000e+02
8.384574040996874089e+00 2.950560913085937500e+02
8.386634892426393151e+00 2.950943908691406250e+02
8.388695743855910436e+00 2.956824035644531250e+02
8.390756595285429498e+00 2.960760803222656250e+02
8.392817446714948559e+00 2.955519409179687500e+02
8.394878298144465845e+00 2.959282226562500000e+02
8.396939149573986683e+00 2.955288696289062500e+02
8.399000001003505744e+00 2.950122070312500000e+02
8.401060852433023030e+00 2.959470825195312500e+02
8.403121703862542091e+00 2.962839660644531250e+02
8.405182555292059376e+00 2.963338317871093750e+02
8.407243406721578438e+00 2.969649658203125000e+02
8.409304258151097500e+00 2.956080017089843750e+02
8.411365109580616561e+00 2.944707946777343750e+02
8.413425961010135623e+00 2.947429199218750000e+02
8.415486812439654685e+00 2.951044616699218750e+02
8.417547663869171970e+00 2.957355346679687500e+02
8.419608515298691032e+00 2.984797363281250000e+02
8.421669366728210093e+00 3.005708007812500000e+02
8.423730218157729155e+00 3.008249816894531250e+02
8.425791069587248217e+00 3.016616821289062500e+02
8.427851921016767278e+00 3.026046752929687500e+02
8.429912772446284563e+00 3.033786315917968750e+02
8.431973623875803625e+00 3.049703979492187500e+02
8.434034475305322687e+00 3.070007629394531250e+02
8.436095326734841748e+00 3.089481201171875000e+02
8.438156178164360810e+00 3.121103515625000000e+02
8.440217029593878095e+00 3.162529296875000000e+02
8.442277881023397157e+00 3.226093750000000000e+02
8.444338732452916219e+00 3.314933471679687500e+02
8.446399583882433504e+00 3.418831481933593750e+02
8.448460435311952565e+00 3.532361450195312500e+02
8.450521286741473403e+00 3.639254760742187500e+02
8.452582138170990689e+00 3.734063110351562500e+02
8.454642989600509750e+00 3.816989746093750000e+02
8.456703841030028812e+00 3.874877319335937500e+02
8.458764692459546097e+00 3.900581970214843750e+02
8.460825543889065159e+00 3.897227783203125000e+02
8.462886395318584221e+00 3.859511413574218750e+02
8.464947246748103282e+00 3.793876037597656250e+02
8.467008098177622344e+00 3.709276123046875000e+02
8.469068949607139629e+00 3.616193237304687500e+02
8.471129801036658691e+00 3.516315612792968750e+02
8.473190652466177752e+00 3.433554382324218750e+02
8.475251503895696814e+00 3.350790100097656250e+02
8.477312355325215876e+00 3.275672607421875000e+02
8.479373206754734937e+00 3.223504943847656250e+02
8.481434058184252223e+00 3.181325378417968750e+02
8.483494909613771284e+00 3.146909484863281250e+02
8.485555761043290346e+00 3.114700317382812500e+02
8.487616612472807631e+00 3.089478454589843750e+02
8.489677463902328469e+00 3.073120422363281250e+02
8.491738315331845754e+00 3.044129638671875000e+02
8.493799166761364816e+00 3.018262329101562500e+02
8.495860018190883878e+00 3.003350219726562500e+02
8.497920869620401163e+00 2.982253723144531250e+02
8.499981721049920225e+00 2.965878601074218750e+02
8.502042572479441063e+00 2.953172607421875000e+02
8.504103423908958348e+00 2.947080688476562500e+02
8.506164275338477410e+00 2.952294311523437500e+02
8.508225126767996471e+00 2.963923339843750000e+02
8.510285978197513757e+00 2.968901672363281250e+02
8.512346829627032818e+00 2.979683227539062500e+02
8.514407681056553656e+00 2.980577087402343750e+02
8.516468532486070941e+00 2.971568298339843750e+02
8.518529383915590003e+00 2.965586242675781250e+02
8.520590235345109065e+00 2.966389465332031250e+02
8.522651086774626350e+00 2.964044189453125000e+02
8.524711938204145412e+00 2.967388000488281250e+02
8.526772789633664473e+00 2.980470581054687500e+02
8.528833641063183535e+00 2.991054992675781250e+02
8.530894492492702597e+00 2.992087402343750000e+02
8.532955343922219882e+00 2.997558288574218750e+02
8.535016195351738943e+00 2.999211120605468750e+02
8.537077046781258005e+00 2.994593505859375000e+02
8.539137898210775290e+00 2.983669128417968750e+02
8.541198749640296128e+00 2.973540954589843750e+02
8.543259601069815190e+00 2.958995056152343750e+02
8.545320452499332475e+00 2.936794738769531250e+02
8.547381303928851537e+00 2.925473022460937500e+02
8.549442155358370599e+00 2.917767333984375000e+02
8.551503006787887884e+00 2.918814392089843750e+02
8.553563858217408722e+00 2.919731750488281250e+02
8.555624709646926007e+00 2.922257995605468750e+02
8.557685561076445069e+00 2.918586730957031250e+02
8.559746412505964130e+00 2.924082641601562500e+02
8.561807263935481416e+00 2.929439697265625000e+02
8.563868115365000477e+00 2.934875183105468750e+02
8.565928966794521315e+00 2.945436096191406250e+02
8.567989818224038601e+00 2.958529968261718750e+02
8.570050669653557662e+00 2.960321044921875000e+02
8.572111521083076724e+00 2.967249145507812500e+02
8.574172372512594009e+00 2.971192321777343750e+02
8.576233223942113071e+00 2.972514648437500000e+02
8.578294075371632132e+00 2.965960693359375000e+02
8.580354926801151194e+00 2.966061401367187500e+02
8.582415778230670256e+00 2.958241271972656250e+02
8.584476629660187541e+00 2.963547058105468750e+02
8.586537481089706603e+00 2.975567016601562500e+02
8.588598332519225664e+00 2.979274291992187500e+02
8.590659183948742950e+00 2.977526855468750000e+02
8.592720035378263788e+00 2.973062438964843750e+02
8.594780886807782849e+00 2.956576232910156250e+02
8.596841738237300135e+00 2.938107299804687500e+02
8.598902589666819196e+00 2.926289367675781250e+02
8.600963441096338258e+00 2.912502136230468750e+02
8.603024292525855543e+00 2.899508972167968750e+02
8.605085143955376381e+00 2.898789672851562500e+02
8.607145995384893666e+00 2.895371398925781250e+02
8.609206846814412728e+00 2.888407897949218750e+02
8.611267698243931790e+00 2.889965515136718750e+02
8.613328549673449075e+00 2.897111511230468750e+02
8.615389401102968137e+00 2.892925720214843750e+02
8.617450252532488975e+00 2.894046020507812500e+02
8.619511103962006260e+00 2.895285949707031250e+02
8.621571955391525321e+00 2.882188415527343750e+02
8.623632806821044383e+00 2.868700866699218750e+02
8.625693658250561668e+00 2.853264160156250000e+02
8.627754509680080730e+00 2.846121520996093750e+02
8.629815361109599792e+00 2.845228271484375000e+02
8.631876212539118853e+00 2.848213806152343750e+02
8.633937063968637915e+00 2.847946166992187500e+02
8.635997915398156977e+00 2.857525939941406250e+02
8.638058766827674262e+00 2.858402709960937500e+02
8.640119618257193324e+00 2.863197937011718750e+02
8.642180469686712385e+00 2.859088745117187500e+02
8.644241321116231447e+00 2.856643676757812500e+02
8.646302172545750508e+00 2.852799682617187500e+02
8.648363023975267794e+00 2.848114318847656250e+02
8.650423875404786855e+00 2.852219238281250000e+02
8.652484726834305917e+00 2.856411437988281250e+02
8.654545578263823202e+00 2.855966796875000000e+02
8.656606429693344040e+00 2.854461364746093750e+02
8.658667281122863102e+00 2.864391174316406250e+02
8.660728132552380387e+00 2.865562133789062500e+02
8.662788983981899449e+00 2.868367614746093750e+02
8.664849835411418510e+00 2.884100952148437500e+02
8.666910686840935796e+00 2.884203491210937500e+02
8.668971538270454857e+00 2.881397705078125000e+02
8.671032389699973919e+00 2.877565612792968750e+02
8.673093241129492981e+00 2.877519531250000000e+02
8.675154092559012042e+00 2.869291076660156250e+02
8.677214943988529328e+00 2.867131042480468750e+02
8.679275795418048389e+00 2.859146118164062500e+02
8.681336646847567451e+00 2.859399108886718750e+02
8.683397498277086513e+00 2.857602539062500000e+02
8.685458349706605574e+00 2.860727233886718750e+02
8.687519201136124636e+00 2.865730285644531250e+02
8.689580052565641921e+00 2.868170166015625000e+02
8.691640903995160983e+00 2.868558044433593750e+02
8.693701755424680044e+00 2.867747497558593750e+02
8.695762606854199106e+00 2.868117370605468750e+02
8.697823458283718168e+00 2.869485473632812500e+02
8.699884309713235453e+00 2.871536560058593750e+02
8.701945161142754515e+00 2.873800964355468750e+02
8.704006012572273576e+00 2.870006713867187500e+02
8.706066864001790861e+00 2.871658630371093750e+02
8.708127715431311699e+00 2.878365478515625000e+02
8.710188566860830761e+00 2.876956481933593750e+02
8.712249418290348046e+00 2.877289123535156250e+02
8.714310269719867108e+00 2.887667236328125000e+02
8.716371121149386170e+00 2.877705688476562500e+02
8.718431972578903455e+00 2.868401794433593750e+02
8.720492824008422517e+00 2.865857849121093750e+02
8.722553675437943355e+00 2.861700134277343750e+02
8.724614526867460640e+00 2.853354187011718750e+02
8.726675378296979702e+00 2.852041015625000000e+02
8.728736229726496987e+00 2.861435241699218750e+02
8.730797081156016048e+00 2.870756225585937500e+02
8.732857932585535110e+00 2.873425292968750000e+02
8.734918784015054172e+00 2.883839721679687500e+02
8.736979635444573233e+00 2.889085083007812500e+02
8.739040486874092295e+00 2.886900329589843750e+02
8.741101338303609580e+00 2.881432495117187500e+02
8.743162189733128642e+00 2.881447753906250000e+02
8.745223041162647704e+00 2.880917663574218750e+02
8.747283892592166765e+00 2.888173828125000000e+02
8.749344744021685827e+00 2.887248840332031250e+02
8.751405595451204888e+00 2.892850646972656250e+02
8.753466446880722174e+00 2.888954467773437500e+02
8.755527298310241235e+00 2.880822753906250000e+02
8.757588149739760297e+00 2.878280639648437500e+02
8.759649001169277582e+00 2.886669921875000000e+02
8.761709852598798420e+00 2.886001892089843750e+02
8.763770704028315706e+00 2.879577941894531250e+02
8.765831555457834767e+00 2.890604248046875000e+02
8.767892406887353829e+00 2.887938537597656250e+02
8.769953258316871114e+00 2.879772949218750000e+02
8.772014109746390176e+00 2.883373107910156250e+02
8.774074961175911014e+00 2.880492858886718750e+02
8.776135812605428299e+00 2.864650268554687500e+02
8.778196664034947361e+00 2.857809143066406250e+02
8.780257515464466422e+00 2.845467529296875000e+02
8.782318366893983708e+00 2.837838745117187500e+02
8.784379218323502769e+00 2.838019409179687500e+02
8.786440069753021831e+00 2.836407165527343750e+02
8.788500921182540893e+00 2.833384704589843750e+02
8.790561772612059954e+00 2.842445373535156250e+02
8.792622624041577239e+00 2.842433166503906250e+02
8.794683475471096301e+00 2.835294189453125000e+02
8.796744326900615363e+00 2.839188537597656250e+02
8.798805178330132648e+00 2.837939147949218750e+02
8.800866029759653486e+00 2.832111206054687500e+02
8.802926881189172548e+00 2.839450378417968750e+02
8.804987732618689833e+00 2.843387451171875000e+02
8.807048584048208895e+00 2.849033203125000000e+02
8.809109435477727956e+00 2.863647155761718750e+02
8.811170286907245242e+00 2.860417175292968750e+02
8.813231138336766080e+00 2.859777221679687500e+02
8.815291989766283365e+00 2.860480041503906250e+02
8.817352841195802426e+00 2.843777770996093750e+02
8.819413692625321488e+00 2.830168151855468750e+02
8.821474544054838773e+00 2.823796691894531250e+02
8.823535395484357835e+00 2.820132141113281250e+02
8.825596246913878673e+00 2.827684936523437500e+02
8.827657098343395958e+00 2.836804809570312500e+02
8.829717949772915020e+00 2.853629150390625000e+02
8.831778801202434082e+00 2.859494628906250000e+02
8.833839652631951367e+00 2.855509338378906250e+02
8.835900504061470428e+00 2.854241943359375000e+02
8.837961355490991266e+00 2.854067382812500000e+02
8.840022206920508552e+00 2.855342712402343750e+02
8.842083058350027613e+00 2.864799194335937500e+02
8.844143909779544899e+00 2.878719177246093750e+02
8.846204761209063960e+00 2.877805175781250000e+02
8.848265612638583022e+00 2.879005432128906250e+02
8.850326464068100307e+00 2.872952270507812500e+02
8.852387315497621145e+00 2.870375671386718750e+02
8.854448166927140207e+00 2.868888244628906250e+02
8.856509018356657492e+00 2.857924499511718750e+02
8.858569869786176554e+00 2.855273132324218750e+02
8.860630721215695615e+00 2.849447937011718750e+02
8.862691572645212901e+00 2.840398254394531250e+02
8.864752424074733739e+00 2.837090148925781250e+02
8.866813275504252800e+00 2.841790771484375000e+02
8.868874126933770086e+00 2.839541015625000000e+02
8.870934978363289147e+00 2.846378173828125000e+02
8.872995829792808209e+00 2.846594543457031250e+02
8.875056681222325494e+00 2.848527526855468750e+02
8.877117532651846332e+00 2.853332824707031250e+02
8.879178384081363617e+00 2.853227539062500000e+02
8.881239235510882679e+00 2.848676757812500000e+02
8.883300086940401741e+00 2.856838989257812500e+02
8.885360938369919026e+00 2.853331298828125000e+02
8.887421789799438088e+00 2.843273010253906250e+02
8.889482641228957149e+00 2.844358825683593750e+02
8.891543492658476211e+00 2.843643188476562500e+02
8.893604344087995273e+00 2.839765930175781250e+02
8.895665195517514334e+00 2.847373962402343750e+02
8.897726046947031620e+00 2.859591674804687500e+02
8.899786898376550681e+00 2.858034362792968750e+02
8.901847749806069743e+00 2.863717041015625000e+02
8.903908601235588804e+00 2.873036193847656250e+02
8.905969452665107866e+00 2.870745544433593750e+02
8.908030304094625151e+00 2.876924743652343750e+02
8.910091155524144213e+00 2.881910095214843750e+02
8.912152006953663275e+00 2.877351684570312500e+02
8.914212858383180560e+00 2.874812927246093750e+02
8.916273709812701398e+00 2.871741943359375000e+02
8.918334561242220460e+00 2.860851135253906250e+02
8.920395412671737745e+00 2.859569091796875000e+02
8.922456264101256806e+00 2.862944335937500000e+02
8.924517115530775868e+00 2.875894470214843750e+02
8.926577966960293153e+00 2.883267822265625000e+02
8.928638818389813991e+00 2.897364501953125000e+02
8.930699669819331277e+00 2.902967834472656250e+02
8.932760521248850338e+00 2.908221130371093750e+02
8.934821372678369400e+00 2.899841003417968750e+02
8.936882224107886685e+00 2.902549743652343750e+02
8.938943075537405747e+00 2.902892150878906250e+02
8.941003926966924809e+00 2.910407714843750000e+02
8.943064778396443870e+00 2.909919128417968750e+02
8.945125629825962932e+00 2.930193786621093750e+02
8.947186481255481993e+00 2.930173339843750000e+02
8.949247332684999279e+00 2.944951782226562500e+02
8.951308184114518340e+00 2.958700561523437500e+02
8.953369035544037402e+00 2.975137329101562500e+02
8.955429886973556464e+00 3.003912048339843750e+02
8.957490738403075525e+00 3.048884277343750000e+02
8.959551589832594587e+00 3.087030334472656250e+02
8.961612441262111872e+00 3.131710205078125000e+02
8.963673292691630934e+00 3.195046081542968750e+02
8.965734144121148219e+00 3.240412292480468750e+02
8.967794995550669057e+00 3.290840759277343750e+02
8.969855846980188119e+00 3.337104492187500000e+02
8.971916698409705404e+00 3.379429016113281250e+02
8.973977549839224466e+00 3.401820068359375000e+02
8.976038401268743527e+00 3.406867675781250000e+02
8.978099252698260813e+00 3.393076782226562500e+02
8.980160104127779874e+00 3.363023071289062500e+02
8.982220955557300712e+00 3.330946044921875000e+02
8.984281806986817998e+00 3.291433105468750000e+02
8.986342658416337059e+00 3.251027221679687500e+02
8.988403509845856121e+00 3.207399902343750000e+02
8.990464361275373406e+00 3.180053405761718750e+02
8.992525212704892468e+00 3.139935607910156250e+02
8.994586064134411529e+00 3.110949096679687500e+02
8.996646915563930591e+00 3.109098205566406250e+02
8.998707766993449653e+00 3.102147827148437500e+02
9.000768618422966938e+00 3.084423217773437500e+02
9.002829469852486000e+00 3.071229553222656250e+02
9.004890321282005061e+00 3.045308837890625000e+02
9.006951172711524123e+00 3.010652465820312500e+02
9.009012024141043184e+00 2.985678100585937500e+02
9.011072875570562246e+00 2.961875915527343750e+02
9.013133727000079531e+00 2.934492187500000000e+02
9.015194578429598593e+00 2.914658203125000000e+02
9.017255429859117655e+00 2.897414855957031250e+02
9.019316281288636716e+00 2.875552368164062500e+02
9.021377132718155778e+00 2.861398315429687500e+02
9.023437984147673063e+00 2.858699340820312500e+02
9.025498835577192125e+00 2.851982727050781250e+02
9.027559687006711187e+00 2.836433410644531250e+02
9.029620538436228472e+00 2.827061767578125000e+02
9.031681389865747533e+00 2.810885620117187500e+02
9.033742241295268371e+00 2.800588684082031250e+02
9.035803092724785657e+00 2.790234069824218750e+02
9.037863944154304718e+00 2.794487609863281250e+02
9.039924795583823780e+00 2.801134338378906250e+02
9.041985647013341065e+00 2.813612976074218750e+02
9.044046498442860127e+00 2.806379089355468750e+02
9.046107349872379189e+00 2.813274230957031250e+02
9.048168201301898250e+00 2.804182128906250000e+02
9.050229052731417312e+00 2.802159423828125000e+02
9.052289904160934597e+00 2.790971679687500000e+02
9.054350755590453659e+00 2.802069396972656250e+02
9.056411607019972720e+00 2.801833496093750000e+02
9.058472458449491782e+00 2.802001037597656250e+02
9.060533309879010844e+00 2.807137451171875000e+02
9.062594161308529905e+00 2.818021850585937500e+02
9.064655012738047191e+00 2.809306030273437500e+02
9.066715864167566252e+00 2.796496276855468750e+02
9.068776715597085314e+00 2.802132263183593750e+02
9.070837567026602599e+00 2.787462463378906250e+02
9.072898418456123437e+00 2.775373229980468750e+02
9.074959269885642499e+00 2.785226135253906250e+02
9.077020121315159784e+00 2.799898681640625000e+02
9.079080972744678846e+00 2.796501770019531250e+02
9.081141824174197907e+00 2.802366943359375000e+02
9.083202675603715193e+00 2.797850952148437500e+02
9.085263527033236031e+00 2.789198608398437500e+02
9.087324378462753316e+00 2.796211242675781250e+02
9.089385229892272378e+00 2.806073608398437500e+02
9.091446081321791439e+00 2.820027465820312500e+02
9.093506932751308725e+00 2.826275329589843750e+02
9.095567784180827786e+00 2.842249145507812500e+02
9.097628635610348624e+00 2.838673095703125000e+02
9.099689487039865909e+00 2.829789123535156250e+02
9.101750338469384971e+00 2.843936767578125000e+02
9.103811189898904033e+00 2.850240783691406250e+02
9.105872041328421318e+00 2.841360473632812500e+02
9.107932892757940380e+00 2.851364440917968750e+02
9.109993744187459441e+00 2.851453857421875000e+02
9.112054595616978503e+00 2.842768859863281250e+02
9.114115447046497565e+00 2.841062011718750000e+02
9.116176298476014850e+00 2.850914001464843750e+02
9.118237149905533911e+00 2.846891784667968750e+02
9.120298001335052973e+00 2.841057128906250000e+02
9.122358852764570258e+00 2.827102050781250000e+02
9.124419704194091096e+00 2.825669555664062500e+02
9.126480555623610158e+00 2.814597167968750000e+02
9.128541407053127443e+00 2.818991699218750000e+02
9.130602258482646505e+00 2.830671997070312500e+02
9.132663109912165567e+00 2.835992126464843750e+02
9.134723961341682852e+00 2.828376464843750000e+02
9.136784812771203690e+00 2.818873291015625000e+02
9.138845664200720975e+00 2.802748107910156250e+02
9.140906515630240037e+00 2.795796508789062500e+02
9.142967367059759098e+00 2.787946472167968750e+02
9.145028218489276384e+00 2.787420043945312500e+02
9.147089069918795445e+00 2.790196533203125000e+02
9.149149921348316283e+00 2.791764526367187500e+02
9.151210772777833569e+00 2.798195800781250000e+02
9.153271624207352630e+00 2.800632019042968750e+02
9.155332475636871692e+00 2.805814514160156250e+02
9.157393327066388977e+00 2.802386474609375000e+02
9.159454178495908039e+00 2.795323486328125000e+02
9.161515029925427100e+00 2.787833862304687500e+02
9.163575881354946162e+00 2.782032165527343750e+02
9.165636732784465224e+00 2.780688476562500000e+02
9.167697584213982509e+00 2.780433654785156250e+02
9.169758435643501571e+00 2.776715087890625000e+02
9.171819287073020632e+00 2.770903320312500000e+02
9.173880138502537918e+00 2.768272399902343750e+02
9.175940989932058756e+00 2.762415466308593750e+02
9.178001841361577817e+00 2.763135986328125000e+02
9.180062692791095103e+00 2.773180541992187500e+02
9.182123544220614164e+00 2.777942199707031250e+02
9.184184395650133226e+00 2.786963806152343750e+02
9.186245247079650511e+00 2.789092712402343750e+02
9.188306098509171349e+00 2.789180297851562500e+02
9.190366949938690411e+00 2.782071838378906250e+02
9.192427801368207696e+00 2.782445678710937500e+02
9.194488652797726758e+00 2.786130371093750000e+02
9.196549504227245819e+00 2.786676330566406250e+02
9.198610355656763105e+00 2.785338745117187500e+02
9.200671207086282166e+00 2.795178833007812500e+02
9.202732058515801228e+00 2.790783996582031250e+02
9.204792909945320289e+00 2.786513061523437500e+02
9.206853761374839351e+00 2.788431701660156250e+02
9.208914612804356636e+00 2.788956604003906250e+02
9.210975464233875698e+00 2.794397583007812500e+02
9.213036315663394760e+00 2.806491394042968750e+02
9.215097167092913821e+00 2.812885437011718750e+02
9.217158018522432883e+00 2.809678039550781250e+02
9.219218869951951945e+00 2.803168029785156250e+02
9.221279721381469230e+00 2.793949584960937500e+02
9.223340572810988292e+00 2.783338317871093750e+02
9.225401424240507353e+00 2.774733276367187500e+02
9.227462275670026415e+00 2.784913330078125000e+02
9.229523127099545476e+00 2.785755004882812500e+02
9.231583978529062762e+00 2.794621582031250000e+02
9.233644829958581823e+00 2.786006469726562500e+02
9.235705681388100885e+00 2.783328857421875000e+02
9.237766532817618170e+00 2.779071350097656250e+02
9.239827384247139008e+00 2.784651184082031250e+02
9.241888235676658070e+00 2.779605102539062500e+02
9.243949087106175355e+00 2.781166687011718750e+02
9.246009938535694417e+00 2.779974060058593750e+02
9.248070789965213478e+00 2.777830810546875000e+02
9.250131641394730764e+00 2.763898925781250000e+02
9.252192492824249825e+00 2.759154357910156250e+02
9.254253344253768887e+00 2.752980957031250000e+02
9.256314195683287949e+00 2.754832458496093750e+02
9.258375047112807010e+00 2.743937377929687500e+02
9.260435898542324296e+00 2.749246520996093750e+02
9.262496749971843357e+00 2.751985778808593750e+02
9.264557601401362419e+00 2.758545532226562500e+02
9.266618452830881481e+00 2.761764831542968750e+02
9.268679304260400542e+00 2.771036682128906250e+02
9.270740155689919604e+00 2.766353759765625000e+02
9.272801007119436889e+00 2.780600585937500000e+02
9.274861858548955951e+00 2.783792114257812500e+02
9.276922709978475012e+00 2.787098083496093750e+02
9.278983561407994074e+00 2.798815307617187500e+02
9.281044412837513136e+00 2.808292541503906250e+02
9.283105264267030421e+00 2.809161071777343750e+02
9.285166115696549483e+00 2.810280151367187500e+02
9.287226967126068544e+00 2.810494079589843750e+02
9.289287818555585829e+00 2.798387145996093750e+02
9.291348669985104891e+00 2.787919616699218750e+02
9.293409521414625729e+00 2.785039672851562500e+02
9.295470372844143014e+00 2.790867004394531250e+02
9.297531224273662076e+00 2.780364990234375000e+02
9.299592075703181138e+00 2.781390991210937500e+02
9.301652927132698423e+00 2.782826232910156250e+02
9.303713778562217485e+00 2.774085083007812500e+02
9.305774629991738323e+00 2.773960266113281250e+02
9.307835481421255608e+00 2.772112121582031250e+02
9.309896332850774670e+00 2.769152221679687500e+02
9.311957184280293731e+00 2.777413940429687500e+02
9.314018035709811016e+00 2.778980712890625000e+02
9.316078887139330078e+00 2.790785522460937500e+02
9.318139738568849140e+00 2.804401245117187500e+02
9.320200589998368201e+00 2.819804077148437500e+02
9.322261441427887263e+00 2.820090026855468750e+02
9.324322292857404548e+00 2.833891906738281250e+02
9.326383144286923610e+00 2.828225708007812500e+02
9.328443995716442672e+00 2.826915588378906250e+02
9.330504847145961733e+00 2.828118896484375000e+02
9.332565698575480795e+00 2.818232421875000000e+02
9.334626550004999856e+00 2.795370178222656250e+02
9.336687401434517142e+00 2.802548828125000000e+02
9.338748252864036203e+00 2.800913085937500000e+02
9.340809104293555265e+00 2.796064147949218750e+02
9.342869955723072550e+00 2.802116394042968750e+02
9.344930807152593388e+00 2.805843811035156250e+02
9.346991658582110674e+00 2.789327697753906250e+02
9.349052510011629735e+00 2.784649353027343750e+02
9.351113361441148797e+00 2.789487304687500000e+02
9.353174212870666082e+00 2.794144592285156250e+02
9.355235064300185144e+00 2.792057800292968750e+02
9.357295915729705982e+00 2.793106079101562500e+02
9.359356767159223267e+00 2.800628662109375000e+02
9.361417618588742329e+00 2.787947998046875000e+02
9.363478470018261390e+00 2.782098388671875000e+02
9.365539321447778676e+00 2.794958190917968750e+02
9.367600172877297737e+00 2.770320739746093750e+02
9.369661024306816799e+00 2.760381469726562500e+02
9.371721875736335861e+00 2.759776916503906250e+02
9.373782727165854922e+00 2.748515014648437500e+02
9.375843578595372207e+00 2.731684875488281250e+02
9.377904430024891269e+00 2.753457946777343750e+02
9.379965281454410331e+00 2.762252807617187500e+02
9.382026132883927616e+00 2.776958312988281250e+02
9.384086984313448454e+00 2.799372863769531250e+02
9.386147835742967516e+00 2.801619567871093750e+02
9.388208687172484801e+00 2.807848510742187500e+02
9.390269538602003863e+00 2.796394042968750000e+02
9.392330390031522924e+00 2.794859313964843750e+02
9.394391241461040210e+00 2.785522766113281250e+02
9.396452092890561048e+00 2.791861572265625000e+02
9.398512944320080109e+00 2.792436218261718750e+02
9.400573795749597394e+00 2.791562500000000000e+02
9.402634647179116456e+00 2.788088684082031250e+02
9.404695498608633741e+00 2.787958984375000000e+02
9.406756350038152803e+00 2.782964782714843750e+02
9.408817201467673641e+00 2.784508056640625000e+02
9.410878052897190926e+00 2.782935485839843750e+02
9.412938904326709988e+00 2.778394470214843750e+02
9.414999755756229050e+00 2.776228942871093750e+02
9.417060607185746335e+00 2.778544311523437500e+02
9.419121458615265396e+00 2.789441833496093750e+02
9.421182310044784458e+00 2.809092712402343750e+02
9.423243161474303520e+00 2.806930236816406250e+02
9.425304012903822581e+00 2.808013916015625000e+02
9.427364864333341643e+00 2.799253234863281250e+02
9.429425715762858928e+00 2.772597656250000000e+02
9.431486567192377990e+00 2.759505310058593750e+02
9.433547418621897052e+00 2.762059326171875000e+02
9.435608270051416113e+00 2.757062683105468750e+02
9.437669121480935175e+00 2.738783264160156250e+02
9.439729972910452460e+00 2.725522155761718750e+02
9.441790824339971522e+00 2.721260375976562500e+02
9.443851675769490583e+00 2.715077819824218750e+02
9.445912527199007869e+00 2.723400268554687500e+02
9.447973378628528707e+00 2.737899475097656250e+02
9.450034230058047768e+00 2.744328308105468750e+02
9.452095081487565054e+00 2.745387878417968750e+02
9.454155932917084115e+00 2.749640197753906250e+02
9.456216784346603177e+00 2.746712951660156250e+02
9.458277635776120462e+00 2.738186645507812500e+02
9.460338487205641300e+00 2.731675415039062500e+02
9.462399338635158585e+00 2.729690246582031250e+02
9.464460190064677647e+00 2.728984069824218750e+02
9.466521041494196709e+00 2.730979614257812500e+02
9.468581892923713994e+00 2.746306152343750000e+02
9.470642744353233056e+00 2.752405700683593750e+02
9.472703595782752117e+00 2.753620300292968750e+02
9.474764447212271179e+00 2.743470764160156250e+02
9.476825298641790241e+00 2.741018676757812500e+02
9.478886150071309302e+00 2.732855529785156250e+02
9.480947001500826588e+00 2.729195556640625000e+02
9.483007852930345649e+00 2.725099182128906250e+02
9.485068704359864711e+00 2.723102416992187500e+02
9.487129555789383772e+00 2.730120849609375000e+02
9.489190407218902834e+00 2.726581115722656250e+02
9.491251258648420119e+00 2.727961425781250000e+02
9.493312110077939181e+00 2.738390502929687500e+02
9.495372961507458243e+00 2.734291687011718750e+02
9.497433812936975528e+00 2.713750610351562500e+02
9.499494664366496366e+00 2.720074157714843750e+02
9.501555515796015428e+00 2.726619262695312500e+02
9.503616367225532713e+00 2.726235961914062500e+02
9.505677218655051774e+00 2.748229370117187500e+02
9.507738070084570836e+00 2.767657775878906250e+02
9.509798921514088121e+00 2.763236694335937500e+02
9.511859772943607183e+00 2.759754638671875000e+02
9.513920624373128021e+00 2.750753784179687500e+02
9.515981475802645306e+00 2.742011413574218750e+02
9.518042327232164368e+00 2.746513061523437500e+02
9.520103178661683430e+00 2.744697875976562500e+02
9.522164030091200715e+00 2.750930480957031250e+02
9.524224881520719777e+00 2.766091613769531250e+02
9.526285732950238838e+00 2.763141784667968750e+02
9.528346584379757900e+00 2.751428222656250000e+02
9.530407435809276961e+00 2.748911743164062500e+02
9.532468287238794247e+00 2.748271789550781250e+02
9.534529138668313308e+00 2.739383544921875000e+02
9.536589990097832370e+00 2.730884399414062500e+02
9.538650841527351432e+00 2.742415161132812500e+02
9.540711692956870493e+00 2.746789245605468750e+02
9.542772544386389555e+00 2.748336486816406250e+02
9.544833395815906840e+00 2.755072326660156250e+02
9.546894247245425902e+00 2.750804138183593750e+02
9.548955098674944963e+00 2.736898193359375000e+02
9.551015950104464025e+00 2.732158508300781250e+02
9.553076801533983087e+00 2.715922546386718750e+02
9.555137652963500372e+00 2.715378417968750000e+02
9.557198504393019434e+00 2.717238769531250000e+02
9.559259355822538495e+00 2.714031982421875000e+02
9.561320207252055781e+00 2.700885314941406250e+02
9.563381058681574842e+00 2.699695434570312500e+02
9.565441910111095680e+00 2.687585754394531250e+02
9.567502761540612966e+00 2.684927978515625000e+02
9.569563612970132027e+00 2.701589965820312500e+02
9.571624464399651089e+00 2.713589477539062500e+02
9.573685315829168374e+00 2.725350952148437500e+02
9.575746167258687436e+00 2.743549804687500000e+02
9.577807018688206497e+00 2.752226562500000000e+02
9.579867870117725559e+00 2.750627746582031250e+02
9.581928721547244621e+00 2.774457702636718750e+02
9.583989572976761906e+00 2.776884155273437500e+02
9.586050424406280968e+00 2.775604553222656250e+02
9.588111275835800029e+00 2.796025390625000000e+02
9.590172127265319091e+00 2.792423706054687500e+02
9.592232978694838152e+00 2.794461975097656250e+02
9.594293830124357214e+00 2.796024780273437500e+02
9.596354681553874499e+00 2.784628906250000000e+02
9.598415532983393561e+00 2.767960205078125000e+02
9.600476384412912623e+00 2.760791015625000000e+02
9.602537235842429908e+00 2.741139831542968750e+02
9.604598087271950746e+00 2.724595031738281250e+02
9.606658938701468031e+00 2.721514892578125000e+02
9.608719790130987093e+00 2.712231750488281250e+02
9.610780641560506155e+00 2.709142761230468750e+02
9.612841492990023440e+00 2.703832397460937500e+02
9.614902344419542501e+00 2.713849792480468750e+02
9.616963195849063339e+00 2.722313537597656250e+02
9.619024047278580625e+00 2.733028564453125000e+02
9.621084898708099686e+00 2.748751220703125000e+02
9.623145750137618748e+00 2.750400695800781250e+02
9.625206601567136033e+00 2.736640319824218750e+02
9.627267452996655095e+00 2.723373718261718750e+02
9.629328304426175933e+00 2.709294128417968750e+02
9.631389155855693218e+00 2.704555358886718750e+02
9.633450007285212280e+00 2.713229675292968750e+02
9.635510858714731341e+00 2.724992675781250000e+02
9.637571710144248627e+00 2.728010864257812500e+02
9.639632561573767688e+00 2.723781127929687500e+02
9.641693413003286750e+00 2.715394592285156250e+02
9.643754264432805812e+00 2.689823303222656250e+02
9.645815115862324873e+00 2.698489990234375000e+02
9.647875967291842159e+00 2.682000732421875000e+02
9.649936818721361220e+00 2.680679016113281250e+02
9.651997670150880282e+00 2.682898864746093750e+02
9.654058521580397567e+00 2.696460571289062500e+02
9.656119373009918405e+00 2.690713195800781250e+02
9.658180224439437467e+00 2.713814392089843750e+02
9.660241075868954752e+00 2.697612915039062500e+02
9.662301927298473814e+00 2.687677917480468750e+02
9.664362778727992875e+00 2.671645202636718750e+02
9.666423630157510161e+00 2.668335571289062500e+02
9.668484481587030999e+00 2.663986816406250000e+02
9.670545333016548284e+00 2.670773315429687500e+02
9.672606184446067346e+00 2.670625000000000000e+02
9.674667035875586407e+00 2.680413818359375000e+02
9.676727887305103692e+00 2.670303649902343750e+02
9.678788738734622754e+00 2.662981872558593750e+02
9.680849590164143592e+00 2.672541503906250000e+02
9.682910441593660877e+00 2.680860900878906250e+02
9.684971293023179939e+00 2.673601074218750000e+02
9.687032144452699001e+00 2.685081787109375000e+02
9.689092995882216286e+00 2.693662109375000000e+02
9.691153847311735348e+00 2.671391296386718750e+02
9.693214698741254409e+00 2.613738403320312500e+02
9.695275550170773471e+00 2.604214782714843750e+02
9.697336401600292533e+00 2.582574157714843750e+02
9.699397253029809818e+00 2.556571807861328125e+02
9.701458104459328879e+00 2.593216247558593750e+02
9.703518955888847941e+00 2.629199523925781250e+02
9.705579807318365226e+00 2.640912780761718750e+02
9.707640658747886064e+00 2.663600158691406250e+02
9.709701510177405126e+00 2.675914611816406250e+02
9.711762361606922411e+00 2.657314453125000000e+02
9.713823213036441473e+00 2.655531005859375000e+02
9.715884064465960535e+00 2.659492797851562500e+02
9.717944915895477820e+00 2.650337219238281250e+02
9.720005767324998658e+00 2.651451416015625000e+02
9.722066618754515943e+00 2.667901916503906250e+02
9.724127470184035005e+00 2.664125671386718750e+02
9.726188321613554066e+00 2.657766418457031250e+02
9.728249173043071352e+00 2.654552612304687500e+02
9.730310024472590413e+00 2.648911743164062500e+02
9.732370875902109475e+00 2.662690124511718750e+02
9.734431727331628537e+00 2.658072814941406250e+02
9.736492578761147598e+00 2.638614807128906250e+02
9.738553430190666660e+00 2.649244079589843750e+02
9.740614281620183945e+00 2.627571716308593750e+02
9.742675133049703007e+00 2.615451049804687500e+02
9.744735984479222068e+00 2.604910888671875000e+02
9.746796835908741130e+00 2.604175720214843750e+02
9.748857687338260192e+00 2.596515808105468750e+02
9.750918538767779253e+00 2.587182006835937500e+02
9.752979390197296539e+00 2.582598876953125000e+02
9.755040241626815600e+00 2.610847473144531250e+02
9.757101093056334662e+00 2.620843505859375000e+02
9.759161944485853724e+00 2.625969238281250000e+02
9.761222795915372785e+00 2.655582885742187500e+02
9.763283647344890070e+00 2.669594421386718750e+02
9.765344498774409132e+00 2.679944152832031250e+02
9.767405350203928194e+00 2.687702941894531250e+02
9.769466201633445479e+00 2.698214416503906250e+02
9.771527053062966317e+00 2.707797851562500000e+02
9.773587904492485379e+00 2.697884216308593750e+02
9.775648755922002664e+00 2.679500122070312500e+02
9.777709607351521726e+00 2.672892456054687500e+02
9.779770458781040787e+00 2.665457458496093750e+02
9.781831310210558073e+00 2.659444274902343750e+02
9.783892161640077134e+00 2.672579650878906250e+02
9.785953013069596196e+00 2.682666931152343750e+02
9.788013864499115257e+00 2.680567626953125000e+02
9.790074715928634319e+00 2.679158325195312500e+02
9.792135567358151604e+00 2.671832580566406250e+02
9.794196418787670666e+00 2.651950683593750000e+02
9.796257270217189728e+00 2.631862182617187500e+02
9.798318121646708789e+00 2.637939758300781250e+02
9.800378973076227851e+00 2.635381774902343750e+02
9.802439824505746913e+00 2.632207031250000000e+02
9.804500675935264198e+00 2.621666564941406250e+02
9.806561527364783259e+00 2.633263549804687500e+02
9.808622378794302321e+00 2.621296081542968750e+02
9.810683230223821383e+00 2.609434509277343750e+02
9.812744081653340444e+00 2.611660156250000000e+02
9.814804933082857730e+00 2.617467346191406250e+02
9.816865784512376791e+00 2.603743896484375000e+02
9.818926635941895853e+00 2.596225280761718750e+02
9.820987487371413138e+00 2.582981872558593750e+02
9.823048338800932200e+00 2.576978149414062500e+02
9.825109190230453038e+00 2.574211120605468750e+02
9.827170041659970323e+00 2.560868225097656250e+02
9.829230893089489385e+00 2.575984802246093750e+02
9.831291744519008446e+00 2.583673706054687500e+02
9.833352595948525732e+00 2.583143310546875000e+02
9.835413447378044793e+00 2.585461425781250000e+02
9.837474298807565631e+00 2.597025146484375000e+02
9.839535150237082917e+00 2.581990966796875000e+02
9.841596001666601978e+00 2.585967407226562500e+02
9.843656853096119264e+00 2.595659790039062500e+02
9.845717704525638325e+00 2.600627136230468750e+02
9.847778555955157387e+00 2.595292053222656250e+02
9.849839407384676448e+00 2.588434753417968750e+02
9.851900258814195510e+00 2.573666076660156250e+02
9.853961110243714572e+00 2.560310363769531250e+02
9.856021961673231857e+00 2.545606384277343750e+02
9.858082813102750919e+00 2.539933929443359375e+02
9.860143664532269980e+00 2.536931304931640625e+02
9.862204515961789042e+00 2.530651550292968750e+02
9.864265367391308104e+00 2.540403137207031250e+02
9.866326218820827165e+00 2.555841522216796875e+02
9.868387070250344451e+00 2.559877014160156250e+02
9.870447921679863512e+00 2.571750183105468750e+02
9.872508773109382574e+00 2.591794433593750000e+02
9.874569624538899859e+00 2.591039123535156250e+02
9.876630475968420697e+00 2.593772277832031250e+02
9.878691327397937982e+00 2.599579162597656250e+02
9.880752178827457044e+00 2.607698974609375000e+02
9.882813030256976106e+00 2.593887634277343750e+02
9.884873881686493391e+00 2.591580810546875000e+02
9.886934733116012453e+00 2.590367126464843750e+02
9.888995584545533291e+00 2.581145324707031250e+02
9.891056435975050576e+00 2.576859741210937500e+02
9.893117287404569637e+00 2.577856140136718750e+02
9.895178138834088699e+00 2.567635498046875000e+02
9.897238990263605984e+00 2.561765441894531250e+02
9.899299841693125046e+00 2.557103271484375000e+02
9.901360693122644108e+00 2.561325988769531250e+02
9.903421544552163169e+00 2.572297973632812500e+02
9.905482395981682231e+00 2.575277099609375000e+02
9.907543247411199516e+00 2.589517517089843750e+02
9.909604098840718578e+00 2.597547607421875000e+02
9.911664950270237640e+00 2.585943908691406250e+02
9.913725801699754925e+00 2.601015014648437500e+02
9.915786653129275763e+00 2.633986511230468750e+02
9.917847504558794824e+00 2.646737365722656250e+02
9.919908355988312110e+00 2.642200927734375000e+02
9.921969207417831171e+00 2.633085937500000000e+02
9.924030058847350233e+00 2.599049377441406250e+02
9.926090910276867518e+00 2.547175140380859375e+02
9.928151761706388356e+00 2.525767059326171875e+02
9.930212613135905642e+00 2.524661254882812500e+02
9.932273464565424703e+00 2.530784301757812500e+02
9.934334315994943765e+00 2.528506164550781250e+02
9.936395167424461050e+00 2.543466491699218750e+02
9.938456018853980112e+00 2.540100555419921875e+02
9.940516870283500950e+00 2.527675933837890625e+02
9.942577721713018235e+00 2.553533325195312500e+02
9.944638573142537297e+00 2.565229492187500000e+02
9.946699424572056358e+00 2.566045837402343750e+02
9.948760276001573644e+00 2.579830322265625000e+02
9.950821127431092705e+00 2.579517211914062500e+02
9.952881978860611767e+00 2.532753753662109375e+02
9.954942830290130829e+00 2.531613159179687500e+02
9.957003681719649890e+00 2.526173400878906250e+02
9.959064533149167175e+00 2.495222778320312500e+02
9.961125384578686237e+00 2.504281768798828125e+02
9.963186236008205299e+00 2.504543914794921875e+02
9.965247087437722584e+00 2.513879547119140625e+02
9.967307938867243422e+00 2.518690795898437500e+02
9.969368790296762484e+00 2.509407806396484375e+02
9.971429641726279769e+00 2.507989807128906250e+02
9.973490493155798831e+00 2.500329284667968750e+02
9.975551344585317892e+00 2.457353820800781250e+02
9.977612196014835177e+00 2.458142547607421875e+02
9.979673047444356015e+00 2.460566711425781250e+02
9.981733898873875077e+00 2.472567138671875000e+02
9.983794750303392362e+00 2.462617492675781250e+02
9.985855601732911424e+00 2.475254516601562500e+02
9.987916453162430486e+00 2.481992645263671875e+02
9.989977304591947771e+00 2.465255432128906250e+02
9.992038156021468609e+00 2.469222869873046875e+02
9.994099007450985894e+00 2.492917938232421875e+02
9.996159858880504956e+00 2.478589935302734375e+02
9.998220710310024018e+00 2.457844543457031250e+02
1.000028156173954130e+01 2.447306060791015625e+02
1.000234241316906036e+01 2.434049377441406250e+02
1.000440326459857943e+01 2.446347045898437500e+02
1.000646411602809849e+01 2.452620697021484375e+02
1.000852496745761755e+01 2.453007659912109375e+02
1.001058581888713661e+01 2.453048553466796875e+02
1.001264667031665390e+01 2.429016876220703125e+02
1.001470752174617296e+01 2.404695892333984375e+02
1.001676837317569202e+01 2.420160522460937500e+02
1.001882922460521108e+01 2.443036651611328125e+02
1.002089007603473014e+01 2.451674346923828125e+02
1.002295092746424743e+01 2.468706207275390625e+02
1.002501177889376649e+01 2.461645812988281250e+02
1.002707263032328555e+01 2.431831970214843750e+02
1.002913348175280284e+01 2.430488739013671875e+02
1.003119433318232367e+01 2.409564514160156250e+02
1.003325518461184274e+01 2.384133300781250000e+02
1.003531603604136002e+01 2.397706298828125000e+02
1.003737688747087908e+01 2.396809692382812500e+02
1.003943773890039814e+01 2.381774749755859375e+02
1.004149859032991543e+01 2.399654541015625000e+02
1.004355944175943449e+01 2.400434875488281250e+02
1.004562029318895355e+01 2.382127685546875000e+02
1.004768114461847262e+01 2.379837493896484375e+02
1.004974199604799168e+01 2.381699066162109375e+02
1.005180284747750896e+01 2.368076019287109375e+02
1.005386369890702802e+01 2.366143798828125000e+02
1.005592455033654709e+01 2.373092651367187500e+02
1.005798540176606615e+01 2.366533355712890625e+02
1.006004625319558521e+01 2.357794799804687500e+02
1.006210710462510427e+01 2.362065582275390625e+02
1.006416795605462156e+01 2.367682037353515625e+02
1.006622880748414062e+01 2.365478973388671875e+02
1.006828965891365968e+01 2.347812194824218750e+02
1.007035051034317874e+01 2.361986541748046875e+02
1.007241136177269780e+01 2.368769073486328125e+02
1.007447221320221686e+01 2.378983306884765625e+02
1.007653306463173415e+01 2.385833435058593750e+02
1.007859391606125321e+01 2.394132690429687500e+02
1.008065476749077050e+01 2.380770111083984375e+02
1.008271561892029133e+01 2.357011718750000000e+02
1.008477647034981040e+01 2.326341857910156250e+02
1.008683732177932768e+01 2.303389739990234375e+02
1.008889817320884674e+01 2.287393798828125000e+02
1.009095902463836580e+01 2.268501434326171875e+02
1.009301987606788309e+01 2.265531005859375000e+02
1.009508072749740215e+01 2.283222961425781250e+02
1.009714157892692299e+01 2.289886016845703125e+02
1.009920243035644027e+01 2.269237976074218750e+02
1.010126328178595934e+01 2.289594421386718750e+02
1.010332413321547840e+01 2.288585205078125000e+02
1.010538498464499568e+01 2.277616729736328125e+02
1.010744583607451474e+01 2.294513702392578125e+02
1.010950668750403381e+01 2.307310333251953125e+02
1.011156753893355287e+01 2.292207641601562500e+02
1.011362839036307193e+01 2.289678039550781250e+02
1.011568924179258921e+01 2.257061157226562500e+02
1.011775009322210828e+01 2.228517150878906250e+02
1.011981094465162734e+01 2.206749114990234375e+02
1.012187179608114640e+01 2.164362182617187500e+02
1.012393264751066546e+01 2.166041717529296875e+02
1.012599349894018452e+01 2.166917419433593750e+02
1.012805435036970181e+01 2.162983856201171875e+02
1.013011520179922087e+01 2.166286773681640625e+02
1.013217605322873993e+01 2.193300476074218750e+02
1.013423690465825722e+01 2.197413940429687500e+02
1.013629775608777805e+01 2.189011230468750000e+02
1.013835860751729534e+01 2.189056854248046875e+02
1.014041945894681440e+01 2.189929199218750000e+02
1.014248031037633346e+01 2.188045043945312500e+02
1.014454116180585075e+01 2.185920104980468750e+02
1.014660201323536981e+01 2.177682037353515625e+02
1.014866286466489065e+01 2.151504211425781250e+02
1.015072371609440793e+01 2.115833282470703125e+02
1.015278456752392700e+01 2.082900390625000000e+02
1.015484541895344606e+01 2.030989837646484375e+02
1.015690627038296334e+01 1.985053405761718750e+02
1.015896712181248240e+01 1.998992767333984375e+02
1.016102797324200147e+01 2.001744079589843750e+02
1.016308882467152053e+01 1.950070037841796875e+02
1.016514967610103959e+01 1.950788421630859375e+02
1.016721052753055687e+01 1.944533081054687500e+02
1.016927137896007594e+01 1.942477722167968750e+02
1.017133223038959500e+01 1.930771789550781250e+02
1.017339308181911406e+01 1.922248992919921875e+02
1.017545393324863312e+01 1.913509063720703125e+02
1.017751478467815218e+01 1.852382049560546875e+02
1.017957563610766947e+01 1.776525115966796875e+02
1.018163648753718853e+01 1.763867950439453125e+02
1.018369733896670759e+01 1.747230834960937500e+02
1.018575819039622488e+01 1.719437103271484375e+02
1.018781904182574571e+01 1.734318237304687500e+02
1.018987989325526478e+01 1.716958770751953125e+02
1.019194074468478206e+01 1.652091827392578125e+02
1.019400159611430112e+01 1.616355133056640625e+02
1.019606244754382018e+01 1.568508758544921875e+02
1.019812329897333747e+01 1.510252838134765625e+02
1.020018415040285831e+01 1.487318725585937500e+02
1.020224500183237559e+01 1.477872161865234375e+02
1.020430585326189465e+01 1.462751922607421875e+02
1.020636670469141372e+01 1.458650360107421875e+02
1.020842755612093100e+01 1.416577148437500000e+02
1.021048840755045006e+01 1.383832092285156250e+02
1.021254925897997090e+01 1.346845550537109375e+02
1.021461011040948819e+01 1.274679718017578125e+02
1.021667096183900725e+01 1.245588684082031250e+02
1.021873181326852631e+01 1.258814544677734375e+02
1.022079266469804359e+01 1.231106262207031250e+02
1.022285351612756266e+01 1.242251968383789062e+02
1.022491436755708172e+01 1.292571411132812500e+02
1.022697521898660078e+01 1.280904998779296875e+02
1.022903607041611984e+01 1.235812530517578125e+02
1.023109692184563713e+01 1.206748199462890625e+02
1.023315777327515619e+01 1.141226577758789062e+02
1.023521862470467525e+01 1.057896423339843750e+02
1.023727947613419254e+01 9.738746643066406250e+01
1.023934032756371337e+01 9.479428863525390625e+01
1.024140117899323243e+01 8.899666595458984375e+01
1.024346203042274972e+01 8.642948913574218750e+01
1.024552288185226878e+01 9.267320251464843750e+01
1.024758373328178784e+01 8.960916900634765625e+01
1.024964458471130513e+01 8.465705108642578125e+01
1.025170543614082597e+01 8.319401550292968750e+01
1.025376628757034325e+01 7.749134063720703125e+01
1.025582713899986231e+01 7.234630584716796875e+01
1.025788799042938138e+01 7.076384735107421875e+01
1.025994884185889866e+01 6.966947937011718750e+01
1.026200969328841772e+01 6.449435424804687500e+01
1.026407054471793678e+01 5.536418533325195312e+01
1.026613139614745585e+01 4.766157913208007812e+01
1.026819224757697491e+01 5.473871612548828125e+01
1.027025309900649397e+01 5.087295150756835938e+01
1.027231395043601125e+01 5.168999862670898438e+01
1.027437480186553032e+01 5.872954940795898438e+01
1.027643565329504938e+01 6.015303039550781250e+01
1.027849650472456844e+01 5.459170913696289062e+01
1.028055735615408750e+01 5.483605957031250000e+01
1.028261820758360479e+01 6.205435180664062500e+01
1.028467905901312385e+01 5.072810363769531250e+01
1.028673991044264291e+01 3.690355682373046875e+01
1.028880076187216019e+01 3.421802902221679688e+01
1.029086161330168103e+01 1.993791389465332031e+01
1.029292246473120009e+01 2.349190711975097656e+01
1.029498331616071738e+01 2.529015922546386719e+01
1.029704416759023644e+01 2.621852874755859375e+01
1.029910501901975550e+01 2.162927627563476562e+01
1.030116587044927279e+01 0.000000000000000000e+00
1.030322672187879185e+01 0.000000000000000000e+00
