# # sector 22: chi = 45.01 deg (range [40, 50))
# # columns: 2theta(deg)  intensity
1.717363048248531218e-03 4.168924255371093750e+02
5.152089144745594304e-03 3.537730407714843750e+02
8.586815241242657173e-03 3.057790832519531250e+02
1.202154133773972004e-02 2.411886901855468750e+02
1.545626743423678291e-02 1.879064636230468750e+02
1.889099353073384752e-02 1.734558258056640625e+02
2.232571962723091039e-02 1.628077239990234375e+02
2.576044572372797326e-02 1.784727172851562500e+02
2.919517182022503266e-02 1.857173156738281250e+02
3.262989791672209205e-02 1.815061340332031250e+02
3.606462401321915839e-02 1.785262145996093750e+02
3.949935010971622473e-02 1.562234802246093750e+02
4.293407620621328413e-02 1.361006317138671875e+02
4.636880230271035047e-02 1.013860626220703125e+02
4.980352839920740987e-02 1.134239196777343750e+02
5.323825449570447621e-02 1.256960525512695312e+02
5.667298059220153561e-02 1.573577117919921875e+02
6.010770668869859501e-02 1.244636611938476562e+02
6.354243278519566829e-02 9.663002777099609375e+01
6.697715888169272769e-02 8.255296325683593750e+01
7.041188497818978709e-02 1.254127197265625000e+02
7.384661107468684649e-02 1.491047515869140625e+02
7.728133717118391977e-02 1.184117355346679688e+02
8.071606326768097917e-02 1.034004516601562500e+02
8.415078936417803857e-02 1.004308471679687500e+02
8.758551546067509797e-02 1.328277893066406250e+02
9.102024155717217124e-02 1.504567108154296875e+02
9.445496765366923064e-02 1.573048400878906250e+02
9.788969375016629004e-02 1.636080017089843750e+02
1.013244198466633494e-01 1.401234283447265625e+02
1.047591459431604227e-01 1.248790435791015625e+02
1.081938720396574821e-01 9.784896850585937500e+01
1.116285981361545415e-01 9.818986511230468750e+01
1.150633242326516009e-01 1.064983139038085938e+02
1.184980503291486603e-01 1.301535186767578125e+02
1.219327764256457336e-01 1.788595581054687500e+02
1.253675025221427930e-01 1.858317871093750000e+02
1.288022286186398524e-01 1.741224670410156250e+02
1.322369547151369396e-01 1.192876205444335938e+02
1.356716808116339990e-01 9.485476684570312500e+01
1.391064069081310584e-01 7.174051666259765625e+01
1.425411330046281178e-01 1.125546951293945312e+02
1.459758591011251494e-01 1.408565063476562500e+02
1.494105851976222366e-01 1.653323059082031250e+02
1.528453112941192960e-01 9.451663208007812500e+01
1.562800373906163554e-01 8.400630187988281250e+01
1.597147634871134425e-01 8.640805816650390625e+01
1.631494895836105019e-01 1.402799224853515625e+02
1.665842156801075613e-01 1.489411315917968750e+02
1.700189417766046207e-01 1.526864166259765625e+02
1.734536678731016524e-01 1.554166717529296875e+02
1.768883939695987395e-01 1.815561065673828125e+02
1.803231200660957989e-01 2.037959747314453125e+02
1.837578461625928583e-01 2.173771667480468750e+02
1.871925722590899455e-01 2.120927276611328125e+02
1.906272983555870049e-01 2.167251586914062500e+02
1.940620244520840643e-01 2.592308044433593750e+02
1.974967505485811237e-01 3.361302795410156250e+02
2.009314766450781831e-01 4.242449951171875000e+02
2.043662027415752425e-01 7.491189575195312500e+02
2.078009288380723019e-01 1.090421875000000000e+03
2.112356549345693613e-01 1.363448486328125000e+03
2.146703810310664484e-01 1.732894653320312500e+03
2.181051071275635078e-01 1.851653198242187500e+03
2.215398332240605672e-01 1.893273803710937500e+03
2.249745593205576544e-01 1.850944458007812500e+03
2.284092854170546860e-01 1.849006469726562500e+03
2.318440115135517454e-01 1.853311523437500000e+03
2.352787376100488048e-01 1.862765258789062500e+03
2.387134637065459197e-01 1.831741699218750000e+03
2.421481898030429791e-01 1.822400512695312500e+03
2.455829158995400385e-01 1.841785034179687500e+03
2.490176419960370979e-01 1.888072875976562500e+03
2.524523680925341296e-01 1.907481933593750000e+03
2.558870941890312167e-01 1.916170410156250000e+03
2.593218202855282484e-01 1.924656494140625000e+03
2.627565463820253910e-01 1.943957275390625000e+03
2.661912724785224227e-01 1.974969238281250000e+03
2.696259985750194543e-01 1.981425903320312500e+03
2.730607246715165415e-01 1.979089965820312500e+03
2.764954507680135731e-01 1.981152954101562500e+03
2.799301768645106603e-01 1.996844482421875000e+03
2.833649029610076919e-01 2.021572998046875000e+03
2.867996290575047791e-01 2.037384155273437500e+03
2.902343551540018107e-01 2.061881591796875000e+03
2.936690812504989534e-01 2.073571777343750000e+03
2.971038073469959850e-01 2.087810058593750000e+03
3.005385334434930167e-01 2.118751220703125000e+03
3.039732595399901038e-01 2.121604980468750000e+03
3.074079856364871355e-01 2.131383056640625000e+03
3.108427117329842226e-01 2.163981445312500000e+03
3.142774378294812543e-01 2.192391845703125000e+03
3.177121639259783970e-01 2.209653076171875000e+03
3.211468900224754286e-01 2.250497070312500000e+03
3.245816161189724602e-01 2.282099121093750000e+03
3.280163422154695474e-01 2.306742919921875000e+03
3.314510683119665790e-01 2.336240234375000000e+03
3.348857944084636662e-01 2.356769531250000000e+03
3.383205205049606978e-01 2.387871093750000000e+03
3.417552466014577850e-01 2.421812988281250000e+03
3.451899726979548166e-01 2.471862792968750000e+03
3.486246987944519593e-01 2.497773193359375000e+03
3.520594248909489909e-01 2.528904052734375000e+03
3.554941509874460226e-01 2.525261474609375000e+03
3.589288770839431097e-01 2.525465087890625000e+03
3.623636031804401414e-01 2.538630371093750000e+03
3.657983292769372285e-01 2.562068359375000000e+03
3.692330553734342602e-01 2.575228027343750000e+03
3.726677814699314029e-01 2.597491699218750000e+03
3.761025075664284345e-01 2.613421875000000000e+03
3.795372336629255217e-01 2.636303466796875000e+03
3.829719597594225533e-01 2.645998535156250000e+03
3.864066858559195849e-01 2.679016845703125000e+03
3.898414119524166721e-01 2.676722167968750000e+03
3.932761380489137037e-01 2.691532958984375000e+03
3.967108641454107909e-01 2.720263427734375000e+03
4.001455902419078225e-01 2.758800292968750000e+03
4.035803163384049652e-01 2.798401611328125000e+03
4.070150424349019969e-01 2.831130859375000000e+03
4.104497685313990840e-01 2.842953369140625000e+03
4.138844946278961157e-01 2.854797607421875000e+03
4.173192207243931473e-01 2.881138671875000000e+03
4.207539468208902345e-01 2.871334228515625000e+03
4.241886729173872661e-01 2.857604248046875000e+03
4.276233990138844088e-01 2.864654296875000000e+03
4.310581251103814404e-01 2.892054687500000000e+03
4.344928512068785276e-01 2.918058105468750000e+03
4.379275773033755592e-01 2.919155273437500000e+03
4.413623033998725909e-01 2.940306396484375000e+03
4.447970294963696780e-01 2.955986083984375000e+03
4.482317555928666541e-01 2.958395751953125000e+03
4.516664816893637968e-01 2.951048339843750000e+03
4.551012077858607729e-01 2.951687500000000000e+03
4.585359338823579156e-01 2.977144775390625000e+03
4.619706599788548917e-01 2.995290771484375000e+03
4.654053860753520344e-01 3.017361572265625000e+03
4.688401121718490105e-01 3.060566406250000000e+03
4.722748382683461532e-01 3.098777343750000000e+03
4.757095643648432404e-01 3.118027099609375000e+03
4.791442904613402165e-01 3.108368164062500000e+03
4.825790165578373592e-01 3.086259277343750000e+03
4.860137426543343353e-01 3.071849853515625000e+03
4.894484687508314780e-01 3.085263916015625000e+03
4.928831948473284541e-01 3.117372314453125000e+03
4.963179209438255968e-01 3.136403076171875000e+03
4.997526470403226839e-01 3.172650634765625000e+03
5.031873731368197156e-01 3.222921630859375000e+03
5.066220992333168027e-01 3.251022216796875000e+03
5.100568253298137789e-01 3.257892578125000000e+03
5.134915514263108660e-01 3.232206542968750000e+03
5.169262775228079532e-01 3.222243164062500000e+03
5.203610036193050403e-01 3.215485107421875000e+03
5.237957297158021275e-01 3.201390869140625000e+03
5.272304558122991036e-01 3.195286132812500000e+03
5.306651819087961908e-01 3.186939697265625000e+03
5.340999080052932779e-01 3.179371826171875000e+03
5.375346341017903651e-01 3.165422363281250000e+03
5.409693601982873412e-01 3.142270263671875000e+03
5.444040862947844284e-01 3.128689941406250000e+03
5.478388123912815155e-01 3.127420410156250000e+03
5.512735384877786027e-01 3.132308105468750000e+03
5.547082645842756898e-01 3.105294433593750000e+03
5.581429906807726660e-01 3.108011962890625000e+03
5.615777167772697531e-01 3.116812500000000000e+03
5.650124428737668403e-01 3.137718505859375000e+03
5.684471689702639274e-01 3.143508300781250000e+03
5.718818950667609036e-01 3.152047851562500000e+03
5.753166211632579907e-01 3.171493408203125000e+03
5.787513472597550779e-01 3.170236083984375000e+03
5.821860733562521650e-01 3.154759033203125000e+03
5.856207994527492522e-01 3.113878662109375000e+03
5.890555255492462283e-01 3.079170898437500000e+03
5.924902516457433155e-01 3.073297363281250000e+03
5.959249777422404026e-01 3.095169677734375000e+03
5.993597038387374898e-01 3.084374023437500000e+03
6.027944299352344659e-01 3.082772705078125000e+03
6.062291560317315531e-01 3.081175537109375000e+03
6.096638821282287513e-01 3.119350585937500000e+03
6.130986082247257274e-01 3.137482177734375000e+03
6.165333343212228145e-01 3.167125000000000000e+03
6.199680604177197907e-01 3.195684570312500000e+03
6.234027865142168778e-01 3.199504394531250000e+03
6.268375126107139650e-01 3.199761474609375000e+03
6.302722387072110521e-01 3.172117187500000000e+03
6.337069648037081393e-01 3.157913085937500000e+03
6.371416909002051154e-01 3.126184570312500000e+03
6.405764169967023136e-01 3.126806152343750000e+03
6.440111430931992897e-01 3.136957763671875000e+03
6.474458691896963769e-01 3.157929931640625000e+03
6.508805952861933530e-01 3.162512207031250000e+03
6.543153213826904402e-01 3.157047363281250000e+03
6.577500474791875273e-01 3.146243164062500000e+03
6.611847735756846145e-01 3.140687500000000000e+03
6.646194996721817017e-01 3.124845703125000000e+03
6.680542257686786778e-01 3.118390625000000000e+03
6.714889518651757649e-01 3.138215820312500000e+03
6.749236779616728521e-01 3.171196044921875000e+03
6.783584040581699393e-01 3.200215820312500000e+03
6.817931301546669154e-01 3.196932861328125000e+03
6.852278562511640025e-01 3.181971923828125000e+03
6.886625823476610897e-01 3.165289794921875000e+03
6.920973084441581769e-01 3.183112792968750000e+03
6.955320345406552640e-01 3.195520996093750000e+03
6.989667606371522401e-01 3.198016601562500000e+03
7.024014867336493273e-01 3.189594970703125000e+03
7.058362128301464145e-01 3.199464355468750000e+03
7.092709389266435016e-01 3.201606933593750000e+03
7.127056650231404777e-01 3.197241455078125000e+03
7.161403911196375649e-01 3.202304443359375000e+03
7.195751172161347631e-01 3.211822265625000000e+03
7.230098433126317392e-01 3.219642333984375000e+03
7.264445694091288264e-01 3.204379638671875000e+03
7.298792955056258025e-01 3.205932373046875000e+03
7.333140216021228897e-01 3.198391601562500000e+03
7.367487476986199768e-01 3.215688964843750000e+03
7.401834737951170640e-01 3.223738281250000000e+03
7.436181998916141511e-01 3.245776855468750000e+03
7.470529259881111273e-01 3.244438232421875000e+03
7.504876520846083254e-01 3.224997802734375000e+03
7.539223781811053016e-01 3.214242431640625000e+03
7.573571042776023887e-01 3.206123779296875000e+03
7.607918303740993649e-01 3.220725830078125000e+03
7.642265564705964520e-01 3.220889404296875000e+03
7.676612825670935392e-01 3.210165771484375000e+03
7.710960086635906263e-01 3.211366943359375000e+03
7.745307347600877135e-01 3.228196044921875000e+03
7.779654608565846896e-01 3.257707031250000000e+03
7.814001869530818878e-01 3.260665527343750000e+03
7.848349130495788639e-01 3.253988037109375000e+03
7.882696391460759511e-01 3.256364257812500000e+03
7.917043652425729272e-01 3.256226318359375000e+03
7.951390913390700144e-01 3.251884765625000000e+03
7.985738174355671015e-01 3.237402832031250000e+03
8.020085435320641887e-01 3.244330322265625000e+03
8.054432696285612758e-01 3.238384033203125000e+03
8.088779957250582520e-01 3.233033691406250000e+03
8.123127218215554501e-01 3.210573974609375000e+03
8.157474479180524263e-01 3.198189453125000000e+03
8.191821740145495134e-01 3.204864990234375000e+03
8.226169001110464896e-01 3.222099853515625000e+03
8.260516262075435767e-01 3.235693115234375000e+03
8.294863523040407749e-01 3.236923828125000000e+03
8.329210784005377510e-01 3.236753662109375000e+03
8.363558044970348382e-01 3.237448974609375000e+03
8.397905305935318143e-01 3.229958007812500000e+03
8.432252566900290125e-01 3.216380371093750000e+03
8.466599827865259886e-01 3.210110107421875000e+03
8.500947088830230758e-01 3.214234375000000000e+03
8.535294349795201629e-01 3.239702636718750000e+03
8.569641610760171391e-01 3.246423828125000000e+03
8.603988871725143373e-01 3.250502197265625000e+03
8.638336132690113134e-01 3.230094726562500000e+03
8.672683393655084005e-01 3.213213623046875000e+03
8.707030654620053767e-01 3.184683349609375000e+03
8.741377915585024638e-01 3.173311035156250000e+03
8.775725176549995510e-01 3.186201171875000000e+03
8.810072437514966381e-01 3.203685546875000000e+03
8.844419698479937253e-01 3.218516845703125000e+03
8.878766959444907014e-01 3.237728515625000000e+03
8.913114220409878996e-01 3.252027343750000000e+03
8.947461481374848757e-01 3.263240966796875000e+03
8.981808742339819629e-01 3.249983398437500000e+03
9.016156003304791611e-01 3.239338623046875000e+03
9.050503264269761372e-01 3.243626220703125000e+03
9.084850525234732244e-01 3.235767822265625000e+03
9.119197786199704225e-01 3.236657958984375000e+03
9.153545047164673987e-01 3.207841064453125000e+03
9.187892308129643748e-01 3.210316162109375000e+03
9.222239569094614620e-01 3.208312988281250000e+03
9.256586830059586601e-01 3.217106201171875000e+03
9.290934091024556363e-01 3.221715820312500000e+03
9.325281351989526124e-01 3.221052001953125000e+03
9.359628612954495885e-01 3.215017822265625000e+03
9.393975873919468977e-01 3.204515136718750000e+03
9.428323134884438739e-01 3.199756835937500000e+03
9.462670395849408500e-01 3.207072998046875000e+03
9.497017656814380482e-01 3.215871337890625000e+03
9.531364917779350243e-01 3.221153076171875000e+03
9.565712178744321115e-01 3.235983642578125000e+03
9.600059439709290876e-01 3.246467285156250000e+03
9.634406700674262858e-01 3.250658203125000000e+03
9.668753961639232619e-01 3.251478759765625000e+03
9.703101222604203491e-01 3.240749023437500000e+03
9.737448483569175472e-01 3.237548583984375000e+03
9.771795744534145234e-01 3.233107666015625000e+03
9.806143005499114995e-01 3.247122314453125000e+03
9.840490266464085867e-01 3.235166992187500000e+03
9.874837527429057848e-01 3.209660644531250000e+03
9.909184788394027610e-01 3.185972167968750000e+03
9.943532049358997371e-01 3.185022949218750000e+03
9.977879310323969353e-01 3.200444091796875000e+03
1.001222657128894022e+00 3.201112060546875000e+03
1.004657383225390888e+00 3.212982910156250000e+03
1.008092109321887975e+00 3.211699707031250000e+03
1.011526835418385284e+00 3.208921386718750000e+03
1.014961561514882149e+00 3.194202392578125000e+03
1.018396287611379236e+00 3.202123535156250000e+03
1.021831013707876323e+00 3.207513671875000000e+03
1.025265739804373410e+00 3.212582275390625000e+03
1.028700465900870498e+00 3.193398193359375000e+03
1.032135191997367363e+00 3.197658447265625000e+03
1.035569918093864672e+00 3.191020507812500000e+03
1.039004644190361537e+00 3.189775146484375000e+03
1.042439370286858624e+00 3.183734863281250000e+03
1.045874096383355933e+00 3.181845214843750000e+03
1.049308822479852799e+00 3.185002685546875000e+03
1.052743548576349886e+00 3.186945068359375000e+03
1.056178274672846973e+00 3.193788085937500000e+03
1.059613000769344060e+00 3.207118164062500000e+03
1.063047726865841147e+00 3.204456542968750000e+03
1.066482452962338012e+00 3.216448242187500000e+03
1.069917179058835099e+00 3.202520751953125000e+03
1.073351905155332409e+00 3.190821289062500000e+03
1.076786631251829274e+00 3.175701660156250000e+03
1.080221357348326361e+00 3.176986083984375000e+03
1.083656083444823448e+00 3.174403076171875000e+03
1.087090809541320535e+00 3.186012207031250000e+03
1.090525535637817622e+00 3.188904296875000000e+03
1.093960261734314487e+00 3.201218017578125000e+03
1.097394987830811797e+00 3.198411376953125000e+03
1.100829713927308662e+00 3.203088623046875000e+03
1.104264440023805749e+00 3.210501220703125000e+03
1.107699166120303058e+00 3.208574218750000000e+03
1.111133892216799923e+00 3.202184570312500000e+03
1.114568618313297010e+00 3.188892089843750000e+03
1.118003344409794098e+00 3.171332275390625000e+03
1.121438070506291185e+00 3.177480224609375000e+03
1.124872796602788272e+00 3.180207031250000000e+03
1.128307522699285137e+00 3.176966552734375000e+03
1.131742248795782446e+00 3.165831542968750000e+03
1.135176974892279533e+00 3.163166748046875000e+03
1.138611700988776398e+00 3.176374267578125000e+03
1.142046427085273486e+00 3.185529541015625000e+03
1.145481153181770573e+00 3.179963378906250000e+03
1.148915879278267660e+00 3.170638427734375000e+03
1.152350605374764747e+00 3.158280029296875000e+03
1.155785331471261612e+00 3.160916992187500000e+03
1.159220057567758921e+00 3.175872314453125000e+03
1.162654783664255786e+00 3.178496093750000000e+03
1.166089509760752874e+00 3.167348632812500000e+03
1.169524235857250183e+00 3.157696533203125000e+03
1.172958961953747048e+00 3.160991699218750000e+03
1.176393688050244135e+00 3.165724365234375000e+03
1.179828414146741222e+00 3.148742187500000000e+03
1.183263140243238309e+00 3.140770263671875000e+03
1.186697866339735397e+00 3.119738037109375000e+03
1.190132592436232262e+00 3.105668457031250000e+03
1.193567318532729571e+00 3.099632080078125000e+03
1.197002044629226658e+00 3.124136718750000000e+03
1.200436770725723523e+00 3.156862792968750000e+03
1.203871496822220610e+00 3.166255615234375000e+03
1.207306222918717697e+00 3.160814208984375000e+03
1.210740949015214785e+00 3.140711425781250000e+03
1.214175675111711872e+00 3.142256103515625000e+03
1.217610401208208959e+00 3.143092529296875000e+03
1.221045127304706046e+00 3.163651611328125000e+03
1.224479853401202911e+00 3.158651855468750000e+03
1.227914579497699998e+00 3.147028320312500000e+03
1.231349305594197308e+00 3.133193359375000000e+03
1.234784031690694173e+00 3.148822753906250000e+03
1.238218757787191260e+00 3.164964355468750000e+03
1.241653483883688347e+00 3.187074218750000000e+03
1.245088209980185434e+00 3.182373291015625000e+03
1.248522936076682521e+00 3.188607666015625000e+03
1.251957662173179386e+00 3.176215576171875000e+03
1.255392388269676696e+00 3.178094482421875000e+03
1.258827114366173783e+00 3.165814941406250000e+03
1.262261840462670648e+00 3.149287353515625000e+03
1.265696566559167957e+00 3.122353027343750000e+03
1.269131292655664822e+00 3.105154052734375000e+03
1.272566018752161909e+00 3.112810058593750000e+03
1.276000744848658996e+00 3.103835937500000000e+03
1.279435470945156084e+00 3.109508300781250000e+03
1.282870197041653171e+00 3.112814941406250000e+03
1.286304923138150036e+00 3.143352050781250000e+03
1.289739649234647123e+00 3.172545410156250000e+03
1.293174375331144432e+00 3.158913818359375000e+03
1.296609101427641297e+00 3.147279296875000000e+03
1.300043827524138385e+00 3.112374023437500000e+03
1.303478553620635472e+00 3.122235107421875000e+03
1.306913279717132559e+00 3.117568359375000000e+03
1.310348005813629646e+00 3.122206054687500000e+03
1.313782731910126511e+00 3.116016113281250000e+03
1.317217458006623820e+00 3.118830078125000000e+03
1.320652184103120685e+00 3.134107421875000000e+03
1.324086910199617773e+00 3.135480224609375000e+03
1.327521636296115082e+00 3.129579101562500000e+03
1.330956362392611947e+00 3.121565429687500000e+03
1.334391088489109034e+00 3.121027587890625000e+03
1.337825814585606121e+00 3.105307128906250000e+03
1.341260540682103208e+00 3.093061035156250000e+03
1.344695266778600296e+00 3.083780761718750000e+03
1.348129992875097161e+00 3.094889404296875000e+03
1.351564718971594470e+00 3.088755371093750000e+03
1.354999445068091557e+00 3.085541992187500000e+03
1.358434171164588422e+00 3.083262451171875000e+03
1.361868897261085509e+00 3.086210937500000000e+03
1.365303623357582596e+00 3.074060791015625000e+03
1.368738349454079684e+00 3.063224853515625000e+03
1.372173075550576771e+00 3.036952392578125000e+03
1.375607801647073636e+00 3.047797851562500000e+03
1.379042527743570945e+00 3.045291259765625000e+03
1.382477253840067810e+00 3.051143798828125000e+03
1.385911979936564897e+00 3.043070800781250000e+03
1.389346706033062206e+00 3.050576416015625000e+03
1.392781432129559072e+00 3.066521484375000000e+03
1.396216158226056159e+00 3.061185302734375000e+03
1.399650884322553246e+00 3.040106201171875000e+03
1.403085610419050333e+00 3.024317626953125000e+03
1.406520336515547420e+00 3.041794677734375000e+03
1.409955062612044285e+00 3.058957519531250000e+03
1.413389788708541595e+00 3.049671875000000000e+03
1.416824514805038682e+00 3.042993896484375000e+03
1.420259240901535547e+00 3.044677978515625000e+03
1.423693966998032634e+00 3.067839111328125000e+03
1.427128693094529721e+00 3.075248779296875000e+03
1.430563419191026808e+00 3.090908935546875000e+03
1.433998145287523895e+00 3.097769531250000000e+03
1.437432871384020983e+00 3.084586425781250000e+03
1.440867597480518070e+00 3.049506835937500000e+03
1.444302323577014935e+00 3.031150634765625000e+03
1.447737049673512022e+00 3.021401855468750000e+03
1.451171775770009331e+00 3.031390869140625000e+03
1.454606501866506196e+00 3.031276367187500000e+03
1.458041227963003283e+00 3.026317138671875000e+03
1.461475954059500371e+00 3.016905273437500000e+03
1.464910680155997458e+00 3.013775390625000000e+03
1.468345406252494545e+00 3.020057617187500000e+03
1.471780132348991410e+00 3.002422851562500000e+03
1.475214858445488719e+00 2.984789306640625000e+03
1.478649584541985806e+00 2.955916503906250000e+03
1.482084310638482672e+00 2.966643066406250000e+03
1.485519036734979981e+00 2.968958251953125000e+03
1.488953762831476846e+00 2.991593261718750000e+03
1.492388488927973933e+00 2.988309326171875000e+03
1.495823215024471020e+00 2.982942382812500000e+03
1.499257941120968107e+00 2.967359863281250000e+03
1.502692667217465194e+00 2.954675292968750000e+03
1.506127393313962060e+00 2.940056640625000000e+03
1.509562119410459147e+00 2.925220703125000000e+03
1.512996845506956456e+00 2.925665771484375000e+03
1.516431571603453321e+00 2.940286865234375000e+03
1.519866297699950408e+00 2.963045166015625000e+03
1.523301023796447495e+00 2.951944824218750000e+03
1.526735749892944582e+00 2.943422607421875000e+03
1.530170475989441670e+00 2.929796142578125000e+03
1.533605202085938535e+00 2.934082275390625000e+03
1.537039928182435844e+00 2.916446533203125000e+03
1.540474654278932931e+00 2.906461914062500000e+03
1.543909380375429796e+00 2.899144287109375000e+03
1.547344106471927105e+00 2.911872802734375000e+03
1.550778832568423971e+00 2.916680175781250000e+03
1.554213558664921058e+00 2.934479248046875000e+03
1.557648284761418145e+00 2.934227783203125000e+03
1.561083010857915232e+00 2.943429443359375000e+03
1.564517736954412319e+00 2.933616943359375000e+03
1.567952463050909184e+00 2.942440185546875000e+03
1.571387189147406493e+00 2.949303466796875000e+03
1.574821915243903581e+00 2.954737304687500000e+03
1.578256641340400446e+00 2.948537109375000000e+03
1.581691367436897533e+00 2.930800537109375000e+03
1.585126093533394620e+00 2.920323730468750000e+03
1.588560819629891707e+00 2.911192626953125000e+03
1.591995545726388794e+00 2.918923583984375000e+03
1.595430271822885659e+00 2.929570556640625000e+03
1.598864997919382969e+00 2.944635009765625000e+03
1.602299724015880056e+00 2.952970703125000000e+03
1.605734450112376921e+00 2.960310791015625000e+03
1.609169176208874230e+00 2.968059082031250000e+03
1.612603902305371095e+00 2.981263427734375000e+03
1.616038628401868182e+00 3.005102050781250000e+03
1.619473354498365270e+00 3.020250000000000000e+03
1.622908080594862357e+00 3.026691406250000000e+03
1.626342806691359444e+00 3.026588623046875000e+03
1.629777532787856309e+00 3.029457763671875000e+03
1.633212258884353618e+00 3.054285400390625000e+03
1.636646984980850705e+00 3.097040283203125000e+03
1.640081711077347570e+00 3.153305664062500000e+03
1.643516437173844658e+00 3.194397949218750000e+03
1.646951163270341745e+00 3.242412353515625000e+03
1.650385889366838832e+00 3.333193115234375000e+03
1.653820615463335919e+00 3.480632324218750000e+03
1.657255341559833006e+00 3.756474365234375000e+03
1.660690067656330093e+00 4.446616210937500000e+03
1.664124793752827181e+00 5.825304199218750000e+03
1.667559519849324046e+00 8.815558593750000000e+03
1.670994245945821355e+00 1.563717187500000000e+04
1.674428972042318220e+00 2.578376953125000000e+04
1.677863698138815307e+00 3.465021093750000000e+04
1.681298424235312394e+00 4.120931250000000000e+04
1.684733150331809481e+00 3.857645703125000000e+04
1.688167876428306569e+00 3.355077734375000000e+04
1.691602602524803434e+00 2.496667578125000000e+04
1.695037328621300743e+00 1.704340625000000000e+04
1.698472054717797830e+00 1.101705078125000000e+04
1.701906780814294695e+00 6.325729492187500000e+03
1.705341506910792004e+00 4.696205078125000000e+03
1.708776233007288869e+00 3.892319335937500000e+03
1.712210959103785957e+00 3.459885498046875000e+03
1.715645685200283044e+00 3.281188720703125000e+03
1.719080411296780131e+00 3.173530761718750000e+03
1.722515137393277218e+00 3.052263916015625000e+03
1.725949863489774083e+00 2.980786132812500000e+03
1.729384589586271170e+00 2.933617675781250000e+03
1.732819315682768480e+00 2.910313964843750000e+03
1.736254041779265345e+00 2.893429443359375000e+03
1.739688767875762432e+00 2.875461914062500000e+03
1.743123493972259519e+00 2.847970214843750000e+03
1.746558220068756606e+00 2.801777832031250000e+03
1.749992946165253693e+00 2.774443115234375000e+03
1.753427672261750558e+00 2.754372314453125000e+03
1.756862398358247868e+00 2.736075683593750000e+03
1.760297124454744955e+00 2.716283203125000000e+03
1.763731850551241820e+00 2.690023193359375000e+03
1.767166576647739129e+00 2.674840576171875000e+03
1.770601302744235994e+00 2.661862548828125000e+03
1.774036028840733081e+00 2.643864746093750000e+03
1.777470754937230168e+00 2.626339599609375000e+03
1.780905481033727256e+00 2.616300781250000000e+03
1.784340207130224343e+00 2.606828125000000000e+03
1.787774933226721208e+00 2.601225341796875000e+03
1.791209659323218295e+00 2.595075439453125000e+03
1.794644385419715160e+00 2.587471923828125000e+03
1.798079111516212247e+00 2.564810058593750000e+03
1.801513837612709557e+00 2.551817138671875000e+03
1.804948563709206422e+00 2.543401855468750000e+03
1.808383289805703509e+00 2.546416503906250000e+03
1.811818015902200818e+00 2.540279296875000000e+03
1.815252741998697461e+00 2.531268554687500000e+03
1.818687468095194770e+00 2.518911865234375000e+03
1.822122194191692079e+00 2.516257080078125000e+03
1.825556920288188723e+00 2.517026367187500000e+03
1.828991646384686032e+00 2.513010253906250000e+03
1.832426372481182897e+00 2.502332031250000000e+03
1.835861098577679984e+00 2.487083740234375000e+03
1.839295824674177293e+00 2.470272705078125000e+03
1.842730550770673936e+00 2.468030029296875000e+03
1.846165276867171245e+00 2.471639404296875000e+03
1.849600002963668333e+00 2.468799072265625000e+03
1.853034729060165198e+00 2.460223876953125000e+03
1.856469455156662507e+00 2.443533691406250000e+03
1.859904181253159594e+00 2.429591308593750000e+03
1.863338907349656459e+00 2.410020507812500000e+03
1.866773633446153768e+00 2.404516845703125000e+03
1.870208359542650411e+00 2.392843261718750000e+03
1.873643085639147721e+00 2.391194580078125000e+03
1.877077811735644808e+00 2.388749267578125000e+03
1.880512537832141673e+00 2.397380126953125000e+03
1.883947263928638982e+00 2.397504638671875000e+03
1.887381990025136069e+00 2.387906738281250000e+03
1.890816716121632934e+00 2.372096191406250000e+03
1.894251442218130022e+00 2.361101806640625000e+03
1.897686168314627331e+00 2.354968017578125000e+03
1.901120894411124196e+00 2.349896484375000000e+03
1.904555620507621283e+00 2.336406738281250000e+03
1.907990346604118592e+00 2.325540039062500000e+03
1.911425072700615457e+00 2.310714111328125000e+03
1.914859798797112544e+00 2.293557128906250000e+03
1.918294524893609410e+00 2.284893554687500000e+03
1.921729250990106497e+00 2.281573730468750000e+03
1.925163977086603806e+00 2.275887939453125000e+03
1.928598703183100671e+00 2.282533691406250000e+03
1.932033429279597758e+00 2.284453613281250000e+03
1.935468155376095067e+00 2.285147216796875000e+03
1.938902881472591710e+00 2.282047119140625000e+03
1.942337607569089020e+00 2.279992919921875000e+03
1.945772333665586329e+00 2.284929199218750000e+03
1.949207059762082972e+00 2.278226806640625000e+03
1.952641785858580281e+00 2.270555175781250000e+03
1.956076511955077368e+00 2.264981933593750000e+03
1.959511238051574233e+00 2.268796875000000000e+03
1.962945964148071543e+00 2.257876464843750000e+03
1.966380690244568186e+00 2.238531982421875000e+03
1.969815416341065495e+00 2.217569091796875000e+03
1.973250142437562582e+00 2.224166015625000000e+03
1.976684868534059447e+00 2.227991455078125000e+03
1.980119594630556756e+00 2.225834960937500000e+03
1.983554320727053843e+00 2.218437988281250000e+03
1.986989046823550709e+00 2.216392089843750000e+03
1.990423772920048018e+00 2.223082763671875000e+03
1.993858499016545105e+00 2.230406005859375000e+03
1.997293225113041970e+00 2.237266601562500000e+03
2.000727951209539057e+00 2.232864013671875000e+03
2.004162677306036144e+00 2.229343994140625000e+03
2.007597403402533232e+00 2.224849853515625000e+03
2.011032129499030319e+00 2.223182617187500000e+03
2.014466855595526962e+00 2.213978271484375000e+03
2.017901581692024493e+00 2.204081542968750000e+03
2.021336307788521580e+00 2.187472900390625000e+03
2.024771033885018223e+00 2.181909179687500000e+03
2.028205759981515754e+00 2.180568847656250000e+03
2.031640486078012842e+00 2.188328857421875000e+03
2.035075212174509485e+00 2.183257080078125000e+03
2.038509938271007016e+00 2.180682373046875000e+03
2.041944664367504103e+00 2.171233642578125000e+03
2.045379390464000746e+00 2.183475585937500000e+03
2.048814116560497833e+00 2.187560791015625000e+03
2.052248842656994920e+00 2.193415039062500000e+03
2.055683568753492008e+00 2.193269531250000000e+03
2.059118294849989095e+00 2.182325195312500000e+03
2.062553020946486182e+00 2.174385742187500000e+03
2.065987747042983269e+00 2.164545898437500000e+03
2.069422473139480356e+00 2.155700927734375000e+03
2.072857199235977443e+00 2.137215087890625000e+03
2.076291925332474531e+00 2.127216308593750000e+03
2.079726651428971618e+00 2.125953613281250000e+03
2.083161377525468705e+00 2.130442138671875000e+03
2.086596103621965792e+00 2.118780273437500000e+03
2.090030829718462879e+00 2.114732910156250000e+03
2.093465555814959522e+00 2.115932128906250000e+03
2.096900281911457053e+00 2.112641113281250000e+03
2.100335008007953697e+00 2.101566406250000000e+03
2.103769734104450784e+00 2.095212890625000000e+03
2.107204460200948315e+00 2.082286621093750000e+03
2.110639186297444958e+00 2.079965576171875000e+03
2.114073912393942045e+00 2.067828613281250000e+03
2.117508638490439576e+00 2.073053466796875000e+03
2.120943364586936219e+00 2.080350097656250000e+03
2.124378090683433307e+00 2.084191894531250000e+03
2.127812816779930394e+00 2.081886718750000000e+03
2.131247542876427481e+00 2.084650634765625000e+03
2.134682268972924568e+00 2.083768554687500000e+03
2.138116995069421211e+00 2.080932617187500000e+03
2.141551721165918742e+00 2.074701171875000000e+03
2.144986447262415830e+00 2.078060058593750000e+03
2.148421173358912473e+00 2.073629150390625000e+03
2.151855899455410004e+00 2.061914062500000000e+03
2.155290625551907091e+00 2.039578125000000000e+03
2.158725351648403734e+00 2.038048950195312500e+03
2.162160077744901265e+00 2.046113891601562500e+03
2.165594803841398353e+00 2.060635986328125000e+03
2.169029529937894996e+00 2.066074951171875000e+03
2.172464256034392083e+00 2.069123779296875000e+03
2.175898982130889614e+00 2.069552490234375000e+03
2.179333708227386257e+00 2.062232421875000000e+03
2.182768434323883344e+00 2.055215087890625000e+03
2.186203160420380431e+00 2.061757568359375000e+03
2.189637886516877519e+00 2.061266113281250000e+03
2.193072612613374606e+00 2.056372558593750000e+03
2.196507338709871693e+00 2.051799560546875000e+03
2.199942064806368780e+00 2.055197753906250000e+03
2.203376790902865867e+00 2.055453613281250000e+03
2.206811516999362954e+00 2.045516967773437500e+03
2.210246243095860041e+00 2.050872802734375000e+03
2.213680969192357129e+00 2.051961914062500000e+03
2.217115695288853772e+00 2.057623291015625000e+03
2.220550421385351303e+00 2.049697753906250000e+03
2.223985147481847946e+00 2.050909912109375000e+03
2.227419873578345033e+00 2.049785888671875000e+03
2.230854599674842564e+00 2.055375488281250000e+03
2.234289325771339207e+00 2.053180175781250000e+03
2.237724051867836295e+00 2.055719726562500000e+03
2.241158777964333826e+00 2.054880615234375000e+03
2.244593504060830469e+00 2.063273925781250000e+03
2.248028230157327556e+00 2.072538818359375000e+03
2.251462956253824643e+00 2.079502685546875000e+03
2.254897682350321730e+00 2.089036132812500000e+03
2.258332408446818818e+00 2.094837646484375000e+03
2.261767134543315905e+00 2.100642578125000000e+03
2.265201860639812992e+00 2.098939697265625000e+03
2.268636586736310079e+00 2.109584716796875000e+03
2.272071312832806722e+00 2.124251953125000000e+03
2.275506038929304253e+00 2.146861816406250000e+03
2.278940765025801340e+00 2.148583740234375000e+03
2.282375491122297984e+00 2.145589843750000000e+03
2.285810217218795515e+00 2.150273925781250000e+03
2.289244943315292602e+00 2.155422851562500000e+03
2.292679669411789245e+00 2.172994628906250000e+03
2.296114395508286332e+00 2.195434570312500000e+03
2.299549121604783863e+00 2.230680664062500000e+03
2.302983847701280506e+00 2.259061523437500000e+03
2.306418573797777594e+00 2.283932373046875000e+03
2.309853299894274681e+00 2.307196044921875000e+03
2.313288025990771768e+00 2.326691406250000000e+03
2.316722752087268855e+00 2.357177001953125000e+03
2.320157478183765942e+00 2.396509765625000000e+03
2.323592204280263029e+00 2.430723632812500000e+03
2.327026930376760117e+00 2.474860107421875000e+03
2.330461656473257204e+00 2.535872802734375000e+03
2.333896382569754291e+00 2.604237548828125000e+03
2.337331108666251378e+00 2.687385253906250000e+03
2.340765834762748021e+00 2.805417968750000000e+03
2.344200560859245552e+00 2.944158447265625000e+03
2.347635286955742639e+00 3.152256347656250000e+03
2.351070013052239283e+00 3.515444580078125000e+03
2.354504739148736814e+00 4.089349365234375000e+03
2.357939465245233457e+00 5.269924804687500000e+03
2.361374191341730544e+00 8.256834960937500000e+03
2.364808917438227631e+00 1.431528906250000000e+04
2.368243643534724718e+00 2.729318750000000000e+04
2.371678369631221805e+00 5.430258203125000000e+04
2.375113095727718893e+00 8.024110937500000000e+04
2.378547821824215980e+00 9.759854687500000000e+04
2.381982547920713067e+00 9.200851562500000000e+04
2.385417274017210154e+00 7.503524218750000000e+04
2.388852000113707241e+00 5.265119531250000000e+04
2.392286726210204328e+00 3.245625390625000000e+04
2.395721452306701416e+00 1.811703710937500000e+04
2.399156178403198503e+00 1.028204199218750000e+04
2.402590904499695590e+00 6.101138671875000000e+03
2.406025630596192233e+00 4.459839355468750000e+03
2.409460356692689320e+00 3.684805175781250000e+03
2.412895082789186851e+00 3.243268310546875000e+03
2.416329808885683494e+00 2.989551513671875000e+03
2.419764534982180582e+00 2.820999755859375000e+03
2.423199261078678113e+00 2.674987792968750000e+03
2.426633987175174756e+00 2.563824462890625000e+03
2.430068713271671843e+00 2.479318115234375000e+03
2.433503439368169374e+00 2.410542968750000000e+03
2.436938165464666017e+00 2.348524169921875000e+03
2.440372891561163105e+00 2.304234375000000000e+03
2.443807617657660192e+00 2.264721923828125000e+03
2.447242343754157279e+00 2.223472412109375000e+03
2.450677069850654366e+00 2.193785888671875000e+03
2.454111795947151009e+00 2.159354248046875000e+03
2.457546522043648540e+00 2.124344970703125000e+03
2.460981248140145627e+00 2.097682617187500000e+03
2.464415974236642271e+00 2.078336181640625000e+03
2.467850700333139802e+00 2.053479003906250000e+03
2.471285426429636889e+00 2.031238281250000000e+03
2.474720152526133532e+00 2.004014282226562500e+03
2.478154878622631063e+00 1.978571044921875000e+03
2.481589604719128150e+00 1.955967529296875000e+03
2.485024330815624793e+00 1.941300170898437500e+03
2.488459056912121881e+00 1.932790039062500000e+03
2.491893783008618968e+00 1.928070922851562500e+03
2.495328509105116055e+00 1.915541992187500000e+03
2.498763235201613142e+00 1.899411621093750000e+03
2.502197961298110229e+00 1.888263916015625000e+03
2.505632687394607316e+00 1.879016235351562500e+03
2.509067413491104404e+00 1.868974487304687500e+03
2.512502139587601491e+00 1.847345336914062500e+03
2.515936865684098578e+00 1.829044311523437500e+03
2.519371591780595665e+00 1.819762084960937500e+03
2.522806317877092752e+00 1.815096435546875000e+03
2.526241043973589839e+00 1.810453979492187500e+03
2.529675770070086926e+00 1.800708862304687500e+03
2.533110496166583570e+00 1.799093750000000000e+03
2.536545222263081101e+00 1.798537475585937500e+03
2.539979948359577744e+00 1.790800903320312500e+03
2.543414674456074831e+00 1.776945190429687500e+03
2.546849400552572362e+00 1.769340087890625000e+03
2.550284126649069005e+00 1.755469238281250000e+03
2.553718852745566092e+00 1.747847778320312500e+03
2.557153578842063624e+00 1.745399536132812500e+03
2.560588304938560267e+00 1.741561645507812500e+03
2.564023031035057354e+00 1.726281250000000000e+03
2.567457757131554441e+00 1.717215332031250000e+03
2.570892483228051528e+00 1.718724853515625000e+03
2.574327209324548615e+00 1.727852539062500000e+03
2.577761935421045258e+00 1.722597045898437500e+03
2.581196661517542790e+00 1.706918090820312500e+03
2.584631387614039877e+00 1.682744995117187500e+03
2.588066113710536520e+00 1.673867065429687500e+03
2.591500839807034051e+00 1.677227905273437500e+03
2.594935565903531138e+00 1.684545166015625000e+03
2.598370292000027781e+00 1.680911743164062500e+03
2.601805018096525313e+00 1.669396362304687500e+03
2.605239744193022400e+00 1.657474121093750000e+03
2.608674470289519043e+00 1.646443359375000000e+03
2.612109196386016130e+00 1.642632446289062500e+03
2.615543922482513661e+00 1.634869628906250000e+03
2.618978648579010304e+00 1.630533691406250000e+03
2.622413374675507391e+00 1.630099243164062500e+03
2.625848100772004479e+00 1.632757812500000000e+03
2.629282826868501566e+00 1.632891235351562500e+03
2.632717552964998653e+00 1.634219726562500000e+03
2.636152279061495740e+00 1.629452514648437500e+03
2.639587005157992827e+00 1.622776977539062500e+03
2.643021731254489914e+00 1.611968017578125000e+03
2.646456457350987002e+00 1.615412719726562500e+03
2.649891183447484089e+00 1.617235961914062500e+03
2.653325909543981176e+00 1.618524902343750000e+03
2.656760635640477819e+00 1.609375122070312500e+03
2.660195361736975350e+00 1.594011718750000000e+03
2.663630087833471993e+00 1.584213867187500000e+03
2.667064813929969080e+00 1.574694946289062500e+03
2.670499540026466612e+00 1.573056030273437500e+03
2.673934266122963255e+00 1.577650146484375000e+03
2.677368992219460342e+00 1.582573364257812500e+03
2.680803718315957873e+00 1.591259765625000000e+03
2.684238444412454516e+00 1.583665405273437500e+03
2.687673170508951603e+00 1.575272705078125000e+03
2.691107896605448691e+00 1.559469970703125000e+03
2.694542622701945778e+00 1.554916870117187500e+03
2.697977348798442865e+00 1.551946044921875000e+03
2.701412074894939952e+00 1.558660278320312500e+03
2.704846800991437039e+00 1.552457397460937500e+03
2.708281527087934126e+00 1.550188110351562500e+03
2.711716253184430769e+00 1.551726074218750000e+03
2.715150979280928301e+00 1.558350341796875000e+03
2.718585705377425388e+00 1.564424682617187500e+03
2.722020431473922031e+00 1.568506347656250000e+03
2.725455157570419562e+00 1.569422973632812500e+03
2.728889883666916649e+00 1.561795166015625000e+03
2.732324609763413292e+00 1.549691894531250000e+03
2.735759335859910379e+00 1.544920288085937500e+03
2.739194061956407911e+00 1.550224243164062500e+03
2.742628788052904554e+00 1.560417968750000000e+03
2.746063514149401641e+00 1.561286132812500000e+03
2.749498240245898728e+00 1.559763916015625000e+03
2.752932966342395815e+00 1.551295166015625000e+03
2.756367692438892902e+00 1.553229492187500000e+03
2.759802418535389990e+00 1.551116455078125000e+03
2.763237144631887077e+00 1.545048706054687500e+03
2.766671870728384164e+00 1.535211181640625000e+03
2.770106596824881251e+00 1.530850463867187500e+03
2.773541322921378338e+00 1.529256103515625000e+03
2.776976049017875425e+00 1.527575683593750000e+03
2.780410775114372068e+00 1.525619873046875000e+03
2.783845501210869600e+00 1.536197387695312500e+03
2.787280227307366687e+00 1.544165649414062500e+03
2.790714953403863330e+00 1.554211425781250000e+03
2.794149679500360861e+00 1.551593994140625000e+03
2.797584405596857504e+00 1.544836791992187500e+03
2.801019131693354591e+00 1.536087768554687500e+03
2.804453857789852123e+00 1.535486450195312500e+03
2.807888583886348766e+00 1.535799316406250000e+03
2.811323309982845853e+00 1.539775756835937500e+03
2.814758036079342940e+00 1.541210205078125000e+03
2.818192762175840027e+00 1.552282104492187500e+03
2.821627488272337114e+00 1.560983886718750000e+03
2.825062214368834201e+00 1.563492065429687500e+03
2.828496940465331289e+00 1.562728759765625000e+03
2.831931666561828376e+00 1.571606567382812500e+03
2.835366392658325463e+00 1.579764770507812500e+03
2.838801118754822550e+00 1.590805297851562500e+03
2.842235844851319637e+00 1.588541625976562500e+03
2.845670570947816280e+00 1.591358154296875000e+03
2.849105297044313811e+00 1.597362182617187500e+03
2.852540023140810899e+00 1.611748901367187500e+03
2.855974749237307542e+00 1.638276611328125000e+03
2.859409475333804629e+00 1.666778808593750000e+03
2.862844201430302160e+00 1.699062866210937500e+03
2.866278927526798803e+00 1.718860595703125000e+03
2.869713653623295890e+00 1.728862304687500000e+03
2.873148379719793422e+00 1.768248291015625000e+03
2.876583105816290065e+00 1.811761230468750000e+03
2.880017831912787152e+00 1.869791503906250000e+03
2.883452558009284239e+00 1.948269775390625000e+03
2.886887284105781326e+00 2.079038574218750000e+03
2.890322010202278413e+00 2.285521728515625000e+03
2.893756736298775500e+00 2.707922363281250000e+03
2.897191462395272588e+00 3.661333740234375000e+03
2.900626188491769675e+00 5.597844726562500000e+03
2.904060914588266318e+00 9.974583984375000000e+03
2.907495640684763849e+00 1.903206054687500000e+04
2.910930366781260936e+00 2.995963085937500000e+04
2.914365092877757579e+00 4.019891406250000000e+04
2.917799818974255111e+00 4.314870312500000000e+04
2.921234545070752198e+00 3.649635546875000000e+04
2.924669271167248841e+00 2.616046289062500000e+04
2.928103997263746372e+00 1.423093750000000000e+04
2.931538723360243015e+00 8.566636718750000000e+03
2.934973449456740102e+00 4.882556152343750000e+03
2.938408175553237189e+00 3.172993652343750000e+03
2.941842901649734277e+00 2.566335693359375000e+03
2.945277627746231364e+00 2.209542236328125000e+03
2.948712353842728451e+00 1.990960815429687500e+03
2.952147079939225538e+00 1.885643066406250000e+03
2.955581806035722625e+00 1.811215698242187500e+03
2.959016532132219712e+00 1.802192016601562500e+03
2.962451258228716799e+00 1.760250488281250000e+03
2.965885984325213887e+00 1.720681152343750000e+03
2.969320710421710974e+00 1.648013305664062500e+03
2.972755436518208061e+00 1.623601684570312500e+03
2.976190162614705148e+00 1.611624145507812500e+03
2.979624888711201791e+00 1.590589477539062500e+03
2.983059614807698878e+00 1.574611328125000000e+03
2.986494340904196410e+00 1.555962158203125000e+03
2.989929067000693053e+00 1.539809448242187500e+03
2.993363793097190140e+00 1.533011718750000000e+03
2.996798519193687671e+00 1.517062500000000000e+03
3.000233245290184314e+00 1.488910156250000000e+03
3.003667971386681401e+00 1.474421142578125000e+03
3.007102697483178932e+00 1.460905517578125000e+03
3.010537423579675576e+00 1.444270507812500000e+03
3.013972149676172663e+00 1.428056640625000000e+03
3.017406875772669750e+00 1.422868774414062500e+03
3.020841601869166837e+00 1.418105102539062500e+03
3.024276327965663924e+00 1.410152343750000000e+03
3.027711054062160567e+00 1.402025512695312500e+03
3.031145780158658098e+00 1.408784667968750000e+03
3.034580506255155186e+00 1.400022705078125000e+03
3.038015232351651829e+00 1.391623046875000000e+03
3.041449958448149360e+00 1.381053222656250000e+03
3.044884684544646447e+00 1.372648071289062500e+03
3.048319410641143090e+00 1.373156372070312500e+03
3.051754136737640177e+00 1.367979980468750000e+03
3.055188862834137709e+00 1.372744384765625000e+03
3.058623588930634352e+00 1.360656616210937500e+03
3.062058315027131439e+00 1.348635131835937500e+03
3.065493041123628526e+00 1.332438964843750000e+03
3.068927767220125613e+00 1.331575927734375000e+03
3.072362493316622700e+00 1.326442382812500000e+03
3.075797219413119787e+00 1.330251464843750000e+03
3.079231945509616875e+00 1.331935424804687500e+03
3.082666671606113962e+00 1.334133789062500000e+03
3.086101397702611049e+00 1.323498168945312500e+03
3.089536123799108136e+00 1.311048095703125000e+03
3.092970849895605223e+00 1.303808471679687500e+03
3.096405575992101866e+00 1.301086303710937500e+03
3.099840302088599397e+00 1.306561767578125000e+03
3.103275028185096041e+00 1.305997558593750000e+03
3.106709754281593128e+00 1.301634765625000000e+03
3.110144480378090659e+00 1.294170898437500000e+03
3.113579206474587302e+00 1.297381347656250000e+03
3.117013932571084389e+00 1.306771118164062500e+03
3.120448658667581920e+00 1.314931518554687500e+03
3.123883384764078563e+00 1.320784423828125000e+03
3.127318110860575651e+00 1.317835449218750000e+03
3.130752836957072738e+00 1.320962890625000000e+03
3.134187563053569825e+00 1.316086181640625000e+03
3.137622289150066912e+00 1.308683959960937500e+03
3.141057015246563999e+00 1.295973999023437500e+03
3.144491741343061086e+00 1.288225341796875000e+03
3.147926467439558174e+00 1.287256958007812500e+03
3.151361193536054817e+00 1.282130126953125000e+03
3.154795919632552348e+00 1.281291625976562500e+03
3.158230645729049435e+00 1.274753173828125000e+03
3.161665371825546078e+00 1.275042602539062500e+03
3.165100097922043609e+00 1.278083129882812500e+03
3.168534824018540696e+00 1.280823852539062500e+03
3.171969550115037340e+00 1.273560058593750000e+03
3.175404276211534427e+00 1.265960327148437500e+03
3.178839002308031958e+00 1.259841552734375000e+03
3.182273728404528601e+00 1.256499389648437500e+03
3.185708454501025688e+00 1.255812866210937500e+03
3.189143180597522775e+00 1.249350830078125000e+03
3.192577906694019862e+00 1.246847534179687500e+03
3.196012632790516950e+00 1.242870727539062500e+03
3.199447358887014037e+00 1.255837402343750000e+03
3.202882084983511124e+00 1.260446411132812500e+03
3.206316811080008211e+00 1.258663818359375000e+03
3.209751537176505298e+00 1.251767578125000000e+03
3.213186263273002385e+00 1.245847778320312500e+03
3.216620989369499473e+00 1.244159912109375000e+03
3.220055715465996116e+00 1.241035156250000000e+03
3.223490441562493647e+00 1.241310424804687500e+03
3.226925167658990734e+00 1.234053466796875000e+03
3.230359893755487377e+00 1.228004394531250000e+03
3.233794619851984908e+00 1.227902709960937500e+03
3.237229345948481551e+00 1.240152954101562500e+03
3.240664072044978639e+00 1.251620849609375000e+03
3.244098798141476170e+00 1.255716552734375000e+03
3.247533524237972813e+00 1.250921142578125000e+03
3.250968250334469900e+00 1.251185791015625000e+03
3.254402976430966987e+00 1.249876953125000000e+03
3.257837702527464074e+00 1.250369750976562500e+03
3.261272428623961162e+00 1.239947509765625000e+03
3.264707154720458249e+00 1.235934326171875000e+03
3.268141880816955336e+00 1.238218627929687500e+03
3.271576606913452423e+00 1.247181640625000000e+03
3.275011333009949510e+00 1.253612792968750000e+03
3.278446059106446597e+00 1.260102416992187500e+03
3.281880785202943684e+00 1.265619506835937500e+03
3.285315511299440328e+00 1.271898925781250000e+03
3.288750237395937859e+00 1.274167114257812500e+03
3.292184963492434946e+00 1.275489257812500000e+03
3.295619689588931589e+00 1.276789794921875000e+03
3.299054415685428676e+00 1.286882690429687500e+03
3.302489141781926207e+00 1.295785034179687500e+03
3.305923867878422850e+00 1.308764282226562500e+03
3.309358593974919938e+00 1.310304565429687500e+03
3.312793320071417469e+00 1.321813476562500000e+03
3.316228046167914112e+00 1.325920898437500000e+03
3.319662772264411199e+00 1.341380981445312500e+03
3.323097498360908286e+00 1.358990844726562500e+03
3.326532224457405373e+00 1.384103759765625000e+03
3.329966950553902461e+00 1.410113403320312500e+03
3.333401676650399548e+00 1.451488647460937500e+03
3.336836402746896635e+00 1.493848022460937500e+03
3.340271128843393722e+00 1.565885986328125000e+03
3.343705854939890365e+00 1.733660522460937500e+03
3.347140581036387896e+00 2.015049316406250000e+03
3.350575307132884983e+00 2.561202636718750000e+03
3.354010033229381627e+00 4.191868652343750000e+03
3.357444759325879158e+00 7.204147949218750000e+03
3.360879485422376245e+00 1.154089648437500000e+04
3.364314211518872888e+00 1.867922460937500000e+04
3.367748937615370419e+00 2.273885742187500000e+04
3.371183663711867062e+00 2.511671289062500000e+04
3.374618389808364149e+00 2.115521093750000000e+04
3.378053115904861237e+00 1.524123339843750000e+04
3.381487842001358324e+00 9.148461914062500000e+03
3.384922568097855411e+00 4.665959960937500000e+03
3.388357294194352498e+00 3.000854248046875000e+03
3.391792020290849585e+00 2.211469970703125000e+03
3.395226746387346672e+00 1.787998657226562500e+03
3.398661472483843760e+00 1.617889770507812500e+03
3.402096198580340847e+00 1.521715576171875000e+03
3.405530924676837934e+00 1.442372070312500000e+03
3.408965650773335021e+00 1.389892700195312500e+03
3.412400376869832108e+00 1.361308105468750000e+03
3.415835102966329195e+00 1.337698608398437500e+03
3.419269829062825838e+00 1.326145141601562500e+03
3.422704555159322926e+00 1.322379516601562500e+03
3.426139281255820457e+00 1.307442382812500000e+03
3.429574007352317100e+00 1.283999389648437500e+03
3.433008733448814187e+00 1.260589721679687500e+03
3.436443459545311718e+00 1.246363037109375000e+03
3.439878185641808361e+00 1.232037597656250000e+03
3.443312911738305448e+00 1.228034667968750000e+03
3.446747637834802980e+00 1.227342651367187500e+03
3.450182363931299623e+00 1.227611083984375000e+03
3.453617090027796710e+00 1.217385620117187500e+03
3.457051816124293797e+00 1.210547729492187500e+03
3.460486542220790884e+00 1.207461425781250000e+03
3.463921268317287971e+00 1.203001220703125000e+03
3.467355994413784614e+00 1.198222900390625000e+03
3.470790720510282146e+00 1.187342773437500000e+03
3.474225446606779233e+00 1.185844116210937500e+03
3.477660172703275876e+00 1.177822998046875000e+03
3.481094898799773407e+00 1.173687866210937500e+03
3.484529624896270494e+00 1.173344116210937500e+03
3.487964350992767137e+00 1.176387817382812500e+03
3.491399077089264669e+00 1.172806030273437500e+03
3.494833803185761756e+00 1.167865356445312500e+03
3.498268529282258399e+00 1.159016845703125000e+03
3.501703255378755486e+00 1.151408691406250000e+03
3.505137981475252573e+00 1.150798461914062500e+03
3.508572707571749660e+00 1.152939819335937500e+03
3.512007433668246748e+00 1.154496093750000000e+03
3.515442159764743835e+00 1.153389404296875000e+03
3.518876885861240922e+00 1.148474121093750000e+03
3.522311611957738009e+00 1.141247558593750000e+03
3.525746338054235096e+00 1.127962524414062500e+03
3.529181064150732183e+00 1.124316040039062500e+03
3.532615790247229270e+00 1.126093627929687500e+03
3.536050516343726358e+00 1.117079467773437500e+03
3.539485242440223445e+00 1.114488647460937500e+03
3.542919968536720088e+00 1.116304565429687500e+03
3.546354694633217175e+00 1.123818847656250000e+03
3.549789420729714706e+00 1.131272583007812500e+03
3.553224146826211349e+00 1.137845581054687500e+03
3.556658872922708436e+00 1.142023925781250000e+03
3.560093599019205968e+00 1.142097412109375000e+03
3.563528325115702611e+00 1.136945190429687500e+03
3.566963051212199698e+00 1.137673706054687500e+03
3.570397777308697229e+00 1.129077026367187500e+03
3.573832503405193872e+00 1.125441528320312500e+03
3.577267229501690959e+00 1.122101440429687500e+03
3.580701955598188047e+00 1.125300292968750000e+03
3.584136681694685134e+00 1.123261596679687500e+03
3.587571407791181777e+00 1.128022705078125000e+03
3.591006133887679308e+00 1.128589599609375000e+03
3.594440859984176395e+00 1.133529785156250000e+03
3.597875586080673038e+00 1.138958496093750000e+03
3.601310312177170569e+00 1.143235107421875000e+03
3.604745038273667657e+00 1.135615844726562500e+03
3.608179764370164300e+00 1.126716552734375000e+03
3.611614490466661831e+00 1.133074340820312500e+03
3.615049216563158918e+00 1.140448486328125000e+03
3.618483942659655561e+00 1.141557128906250000e+03
3.621918668756153092e+00 1.135251098632812500e+03
3.625353394852649735e+00 1.133263427734375000e+03
3.628788120949146823e+00 1.131969848632812500e+03
3.632222847045644354e+00 1.133578002929687500e+03
3.635657573142140997e+00 1.140060546875000000e+03
3.639092299238638084e+00 1.147979248046875000e+03
3.642527025335135615e+00 1.155563354492187500e+03
3.645961751431632258e+00 1.159797119140625000e+03
3.649396477528129346e+00 1.161275146484375000e+03
3.652831203624625989e+00 1.170508300781250000e+03
3.656265929721123520e+00 1.178564819335937500e+03
3.659700655817620607e+00 1.183306396484375000e+03
3.663135381914117250e+00 1.181712890625000000e+03
3.666570108010614781e+00 1.181274658203125000e+03
3.670004834107111424e+00 1.189913452148437500e+03
3.673439560203608512e+00 1.204888793945312500e+03
3.676874286300106043e+00 1.218715209960937500e+03
3.680309012396602686e+00 1.224529174804687500e+03
3.683743738493099773e+00 1.235273193359375000e+03
3.687178464589597304e+00 1.250037109375000000e+03
3.690613190686093947e+00 1.259501220703125000e+03
3.694047916782591034e+00 1.267585693359375000e+03
3.697482642879088566e+00 1.279111938476562500e+03
3.700917368975585209e+00 1.300239746093750000e+03
3.704352095072082296e+00 1.319408081054687500e+03
3.707786821168579827e+00 1.339406860351562500e+03
3.711221547265076470e+00 1.365622192382812500e+03
3.714656273361573113e+00 1.387026733398437500e+03
3.718090999458071089e+00 1.430147949218750000e+03
3.721525725554567732e+00 1.470976806640625000e+03
3.724960451651064375e+00 1.523040283203125000e+03
3.728395177747561906e+00 1.578934326171875000e+03
3.731829903844058993e+00 1.656771118164062500e+03
3.735264629940555636e+00 1.784158081054687500e+03
3.738699356037052723e+00 2.019682495117187500e+03
3.742134082133550255e+00 2.426083496093750000e+03
3.745568808230046898e+00 3.223125488281250000e+03
3.749003534326543985e+00 5.059562011718750000e+03
3.752438260423041516e+00 9.370330078125000000e+03
3.755872986519538159e+00 1.725812500000000000e+04
3.759307712616034802e+00 3.036722265625000000e+04
3.762742438712532778e+00 4.371748828125000000e+04
3.766177164809029421e+00 5.031428125000000000e+04
3.769611890905526064e+00 4.870246875000000000e+04
3.773046617002023595e+00 3.769219140625000000e+04
3.776481343098520682e+00 2.588718359375000000e+04
3.779916069195017325e+00 1.424561230468750000e+04
3.783350795291514856e+00 7.524937988281250000e+03
3.786785521388011944e+00 4.408893554687500000e+03
3.790220247484508587e+00 2.921975585937500000e+03
3.793654973581006118e+00 2.271197509765625000e+03
3.797089699677503205e+00 1.970349121093750000e+03
3.800524425773999848e+00 1.777190795898437500e+03
3.803959151870497379e+00 1.648967895507812500e+03
3.807393877966994467e+00 1.569780151367187500e+03
3.810828604063491110e+00 1.509140258789062500e+03
3.814263330159988641e+00 1.455639404296875000e+03
3.817698056256485284e+00 1.411737915039062500e+03
3.821132782352982371e+00 1.375154418945312500e+03
3.824567508449479902e+00 1.346332275390625000e+03
3.828002234545976545e+00 1.315756835937500000e+03
3.831436960642473633e+00 1.286046142578125000e+03
3.834871686738970276e+00 1.260279785156250000e+03
3.838306412835467807e+00 1.250180664062500000e+03
3.841741138931964894e+00 1.235759033203125000e+03
3.845175865028461537e+00 1.215646728515625000e+03
3.848610591124959068e+00 1.194050537109375000e+03
3.852045317221456155e+00 1.184347412109375000e+03
3.855480043317952799e+00 1.177152343750000000e+03
3.858914769414450330e+00 1.162501586914062500e+03
3.862349495510946973e+00 1.149758911132812500e+03
3.865784221607444060e+00 1.143381225585937500e+03
3.869218947703941591e+00 1.135765502929687500e+03
3.872653673800438234e+00 1.126143432617187500e+03
3.876088399896935321e+00 1.112666503906250000e+03
3.879523125993432853e+00 1.111488891601562500e+03
3.882957852089929496e+00 1.106857299804687500e+03
3.886392578186426583e+00 1.103410888671875000e+03
3.889827304282924114e+00 1.087310424804687500e+03
3.893262030379420757e+00 1.081030639648437500e+03
3.896696756475917844e+00 1.075694702148437500e+03
3.900131482572415376e+00 1.076126220703125000e+03
3.903566208668912019e+00 1.067744018554687500e+03
3.907000934765408662e+00 1.061837158203125000e+03
3.910435660861906637e+00 1.054881225585937500e+03
3.913870386958403280e+00 1.048824951171875000e+03
3.917305113054899923e+00 1.041048217773437500e+03
3.920739839151397010e+00 1.030983642578125000e+03
3.924174565247894542e+00 1.028287963867187500e+03
3.927609291344391185e+00 1.025820922851562500e+03
3.931044017440888272e+00 1.027310302734375000e+03
3.934478743537385803e+00 1.029258178710937500e+03
3.937913469633882446e+00 1.024341186523437500e+03
3.941348195730379533e+00 1.027065795898437500e+03
3.944782921826877065e+00 1.029241088867187500e+03
3.948217647923373708e+00 1.037494873046875000e+03
3.951652374019870351e+00 1.035443603515625000e+03
3.955087100116368326e+00 1.026255249023437500e+03
3.958521826212864969e+00 1.018400329589843750e+03
3.961956552309361612e+00 1.022015686035156250e+03
3.965391278405859588e+00 1.044300048828125000e+03
3.968826004502356231e+00 1.052662475585937500e+03
3.972260730598852874e+00 1.046226196289062500e+03
3.975695456695350405e+00 1.023513793945312500e+03
3.979130182791847492e+00 1.013827453613281250e+03
3.982564908888344135e+00 1.017948486328125000e+03
3.985999634984841666e+00 1.016266784667968750e+03
3.989434361081338754e+00 1.010850463867187500e+03
3.992869087177835397e+00 9.984019165039062500e+02
3.996303813274332928e+00 9.974902343750000000e+02
3.999738539370830015e+00 1.001139770507812500e+03
4.003173265467326658e+00 1.005906372070312500e+03
4.006607991563823745e+00 1.012799255371093750e+03
4.010042717660320832e+00 1.017869262695312500e+03
4.013477443756817920e+00 1.025536987304687500e+03
4.016912169853315007e+00 1.031373535156250000e+03
4.020346895949812094e+00 1.034788574218750000e+03
4.023781622046309181e+00 1.035200195312500000e+03
4.027216348142806268e+00 1.031782958984375000e+03
4.030651074239303355e+00 1.026035644531250000e+03
4.034085800335800442e+00 1.030208374023437500e+03
4.037520526432297530e+00 1.040362304687500000e+03
4.040955252528794617e+00 1.055955200195312500e+03
4.044389978625291704e+00 1.065292724609375000e+03
4.047824704721788791e+00 1.061796997070312500e+03
4.051259430818285878e+00 1.059406738281250000e+03
4.054694156914782965e+00 1.058419921875000000e+03
4.058128883011279164e+00 1.069852539062500000e+03
4.061563609107777140e+00 1.083986450195312500e+03
4.064998335204274227e+00 1.091841552734375000e+03
4.068433061300770426e+00 1.103482788085937500e+03
4.071867787397268401e+00 1.113240722656250000e+03
4.075302513493765488e+00 1.129387329101562500e+03
4.078737239590261687e+00 1.156086303710937500e+03
4.082171965686759663e+00 1.181465942382812500e+03
4.085606691783256750e+00 1.208402832031250000e+03
4.089041417879752949e+00 1.227474121093750000e+03
4.092476143976250036e+00 1.282020996093750000e+03
4.095910870072748011e+00 1.356745483398437500e+03
4.099345596169244210e+00 1.484065795898437500e+03
4.102780322265741297e+00 1.729209350585937500e+03
4.106215048362239273e+00 2.259746093750000000e+03
4.109649774458735472e+00 3.317787109375000000e+03
4.113084500555232559e+00 5.791050292968750000e+03
4.116519226651730534e+00 1.038813378906250000e+04
4.119953952748226733e+00 1.599856933593750000e+04
4.123388678844723820e+00 2.141875976562500000e+04
4.126823404941220907e+00 2.329431054687500000e+04
4.130258131037717995e+00 2.235576367187500000e+04
4.133692857134215082e+00 1.766995312500000000e+04
4.137127583230712169e+00 1.196212792968750000e+04
4.140562309327209256e+00 6.887367675781250000e+03
4.143997035423706343e+00 3.909414306640625000e+03
4.147431761520203430e+00 2.439411621093750000e+03
4.150866487616700518e+00 1.834189819335937500e+03
4.154301213713197605e+00 1.538985961914062500e+03
4.157735939809694692e+00 1.378604125976562500e+03
4.161170665906191779e+00 1.290016479492187500e+03
4.164605392002688866e+00 1.234471923828125000e+03
4.168040118099185953e+00 1.201809204101562500e+03
4.171474844195683040e+00 1.171644042968750000e+03
4.174909570292180128e+00 1.149852294921875000e+03
4.178344296388677215e+00 1.133924194335937500e+03
4.181779022485174302e+00 1.125771972656250000e+03
4.185213748581671389e+00 1.115483520507812500e+03
4.188648474678167588e+00 1.097502319335937500e+03
4.192083200774665563e+00 1.082392456054687500e+03
4.195517926871162651e+00 1.071108764648437500e+03
4.198952652967658850e+00 1.067254394531250000e+03
4.202387379064156825e+00 1.061720092773437500e+03
4.205822105160653912e+00 1.047828002929687500e+03
4.209256831257150111e+00 1.033109252929687500e+03
4.212691557353648086e+00 1.023459289550781250e+03
4.216126283450144285e+00 1.015309631347656250e+03
4.219561009546641372e+00 1.006764770507812500e+03
4.222995735643139348e+00 1.000499511718750000e+03
4.226430461739635547e+00 1.002689941406250000e+03
4.229865187836132634e+00 9.981017456054687500e+02
4.233299913932630609e+00 9.851695556640625000e+02
4.236734640029126808e+00 9.751945190429687500e+02
4.240169366125623895e+00 9.614243164062500000e+02
4.243604092222121871e+00 9.548109741210937500e+02
4.247038818318618070e+00 9.482353515625000000e+02
4.250473544415115157e+00 9.501483154296875000e+02
4.253908270511613132e+00 9.528226928710937500e+02
4.257342996608109331e+00 9.506327514648437500e+02
4.260777722704606418e+00 9.476639404296875000e+02
4.264212448801104394e+00 9.444602050781250000e+02
4.267647174897600593e+00 9.419486694335937500e+02
4.271081900994097680e+00 9.379967651367187500e+02
4.274516627090594767e+00 9.352058715820312500e+02
4.277951353187091854e+00 9.361282958984375000e+02
4.281386079283588941e+00 9.417732543945312500e+02
4.284820805380086028e+00 9.388518066406250000e+02
4.288255531476583116e+00 9.339145507812500000e+02
4.291690257573080203e+00 9.283469238281250000e+02
4.295124983669576402e+00 9.292709960937500000e+02
4.298559709766074377e+00 9.336922607421875000e+02
4.301994435862571464e+00 9.327673950195312500e+02
4.305429161959067663e+00 9.391212768554687500e+02
4.308863888055565639e+00 9.395476074218750000e+02
4.312298614152062726e+00 9.430039672851562500e+02
4.315733340248558925e+00 9.393678588867187500e+02
4.319168066345056900e+00 9.320086059570312500e+02
4.322602792441553987e+00 9.235317382812500000e+02
4.326037518538050186e+00 9.133037719726562500e+02
4.329472244634548161e+00 9.063038940429687500e+02
4.332906970731045249e+00 9.033117675781250000e+02
4.336341696827541448e+00 9.064708862304687500e+02
4.339776422924039423e+00 9.113531494140625000e+02
4.343211149020536510e+00 9.158920288085937500e+02
4.346645875117032709e+00 9.152642822265625000e+02
4.350080601213530684e+00 9.137575683593750000e+02
4.353515327310027772e+00 9.154287109375000000e+02
4.356950053406523971e+00 9.127038574218750000e+02
4.360384779503021058e+00 9.100550537109375000e+02
4.363819505599518145e+00 8.992538452148437500e+02
4.367254231696015232e+00 8.923158569335937500e+02
4.370688957792512319e+00 8.871671752929687500e+02
4.374123683889009406e+00 8.932520141601562500e+02
4.377558409985506493e+00 9.038417968750000000e+02
4.380993136082003581e+00 9.034810180664062500e+02
4.384427862178500668e+00 8.982997436523437500e+02
4.387862588274997755e+00 8.926639404296875000e+02
4.391297314371494842e+00 8.993368530273437500e+02
4.394732040467991929e+00 9.036752319335937500e+02
4.398166766564489016e+00 9.067772216796875000e+02
4.401601492660986104e+00 9.045623168945312500e+02
4.405036218757483191e+00 9.077074584960937500e+02
4.408470944853980278e+00 9.058713378906250000e+02
4.411905670950477365e+00 9.051719360351562500e+02
4.415340397046974452e+00 8.991696777343750000e+02
4.418775123143471539e+00 8.969154663085937500e+02
4.422209849239968626e+00 8.982401733398437500e+02
4.425644575336465714e+00 8.908483276367187500e+02
4.429079301432962801e+00 8.924915771484375000e+02
4.432514027529459888e+00 8.868459472656250000e+02
4.435948753625956975e+00 8.872421264648437500e+02
4.439383479722454062e+00 8.905383911132812500e+02
4.442818205818951149e+00 8.888309936523437500e+02
4.446252931915447348e+00 8.919472045898437500e+02
4.449687658011945324e+00 8.841290893554687500e+02
4.453122384108441523e+00 8.866163940429687500e+02
4.456557110204938610e+00 8.917280273437500000e+02
4.459991836301436585e+00 8.965322875976562500e+02
4.463426562397932784e+00 9.005059204101562500e+02
4.466861288494429871e+00 8.905546264648437500e+02
4.470296014590927847e+00 8.860386962890625000e+02
4.473730740687424046e+00 8.789255371093750000e+02
4.477165466783921133e+00 8.772589111328125000e+02
4.480600192880419108e+00 8.762706298828125000e+02
4.484034918976915307e+00 8.773421630859375000e+02
4.487469645073412394e+00 8.810128784179687500e+02
4.490904371169910370e+00 8.809468383789062500e+02
4.494339097266406569e+00 8.732515869140625000e+02
4.497773823362903656e+00 8.621719970703125000e+02
4.501208549459401631e+00 8.667640380859375000e+02
4.504643275555897830e+00 8.808062133789062500e+02
4.508078001652394917e+00 8.901503295898437500e+02
4.511512727748892893e+00 8.860427856445312500e+02
4.514947453845389091e+00 8.789725952148437500e+02
4.518382179941886179e+00 8.790999755859375000e+02
4.521816906038383266e+00 8.824561157226562500e+02
4.525251632134880353e+00 8.897826538085937500e+02
4.528686358231377440e+00 8.918900146484375000e+02
4.532121084327874527e+00 8.842723999023437500e+02
4.535555810424371614e+00 8.825437622070312500e+02
4.538990536520868702e+00 8.808186035156250000e+02
4.542425262617364901e+00 8.752955932617187500e+02
4.545859988713862876e+00 8.723975219726562500e+02
4.549294714810359963e+00 8.699337158203125000e+02
4.552729440906856162e+00 8.777510986328125000e+02
4.556164167003354137e+00 8.747574462890625000e+02
4.559598893099851225e+00 8.748802490234375000e+02
4.563033619196347423e+00 8.699999389648437500e+02
4.566468345292845399e+00 8.742844848632812500e+02
4.569903071389342486e+00 8.736484985351562500e+02
4.573337797485838685e+00 8.762199707031250000e+02
4.576772523582336660e+00 8.756902465820312500e+02
4.580207249678833747e+00 8.743532104492187500e+02
4.583641975775329946e+00 8.670545654296875000e+02
4.587076701871827922e+00 8.594238281250000000e+02
4.590511427968325009e+00 8.658572387695312500e+02
4.593946154064821208e+00 8.775481567382812500e+02
4.597380880161319183e+00 8.833059692382812500e+02
4.600815606257816270e+00 8.758927612304687500e+02
4.604250332354312469e+00 8.733904418945312500e+02
4.607685058450810445e+00 8.711486206054687500e+02
4.611119784547306644e+00 8.799682006835937500e+02
4.614554510643803731e+00 8.851809692382812500e+02
4.617989236740300818e+00 8.858209228515625000e+02
4.621423962836797905e+00 8.812607421875000000e+02
4.624858688933294992e+00 8.697356567382812500e+02
4.628293415029792079e+00 8.735269165039062500e+02
4.631728141126289167e+00 8.797963256835937500e+02
4.635162867222786254e+00 8.854027709960937500e+02
4.638597593319283341e+00 8.838985595703125000e+02
4.642032319415780428e+00 8.840119628906250000e+02
4.645467045512277515e+00 8.883896484375000000e+02
4.648901771608774602e+00 8.871267700195312500e+02
4.652336497705271690e+00 8.925624389648437500e+02
4.655771223801768777e+00 8.876668090820312500e+02
4.659205949898265864e+00 8.841898803710937500e+02
4.662640675994762951e+00 8.796693725585937500e+02
4.666075402091260038e+00 8.797418212890625000e+02
4.669510128187757125e+00 8.862052001953125000e+02
4.672944854284254212e+00 8.862522583007812500e+02
4.676379580380751300e+00 8.962993164062500000e+02
4.679814306477248387e+00 9.007883911132812500e+02
4.683249032573745474e+00 9.028911132812500000e+02
4.686683758670242561e+00 9.040494995117187500e+02
4.690118484766739648e+00 9.042381591796875000e+02
4.693553210863236735e+00 9.093085937500000000e+02
4.696987936959733823e+00 9.088182373046875000e+02
4.700422663056230022e+00 9.152714843750000000e+02
4.703857389152727997e+00 9.144489746093750000e+02
4.707292115249225084e+00 9.228796997070312500e+02
4.710726841345721283e+00 9.284734497070312500e+02
4.714161567442218370e+00 9.383426513671875000e+02
4.717596293538716345e+00 9.449330444335937500e+02
4.721031019635212544e+00 9.475841674804687500e+02
4.724465745731709632e+00 9.573629760742187500e+02
4.727900471828207607e+00 9.720522460937500000e+02
4.731335197924703806e+00 9.920769042968750000e+02
4.734769924021200893e+00 1.015978027343750000e+03
4.738204650117698868e+00 1.058087646484375000e+03
4.741639376214195067e+00 1.135179565429687500e+03
4.745074102310692155e+00 1.293556152343750000e+03
4.748508828407190130e+00 1.688586547851562500e+03
4.751943554503686329e+00 2.475461425781250000e+03
4.755378280600183416e+00 3.886498046875000000e+03
4.758813006696681391e+00 6.258493164062500000e+03
4.762247732793177590e+00 8.621351562500000000e+03
4.765682458889674677e+00 9.928762695312500000e+03
4.769117184986171765e+00 9.485994140625000000e+03
4.772551911082668852e+00 7.235732421875000000e+03
4.775986637179165939e+00 4.959713378906250000e+03
4.779421363275663026e+00 2.980989501953125000e+03
4.782856089372160113e+00 1.974811889648437500e+03
4.786290815468657200e+00 1.471413574218750000e+03
4.789725541565154288e+00 1.217581420898437500e+03
4.793160267661651375e+00 1.109789794921875000e+03
4.796594993758148462e+00 1.056194946289062500e+03
4.800029719854644661e+00 1.019400085449218750e+03
4.803464445951142636e+00 9.956090087890625000e+02
4.806899172047639723e+00 9.841304931640625000e+02
4.810333898144135922e+00 9.692731323242187500e+02
4.813768624240633898e+00 9.566317749023437500e+02
4.817203350337130985e+00 9.464407958984375000e+02
4.820638076433627184e+00 9.481946411132812500e+02
4.824072802530125159e+00 9.514599609375000000e+02
4.827507528626622246e+00 9.470702514648437500e+02
4.830942254723118445e+00 9.343911132812500000e+02
4.834376980819616421e+00 9.304191894531250000e+02
4.837811706916113508e+00 9.223520507812500000e+02
4.841246433012609707e+00 9.250425415039062500e+02
4.844681159109107682e+00 9.217675170898437500e+02
4.848115885205604769e+00 9.274408569335937500e+02
4.851550611302100968e+00 9.212649536132812500e+02
4.854985337398598944e+00 9.119193725585937500e+02
4.858420063495095143e+00 9.111124267578125000e+02
4.861854789591592230e+00 9.120207519531250000e+02
4.865289515688090205e+00 9.136766357421875000e+02
4.868724241784586404e+00 9.171366577148437500e+02
4.872158967881083491e+00 9.187713623046875000e+02
4.875593693977581466e+00 9.164087524414062500e+02
4.879028420074077665e+00 9.098123168945312500e+02
4.882463146170574753e+00 9.044976196289062500e+02
4.885897872267071840e+00 9.027366333007812500e+02
4.889332598363568927e+00 9.038493041992187500e+02
4.892767324460066014e+00 9.054622802734375000e+02
4.896202050556563101e+00 9.050944213867187500e+02
4.899636776653060188e+00 9.037696533203125000e+02
4.903071502749557276e+00 9.036369628906250000e+02
4.906506228846054363e+00 9.003445434570312500e+02
4.909940954942551450e+00 8.976387329101562500e+02
4.913375681039048537e+00 8.757291259765625000e+02
4.916810407135545624e+00 8.795211181640625000e+02
4.920245133232042711e+00 8.779964599609375000e+02
4.923679859328539798e+00 9.008833618164062500e+02
4.927114585425036886e+00 9.084968261718750000e+02
4.930549311521533973e+00 9.202695312500000000e+02
4.933984037618031060e+00 9.277984619140625000e+02
4.937418763714528147e+00 9.270656127929687500e+02
4.940853489811025234e+00 9.221006469726562500e+02
4.944288215907522321e+00 9.198634033203125000e+02
4.947722942004018520e+00 9.270997314453125000e+02
4.951157668100516496e+00 9.363515625000000000e+02
4.954592394197013583e+00 9.473898925781250000e+02
4.958027120293509782e+00 9.488437500000000000e+02
4.961461846390007757e+00 9.526687011718750000e+02
4.964896572486504844e+00 9.582218627929687500e+02
4.968331298583001043e+00 9.639430541992187500e+02
4.971766024679498130e+00 9.743084716796875000e+02
4.975200750775996106e+00 9.887564086914062500e+02
4.978635476872492305e+00 1.004389587402343750e+03
4.982070202968989392e+00 1.013926635742187500e+03
4.985504929065487367e+00 1.020428100585937500e+03
4.988939655161983566e+00 1.027571289062500000e+03
4.992374381258480653e+00 1.038403320312500000e+03
4.995809107354978629e+00 1.046642944335937500e+03
4.999243833451474828e+00 1.056559814453125000e+03
5.002678559547971915e+00 1.068707397460937500e+03
5.006113285644469002e+00 1.093740356445312500e+03
5.009548011740966089e+00 1.122609008789062500e+03
5.012982737837463176e+00 1.157937377929687500e+03
5.016417463933960263e+00 1.202473632812500000e+03
5.019852190030457351e+00 1.254120117187500000e+03
5.023286916126954438e+00 1.326412597656250000e+03
5.026721642223451525e+00 1.442853759765625000e+03
5.030156368319948612e+00 1.650202514648437500e+03
5.033591094416445699e+00 2.055422851562500000e+03
5.037025820512942786e+00 2.915152587890625000e+03
5.040460546609439874e+00 4.932919433593750000e+03
5.043895272705936961e+00 8.622719726562500000e+03
5.047329998802434048e+00 1.582446191406250000e+04
5.050764724898931135e+00 2.452020703125000000e+04
5.054199450995428222e+00 3.112410546875000000e+04
5.057634177091925309e+00 3.217198828125000000e+04
5.061068903188422397e+00 2.649954882812500000e+04
5.064503629284919484e+00 1.858770312500000000e+04
5.067938355381415683e+00 1.045996679687500000e+04
5.071373081477913658e+00 5.692641113281250000e+03
5.074807807574410745e+00 3.335164550781250000e+03
5.078242533670906944e+00 2.258774902343750000e+03
5.081677259767404919e+00 1.759907470703125000e+03
5.085111985863902007e+00 1.511829223632812500e+03
5.088546711960398206e+00 1.369186035156250000e+03
5.091981438056896181e+00 1.280609130859375000e+03
5.095416164153392380e+00 1.230055175781250000e+03
5.098850890249889467e+00 1.180348144531250000e+03
5.102285616346387442e+00 1.146062377929687500e+03
5.105720342442883641e+00 1.117615966796875000e+03
5.109155068539380729e+00 1.104642089843750000e+03
5.112589794635878704e+00 1.083183715820312500e+03
5.116024520732374903e+00 1.062456665039062500e+03
5.119459246828871990e+00 1.042300292968750000e+03
5.122893972925369965e+00 1.027854248046875000e+03
5.126328699021866164e+00 1.014610351562500000e+03
5.129763425118363251e+00 1.003138427734375000e+03
5.133198151214861227e+00 9.919693603515625000e+02
5.136632877311357426e+00 9.784666137695312500e+02
5.140067603407854513e+00 9.768223266601562500e+02
5.143502329504352488e+00 9.810213012695312500e+02
5.146937055600848687e+00 9.852836914062500000e+02
5.150371781697345774e+00 9.788584594726562500e+02
5.153806507793842862e+00 9.643052368164062500e+02
5.157241233890339949e+00 9.526646728515625000e+02
5.160675959986837036e+00 9.389509887695312500e+02
5.164110686083334123e+00 9.289346313476562500e+02
5.167545412179831210e+00 9.288302612304687500e+02
5.170980138276328297e+00 9.261628417968750000e+02
5.174414864372825384e+00 9.292095947265625000e+02
5.177849590469322472e+00 9.239265747070312500e+02
5.181284316565819559e+00 9.284179077148437500e+02
5.184719042662315758e+00 9.277931518554687500e+02
5.188153768758813733e+00 9.229772338867187500e+02
5.191588494855310820e+00 9.128102416992187500e+02
5.195023220951807019e+00 9.126138916015625000e+02
5.198457947048304995e+00 9.178996582031250000e+02
5.201892673144802082e+00 9.227116088867187500e+02
5.205327399241298281e+00 9.172396850585937500e+02
5.208762125337796256e+00 9.109995117187500000e+02
5.212196851434293343e+00 9.135332031250000000e+02
5.215631577530789542e+00 9.141324462890625000e+02
5.219066303627287517e+00 9.175699462890625000e+02
5.222501029723784605e+00 9.117863769531250000e+02
5.225935755820280804e+00 9.110041503906250000e+02
5.229370481916778779e+00 9.109754028320312500e+02
5.232805208013275866e+00 9.201333618164062500e+02
5.236239934109772065e+00 9.262749633789062500e+02
5.239674660206269152e+00 9.274812622070312500e+02
5.243109386302767128e+00 9.234071655273437500e+02
5.246544112399263327e+00 9.243377685546875000e+02
5.249978838495760414e+00 9.297819824218750000e+02
5.253413564592257501e+00 9.402243652343750000e+02
5.256848290688754588e+00 9.483678588867187500e+02
5.260283016785251675e+00 9.491802978515625000e+02
5.263717742881748762e+00 9.503511962890625000e+02
5.267152468978245849e+00 9.592185668945312500e+02
5.270587195074742937e+00 9.685736694335937500e+02
5.274021921171240024e+00 9.810159912109375000e+02
5.277456647267737111e+00 9.875978393554687500e+02
5.280891373364234198e+00 1.000878051757812500e+03
5.284326099460731285e+00 1.018718994140625000e+03
5.287760825557228372e+00 1.042461547851562500e+03
5.291195551653725460e+00 1.067958618164062500e+03
5.294630277750222547e+00 1.100004394531250000e+03
5.298065003846719634e+00 1.169260253906250000e+03
5.301499729943216721e+00 1.266741333007812500e+03
5.304934456039713808e+00 1.434333496093750000e+03
5.308369182136210895e+00 1.816414672851562500e+03
5.311803908232707983e+00 2.629766601562500000e+03
5.315238634329205070e+00 4.134490722656250000e+03
5.318673360425702157e+00 7.484072265625000000e+03
5.322108086522199244e+00 1.176436328125000000e+04
5.325542812618695443e+00 1.647765234375000000e+04
5.328977538715193418e+00 1.965835546875000000e+04
5.332412264811690505e+00 1.957072656250000000e+04
5.335846990908186704e+00 1.620008007812500000e+04
5.339281717004684680e+00 1.105087695312500000e+04
5.342716443101180879e+00 6.306437500000000000e+03
5.346151169197677966e+00 3.697236816406250000e+03
5.349585895294175941e+00 2.305881347656250000e+03
5.353020621390672140e+00 1.666296142578125000e+03
5.356455347487169227e+00 1.407528320312500000e+03
5.359890073583667203e+00 1.253870971679687500e+03
5.363324799680163402e+00 1.163696411132812500e+03
5.366759525776660489e+00 1.113678222656250000e+03
5.370194251873158464e+00 1.081890869140625000e+03
5.373628977969654663e+00 1.057092041015625000e+03
5.377063704066151750e+00 1.037654907226562500e+03
5.380498430162649726e+00 1.022457519531250000e+03
5.383933156259145925e+00 1.005813781738281250e+03
5.387367882355643012e+00 9.921944580078125000e+02
5.390802608452140987e+00 9.810590820312500000e+02
5.394237334548637186e+00 9.754816284179687500e+02
5.397672060645134273e+00 9.675086669921875000e+02
5.401106786741632249e+00 9.591447753906250000e+02
5.404541512838128448e+00 9.449597778320312500e+02
5.407976238934625535e+00 9.432188110351562500e+02
5.411410965031122622e+00 9.378218994140625000e+02
5.414845691127619709e+00 9.321226806640625000e+02
5.418280417224116796e+00 9.267100219726562500e+02
5.421715143320613883e+00 9.268346557617187500e+02
5.425149869417110970e+00 9.268006591796875000e+02
5.428584595513608058e+00 9.229857788085937500e+02
5.432019321610104257e+00 9.200871582031250000e+02
5.435454047706602232e+00 9.164217529296875000e+02
5.438888773803099319e+00 9.107912597656250000e+02
5.442323499899595518e+00 9.043182373046875000e+02
5.445758225996093493e+00 8.996648559570312500e+02
5.449192952092590581e+00 8.955100708007812500e+02
5.452627678189086780e+00 8.919951171875000000e+02
5.456062404285584755e+00 8.838058471679687500e+02
5.459497130382081842e+00 8.845244140625000000e+02
5.462931856478578041e+00 8.833720703125000000e+02
5.466366582575076016e+00 8.855823974609375000e+02
5.469801308671573103e+00 8.870454711914062500e+02
5.473236034768069302e+00 8.854180297851562500e+02
5.476670760864567278e+00 8.822295532226562500e+02
5.480105486961064365e+00 8.749296875000000000e+02
5.483540213057560564e+00 8.790057983398437500e+02
5.486974939154058539e+00 8.860338745117187500e+02
5.490409665250555626e+00 8.836448974609375000e+02
5.493844391347051825e+00 8.816947631835937500e+02
5.497279117443548913e+00 8.771786499023437500e+02
5.500713843540046000e+00 8.779206542968750000e+02
5.504148569636543087e+00 8.794678955078125000e+02
5.507583295733040174e+00 8.833274536132812500e+02
5.511018021829537261e+00 8.871349487304687500e+02
5.514452747926034348e+00 8.870245971679687500e+02
5.517887474022531435e+00 8.902138671875000000e+02
5.521322200119028523e+00 8.957540283203125000e+02
5.524756926215525610e+00 9.055812377929687500e+02
5.528191652312022697e+00 9.128668823242187500e+02
5.531626378408519784e+00 9.197091064453125000e+02
5.535061104505016871e+00 9.258159179687500000e+02
5.538495830601513958e+00 9.324692382812500000e+02
5.541930556698011046e+00 9.347052001953125000e+02
5.545365282794508133e+00 9.397682495117187500e+02
5.548800008891005220e+00 9.511394042968750000e+02
5.552234734987502307e+00 9.706029663085937500e+02
5.555669461083999394e+00 1.001089782714843750e+03
5.559104187180496481e+00 1.041560913085937500e+03
5.562538913276993569e+00 1.104122558593750000e+03
5.565973639373490656e+00 1.210068115234375000e+03
5.569408365469987743e+00 1.442055175781250000e+03
5.572843091566484830e+00 1.914842773437500000e+03
5.576277817662981917e+00 2.882457763671875000e+03
5.579712543759479004e+00 4.816045898437500000e+03
5.583147269855976091e+00 7.530626464843750000e+03
5.586581995952473179e+00 1.023810156250000000e+04
5.590016722048969378e+00 1.245715234375000000e+04
5.593451448145466465e+00 1.194944628906250000e+04
5.596886174241964440e+00 1.000759667968750000e+04
5.600320900338460639e+00 6.649336425781250000e+03
5.603755626434957726e+00 4.141550292968750000e+03
5.607190352531455702e+00 2.540522216796875000e+03
5.610625078627951901e+00 1.654523803710937500e+03
5.614059804724448988e+00 1.327268432617187500e+03
5.617494530820946963e+00 1.160897216796875000e+03
5.620929256917443162e+00 1.066972045898437500e+03
5.624363983013940249e+00 1.013288696289062500e+03
5.627798709110438224e+00 9.791408691406250000e+02
5.631233435206934423e+00 9.548913574218750000e+02
5.634668161303431511e+00 9.452811279296875000e+02
5.638102887399929486e+00 9.374415283203125000e+02
5.641537613496425685e+00 9.263441772460937500e+02
5.644972339592922772e+00 9.193925170898437500e+02
5.648407065689419859e+00 9.122195434570312500e+02
5.651841791785916946e+00 9.071294555664062500e+02
5.655276517882414034e+00 9.004732666015625000e+02
5.658711243978911121e+00 8.984064941406250000e+02
5.662145970075408208e+00 8.923512573242187500e+02
5.665580696171905295e+00 8.843156738281250000e+02
5.669015422268402382e+00 8.783848266601562500e+02
5.672450148364899469e+00 8.772628173828125000e+02
5.675884874461396556e+00 8.730866699218750000e+02
5.679319600557892755e+00 8.704201049804687500e+02
5.682754326654390731e+00 8.652960205078125000e+02
5.686189052750887818e+00 8.636412353515625000e+02
5.689623778847384017e+00 8.606747436523437500e+02
5.693058504943881992e+00 8.541829833984375000e+02
5.696493231040379079e+00 8.498694458007812500e+02
5.699927957136875278e+00 8.481072387695312500e+02
5.703362683233373254e+00 8.514689941406250000e+02
5.706797409329870341e+00 8.523344726562500000e+02
5.710232135426366540e+00 8.479513549804687500e+02
5.713666861522864515e+00 8.412150878906250000e+02
5.717101587619361602e+00 8.377423706054687500e+02
5.720536313715857801e+00 8.333709716796875000e+02
5.723971039812355777e+00 8.340319213867187500e+02
5.727405765908852864e+00 8.301129760742187500e+02
5.730840492005349063e+00 8.308733520507812500e+02
5.734275218101847038e+00 8.297266235351562500e+02
5.737709944198343237e+00 8.278446044921875000e+02
5.741144670294840324e+00 8.222163696289062500e+02
5.744579396391338300e+00 8.218792114257812500e+02
5.748014122487834499e+00 8.277711181640625000e+02
5.751448848584331586e+00 8.390314941406250000e+02
5.754883574680829561e+00 8.461265258789062500e+02
5.758318300777325760e+00 8.455928344726562500e+02
5.761753026873822847e+00 8.386594238281250000e+02
5.765187752970319934e+00 8.380922241210937500e+02
5.768622479066817021e+00 8.394160766601562500e+02
5.772057205163314109e+00 8.359241333007812500e+02
5.775491931259811196e+00 8.319102783203125000e+02
5.778926657356308283e+00 8.282971191406250000e+02
5.782361383452805370e+00 8.325147705078125000e+02
5.785796109549302457e+00 8.350146484375000000e+02
5.789230835645799544e+00 8.352892456054687500e+02
5.792665561742296632e+00 8.385726928710937500e+02
5.796100287838793719e+00 8.373406982421875000e+02
5.799535013935290806e+00 8.398925170898437500e+02
5.802969740031787893e+00 8.360422973632812500e+02
5.806404466128284980e+00 8.407903442382812500e+02
5.809839192224782067e+00 8.491926879882812500e+02
5.813273918321279154e+00 8.732211303710937500e+02
5.816708644417776242e+00 9.093570556640625000e+02
5.820143370514273329e+00 9.731215209960937500e+02
5.823578096610770416e+00 1.080943115234375000e+03
5.827012822707266615e+00 1.366519287109375000e+03
5.830447548803764590e+00 1.855112915039062500e+03
5.833882274900261677e+00 2.417959228515625000e+03
5.837317000996757876e+00 2.949914306640625000e+03
5.840751727093255852e+00 3.074574707031250000e+03
5.844186453189752939e+00 2.802747802734375000e+03
5.847621179286249138e+00 2.220193847656250000e+03
5.851055905382746225e+00 1.630923339843750000e+03
5.854490631479244200e+00 1.248502075195312500e+03
5.857925357575740399e+00 1.043379150390625000e+03
5.861360083672237486e+00 9.343034057617187500e+02
5.864794809768735462e+00 8.895430297851562500e+02
5.868229535865231661e+00 8.593788452148437500e+02
5.871664261961728748e+00 8.443839111328125000e+02
5.875098988058226723e+00 8.372549438476562500e+02
5.878533714154722922e+00 8.395040283203125000e+02
5.881968440251220009e+00 8.381836547851562500e+02
5.885403166347717985e+00 8.364580688476562500e+02
5.888837892444214184e+00 8.341369018554687500e+02
5.892272618540711271e+00 8.283235473632812500e+02
5.895707344637208358e+00 8.277985229492187500e+02
5.899142070733705445e+00 8.294938354492187500e+02
5.902576796830202532e+00 8.347294311523437500e+02
5.906011522926699620e+00 8.338903808593750000e+02
5.909446249023196707e+00 8.324543457031250000e+02
5.912880975119693794e+00 8.288724975585937500e+02
5.916315701216190881e+00 8.325852050781250000e+02
5.919750427312687968e+00 8.340999755859375000e+02
5.923185153409185055e+00 8.377894897460937500e+02
5.926619879505682142e+00 8.301828613281250000e+02
5.930054605602179230e+00 8.277179565429687500e+02
5.933489331698676317e+00 8.257003784179687500e+02
5.936924057795173404e+00 8.279176025390625000e+02
5.940358783891670491e+00 8.277169189453125000e+02
5.943793509988167578e+00 8.283399047851562500e+02
5.947228236084663777e+00 8.257152709960937500e+02
5.950662962181161753e+00 8.256790161132812500e+02
5.954097688277658840e+00 8.221721191406250000e+02
5.957532414374155039e+00 8.260778198242187500e+02
5.960967140470653014e+00 8.251431274414062500e+02
5.964401866567150101e+00 8.293344726562500000e+02
5.967836592663646300e+00 8.246187744140625000e+02
5.971271318760144275e+00 8.231190185546875000e+02
5.974706044856641363e+00 8.234523925781250000e+02
5.978140770953137562e+00 8.330487670898437500e+02
5.981575497049635537e+00 8.374009399414062500e+02
5.985010223146131736e+00 8.330485229492187500e+02
5.988444949242628823e+00 8.260903930664062500e+02
5.991879675339126798e+00 8.294101562500000000e+02
5.995314401435622997e+00 8.388768920898437500e+02
5.998749127532120085e+00 8.425773315429687500e+02
6.002183853628618060e+00 8.427616577148437500e+02
6.005618579725114259e+00 8.359473876953125000e+02
6.009053305821611346e+00 8.347513427734375000e+02
6.012488031918109321e+00 8.344533691406250000e+02
6.015922758014605520e+00 8.448129272460937500e+02
6.019357484111102607e+00 8.492838745117187500e+02
6.022792210207600583e+00 8.454517822265625000e+02
6.026226936304096782e+00 8.493692016601562500e+02
6.029661662400593869e+00 8.600546264648437500e+02
6.033096388497090956e+00 8.756274414062500000e+02
6.036531114593588043e+00 8.815736083984375000e+02
6.039965840690085130e+00 8.887249145507812500e+02
6.043400566786582218e+00 8.998358764648437500e+02
6.046835292883079305e+00 9.220372924804687500e+02
6.050270018979576392e+00 9.573688354492187500e+02
6.053704745076073479e+00 1.027018554687500000e+03
6.057139471172570566e+00 1.169814941406250000e+03
6.060574197269067653e+00 1.436409790039062500e+03
6.064008923365564740e+00 2.045311645507812500e+03
6.067443649462061828e+00 3.172414794921875000e+03
6.070878375558558915e+00 4.745038085937500000e+03
6.074313101655055114e+00 6.424295410156250000e+03
6.077747827751553089e+00 7.693596191406250000e+03
6.081182553848050176e+00 7.676821777343750000e+03
6.084617279944546375e+00 6.483370117187500000e+03
6.088052006041044351e+00 4.584396972656250000e+03
6.091486732137541438e+00 2.943946777343750000e+03
6.094921458234037637e+00 1.918709106445312500e+03
6.098356184330535612e+00 1.365993164062500000e+03
6.101790910427032699e+00 1.144217041015625000e+03
6.105225636523528898e+00 1.031805053710937500e+03
6.108660362620026874e+00 9.661408691406250000e+02
6.112095088716523961e+00 9.306397094726562500e+02
6.115529814813020160e+00 9.140958862304687500e+02
6.118964540909517247e+00 9.054728393554687500e+02
6.122399267006015222e+00 8.952717285156250000e+02
6.125833993102511421e+00 8.892999877929687500e+02
6.129268719199008508e+00 8.778130493164062500e+02
6.132703445295506484e+00 8.746981201171875000e+02
6.136138171392002683e+00 8.691935424804687500e+02
6.139572897488499770e+00 8.704326782226562500e+02
6.143007623584996857e+00 8.651676025390625000e+02
6.146442349681493944e+00 8.574556884765625000e+02
6.149877075777991031e+00 8.519871826171875000e+02
6.153311801874488118e+00 8.471176147460937500e+02
6.156746527970985206e+00 8.485779418945312500e+02
6.160181254067482293e+00 8.492247314453125000e+02
6.163615980163979380e+00 8.510311279296875000e+02
6.167050706260476467e+00 8.511996459960937500e+02
6.170485432356973554e+00 8.510209960937500000e+02
6.173920158453470641e+00 8.580661010742187500e+02
6.177354884549967728e+00 8.588060913085937500e+02
6.180789610646464816e+00 8.582053833007812500e+02
6.184224336742961903e+00 8.519804077148437500e+02
6.187659062839458990e+00 8.464288940429687500e+02
6.191093788935956077e+00 8.440682983398437500e+02
6.194528515032453164e+00 8.419766235351562500e+02
6.197963241128950251e+00 8.365652465820312500e+02
6.201397967225447339e+00 8.435195922851562500e+02
6.204832693321943538e+00 8.468989257812500000e+02
6.208267419418441513e+00 8.531389160156250000e+02
6.211702145514938600e+00 8.511346435546875000e+02
6.215136871611434799e+00 8.544453125000000000e+02
6.218571597707932774e+00 8.624567260742187500e+02
6.222006323804429861e+00 8.671142578125000000e+02
6.225441049900926060e+00 8.772699584960937500e+02
6.228875775997424036e+00 8.899628295898437500e+02
6.232310502093920235e+00 8.904157714843750000e+02
6.235745228190417322e+00 8.849424438476562500e+02
6.239179954286915297e+00 8.787946777343750000e+02
6.242614680383411496e+00 8.876981811523437500e+02
6.246049406479908583e+00 8.954879760742187500e+02
6.249484132576406559e+00 9.083886718750000000e+02
6.252918858672902758e+00 9.159703369140625000e+02
6.256353584769399845e+00 9.323538818359375000e+02
6.259788310865897820e+00 9.460852661132812500e+02
6.263223036962394019e+00 9.639362182617187500e+02
6.266657763058891106e+00 9.787704467773437500e+02
6.270092489155389082e+00 1.003075317382812500e+03
6.273527215251885281e+00 1.038315795898437500e+03
6.276961941348382368e+00 1.091118041992187500e+03
6.280396667444880343e+00 1.165284667968750000e+03
6.283831393541376542e+00 1.304111816406250000e+03
6.287266119637873629e+00 1.577243652343750000e+03
6.290700845734370716e+00 2.137030273437500000e+03
6.294135571830867804e+00 3.350005859375000000e+03
6.297570297927364891e+00 5.630508300781250000e+03
6.301005024023861978e+00 8.960314453125000000e+03
6.304439750120359065e+00 1.300616113281250000e+04
6.307874476216856152e+00 1.569060839843750000e+04
6.311309202313353239e+00 1.577702246093750000e+04
6.314743928409850326e+00 1.313170703125000000e+04
6.318178654506347414e+00 9.088959960937500000e+03
6.321613380602843613e+00 5.675776855468750000e+03
6.325048106699341588e+00 3.319029541015625000e+03
6.328482832795838675e+00 2.062599365234375000e+03
6.331917558892334874e+00 1.550093750000000000e+03
6.335352284988832849e+00 1.294296875000000000e+03
6.338787011085329937e+00 1.154850585937500000e+03
6.342221737181826136e+00 1.084571044921875000e+03
6.345656463278324111e+00 1.034857177734375000e+03
6.349091189374821198e+00 1.003914489746093750e+03
6.352525915471317397e+00 9.788300781250000000e+02
6.355960641567815372e+00 9.655093383789062500e+02
6.359395367664312460e+00 9.484069213867187500e+02
6.362830093760808658e+00 9.393842163085937500e+02
6.366264819857306634e+00 9.279736328125000000e+02
6.369699545953803721e+00 9.204617919921875000e+02
6.373134272050299920e+00 9.156826782226562500e+02
6.376568998146797007e+00 9.097867431640625000e+02
6.380003724243294982e+00 9.053710327148437500e+02
6.383438450339791181e+00 8.952055664062500000e+02
6.386873176436288269e+00 8.847227172851562500e+02
6.390307902532785356e+00 8.769985961914062500e+02
6.393742628629282443e+00 8.740680541992187500e+02
6.397177354725779530e+00 8.721552124023437500e+02
6.400612080822276617e+00 8.637012329101562500e+02
6.404046806918773704e+00 8.510307006835937500e+02
6.407481533015270792e+00 8.464406738281250000e+02
6.410916259111767879e+00 8.464485473632812500e+02
6.414350985208264966e+00 8.476768798828125000e+02
6.417785711304762053e+00 8.432025756835937500e+02
6.421220437401259140e+00 8.366228027343750000e+02
6.424655163497756227e+00 8.304081420898437500e+02
6.428089889594253314e+00 8.292354125976562500e+02
6.431524615690750402e+00 8.250910034179687500e+02
6.434959341787247489e+00 8.241539916992187500e+02
6.438394067883744576e+00 8.246935424804687500e+02
6.441828793980241663e+00 8.269601440429687500e+02
6.445263520076738750e+00 8.286502685546875000e+02
6.448698246173235837e+00 8.267174682617187500e+02
6.452132972269732925e+00 8.208683471679687500e+02
6.455567698366230012e+00 8.182459716796875000e+02
6.459002424462727099e+00 8.167339477539062500e+02
6.462437150559224186e+00 8.220749511718750000e+02
6.465871876655721273e+00 8.205939331054687500e+02
6.469306602752218360e+00 8.181820068359375000e+02
6.472741328848714559e+00 8.114794921875000000e+02
6.476176054945212535e+00 8.140142822265625000e+02
6.479610781041708734e+00 8.138539428710937500e+02
6.483045507138205821e+00 8.103081054687500000e+02
6.486480233234703796e+00 8.044453125000000000e+02
6.489914959331199995e+00 8.030705566406250000e+02
6.493349685427697082e+00 8.081135253906250000e+02
6.496784411524195058e+00 8.103834838867187500e+02
6.500219137620691257e+00 8.121123046875000000e+02
6.503653863717188344e+00 8.163203125000000000e+02
6.507088589813686319e+00 8.132916870117187500e+02
6.510523315910182518e+00 8.087431030273437500e+02
6.513958042006679605e+00 8.076100463867187500e+02
6.517392768103177580e+00 8.042962646484375000e+02
6.520827494199673779e+00 7.987043457031250000e+02
6.524262220296170867e+00 7.969336547851562500e+02
6.527696946392668842e+00 8.073870849609375000e+02
6.531131672489165041e+00 8.163524169921875000e+02
6.534566398585662128e+00 8.183049316406250000e+02
6.538001124682159215e+00 8.126074218750000000e+02
6.541435850778656302e+00 8.062897338867187500e+02
6.544870576875153390e+00 8.005606079101562500e+02
6.548305302971650477e+00 7.965155029296875000e+02
6.551740029068147564e+00 7.986182861328125000e+02
6.555174755164644651e+00 8.006862792968750000e+02
6.558609481261141738e+00 8.118916015625000000e+02
6.562044207357638825e+00 8.095080566406250000e+02
6.565478933454135912e+00 8.095245361328125000e+02
6.568913659550632111e+00 8.093276977539062500e+02
6.572348385647130087e+00 8.143848876953125000e+02
6.575783111743627174e+00 8.171908569335937500e+02
6.579217837840123373e+00 8.177848510742187500e+02
6.582652563936621348e+00 8.192533569335937500e+02
6.586087290033118435e+00 8.179090576171875000e+02
6.589522016129614634e+00 8.161587524414062500e+02
6.592956742226112610e+00 8.097656250000000000e+02
6.596391468322609697e+00 8.092756347656250000e+02
6.599826194419105896e+00 8.118160400390625000e+02
6.603260920515603871e+00 8.171679077148437500e+02
6.606695646612100958e+00 8.170433349609375000e+02
6.610130372708597157e+00 8.186810913085937500e+02
6.613565098805095133e+00 8.185760498046875000e+02
6.616999824901592220e+00 8.157102661132812500e+02
6.620434550998088419e+00 8.142813720703125000e+02
6.623869277094586394e+00 8.146279296875000000e+02
6.627304003191082593e+00 8.166812133789062500e+02
6.630738729287579680e+00 8.170639648437500000e+02
6.634173455384077656e+00 8.154535522460937500e+02
6.637608181480573855e+00 8.139251098632812500e+02
6.641042907577070942e+00 8.125726928710937500e+02
6.644477633673568029e+00 8.135489501953125000e+02
6.647912359770065116e+00 8.133115234375000000e+02
6.651347085866562203e+00 8.137755126953125000e+02
6.654781811963059290e+00 8.142756958007812500e+02
6.658216538059556378e+00 8.168601074218750000e+02
6.661651264156053465e+00 8.190668945312500000e+02
6.665085990252550552e+00 8.275652465820312500e+02
6.668520716349047639e+00 8.273540039062500000e+02
6.671955442445544726e+00 8.266036376953125000e+02
6.675390168542041813e+00 8.201342163085937500e+02
6.678824894638538900e+00 8.202842407226562500e+02
6.682259620735035988e+00 8.203735961914062500e+02
6.685694346831533075e+00 8.243416748046875000e+02
6.689129072928030162e+00 8.267366943359375000e+02
6.692563799024527249e+00 8.323208618164062500e+02
6.695998525121024336e+00 8.312415771484375000e+02
6.699433251217521423e+00 8.334215698242187500e+02
6.702867977314018511e+00 8.344010620117187500e+02
6.706302703410515598e+00 8.444028320312500000e+02
6.709737429507012685e+00 8.513409423828125000e+02
6.713172155603509772e+00 8.623006591796875000e+02
6.716606881700005971e+00 8.714406738281250000e+02
6.720041607796503946e+00 8.918039550781250000e+02
6.723476333893001033e+00 9.428929443359375000e+02
6.726911059989497232e+00 1.058718261718750000e+03
6.730345786085994320e+00 1.289820434570312500e+03
6.733780512182492295e+00 1.741490966796875000e+03
6.737215238278988494e+00 2.410917724609375000e+03
6.740649964375485581e+00 3.158846923828125000e+03
6.744084690471983556e+00 3.753672851562500000e+03
6.747519416568479755e+00 3.696942138671875000e+03
6.750954142664976843e+00 3.240791748046875000e+03
6.754388868761474818e+00 2.402335449218750000e+03
6.757823594857971017e+00 1.787326171875000000e+03
6.761258320954468104e+00 1.333990478515625000e+03
6.764693047050966079e+00 1.074314697265625000e+03
6.768127773147462278e+00 9.724650268554687500e+02
6.771562499243959365e+00 9.100180053710937500e+02
6.774997225340457341e+00 8.776215820312500000e+02
6.778431951436953540e+00 8.627112426757812500e+02
6.781866677533450627e+00 8.540421142578125000e+02
6.785301403629947714e+00 8.525161743164062500e+02
6.788736129726444801e+00 8.482952880859375000e+02
6.792170855822941888e+00 8.448281250000000000e+02
6.795605581919438976e+00 8.420012207031250000e+02
6.799040308015936063e+00 8.405911865234375000e+02
6.802475034112433150e+00 8.413894042968750000e+02
6.805909760208930237e+00 8.441378173828125000e+02
6.809344486305427324e+00 8.413736572265625000e+02
6.812779212401924411e+00 8.434751586914062500e+02
6.816213938498421498e+00 8.421887817382812500e+02
6.819648664594918586e+00 8.440311279296875000e+02
6.823083390691415673e+00 8.411607666015625000e+02
6.826518116787911872e+00 8.400505981445312500e+02
6.829952842884409847e+00 8.392970581054687500e+02
6.833387568980906934e+00 8.413104248046875000e+02
6.836822295077403133e+00 8.457012329101562500e+02
6.840257021173901109e+00 8.480721435546875000e+02
6.843691747270398196e+00 8.513787231445312500e+02
6.847126473366894395e+00 8.503139038085937500e+02
6.850561199463392370e+00 8.463833007812500000e+02
6.853995925559889457e+00 8.474020385742187500e+02
6.857430651656385656e+00 8.471846923828125000e+02
6.860865377752883632e+00 8.494642333984375000e+02
6.864300103849380719e+00 8.512688598632812500e+02
6.867734829945876918e+00 8.517346191406250000e+02
6.871169556042374893e+00 8.513028564453125000e+02
6.874604282138871092e+00 8.571563720703125000e+02
6.878039008235368179e+00 8.665475463867187500e+02
6.881473734331866154e+00 8.757025146484375000e+02
6.884908460428362353e+00 8.825068969726562500e+02
6.888343186524859441e+00 8.908742675781250000e+02
6.891777912621357416e+00 8.978153686523437500e+02
6.895212638717853615e+00 9.013748779296875000e+02
6.898647364814350702e+00 9.022863769531250000e+02
6.902082090910848677e+00 9.112332763671875000e+02
6.905516817007344876e+00 9.212753295898437500e+02
6.908951543103841964e+00 9.327675781250000000e+02
6.912386269200339051e+00 9.468316650390625000e+02
6.915820995296836138e+00 9.679926147460937500e+02
6.919255721393333225e+00 9.971906127929687500e+02
6.922690447489830312e+00 1.045234008789062500e+03
6.926125173586327399e+00 1.118714721679687500e+03
6.929559899682824486e+00 1.266526000976562500e+03
6.932994625779321574e+00 1.537691284179687500e+03
6.936429351875818661e+00 2.128915527343750000e+03
6.939864077972315748e+00 3.360169677734375000e+03
6.943298804068812835e+00 5.370278808593750000e+03
6.946733530165309922e+00 8.087875000000000000e+03
6.950168256261807009e+00 1.103918164062500000e+04
6.953602982358304097e+00 1.243206835937500000e+04
6.957037708454801184e+00 1.198998437500000000e+04
6.960472434551298271e+00 9.406569335937500000e+03
6.963907160647794470e+00 6.361519042968750000e+03
6.967341886744292445e+00 3.867688964843750000e+03
6.970776612840789532e+00 2.316201171875000000e+03
6.974211338937285731e+00 1.626990600585937500e+03
6.977646065033783707e+00 1.313192138671875000e+03
6.981080791130280794e+00 1.155369750976562500e+03
6.984515517226776993e+00 1.078165039062500000e+03
6.987950243323274968e+00 1.034110839843750000e+03
6.991384969419772055e+00 1.002709960937500000e+03
6.994819695516268254e+00 9.804313354492187500e+02
6.998254421612765341e+00 9.616859130859375000e+02
7.001689147709263317e+00 9.430394287109375000e+02
7.005123873805759516e+00 9.328284912109375000e+02
7.008558599902256603e+00 9.338459472656250000e+02
7.011993325998754578e+00 9.319599609375000000e+02
7.015428052095250777e+00 9.245869750976562500e+02
7.018862778191747864e+00 9.142422485351562500e+02
7.022297504288245840e+00 9.030949096679687500e+02
7.025732230384742039e+00 8.933351440429687500e+02
7.029166956481239126e+00 8.869630737304687500e+02
7.032601682577736213e+00 8.803878784179687500e+02
7.036036408674233300e+00 8.753496093750000000e+02
7.039471134770730387e+00 8.804188842773437500e+02
7.042905860867227474e+00 8.795950317382812500e+02
7.046340586963724562e+00 8.786242065429687500e+02
7.049775313060221649e+00 8.715185546875000000e+02
7.053210039156718736e+00 8.694657592773437500e+02
7.056644765253215823e+00 8.672033691406250000e+02
7.060079491349712910e+00 8.609940795898437500e+02
7.063514217446209997e+00 8.587475585937500000e+02
7.066948943542707084e+00 8.595607299804687500e+02
7.070383669639204172e+00 8.662864379882812500e+02
7.073818395735701259e+00 8.699555664062500000e+02
7.077253121832198346e+00 8.707190551757812500e+02
7.080687847928695433e+00 8.652044067382812500e+02
7.084122574025191632e+00 8.710682983398437500e+02
7.087557300121689607e+00 8.757863769531250000e+02
7.090992026218186695e+00 8.861983032226562500e+02
7.094426752314682894e+00 8.951010131835937500e+02
7.097861478411180869e+00 8.995891113281250000e+02
7.101296204507677956e+00 9.031448974609375000e+02
7.104730930604174155e+00 9.079823608398437500e+02
7.108165656700672130e+00 9.140906982421875000e+02
7.111600382797169217e+00 9.192205200195312500e+02
7.115035108893665416e+00 9.311295776367187500e+02
7.118469834990163392e+00 9.467262573242187500e+02
7.121904561086659591e+00 9.755201416015625000e+02
7.125339287183156678e+00 1.015279235839843750e+03
7.128774013279654653e+00 1.077179443359375000e+03
7.132208739376150852e+00 1.171381469726562500e+03
7.135643465472647939e+00 1.381938232421875000e+03
7.139078191569145915e+00 1.840514038085937500e+03
7.142512917665642114e+00 2.667878417968750000e+03
7.145947643762139201e+00 4.229467773437500000e+03
7.149382369858637176e+00 6.495105957031250000e+03
7.152817095955133375e+00 8.425876953125000000e+03
7.156251822051630462e+00 9.672828125000000000e+03
7.159686548148128438e+00 8.853313476562500000e+03
7.163121274244624637e+00 6.997152832031250000e+03
7.166556000341121724e+00 4.721148437500000000e+03
7.169990726437618811e+00 2.815661132812500000e+03
7.173425452534115010e+00 1.913380737304687500e+03
7.176860178630613873e+00 1.399651000976562500e+03
7.180294904727110072e+00 1.168888305664062500e+03
7.183729630823607160e+00 1.069206176757812500e+03
7.187164356920104247e+00 1.006928833007812500e+03
7.190599083016601334e+00 9.703041992187500000e+02
7.194033809113097533e+00 9.545342407226562500e+02
7.197468535209596396e+00 9.419172363281250000e+02
7.200903261306092595e+00 9.294237060546875000e+02
7.204337987402589683e+00 9.191917114257812500e+02
7.207772713499086770e+00 9.036743164062500000e+02
7.211207439595582969e+00 8.930935058593750000e+02
7.214642165692080056e+00 8.904132690429687500e+02
7.218076891788577143e+00 8.914859619140625000e+02
7.221511617885075118e+00 8.914843750000000000e+02
7.224946343981572205e+00 8.830927124023437500e+02
7.228381070078069293e+00 8.802097778320312500e+02
7.231815796174565492e+00 8.752520751953125000e+02
7.235250522271062579e+00 8.708446044921875000e+02
7.238685248367559666e+00 8.685957641601562500e+02
7.242119974464057641e+00 8.656928100585937500e+02
7.245554700560554728e+00 8.585333862304687500e+02
7.248989426657051816e+00 8.566685791015625000e+02
7.252424152753548015e+00 8.596740722656250000e+02
7.255858878850045102e+00 8.613346557617187500e+02
7.259293604946542189e+00 8.577973632812500000e+02
7.262728331043040164e+00 8.492528076171875000e+02
7.266163057139537251e+00 8.480685424804687500e+02
7.269597783236033450e+00 8.516860961914062500e+02
7.273032509332530537e+00 8.533275756835937500e+02
7.276467235429027625e+00 8.578062133789062500e+02
7.279901961525524712e+00 8.545441284179687500e+02
7.283336687622022687e+00 8.533237304687500000e+02
7.286771413718519774e+00 8.398314819335937500e+02
7.290206139815015973e+00 8.338969116210937500e+02
7.293640865911513060e+00 8.381503906250000000e+02
7.297075592008010148e+00 8.456083984375000000e+02
7.300510318104506347e+00 8.503178100585937500e+02
7.303945044201003434e+00 8.501298828125000000e+02
7.307379770297502297e+00 8.587089843750000000e+02
7.310814496393998496e+00 8.630628662109375000e+02
7.314249222490495583e+00 8.682194213867187500e+02
7.317683948586992670e+00 8.773013305664062500e+02
7.321118674683488869e+00 8.905814208984375000e+02
7.324553400779985957e+00 9.119064331054687500e+02
7.327988126876484820e+00 9.465512695312500000e+02
7.331422852972981019e+00 1.023303710937500000e+03
7.334857579069478106e+00 1.185458496093750000e+03
7.338292305165975193e+00 1.489989624023437500e+03
7.341727031262471392e+00 2.031310424804687500e+03
7.345161757358968480e+00 2.841240966796875000e+03
7.348596483455466455e+00 3.569867675781250000e+03
7.352031209551963542e+00 3.961266357421875000e+03
7.355465935648460629e+00 3.816140625000000000e+03
7.358900661744956828e+00 3.213710693359375000e+03
7.362335387841453915e+00 2.489082031250000000e+03
7.365770113937951002e+00 1.775866577148437500e+03
7.369204840034448978e+00 1.326051879882812500e+03
7.372639566130946065e+00 1.088027954101562500e+03
7.376074292227443152e+00 9.836440429687500000e+02
7.379509018323939351e+00 9.303729858398437500e+02
7.382943744420436438e+00 8.984018554687500000e+02
7.386378470516933525e+00 8.790916137695312500e+02
7.389813196613429724e+00 8.663578491210937500e+02
7.393247922709928588e+00 8.672485351562500000e+02
7.396682648806425675e+00 8.645441894531250000e+02
7.400117374902921874e+00 8.585892944335937500e+02
7.403552100999418961e+00 8.489748535156250000e+02
7.406986827095916048e+00 8.458343505859375000e+02
7.410421553192412247e+00 8.481702880859375000e+02
7.413856279288911111e+00 8.506943359375000000e+02
7.417291005385408198e+00 8.486864624023437500e+02
7.420725731481904397e+00 8.461994628906250000e+02
7.424160457578401484e+00 8.416635131835937500e+02
7.427595183674898571e+00 8.379188232421875000e+02
7.431029909771394770e+00 8.376964111328125000e+02
7.434464635867893634e+00 8.420905151367187500e+02
7.437899361964389833e+00 8.463633422851562500e+02
7.441334088060886920e+00 8.458363647460937500e+02
7.444768814157384007e+00 8.420205078125000000e+02
7.448203540253880206e+00 8.420250244140625000e+02
7.451638266350377293e+00 8.443430786132812500e+02
7.455072992446876157e+00 8.445888671875000000e+02
7.458507718543372356e+00 8.405676269531250000e+02
7.461942444639869443e+00 8.383419799804687500e+02
7.465377170736366530e+00 8.411495971679687500e+02
7.468811896832862729e+00 8.460537109375000000e+02
7.472246622929359816e+00 8.492564697265625000e+02
7.475681349025856903e+00 8.474903564453125000e+02
7.479116075122354879e+00 8.476900024414062500e+02
7.482550801218851966e+00 8.469703369140625000e+02
7.485985527315349053e+00 8.533389892578125000e+02
7.489420253411845252e+00 8.576267700195312500e+02
7.492854979508342339e+00 8.638172607421875000e+02
7.496289705604839426e+00 8.688995971679687500e+02
7.499724431701337402e+00 8.748767700195312500e+02
7.503159157797834489e+00 8.739788208007812500e+02
7.506593883894331576e+00 8.806127319335937500e+02
7.510028609990827775e+00 9.012260131835937500e+02
7.513463336087324862e+00 9.304232788085937500e+02
7.516898062183821949e+00 9.676353149414062500e+02
7.520332788280319924e+00 1.048291748046875000e+03
7.523767514376817012e+00 1.217023437500000000e+03
7.527202240473313211e+00 1.519444091796875000e+03
7.530636966569810298e+00 2.193509521484375000e+03
7.534071692666307385e+00 3.161628662109375000e+03
7.537506418762803584e+00 4.253470214843750000e+03
7.540941144859302447e+00 5.317780273437500000e+03
7.544375870955799535e+00 5.604178710937500000e+03
7.547810597052295734e+00 5.141735839843750000e+03
7.551245323148792821e+00 4.064005371093750000e+03
7.554680049245289908e+00 2.780154052734375000e+03
7.558114775341786107e+00 1.954630371093750000e+03
7.561549501438284970e+00 1.383225585937500000e+03
7.564984227534782057e+00 1.132869384765625000e+03
7.568418953631278256e+00 1.022422119140625000e+03
7.571853679727775344e+00 9.545817260742187500e+02
7.575288405824272431e+00 9.166525878906250000e+02
7.578723131920768630e+00 8.978891601562500000e+02
7.582157858017265717e+00 8.901532592773437500e+02
7.585592584113763692e+00 8.861528930664062500e+02
7.589027310210260779e+00 8.826293334960937500e+02
7.592462036306757867e+00 8.767456054687500000e+02
7.595896762403254954e+00 8.673588867187500000e+02
7.599331488499751153e+00 8.652420043945312500e+02
7.602766214596248240e+00 8.638935546875000000e+02
7.606200940692746215e+00 8.659211425781250000e+02
7.609635666789243302e+00 8.637864379882812500e+02
7.613070392885740389e+00 8.606132202148437500e+02
7.616505118982236588e+00 8.597196655273437500e+02
7.619939845078733676e+00 8.605645751953125000e+02
7.623374571175230763e+00 8.574369506835937500e+02
7.626809297271728738e+00 8.546257934570312500e+02
7.630244023368225825e+00 8.529513549804687500e+02
7.633678749464722912e+00 8.578385009765625000e+02
7.637113475561219111e+00 8.593165283203125000e+02
7.640548201657716199e+00 8.612945556640625000e+02
7.643982927754213286e+00 8.632506713867187500e+02
7.647417653850711261e+00 8.702417602539062500e+02
7.650852379947208348e+00 8.725272216796875000e+02
7.654287106043705435e+00 8.711321411132812500e+02
7.657721832140201634e+00 8.708181152343750000e+02
7.661156558236698721e+00 8.746188354492187500e+02
7.664591284333195809e+00 8.806656494140625000e+02
7.668026010429692008e+00 8.780063476562500000e+02
7.671460736526190871e+00 8.794191894531250000e+02
7.674895462622687070e+00 8.836258544921875000e+02
7.678330188719184157e+00 8.945012817382812500e+02
7.681764914815681244e+00 9.027286376953125000e+02
7.685199640912178332e+00 9.155344238281250000e+02
7.688634367008674531e+00 9.248980102539062500e+02
7.692069093105173394e+00 9.378901367187500000e+02
7.695503819201669593e+00 9.539905395507812500e+02
7.698938545298166680e+00 9.873471679687500000e+02
7.702373271394663767e+00 1.043743530273437500e+03
7.705807997491159966e+00 1.143478881835937500e+03
7.709242723587657053e+00 1.354591430664062500e+03
7.712677449684155917e+00 1.771888549804687500e+03
7.716112175780652116e+00 2.600937988281250000e+03
7.719546901877149203e+00 4.126368652343750000e+03
7.722981627973646290e+00 6.049533203125000000e+03
7.726416354070142489e+00 8.062318359375000000e+03
7.729851080166639576e+00 9.525750000000000000e+03
7.733285806263138440e+00 9.437379882812500000e+03
7.736720532359634639e+00 8.028080566406250000e+03
7.740155258456131726e+00 5.685246582031250000e+03
7.743589984552628813e+00 3.650959228515625000e+03
7.747024710649125012e+00 2.327912109375000000e+03
7.750459436745622099e+00 1.596045532226562500e+03
7.753894162842119187e+00 1.275913208007812500e+03
7.757328888938617162e+00 1.125571411132812500e+03
7.760763615035114249e+00 1.047353393554687500e+03
7.764198341131610448e+00 1.000514099121093750e+03
7.767633067228107535e+00 9.755775146484375000e+02
7.771067793324604622e+00 9.534307250976562500e+02
7.774502519421101709e+00 9.374497680664062500e+02
7.777937245517599685e+00 9.284776611328125000e+02
7.781371971614096772e+00 9.238798217773437500e+02
7.784806697710592971e+00 9.158396606445312500e+02
7.788241423807090058e+00 9.051828002929687500e+02
7.791676149903587145e+00 8.986226196289062500e+02
7.795110876000083344e+00 8.929132690429687500e+02
7.798545602096582208e+00 8.900701293945312500e+02
7.801980328193079295e+00 8.860645751953125000e+02
7.805415054289575494e+00 8.835800781250000000e+02
7.808849780386072581e+00 8.763478393554687500e+02
7.812284506482569668e+00 8.724749755859375000e+02
7.815719232579065867e+00 8.677984008789062500e+02
7.819153958675564731e+00 8.614880981445312500e+02
7.822588684772061818e+00 8.578742065429687500e+02
7.826023410868558017e+00 8.556574707031250000e+02
7.829458136965055104e+00 8.623046264648437500e+02
7.832892863061552191e+00 8.625786132812500000e+02
7.836327589158048390e+00 8.598048706054687500e+02
7.839762315254545477e+00 8.547857055664062500e+02
7.843197041351043453e+00 8.575715942382812500e+02
7.846631767447540540e+00 8.624794311523437500e+02
7.850066493544037627e+00 8.671524047851562500e+02
7.853501219640533826e+00 8.715730590820312500e+02
7.856935945737030913e+00 8.734807739257812500e+02
7.860370671833528000e+00 8.720444335937500000e+02
7.863805397930025975e+00 8.637271728515625000e+02
7.867240124026523063e+00 8.667913208007812500e+02
7.870674850123020150e+00 8.694320068359375000e+02
7.874109576219516349e+00 8.809693603515625000e+02
7.877544302316013436e+00 8.938435058593750000e+02
7.880979028412510523e+00 9.127204589843750000e+02
7.884413754509008498e+00 9.379857788085937500e+02
7.887848480605505586e+00 9.855681152343750000e+02
7.891283206702002673e+00 1.070867431640625000e+03
7.894717932798498872e+00 1.288322998046875000e+03
7.898152658894995959e+00 1.735833007812500000e+03
7.901587384991493046e+00 2.438366699218750000e+03
7.905022111087991021e+00 3.587646484375000000e+03
7.908456837184488109e+00 4.753308593750000000e+03
7.911891563280985196e+00 5.343494628906250000e+03
7.915326289377481395e+00 5.343926757812500000e+03
7.918761015473978482e+00 4.397949218750000000e+03
7.922195741570475569e+00 3.370834228515625000e+03
7.925630467666971768e+00 2.319900146484375000e+03
7.929065193763470631e+00 1.565939819335937500e+03
7.932499919859966830e+00 1.230547485351562500e+03
7.935934645956463918e+00 1.047398437500000000e+03
7.939369372052961005e+00 9.608178710937500000e+02
7.942804098149457204e+00 9.205838012695312500e+02
7.946238824245954291e+00 8.973329467773437500e+02
7.949673550342453154e+00 8.840441284179687500e+02
7.953108276438949353e+00 8.754578857421875000e+02
7.956543002535446441e+00 8.717864379882812500e+02
7.959977728631943528e+00 8.668041992187500000e+02
7.963412454728439727e+00 8.620828857421875000e+02
7.966847180824936814e+00 8.582952270507812500e+02
7.970281906921435677e+00 8.595227050781250000e+02
7.973716633017931876e+00 8.574264526367187500e+02
7.977151359114428963e+00 8.502994995117187500e+02
7.980586085210926051e+00 8.428266601562500000e+02
7.984020811307422250e+00 8.367175292968750000e+02
7.987455537403919337e+00 8.378323364257812500e+02
7.990890263500417312e+00 8.365776367187500000e+02
7.994324989596914399e+00 8.357561035156250000e+02
7.997759715693411486e+00 8.289179077148437500e+02
8.001194441789907685e+00 8.232500000000000000e+02
8.004629167886404773e+00 8.261630859375000000e+02
8.008063893982901860e+00 8.250863037109375000e+02
8.011498620079398947e+00 8.207139892578125000e+02
8.014933346175897810e+00 8.156870117187500000e+02
8.018368072272393121e+00 8.108977050781250000e+02
8.021802798368890208e+00 8.144718627929687500e+02
8.025237524465387295e+00 8.144869384765625000e+02
8.028672250561884383e+00 8.142060546875000000e+02
8.032106976658381470e+00 8.119277954101562500e+02
8.035541702754878557e+00 8.081228637695312500e+02
8.038976428851375644e+00 8.079989624023437500e+02
8.042411154947872731e+00 8.042910766601562500e+02
8.045845881044369818e+00 8.066111450195312500e+02
8.049280607140866906e+00 8.082803344726562500e+02
8.052715333237363993e+00 8.090230102539062500e+02
8.056150059333861080e+00 8.032116088867187500e+02
8.059584785430358167e+00 8.015153198242187500e+02
8.063019511526855254e+00 8.017385864257812500e+02
8.066454237623352341e+00 8.091779785156250000e+02
8.069888963719849428e+00 8.105058593750000000e+02
8.073323689816346516e+00 8.073317871093750000e+02
8.076758415912843603e+00 7.985613403320312500e+02
8.080193142009340690e+00 7.967803344726562500e+02
8.083627868105837777e+00 7.964644165039062500e+02
8.087062594202334864e+00 7.998937988281250000e+02
8.090497320298831951e+00 7.986294555664062500e+02
8.093932046395329039e+00 7.959137573242187500e+02
8.097366772491824349e+00 7.955886840820312500e+02
8.100801498588323213e+00 8.010933227539062500e+02
8.104236224684820300e+00 8.078502197265625000e+02
8.107670950781317387e+00 8.087927856445312500e+02
8.111105676877814474e+00 8.103399047851562500e+02
8.114540402974311561e+00 8.102401733398437500e+02
8.117975129070806872e+00 8.107132568359375000e+02
8.121409855167305736e+00 8.072544555664062500e+02
8.124844581263802823e+00 8.072175292968750000e+02
8.128279307360299910e+00 8.081057128906250000e+02
8.131714033456796997e+00 8.062984619140625000e+02
8.135148759553292308e+00 8.020783081054687500e+02
8.138583485649789395e+00 8.023643188476562500e+02
8.142018211746288259e+00 8.047543945312500000e+02
8.145452937842785346e+00 8.070039672851562500e+02
8.148887663939282433e+00 8.031713867187500000e+02
8.152322390035779520e+00 8.047600708007812500e+02
8.155757116132274831e+00 8.018802490234375000e+02
8.159191842228771918e+00 8.019615478515625000e+02
8.162626568325270782e+00 7.970789794921875000e+02
8.166061294421767869e+00 8.032971801757812500e+02
8.169496020518264956e+00 8.023996582031250000e+02
8.172930746614762043e+00 8.083204956054687500e+02
8.176365472711257354e+00 8.069006347656250000e+02
8.179800198807754441e+00 8.129052734375000000e+02
8.183234924904251528e+00 8.096896972656250000e+02
8.186669651000750392e+00 8.093093872070312500e+02
8.190104377097247479e+00 8.072866210937500000e+02
8.193539103193744566e+00 8.104411010742187500e+02
8.196973829290239877e+00 8.142075805664062500e+02
8.200408555386736964e+00 8.172172851562500000e+02
8.203843281483234051e+00 8.165863647460937500e+02
8.207278007579732915e+00 8.152304687500000000e+02
8.210712733676230002e+00 8.180470581054687500e+02
8.214147459772725313e+00 8.206286621093750000e+02
8.217582185869222400e+00 8.269093627929687500e+02
8.221016911965719487e+00 8.305662231445312500e+02
8.224451638062216574e+00 8.359049682617187500e+02
8.227886364158715438e+00 8.360802001953125000e+02
8.231321090255212525e+00 8.397721557617187500e+02
8.234755816351707836e+00 8.464794311523437500e+02
8.238190542448204923e+00 8.661033935546875000e+02
8.241625268544702010e+00 9.002962036132812500e+02
8.245059994641199097e+00 9.655869750976562500e+02
8.248494720737697961e+00 1.092434692382812500e+03
8.251929446834195048e+00 1.354287963867187500e+03
8.255364172930690358e+00 1.792364746093750000e+03
8.258798899027187446e+00 2.349283203125000000e+03
8.262233625123684533e+00 2.952014648437500000e+03
8.265668351220181620e+00 3.208825439453125000e+03
8.269103077316678707e+00 3.125216796875000000e+03
8.272537803413175794e+00 2.610498779296875000e+03
8.275972529509672881e+00 2.006352050781250000e+03
8.279407255606169969e+00 1.513683105468750000e+03
8.282841981702667056e+00 1.158982910156250000e+03
8.286276707799164143e+00 9.968189697265625000e+02
8.289711433895661230e+00 9.197871704101562500e+02
8.293146159992158317e+00 8.890432128906250000e+02
8.296580886088655404e+00 8.694503784179687500e+02
8.300015612185152492e+00 8.548736572265625000e+02
8.303450338281649579e+00 8.417019653320312500e+02
8.306885064378146666e+00 8.402813720703125000e+02
8.310319790474643753e+00 8.317501831054687500e+02
8.313754516571140840e+00 8.261273803710937500e+02
8.317189242667637927e+00 8.135115966796875000e+02
8.320623968764135014e+00 8.090653076171875000e+02
8.324058694860632102e+00 8.083637695312500000e+02
8.327493420957129189e+00 8.138731689453125000e+02
8.330928147053626276e+00 8.208670654296875000e+02
8.334362873150123363e+00 8.236826782226562500e+02
8.337797599246620450e+00 8.282973022460937500e+02
8.341232325343117537e+00 8.264125976562500000e+02
8.344667051439614625e+00 8.229299926757812500e+02
8.348101777536111712e+00 8.170598144531250000e+02
8.351536503632608799e+00 8.170932617187500000e+02
8.354971229729105886e+00 8.189099121093750000e+02
8.358405955825602973e+00 8.306388549804687500e+02
8.361840681922100060e+00 8.356471557617187500e+02
8.365275408018597147e+00 8.364260864257812500e+02
8.368710134115094235e+00 8.328922119140625000e+02
8.372144860211591322e+00 8.312485351562500000e+02
8.375579586308086633e+00 8.300705566406250000e+02
8.379014312404585496e+00 8.246952514648437500e+02
8.382449038501082583e+00 8.236289062500000000e+02
8.385883764597579670e+00 8.246561889648437500e+02
8.389318490694076758e+00 8.309052734375000000e+02
8.392753216790572068e+00 8.316034545898437500e+02
8.396187942887069156e+00 8.299244384765625000e+02
8.399622668983568019e+00 8.314231567382812500e+02
8.403057395080065106e+00 8.368804931640625000e+02
8.406492121176562193e+00 8.536544189453125000e+02
8.409926847273059280e+00 8.744638061523437500e+02
8.413361573369554591e+00 9.083993530273437500e+02
8.416796299466051678e+00 9.729912109375000000e+02
8.420231025562550542e+00 1.107874511718750000e+03
8.423665751659047629e+00 1.342127929687500000e+03
8.427100477755544716e+00 1.754798706054687500e+03
8.430535203852041803e+00 2.216964599609375000e+03
8.433969929948537114e+00 2.596044433593750000e+03
8.437404656045034201e+00 2.810682128906250000e+03
8.440839382141533065e+00 2.646434082031250000e+03
8.444274108238030152e+00 2.294638183593750000e+03
8.447708834334527239e+00 1.775741821289062500e+03
8.451143560431022550e+00 1.355671020507812500e+03
8.454578286527519637e+00 1.109006835937500000e+03
8.458013012624016724e+00 9.736307373046875000e+02
8.461447738720513811e+00 9.116238403320312500e+02
8.464882464817012675e+00 8.785662231445312500e+02
8.468317190913509762e+00 8.621207885742187500e+02
8.471751917010005073e+00 8.589172363281250000e+02
8.475186643106502160e+00 8.573787841796875000e+02
8.478621369202999247e+00 8.488836669921875000e+02
8.482056095299496334e+00 8.381210937500000000e+02
8.485490821395995198e+00 8.348302612304687500e+02
8.488925547492492285e+00 8.357352294921875000e+02
8.492360273588987596e+00 8.344019165039062500e+02
8.495794999685484683e+00 8.371828613281250000e+02
8.499229725781981770e+00 8.390274047851562500e+02
8.502664451878478857e+00 8.376939697265625000e+02
8.506099177974977721e+00 8.338020629882812500e+02
8.509533904071474808e+00 8.318998413085937500e+02
8.512968630167970119e+00 8.278295898437500000e+02
8.516403356264467206e+00 8.323630371093750000e+02
8.519838082360964293e+00 8.386152343750000000e+02
8.523272808457461380e+00 8.496564331054687500e+02
8.526707534553960244e+00 8.522477416992187500e+02
8.530142260650455555e+00 8.550994873046875000e+02
8.533576986746952642e+00 8.618120727539062500e+02
8.537011712843449729e+00 8.679575805664062500e+02
8.540446438939946816e+00 8.731035156250000000e+02
8.543881165036443903e+00 8.759059448242187500e+02
8.547315891132940990e+00 8.794819946289062500e+02
8.550750617229438078e+00 8.879420166015625000e+02
8.554185343325935165e+00 8.936475219726562500e+02
8.557620069422432252e+00 8.991860351562500000e+02
8.561054795518929339e+00 9.046848754882812500e+02
8.564489521615426426e+00 9.169144897460937500e+02
8.567924247711923513e+00 9.361604003906250000e+02
8.571358973808420600e+00 9.636019287109375000e+02
8.574793699904917688e+00 1.012505859375000000e+03
8.578228426001414775e+00 1.089454467773437500e+03
8.581663152097911862e+00 1.247495727539062500e+03
8.585097878194408949e+00 1.560742431640625000e+03
8.588532604290906036e+00 2.190087890625000000e+03
8.591967330387403123e+00 3.348115234375000000e+03
8.595402056483900211e+00 5.235826171875000000e+03
8.598836782580397298e+00 7.361377929687500000e+03
8.602271508676894385e+00 9.168753906250000000e+03
8.605706234773391472e+00 9.759396484375000000e+03
8.609140960869888559e+00 8.674167968750000000e+03
8.612575686966385646e+00 6.677508300781250000e+03
8.616010413062882733e+00 4.408224121093750000e+03
8.619445139159379821e+00 2.847252441406250000e+03
8.622879865255876908e+00 1.864670166015625000e+03
8.626314591352373995e+00 1.384911865234375000e+03
8.629749317448869306e+00 1.171371215820312500e+03
8.633184043545366393e+00 1.061680053710937500e+03
8.636618769641865256e+00 1.002298034667968750e+03
8.640053495738362344e+00 9.654021606445312500e+02
8.643488221834859431e+00 9.443408813476562500e+02
8.646922947931356518e+00 9.296517333984375000e+02
8.650357674027851829e+00 9.180338745117187500e+02
8.653792400124348916e+00 9.101326293945312500e+02
8.657227126220847779e+00 9.022915039062500000e+02
8.660661852317344866e+00 8.922751464843750000e+02
8.664096578413841954e+00 8.823739013671875000e+02
8.667531304510339041e+00 8.728782958984375000e+02
8.670966030606834352e+00 8.673748779296875000e+02
8.674400756703331439e+00 8.626181030273437500e+02
8.677835482799830302e+00 8.623365478515625000e+02
8.681270208896327389e+00 8.608149414062500000e+02
8.684704934992824477e+00 8.570066528320312500e+02
8.688139661089321564e+00 8.546466674804687500e+02
8.691574387185816875e+00 8.545585327148437500e+02
8.695009113282313962e+00 8.599260253906250000e+02
8.698443839378812825e+00 8.595143432617187500e+02
8.701878565475309912e+00 8.553665771484375000e+02
8.705313291571807000e+00 8.506494140625000000e+02
8.708748017668302310e+00 8.498456420898437500e+02
8.712182743764799397e+00 8.536341552734375000e+02
8.715617469861296485e+00 8.571375122070312500e+02
8.719052195957793572e+00 8.577525024414062500e+02
8.722486922054292435e+00 8.568575439453125000e+02
8.725921648150789522e+00 8.568300170898437500e+02
8.729356374247284833e+00 8.596954345703125000e+02
8.732791100343781920e+00 8.694252319335937500e+02
8.736225826440279008e+00 8.866170043945312500e+02
8.739660552536776095e+00 9.118455810546875000e+02
8.743095278633274958e+00 9.481690673828125000e+02
8.746530004729772045e+00 1.024479492187500000e+03
8.749964730826267356e+00 1.203298950195312500e+03
8.753399456922764443e+00 1.551594726562500000e+03
8.756834183019261530e+00 2.175336669921875000e+03
8.760268909115758618e+00 3.159027587890625000e+03
8.763703635212257481e+00 4.161830078125000000e+03
8.767138361308752792e+00 4.930117675781250000e+03
8.770573087405249879e+00 4.963251464843750000e+03
8.774007813501746966e+00 4.395708007812500000e+03
8.777442539598244053e+00 3.472117187500000000e+03
8.780877265694741141e+00 2.474955810546875000e+03
8.784311991791240004e+00 1.741537963867187500e+03
8.787746717887735315e+00 1.287799926757812500e+03
8.791181443984232402e+00 1.073804199218750000e+03
8.794616170080729489e+00 9.724843750000000000e+02
8.798050896177226576e+00 9.164778442382812500e+02
8.801485622273723664e+00 8.888302001953125000e+02
8.804920348370220751e+00 8.694753417968750000e+02
8.808355074466717838e+00 8.555598144531250000e+02
8.811789800563214925e+00 8.479326171875000000e+02
8.815224526659712012e+00 8.389632568359375000e+02
8.818659252756209099e+00 8.342756347656250000e+02
8.822093978852706186e+00 8.354166259765625000e+02
8.825528704949203274e+00 8.352377929687500000e+02
8.828963431045700361e+00 8.354923706054687500e+02
8.832398157142197448e+00 8.280050659179687500e+02
8.835832883238694535e+00 8.224650878906250000e+02
8.839267609335191622e+00 8.170682373046875000e+02
8.842702335431688709e+00 8.133084716796875000e+02
8.846137061528185797e+00 8.136120605468750000e+02
8.849571787624682884e+00 8.123543701171875000e+02
8.853006513721179971e+00 8.121196899414062500e+02
8.856441239817677058e+00 8.087458496093750000e+02
8.859875965914174145e+00 8.056371459960937500e+02
8.863310692010671232e+00 8.018518676757812500e+02
8.866745418107168319e+00 7.984725341796875000e+02
8.870180144203665407e+00 7.974952392578125000e+02
8.873614870300162494e+00 7.983132934570312500e+02
8.877049596396659581e+00 7.987623291015625000e+02
8.880484322493156668e+00 7.995411376953125000e+02
8.883919048589653755e+00 7.978328857421875000e+02
8.887353774686149066e+00 8.031922607421875000e+02
8.890788500782646153e+00 8.042452392578125000e+02
8.894223226879145017e+00 8.024597778320312500e+02
8.897657952975642104e+00 7.976783447265625000e+02
8.901092679072139191e+00 7.965241088867187500e+02
8.904527405168636278e+00 7.962871093750000000e+02
8.907962131265131589e+00 7.966358032226562500e+02
8.911396857361628676e+00 7.970037841796875000e+02
8.914831583458127540e+00 7.928721923828125000e+02
8.918266309554624627e+00 7.900504150390625000e+02
8.921701035651121714e+00 7.896188964843750000e+02
8.925135761747618801e+00 7.933853149414062500e+02
8.928570487844114112e+00 7.939531860351562500e+02
8.932005213940611199e+00 7.920187377929687500e+02
8.935439940037110063e+00 7.955358886718750000e+02
8.938874666133607150e+00 7.985484008789062500e+02
8.942309392230104237e+00 8.028989868164062500e+02
8.945744118326599548e+00 8.019999389648437500e+02
8.949178844423096635e+00 8.036437988281250000e+02
8.952613570519593722e+00 8.059034423828125000e+02
8.956048296616092586e+00 8.045914916992187500e+02
8.959483022712589673e+00 8.034163818359375000e+02
8.962917748809086760e+00 7.998598632812500000e+02
8.966352474905582071e+00 7.960375366210937500e+02
8.969787201002079158e+00 7.966728515625000000e+02
8.973221927098576245e+00 7.954428100585937500e+02
8.976656653195073332e+00 7.969916992187500000e+02
8.980091379291572196e+00 7.980630493164062500e+02
8.983526105388069283e+00 8.003850097656250000e+02
8.986960831484564594e+00 8.028683471679687500e+02
8.990395557581061681e+00 8.081351318359375000e+02
8.993830283677558768e+00 8.090230712890625000e+02
8.997265009774055855e+00 8.127542724609375000e+02
9.000699735870554719e+00 8.105659790039062500e+02
9.004134461967050029e+00 8.132149658203125000e+02
9.007569188063547116e+00 8.126278076171875000e+02
9.011003914160044204e+00 8.174166870117187500e+02
9.014438640256541291e+00 8.190827636718750000e+02
9.017873366353038378e+00 8.217835083007812500e+02
9.021308092449537241e+00 8.224525756835937500e+02
9.024742818546032552e+00 8.255646362304687500e+02
9.028177544642529639e+00 8.298983154296875000e+02
9.031612270739026727e+00 8.325082397460937500e+02
9.035046996835523814e+00 8.360023803710937500e+02
9.038481722932020901e+00 8.420288696289062500e+02
9.041916449028519764e+00 8.504691162109375000e+02
9.045351175125015075e+00 8.636623535156250000e+02
9.048785901221512162e+00 8.734370117187500000e+02
9.052220627318009250e+00 8.887425537109375000e+02
9.055655353414506337e+00 9.049364013671875000e+02
9.059090079511003424e+00 9.393031616210937500e+02
9.062524805607500511e+00 9.948873291015625000e+02
9.065959531703997598e+00 1.101626831054687500e+03
9.069394257800494685e+00 1.311587646484375000e+03
9.072828983896991772e+00 1.728706787109375000e+03
9.076263709993488860e+00 2.502004394531250000e+03
9.079698436089985947e+00 3.610833496093750000e+03
9.083133162186483034e+00 4.937441406250000000e+03
9.086567888282980121e+00 6.099826660156250000e+03
9.090002614379477208e+00 6.444650390625000000e+03
9.093437340475974295e+00 5.930030273437500000e+03
9.096872066572471383e+00 4.643560058593750000e+03
9.100306792668968470e+00 3.304310058593750000e+03
9.103741518765465557e+00 2.236054687500000000e+03
9.107176244861962644e+00 1.545871459960937500e+03
9.110610970958459731e+00 1.214523315429687500e+03
9.114045697054956818e+00 1.049437011718750000e+03
9.117480423151453905e+00 9.700311279296875000e+02
9.120915149247950993e+00 9.292655029296875000e+02
9.124349875344446303e+00 9.039211425781250000e+02
9.127784601440945167e+00 8.842345581054687500e+02
9.131219327537442254e+00 8.755162963867187500e+02
9.134654053633939341e+00 8.679522094726562500e+02
9.138088779730436428e+00 8.581290283203125000e+02
9.141523505826933516e+00 8.474139404296875000e+02
9.144958231923428826e+00 8.400475463867187500e+02
9.148392958019925914e+00 8.347141723632812500e+02
9.151827684116424777e+00 8.317324218750000000e+02
9.155262410212921864e+00 8.305391845703125000e+02
9.158697136309418951e+00 8.301627807617187500e+02
9.162131862405916038e+00 8.306273193359375000e+02
9.165566588502411349e+00 8.296033325195312500e+02
9.169001314598908436e+00 8.277868041992187500e+02
9.172436040695407300e+00 8.244272460937500000e+02
9.175870766791904387e+00 8.255576782226562500e+02
9.179305492888401474e+00 8.285755004882812500e+02
9.182740218984896785e+00 8.301639404296875000e+02
9.186174945081393872e+00 8.254933471679687500e+02
9.189609671177890959e+00 8.217498168945312500e+02
9.193044397274389823e+00 8.191562500000000000e+02
9.196479123370886910e+00 8.223228759765625000e+02
9.199913849467383997e+00 8.255656127929687500e+02
9.203348575563879308e+00 8.316550292968750000e+02
9.206783301660376395e+00 8.318511962890625000e+02
9.210218027756873482e+00 8.347126464843750000e+02
9.213652753853372346e+00 8.396629028320312500e+02
9.217087479949869433e+00 8.513934936523437500e+02
9.220522206046366520e+00 8.829794921875000000e+02
9.223956932142861831e+00 9.513266601562500000e+02
9.227391658239358918e+00 1.086174804687500000e+03
9.230826384335856005e+00 1.329973999023437500e+03
9.234261110432353092e+00 1.708747680664062500e+03
9.237695836528851956e+00 2.166423828125000000e+03
9.241130562625349043e+00 2.586776123046875000e+03
9.244565288721844354e+00 2.776198974609375000e+03
9.248000014818341441e+00 2.638685791015625000e+03
9.251434740914838528e+00 2.273149658203125000e+03
9.254869467011335615e+00 1.791651489257812500e+03
9.258304193107834479e+00 1.403240966796875000e+03
9.261738919204329790e+00 1.134008911132812500e+03
9.265173645300826877e+00 9.690166015625000000e+02
9.268608371397323964e+00 8.892499389648437500e+02
9.272043097493821051e+00 8.495709228515625000e+02
9.275477823590318138e+00 8.291373901367187500e+02
9.278912549686817002e+00 8.232223510742187500e+02
9.282347275783312313e+00 8.187949829101562500e+02
9.285782001879809400e+00 8.173107299804687500e+02
9.289216727976306487e+00 8.121648559570312500e+02
9.292651454072803574e+00 8.096148681640625000e+02
9.296086180169300661e+00 8.050056152343750000e+02
9.299520906265799525e+00 8.011301269531250000e+02
9.302955632362294836e+00 7.980892944335937500e+02
9.306390358458791923e+00 7.930607299804687500e+02
9.309825084555289010e+00 7.888931884765625000e+02
9.313259810651786097e+00 7.850639648437500000e+02
9.316694536748283184e+00 7.860693359375000000e+02
9.320129262844780271e+00 7.890021362304687500e+02
9.323563988941277358e+00 7.891618652343750000e+02
9.326998715037774446e+00 7.889996337890625000e+02
9.330433441134271533e+00 7.852979125976562500e+02
9.333868167230768620e+00 7.858813476562500000e+02
9.337302893327265707e+00 7.829089965820312500e+02
9.340737619423762794e+00 7.819075317382812500e+02
9.344172345520259881e+00 7.757225341796875000e+02
9.347607071616756969e+00 7.753568115234375000e+02
9.351041797713254056e+00 7.727195434570312500e+02
9.354476523809751143e+00 7.717369995117187500e+02
9.357911249906248230e+00 7.708935546875000000e+02
9.361345976002743541e+00 7.683576049804687500e+02
9.364780702099242404e+00 7.704378051757812500e+02
9.368215428195739491e+00 7.676515502929687500e+02
9.371650154292236579e+00 7.675327758789062500e+02
9.375084880388733666e+00 7.669202270507812500e+02
9.378519606485230753e+00 7.702903442382812500e+02
9.381954332581726064e+00 7.749797363281250000e+02
9.385389058678224927e+00 7.749666137695312500e+02
9.388823784774722014e+00 7.756057739257812500e+02
9.392258510871219102e+00 7.765481567382812500e+02
9.395693236967716189e+00 7.779416503906250000e+02
9.399127963064213276e+00 7.789801025390625000e+02
9.402562689160708587e+00 7.784392700195312500e+02
9.405997415257207450e+00 7.812655029296875000e+02
9.409432141353704537e+00 7.812930297851562500e+02
9.412866867450201624e+00 7.799586791992187500e+02
9.416301593546698712e+00 7.763530273437500000e+02
9.419736319643195799e+00 7.858613891601562500e+02
9.423171045739691110e+00 7.907870483398437500e+02
9.426605771836188197e+00 7.921839599609375000e+02
9.430040497932687060e+00 7.788768310546875000e+02
9.433475224029184147e+00 7.696752319335937500e+02
9.436909950125681235e+00 7.678549194335937500e+02
9.440344676222176545e+00 7.736078491210937500e+02
9.443779402318673633e+00 7.802242431640625000e+02
9.447214128415170720e+00 7.805895996093750000e+02
9.450648854511669583e+00 7.818178100585937500e+02
9.454083580608166670e+00 7.817109375000000000e+02
9.457518306704663758e+00 7.825290527343750000e+02
9.460953032801159068e+00 7.777066650390625000e+02
9.464387758897656155e+00 7.738432617187500000e+02
9.467822484994153243e+00 7.737259521484375000e+02
9.471257211090652106e+00 7.760905151367187500e+02
9.474691937187149193e+00 7.774939575195312500e+02
9.478126663283646280e+00 7.783327026367187500e+02
9.481561389380141591e+00 7.769992065429687500e+02
9.484996115476638678e+00 7.783219604492187500e+02
9.488430841573135766e+00 7.783239746093750000e+02
9.491865567669634629e+00 7.823035888671875000e+02
9.495300293766131716e+00 7.802740478515625000e+02
9.498735019862627027e+00 7.762072143554687500e+02
9.502169745959124114e+00 7.738925781250000000e+02
9.505604472055621201e+00 7.770936279296875000e+02
9.509039198152118288e+00 7.741319580078125000e+02
9.512473924248615376e+00 7.758173217773437500e+02
9.515908650345114239e+00 7.755899658203125000e+02
9.519343376441609550e+00 7.847454833984375000e+02
9.522778102538106637e+00 7.850692749023437500e+02
9.526212828634603724e+00 8.029181518554687500e+02
9.529647554731100811e+00 8.333149414062500000e+02
9.533082280827597899e+00 9.027501220703125000e+02
9.536517006924096762e+00 1.021498413085937500e+03
9.539951733020592073e+00 1.181010742187500000e+03
9.543386459117089160e+00 1.394496215820312500e+03
9.546821185213586247e+00 1.578519287109375000e+03
9.550255911310083334e+00 1.638047607421875000e+03
9.553690637406580421e+00 1.560288940429687500e+03
9.557125363503077509e+00 1.348201660156250000e+03
9.560560089599574596e+00 1.148955200195312500e+03
9.563994815696071683e+00 9.838670654296875000e+02
9.567429541792568770e+00 8.716959228515625000e+02
9.570864267889065857e+00 8.220006713867187500e+02
9.574298993985562944e+00 7.930663452148437500e+02
9.577733720082060032e+00 7.819160156250000000e+02
9.581168446178557119e+00 7.723707885742187500e+02
9.584603172275054206e+00 7.676447143554687500e+02
9.588037898371551293e+00 7.649305419921875000e+02
9.591472624468048380e+00 7.662014160156250000e+02
9.594907350564545467e+00 7.699155883789062500e+02
9.598342076661042555e+00 7.670136718750000000e+02
9.601776802757539642e+00 7.708547363281250000e+02
9.605211528854036729e+00 7.775958251953125000e+02
9.608646254950533816e+00 7.775820312500000000e+02
9.612080981047030903e+00 7.705081787109375000e+02
9.615515707143527990e+00 7.640137329101562500e+02
9.618950433240023301e+00 7.677597045898437500e+02
9.622385159336522165e+00 7.654536132812500000e+02
9.625819885433019252e+00 7.628808593750000000e+02
9.629254611529516339e+00 7.645139770507812500e+02
9.632689337626013426e+00 7.760385742187500000e+02
9.636124063722510513e+00 7.845411376953125000e+02
9.639558789819005824e+00 7.809892578125000000e+02
9.642993515915504688e+00 7.776848754882812500e+02
9.646428242012001775e+00 7.862131958007812500e+02
9.649862968108498862e+00 8.016615600585937500e+02
9.653297694204995949e+00 8.062144775390625000e+02
9.656732420301493036e+00 8.065375976562500000e+02
9.660167146397988347e+00 8.057072143554687500e+02
9.663601872494487210e+00 8.180219726562500000e+02
9.667036598590984298e+00 8.387257690429687500e+02
9.670471324687481385e+00 8.780291748046875000e+02
9.673906050783978472e+00 9.480145874023437500e+02
9.677340776880473783e+00 1.071835327148437500e+03
9.680775502976970870e+00 1.349759277343750000e+03
9.684210229073467957e+00 1.849923461914062500e+03
9.687644955169966821e+00 2.541966064453125000e+03
9.691079681266463908e+00 3.479635742187500000e+03
9.694514407362960995e+00 4.272532714843750000e+03
9.697949133459456306e+00 4.622937011718750000e+03
9.701383859555953393e+00 4.382299804687500000e+03
9.704818585652450480e+00 3.535115234375000000e+03
9.708253311748949343e+00 2.623232666015625000e+03
9.711688037845446431e+00 1.850756713867187500e+03
9.715122763941943518e+00 1.343567749023437500e+03
9.718557490038438829e+00 1.080079833984375000e+03
9.721992216134935916e+00 9.482074584960937500e+02
9.725426942231433003e+00 8.866420898437500000e+02
9.728861668327931866e+00 8.550208740234375000e+02
9.732296394424428954e+00 8.372130126953125000e+02
9.735731120520924264e+00 8.155756835937500000e+02
9.739165846617421352e+00 8.063195800781250000e+02
9.742600572713918439e+00 7.974185180664062500e+02
9.746035298810415526e+00 7.958397216796875000e+02
9.749470024906914389e+00 7.912404785156250000e+02
9.752904751003411477e+00 7.887405395507812500e+02
9.756339477099906787e+00 7.841545410156250000e+02
9.759774203196403874e+00 7.878310546875000000e+02
9.763208929292900962e+00 7.879479980468750000e+02
9.766643655389398049e+00 7.873938598632812500e+02
9.770078381485895136e+00 7.882887573242187500e+02
9.773513107582393999e+00 7.875645751953125000e+02
9.776947833678889310e+00 7.821910400390625000e+02
9.780382559775386397e+00 7.742384033203125000e+02
9.783817285871883485e+00 7.760761108398437500e+02
9.787252011968380572e+00 7.776411743164062500e+02
9.790686738064877659e+00 7.810003662109375000e+02
9.794121464161376522e+00 7.870712890625000000e+02
9.797556190257871833e+00 7.881873779296875000e+02
9.800990916354368920e+00 7.912487792968750000e+02
9.804425642450866007e+00 7.925136718750000000e+02
9.807860368547363095e+00 8.062227172851562500e+02
9.811295094643860182e+00 8.147787475585937500e+02
9.814729820740357269e+00 8.274298706054687500e+02
9.818164546836854356e+00 8.587706298828125000e+02
9.821599272933351443e+00 9.290652465820312500e+02
9.825033999029848530e+00 1.058082397460937500e+03
9.828468725126345618e+00 1.339755004882812500e+03
9.831903451222842705e+00 1.753629882812500000e+03
9.835338177319339792e+00 2.299661621093750000e+03
9.838772903415836879e+00 2.973230957031250000e+03
9.842207629512333966e+00 3.438103759765625000e+03
9.845642355608831053e+00 3.581189697265625000e+03
9.849077081705328141e+00 3.283256103515625000e+03
9.852511807801825228e+00 2.620812988281250000e+03
9.855946533898320538e+00 1.960335083007812500e+03
9.859381259994819402e+00 1.443503784179687500e+03
9.862815986091316489e+00 1.095171020507812500e+03
9.866250712187813576e+00 9.519832153320312500e+02
9.869685438284310663e+00 8.709704589843750000e+02
9.873120164380807751e+00 8.300401000976562500e+02
9.876554890477303061e+00 8.118779907226562500e+02
9.879989616573801925e+00 7.961846923828125000e+02
9.883424342670299012e+00 7.886196289062500000e+02
9.886859068766796099e+00 7.838434448242187500e+02
9.890293794863293186e+00 7.823675537109375000e+02
9.893728520959790274e+00 7.795061035156250000e+02
9.897163247056285584e+00 7.762247924804687500e+02
9.900597973152784448e+00 7.768250732421875000e+02
9.904032699249281535e+00 7.704309692382812500e+02
9.907467425345778622e+00 7.700618286132812500e+02
9.910902151442275709e+00 7.669949340820312500e+02
9.914336877538771020e+00 7.657500610351562500e+02
9.917771603635268107e+00 7.612783203125000000e+02
9.921206329731766971e+00 7.629990844726562500e+02
9.924641055828264058e+00 7.663729248046875000e+02
9.928075781924761145e+00 7.602620239257812500e+02
9.931510508021258232e+00 7.650858154296875000e+02
9.934945234117753543e+00 7.697435913085937500e+02
9.938379960214250630e+00 7.755449218750000000e+02
9.941814686310747717e+00 7.639844970703125000e+02
9.945249412407246581e+00 7.657887573242187500e+02
9.948684138503743668e+00 7.701811523437500000e+02
9.952118864600240755e+00 7.888446044921875000e+02
9.955553590696736066e+00 7.906447143554687500e+02
9.958988316793233153e+00 7.998384399414062500e+02
9.962423042889730240e+00 8.104166259765625000e+02
9.965857768986229104e+00 8.692817382812500000e+02
9.969292495082726191e+00 9.737803955078125000e+02
9.972727221179223278e+00 1.175064086914062500e+03
9.976161947275718589e+00 1.559255981445312500e+03
9.979596673372215676e+00 2.052244628906250000e+03
9.983031399468712763e+00 2.538255126953125000e+03
9.986466125565211627e+00 3.021425781250000000e+03
9.989900851661708714e+00 3.055322265625000000e+03
9.993335577758204025e+00 2.836645019531250000e+03
9.996770303854701112e+00 2.340816406250000000e+03
1.000020502995119820e+01 1.743819946289062500e+03
1.000363975604769529e+01 1.339201293945312500e+03
1.000707448214419415e+01 1.046109252929687500e+03
1.001050920824069124e+01 8.982958374023437500e+02
1.001394393433718655e+01 8.423503417968750000e+02
1.001737866043368363e+01 7.982888793945312500e+02
1.002081338653018072e+01 7.749268188476562500e+02
1.002424811262667781e+01 7.568117675781250000e+02
1.002768283872317490e+01 7.486109008789062500e+02
1.003111756481967376e+01 7.403663940429687500e+02
1.003455229091616907e+01 7.400612182617187500e+02
1.003798701701266616e+01 7.339197998046875000e+02
1.004142174310916324e+01 7.320034790039062500e+02
1.004485646920566033e+01 7.295462646484375000e+02
1.004829119530215742e+01 7.255852661132812500e+02
1.005172592139865451e+01 7.283091430664062500e+02
1.005516064749515159e+01 7.255448608398437500e+02
1.005859537359164868e+01 7.282114868164062500e+02
1.006203009968814577e+01 7.225433959960937500e+02
1.006546482578464285e+01 7.209232788085937500e+02
1.006889955188113994e+01 7.097732543945312500e+02
1.007233427797763703e+01 7.028348388671875000e+02
1.007576900407413412e+01 6.964801635742187500e+02
1.007920373017063120e+01 7.085498657226562500e+02
1.008263845626712829e+01 7.143515014648437500e+02
1.008607318236362538e+01 7.141416015625000000e+02
1.008950790846012247e+01 7.168247070312500000e+02
1.009294263455661955e+01 7.148931884765625000e+02
1.009637736065311664e+01 7.110108642578125000e+02
1.009981208674961373e+01 7.059658203125000000e+02
1.010324681284611081e+01 7.189614257812500000e+02
1.010668153894260790e+01 7.420662841796875000e+02
1.011011626503910499e+01 7.822175903320312500e+02
1.011355099113560208e+01 8.987121582031250000e+02
1.011698571723209916e+01 1.051205932617187500e+03
1.012042044332859625e+01 1.323687011718750000e+03
1.012385516942509334e+01 1.749687744140625000e+03
1.012728989552159042e+01 1.949416381835937500e+03
1.013072462161808751e+01 2.098589599609375000e+03
1.013415934771458282e+01 1.940036499023437500e+03
1.013759407381108169e+01 1.650636230468750000e+03
1.014102879990757877e+01 1.383636596679687500e+03
1.014446352600407586e+01 1.033882202148437500e+03
1.014789825210057295e+01 8.594227294921875000e+02
1.015133297819707003e+01 7.728688964843750000e+02
1.015476770429356534e+01 7.071221313476562500e+02
1.015820243039006421e+01 6.598609619140625000e+02
1.016163715648656130e+01 6.514306640625000000e+02
1.016507188258305838e+01 6.521640625000000000e+02
1.016850660867955547e+01 6.520906372070312500e+02
1.017194133477605078e+01 6.414854736328125000e+02
1.017537606087254787e+01 6.308885498046875000e+02
1.017881078696904673e+01 6.159020385742187500e+02
1.018224551306554382e+01 6.092532958984375000e+02
1.018568023916204091e+01 6.030498657226562500e+02
1.018911496525853799e+01 5.930936889648437500e+02
1.019254969135503330e+01 5.666134033203125000e+02
1.019598441745153039e+01 5.563267822265625000e+02
1.019941914354802925e+01 5.490148925781250000e+02
1.020285386964452634e+01 5.334890747070312500e+02
1.020628859574102343e+01 5.174022216796875000e+02
1.020972332183752052e+01 5.017891540527343750e+02
1.021315804793401583e+01 4.826134948730468750e+02
1.021659277403051291e+01 4.611796875000000000e+02
1.022002750012701000e+01 4.464510803222656250e+02
1.022346222622350886e+01 4.288574829101562500e+02
1.022689695232000595e+01 4.124275817871093750e+02
1.023033167841650126e+01 4.082870483398437500e+02
1.023376640451299835e+01 4.049664916992187500e+02
1.023720113060949544e+01 3.849608154296875000e+02
1.024063585670599252e+01 3.618384094238281250e+02
1.024407058280249139e+01 3.454207763671875000e+02
1.024750530889898847e+01 3.440339660644531250e+02
1.025094003499548378e+01 3.347555236816406250e+02
1.025437476109198087e+01 3.342321166992187500e+02
1.025780948718847796e+01 3.412900695800781250e+02
1.026124421328497505e+01 3.661547546386718750e+02
1.026467893938147391e+01 3.732569274902343750e+02
1.026811366547797100e+01 3.773335876464843750e+02
1.027154839157446631e+01 3.611936950683593750e+02
1.027498311767096340e+01 3.341795043945312500e+02
1.027841784376746048e+01 3.005139160156250000e+02
1.028185256986395757e+01 2.254541473388671875e+02
1.028528729596045643e+01 1.892121734619140625e+02
1.028872202205695174e+01 1.618677978515625000e+02
1.029215674815344883e+01 1.292067871093750000e+02
1.029559147424994592e+01 3.615576934814453125e+01
1.029902620034644301e+01 9.470460891723632812e+00
1.030246092644294009e+01 0.000000000000000000e+00
