# # sector 03: chi = -144.98 deg (range [-150, -140))
# # columns: 2theta(deg)  intensity
1.717363048248531218e-03 2.850037841796875000e+02
5.152089144745594304e-03 3.129611816406250000e+02
8.586815241242657173e-03 3.785494079589843750e+02
1.202154133773972004e-02 3.890487976074218750e+02
1.545626743423678291e-02 3.632489318847656250e+02
1.889099353073384752e-02 2.645186157226562500e+02
2.232571962723091039e-02 2.126588439941406250e+02
2.576044572372797326e-02 1.541683502197265625e+02
2.919517182022503266e-02 1.421490173339843750e+02
3.262989791672209205e-02 1.607741699218750000e+02
3.606462401321915839e-02 1.726084899902343750e+02
3.949935010971622473e-02 1.720116424560546875e+02
4.293407620621328413e-02 1.644906921386718750e+02
4.636880230271035047e-02 1.698030395507812500e+02
4.980352839920740987e-02 1.345230560302734375e+02
5.323825449570447621e-02 1.143494873046875000e+02
5.667298059220153561e-02 1.127783355712890625e+02
6.010770668869859501e-02 1.464651489257812500e+02
6.354243278519566829e-02 1.632163543701171875e+02
6.697715888169272769e-02 1.645399169921875000e+02
7.041188497818978709e-02 1.555460052490234375e+02
7.384661107468684649e-02 1.580747375488281250e+02
7.728133717118391977e-02 1.720003204345703125e+02
8.071606326768097917e-02 1.707395782470703125e+02
8.415078936417803857e-02 1.549848632812500000e+02
8.758551546067509797e-02 1.273168563842773438e+02
9.102024155717217124e-02 1.206226882934570312e+02
9.445496765366923064e-02 1.345041198730468750e+02
9.788969375016629004e-02 1.683281860351562500e+02
1.013244198466633494e-01 1.859626770019531250e+02
1.047591459431604227e-01 1.907625579833984375e+02
1.081938720396574821e-01 1.870815582275390625e+02
1.116285981361545415e-01 2.001824035644531250e+02
1.150633242326516009e-01 2.540184936523437500e+02
1.184980503291486603e-01 2.817632141113281250e+02
1.219327764256457336e-01 3.273939208984375000e+02
1.253675025221427930e-01 3.781426696777343750e+02
1.288022286186398524e-01 4.264226684570312500e+02
1.322369547151369396e-01 4.780892639160156250e+02
1.356716808116339990e-01 5.140966186523437500e+02
1.391064069081310584e-01 5.919294433593750000e+02
1.425411330046281178e-01 6.896333618164062500e+02
1.459758591011251494e-01 7.368579101562500000e+02
1.494105851976222366e-01 7.424357299804687500e+02
1.528453112941192960e-01 7.413765869140625000e+02
1.562800373906163554e-01 8.270000610351562500e+02
1.597147634871134425e-01 9.129031372070312500e+02
1.631494895836105019e-01 9.429609375000000000e+02
1.665842156801075613e-01 9.532363891601562500e+02
1.700189417766046207e-01 9.763874511718750000e+02
1.734536678731016524e-01 1.014858154296875000e+03
1.768883939695987395e-01 1.034186035156250000e+03
1.803231200660957989e-01 1.057104125976562500e+03
1.837578461625928583e-01 1.114123779296875000e+03
1.871925722590899455e-01 1.138572265625000000e+03
1.906272983555870049e-01 1.172576538085937500e+03
1.940620244520840643e-01 1.217748168945312500e+03
1.974967505485811237e-01 1.275534912109375000e+03
2.009314766450781831e-01 1.293974365234375000e+03
2.043662027415752425e-01 1.306825561523437500e+03
2.078009288380723019e-01 1.353605712890625000e+03
2.112356549345693613e-01 1.415591308593750000e+03
2.146703810310664484e-01 1.442384033203125000e+03
2.181051071275635078e-01 1.459152587890625000e+03
2.215398332240605672e-01 1.462630371093750000e+03
2.249745593205576544e-01 1.474992187500000000e+03
2.284092854170546860e-01 1.519253540039062500e+03
2.318440115135517454e-01 1.574017211914062500e+03
2.352787376100488048e-01 1.648447143554687500e+03
2.387134637065459197e-01 1.701843383789062500e+03
2.421481898030429791e-01 1.726352905273437500e+03
2.455829158995400385e-01 1.727622070312500000e+03
2.490176419960370979e-01 1.690692504882812500e+03
2.524523680925341296e-01 1.688346923828125000e+03
2.558870941890312167e-01 1.709105834960937500e+03
2.593218202855282484e-01 1.771537841796875000e+03
2.627565463820253910e-01 1.839150878906250000e+03
2.661912724785224227e-01 1.859600585937500000e+03
2.696259985750194543e-01 1.887383789062500000e+03
2.730607246715165415e-01 1.876293090820312500e+03
2.764954507680135731e-01 1.913036865234375000e+03
2.799301768645106603e-01 1.944000244140625000e+03
2.833649029610076919e-01 1.982722045898437500e+03
2.867996290575047791e-01 2.006800048828125000e+03
2.902343551540018107e-01 2.034146240234375000e+03
2.936690812504989534e-01 2.049867431640625000e+03
2.971038073469959850e-01 2.055455078125000000e+03
3.005385334434930167e-01 2.066476806640625000e+03
3.039732595399901038e-01 2.113003417968750000e+03
3.074079856364871355e-01 2.122923583984375000e+03
3.108427117329842226e-01 2.139517089843750000e+03
3.142774378294812543e-01 2.133262451171875000e+03
3.177121639259783970e-01 2.187238769531250000e+03
3.211468900224754286e-01 2.225351074218750000e+03
3.245816161189724602e-01 2.243090820312500000e+03
3.280163422154695474e-01 2.254252929687500000e+03
3.314510683119665790e-01 2.231133544921875000e+03
3.348857944084636662e-01 2.262870361328125000e+03
3.383205205049606978e-01 2.299981933593750000e+03
3.417552466014577850e-01 2.364215576171875000e+03
3.451899726979548166e-01 2.379724121093750000e+03
3.486246987944519593e-01 2.365536132812500000e+03
3.520594248909489909e-01 2.361321777343750000e+03
3.554941509874460226e-01 2.375535156250000000e+03
3.589288770839431097e-01 2.398571044921875000e+03
3.623636031804401414e-01 2.419439208984375000e+03
3.657983292769372285e-01 2.419510986328125000e+03
3.692330553734342602e-01 2.415170166015625000e+03
3.726677814699314029e-01 2.405109375000000000e+03
3.761025075664284345e-01 2.438525390625000000e+03
3.795372336629255217e-01 2.509977050781250000e+03
3.829719597594225533e-01 2.587749511718750000e+03
3.864066858559195849e-01 2.631862548828125000e+03
3.898414119524166721e-01 2.617828613281250000e+03
3.932761380489137037e-01 2.625168457031250000e+03
3.967108641454107909e-01 2.643759521484375000e+03
4.001455902419078225e-01 2.659871337890625000e+03
4.035803163384049652e-01 2.655892578125000000e+03
4.070150424349019969e-01 2.658665527343750000e+03
4.104497685313990840e-01 2.706092285156250000e+03
4.138844946278961157e-01 2.742617187500000000e+03
4.173192207243931473e-01 2.789432861328125000e+03
4.207539468208902345e-01 2.809213623046875000e+03
4.241886729173872661e-01 2.813617431640625000e+03
4.276233990138844088e-01 2.835556396484375000e+03
4.310581251103814404e-01 2.850417236328125000e+03
4.344928512068785276e-01 2.888149169921875000e+03
4.379275773033755592e-01 2.898295410156250000e+03
4.413623033998725909e-01 2.930092529296875000e+03
4.447970294963696780e-01 2.973241943359375000e+03
4.482317555928666541e-01 3.011077392578125000e+03
4.516664816893637968e-01 3.036729248046875000e+03
4.551012077858607729e-01 3.041881835937500000e+03
4.585359338823579156e-01 3.046237060546875000e+03
4.619706599788548917e-01 3.053285156250000000e+03
4.654053860753520344e-01 3.052887939453125000e+03
4.688401121718490105e-01 3.060021728515625000e+03
4.722748382683461532e-01 3.068171142578125000e+03
4.757095643648432404e-01 3.105259277343750000e+03
4.791442904613402165e-01 3.153649169921875000e+03
4.825790165578373592e-01 3.209209716796875000e+03
4.860137426543343353e-01 3.224861083984375000e+03
4.894484687508314780e-01 3.222053222656250000e+03
4.928831948473284541e-01 3.220428222656250000e+03
4.963179209438255968e-01 3.220416503906250000e+03
4.997526470403226839e-01 3.240813232421875000e+03
5.031873731368197156e-01 3.256079345703125000e+03
5.066220992333168027e-01 3.279620361328125000e+03
5.100568253298137789e-01 3.299701904296875000e+03
5.134915514263108660e-01 3.306788085937500000e+03
5.169262775228079532e-01 3.312476562500000000e+03
5.203610036193050403e-01 3.294385253906250000e+03
5.237957297158021275e-01 3.319164062500000000e+03
5.272304558122991036e-01 3.305925292968750000e+03
5.306651819087961908e-01 3.311467285156250000e+03
5.340999080052932779e-01 3.287548095703125000e+03
5.375346341017903651e-01 3.280361328125000000e+03
5.409693601982873412e-01 3.264391113281250000e+03
5.444040862947844284e-01 3.253939208984375000e+03
5.478388123912815155e-01 3.256804931640625000e+03
5.512735384877786027e-01 3.245048095703125000e+03
5.547082645842756898e-01 3.215960205078125000e+03
5.581429906807726660e-01 3.205674316406250000e+03
5.615777167772697531e-01 3.180587890625000000e+03
5.650124428737668403e-01 3.171217285156250000e+03
5.684471689702639274e-01 3.142242675781250000e+03
5.718818950667609036e-01 3.159445800781250000e+03
5.753166211632579907e-01 3.187964355468750000e+03
5.787513472597550779e-01 3.200994628906250000e+03
5.821860733562521650e-01 3.217048828125000000e+03
5.856207994527492522e-01 3.213835205078125000e+03
5.890555255492462283e-01 3.242387207031250000e+03
5.924902516457433155e-01 3.221734863281250000e+03
5.959249777422404026e-01 3.218275634765625000e+03
5.993597038387374898e-01 3.187328369140625000e+03
6.027944299352344659e-01 3.188837158203125000e+03
6.062291560317315531e-01 3.180435058593750000e+03
6.096638821282287513e-01 3.210465087890625000e+03
6.130986082247257274e-01 3.218277587890625000e+03
6.165333343212228145e-01 3.225312255859375000e+03
6.199680604177197907e-01 3.200661376953125000e+03
6.234027865142168778e-01 3.195971679687500000e+03
6.268375126107139650e-01 3.191520507812500000e+03
6.302722387072110521e-01 3.199937255859375000e+03
6.337069648037081393e-01 3.202278808593750000e+03
6.371416909002051154e-01 3.189006347656250000e+03
6.405764169967023136e-01 3.187345703125000000e+03
6.440111430931992897e-01 3.199499755859375000e+03
6.474458691896963769e-01 3.216750732421875000e+03
6.508805952861933530e-01 3.214537597656250000e+03
6.543153213826904402e-01 3.181560058593750000e+03
6.577500474791875273e-01 3.165314208984375000e+03
6.611847735756846145e-01 3.158957031250000000e+03
6.646194996721817017e-01 3.179499267578125000e+03
6.680542257686786778e-01 3.197947998046875000e+03
6.714889518651757649e-01 3.208125976562500000e+03
6.749236779616728521e-01 3.196272705078125000e+03
6.783584040581699393e-01 3.195581542968750000e+03
6.817931301546669154e-01 3.199134765625000000e+03
6.852278562511640025e-01 3.213760742187500000e+03
6.886625823476610897e-01 3.210125000000000000e+03
6.920973084441581769e-01 3.207123046875000000e+03
6.955320345406552640e-01 3.214765136718750000e+03
6.989667606371522401e-01 3.220160156250000000e+03
7.024014867336493273e-01 3.215568603515625000e+03
7.058362128301464145e-01 3.210077636718750000e+03
7.092709389266435016e-01 3.222116943359375000e+03
7.127056650231404777e-01 3.215407714843750000e+03
7.161403911196375649e-01 3.220775878906250000e+03
7.195751172161347631e-01 3.210008789062500000e+03
7.230098433126317392e-01 3.233472167968750000e+03
7.264445694091288264e-01 3.233712646484375000e+03
7.298792955056258025e-01 3.246042480468750000e+03
7.333140216021228897e-01 3.265736083984375000e+03
7.367487476986199768e-01 3.280101074218750000e+03
7.401834737951170640e-01 3.305477294921875000e+03
7.436181998916141511e-01 3.312065185546875000e+03
7.470529259881111273e-01 3.300885742187500000e+03
7.504876520846083254e-01 3.282482177734375000e+03
7.539223781811053016e-01 3.252717285156250000e+03
7.573571042776023887e-01 3.236850341796875000e+03
7.607918303740993649e-01 3.229002929687500000e+03
7.642265564705964520e-01 3.262511718750000000e+03
7.676612825670935392e-01 3.291875732421875000e+03
7.710960086635906263e-01 3.299994140625000000e+03
7.745307347600877135e-01 3.294173583984375000e+03
7.779654608565846896e-01 3.297832519531250000e+03
7.814001869530818878e-01 3.296219726562500000e+03
7.848349130495788639e-01 3.288466796875000000e+03
7.882696391460759511e-01 3.276236572265625000e+03
7.917043652425729272e-01 3.268039306640625000e+03
7.951390913390700144e-01 3.273848632812500000e+03
7.985738174355671015e-01 3.276722167968750000e+03
8.020085435320641887e-01 3.259802001953125000e+03
8.054432696285612758e-01 3.226421142578125000e+03
8.088779957250582520e-01 3.213929931640625000e+03
8.123127218215554501e-01 3.221220458984375000e+03
8.157474479180524263e-01 3.248788085937500000e+03
8.191821740145495134e-01 3.259438232421875000e+03
8.226169001110464896e-01 3.268006591796875000e+03
8.260516262075435767e-01 3.261151611328125000e+03
8.294863523040407749e-01 3.287355712890625000e+03
8.329210784005377510e-01 3.301300781250000000e+03
8.363558044970348382e-01 3.283919189453125000e+03
8.397905305935318143e-01 3.248620849609375000e+03
8.432252566900290125e-01 3.231759033203125000e+03
8.466599827865259886e-01 3.229920410156250000e+03
8.500947088830230758e-01 3.237148925781250000e+03
8.535294349795201629e-01 3.258634521484375000e+03
8.569641610760171391e-01 3.304589355468750000e+03
8.603988871725143373e-01 3.299406494140625000e+03
8.638336132690113134e-01 3.288289306640625000e+03
8.672683393655084005e-01 3.268112060546875000e+03
8.707030654620053767e-01 3.282541259765625000e+03
8.741377915585024638e-01 3.285262207031250000e+03
8.775725176549995510e-01 3.287322998046875000e+03
8.810072437514966381e-01 3.285534179687500000e+03
8.844419698479937253e-01 3.289367919921875000e+03
8.878766959444907014e-01 3.281657714843750000e+03
8.913114220409878996e-01 3.256349121093750000e+03
8.947461481374848757e-01 3.244559326171875000e+03
8.981808742339819629e-01 3.254388671875000000e+03
9.016156003304791611e-01 3.277802001953125000e+03
9.050503264269761372e-01 3.279739501953125000e+03
9.084850525234732244e-01 3.281912841796875000e+03
9.119197786199704225e-01 3.273224365234375000e+03
9.153545047164673987e-01 3.268231445312500000e+03
9.187892308129643748e-01 3.251199218750000000e+03
9.222239569094614620e-01 3.240558837890625000e+03
9.256586830059586601e-01 3.234479248046875000e+03
9.290934091024556363e-01 3.245173095703125000e+03
9.325281351989526124e-01 3.255370849609375000e+03
9.359628612954495885e-01 3.267331054687500000e+03
9.393975873919468977e-01 3.254853515625000000e+03
9.428323134884438739e-01 3.247907226562500000e+03
9.462670395849408500e-01 3.261886474609375000e+03
9.497017656814380482e-01 3.286138671875000000e+03
9.531364917779350243e-01 3.294902099609375000e+03
9.565712178744321115e-01 3.300522460937500000e+03
9.600059439709290876e-01 3.311152587890625000e+03
9.634406700674262858e-01 3.320864013671875000e+03
9.668753961639232619e-01 3.313136230468750000e+03
9.703101222604203491e-01 3.289802978515625000e+03
9.737448483569175472e-01 3.268452880859375000e+03
9.771795744534145234e-01 3.254458007812500000e+03
9.806143005499114995e-01 3.259098144531250000e+03
9.840490266464085867e-01 3.261780029296875000e+03
9.874837527429057848e-01 3.264026855468750000e+03
9.909184788394027610e-01 3.259022705078125000e+03
9.943532049358997371e-01 3.279213378906250000e+03
9.977879310323969353e-01 3.287111083984375000e+03
1.001222657128894022e+00 3.294573486328125000e+03
1.004657383225390888e+00 3.291283691406250000e+03
1.008092109321887975e+00 3.298918701171875000e+03
1.011526835418385284e+00 3.296283203125000000e+03
1.014961561514882149e+00 3.280163330078125000e+03
1.018396287611379236e+00 3.266012451171875000e+03
1.021831013707876323e+00 3.269625976562500000e+03
1.025265739804373410e+00 3.270354980468750000e+03
1.028700465900870498e+00 3.274042724609375000e+03
1.032135191997367363e+00 3.267749511718750000e+03
1.035569918093864672e+00 3.256736083984375000e+03
1.039004644190361537e+00 3.249218750000000000e+03
1.042439370286858624e+00 3.248737792968750000e+03
1.045874096383355933e+00 3.264334960937500000e+03
1.049308822479852799e+00 3.283972167968750000e+03
1.052743548576349886e+00 3.288671630859375000e+03
1.056178274672846973e+00 3.273059082031250000e+03
1.059613000769344060e+00 3.242931152343750000e+03
1.063047726865841147e+00 3.216511718750000000e+03
1.066482452962338012e+00 3.205766357421875000e+03
1.069917179058835099e+00 3.214011230468750000e+03
1.073351905155332409e+00 3.219577392578125000e+03
1.076786631251829274e+00 3.225948486328125000e+03
1.080221357348326361e+00 3.211101074218750000e+03
1.083656083444823448e+00 3.204258544921875000e+03
1.087090809541320535e+00 3.201995605468750000e+03
1.090525535637817622e+00 3.201478759765625000e+03
1.093960261734314487e+00 3.198757324218750000e+03
1.097394987830811797e+00 3.180872314453125000e+03
1.100829713927308662e+00 3.165293701171875000e+03
1.104264440023805749e+00 3.152874755859375000e+03
1.107699166120303058e+00 3.167994873046875000e+03
1.111133892216799923e+00 3.183635253906250000e+03
1.114568618313297010e+00 3.192375244140625000e+03
1.118003344409794098e+00 3.171082519531250000e+03
1.121438070506291185e+00 3.164243164062500000e+03
1.124872796602788272e+00 3.164558837890625000e+03
1.128307522699285137e+00 3.187248046875000000e+03
1.131742248795782446e+00 3.187604492187500000e+03
1.135176974892279533e+00 3.177520019531250000e+03
1.138611700988776398e+00 3.151443359375000000e+03
1.142046427085273486e+00 3.126846679687500000e+03
1.145481153181770573e+00 3.125192138671875000e+03
1.148915879278267660e+00 3.137712646484375000e+03
1.152350605374764747e+00 3.170967285156250000e+03
1.155785331471261612e+00 3.196503417968750000e+03
1.159220057567758921e+00 3.217046630859375000e+03
1.162654783664255786e+00 3.214705566406250000e+03
1.166089509760752874e+00 3.201710205078125000e+03
1.169524235857250183e+00 3.187717529296875000e+03
1.172958961953747048e+00 3.176196533203125000e+03
1.176393688050244135e+00 3.163626220703125000e+03
1.179828414146741222e+00 3.149010986328125000e+03
1.183263140243238309e+00 3.129629882812500000e+03
1.186697866339735397e+00 3.116671875000000000e+03
1.190132592436232262e+00 3.100369628906250000e+03
1.193567318532729571e+00 3.098827880859375000e+03
1.197002044629226658e+00 3.082182617187500000e+03
1.200436770725723523e+00 3.082604248046875000e+03
1.203871496822220610e+00 3.081551757812500000e+03
1.207306222918717697e+00 3.091801757812500000e+03
1.210740949015214785e+00 3.093146972656250000e+03
1.214175675111711872e+00 3.115679199218750000e+03
1.217610401208208959e+00 3.152392089843750000e+03
1.221045127304706046e+00 3.181249023437500000e+03
1.224479853401202911e+00 3.178287109375000000e+03
1.227914579497699998e+00 3.170606933593750000e+03
1.231349305594197308e+00 3.163327148437500000e+03
1.234784031690694173e+00 3.149275390625000000e+03
1.238218757787191260e+00 3.135473632812500000e+03
1.241653483883688347e+00 3.141545654296875000e+03
1.245088209980185434e+00 3.143597900390625000e+03
1.248522936076682521e+00 3.140480957031250000e+03
1.251957662173179386e+00 3.128068847656250000e+03
1.255392388269676696e+00 3.133541503906250000e+03
1.258827114366173783e+00 3.140580078125000000e+03
1.262261840462670648e+00 3.160680908203125000e+03
1.265696566559167957e+00 3.167775878906250000e+03
1.269131292655664822e+00 3.159642333984375000e+03
1.272566018752161909e+00 3.159164062500000000e+03
1.276000744848658996e+00 3.150137695312500000e+03
1.279435470945156084e+00 3.145118408203125000e+03
1.282870197041653171e+00 3.132682861328125000e+03
1.286304923138150036e+00 3.139679443359375000e+03
1.289739649234647123e+00 3.134472167968750000e+03
1.293174375331144432e+00 3.113687255859375000e+03
1.296609101427641297e+00 3.108932617187500000e+03
1.300043827524138385e+00 3.103532958984375000e+03
1.303478553620635472e+00 3.115018798828125000e+03
1.306913279717132559e+00 3.110706787109375000e+03
1.310348005813629646e+00 3.107356201171875000e+03
1.313782731910126511e+00 3.102170898437500000e+03
1.317217458006623820e+00 3.101746337890625000e+03
1.320652184103120685e+00 3.108484375000000000e+03
1.324086910199617773e+00 3.108998291015625000e+03
1.327521636296115082e+00 3.115108154296875000e+03
1.330956362392611947e+00 3.118974121093750000e+03
1.334391088489109034e+00 3.122450683593750000e+03
1.337825814585606121e+00 3.134079345703125000e+03
1.341260540682103208e+00 3.134543457031250000e+03
1.344695266778600296e+00 3.137855224609375000e+03
1.348129992875097161e+00 3.130844970703125000e+03
1.351564718971594470e+00 3.131761230468750000e+03
1.354999445068091557e+00 3.113390869140625000e+03
1.358434171164588422e+00 3.100367919921875000e+03
1.361868897261085509e+00 3.096200683593750000e+03
1.365303623357582596e+00 3.102898437500000000e+03
1.368738349454079684e+00 3.106152099609375000e+03
1.372173075550576771e+00 3.110437988281250000e+03
1.375607801647073636e+00 3.108456298828125000e+03
1.379042527743570945e+00 3.105791015625000000e+03
1.382477253840067810e+00 3.086496826171875000e+03
1.385911979936564897e+00 3.072543701171875000e+03
1.389346706033062206e+00 3.067863769531250000e+03
1.392781432129559072e+00 3.086997802734375000e+03
1.396216158226056159e+00 3.095825195312500000e+03
1.399650884322553246e+00 3.089674560546875000e+03
1.403085610419050333e+00 3.077728271484375000e+03
1.406520336515547420e+00 3.076241210937500000e+03
1.409955062612044285e+00 3.067917236328125000e+03
1.413389788708541595e+00 3.046091552734375000e+03
1.416824514805038682e+00 3.034097412109375000e+03
1.420259240901535547e+00 3.032033691406250000e+03
1.423693966998032634e+00 3.043778076171875000e+03
1.427128693094529721e+00 3.047549560546875000e+03
1.430563419191026808e+00 3.047401367187500000e+03
1.433998145287523895e+00 3.040344238281250000e+03
1.437432871384020983e+00 3.045386962890625000e+03
1.440867597480518070e+00 3.060177978515625000e+03
1.444302323577014935e+00 3.077239746093750000e+03
1.447737049673512022e+00 3.071628173828125000e+03
1.451171775770009331e+00 3.063265380859375000e+03
1.454606501866506196e+00 3.061986328125000000e+03
1.458041227963003283e+00 3.059917724609375000e+03
1.461475954059500371e+00 3.052874511718750000e+03
1.464910680155997458e+00 3.040991699218750000e+03
1.468345406252494545e+00 3.041946533203125000e+03
1.471780132348991410e+00 3.044145507812500000e+03
1.475214858445488719e+00 3.038625000000000000e+03
1.478649584541985806e+00 3.024779785156250000e+03
1.482084310638482672e+00 3.009190673828125000e+03
1.485519036734979981e+00 3.005486083984375000e+03
1.488953762831476846e+00 3.000220703125000000e+03
1.492388488927973933e+00 3.000296875000000000e+03
1.495823215024471020e+00 2.992362304687500000e+03
1.499257941120968107e+00 2.995820068359375000e+03
1.502692667217465194e+00 2.994416503906250000e+03
1.506127393313962060e+00 2.994924316406250000e+03
1.509562119410459147e+00 2.987348388671875000e+03
1.512996845506956456e+00 2.980578857421875000e+03
1.516431571603453321e+00 2.986840332031250000e+03
1.519866297699950408e+00 3.007491455078125000e+03
1.523301023796447495e+00 3.029819580078125000e+03
1.526735749892944582e+00 3.036690673828125000e+03
1.530170475989441670e+00 3.035370117187500000e+03
1.533605202085938535e+00 3.025808105468750000e+03
1.537039928182435844e+00 3.014665527343750000e+03
1.540474654278932931e+00 2.998091552734375000e+03
1.543909380375429796e+00 2.990550781250000000e+03
1.547344106471927105e+00 2.983059570312500000e+03
1.550778832568423971e+00 2.983264892578125000e+03
1.554213558664921058e+00 2.988204345703125000e+03
1.557648284761418145e+00 3.008194824218750000e+03
1.561083010857915232e+00 3.012375244140625000e+03
1.564517736954412319e+00 3.012517822265625000e+03
1.567952463050909184e+00 3.002793457031250000e+03
1.571387189147406493e+00 2.992029296875000000e+03
1.574821915243903581e+00 2.987422363281250000e+03
1.578256641340400446e+00 2.984099853515625000e+03
1.581691367436897533e+00 3.003303222656250000e+03
1.585126093533394620e+00 3.011526855468750000e+03
1.588560819629891707e+00 3.023188232421875000e+03
1.591995545726388794e+00 3.029656738281250000e+03
1.595430271822885659e+00 3.041036132812500000e+03
1.598864997919382969e+00 3.045221191406250000e+03
1.602299724015880056e+00 3.050227783203125000e+03
1.605734450112376921e+00 3.047790283203125000e+03
1.609169176208874230e+00 3.037724365234375000e+03
1.612603902305371095e+00 3.028352050781250000e+03
1.616038628401868182e+00 3.029328369140625000e+03
1.619473354498365270e+00 3.042271972656250000e+03
1.622908080594862357e+00 3.054958740234375000e+03
1.626342806691359444e+00 3.061738525390625000e+03
1.629777532787856309e+00 3.072025390625000000e+03
1.633212258884353618e+00 3.090938964843750000e+03
1.636646984980850705e+00 3.121169433593750000e+03
1.640081711077347570e+00 3.159635498046875000e+03
1.643516437173844658e+00 3.192989501953125000e+03
1.646951163270341745e+00 3.240161621093750000e+03
1.650385889366838832e+00 3.303499267578125000e+03
1.653820615463335919e+00 3.417237060546875000e+03
1.657255341559833006e+00 3.601114990234375000e+03
1.660690067656330093e+00 3.957462158203125000e+03
1.664124793752827181e+00 4.750006347656250000e+03
1.667559519849324046e+00 6.496707031250000000e+03
1.670994245945821355e+00 1.004022949218750000e+04
1.674428972042318220e+00 1.647128320312500000e+04
1.677863698138815307e+00 2.517005859375000000e+04
1.681298424235312394e+00 3.320407031250000000e+04
1.684733150331809481e+00 3.683762500000000000e+04
1.688167876428306569e+00 3.409912890625000000e+04
1.691602602524803434e+00 2.951564843750000000e+04
1.695037328621300743e+00 2.187717773437500000e+04
1.698472054717797830e+00 1.531791210937500000e+04
1.701906780814294695e+00 9.463579101562500000e+03
1.705341506910792004e+00 6.409294433593750000e+03
1.708776233007288869e+00 4.706261230468750000e+03
1.712210959103785957e+00 3.892665771484375000e+03
1.715645685200283044e+00 3.532554931640625000e+03
1.719080411296780131e+00 3.339833007812500000e+03
1.722515137393277218e+00 3.221815673828125000e+03
1.725949863489774083e+00 3.160587402343750000e+03
1.729384589586271170e+00 3.124115966796875000e+03
1.732819315682768480e+00 3.080937255859375000e+03
1.736254041779265345e+00 3.046380615234375000e+03
1.739688767875762432e+00 3.013207031250000000e+03
1.743123493972259519e+00 3.006344970703125000e+03
1.746558220068756606e+00 2.996490478515625000e+03
1.749992946165253693e+00 2.993976806640625000e+03
1.753427672261750558e+00 3.005754394531250000e+03
1.756862398358247868e+00 2.993058593750000000e+03
1.760297124454744955e+00 2.964764892578125000e+03
1.763731850551241820e+00 2.920323730468750000e+03
1.767166576647739129e+00 2.898603027343750000e+03
1.770601302744235994e+00 2.885544921875000000e+03
1.774036028840733081e+00 2.868556396484375000e+03
1.777470754937230168e+00 2.865078857421875000e+03
1.780905481033727256e+00 2.856636962890625000e+03
1.784340207130224343e+00 2.845616699218750000e+03
1.787774933226721208e+00 2.826465576171875000e+03
1.791209659323218295e+00 2.820380859375000000e+03
1.794644385419715160e+00 2.808950195312500000e+03
1.798079111516212247e+00 2.793890625000000000e+03
1.801513837612709557e+00 2.782115478515625000e+03
1.804948563709206422e+00 2.782524658203125000e+03
1.808383289805703509e+00 2.774425048828125000e+03
1.811818015902200818e+00 2.763623291015625000e+03
1.815252741998697461e+00 2.753068603515625000e+03
1.818687468095194770e+00 2.742265380859375000e+03
1.822122194191692079e+00 2.735863525390625000e+03
1.825556920288188723e+00 2.729321289062500000e+03
1.828991646384686032e+00 2.726476074218750000e+03
1.832426372481182897e+00 2.721090820312500000e+03
1.835861098577679984e+00 2.711212402343750000e+03
1.839295824674177293e+00 2.714137695312500000e+03
1.842730550770673936e+00 2.701491455078125000e+03
1.846165276867171245e+00 2.708219726562500000e+03
1.849600002963668333e+00 2.709257324218750000e+03
1.853034729060165198e+00 2.722514892578125000e+03
1.856469455156662507e+00 2.709919189453125000e+03
1.859904181253159594e+00 2.707317871093750000e+03
1.863338907349656459e+00 2.698073242187500000e+03
1.866773633446153768e+00 2.696858398437500000e+03
1.870208359542650411e+00 2.683102050781250000e+03
1.873643085639147721e+00 2.673555908203125000e+03
1.877077811735644808e+00 2.656515380859375000e+03
1.880512537832141673e+00 2.643837402343750000e+03
1.883947263928638982e+00 2.615470703125000000e+03
1.887381990025136069e+00 2.572542724609375000e+03
1.890816716121632934e+00 2.538917968750000000e+03
1.894251442218130022e+00 2.565751953125000000e+03
1.897686168314627331e+00 2.606402832031250000e+03
1.901120894411124196e+00 2.628096923828125000e+03
1.904555620507621283e+00 2.625050537109375000e+03
1.907990346604118592e+00 2.630533935546875000e+03
1.911425072700615457e+00 2.630974609375000000e+03
1.914859798797112544e+00 2.623815673828125000e+03
1.918294524893609410e+00 2.613929443359375000e+03
1.921729250990106497e+00 2.599566650390625000e+03
1.925163977086603806e+00 2.592352050781250000e+03
1.928598703183100671e+00 2.585842285156250000e+03
1.932033429279597758e+00 2.595414794921875000e+03
1.935468155376095067e+00 2.598008544921875000e+03
1.938902881472591710e+00 2.599219970703125000e+03
1.942337607569089020e+00 2.592173095703125000e+03
1.945772333665586329e+00 2.589111328125000000e+03
1.949207059762082972e+00 2.590254150390625000e+03
1.952641785858580281e+00 2.590639404296875000e+03
1.956076511955077368e+00 2.591008544921875000e+03
1.959511238051574233e+00 2.580863281250000000e+03
1.962945964148071543e+00 2.574539306640625000e+03
1.966380690244568186e+00 2.562604736328125000e+03
1.969815416341065495e+00 2.559205078125000000e+03
1.973250142437562582e+00 2.554681640625000000e+03
1.976684868534059447e+00 2.538745605468750000e+03
1.980119594630556756e+00 2.530269775390625000e+03
1.983554320727053843e+00 2.531916992187500000e+03
1.986989046823550709e+00 2.536396240234375000e+03
1.990423772920048018e+00 2.534836181640625000e+03
1.993858499016545105e+00 2.532831054687500000e+03
1.997293225113041970e+00 2.541343994140625000e+03
2.000727951209539057e+00 2.530043457031250000e+03
2.004162677306036144e+00 2.522170410156250000e+03
2.007597403402533232e+00 2.518311523437500000e+03
2.011032129499030319e+00 2.517962890625000000e+03
2.014466855595526962e+00 2.512996582031250000e+03
2.017901581692024493e+00 2.514442871093750000e+03
2.021336307788521580e+00 2.530120117187500000e+03
2.024771033885018223e+00 2.529277832031250000e+03
2.028205759981515754e+00 2.519374511718750000e+03
2.031640486078012842e+00 2.502897949218750000e+03
2.035075212174509485e+00 2.504368408203125000e+03
2.038509938271007016e+00 2.486937988281250000e+03
2.041944664367504103e+00 2.473197753906250000e+03
2.045379390464000746e+00 2.462218505859375000e+03
2.048814116560497833e+00 2.467799560546875000e+03
2.052248842656994920e+00 2.473342041015625000e+03
2.055683568753492008e+00 2.478514404296875000e+03
2.059118294849989095e+00 2.476614746093750000e+03
2.062553020946486182e+00 2.463838378906250000e+03
2.065987747042983269e+00 2.438446289062500000e+03
2.069422473139480356e+00 2.431980468750000000e+03
2.072857199235977443e+00 2.435559326171875000e+03
2.076291925332474531e+00 2.448007080078125000e+03
2.079726651428971618e+00 2.446235107421875000e+03
2.083161377525468705e+00 2.442679199218750000e+03
2.086596103621965792e+00 2.431943603515625000e+03
2.090030829718462879e+00 2.428734863281250000e+03
2.093465555814959522e+00 2.421176513671875000e+03
2.096900281911457053e+00 2.424154052734375000e+03
2.100335008007953697e+00 2.430136962890625000e+03
2.103769734104450784e+00 2.435472656250000000e+03
2.107204460200948315e+00 2.422207763671875000e+03
2.110639186297444958e+00 2.420909667968750000e+03
2.114073912393942045e+00 2.426754638671875000e+03
2.117508638490439576e+00 2.424147216796875000e+03
2.120943364586936219e+00 2.408276123046875000e+03
2.124378090683433307e+00 2.392195800781250000e+03
2.127812816779930394e+00 2.385661132812500000e+03
2.131247542876427481e+00 2.374549804687500000e+03
2.134682268972924568e+00 2.360224365234375000e+03
2.138116995069421211e+00 2.350443603515625000e+03
2.141551721165918742e+00 2.346014648437500000e+03
2.144986447262415830e+00 2.340570556640625000e+03
2.148421173358912473e+00 2.341197509765625000e+03
2.151855899455410004e+00 2.341456054687500000e+03
2.155290625551907091e+00 2.340698974609375000e+03
2.158725351648403734e+00 2.338924560546875000e+03
2.162160077744901265e+00 2.340069335937500000e+03
2.165594803841398353e+00 2.349411132812500000e+03
2.169029529937894996e+00 2.356221435546875000e+03
2.172464256034392083e+00 2.354263183593750000e+03
2.175898982130889614e+00 2.345699462890625000e+03
2.179333708227386257e+00 2.329999023437500000e+03
2.182768434323883344e+00 2.320675292968750000e+03
2.186203160420380431e+00 2.318846191406250000e+03
2.189637886516877519e+00 2.322883789062500000e+03
2.193072612613374606e+00 2.315718261718750000e+03
2.196507338709871693e+00 2.297681396484375000e+03
2.199942064806368780e+00 2.289302734375000000e+03
2.203376790902865867e+00 2.293112792968750000e+03
2.206811516999362954e+00 2.307200927734375000e+03
2.210246243095860041e+00 2.312214599609375000e+03
2.213680969192357129e+00 2.311469482421875000e+03
2.217115695288853772e+00 2.300564697265625000e+03
2.220550421385351303e+00 2.300624755859375000e+03
2.223985147481847946e+00 2.304477783203125000e+03
2.227419873578345033e+00 2.312556152343750000e+03
2.230854599674842564e+00 2.309473632812500000e+03
2.234289325771339207e+00 2.300736572265625000e+03
2.237724051867836295e+00 2.299871337890625000e+03
2.241158777964333826e+00 2.296131835937500000e+03
2.244593504060830469e+00 2.298556152343750000e+03
2.248028230157327556e+00 2.297691894531250000e+03
2.251462956253824643e+00 2.303607910156250000e+03
2.254897682350321730e+00 2.310913085937500000e+03
2.258332408446818818e+00 2.305772705078125000e+03
2.261767134543315905e+00 2.302546142578125000e+03
2.265201860639812992e+00 2.303255859375000000e+03
2.268636586736310079e+00 2.302291748046875000e+03
2.272071312832806722e+00 2.302450195312500000e+03
2.275506038929304253e+00 2.314093750000000000e+03
2.278940765025801340e+00 2.333298828125000000e+03
2.282375491122297984e+00 2.342272216796875000e+03
2.285810217218795515e+00 2.338757568359375000e+03
2.289244943315292602e+00 2.344768066406250000e+03
2.292679669411789245e+00 2.355112548828125000e+03
2.296114395508286332e+00 2.369477539062500000e+03
2.299549121604783863e+00 2.377406982421875000e+03
2.302983847701280506e+00 2.397391601562500000e+03
2.306418573797777594e+00 2.426019287109375000e+03
2.309853299894274681e+00 2.449622070312500000e+03
2.313288025990771768e+00 2.460554931640625000e+03
2.316722752087268855e+00 2.476262207031250000e+03
2.320157478183765942e+00 2.497854736328125000e+03
2.323592204280263029e+00 2.520104980468750000e+03
2.327026930376760117e+00 2.546204589843750000e+03
2.330461656473257204e+00 2.574782958984375000e+03
2.333896382569754291e+00 2.618088867187500000e+03
2.337331108666251378e+00 2.668019531250000000e+03
2.340765834762748021e+00 2.738047119140625000e+03
2.344200560859245552e+00 2.834961181640625000e+03
2.347635286955742639e+00 2.977408447265625000e+03
2.351070013052239283e+00 3.209022216796875000e+03
2.354504739148736814e+00 3.586662353515625000e+03
2.357939465245233457e+00 4.340171875000000000e+03
2.361374191341730544e+00 6.028604003906250000e+03
2.364808917438227631e+00 9.708334960937500000e+03
2.368243643534724718e+00 1.724691406250000000e+04
2.371678369631221805e+00 2.991359570312500000e+04
2.375113095727718893e+00 4.509282031250000000e+04
2.378547821824215980e+00 5.734148828125000000e+04
2.381982547920713067e+00 6.197199609375000000e+04
2.385417274017210154e+00 5.790005468750000000e+04
2.388852000113707241e+00 4.943239453125000000e+04
2.392286726210204328e+00 3.698887890625000000e+04
2.395721452306701416e+00 2.630481835937500000e+04
2.399156178403198503e+00 1.645683593750000000e+04
2.402590904499695590e+00 1.036405957031250000e+04
2.406025630596192233e+00 6.674846191406250000e+03
2.409460356692689320e+00 4.644634277343750000e+03
2.412895082789186851e+00 3.668182861328125000e+03
2.416329808885683494e+00 3.174939208984375000e+03
2.419764534982180582e+00 2.914875976562500000e+03
2.423199261078678113e+00 2.760625000000000000e+03
2.426633987175174756e+00 2.659981933593750000e+03
2.430068713271671843e+00 2.583482421875000000e+03
2.433503439368169374e+00 2.530765625000000000e+03
2.436938165464666017e+00 2.475085205078125000e+03
2.440372891561163105e+00 2.431560546875000000e+03
2.443807617657660192e+00 2.386934814453125000e+03
2.447242343754157279e+00 2.353314208984375000e+03
2.450677069850654366e+00 2.321843750000000000e+03
2.454111795947151009e+00 2.291128417968750000e+03
2.457546522043648540e+00 2.262166748046875000e+03
2.460981248140145627e+00 2.236841064453125000e+03
2.464415974236642271e+00 2.208515869140625000e+03
2.467850700333139802e+00 2.187934570312500000e+03
2.471285426429636889e+00 2.168787841796875000e+03
2.474720152526133532e+00 2.160883300781250000e+03
2.478154878622631063e+00 2.143732666015625000e+03
2.481589604719128150e+00 2.122963378906250000e+03
2.485024330815624793e+00 2.105291748046875000e+03
2.488459056912121881e+00 2.089974365234375000e+03
2.491893783008618968e+00 2.077420654296875000e+03
2.495328509105116055e+00 2.062350585937500000e+03
2.498763235201613142e+00 2.042332397460937500e+03
2.502197961298110229e+00 2.024358764648437500e+03
2.505632687394607316e+00 2.008318481445312500e+03
2.509067413491104404e+00 2.001779174804687500e+03
2.512502139587601491e+00 1.989390625000000000e+03
2.515936865684098578e+00 1.975283935546875000e+03
2.519371591780595665e+00 1.967107055664062500e+03
2.522806317877092752e+00 1.973856079101562500e+03
2.526241043973589839e+00 1.975464233398437500e+03
2.529675770070086926e+00 1.964695556640625000e+03
2.533110496166583570e+00 1.947399536132812500e+03
2.536545222263081101e+00 1.937561279296875000e+03
2.539979948359577744e+00 1.928897460937500000e+03
2.543414674456074831e+00 1.924095458984375000e+03
2.546849400552572362e+00 1.913143188476562500e+03
2.550284126649069005e+00 1.905797851562500000e+03
2.553718852745566092e+00 1.893964721679687500e+03
2.557153578842063624e+00 1.885725708007812500e+03
2.560588304938560267e+00 1.875537841796875000e+03
2.564023031035057354e+00 1.869114379882812500e+03
2.567457757131554441e+00 1.870968017578125000e+03
2.570892483228051528e+00 1.868809814453125000e+03
2.574327209324548615e+00 1.869555908203125000e+03
2.577761935421045258e+00 1.859945922851562500e+03
2.581196661517542790e+00 1.855663330078125000e+03
2.584631387614039877e+00 1.843972412109375000e+03
2.588066113710536520e+00 1.840730102539062500e+03
2.591500839807034051e+00 1.823706054687500000e+03
2.594935565903531138e+00 1.813131958007812500e+03
2.598370292000027781e+00 1.807423461914062500e+03
2.601805018096525313e+00 1.807572509765625000e+03
2.605239744193022400e+00 1.802373413085937500e+03
2.608674470289519043e+00 1.789648437500000000e+03
2.612109196386016130e+00 1.787168090820312500e+03
2.615543922482513661e+00 1.785568359375000000e+03
2.618978648579010304e+00 1.790626464843750000e+03
2.622413374675507391e+00 1.793660278320312500e+03
2.625848100772004479e+00 1.784773315429687500e+03
2.629282826868501566e+00 1.773227905273437500e+03
2.632717552964998653e+00 1.759881347656250000e+03
2.636152279061495740e+00 1.758306762695312500e+03
2.639587005157992827e+00 1.754705688476562500e+03
2.643021731254489914e+00 1.753037719726562500e+03
2.646456457350987002e+00 1.745552490234375000e+03
2.649891183447484089e+00 1.734579223632812500e+03
2.653325909543981176e+00 1.732506469726562500e+03
2.656760635640477819e+00 1.736541503906250000e+03
2.660195361736975350e+00 1.750327514648437500e+03
2.663630087833471993e+00 1.750406005859375000e+03
2.667064813929969080e+00 1.747988159179687500e+03
2.670499540026466612e+00 1.741175170898437500e+03
2.673934266122963255e+00 1.742774902343750000e+03
2.677368992219460342e+00 1.737125732421875000e+03
2.680803718315957873e+00 1.719524902343750000e+03
2.684238444412454516e+00 1.710461181640625000e+03
2.687673170508951603e+00 1.706640014648437500e+03
2.691107896605448691e+00 1.708445312500000000e+03
2.694542622701945778e+00 1.703039184570312500e+03
2.697977348798442865e+00 1.706003784179687500e+03
2.701412074894939952e+00 1.705664672851562500e+03
2.704846800991437039e+00 1.700549682617187500e+03
2.708281527087934126e+00 1.697825561523437500e+03
2.711716253184430769e+00 1.695295043945312500e+03
2.715150979280928301e+00 1.697655761718750000e+03
2.718585705377425388e+00 1.692064086914062500e+03
2.722020431473922031e+00 1.692835205078125000e+03
2.725455157570419562e+00 1.689333496093750000e+03
2.728889883666916649e+00 1.687260131835937500e+03
2.732324609763413292e+00 1.691104736328125000e+03
2.735759335859910379e+00 1.687739868164062500e+03
2.739194061956407911e+00 1.678140747070312500e+03
2.742628788052904554e+00 1.672598510742187500e+03
2.746063514149401641e+00 1.675032104492187500e+03
2.749498240245898728e+00 1.681001831054687500e+03
2.752932966342395815e+00 1.676707275390625000e+03
2.756367692438892902e+00 1.677998901367187500e+03
2.759802418535389990e+00 1.686237548828125000e+03
2.763237144631887077e+00 1.690966918945312500e+03
2.766671870728384164e+00 1.689176025390625000e+03
2.770106596824881251e+00 1.679146850585937500e+03
2.773541322921378338e+00 1.678067871093750000e+03
2.776976049017875425e+00 1.664183471679687500e+03
2.780410775114372068e+00 1.665074951171875000e+03
2.783845501210869600e+00 1.662729614257812500e+03
2.787280227307366687e+00 1.674195922851562500e+03
2.790714953403863330e+00 1.677422363281250000e+03
2.794149679500360861e+00 1.672947875976562500e+03
2.797584405596857504e+00 1.679891845703125000e+03
2.801019131693354591e+00 1.691499633789062500e+03
2.804453857789852123e+00 1.696256835937500000e+03
2.807888583886348766e+00 1.688826049804687500e+03
2.811323309982845853e+00 1.682230590820312500e+03
2.814758036079342940e+00 1.687624267578125000e+03
2.818192762175840027e+00 1.692527832031250000e+03
2.821627488272337114e+00 1.694582641601562500e+03
2.825062214368834201e+00 1.705751464843750000e+03
2.828496940465331289e+00 1.711084228515625000e+03
2.831931666561828376e+00 1.718903808593750000e+03
2.835366392658325463e+00 1.728834594726562500e+03
2.838801118754822550e+00 1.747087768554687500e+03
2.842235844851319637e+00 1.762373046875000000e+03
2.845670570947816280e+00 1.769607299804687500e+03
2.849105297044313811e+00 1.782368164062500000e+03
2.852540023140810899e+00 1.800501586914062500e+03
2.855974749237307542e+00 1.816796264648437500e+03
2.859409475333804629e+00 1.829012084960937500e+03
2.862844201430302160e+00 1.843502807617187500e+03
2.866278927526798803e+00 1.871906860351562500e+03
2.869713653623295890e+00 1.902372070312500000e+03
2.873148379719793422e+00 1.936761962890625000e+03
2.876583105816290065e+00 1.967137084960937500e+03
2.880017831912787152e+00 2.021127441406250000e+03
2.883452558009284239e+00 2.099031982421875000e+03
2.886887284105781326e+00 2.231197265625000000e+03
2.890322010202278413e+00 2.427110839843750000e+03
2.893756736298775500e+00 2.813319091796875000e+03
2.897191462395272588e+00 3.578232421875000000e+03
2.900626188491769675e+00 5.261163085937500000e+03
2.904060914588266318e+00 9.057980468750000000e+03
2.907495640684763849e+00 1.486834472656250000e+04
2.910930366781260936e+00 2.393641601562500000e+04
2.914365092877757579e+00 3.171377343750000000e+04
2.917799818974255111e+00 3.792442578125000000e+04
2.921234545070752198e+00 3.827670703125000000e+04
2.924669271167248841e+00 3.530325000000000000e+04
2.928103997263746372e+00 2.858896679687500000e+04
2.931538723360243015e+00 2.089325195312500000e+04
2.934973449456740102e+00 1.390838671875000000e+04
2.938408175553237189e+00 8.949700195312500000e+03
2.941842901649734277e+00 6.021696777343750000e+03
2.945277627746231364e+00 4.158318359375000000e+03
2.948712353842728451e+00 3.150248046875000000e+03
2.952147079939225538e+00 2.587515869140625000e+03
2.955581806035722625e+00 2.253988281250000000e+03
2.959016532132219712e+00 2.092412109375000000e+03
2.962451258228716799e+00 1.996828979492187500e+03
2.965885984325213887e+00 1.932294799804687500e+03
2.969320710421710974e+00 1.881468627929687500e+03
2.972755436518208061e+00 1.843512817382812500e+03
2.976190162614705148e+00 1.809903076171875000e+03
2.979624888711201791e+00 1.784079101562500000e+03
2.983059614807698878e+00 1.766419433593750000e+03
2.986494340904196410e+00 1.751831542968750000e+03
2.989929067000693053e+00 1.731533935546875000e+03
2.993363793097190140e+00 1.699398559570312500e+03
2.996798519193687671e+00 1.661250976562500000e+03
3.000233245290184314e+00 1.634781860351562500e+03
3.003667971386681401e+00 1.626875610351562500e+03
3.007102697483178932e+00 1.620176391601562500e+03
3.010537423579675576e+00 1.611548217773437500e+03
3.013972149676172663e+00 1.590498168945312500e+03
3.017406875772669750e+00 1.580595214843750000e+03
3.020841601869166837e+00 1.571417724609375000e+03
3.024276327965663924e+00 1.565144897460937500e+03
3.027711054062160567e+00 1.552686401367187500e+03
3.031145780158658098e+00 1.538123657226562500e+03
3.034580506255155186e+00 1.521426269531250000e+03
3.038015232351651829e+00 1.513722656250000000e+03
3.041449958448149360e+00 1.512503906250000000e+03
3.044884684544646447e+00 1.518309936523437500e+03
3.048319410641143090e+00 1.509952758789062500e+03
3.051754136737640177e+00 1.499060913085937500e+03
3.055188862834137709e+00 1.488173583984375000e+03
3.058623588930634352e+00 1.487217651367187500e+03
3.062058315027131439e+00 1.481425537109375000e+03
3.065493041123628526e+00 1.480096557617187500e+03
3.068927767220125613e+00 1.471091918945312500e+03
3.072362493316622700e+00 1.469197753906250000e+03
3.075797219413119787e+00 1.461607788085937500e+03
3.079231945509616875e+00 1.463146118164062500e+03
3.082666671606113962e+00 1.470513183593750000e+03
3.086101397702611049e+00 1.469577758789062500e+03
3.089536123799108136e+00 1.458589355468750000e+03
3.092970849895605223e+00 1.450627929687500000e+03
3.096405575992101866e+00 1.455683959960937500e+03
3.099840302088599397e+00 1.457924438476562500e+03
3.103275028185096041e+00 1.451068115234375000e+03
3.106709754281593128e+00 1.442032714843750000e+03
3.110144480378090659e+00 1.434808837890625000e+03
3.113579206474587302e+00 1.436254760742187500e+03
3.117013932571084389e+00 1.448193603515625000e+03
3.120448658667581920e+00 1.458283813476562500e+03
3.123883384764078563e+00 1.461235229492187500e+03
3.127318110860575651e+00 1.459646972656250000e+03
3.130752836957072738e+00 1.463302978515625000e+03
3.134187563053569825e+00 1.455933105468750000e+03
3.137622289150066912e+00 1.449235961914062500e+03
3.141057015246563999e+00 1.436933105468750000e+03
3.144491741343061086e+00 1.425192871093750000e+03
3.147926467439558174e+00 1.414056884765625000e+03
3.151361193536054817e+00 1.409410522460937500e+03
3.154795919632552348e+00 1.412634521484375000e+03
3.158230645729049435e+00 1.412139160156250000e+03
3.161665371825546078e+00 1.404598632812500000e+03
3.165100097922043609e+00 1.400499511718750000e+03
3.168534824018540696e+00 1.397103881835937500e+03
3.171969550115037340e+00 1.395760009765625000e+03
3.175404276211534427e+00 1.400321899414062500e+03
3.178839002308031958e+00 1.400137817382812500e+03
3.182273728404528601e+00 1.403151977539062500e+03
3.185708454501025688e+00 1.395303222656250000e+03
3.189143180597522775e+00 1.395479736328125000e+03
3.192577906694019862e+00 1.398418701171875000e+03
3.196012632790516950e+00 1.395266845703125000e+03
3.199447358887014037e+00 1.381073608398437500e+03
3.202882084983511124e+00 1.369448730468750000e+03
3.206316811080008211e+00 1.371052368164062500e+03
3.209751537176505298e+00 1.379337036132812500e+03
3.213186263273002385e+00 1.385690307617187500e+03
3.216620989369499473e+00 1.380272338867187500e+03
3.220055715465996116e+00 1.375142578125000000e+03
3.223490441562493647e+00 1.364399902343750000e+03
3.226925167658990734e+00 1.367354614257812500e+03
3.230359893755487377e+00 1.369490722656250000e+03
3.233794619851984908e+00 1.373170654296875000e+03
3.237229345948481551e+00 1.376914428710937500e+03
3.240664072044978639e+00 1.377931274414062500e+03
3.244098798141476170e+00 1.377846313476562500e+03
3.247533524237972813e+00 1.364022216796875000e+03
3.250968250334469900e+00 1.357492675781250000e+03
3.254402976430966987e+00 1.354616088867187500e+03
3.257837702527464074e+00 1.364514160156250000e+03
3.261272428623961162e+00 1.366804687500000000e+03
3.264707154720458249e+00 1.373910400390625000e+03
3.268141880816955336e+00 1.378481445312500000e+03
3.271576606913452423e+00 1.380062500000000000e+03
3.275011333009949510e+00 1.377469604492187500e+03
3.278446059106446597e+00 1.381215820312500000e+03
3.281880785202943684e+00 1.386148925781250000e+03
3.285315511299440328e+00 1.387456909179687500e+03
3.288750237395937859e+00 1.386325439453125000e+03
3.292184963492434946e+00 1.393389282226562500e+03
3.295619689588931589e+00 1.393629028320312500e+03
3.299054415685428676e+00 1.392972778320312500e+03
3.302489141781926207e+00 1.395037597656250000e+03
3.305923867878422850e+00 1.409191406250000000e+03
3.309358593974919938e+00 1.420551391601562500e+03
3.312793320071417469e+00 1.428889038085937500e+03
3.316228046167914112e+00 1.435961914062500000e+03
3.319662772264411199e+00 1.450480590820312500e+03
3.323097498360908286e+00 1.461031982421875000e+03
3.326532224457405373e+00 1.475982299804687500e+03
3.329966950553902461e+00 1.493914794921875000e+03
3.333401676650399548e+00 1.532417602539062500e+03
3.336836402746896635e+00 1.577715576171875000e+03
3.340271128843393722e+00 1.653178833007812500e+03
3.343705854939890365e+00 1.789741210937500000e+03
3.347140581036387896e+00 2.074832031250000000e+03
3.350575307132884983e+00 2.709714599609375000e+03
3.354010033229381627e+00 4.016386474609375000e+03
3.357444759325879158e+00 6.396424316406250000e+03
3.360879485422376245e+00 9.327717773437500000e+03
3.364314211518872888e+00 1.276005078125000000e+04
3.367748937615370419e+00 1.564143652343750000e+04
3.371183663711867062e+00 1.682701757812500000e+04
3.374618389808364149e+00 1.726854492187500000e+04
3.378053115904861237e+00 1.597958691406250000e+04
3.381487842001358324e+00 1.502530078125000000e+04
3.384922568097855411e+00 1.246707128906250000e+04
3.388357294194352498e+00 1.003136718750000000e+04
3.391792020290849585e+00 7.575202636718750000e+03
3.395226746387346672e+00 5.082654296875000000e+03
3.398661472483843760e+00 3.722458007812500000e+03
3.402096198580340847e+00 2.331532714843750000e+03
3.405530924676837934e+00 1.931358520507812500e+03
3.408965650773335021e+00 1.699655517578125000e+03
3.412400376869832108e+00 1.588858886718750000e+03
3.415835102966329195e+00 1.528717773437500000e+03
3.419269829062825838e+00 1.499553222656250000e+03
3.422704555159322926e+00 1.482571777343750000e+03
3.426139281255820457e+00 1.468598999023437500e+03
3.429574007352317100e+00 1.448117431640625000e+03
3.433008733448814187e+00 1.445886474609375000e+03
3.436443459545311718e+00 1.430693237304687500e+03
3.439878185641808361e+00 1.417480834960937500e+03
3.443312911738305448e+00 1.389474365234375000e+03
3.446747637834802980e+00 1.372600708007812500e+03
3.450182363931299623e+00 1.358021362304687500e+03
3.453617090027796710e+00 1.341599609375000000e+03
3.457051816124293797e+00 1.332318359375000000e+03
3.460486542220790884e+00 1.324129760742187500e+03
3.463921268317287971e+00 1.314278564453125000e+03
3.467355994413784614e+00 1.303081054687500000e+03
3.470790720510282146e+00 1.295150390625000000e+03
3.474225446606779233e+00 1.297113769531250000e+03
3.477660172703275876e+00 1.292170776367187500e+03
3.481094898799773407e+00 1.292835449218750000e+03
3.484529624896270494e+00 1.279564331054687500e+03
3.487964350992767137e+00 1.277693603515625000e+03
3.491399077089264669e+00 1.269555175781250000e+03
3.494833803185761756e+00 1.271559082031250000e+03
3.498268529282258399e+00 1.261789428710937500e+03
3.501703255378755486e+00 1.251590698242187500e+03
3.505137981475252573e+00 1.244356811523437500e+03
3.508572707571749660e+00 1.242911621093750000e+03
3.512007433668246748e+00 1.248239135742187500e+03
3.515442159764743835e+00 1.255151245117187500e+03
3.518876885861240922e+00 1.253677124023437500e+03
3.522311611957738009e+00 1.238583862304687500e+03
3.525746338054235096e+00 1.236306396484375000e+03
3.529181064150732183e+00 1.239982055664062500e+03
3.532615790247229270e+00 1.249268310546875000e+03
3.536050516343726358e+00 1.235796386718750000e+03
3.539485242440223445e+00 1.229239379882812500e+03
3.542919968536720088e+00 1.219860595703125000e+03
3.546354694633217175e+00 1.222835693359375000e+03
3.549789420729714706e+00 1.216810913085937500e+03
3.553224146826211349e+00 1.218854980468750000e+03
3.556658872922708436e+00 1.217408325195312500e+03
3.560093599019205968e+00 1.226144531250000000e+03
3.563528325115702611e+00 1.224410888671875000e+03
3.566963051212199698e+00 1.224682617187500000e+03
3.570397777308697229e+00 1.227346069335937500e+03
3.573832503405193872e+00 1.240508911132812500e+03
3.577267229501690959e+00 1.241217895507812500e+03
3.580701955598188047e+00 1.235722167968750000e+03
3.584136681694685134e+00 1.219374389648437500e+03
3.587571407791181777e+00 1.214526367187500000e+03
3.591006133887679308e+00 1.213346801757812500e+03
3.594440859984176395e+00 1.212208251953125000e+03
3.597875586080673038e+00 1.212694824218750000e+03
3.601310312177170569e+00 1.203313720703125000e+03
3.604745038273667657e+00 1.208243652343750000e+03
3.608179764370164300e+00 1.209647583007812500e+03
3.611614490466661831e+00 1.215201171875000000e+03
3.615049216563158918e+00 1.221816162109375000e+03
3.618483942659655561e+00 1.225900146484375000e+03
3.621918668756153092e+00 1.228403808593750000e+03
3.625353394852649735e+00 1.226617187500000000e+03
3.628788120949146823e+00 1.223938354492187500e+03
3.632222847045644354e+00 1.229191162109375000e+03
3.635657573142140997e+00 1.235965942382812500e+03
3.639092299238638084e+00 1.241454101562500000e+03
3.642527025335135615e+00 1.242843750000000000e+03
3.645961751431632258e+00 1.247850341796875000e+03
3.649396477528129346e+00 1.250537475585937500e+03
3.652831203624625989e+00 1.254346313476562500e+03
3.656265929721123520e+00 1.253647216796875000e+03
3.659700655817620607e+00 1.261159667968750000e+03
3.663135381914117250e+00 1.267427612304687500e+03
3.666570108010614781e+00 1.278837768554687500e+03
3.670004834107111424e+00 1.292296020507812500e+03
3.673439560203608512e+00 1.300232299804687500e+03
3.676874286300106043e+00 1.305628295898437500e+03
3.680309012396602686e+00 1.313519531250000000e+03
3.683743738493099773e+00 1.332550537109375000e+03
3.687178464589597304e+00 1.344839599609375000e+03
3.690613190686093947e+00 1.349775512695312500e+03
3.694047916782591034e+00 1.354901489257812500e+03
3.697482642879088566e+00 1.360648925781250000e+03
3.700917368975585209e+00 1.373493408203125000e+03
3.704352095072082296e+00 1.392568603515625000e+03
3.707786821168579827e+00 1.417203613281250000e+03
3.711221547265076470e+00 1.444076660156250000e+03
3.714656273361573113e+00 1.471005859375000000e+03
3.718090999458071089e+00 1.505951538085937500e+03
3.721525725554567732e+00 1.543878417968750000e+03
3.724960451651064375e+00 1.597776977539062500e+03
3.728395177747561906e+00 1.653290893554687500e+03
3.731829903844058993e+00 1.733301147460937500e+03
3.735264629940555636e+00 1.860402465820312500e+03
3.738699356037052723e+00 2.081770751953125000e+03
3.742134082133550255e+00 2.477612792968750000e+03
3.745568808230046898e+00 3.267742431640625000e+03
3.749003534326543985e+00 5.004479980468750000e+03
3.752438260423041516e+00 8.668085937500000000e+03
3.755872986519538159e+00 1.475465722656250000e+04
3.759307712616034802e+00 2.359310937500000000e+04
3.762742438712532778e+00 3.356107812500000000e+04
3.766177164809029421e+00 4.039252343750000000e+04
3.769611890905526064e+00 4.523759375000000000e+04
3.773046617002023595e+00 4.139515625000000000e+04
3.776481343098520682e+00 3.546037109375000000e+04
3.779916069195017325e+00 2.504914453125000000e+04
3.783350795291514856e+00 1.708954687500000000e+04
3.786785521388011944e+00 1.053276757812500000e+04
3.790220247484508587e+00 6.513034667968750000e+03
3.793654973581006118e+00 4.276984375000000000e+03
3.797089699677503205e+00 2.904134521484375000e+03
3.800524425773999848e+00 2.288966308593750000e+03
3.803959151870497379e+00 1.964712280273437500e+03
3.807393877966994467e+00 1.787595336914062500e+03
3.810828604063491110e+00 1.674538818359375000e+03
3.814263330159988641e+00 1.602377807617187500e+03
3.817698056256485284e+00 1.551999755859375000e+03
3.821132782352982371e+00 1.512048828125000000e+03
3.824567508449479902e+00 1.475485351562500000e+03
3.828002234545976545e+00 1.436763549804687500e+03
3.831436960642473633e+00 1.401868774414062500e+03
3.834871686738970276e+00 1.377704833984375000e+03
3.838306412835467807e+00 1.354073242187500000e+03
3.841741138931964894e+00 1.334592041015625000e+03
3.845175865028461537e+00 1.309201660156250000e+03
3.848610591124959068e+00 1.294274902343750000e+03
3.852045317221456155e+00 1.278937622070312500e+03
3.855480043317952799e+00 1.270993530273437500e+03
3.858914769414450330e+00 1.252310302734375000e+03
3.862349495510946973e+00 1.234043090820312500e+03
3.865784221607444060e+00 1.227569580078125000e+03
3.869218947703941591e+00 1.221132812500000000e+03
3.872653673800438234e+00 1.219363037109375000e+03
3.876088399896935321e+00 1.206695556640625000e+03
3.879523125993432853e+00 1.201328002929687500e+03
3.882957852089929496e+00 1.188819213867187500e+03
3.886392578186426583e+00 1.174314575195312500e+03
3.889827304282924114e+00 1.167348266601562500e+03
3.893262030379420757e+00 1.163335693359375000e+03
3.896696756475917844e+00 1.160134399414062500e+03
3.900131482572415376e+00 1.149675415039062500e+03
3.903566208668912019e+00 1.144772338867187500e+03
3.907000934765408662e+00 1.146647216796875000e+03
3.910435660861906637e+00 1.141630615234375000e+03
3.913870386958403280e+00 1.137514160156250000e+03
3.917305113054899923e+00 1.125752563476562500e+03
3.920739839151397010e+00 1.122579101562500000e+03
3.924174565247894542e+00 1.114890991210937500e+03
3.927609291344391185e+00 1.117891479492187500e+03
3.931044017440888272e+00 1.114894897460937500e+03
3.934478743537385803e+00 1.118239013671875000e+03
3.937913469633882446e+00 1.115895141601562500e+03
3.941348195730379533e+00 1.116311035156250000e+03
3.944782921826877065e+00 1.107575439453125000e+03
3.948217647923373708e+00 1.107798461914062500e+03
3.951652374019870351e+00 1.108667236328125000e+03
3.955087100116368326e+00 1.106968139648437500e+03
3.958521826212864969e+00 1.100924072265625000e+03
3.961956552309361612e+00 1.098880249023437500e+03
3.965391278405859588e+00 1.095862915039062500e+03
3.968826004502356231e+00 1.094877807617187500e+03
3.972260730598852874e+00 1.091976928710937500e+03
3.975695456695350405e+00 1.092932128906250000e+03
3.979130182791847492e+00 1.085759399414062500e+03
3.982564908888344135e+00 1.088099243164062500e+03
3.985999634984841666e+00 1.096692016601562500e+03
3.989434361081338754e+00 1.103136108398437500e+03
3.992869087177835397e+00 1.097840209960937500e+03
3.996303813274332928e+00 1.095356567382812500e+03
3.999738539370830015e+00 1.093105468750000000e+03
4.003173265467326658e+00 1.089790771484375000e+03
4.006607991563823745e+00 1.086224365234375000e+03
4.010042717660320832e+00 1.089879394531250000e+03
4.013477443756817920e+00 1.100721679687500000e+03
4.016912169853315007e+00 1.103908935546875000e+03
4.020346895949812094e+00 1.107257690429687500e+03
4.023781622046309181e+00 1.105035766601562500e+03
4.027216348142806268e+00 1.101373657226562500e+03
4.030651074239303355e+00 1.096717651367187500e+03
4.034085800335800442e+00 1.094175659179687500e+03
4.037520526432297530e+00 1.102373413085937500e+03
4.040955252528794617e+00 1.114352172851562500e+03
4.044389978625291704e+00 1.126399658203125000e+03
4.047824704721788791e+00 1.136885620117187500e+03
4.051259430818285878e+00 1.144622070312500000e+03
4.054694156914782965e+00 1.141280151367187500e+03
4.058128883011279164e+00 1.139487426757812500e+03
4.061563609107777140e+00 1.147778442382812500e+03
4.064998335204274227e+00 1.163483276367187500e+03
4.068433061300770426e+00 1.174449951171875000e+03
4.071867787397268401e+00 1.181307617187500000e+03
4.075302513493765488e+00 1.198955566406250000e+03
4.078737239590261687e+00 1.220082153320312500e+03
4.082171965686759663e+00 1.248315307617187500e+03
4.085606691783256750e+00 1.270557006835937500e+03
4.089041417879752949e+00 1.305431152343750000e+03
4.092476143976250036e+00 1.351275512695312500e+03
4.095910870072748011e+00 1.431108032226562500e+03
4.099345596169244210e+00 1.562030029296875000e+03
4.102780322265741297e+00 1.816406616210937500e+03
4.106215048362239273e+00 2.352185058593750000e+03
4.109649774458735472e+00 3.608517822265625000e+03
4.113084500555232559e+00 5.837937988281250000e+03
4.116519226651730534e+00 9.662938476562500000e+03
4.119953952748226733e+00 1.452628613281250000e+04
4.123388678844723820e+00 1.914242578125000000e+04
4.126823404941220907e+00 2.191291796875000000e+04
4.130258131037717995e+00 2.128981835937500000e+04
4.133692857134215082e+00 1.868275781250000000e+04
4.137127583230712169e+00 1.433483789062500000e+04
4.140562309327209256e+00 1.062093750000000000e+04
4.143997035423706343e+00 7.467070312500000000e+03
4.147431761520203430e+00 5.269916015625000000e+03
4.150866487616700518e+00 3.759574707031250000e+03
4.154301213713197605e+00 2.688299072265625000e+03
4.157735939809694692e+00 2.056623046875000000e+03
4.161170665906191779e+00 1.624357299804687500e+03
4.164605392002688866e+00 1.452328369140625000e+03
4.168040118099185953e+00 1.346881958007812500e+03
4.171474844195683040e+00 1.288309692382812500e+03
4.174909570292180128e+00 1.254771362304687500e+03
4.178344296388677215e+00 1.229379638671875000e+03
4.181779022485174302e+00 1.204856933593750000e+03
4.185213748581671389e+00 1.187304687500000000e+03
4.188648474678167588e+00 1.174322753906250000e+03
4.192083200774665563e+00 1.154966674804687500e+03
4.195517926871162651e+00 1.139129028320312500e+03
4.198952652967658850e+00 1.124736328125000000e+03
4.202387379064156825e+00 1.118628540039062500e+03
4.205822105160653912e+00 1.104557983398437500e+03
4.209256831257150111e+00 1.096757446289062500e+03
4.212691557353648086e+00 1.082313476562500000e+03
4.216126283450144285e+00 1.072307250976562500e+03
4.219561009546641372e+00 1.064011474609375000e+03
4.222995735643139348e+00 1.063678344726562500e+03
4.226430461739635547e+00 1.064519165039062500e+03
4.229865187836132634e+00 1.060669555664062500e+03
4.233299913932630609e+00 1.051693115234375000e+03
4.236734640029126808e+00 1.040005981445312500e+03
4.240169366125623895e+00 1.035394897460937500e+03
4.243604092222121871e+00 1.044178588867187500e+03
4.247038818318618070e+00 1.044674682617187500e+03
4.250473544415115157e+00 1.042916870117187500e+03
4.253908270511613132e+00 1.032038940429687500e+03
4.257342996608109331e+00 1.029925781250000000e+03
4.260777722704606418e+00 1.021041992187500000e+03
4.264212448801104394e+00 1.014254699707031250e+03
4.267647174897600593e+00 1.011609008789062500e+03
4.271081900994097680e+00 1.013704101562500000e+03
4.274516627090594767e+00 1.007772583007812500e+03
4.277951353187091854e+00 9.951072387695312500e+02
4.281386079283588941e+00 9.875843505859375000e+02
4.284820805380086028e+00 9.880505981445312500e+02
4.288255531476583116e+00 9.882704467773437500e+02
4.291690257573080203e+00 9.826395874023437500e+02
4.295124983669576402e+00 9.874754638671875000e+02
4.298559709766074377e+00 9.924232788085937500e+02
4.301994435862571464e+00 1.000763549804687500e+03
4.305429161959067663e+00 9.937832641601562500e+02
4.308863888055565639e+00 9.873425903320312500e+02
4.312298614152062726e+00 9.844573974609375000e+02
4.315733340248558925e+00 9.877712402343750000e+02
4.319168066345056900e+00 9.884000854492187500e+02
4.322602792441553987e+00 9.799165039062500000e+02
4.326037518538050186e+00 9.713630371093750000e+02
4.329472244634548161e+00 9.713098754882812500e+02
4.332906970731045249e+00 9.710889892578125000e+02
4.336341696827541448e+00 9.737574462890625000e+02
4.339776422924039423e+00 9.649616088867187500e+02
4.343211149020536510e+00 9.629738159179687500e+02
4.346645875117032709e+00 9.552895507812500000e+02
4.350080601213530684e+00 9.582715454101562500e+02
4.353515327310027772e+00 9.526199340820312500e+02
4.356950053406523971e+00 9.579318237304687500e+02
4.360384779503021058e+00 9.593389892578125000e+02
4.363819505599518145e+00 9.573030395507812500e+02
4.367254231696015232e+00 9.579205932617187500e+02
4.370688957792512319e+00 9.593399658203125000e+02
4.374123683889009406e+00 9.661568603515625000e+02
4.377558409985506493e+00 9.679919433593750000e+02
4.380993136082003581e+00 9.610139160156250000e+02
4.384427862178500668e+00 9.539817504882812500e+02
4.387862588274997755e+00 9.432970581054687500e+02
4.391297314371494842e+00 9.476437377929687500e+02
4.394732040467991929e+00 9.516246337890625000e+02
4.398166766564489016e+00 9.579384155273437500e+02
4.401601492660986104e+00 9.541869506835937500e+02
4.405036218757483191e+00 9.528408813476562500e+02
4.408470944853980278e+00 9.538969116210937500e+02
4.411905670950477365e+00 9.611255493164062500e+02
4.415340397046974452e+00 9.565662841796875000e+02
4.418775123143471539e+00 9.465433959960937500e+02
4.422209849239968626e+00 9.362453002929687500e+02
4.425644575336465714e+00 9.429195556640625000e+02
4.429079301432962801e+00 9.499509887695312500e+02
4.432514027529459888e+00 9.522334594726562500e+02
4.435948753625956975e+00 9.490228881835937500e+02
4.439383479722454062e+00 9.470286254882812500e+02
4.442818205818951149e+00 9.456640014648437500e+02
4.446252931915447348e+00 9.397144775390625000e+02
4.449687658011945324e+00 9.382836914062500000e+02
4.453122384108441523e+00 9.273557128906250000e+02
4.456557110204938610e+00 9.291287231445312500e+02
4.459991836301436585e+00 9.317059326171875000e+02
4.463426562397932784e+00 9.414840087890625000e+02
4.466861288494429871e+00 9.399240722656250000e+02
4.470296014590927847e+00 9.398811035156250000e+02
4.473730740687424046e+00 9.377512817382812500e+02
4.477165466783921133e+00 9.387239379882812500e+02
4.480600192880419108e+00 9.345610351562500000e+02
4.484034918976915307e+00 9.359379882812500000e+02
4.487469645073412394e+00 9.381229248046875000e+02
4.490904371169910370e+00 9.396104736328125000e+02
4.494339097266406569e+00 9.385173950195312500e+02
4.497773823362903656e+00 9.343052368164062500e+02
4.501208549459401631e+00 9.389118041992187500e+02
4.504643275555897830e+00 9.457185668945312500e+02
4.508078001652394917e+00 9.492458496093750000e+02
4.511512727748892893e+00 9.445963745117187500e+02
4.514947453845389091e+00 9.391799316406250000e+02
4.518382179941886179e+00 9.348116455078125000e+02
4.521816906038383266e+00 9.265359497070312500e+02
4.525251632134880353e+00 9.212996826171875000e+02
4.528686358231377440e+00 9.185783691406250000e+02
4.532121084327874527e+00 9.232286376953125000e+02
4.535555810424371614e+00 9.259047241210937500e+02
4.538990536520868702e+00 9.249533081054687500e+02
4.542425262617364901e+00 9.272722778320312500e+02
4.545859988713862876e+00 9.265180664062500000e+02
4.549294714810359963e+00 9.267493896484375000e+02
4.552729440906856162e+00 9.214592285156250000e+02
4.556164167003354137e+00 9.220252685546875000e+02
4.559598893099851225e+00 9.251676635742187500e+02
4.563033619196347423e+00 9.309951171875000000e+02
4.566468345292845399e+00 9.338348388671875000e+02
4.569903071389342486e+00 9.417535400390625000e+02
4.573337797485838685e+00 9.378150024414062500e+02
4.576772523582336660e+00 9.379019165039062500e+02
4.580207249678833747e+00 9.366060180664062500e+02
4.583641975775329946e+00 9.311671752929687500e+02
4.587076701871827922e+00 9.255540161132812500e+02
4.590511427968325009e+00 9.200380249023437500e+02
4.593946154064821208e+00 9.144149780273437500e+02
4.597380880161319183e+00 9.074942016601562500e+02
4.600815606257816270e+00 9.072213745117187500e+02
4.604250332354312469e+00 9.209480590820312500e+02
4.607685058450810445e+00 9.303909301757812500e+02
4.611119784547306644e+00 9.333973388671875000e+02
4.614554510643803731e+00 9.289783325195312500e+02
4.617989236740300818e+00 9.224766235351562500e+02
4.621423962836797905e+00 9.232585449218750000e+02
4.624858688933294992e+00 9.249058837890625000e+02
4.628293415029792079e+00 9.272431640625000000e+02
4.631728141126289167e+00 9.236256713867187500e+02
4.635162867222786254e+00 9.224486083984375000e+02
4.638597593319283341e+00 9.254949340820312500e+02
4.642032319415780428e+00 9.240205078125000000e+02
4.645467045512277515e+00 9.280443725585937500e+02
4.648901771608774602e+00 9.286156616210937500e+02
4.652336497705271690e+00 9.292871093750000000e+02
4.655771223801768777e+00 9.250172119140625000e+02
4.659205949898265864e+00 9.152753295898437500e+02
4.662640675994762951e+00 9.125114746093750000e+02
4.666075402091260038e+00 9.137857055664062500e+02
4.669510128187757125e+00 9.224625854492187500e+02
4.672944854284254212e+00 9.249465332031250000e+02
4.676379580380751300e+00 9.225514526367187500e+02
4.679814306477248387e+00 9.219003295898437500e+02
4.683249032573745474e+00 9.312752075195312500e+02
4.686683758670242561e+00 9.390655517578125000e+02
4.690118484766739648e+00 9.425498657226562500e+02
4.693553210863236735e+00 9.454968261718750000e+02
4.696987936959733823e+00 9.521295776367187500e+02
4.700422663056230022e+00 9.602606201171875000e+02
4.703857389152727997e+00 9.692180175781250000e+02
4.707292115249225084e+00 9.773194580078125000e+02
4.710726841345721283e+00 9.808795166015625000e+02
4.714161567442218370e+00 9.830354003906250000e+02
4.717596293538716345e+00 9.825114746093750000e+02
4.721031019635212544e+00 9.943013916015625000e+02
4.724465745731709632e+00 1.012720092773437500e+03
4.727900471828207607e+00 1.035623535156250000e+03
4.731335197924703806e+00 1.058300415039062500e+03
4.734769924021200893e+00 1.092408569335937500e+03
4.738204650117698868e+00 1.152130004882812500e+03
4.741639376214195067e+00 1.272772827148437500e+03
4.745074102310692155e+00 1.513331054687500000e+03
4.748508828407190130e+00 2.032643188476562500e+03
4.751943554503686329e+00 3.011440185546875000e+03
4.755378280600183416e+00 4.412517089843750000e+03
4.758813006696681391e+00 6.093731445312500000e+03
4.762247732793177590e+00 7.865003906250000000e+03
4.765682458889674677e+00 8.986647460937500000e+03
4.769117184986171765e+00 9.152387695312500000e+03
4.772551911082668852e+00 8.489229492187500000e+03
4.775986637179165939e+00 6.998719238281250000e+03
4.779421363275663026e+00 5.655623535156250000e+03
4.782856089372160113e+00 3.969611572265625000e+03
4.786290815468657200e+00 2.946382324218750000e+03
4.789725541565154288e+00 2.161649902343750000e+03
4.793160267661651375e+00 1.655186767578125000e+03
4.796594993758148462e+00 1.384054565429687500e+03
4.800029719854644661e+00 1.196320678710937500e+03
4.803464445951142636e+00 1.102607910156250000e+03
4.806899172047639723e+00 1.050186401367187500e+03
4.810333898144135922e+00 1.028342895507812500e+03
4.813768624240633898e+00 1.016291076660156250e+03
4.817203350337130985e+00 1.009749633789062500e+03
4.820638076433627184e+00 9.917740478515625000e+02
4.824072802530125159e+00 9.822293090820312500e+02
4.827507528626622246e+00 9.741095581054687500e+02
4.830942254723118445e+00 9.745408325195312500e+02
4.834376980819616421e+00 9.714771118164062500e+02
4.837811706916113508e+00 9.636078491210937500e+02
4.841246433012609707e+00 9.624370727539062500e+02
4.844681159109107682e+00 9.609158325195312500e+02
4.848115885205604769e+00 9.560510864257812500e+02
4.851550611302100968e+00 9.477766113281250000e+02
4.854985337398598944e+00 9.417557983398437500e+02
4.858420063495095143e+00 9.415330200195312500e+02
4.861854789591592230e+00 9.434535522460937500e+02
4.865289515688090205e+00 9.475524291992187500e+02
4.868724241784586404e+00 9.505186767578125000e+02
4.872158967881083491e+00 9.442012939453125000e+02
4.875593693977581466e+00 9.348255615234375000e+02
4.879028420074077665e+00 9.261308593750000000e+02
4.882463146170574753e+00 9.265482788085937500e+02
4.885897872267071840e+00 9.331009521484375000e+02
4.889332598363568927e+00 9.364967041015625000e+02
4.892767324460066014e+00 9.367521972656250000e+02
4.896202050556563101e+00 9.287092895507812500e+02
4.899636776653060188e+00 9.278222045898437500e+02
4.903071502749557276e+00 9.273807373046875000e+02
4.906506228846054363e+00 9.350623779296875000e+02
4.909940954942551450e+00 9.448797607421875000e+02
4.913375681039048537e+00 9.530294799804687500e+02
4.916810407135545624e+00 9.537246093750000000e+02
4.920245133232042711e+00 9.457228393554687500e+02
4.923679859328539798e+00 9.422633666992187500e+02
4.927114585425036886e+00 9.512723388671875000e+02
4.930549311521533973e+00 9.585582885742187500e+02
4.933984037618031060e+00 9.579462280273437500e+02
4.937418763714528147e+00 9.520104370117187500e+02
4.940853489811025234e+00 9.500345458984375000e+02
4.944288215907522321e+00 9.574974365234375000e+02
4.947722942004018520e+00 9.661904907226562500e+02
4.951157668100516496e+00 9.692573242187500000e+02
4.954592394197013583e+00 9.677169799804687500e+02
4.958027120293509782e+00 9.655746459960937500e+02
4.961461846390007757e+00 9.678856201171875000e+02
4.964896572486504844e+00 9.791557617187500000e+02
4.968331298583001043e+00 9.855924682617187500e+02
4.971766024679498130e+00 9.893810424804687500e+02
4.975200750775996106e+00 9.893146362304687500e+02
4.978635476872492305e+00 9.950137939453125000e+02
4.982070202968989392e+00 1.008103271484375000e+03
4.985504929065487367e+00 1.011530822753906250e+03
4.988939655161983566e+00 1.018539794921875000e+03
4.992374381258480653e+00 1.021171020507812500e+03
4.995809107354978629e+00 1.038038330078125000e+03
4.999243833451474828e+00 1.058264526367187500e+03
5.002678559547971915e+00 1.081302490234375000e+03
5.006113285644469002e+00 1.101068603515625000e+03
5.009548011740966089e+00 1.118227905273437500e+03
5.012982737837463176e+00 1.142115356445312500e+03
5.016417463933960263e+00 1.170145385742187500e+03
5.019852190030457351e+00 1.213457397460937500e+03
5.023286916126954438e+00 1.287723266601562500e+03
5.026721642223451525e+00 1.419124023437500000e+03
5.030156368319948612e+00 1.663412353515625000e+03
5.033591094416445699e+00 2.167315673828125000e+03
5.037025820512942786e+00 3.216133544921875000e+03
5.040460546609439874e+00 5.272508300781250000e+03
5.043895272705936961e+00 8.689067382812500000e+03
5.047329998802434048e+00 1.303402636718750000e+04
5.050764724898931135e+00 1.721265234375000000e+04
5.054199450995428222e+00 1.980081054687500000e+04
5.057634177091925309e+00 1.978101367187500000e+04
5.061068903188422397e+00 1.766068750000000000e+04
5.064503629284919484e+00 1.427348535156250000e+04
5.067938355381415683e+00 1.082945703125000000e+04
5.071373081477913658e+00 7.708580078125000000e+03
5.074807807574410745e+00 5.299041015625000000e+03
5.078242533670906944e+00 3.667564697265625000e+03
5.081677259767404919e+00 2.571954101562500000e+03
5.085111985863902007e+00 1.941093627929687500e+03
5.088546711960398206e+00 1.576631835937500000e+03
5.091981438056896181e+00 1.372919677734375000e+03
5.095416164153392380e+00 1.267435546875000000e+03
5.098850890249889467e+00 1.207173339843750000e+03
5.102285616346387442e+00 1.167984619140625000e+03
5.105720342442883641e+00 1.133128662109375000e+03
5.109155068539380729e+00 1.118896606445312500e+03
5.112589794635878704e+00 1.099845214843750000e+03
5.116024520732374903e+00 1.088223999023437500e+03
5.119459246828871990e+00 1.065362915039062500e+03
5.122893972925369965e+00 1.047713989257812500e+03
5.126328699021866164e+00 1.033390380859375000e+03
5.129763425118363251e+00 1.022273559570312500e+03
5.133198151214861227e+00 1.015769531250000000e+03
5.136632877311357426e+00 1.005668457031250000e+03
5.140067603407854513e+00 1.000581298828125000e+03
5.143502329504352488e+00 9.926243286132812500e+02
5.146937055600848687e+00 9.798126220703125000e+02
5.150371781697345774e+00 9.665088500976562500e+02
5.153806507793842862e+00 9.594872436523437500e+02
5.157241233890339949e+00 9.636790161132812500e+02
5.160675959986837036e+00 9.617393798828125000e+02
5.164110686083334123e+00 9.593579101562500000e+02
5.167545412179831210e+00 9.537244262695312500e+02
5.170980138276328297e+00 9.565753784179687500e+02
5.174414864372825384e+00 9.591639404296875000e+02
5.177849590469322472e+00 9.618857421875000000e+02
5.181284316565819559e+00 9.633919677734375000e+02
5.184719042662315758e+00 9.639450073242187500e+02
5.188153768758813733e+00 9.572390747070312500e+02
5.191588494855310820e+00 9.525594482421875000e+02
5.195023220951807019e+00 9.500778808593750000e+02
5.198457947048304995e+00 9.519927978515625000e+02
5.201892673144802082e+00 9.496359863281250000e+02
5.205327399241298281e+00 9.437653198242187500e+02
5.208762125337796256e+00 9.412408447265625000e+02
5.212196851434293343e+00 9.431447143554687500e+02
5.215631577530789542e+00 9.490194091796875000e+02
5.219066303627287517e+00 9.472426757812500000e+02
5.222501029723784605e+00 9.433061523437500000e+02
5.225935755820280804e+00 9.407014160156250000e+02
5.229370481916778779e+00 9.426609497070312500e+02
5.232805208013275866e+00 9.479408569335937500e+02
5.236239934109772065e+00 9.506534423828125000e+02
5.239674660206269152e+00 9.557038574218750000e+02
5.243109386302767128e+00 9.617450561523437500e+02
5.246544112399263327e+00 9.662619628906250000e+02
5.249978838495760414e+00 9.733302001953125000e+02
5.253413564592257501e+00 9.757180786132812500e+02
5.256848290688754588e+00 9.815118408203125000e+02
5.260283016785251675e+00 9.809431762695312500e+02
5.263717742881748762e+00 9.838407592773437500e+02
5.267152468978245849e+00 9.945209350585937500e+02
5.270587195074742937e+00 1.012642944335937500e+03
5.274021921171240024e+00 1.032864624023437500e+03
5.277456647267737111e+00 1.045877807617187500e+03
5.280891373364234198e+00 1.061308227539062500e+03
5.284326099460731285e+00 1.083153686523437500e+03
5.287760825557228372e+00 1.112201293945312500e+03
5.291195551653725460e+00 1.144386718750000000e+03
5.294630277750222547e+00 1.176625854492187500e+03
5.298065003846719634e+00 1.234292724609375000e+03
5.301499729943216721e+00 1.340611206054687500e+03
5.304934456039713808e+00 1.563706176757812500e+03
5.308369182136210895e+00 2.024610961914062500e+03
5.311803908232707983e+00 3.005508300781250000e+03
5.315238634329205070e+00 4.854398437500000000e+03
5.318673360425702157e+00 7.756824218750000000e+03
5.322108086522199244e+00 1.130159960937500000e+04
5.325542812618695443e+00 1.434574804687500000e+04
5.328977538715193418e+00 1.616533593750000000e+04
5.332412264811690505e+00 1.659400195312500000e+04
5.335846990908186704e+00 1.555618457031250000e+04
5.339281717004684680e+00 1.383112695312500000e+04
5.342716443101180879e+00 1.125179296875000000e+04
5.346151169197677966e+00 8.745923828125000000e+03
5.349585895294175941e+00 6.514145996093750000e+03
5.353020621390672140e+00 4.542194335937500000e+03
5.356455347487169227e+00 3.281860595703125000e+03
5.359890073583667203e+00 2.205746826171875000e+03
5.363324799680163402e+00 1.695089233398437500e+03
5.366759525776660489e+00 1.398772705078125000e+03
5.370194251873158464e+00 1.242608886718750000e+03
5.373628977969654663e+00 1.168819702148437500e+03
5.377063704066151750e+00 1.121578002929687500e+03
5.380498430162649726e+00 1.095807250976562500e+03
5.383933156259145925e+00 1.078016845703125000e+03
5.387367882355643012e+00 1.069572875976562500e+03
5.390802608452140987e+00 1.058810546875000000e+03
5.394237334548637186e+00 1.038661987304687500e+03
5.397672060645134273e+00 1.025299926757812500e+03
5.401106786741632249e+00 1.013302612304687500e+03
5.404541512838128448e+00 1.006449218750000000e+03
5.407976238934625535e+00 9.950399169921875000e+02
5.411410965031122622e+00 9.923189697265625000e+02
5.414845691127619709e+00 9.868352050781250000e+02
5.418280417224116796e+00 9.865623779296875000e+02
5.421715143320613883e+00 9.810861816406250000e+02
5.425149869417110970e+00 9.766788940429687500e+02
5.428584595513608058e+00 9.665668945312500000e+02
5.432019321610104257e+00 9.599584350585937500e+02
5.435454047706602232e+00 9.583796386718750000e+02
5.438888773803099319e+00 9.542944946289062500e+02
5.442323499899595518e+00 9.521049194335937500e+02
5.445758225996093493e+00 9.445056152343750000e+02
5.449192952092590581e+00 9.448636474609375000e+02
5.452627678189086780e+00 9.407941894531250000e+02
5.456062404285584755e+00 9.392404785156250000e+02
5.459497130382081842e+00 9.372286987304687500e+02
5.462931856478578041e+00 9.320705566406250000e+02
5.466366582575076016e+00 9.333518676757812500e+02
5.469801308671573103e+00 9.366448364257812500e+02
5.473236034768069302e+00 9.442484741210937500e+02
5.476670760864567278e+00 9.427412719726562500e+02
5.480105486961064365e+00 9.363458862304687500e+02
5.483540213057560564e+00 9.316552734375000000e+02
5.486974939154058539e+00 9.339794311523437500e+02
5.490409665250555626e+00 9.330153808593750000e+02
5.493844391347051825e+00 9.309561767578125000e+02
5.497279117443548913e+00 9.248690185546875000e+02
5.500713843540046000e+00 9.278726806640625000e+02
5.504148569636543087e+00 9.289627075195312500e+02
5.507583295733040174e+00 9.372656250000000000e+02
5.511018021829537261e+00 9.373870849609375000e+02
5.514452747926034348e+00 9.404370727539062500e+02
5.517887474022531435e+00 9.393731689453125000e+02
5.521322200119028523e+00 9.420462036132812500e+02
5.524756926215525610e+00 9.471279296875000000e+02
5.528191652312022697e+00 9.574549560546875000e+02
5.531626378408519784e+00 9.692987060546875000e+02
5.535061104505016871e+00 9.806038818359375000e+02
5.538495830601513958e+00 9.874706420898437500e+02
5.541930556698011046e+00 9.926069335937500000e+02
5.545365282794508133e+00 9.950192260742187500e+02
5.548800008891005220e+00 1.003222473144531250e+03
5.552234734987502307e+00 1.021371154785156250e+03
5.555669461083999394e+00 1.051040893554687500e+03
5.559104187180496481e+00 1.097069335937500000e+03
5.562538913276993569e+00 1.190103759765625000e+03
5.565973639373490656e+00 1.385545288085937500e+03
5.569408365469987743e+00 1.793226928710937500e+03
5.572843091566484830e+00 2.572518554687500000e+03
5.576277817662981917e+00 3.989635986328125000e+03
5.579712543759479004e+00 5.737683593750000000e+03
5.583147269855976091e+00 7.733166015625000000e+03
5.586581995952473179e+00 9.181575195312500000e+03
5.590016722048969378e+00 1.001360546875000000e+04
5.593451448145466465e+00 9.630294921875000000e+03
5.596886174241964440e+00 8.627442382812500000e+03
5.600320900338460639e+00 7.016388183593750000e+03
5.603755626434957726e+00 5.382887207031250000e+03
5.607190352531455702e+00 3.993447509765625000e+03
5.610625078627951901e+00 2.890091064453125000e+03
5.614059804724448988e+00 2.167073730468750000e+03
5.617494530820946963e+00 1.677168090820312500e+03
5.620929256917443162e+00 1.381115600585937500e+03
5.624363983013940249e+00 1.207658447265625000e+03
5.627798709110438224e+00 1.108603637695312500e+03
5.631233435206934423e+00 1.055416015625000000e+03
5.634668161303431511e+00 1.025763427734375000e+03
5.638102887399929486e+00 1.002114746093750000e+03
5.641537613496425685e+00 9.832500610351562500e+02
5.644972339592922772e+00 9.676075439453125000e+02
5.648407065689419859e+00 9.584724121093750000e+02
5.651841791785916946e+00 9.546768798828125000e+02
5.655276517882414034e+00 9.501698608398437500e+02
5.658711243978911121e+00 9.484024047851562500e+02
5.662145970075408208e+00 9.406378173828125000e+02
5.665580696171905295e+00 9.318917846679687500e+02
5.669015422268402382e+00 9.234211425781250000e+02
5.672450148364899469e+00 9.134775390625000000e+02
5.675884874461396556e+00 9.099868164062500000e+02
5.679319600557892755e+00 9.043506469726562500e+02
5.682754326654390731e+00 9.081717529296875000e+02
5.686189052750887818e+00 9.096694946289062500e+02
5.689623778847384017e+00 9.086355590820312500e+02
5.693058504943881992e+00 9.011102905273437500e+02
5.696493231040379079e+00 8.903773193359375000e+02
5.699927957136875278e+00 8.941092529296875000e+02
5.703362683233373254e+00 8.941501464843750000e+02
5.706797409329870341e+00 8.976498413085937500e+02
5.710232135426366540e+00 8.963247680664062500e+02
5.713666861522864515e+00 8.998873291015625000e+02
5.717101587619361602e+00 8.943845825195312500e+02
5.720536313715857801e+00 8.933460693359375000e+02
5.723971039812355777e+00 8.955419311523437500e+02
5.727405765908852864e+00 8.935546264648437500e+02
5.730840492005349063e+00 8.888696899414062500e+02
5.734275218101847038e+00 8.870581665039062500e+02
5.737709944198343237e+00 8.940877075195312500e+02
5.741144670294840324e+00 8.928984985351562500e+02
5.744579396391338300e+00 8.927178344726562500e+02
5.748014122487834499e+00 8.838345947265625000e+02
5.751448848584331586e+00 8.762461547851562500e+02
5.754883574680829561e+00 8.702868652343750000e+02
5.758318300777325760e+00 8.664833374023437500e+02
5.761753026873822847e+00 8.718109741210937500e+02
5.765187752970319934e+00 8.715289306640625000e+02
5.768622479066817021e+00 8.803450927734375000e+02
5.772057205163314109e+00 8.812244873046875000e+02
5.775491931259811196e+00 8.891607055664062500e+02
5.778926657356308283e+00 8.849937133789062500e+02
5.782361383452805370e+00 8.831672363281250000e+02
5.785796109549302457e+00 8.809949951171875000e+02
5.789230835645799544e+00 8.847593383789062500e+02
5.792665561742296632e+00 8.859068603515625000e+02
5.796100287838793719e+00 8.865765380859375000e+02
5.799535013935290806e+00 8.929365234375000000e+02
5.802969740031787893e+00 8.993310546875000000e+02
5.806404466128284980e+00 9.059967651367187500e+02
5.809839192224782067e+00 9.103842163085937500e+02
5.813273918321279154e+00 9.183214721679687500e+02
5.816708644417776242e+00 9.438378906250000000e+02
5.820143370514273329e+00 1.011329162597656250e+03
5.823578096610770416e+00 1.149008544921875000e+03
5.827012822707266615e+00 1.368422851562500000e+03
5.830447548803764590e+00 1.663314941406250000e+03
5.833882274900261677e+00 2.028488647460937500e+03
5.837317000996757876e+00 2.324203857421875000e+03
5.840751727093255852e+00 2.525875976562500000e+03
5.844186453189752939e+00 2.473378906250000000e+03
5.847621179286249138e+00 2.259442871093750000e+03
5.851055905382746225e+00 1.956610717773437500e+03
5.854490631479244200e+00 1.665511840820312500e+03
5.857925357575740399e+00 1.436004272460937500e+03
5.861360083672237486e+00 1.253788940429687500e+03
5.864794809768735462e+00 1.109338989257812500e+03
5.868229535865231661e+00 1.011082153320312500e+03
5.871664261961728748e+00 9.493988037109375000e+02
5.875098988058226723e+00 9.178359375000000000e+02
5.878533714154722922e+00 9.042625732421875000e+02
5.881968440251220009e+00 8.922348632812500000e+02
5.885403166347717985e+00 8.899492797851562500e+02
5.888837892444214184e+00 8.859839477539062500e+02
5.892272618540711271e+00 8.885306396484375000e+02
5.895707344637208358e+00 8.839557495117187500e+02
5.899142070733705445e+00 8.880636596679687500e+02
5.902576796830202532e+00 8.846582641601562500e+02
5.906011522926699620e+00 8.859660644531250000e+02
5.909446249023196707e+00 8.806793823242187500e+02
5.912880975119693794e+00 8.790602416992187500e+02
5.916315701216190881e+00 8.715220336914062500e+02
5.919750427312687968e+00 8.671665039062500000e+02
5.923185153409185055e+00 8.671025390625000000e+02
5.926619879505682142e+00 8.763858642578125000e+02
5.930054605602179230e+00 8.771904296875000000e+02
5.933489331698676317e+00 8.804986572265625000e+02
5.936924057795173404e+00 8.871440429687500000e+02
5.940358783891670491e+00 8.873131713867187500e+02
5.943793509988167578e+00 8.841992797851562500e+02
5.947228236084663777e+00 8.737054443359375000e+02
5.950662962181161753e+00 8.790551757812500000e+02
5.954097688277658840e+00 8.781974487304687500e+02
5.957532414374155039e+00 8.826335449218750000e+02
5.960967140470653014e+00 8.806463012695312500e+02
5.964401866567150101e+00 8.841056518554687500e+02
5.967836592663646300e+00 8.834005737304687500e+02
5.971271318760144275e+00 8.834212646484375000e+02
5.974706044856641363e+00 8.832656860351562500e+02
5.978140770953137562e+00 8.891022949218750000e+02
5.981575497049635537e+00 8.909082031250000000e+02
5.985010223146131736e+00 8.909794311523437500e+02
5.988444949242628823e+00 8.873840942382812500e+02
5.991879675339126798e+00 8.892341918945312500e+02
5.995314401435622997e+00 8.908150634765625000e+02
5.998749127532120085e+00 8.896599731445312500e+02
6.002183853628618060e+00 8.919808959960937500e+02
6.005618579725114259e+00 8.937303466796875000e+02
6.009053305821611346e+00 8.976831665039062500e+02
6.012488031918109321e+00 8.989854125976562500e+02
6.015922758014605520e+00 9.026297607421875000e+02
6.019357484111102607e+00 9.119425659179687500e+02
6.022792210207600583e+00 9.211464843750000000e+02
6.026226936304096782e+00 9.256622924804687500e+02
6.029661662400593869e+00 9.261350708007812500e+02
6.033096388497090956e+00 9.270270996093750000e+02
6.036531114593588043e+00 9.368298950195312500e+02
6.039965840690085130e+00 9.495993041992187500e+02
6.043400566786582218e+00 9.741023559570312500e+02
6.046835292883079305e+00 1.003163391113281250e+03
6.050270018979576392e+00 1.055295898437500000e+03
6.053704745076073479e+00 1.154172729492187500e+03
6.057139471172570566e+00 1.367669677734375000e+03
6.060574197269067653e+00 1.782000732421875000e+03
6.064008923365564740e+00 2.512693603515625000e+03
6.067443649462061828e+00 3.559817382812500000e+03
6.070878375558558915e+00 4.816620605468750000e+03
6.074313101655055114e+00 5.892235351562500000e+03
6.077747827751553089e+00 6.476430175781250000e+03
6.081182553848050176e+00 6.463358886718750000e+03
6.084617279944546375e+00 5.867646972656250000e+03
6.088052006041044351e+00 4.919794433593750000e+03
6.091486732137541438e+00 3.950059326171875000e+03
6.094921458234037637e+00 3.022014404296875000e+03
6.098356184330535612e+00 2.357603271484375000e+03
6.101790910427032699e+00 1.833420288085937500e+03
6.105225636523528898e+00 1.468008666992187500e+03
6.108660362620026874e+00 1.243869140625000000e+03
6.112095088716523961e+00 1.102779418945312500e+03
6.115529814813020160e+00 1.025594360351562500e+03
6.118964540909517247e+00 9.827537231445312500e+02
6.122399267006015222e+00 9.643184814453125000e+02
6.125833993102511421e+00 9.489430541992187500e+02
6.129268719199008508e+00 9.428897705078125000e+02
6.132703445295506484e+00 9.333917236328125000e+02
6.136138171392002683e+00 9.294506225585937500e+02
6.139572897488499770e+00 9.223843994140625000e+02
6.143007623584996857e+00 9.204933471679687500e+02
6.146442349681493944e+00 9.159878540039062500e+02
6.149877075777991031e+00 9.117186279296875000e+02
6.153311801874488118e+00 9.087322998046875000e+02
6.156746527970985206e+00 9.100092163085937500e+02
6.160181254067482293e+00 9.048576049804687500e+02
6.163615980163979380e+00 9.019249877929687500e+02
6.167050706260476467e+00 8.986224975585937500e+02
6.170485432356973554e+00 8.950296630859375000e+02
6.173920158453470641e+00 8.920263061523437500e+02
6.177354884549967728e+00 8.889346313476562500e+02
6.180789610646464816e+00 8.919645996093750000e+02
6.184224336742961903e+00 8.899920654296875000e+02
6.187659062839458990e+00 8.888294677734375000e+02
6.191093788935956077e+00 8.913179931640625000e+02
6.194528515032453164e+00 8.945488281250000000e+02
6.197963241128950251e+00 8.973220825195312500e+02
6.201397967225447339e+00 8.928441772460937500e+02
6.204832693321943538e+00 9.004647827148437500e+02
6.208267419418441513e+00 9.073737792968750000e+02
6.211702145514938600e+00 9.124619750976562500e+02
6.215136871611434799e+00 9.137735595703125000e+02
6.218571597707932774e+00 9.144953002929687500e+02
6.222006323804429861e+00 9.175995483398437500e+02
6.225441049900926060e+00 9.139214477539062500e+02
6.228875775997424036e+00 9.184325561523437500e+02
6.232310502093920235e+00 9.277655639648437500e+02
6.235745228190417322e+00 9.379222412109375000e+02
6.239179954286915297e+00 9.384803466796875000e+02
6.242614680383411496e+00 9.403786621093750000e+02
6.246049406479908583e+00 9.446166992187500000e+02
6.249484132576406559e+00 9.577269897460937500e+02
6.252918858672902758e+00 9.663865966796875000e+02
6.256353584769399845e+00 9.761593017578125000e+02
6.259788310865897820e+00 9.862424926757812500e+02
6.263223036962394019e+00 1.007644897460937500e+03
6.266657763058891106e+00 1.028995239257812500e+03
6.270092489155389082e+00 1.053845581054687500e+03
6.273527215251885281e+00 1.084782470703125000e+03
6.276961941348382368e+00 1.146990966796875000e+03
6.280396667444880343e+00 1.260605712890625000e+03
6.283831393541376542e+00 1.485312011718750000e+03
6.287266119637873629e+00 1.934238769531250000e+03
6.290700845734370716e+00 2.845097656250000000e+03
6.294135571830867804e+00 4.310564941406250000e+03
6.297570297927364891e+00 6.488159179687500000e+03
6.301005024023861978e+00 8.805853515625000000e+03
6.304439750120359065e+00 1.083057812500000000e+04
6.307874476216856152e+00 1.179884570312500000e+04
6.311309202313353239e+00 1.158555859375000000e+04
6.314743928409850326e+00 1.033184863281250000e+04
6.318178654506347414e+00 8.530740234375000000e+03
6.321613380602843613e+00 6.653544921875000000e+03
6.325048106699341588e+00 4.980686523437500000e+03
6.328482832795838675e+00 3.693874511718750000e+03
6.331917558892334874e+00 2.764760498046875000e+03
6.335352284988832849e+00 2.088360351562500000e+03
6.338787011085329937e+00 1.637800903320312500e+03
6.342221737181826136e+00 1.349762329101562500e+03
6.345656463278324111e+00 1.191062011718750000e+03
6.349091189374821198e+00 1.111357299804687500e+03
6.352525915471317397e+00 1.068249633789062500e+03
6.355960641567815372e+00 1.036241577148437500e+03
6.359395367664312460e+00 1.012968200683593750e+03
6.362830093760808658e+00 9.905868530273437500e+02
6.366264819857306634e+00 9.779681396484375000e+02
6.369699545953803721e+00 9.630002441406250000e+02
6.373134272050299920e+00 9.541320800781250000e+02
6.376568998146797007e+00 9.476889648437500000e+02
6.380003724243294982e+00 9.420840454101562500e+02
6.383438450339791181e+00 9.408953857421875000e+02
6.386873176436288269e+00 9.310967407226562500e+02
6.390307902532785356e+00 9.230310058593750000e+02
6.393742628629282443e+00 9.120094604492187500e+02
6.397177354725779530e+00 9.044503784179687500e+02
6.400612080822276617e+00 8.950927124023437500e+02
6.404046806918773704e+00 8.923381958007812500e+02
6.407481533015270792e+00 8.944787597656250000e+02
6.410916259111767879e+00 8.956180419921875000e+02
6.414350985208264966e+00 8.923434448242187500e+02
6.417785711304762053e+00 8.912614135742187500e+02
6.421220437401259140e+00 8.920184326171875000e+02
6.424655163497756227e+00 8.889006958007812500e+02
6.428089889594253314e+00 8.829957885742187500e+02
6.431524615690750402e+00 8.777911376953125000e+02
6.434959341787247489e+00 8.727545166015625000e+02
6.438394067883744576e+00 8.684067382812500000e+02
6.441828793980241663e+00 8.649676513671875000e+02
6.445263520076738750e+00 8.702030639648437500e+02
6.448698246173235837e+00 8.731932983398437500e+02
6.452132972269732925e+00 8.708822631835937500e+02
6.455567698366230012e+00 8.628265991210937500e+02
6.459002424462727099e+00 8.628798828125000000e+02
6.462437150559224186e+00 8.627763671875000000e+02
6.465871876655721273e+00 8.611199951171875000e+02
6.469306602752218360e+00 8.587150878906250000e+02
6.472741328848714559e+00 8.469395141601562500e+02
6.476176054945212535e+00 8.356943969726562500e+02
6.479610781041708734e+00 8.278873291015625000e+02
6.483045507138205821e+00 8.396849975585937500e+02
6.486480233234703796e+00 8.468694458007812500e+02
6.489914959331199995e+00 8.514871826171875000e+02
6.493349685427697082e+00 8.508813476562500000e+02
6.496784411524195058e+00 8.577149658203125000e+02
6.500219137620691257e+00 8.572956542968750000e+02
6.503653863717188344e+00 8.587931518554687500e+02
6.507088589813686319e+00 8.524913940429687500e+02
6.510523315910182518e+00 8.542985839843750000e+02
6.513958042006679605e+00 8.542760620117187500e+02
6.517392768103177580e+00 8.530973510742187500e+02
6.520827494199673779e+00 8.485440063476562500e+02
6.524262220296170867e+00 8.439526367187500000e+02
6.527696946392668842e+00 8.473968505859375000e+02
6.531131672489165041e+00 8.515753784179687500e+02
6.534566398585662128e+00 8.526564331054687500e+02
6.538001124682159215e+00 8.492104492187500000e+02
6.541435850778656302e+00 8.487231445312500000e+02
6.544870576875153390e+00 8.472291870117187500e+02
6.548305302971650477e+00 8.456212158203125000e+02
6.551740029068147564e+00 8.447026977539062500e+02
6.555174755164644651e+00 8.493773803710937500e+02
6.558609481261141738e+00 8.557861938476562500e+02
6.562044207357638825e+00 8.538732910156250000e+02
6.565478933454135912e+00 8.482781982421875000e+02
6.568913659550632111e+00 8.430546875000000000e+02
6.572348385647130087e+00 8.450252685546875000e+02
6.575783111743627174e+00 8.472451171875000000e+02
6.579217837840123373e+00 8.445831298828125000e+02
6.582652563936621348e+00 8.458195190429687500e+02
6.586087290033118435e+00 8.453880615234375000e+02
6.589522016129614634e+00 8.522326049804687500e+02
6.592956742226112610e+00 8.508167724609375000e+02
6.596391468322609697e+00 8.580327758789062500e+02
6.599826194419105896e+00 8.610673828125000000e+02
6.603260920515603871e+00 8.610312500000000000e+02
6.606695646612100958e+00 8.583503417968750000e+02
6.610130372708597157e+00 8.551777954101562500e+02
6.613565098805095133e+00 8.517245483398437500e+02
6.616999824901592220e+00 8.440201416015625000e+02
6.620434550998088419e+00 8.441802978515625000e+02
6.623869277094586394e+00 8.485007934570312500e+02
6.627304003191082593e+00 8.552854003906250000e+02
6.630738729287579680e+00 8.573670654296875000e+02
6.634173455384077656e+00 8.577967529296875000e+02
6.637608181480573855e+00 8.576599121093750000e+02
6.641042907577070942e+00 8.545285644531250000e+02
6.644477633673568029e+00 8.518121948242187500e+02
6.647912359770065116e+00 8.477955932617187500e+02
6.651347085866562203e+00 8.471573486328125000e+02
6.654781811963059290e+00 8.480475463867187500e+02
6.658216538059556378e+00 8.477921752929687500e+02
6.661651264156053465e+00 8.503828125000000000e+02
6.665085990252550552e+00 8.522706298828125000e+02
6.668520716349047639e+00 8.527482910156250000e+02
6.671955442445544726e+00 8.534263916015625000e+02
6.675390168542041813e+00 8.583038940429687500e+02
6.678824894638538900e+00 8.629259643554687500e+02
6.682259620735035988e+00 8.642943725585937500e+02
6.685694346831533075e+00 8.607969360351562500e+02
6.689129072928030162e+00 8.409906616210937500e+02
6.692563799024527249e+00 8.277766723632812500e+02
6.695998525121024336e+00 8.336755981445312500e+02
6.699433251217521423e+00 8.547812500000000000e+02
6.702867977314018511e+00 8.689390869140625000e+02
6.706302703410515598e+00 8.779695434570312500e+02
6.709737429507012685e+00 8.951253051757812500e+02
6.713172155603509772e+00 9.020634155273437500e+02
6.716606881700005971e+00 9.120072021484375000e+02
6.720041607796503946e+00 9.470324707031250000e+02
6.723476333893001033e+00 1.038676269531250000e+03
6.726911059989497232e+00 1.206023559570312500e+03
6.730345786085994320e+00 1.477902099609375000e+03
6.733780512182492295e+00 1.876593750000000000e+03
6.737215238278988494e+00 2.303505615234375000e+03
6.740649964375485581e+00 2.661031738281250000e+03
6.744084690471983556e+00 2.851303710937500000e+03
6.747519416568479755e+00 2.790727050781250000e+03
6.750954142664976843e+00 2.591477050781250000e+03
6.754388868761474818e+00 2.225767089843750000e+03
6.757823594857971017e+00 1.911848876953125000e+03
6.761258320954468104e+00 1.611861572265625000e+03
6.764693047050966079e+00 1.379552856445312500e+03
6.768127773147462278e+00 1.205856079101562500e+03
6.771562499243959365e+00 1.082115112304687500e+03
6.774997225340457341e+00 1.004480529785156250e+03
6.778431951436953540e+00 9.568337402343750000e+02
6.781866677533450627e+00 9.261867065429687500e+02
6.785301403629947714e+00 9.138071899414062500e+02
6.788736129726444801e+00 8.984071655273437500e+02
6.792170855822941888e+00 8.888319702148437500e+02
6.795605581919438976e+00 8.879713134765625000e+02
6.799040308015936063e+00 8.899608154296875000e+02
6.802475034112433150e+00 8.905664062500000000e+02
6.805909760208930237e+00 8.824455566406250000e+02
6.809344486305427324e+00 8.788050537109375000e+02
6.812779212401924411e+00 8.782424316406250000e+02
6.816213938498421498e+00 8.804494018554687500e+02
6.819648664594918586e+00 8.810575561523437500e+02
6.823083390691415673e+00 8.770734863281250000e+02
6.826518116787911872e+00 8.729656372070312500e+02
6.829952842884409847e+00 8.683977661132812500e+02
6.833387568980906934e+00 8.691361694335937500e+02
6.836822295077403133e+00 8.690233154296875000e+02
6.840257021173901109e+00 8.697045288085937500e+02
6.843691747270398196e+00 8.709134521484375000e+02
6.847126473366894395e+00 8.754793701171875000e+02
6.850561199463392370e+00 8.752667846679687500e+02
6.853995925559889457e+00 8.718329467773437500e+02
6.857430651656385656e+00 8.727256469726562500e+02
6.860865377752883632e+00 8.774433593750000000e+02
6.864300103849380719e+00 8.844274902343750000e+02
6.867734829945876918e+00 8.894587402343750000e+02
6.871169556042374893e+00 8.902678222656250000e+02
6.874604282138871092e+00 9.014998168945312500e+02
6.878039008235368179e+00 9.066110839843750000e+02
6.881473734331866154e+00 9.142911987304687500e+02
6.884908460428362353e+00 9.083024902343750000e+02
6.888343186524859441e+00 9.142073974609375000e+02
6.891777912621357416e+00 9.164884033203125000e+02
6.895212638717853615e+00 9.281233520507812500e+02
6.898647364814350702e+00 9.310156860351562500e+02
6.902082090910848677e+00 9.388153686523437500e+02
6.905516817007344876e+00 9.471406250000000000e+02
6.908951543103841964e+00 9.628841552734375000e+02
6.912386269200339051e+00 9.829298095703125000e+02
6.915820995296836138e+00 1.008439453125000000e+03
6.919255721393333225e+00 1.045316040039062500e+03
6.922690447489830312e+00 1.112618530273437500e+03
6.926125173586327399e+00 1.241593139648437500e+03
6.929559899682824486e+00 1.498936645507812500e+03
6.932994625779321574e+00 2.007111572265625000e+03
6.936429351875818661e+00 2.934578369140625000e+03
6.939864077972315748e+00 4.423456542968750000e+03
6.943298804068812835e+00 6.257489257812500000e+03
6.946733530165309922e+00 8.060170410156250000e+03
6.950168256261807009e+00 9.319358398437500000e+03
6.953602982358304097e+00 9.635776367187500000e+03
6.957037708454801184e+00 9.033849609375000000e+03
6.960472434551298271e+00 7.867778808593750000e+03
6.963907160647794470e+00 6.396179199218750000e+03
6.967341886744292445e+00 5.000645019531250000e+03
6.970776612840789532e+00 3.752489013671875000e+03
6.974211338937285731e+00 2.768557861328125000e+03
6.977646065033783707e+00 2.117677001953125000e+03
6.981080791130280794e+00 1.655182739257812500e+03
6.984515517226776993e+00 1.365903442382812500e+03
6.987950243323274968e+00 1.191053833007812500e+03
6.991384969419772055e+00 1.087198364257812500e+03
6.994819695516268254e+00 1.041273681640625000e+03
6.998254421612765341e+00 1.012725524902343750e+03
7.001689147709263317e+00 1.001146606445312500e+03
7.005123873805759516e+00 9.883011474609375000e+02
7.008558599902256603e+00 9.875375976562500000e+02
7.011993325998754578e+00 9.719414672851562500e+02
7.015428052095250777e+00 9.555111694335937500e+02
7.018862778191747864e+00 9.387846679687500000e+02
7.022297504288245840e+00 9.287238769531250000e+02
7.025732230384742039e+00 9.290729370117187500e+02
7.029166956481239126e+00 9.268710327148437500e+02
7.032601682577736213e+00 9.291351318359375000e+02
7.036036408674233300e+00 9.225686645507812500e+02
7.039471134770730387e+00 9.176437988281250000e+02
7.042905860867227474e+00 9.063765869140625000e+02
7.046340586963724562e+00 9.028819580078125000e+02
7.049775313060221649e+00 9.042653198242187500e+02
7.053210039156718736e+00 9.123782958984375000e+02
7.056644765253215823e+00 9.139849853515625000e+02
7.060079491349712910e+00 9.123897094726562500e+02
7.063514217446209997e+00 9.094907226562500000e+02
7.066948943542707084e+00 9.085539550781250000e+02
7.070383669639204172e+00 9.083624877929687500e+02
7.073818395735701259e+00 9.149757080078125000e+02
7.077253121832198346e+00 9.198037109375000000e+02
7.080687847928695433e+00 9.235286865234375000e+02
7.084122574025191632e+00 9.240124511718750000e+02
7.087557300121689607e+00 9.266728515625000000e+02
7.090992026218186695e+00 9.291480102539062500e+02
7.094426752314682894e+00 9.259822998046875000e+02
7.097861478411180869e+00 9.318819580078125000e+02
7.101296204507677956e+00 9.381616210937500000e+02
7.104730930604174155e+00 9.493823852539062500e+02
7.108165656700672130e+00 9.541007080078125000e+02
7.111600382797169217e+00 9.638410034179687500e+02
7.115035108893665416e+00 9.783256835937500000e+02
7.118469834990163392e+00 9.929954833984375000e+02
7.121904561086659591e+00 1.018984558105468750e+03
7.125339287183156678e+00 1.073096069335937500e+03
7.128774013279654653e+00 1.198191772460937500e+03
7.132208739376150852e+00 1.444192626953125000e+03
7.135643465472647939e+00 1.918696166992187500e+03
7.139078191569145915e+00 2.760700927734375000e+03
7.142512917665642114e+00 3.935649658203125000e+03
7.145947643762139201e+00 5.391246093750000000e+03
7.149382369858637176e+00 6.638956542968750000e+03
7.152817095955133375e+00 7.477110839843750000e+03
7.156251822051630462e+00 7.687740234375000000e+03
7.159686548148128438e+00 7.214732910156250000e+03
7.163121274244624637e+00 6.345373535156250000e+03
7.166556000341121724e+00 5.178041503906250000e+03
7.169990726437618811e+00 4.077366699218750000e+03
7.173425452534115010e+00 3.149164794921875000e+03
7.176860178630613873e+00 2.449984619140625000e+03
7.180294904727110072e+00 1.942731079101562500e+03
7.183729630823607160e+00 1.588525024414062500e+03
7.187164356920104247e+00 1.322313476562500000e+03
7.190599083016601334e+00 1.151260620117187500e+03
7.194033809113097533e+00 1.049836791992187500e+03
7.197468535209596396e+00 9.844067382812500000e+02
7.200903261306092595e+00 9.566150512695312500e+02
7.204337987402589683e+00 9.431301269531250000e+02
7.207772713499086770e+00 9.366928710937500000e+02
7.211207439595582969e+00 9.245128784179687500e+02
7.214642165692080056e+00 9.138185424804687500e+02
7.218076891788577143e+00 9.063246459960937500e+02
7.221511617885075118e+00 9.006328125000000000e+02
7.224946343981572205e+00 8.956340942382812500e+02
7.228381070078069293e+00 8.936400756835937500e+02
7.231815796174565492e+00 8.933822631835937500e+02
7.235250522271062579e+00 8.870570068359375000e+02
7.238685248367559666e+00 8.806784057617187500e+02
7.242119974464057641e+00 8.836737670898437500e+02
7.245554700560554728e+00 8.874689941406250000e+02
7.248989426657051816e+00 8.890985107421875000e+02
7.252424152753548015e+00 8.811578979492187500e+02
7.255858878850045102e+00 8.773601074218750000e+02
7.259293604946542189e+00 8.726278686523437500e+02
7.262728331043040164e+00 8.696085205078125000e+02
7.266163057139537251e+00 8.656846313476562500e+02
7.269597783236033450e+00 8.667855834960937500e+02
7.273032509332530537e+00 8.710839233398437500e+02
7.276467235429027625e+00 8.722800903320312500e+02
7.279901961525524712e+00 8.688365478515625000e+02
7.283336687622022687e+00 8.666632080078125000e+02
7.286771413718519774e+00 8.719461059570312500e+02
7.290206139815015973e+00 8.779344482421875000e+02
7.293640865911513060e+00 8.767338867187500000e+02
7.297075592008010148e+00 8.747598266601562500e+02
7.300510318104506347e+00 8.765277099609375000e+02
7.303945044201003434e+00 8.851221923828125000e+02
7.307379770297502297e+00 8.949898681640625000e+02
7.310814496393998496e+00 9.012241821289062500e+02
7.314249222490495583e+00 9.128455200195312500e+02
7.317683948586992670e+00 9.253368530273437500e+02
7.321118674683488869e+00 9.446091918945312500e+02
7.324553400779985957e+00 9.841939697265625000e+02
7.327988126876484820e+00 1.073564331054687500e+03
7.331422852972981019e+00 1.265176513671875000e+03
7.334857579069478106e+00 1.606202392578125000e+03
7.338292305165975193e+00 2.128560302734375000e+03
7.341727031262471392e+00 2.792021728515625000e+03
7.345161757358968480e+00 3.389434814453125000e+03
7.348596483455466455e+00 3.688182617187500000e+03
7.352031209551963542e+00 3.654175292968750000e+03
7.355465935648460629e+00 3.283373046875000000e+03
7.358900661744956828e+00 2.841965820312500000e+03
7.362335387841453915e+00 2.361448486328125000e+03
7.365770113937951002e+00 1.974326782226562500e+03
7.369204840034448978e+00 1.648330200195312500e+03
7.372639566130946065e+00 1.414733398437500000e+03
7.376074292227443152e+00 1.236539184570312500e+03
7.379509018323939351e+00 1.110055786132812500e+03
7.382943744420436438e+00 1.018919494628906250e+03
7.386378470516933525e+00 9.508385009765625000e+02
7.389813196613429724e+00 9.136926269531250000e+02
7.393247922709928588e+00 8.996823730468750000e+02
7.396682648806425675e+00 8.955172119140625000e+02
7.400117374902921874e+00 8.872230834960937500e+02
7.403552100999418961e+00 8.764563598632812500e+02
7.406986827095916048e+00 8.667828369140625000e+02
7.410421553192412247e+00 8.645245361328125000e+02
7.413856279288911111e+00 8.616193237304687500e+02
7.417291005385408198e+00 8.653033447265625000e+02
7.420725731481904397e+00 8.707208251953125000e+02
7.424160457578401484e+00 8.726250610351562500e+02
7.427595183674898571e+00 8.676788940429687500e+02
7.431029909771394770e+00 8.590628051757812500e+02
7.434464635867893634e+00 8.607380981445312500e+02
7.437899361964389833e+00 8.659934692382812500e+02
7.441334088060886920e+00 8.727597045898437500e+02
7.444768814157384007e+00 8.767242431640625000e+02
7.448203540253880206e+00 8.701599121093750000e+02
7.451638266350377293e+00 8.685573120117187500e+02
7.455072992446876157e+00 8.610604858398437500e+02
7.458507718543372356e+00 8.603158569335937500e+02
7.461942444639869443e+00 8.581558837890625000e+02
7.465377170736366530e+00 8.585452880859375000e+02
7.468811896832862729e+00 8.539350585937500000e+02
7.472246622929359816e+00 8.560697631835937500e+02
7.475681349025856903e+00 8.598150634765625000e+02
7.479116075122354879e+00 8.669372558593750000e+02
7.482550801218851966e+00 8.634005737304687500e+02
7.485985527315349053e+00 8.659405517578125000e+02
7.489420253411845252e+00 8.672719726562500000e+02
7.492854979508342339e+00 8.759794311523437500e+02
7.496289705604839426e+00 8.734039306640625000e+02
7.499724431701337402e+00 8.781021118164062500e+02
7.503159157797834489e+00 8.863601074218750000e+02
7.506593883894331576e+00 9.001653442382812500e+02
7.510028609990827775e+00 9.193420410156250000e+02
7.513463336087324862e+00 9.563713378906250000e+02
7.516898062183821949e+00 1.030921508789062500e+03
7.520332788280319924e+00 1.175397094726562500e+03
7.523767514376817012e+00 1.454736206054687500e+03
7.527202240473313211e+00 1.925263305664062500e+03
7.530636966569810298e+00 2.572387939453125000e+03
7.534071692666307385e+00 3.248204589843750000e+03
7.537506418762803584e+00 3.742285400390625000e+03
7.540941144859302447e+00 3.990283203125000000e+03
7.544375870955799535e+00 3.920674560546875000e+03
7.547810597052295734e+00 3.592210205078125000e+03
7.551245323148792821e+00 3.096683837890625000e+03
7.554680049245289908e+00 2.540800781250000000e+03
7.558114775341786107e+00 2.096542724609375000e+03
7.561549501438284970e+00 1.726817993164062500e+03
7.564984227534782057e+00 1.442827270507812500e+03
7.568418953631278256e+00 1.248346435546875000e+03
7.571853679727775344e+00 1.112450439453125000e+03
7.575288405824272431e+00 1.023821166992187500e+03
7.578723131920768630e+00 9.611159057617187500e+02
7.582157858017265717e+00 9.204541625976562500e+02
7.585592584113763692e+00 9.016627807617187500e+02
7.589027310210260779e+00 8.925247802734375000e+02
7.592462036306757867e+00 8.859179687500000000e+02
7.595896762403254954e+00 8.817971801757812500e+02
7.599331488499751153e+00 8.784577026367187500e+02
7.602766214596248240e+00 8.815695800781250000e+02
7.606200940692746215e+00 8.871147460937500000e+02
7.609635666789243302e+00 8.883739624023437500e+02
7.613070392885740389e+00 8.831420288085937500e+02
7.616505118982236588e+00 8.814473266601562500e+02
7.619939845078733676e+00 8.799479370117187500e+02
7.623374571175230763e+00 8.766816406250000000e+02
7.626809297271728738e+00 8.720606689453125000e+02
7.630244023368225825e+00 8.722742309570312500e+02
7.633678749464722912e+00 8.700588378906250000e+02
7.637113475561219111e+00 8.697760009765625000e+02
7.640548201657716199e+00 8.722001953125000000e+02
7.643982927754213286e+00 8.772597656250000000e+02
7.647417653850711261e+00 8.780961914062500000e+02
7.650852379947208348e+00 8.782536010742187500e+02
7.654287106043705435e+00 8.821827392578125000e+02
7.657721832140201634e+00 8.863085937500000000e+02
7.661156558236698721e+00 8.909522094726562500e+02
7.664591284333195809e+00 8.901108398437500000e+02
7.668026010429692008e+00 8.931864624023437500e+02
7.671460736526190871e+00 9.004683837890625000e+02
7.674895462622687070e+00 9.059360351562500000e+02
7.678330188719184157e+00 9.107264404296875000e+02
7.681764914815681244e+00 9.158168945312500000e+02
7.685199640912178332e+00 9.306928100585937500e+02
7.688634367008674531e+00 9.535626220703125000e+02
7.692069093105173394e+00 9.833142089843750000e+02
7.695503819201669593e+00 1.017248352050781250e+03
7.698938545298166680e+00 1.075366699218750000e+03
7.702373271394663767e+00 1.193337280273437500e+03
7.705807997491159966e+00 1.445992797851562500e+03
7.709242723587657053e+00 1.939401611328125000e+03
7.712677449684155917e+00 2.824371826171875000e+03
7.716112175780652116e+00 4.119905761718750000e+03
7.719546901877149203e+00 5.500630859375000000e+03
7.722981627973646290e+00 6.857292480468750000e+03
7.726416354070142489e+00 7.580953613281250000e+03
7.729851080166639576e+00 7.750615722656250000e+03
7.733285806263138440e+00 7.313615722656250000e+03
7.736720532359634639e+00 6.393939941406250000e+03
7.740155258456131726e+00 5.324681640625000000e+03
7.743589984552628813e+00 4.218884765625000000e+03
7.747024710649125012e+00 3.265689453125000000e+03
7.750459436745622099e+00 2.547757568359375000e+03
7.753894162842119187e+00 1.980519531250000000e+03
7.757328888938617162e+00 1.585059814453125000e+03
7.760763615035114249e+00 1.327064819335937500e+03
7.764198341131610448e+00 1.162574218750000000e+03
7.767633067228107535e+00 1.058648071289062500e+03
7.771067793324604622e+00 9.982842407226562500e+02
7.774502519421101709e+00 9.613128662109375000e+02
7.777937245517599685e+00 9.420794677734375000e+02
7.781371971614096772e+00 9.303817138671875000e+02
7.784806697710592971e+00 9.276111450195312500e+02
7.788241423807090058e+00 9.237930297851562500e+02
7.791676149903587145e+00 9.223349609375000000e+02
7.795110876000083344e+00 9.107443847656250000e+02
7.798545602096582208e+00 9.001864624023437500e+02
7.801980328193079295e+00 8.892092895507812500e+02
7.805415054289575494e+00 8.861032104492187500e+02
7.808849780386072581e+00 8.837754516601562500e+02
7.812284506482569668e+00 8.800343627929687500e+02
7.815719232579065867e+00 8.791048583984375000e+02
7.819153958675564731e+00 8.813735351562500000e+02
7.822588684772061818e+00 8.834340209960937500e+02
7.826023410868558017e+00 8.765155639648437500e+02
7.829458136965055104e+00 8.702891845703125000e+02
7.832892863061552191e+00 8.734376831054687500e+02
7.836327589158048390e+00 8.827212524414062500e+02
7.839762315254545477e+00 8.839752197265625000e+02
7.843197041351043453e+00 8.769514770507812500e+02
7.846631767447540540e+00 8.697867431640625000e+02
7.850066493544037627e+00 8.641833496093750000e+02
7.853501219640533826e+00 8.663425292968750000e+02
7.856935945737030913e+00 8.730637817382812500e+02
7.860370671833528000e+00 8.810826416015625000e+02
7.863805397930025975e+00 8.872454833984375000e+02
7.867240124026523063e+00 8.959030761718750000e+02
7.870674850123020150e+00 8.988311157226562500e+02
7.874109576219516349e+00 9.081095581054687500e+02
7.877544302316013436e+00 9.214690551757812500e+02
7.880979028412510523e+00 9.492752685546875000e+02
7.884413754509008498e+00 9.993736572265625000e+02
7.887848480605505586e+00 1.120317138671875000e+03
7.891283206702002673e+00 1.354946655273437500e+03
7.894717932798498872e+00 1.768851928710937500e+03
7.898152658894995959e+00 2.404593750000000000e+03
7.901587384991493046e+00 3.125207275390625000e+03
7.905022111087991021e+00 3.887643310546875000e+03
7.908456837184488109e+00 4.513846191406250000e+03
7.911891563280985196e+00 4.613334472656250000e+03
7.915326289377481395e+00 4.446964843750000000e+03
7.918761015473978482e+00 3.768790527343750000e+03
7.922195741570475569e+00 3.154759033203125000e+03
7.925630467666971768e+00 2.534714843750000000e+03
7.929065193763470631e+00 1.955348999023437500e+03
7.932499919859966830e+00 1.602083129882812500e+03
7.935934645956463918e+00 1.342454589843750000e+03
7.939369372052961005e+00 1.171712280273437500e+03
7.942804098149457204e+00 1.053896362304687500e+03
7.946238824245954291e+00 9.776507568359375000e+02
7.949673550342453154e+00 9.360110473632812500e+02
7.953108276438949353e+00 9.167888793945312500e+02
7.956543002535446441e+00 9.021909790039062500e+02
7.959977728631943528e+00 8.886812744140625000e+02
7.963412454728439727e+00 8.794809570312500000e+02
7.966847180824936814e+00 8.728221435546875000e+02
7.970281906921435677e+00 8.630075073242187500e+02
7.973716633017931876e+00 8.600736694335937500e+02
7.977151359114428963e+00 8.600958251953125000e+02
7.980586085210926051e+00 8.572991943359375000e+02
7.984020811307422250e+00 8.499862060546875000e+02
7.987455537403919337e+00 8.393570556640625000e+02
7.990890263500417312e+00 8.292443237304687500e+02
7.994324989596914399e+00 8.257188110351562500e+02
7.997759715693411486e+00 8.253281860351562500e+02
8.001194441789907685e+00 8.337761840820312500e+02
8.004629167886404773e+00 8.308850708007812500e+02
8.008063893982901860e+00 8.295665893554687500e+02
8.011498620079398947e+00 8.217994995117187500e+02
8.014933346175897810e+00 8.194483032226562500e+02
8.018368072272393121e+00 8.189042358398437500e+02
8.021802798368890208e+00 8.195279541015625000e+02
8.025237524465387295e+00 8.208894042968750000e+02
8.028672250561884383e+00 8.163655395507812500e+02
8.032106976658381470e+00 8.143818969726562500e+02
8.035541702754878557e+00 8.186865234375000000e+02
8.038976428851375644e+00 8.218399658203125000e+02
8.042411154947872731e+00 8.254925537109375000e+02
8.045845881044369818e+00 8.243380737304687500e+02
8.049280607140866906e+00 8.259992675781250000e+02
8.052715333237363993e+00 8.235639038085937500e+02
8.056150059333861080e+00 8.193345947265625000e+02
8.059584785430358167e+00 8.157557373046875000e+02
8.063019511526855254e+00 8.164305419921875000e+02
8.066454237623352341e+00 8.160257568359375000e+02
8.069888963719849428e+00 8.122679443359375000e+02
8.073323689816346516e+00 8.094997558593750000e+02
8.076758415912843603e+00 8.134812011718750000e+02
8.080193142009340690e+00 8.168465576171875000e+02
8.083627868105837777e+00 8.164607543945312500e+02
8.087062594202334864e+00 8.170710449218750000e+02
8.090497320298831951e+00 8.213659667968750000e+02
8.093932046395329039e+00 8.219766845703125000e+02
8.097366772491824349e+00 8.197354736328125000e+02
8.100801498588323213e+00 8.206168212890625000e+02
8.104236224684820300e+00 8.192083129882812500e+02
8.107670950781317387e+00 8.154718627929687500e+02
8.111105676877814474e+00 8.092445678710937500e+02
8.114540402974311561e+00 8.094620971679687500e+02
8.117975129070806872e+00 8.083820800781250000e+02
8.121409855167305736e+00 8.116057739257812500e+02
8.124844581263802823e+00 8.172703247070312500e+02
8.128279307360299910e+00 8.206867065429687500e+02
8.131714033456796997e+00 8.207649536132812500e+02
8.135148759553292308e+00 8.146765136718750000e+02
8.138583485649789395e+00 8.141802978515625000e+02
8.142018211746288259e+00 8.087202758789062500e+02
8.145452937842785346e+00 8.050502929687500000e+02
8.148887663939282433e+00 7.995231933593750000e+02
8.152322390035779520e+00 8.038286743164062500e+02
8.155757116132274831e+00 8.092109375000000000e+02
8.159191842228771918e+00 8.141536254882812500e+02
8.162626568325270782e+00 8.161613159179687500e+02
8.166061294421767869e+00 8.180506591796875000e+02
8.169496020518264956e+00 8.192397460937500000e+02
8.172930746614762043e+00 8.217406616210937500e+02
8.176365472711257354e+00 8.201138305664062500e+02
8.179800198807754441e+00 8.185614013671875000e+02
8.183234924904251528e+00 8.074347534179687500e+02
8.186669651000750392e+00 8.056267700195312500e+02
8.190104377097247479e+00 8.100869750976562500e+02
8.193539103193744566e+00 8.254978637695312500e+02
8.196973829290239877e+00 8.284368286132812500e+02
8.200408555386736964e+00 8.260858154296875000e+02
8.203843281483234051e+00 8.222896728515625000e+02
8.207278007579732915e+00 8.221361083984375000e+02
8.210712733676230002e+00 8.263631591796875000e+02
8.214147459772725313e+00 8.302833251953125000e+02
8.217582185869222400e+00 8.333859863281250000e+02
8.221016911965719487e+00 8.331484375000000000e+02
8.224451638062216574e+00 8.427134399414062500e+02
8.227886364158715438e+00 8.541369018554687500e+02
8.231321090255212525e+00 8.677636108398437500e+02
8.234755816351707836e+00 8.841928710937500000e+02
8.238190542448204923e+00 9.215886230468750000e+02
8.241625268544702010e+00 1.001226623535156250e+03
8.245059994641199097e+00 1.159082519531250000e+03
8.248494720737697961e+00 1.414424194335937500e+03
8.251929446834195048e+00 1.747527709960937500e+03
8.255364172930690358e+00 2.109005859375000000e+03
8.258798899027187446e+00 2.398588134765625000e+03
8.262233625123684533e+00 2.572677490234375000e+03
8.265668351220181620e+00 2.589721435546875000e+03
8.269103077316678707e+00 2.472295654296875000e+03
8.272537803413175794e+00 2.255496093750000000e+03
8.275972529509672881e+00 1.957486694335937500e+03
8.279407255606169969e+00 1.671337158203125000e+03
8.282841981702667056e+00 1.422070190429687500e+03
8.286276707799164143e+00 1.235878662109375000e+03
8.289711433895661230e+00 1.106171142578125000e+03
8.293146159992158317e+00 1.015047058105468750e+03
8.296580886088655404e+00 9.493058471679687500e+02
8.300015612185152492e+00 9.020615844726562500e+02
8.303450338281649579e+00 8.738368530273437500e+02
8.306885064378146666e+00 8.628825683593750000e+02
8.310319790474643753e+00 8.526315917968750000e+02
8.313754516571140840e+00 8.489450683593750000e+02
8.317189242667637927e+00 8.448910522460937500e+02
8.320623968764135014e+00 8.463908081054687500e+02
8.324058694860632102e+00 8.338668212890625000e+02
8.327493420957129189e+00 8.303388061523437500e+02
8.330928147053626276e+00 8.268090820312500000e+02
8.334362873150123363e+00 8.305792846679687500e+02
8.337797599246620450e+00 8.260656127929687500e+02
8.341232325343117537e+00 8.254852294921875000e+02
8.344667051439614625e+00 8.273167114257812500e+02
8.348101777536111712e+00 8.260495605468750000e+02
8.351536503632608799e+00 8.245289306640625000e+02
8.354971229729105886e+00 8.203703002929687500e+02
8.358405955825602973e+00 8.227561645507812500e+02
8.361840681922100060e+00 8.230070800781250000e+02
8.365275408018597147e+00 8.238876953125000000e+02
8.368710134115094235e+00 8.239074096679687500e+02
8.372144860211591322e+00 8.248218383789062500e+02
8.375579586308086633e+00 8.309279785156250000e+02
8.379014312404585496e+00 8.317569580078125000e+02
8.382449038501082583e+00 8.358435058593750000e+02
8.385883764597579670e+00 8.337778930664062500e+02
8.389318490694076758e+00 8.374794311523437500e+02
8.392753216790572068e+00 8.440948486328125000e+02
8.396187942887069156e+00 8.534101562500000000e+02
8.399622668983568019e+00 8.575965576171875000e+02
8.403057395080065106e+00 8.586651000976562500e+02
8.406492121176562193e+00 8.774610595703125000e+02
8.409926847273059280e+00 9.197729492187500000e+02
8.413361573369554591e+00 1.006350952148437500e+03
8.416796299466051678e+00 1.165288330078125000e+03
8.420231025562550542e+00 1.409650878906250000e+03
8.423665751659047629e+00 1.753762084960937500e+03
8.427100477755544716e+00 2.055634033203125000e+03
8.430535203852041803e+00 2.287931884765625000e+03
8.433969929948537114e+00 2.350665527343750000e+03
8.437404656045034201e+00 2.319761230468750000e+03
8.440839382141533065e+00 2.192747558593750000e+03
8.444274108238030152e+00 1.991307495117187500e+03
8.447708834334527239e+00 1.767048461914062500e+03
8.451143560431022550e+00 1.527222167968750000e+03
8.454578286527519637e+00 1.336444213867187500e+03
8.458013012624016724e+00 1.194154174804687500e+03
8.461447738720513811e+00 1.082141723632812500e+03
8.464882464817012675e+00 9.925087280273437500e+02
8.468317190913509762e+00 9.244470825195312500e+02
8.471751917010005073e+00 8.784594726562500000e+02
8.475186643106502160e+00 8.610679321289062500e+02
8.478621369202999247e+00 8.551624145507812500e+02
8.482056095299496334e+00 8.494989013671875000e+02
8.485490821395995198e+00 8.444886474609375000e+02
8.488925547492492285e+00 8.396519775390625000e+02
8.492360273588987596e+00 8.363988647460937500e+02
8.495794999685484683e+00 8.307723388671875000e+02
8.499229725781981770e+00 8.304935913085937500e+02
8.502664451878478857e+00 8.345974121093750000e+02
8.506099177974977721e+00 8.379666137695312500e+02
8.509533904071474808e+00 8.371222534179687500e+02
8.512968630167970119e+00 8.405311889648437500e+02
8.516403356264467206e+00 8.402299804687500000e+02
8.519838082360964293e+00 8.416643676757812500e+02
8.523272808457461380e+00 8.351958618164062500e+02
8.526707534553960244e+00 8.417879638671875000e+02
8.530142260650455555e+00 8.491246948242187500e+02
8.533576986746952642e+00 8.534656372070312500e+02
8.537011712843449729e+00 8.505597534179687500e+02
8.540446438939946816e+00 8.509379882812500000e+02
8.543881165036443903e+00 8.584307250976562500e+02
8.547315891132940990e+00 8.631623535156250000e+02
8.550750617229438078e+00 8.711033325195312500e+02
8.554185343325935165e+00 8.847220458984375000e+02
8.557620069422432252e+00 8.978213500976562500e+02
8.561054795518929339e+00 9.108876342773437500e+02
8.564489521615426426e+00 9.252930908203125000e+02
8.567924247711923513e+00 9.617750854492187500e+02
8.571358973808420600e+00 1.021554565429687500e+03
8.574793699904917688e+00 1.137497924804687500e+03
8.578228426001414775e+00 1.363440307617187500e+03
8.581663152097911862e+00 1.791169921875000000e+03
8.585097878194408949e+00 2.505333740234375000e+03
8.588532604290906036e+00 3.546790771484375000e+03
8.591967330387403123e+00 4.724793457031250000e+03
8.595402056483900211e+00 5.896081542968750000e+03
8.598836782580397298e+00 6.722905273437500000e+03
8.602271508676894385e+00 7.004361328125000000e+03
8.605706234773391472e+00 6.769592285156250000e+03
8.609140960869888559e+00 6.088763671875000000e+03
8.612575686966385646e+00 5.148407226562500000e+03
8.616010413062882733e+00 4.180622558593750000e+03
8.619445139159379821e+00 3.268484130859375000e+03
8.622879865255876908e+00 2.564305175781250000e+03
8.626314591352373995e+00 2.006666748046875000e+03
8.629749317448869306e+00 1.622208862304687500e+03
8.633184043545366393e+00 1.350669433593750000e+03
8.636618769641865256e+00 1.176840942382812500e+03
8.640053495738362344e+00 1.062431518554687500e+03
8.643488221834859431e+00 9.964448242187500000e+02
8.646922947931356518e+00 9.558735351562500000e+02
8.650357674027851829e+00 9.262366943359375000e+02
8.653792400124348916e+00 9.057816772460937500e+02
8.657227126220847779e+00 8.947753906250000000e+02
8.660661852317344866e+00 8.853425903320312500e+02
8.664096578413841954e+00 8.753460083007812500e+02
8.667531304510339041e+00 8.708739013671875000e+02
8.670966030606834352e+00 8.650397949218750000e+02
8.674400756703331439e+00 8.613407592773437500e+02
8.677835482799830302e+00 8.549595947265625000e+02
8.681270208896327389e+00 8.497818603515625000e+02
8.684704934992824477e+00 8.479942626953125000e+02
8.688139661089321564e+00 8.518366088867187500e+02
8.691574387185816875e+00 8.586679687500000000e+02
8.695009113282313962e+00 8.540988769531250000e+02
8.698443839378812825e+00 8.573187255859375000e+02
8.701878565475309912e+00 8.524333496093750000e+02
8.705313291571807000e+00 8.484981689453125000e+02
8.708748017668302310e+00 8.395834960937500000e+02
8.712182743764799397e+00 8.404290771484375000e+02
8.715617469861296485e+00 8.462643432617187500e+02
8.719052195957793572e+00 8.541563110351562500e+02
8.722486922054292435e+00 8.615936279296875000e+02
8.725921648150789522e+00 8.647019042968750000e+02
8.729356374247284833e+00 8.681179809570312500e+02
8.732791100343781920e+00 8.846181030273437500e+02
8.736225826440279008e+00 9.286149291992187500e+02
8.739660552536776095e+00 1.009084960937500000e+03
8.743095278633274958e+00 1.171074951171875000e+03
8.746530004729772045e+00 1.487199951171875000e+03
8.749964730826267356e+00 1.843670166015625000e+03
8.753399456922764443e+00 2.256382080078125000e+03
8.756834183019261530e+00 2.600560302734375000e+03
8.760268909115758618e+00 2.992488769531250000e+03
8.763703635212257481e+00 3.241735839843750000e+03
8.767138361308752792e+00 3.325495117187500000e+03
8.770573087405249879e+00 3.160424560546875000e+03
8.774007813501746966e+00 2.871847656250000000e+03
8.777442539598244053e+00 2.505755615234375000e+03
8.780877265694741141e+00 2.125179443359375000e+03
8.784311991791240004e+00 1.797202026367187500e+03
8.787746717887735315e+00 1.490321411132812500e+03
8.791181443984232402e+00 1.277263793945312500e+03
8.794616170080729489e+00 1.125673583984375000e+03
8.798050896177226576e+00 1.017354736328125000e+03
8.801485622273723664e+00 9.465328979492187500e+02
8.804920348370220751e+00 8.988496704101562500e+02
8.808355074466717838e+00 8.715139770507812500e+02
8.811789800563214925e+00 8.559993286132812500e+02
8.815224526659712012e+00 8.504670410156250000e+02
8.818659252756209099e+00 8.378991699218750000e+02
8.822093978852706186e+00 8.240208129882812500e+02
8.825528704949203274e+00 8.135917358398437500e+02
8.828963431045700361e+00 8.134690551757812500e+02
8.832398157142197448e+00 8.173870849609375000e+02
8.835832883238694535e+00 8.243490600585937500e+02
8.839267609335191622e+00 8.287154541015625000e+02
8.842702335431688709e+00 8.300558471679687500e+02
8.846137061528185797e+00 8.192507934570312500e+02
8.849571787624682884e+00 8.105773315429687500e+02
8.853006513721179971e+00 8.030718383789062500e+02
8.856441239817677058e+00 7.957251586914062500e+02
8.859875965914174145e+00 7.957714843750000000e+02
8.863310692010671232e+00 7.911324462890625000e+02
8.866745418107168319e+00 7.906007690429687500e+02
8.870180144203665407e+00 7.891857299804687500e+02
8.873614870300162494e+00 7.942234497070312500e+02
8.877049596396659581e+00 7.984707031250000000e+02
8.880484322493156668e+00 8.013808593750000000e+02
8.883919048589653755e+00 8.001246337890625000e+02
8.887353774686149066e+00 7.963840332031250000e+02
8.890788500782646153e+00 7.908767700195312500e+02
8.894223226879145017e+00 7.908505249023437500e+02
8.897657952975642104e+00 7.915664062500000000e+02
8.901092679072139191e+00 7.978505859375000000e+02
8.904527405168636278e+00 8.004664916992187500e+02
8.907962131265131589e+00 8.007609863281250000e+02
8.911396857361628676e+00 8.012344970703125000e+02
8.914831583458127540e+00 8.067230834960937500e+02
8.918266309554624627e+00 8.074564208984375000e+02
8.921701035651121714e+00 8.034682617187500000e+02
8.925135761747618801e+00 8.012409667968750000e+02
8.928570487844114112e+00 8.013906250000000000e+02
8.932005213940611199e+00 8.067777709960937500e+02
8.935439940037110063e+00 8.011778564453125000e+02
8.938874666133607150e+00 8.029103393554687500e+02
8.942309392230104237e+00 7.865764770507812500e+02
8.945744118326599548e+00 7.838865966796875000e+02
8.949178844423096635e+00 7.712587890625000000e+02
8.952613570519593722e+00 7.701294555664062500e+02
8.956048296616092586e+00 7.726818847656250000e+02
8.959483022712589673e+00 7.806826782226562500e+02
8.962917748809086760e+00 7.821373901367187500e+02
8.966352474905582071e+00 7.787708740234375000e+02
8.969787201002079158e+00 7.806803588867187500e+02
8.973221927098576245e+00 7.822036132812500000e+02
8.976656653195073332e+00 7.806548461914062500e+02
8.980091379291572196e+00 7.793385009765625000e+02
8.983526105388069283e+00 7.851904296875000000e+02
8.986960831484564594e+00 7.919691772460937500e+02
8.990395557581061681e+00 7.960078125000000000e+02
8.993830283677558768e+00 7.926961669921875000e+02
8.997265009774055855e+00 7.916350097656250000e+02
9.000699735870554719e+00 7.907011718750000000e+02
9.004134461967050029e+00 7.973261108398437500e+02
9.007569188063547116e+00 7.942377319335937500e+02
9.011003914160044204e+00 7.928266601562500000e+02
9.014438640256541291e+00 7.945871582031250000e+02
9.017873366353038378e+00 8.019135742187500000e+02
9.021308092449537241e+00 8.043728027343750000e+02
9.024742818546032552e+00 8.053786621093750000e+02
9.028177544642529639e+00 8.078701171875000000e+02
9.031612270739026727e+00 8.169773559570312500e+02
9.035046996835523814e+00 8.248884277343750000e+02
9.038481722932020901e+00 8.279233398437500000e+02
9.041916449028519764e+00 8.392008666992187500e+02
9.045351175125015075e+00 8.515568847656250000e+02
9.048785901221512162e+00 8.616367797851562500e+02
9.052220627318009250e+00 8.732078247070312500e+02
9.055655353414506337e+00 9.092796020507812500e+02
9.059090079511003424e+00 9.947668457031250000e+02
9.062524805607500511e+00 1.148712158203125000e+03
9.065959531703997598e+00 1.433602172851562500e+03
9.069394257800494685e+00 1.872246093750000000e+03
9.072828983896991772e+00 2.434323242187500000e+03
9.076263709993488860e+00 3.067226806640625000e+03
9.079698436089985947e+00 3.602713867187500000e+03
9.083133162186483034e+00 4.015663818359375000e+03
9.086567888282980121e+00 4.151338867187500000e+03
9.090002614379477208e+00 4.006201660156250000e+03
9.093437340475974295e+00 3.701368896484375000e+03
9.096872066572471383e+00 3.178266113281250000e+03
9.100306792668968470e+00 2.694654296875000000e+03
9.103741518765465557e+00 2.194738769531250000e+03
9.107176244861962644e+00 1.798896972656250000e+03
9.110610970958459731e+00 1.491474121093750000e+03
9.114045697054956818e+00 1.261251464843750000e+03
9.117480423151453905e+00 1.096951904296875000e+03
9.120915149247950993e+00 9.978299560546875000e+02
9.124349875344446303e+00 9.222608642578125000e+02
9.127784601440945167e+00 8.819547119140625000e+02
9.131219327537442254e+00 8.477745971679687500e+02
9.134654053633939341e+00 8.357542114257812500e+02
9.138088779730436428e+00 8.192319946289062500e+02
9.141523505826933516e+00 8.078740844726562500e+02
9.144958231923428826e+00 8.007678222656250000e+02
9.148392958019925914e+00 8.111618652343750000e+02
9.151827684116424777e+00 8.115237426757812500e+02
9.155262410212921864e+00 8.009477539062500000e+02
9.158697136309418951e+00 7.905742187500000000e+02
9.162131862405916038e+00 7.842343139648437500e+02
9.165566588502411349e+00 7.813584594726562500e+02
9.169001314598908436e+00 7.759501342773437500e+02
9.172436040695407300e+00 7.744667358398437500e+02
9.175870766791904387e+00 7.758577270507812500e+02
9.179305492888401474e+00 7.826837158203125000e+02
9.182740218984896785e+00 7.845952758789062500e+02
9.186174945081393872e+00 7.775119018554687500e+02
9.189609671177890959e+00 7.730300292968750000e+02
9.193044397274389823e+00 7.720252685546875000e+02
9.196479123370886910e+00 7.728314819335937500e+02
9.199913849467383997e+00 7.658302612304687500e+02
9.203348575563879308e+00 7.701871948242187500e+02
9.206783301660376395e+00 7.862543334960937500e+02
9.210218027756873482e+00 8.014485473632812500e+02
9.213652753853372346e+00 8.228674316406250000e+02
9.217087479949869433e+00 8.609540405273437500e+02
9.220522206046366520e+00 9.394113159179687500e+02
9.223956932142861831e+00 1.084399658203125000e+03
9.227391658239358918e+00 1.296837646484375000e+03
9.230826384335856005e+00 1.577074951171875000e+03
9.234261110432353092e+00 1.857454101562500000e+03
9.237695836528851956e+00 2.101580078125000000e+03
9.241130562625349043e+00 2.276926513671875000e+03
9.244565288721844354e+00 2.291662597656250000e+03
9.248000014818341441e+00 2.199336181640625000e+03
9.251434740914838528e+00 1.974618286132812500e+03
9.254869467011335615e+00 1.715498046875000000e+03
9.258304193107834479e+00 1.467908935546875000e+03
9.261738919204329790e+00 1.279674194335937500e+03
9.265173645300826877e+00 1.126685913085937500e+03
9.268608371397323964e+00 1.004500427246093750e+03
9.272043097493821051e+00 9.039750976562500000e+02
9.275477823590318138e+00 8.457651977539062500e+02
9.278912549686817002e+00 8.042961425781250000e+02
9.282347275783312313e+00 7.719451293945312500e+02
9.285782001879809400e+00 7.529456787109375000e+02
9.289216727976306487e+00 7.440492553710937500e+02
9.292651454072803574e+00 7.333665161132812500e+02
9.296086180169300661e+00 7.279872436523437500e+02
9.299520906265799525e+00 7.188724365234375000e+02
9.302955632362294836e+00 7.132098388671875000e+02
9.306390358458791923e+00 7.119896850585937500e+02
9.309825084555289010e+00 7.117444458007812500e+02
9.313259810651786097e+00 7.053150634765625000e+02
9.316694536748283184e+00 6.920439453125000000e+02
9.320129262844780271e+00 6.823706054687500000e+02
9.323563988941277358e+00 6.847045898437500000e+02
9.326998715037774446e+00 6.916361694335937500e+02
9.330433441134271533e+00 6.966184082031250000e+02
9.333868167230768620e+00 6.926175537109375000e+02
9.337302893327265707e+00 6.919635009765625000e+02
9.340737619423762794e+00 6.898579711914062500e+02
9.344172345520259881e+00 6.723293457031250000e+02
9.347607071616756969e+00 6.580848388671875000e+02
9.351041797713254056e+00 6.493022460937500000e+02
9.354476523809751143e+00 6.580788574218750000e+02
9.357911249906248230e+00 6.509518432617187500e+02
9.361345976002743541e+00 6.508124389648437500e+02
9.364780702099242404e+00 6.484826049804687500e+02
9.368215428195739491e+00 6.410839233398437500e+02
9.371650154292236579e+00 6.220767822265625000e+02
9.375084880388733666e+00 6.180846557617187500e+02
9.378519606485230753e+00 6.307479248046875000e+02
9.381954332581726064e+00 6.510158081054687500e+02
9.385389058678224927e+00 6.590890502929687500e+02
9.388823784774722014e+00 6.382774658203125000e+02
9.392258510871219102e+00 6.400950927734375000e+02
9.395693236967716189e+00 6.511193237304687500e+02
9.399127963064213276e+00 6.735040283203125000e+02
9.402562689160708587e+00 6.517293090820312500e+02
9.405997415257207450e+00 6.182825317382812500e+02
9.409432141353704537e+00 5.950913696289062500e+02
9.412866867450201624e+00 5.927546997070312500e+02
9.416301593546698712e+00 5.932413940429687500e+02
9.419736319643195799e+00 5.932889404296875000e+02
9.423171045739691110e+00 5.853769531250000000e+02
9.426605771836188197e+00 5.641396484375000000e+02
9.430040497932687060e+00 5.643410644531250000e+02
9.433475224029184147e+00 5.628421020507812500e+02
9.436909950125681235e+00 5.523461914062500000e+02
9.440344676222176545e+00 5.295451660156250000e+02
9.443779402318673633e+00 5.236438598632812500e+02
9.447214128415170720e+00 5.480353393554687500e+02
9.450648854511669583e+00 5.643178100585937500e+02
9.454083580608166670e+00 5.584811401367187500e+02
9.457518306704663758e+00 5.148263549804687500e+02
9.460953032801159068e+00 4.646650390625000000e+02
9.464387758897656155e+00 4.660817565917968750e+02
9.467822484994153243e+00 4.833518981933593750e+02
9.471257211090652106e+00 5.102790832519531250e+02
9.474691937187149193e+00 4.744187316894531250e+02
9.478126663283646280e+00 4.524677734375000000e+02
9.481561389380141591e+00 4.183273925781250000e+02
9.484996115476638678e+00 4.157341003417968750e+02
9.488430841573135766e+00 4.089997253417968750e+02
9.491865567669634629e+00 3.964725646972656250e+02
9.495300293766131716e+00 4.131701049804687500e+02
9.498735019862627027e+00 4.728311462402343750e+02
9.502169745959124114e+00 5.382949829101562500e+02
9.505604472055621201e+00 0.000000000000000000e+00
9.509039198152118288e+00 0.000000000000000000e+00
9.512473924248615376e+00 0.000000000000000000e+00
9.515908650345114239e+00 0.000000000000000000e+00
9.519343376441609550e+00 0.000000000000000000e+00
9.522778102538106637e+00 0.000000000000000000e+00
9.526212828634603724e+00 0.000000000000000000e+00
9.529647554731100811e+00 0.000000000000000000e+00
9.533082280827597899e+00 0.000000000000000000e+00
9.536517006924096762e+00 0.000000000000000000e+00
9.539951733020592073e+00 0.000000000000000000e+00
9.543386459117089160e+00 0.000000000000000000e+00
9.546821185213586247e+00 0.000000000000000000e+00
9.550255911310083334e+00 0.000000000000000000e+00
9.553690637406580421e+00 0.000000000000000000e+00
9.557125363503077509e+00 0.000000000000000000e+00
9.560560089599574596e+00 0.000000000000000000e+00
9.563994815696071683e+00 0.000000000000000000e+00
9.567429541792568770e+00 0.000000000000000000e+00
9.570864267889065857e+00 0.000000000000000000e+00
9.574298993985562944e+00 0.000000000000000000e+00
9.577733720082060032e+00 0.000000000000000000e+00
9.581168446178557119e+00 0.000000000000000000e+00
9.584603172275054206e+00 0.000000000000000000e+00
9.588037898371551293e+00 0.000000000000000000e+00
9.591472624468048380e+00 0.000000000000000000e+00
9.594907350564545467e+00 0.000000000000000000e+00
9.598342076661042555e+00 0.000000000000000000e+00
9.601776802757539642e+00 0.000000000000000000e+00
9.605211528854036729e+00 0.000000000000000000e+00
9.608646254950533816e+00 0.000000000000000000e+00
9.612080981047030903e+00 0.000000000000000000e+00
9.615515707143527990e+00 0.000000000000000000e+00
9.618950433240023301e+00 0.000000000000000000e+00
9.622385159336522165e+00 0.000000000000000000e+00
9.625819885433019252e+00 0.000000000000000000e+00
9.629254611529516339e+00 0.000000000000000000e+00
9.632689337626013426e+00 0.000000000000000000e+00
9.636124063722510513e+00 0.000000000000000000e+00
9.639558789819005824e+00 0.000000000000000000e+00
9.642993515915504688e+00 0.000000000000000000e+00
9.646428242012001775e+00 0.000000000000000000e+00
9.649862968108498862e+00 0.000000000000000000e+00
9.653297694204995949e+00 0.000000000000000000e+00
9.656732420301493036e+00 0.000000000000000000e+00
9.660167146397988347e+00 0.000000000000000000e+00
9.663601872494487210e+00 0.000000000000000000e+00
9.667036598590984298e+00 0.000000000000000000e+00
9.670471324687481385e+00 0.000000000000000000e+00
9.673906050783978472e+00 0.000000000000000000e+00
9.677340776880473783e+00 0.000000000000000000e+00
9.680775502976970870e+00 0.000000000000000000e+00
9.684210229073467957e+00 0.000000000000000000e+00
9.687644955169966821e+00 0.000000000000000000e+00
9.691079681266463908e+00 0.000000000000000000e+00
9.694514407362960995e+00 0.000000000000000000e+00
9.697949133459456306e+00 0.000000000000000000e+00
9.701383859555953393e+00 0.000000000000000000e+00
9.704818585652450480e+00 0.000000000000000000e+00
9.708253311748949343e+00 0.000000000000000000e+00
9.711688037845446431e+00 0.000000000000000000e+00
9.715122763941943518e+00 0.000000000000000000e+00
9.718557490038438829e+00 0.000000000000000000e+00
9.721992216134935916e+00 0.000000000000000000e+00
9.725426942231433003e+00 0.000000000000000000e+00
9.728861668327931866e+00 0.000000000000000000e+00
9.732296394424428954e+00 0.000000000000000000e+00
9.735731120520924264e+00 0.000000000000000000e+00
9.739165846617421352e+00 0.000000000000000000e+00
9.742600572713918439e+00 0.000000000000000000e+00
9.746035298810415526e+00 0.000000000000000000e+00
9.749470024906914389e+00 0.000000000000000000e+00
9.752904751003411477e+00 0.000000000000000000e+00
9.756339477099906787e+00 0.000000000000000000e+00
9.759774203196403874e+00 0.000000000000000000e+00
9.763208929292900962e+00 0.000000000000000000e+00
9.766643655389398049e+00 0.000000000000000000e+00
9.770078381485895136e+00 0.000000000000000000e+00
9.773513107582393999e+00 0.000000000000000000e+00
9.776947833678889310e+00 0.000000000000000000e+00
9.780382559775386397e+00 0.000000000000000000e+00
9.783817285871883485e+00 0.000000000000000000e+00
9.787252011968380572e+00 0.000000000000000000e+00
9.790686738064877659e+00 0.000000000000000000e+00
9.794121464161376522e+00 0.000000000000000000e+00
9.797556190257871833e+00 0.000000000000000000e+00
9.800990916354368920e+00 0.000000000000000000e+00
9.804425642450866007e+00 0.000000000000000000e+00
9.807860368547363095e+00 0.000000000000000000e+00
9.811295094643860182e+00 0.000000000000000000e+00
9.814729820740357269e+00 0.000000000000000000e+00
9.818164546836854356e+00 0.000000000000000000e+00
9.821599272933351443e+00 0.000000000000000000e+00
9.825033999029848530e+00 0.000000000000000000e+00
9.828468725126345618e+00 0.000000000000000000e+00
9.831903451222842705e+00 0.000000000000000000e+00
9.835338177319339792e+00 0.000000000000000000e+00
9.838772903415836879e+00 0.000000000000000000e+00
9.842207629512333966e+00 0.000000000000000000e+00
9.845642355608831053e+00 0.000000000000000000e+00
9.849077081705328141e+00 0.000000000000000000e+00
9.852511807801825228e+00 0.000000000000000000e+00
9.855946533898320538e+00 0.000000000000000000e+00
9.859381259994819402e+00 0.000000000000000000e+00
9.862815986091316489e+00 0.000000000000000000e+00
9.866250712187813576e+00 0.000000000000000000e+00
9.869685438284310663e+00 0.000000000000000000e+00
9.873120164380807751e+00 0.000000000000000000e+00
9.876554890477303061e+00 0.000000000000000000e+00
9.879989616573801925e+00 0.000000000000000000e+00
9.883424342670299012e+00 0.000000000000000000e+00
9.886859068766796099e+00 0.000000000000000000e+00
9.890293794863293186e+00 0.000000000000000000e+00
9.893728520959790274e+00 0.000000000000000000e+00
9.897163247056285584e+00 0.000000000000000000e+00
9.900597973152784448e+00 0.000000000000000000e+00
9.904032699249281535e+00 0.000000000000000000e+00
9.907467425345778622e+00 0.000000000000000000e+00
9.910902151442275709e+00 0.000000000000000000e+00
9.914336877538771020e+00 0.000000000000000000e+00
9.917771603635268107e+00 0.000000000000000000e+00
9.921206329731766971e+00 0.000000000000000000e+00
9.924641055828264058e+00 0.000000000000000000e+00
9.928075781924761145e+00 0.000000000000000000e+00
9.931510508021258232e+00 0.000000000000000000e+00
9.934945234117753543e+00 0.000000000000000000e+00
9.938379960214250630e+00 0.000000000000000000e+00
9.941814686310747717e+00 0.000000000000000000e+00
9.945249412407246581e+00 0.000000000000000000e+00
9.948684138503743668e+00 0.000000000000000000e+00
9.952118864600240755e+00 0.000000000000000000e+00
9.955553590696736066e+00 0.000000000000000000e+00
9.958988316793233153e+00 0.000000000000000000e+00
9.962423042889730240e+00 0.000000000000000000e+00
9.965857768986229104e+00 0.000000000000000000e+00
9.969292495082726191e+00 0.000000000000000000e+00
9.972727221179223278e+00 0.000000000000000000e+00
9.976161947275718589e+00 0.000000000000000000e+00
9.979596673372215676e+00 0.000000000000000000e+00
9.983031399468712763e+00 0.000000000000000000e+00
9.986466125565211627e+00 0.000000000000000000e+00
9.989900851661708714e+00 0.000000000000000000e+00
9.993335577758204025e+00 0.000000000000000000e+00
9.996770303854701112e+00 0.000000000000000000e+00
1.000020502995119820e+01 0.000000000000000000e+00
1.000363975604769529e+01 0.000000000000000000e+00
1.000707448214419415e+01 0.000000000000000000e+00
1.001050920824069124e+01 0.000000000000000000e+00
1.001394393433718655e+01 0.000000000000000000e+00
1.001737866043368363e+01 0.000000000000000000e+00
1.002081338653018072e+01 0.000000000000000000e+00
1.002424811262667781e+01 0.000000000000000000e+00
1.002768283872317490e+01 0.000000000000000000e+00
1.003111756481967376e+01 0.000000000000000000e+00
1.003455229091616907e+01 0.000000000000000000e+00
1.003798701701266616e+01 0.000000000000000000e+00
1.004142174310916324e+01 0.000000000000000000e+00
1.004485646920566033e+01 0.000000000000000000e+00
1.004829119530215742e+01 0.000000000000000000e+00
1.005172592139865451e+01 0.000000000000000000e+00
1.005516064749515159e+01 0.000000000000000000e+00
1.005859537359164868e+01 0.000000000000000000e+00
1.006203009968814577e+01 0.000000000000000000e+00
1.006546482578464285e+01 0.000000000000000000e+00
1.006889955188113994e+01 0.000000000000000000e+00
1.007233427797763703e+01 0.000000000000000000e+00
1.007576900407413412e+01 0.000000000000000000e+00
1.007920373017063120e+01 0.000000000000000000e+00
1.008263845626712829e+01 0.000000000000000000e+00
1.008607318236362538e+01 0.000000000000000000e+00
1.008950790846012247e+01 0.000000000000000000e+00
1.009294263455661955e+01 0.000000000000000000e+00
1.009637736065311664e+01 0.000000000000000000e+00
1.009981208674961373e+01 0.000000000000000000e+00
1.010324681284611081e+01 0.000000000000000000e+00
1.010668153894260790e+01 0.000000000000000000e+00
1.011011626503910499e+01 0.000000000000000000e+00
1.011355099113560208e+01 0.000000000000000000e+00
1.011698571723209916e+01 0.000000000000000000e+00
1.012042044332859625e+01 0.000000000000000000e+00
1.012385516942509334e+01 0.000000000000000000e+00
1.012728989552159042e+01 0.000000000000000000e+00
1.013072462161808751e+01 0.000000000000000000e+00
1.013415934771458282e+01 0.000000000000000000e+00
1.013759407381108169e+01 0.000000000000000000e+00
1.014102879990757877e+01 0.000000000000000000e+00
1.014446352600407586e+01 0.000000000000000000e+00
1.014789825210057295e+01 0.000000000000000000e+00
1.015133297819707003e+01 0.000000000000000000e+00
1.015476770429356534e+01 0.000000000000000000e+00
1.015820243039006421e+01 0.000000000000000000e+00
1.016163715648656130e+01 0.000000000000000000e+00
1.016507188258305838e+01 0.000000000000000000e+00
1.016850660867955547e+01 0.000000000000000000e+00
1.017194133477605078e+01 0.000000000000000000e+00
1.017537606087254787e+01 0.000000000000000000e+00
1.017881078696904673e+01 0.000000000000000000e+00
1.018224551306554382e+01 0.000000000000000000e+00
1.018568023916204091e+01 0.000000000000000000e+00
1.018911496525853799e+01 0.000000000000000000e+00
1.019254969135503330e+01 0.000000000000000000e+00
1.019598441745153039e+01 0.000000000000000000e+00
1.019941914354802925e+01 0.000000000000000000e+00
1.020285386964452634e+01 0.000000000000000000e+00
1.020628859574102343e+01 0.000000000000000000e+00
1.020972332183752052e+01 0.000000000000000000e+00
1.021315804793401583e+01 0.000000000000000000e+00
1.021659277403051291e+01 0.000000000000000000e+00
1.022002750012701000e+01 0.000000000000000000e+00
1.022346222622350886e+01 0.000000000000000000e+00
1.022689695232000595e+01 0.000000000000000000e+00
1.023033167841650126e+01 0.000000000000000000e+00
1.023376640451299835e+01 0.000000000000000000e+00
1.023720113060949544e+01 0.000000000000000000e+00
1.024063585670599252e+01 0.000000000000000000e+00
1.024407058280249139e+01 0.000000000000000000e+00
1.024750530889898847e+01 0.000000000000000000e+00
1.025094003499548378e+01 0.000000000000000000e+00
1.025437476109198087e+01 0.000000000000000000e+00
1.025780948718847796e+01 0.000000000000000000e+00
1.026124421328497505e+01 0.000000000000000000e+00
1.026467893938147391e+01 0.000000000000000000e+00
1.026811366547797100e+01 0.000000000000000000e+00
1.027154839157446631e+01 0.000000000000000000e+00
1.027498311767096340e+01 0.000000000000000000e+00
1.027841784376746048e+01 0.000000000000000000e+00
1.028185256986395757e+01 0.000000000000000000e+00
1.028528729596045643e+01 0.000000000000000000e+00
1.028872202205695174e+01 0.000000000000000000e+00
1.029215674815344883e+01 0.000000000000000000e+00
1.029559147424994592e+01 0.000000000000000000e+00
1.029902620034644301e+01 0.000000000000000000e+00
1.030246092644294009e+01 0.000000000000000000e+00
