# # sector 24: chi = 65.01 deg (range [60, 70))
# # columns: 2theta(deg)  intensity
1.717363048248531218e-03 4.102665405273437500e+02
5.152089144745594304e-03 3.252428588867187500e+02
8.586815241242657173e-03 3.039180603027343750e+02
1.202154133773972004e-02 2.213198089599609375e+02
1.545626743423678291e-02 1.761852874755859375e+02
1.889099353073384752e-02 1.573639526367187500e+02
2.232571962723091039e-02 1.859664459228515625e+02
2.576044572372797326e-02 1.689497528076171875e+02
2.919517182022503266e-02 7.448607635498046875e+01
3.262989791672209205e-02 -6.942700862884521484e+00
3.606462401321915839e-02 6.802902221679687500e+01
3.949935010971622473e-02 1.323862152099609375e+02
4.293407620621328413e-02 1.736229095458984375e+02
4.636880230271035047e-02 1.536243133544921875e+02
4.980352839920740987e-02 1.043067092895507812e+02
5.323825449570447621e-02 6.590677642822265625e+01
5.667298059220153561e-02 7.998769378662109375e+01
6.010770668869859501e-02 1.303340148925781250e+02
6.354243278519566829e-02 1.099045486450195312e+02
6.697715888169272769e-02 1.367676696777343750e+02
7.041188497818978709e-02 1.332747650146484375e+02
7.384661107468684649e-02 1.201097183227539062e+02
7.728133717118391977e-02 1.272559280395507812e+02
8.071606326768097917e-02 1.469046783447265625e+02
8.415078936417803857e-02 1.428643188476562500e+02
8.758551546067509797e-02 1.085120010375976562e+02
9.102024155717217124e-02 6.230029296875000000e+01
9.445496765366923064e-02 5.025713729858398438e+01
9.788969375016629004e-02 7.762151336669921875e+01
1.013244198466633494e-01 1.131253814697265625e+02
1.047591459431604227e-01 1.347679595947265625e+02
1.081938720396574821e-01 1.497465820312500000e+02
1.116285981361545415e-01 1.986842803955078125e+02
1.150633242326516009e-01 2.020434875488281250e+02
1.184980503291486603e-01 1.468471069335937500e+02
1.219327764256457336e-01 1.208882217407226562e+02
1.253675025221427930e-01 1.505221557617187500e+02
1.288022286186398524e-01 1.481009521484375000e+02
1.322369547151369396e-01 1.289050140380859375e+02
1.356716808116339990e-01 1.561143798828125000e+02
1.391064069081310584e-01 1.774460449218750000e+02
1.425411330046281178e-01 1.645675201416015625e+02
1.459758591011251494e-01 1.553050079345703125e+02
1.494105851976222366e-01 1.678375091552734375e+02
1.528453112941192960e-01 1.734490661621093750e+02
1.562800373906163554e-01 1.611246490478515625e+02
1.597147634871134425e-01 1.682501220703125000e+02
1.631494895836105019e-01 1.671459655761718750e+02
1.665842156801075613e-01 1.828311767578125000e+02
1.700189417766046207e-01 1.896328887939453125e+02
1.734536678731016524e-01 1.942792663574218750e+02
1.768883939695987395e-01 2.413960876464843750e+02
1.803231200660957989e-01 2.981230773925781250e+02
1.837578461625928583e-01 3.866493225097656250e+02
1.871925722590899455e-01 5.565535888671875000e+02
1.906272983555870049e-01 8.200642089843750000e+02
1.940620244520840643e-01 1.079937866210937500e+03
1.974967505485811237e-01 1.277201660156250000e+03
2.009314766450781831e-01 1.416888549804687500e+03
2.043662027415752425e-01 1.487682006835937500e+03
2.078009288380723019e-01 1.551669311523437500e+03
2.112356549345693613e-01 1.603043823242187500e+03
2.146703810310664484e-01 1.651692382812500000e+03
2.181051071275635078e-01 1.687731689453125000e+03
2.215398332240605672e-01 1.709988403320312500e+03
2.249745593205576544e-01 1.688621215820312500e+03
2.284092854170546860e-01 1.641598510742187500e+03
2.318440115135517454e-01 1.617762084960937500e+03
2.352787376100488048e-01 1.647909912109375000e+03
2.387134637065459197e-01 1.721424560546875000e+03
2.421481898030429791e-01 1.749820922851562500e+03
2.455829158995400385e-01 1.737556884765625000e+03
2.490176419960370979e-01 1.745472778320312500e+03
2.524523680925341296e-01 1.756773437500000000e+03
2.558870941890312167e-01 1.771620483398437500e+03
2.593218202855282484e-01 1.737036865234375000e+03
2.627565463820253910e-01 1.773263671875000000e+03
2.661912724785224227e-01 1.799758911132812500e+03
2.696259985750194543e-01 1.853038940429687500e+03
2.730607246715165415e-01 1.867228759765625000e+03
2.764954507680135731e-01 1.897323974609375000e+03
2.799301768645106603e-01 1.924957275390625000e+03
2.833649029610076919e-01 1.938060302734375000e+03
2.867996290575047791e-01 1.927866821289062500e+03
2.902343551540018107e-01 1.924983276367187500e+03
2.936690812504989534e-01 1.977473510742187500e+03
2.971038073469959850e-01 2.032627807617187500e+03
3.005385334434930167e-01 2.051228515625000000e+03
3.039732595399901038e-01 2.032636718750000000e+03
3.074079856364871355e-01 2.061187988281250000e+03
3.108427117329842226e-01 2.099585449218750000e+03
3.142774378294812543e-01 2.142808593750000000e+03
3.177121639259783970e-01 2.185429687500000000e+03
3.211468900224754286e-01 2.204102783203125000e+03
3.245816161189724602e-01 2.229939208984375000e+03
3.280163422154695474e-01 2.264380126953125000e+03
3.314510683119665790e-01 2.293229003906250000e+03
3.348857944084636662e-01 2.312479492187500000e+03
3.383205205049606978e-01 2.318054443359375000e+03
3.417552466014577850e-01 2.316589843750000000e+03
3.451899726979548166e-01 2.317802246093750000e+03
3.486246987944519593e-01 2.336969726562500000e+03
3.520594248909489909e-01 2.366189208984375000e+03
3.554941509874460226e-01 2.372577880859375000e+03
3.589288770839431097e-01 2.386286865234375000e+03
3.623636031804401414e-01 2.423585449218750000e+03
3.657983292769372285e-01 2.470541748046875000e+03
3.692330553734342602e-01 2.494784667968750000e+03
3.726677814699314029e-01 2.505497314453125000e+03
3.761025075664284345e-01 2.554557373046875000e+03
3.795372336629255217e-01 2.588551025390625000e+03
3.829719597594225533e-01 2.615866943359375000e+03
3.864066858559195849e-01 2.635644042968750000e+03
3.898414119524166721e-01 2.659838134765625000e+03
3.932761380489137037e-01 2.654104248046875000e+03
3.967108641454107909e-01 2.654404785156250000e+03
4.001455902419078225e-01 2.668099853515625000e+03
4.035803163384049652e-01 2.680000488281250000e+03
4.070150424349019969e-01 2.673157226562500000e+03
4.104497685313990840e-01 2.673078857421875000e+03
4.138844946278961157e-01 2.699986083984375000e+03
4.173192207243931473e-01 2.733203369140625000e+03
4.207539468208902345e-01 2.730490234375000000e+03
4.241886729173872661e-01 2.747677246093750000e+03
4.276233990138844088e-01 2.788628173828125000e+03
4.310581251103814404e-01 2.836878173828125000e+03
4.344928512068785276e-01 2.820885253906250000e+03
4.379275773033755592e-01 2.788767578125000000e+03
4.413623033998725909e-01 2.795393554687500000e+03
4.447970294963696780e-01 2.840498779296875000e+03
4.482317555928666541e-01 2.865621337890625000e+03
4.516664816893637968e-01 2.882841308593750000e+03
4.551012077858607729e-01 2.894728759765625000e+03
4.585359338823579156e-01 2.948325195312500000e+03
4.619706599788548917e-01 2.989992919921875000e+03
4.654053860753520344e-01 3.009001220703125000e+03
4.688401121718490105e-01 2.990843750000000000e+03
4.722748382683461532e-01 3.000410156250000000e+03
4.757095643648432404e-01 3.017551025390625000e+03
4.791442904613402165e-01 3.020652832031250000e+03
4.825790165578373592e-01 3.038211914062500000e+03
4.860137426543343353e-01 3.076269775390625000e+03
4.894484687508314780e-01 3.137143310546875000e+03
4.928831948473284541e-01 3.174605468750000000e+03
4.963179209438255968e-01 3.183549072265625000e+03
4.997526470403226839e-01 3.187515380859375000e+03
5.031873731368197156e-01 3.182786621093750000e+03
5.066220992333168027e-01 3.188177246093750000e+03
5.100568253298137789e-01 3.185609619140625000e+03
5.134915514263108660e-01 3.200158691406250000e+03
5.169262775228079532e-01 3.216153808593750000e+03
5.203610036193050403e-01 3.209357910156250000e+03
5.237957297158021275e-01 3.199509765625000000e+03
5.272304558122991036e-01 3.184922607421875000e+03
5.306651819087961908e-01 3.181864257812500000e+03
5.340999080052932779e-01 3.144831787109375000e+03
5.375346341017903651e-01 3.110181640625000000e+03
5.409693601982873412e-01 3.098314941406250000e+03
5.444040862947844284e-01 3.101432128906250000e+03
5.478388123912815155e-01 3.103910644531250000e+03
5.512735384877786027e-01 3.087243408203125000e+03
5.547082645842756898e-01 3.082754394531250000e+03
5.581429906807726660e-01 3.071853027343750000e+03
5.615777167772697531e-01 3.078194580078125000e+03
5.650124428737668403e-01 3.066453613281250000e+03
5.684471689702639274e-01 3.056019287109375000e+03
5.718818950667609036e-01 3.038613769531250000e+03
5.753166211632579907e-01 3.049696777343750000e+03
5.787513472597550779e-01 3.056741699218750000e+03
5.821860733562521650e-01 3.069730468750000000e+03
5.856207994527492522e-01 3.075756835937500000e+03
5.890555255492462283e-01 3.075008789062500000e+03
5.924902516457433155e-01 3.080567626953125000e+03
5.959249777422404026e-01 3.081814453125000000e+03
5.993597038387374898e-01 3.065466064453125000e+03
6.027944299352344659e-01 3.065022705078125000e+03
6.062291560317315531e-01 3.100326660156250000e+03
6.096638821282287513e-01 3.131137451171875000e+03
6.130986082247257274e-01 3.132041503906250000e+03
6.165333343212228145e-01 3.113819335937500000e+03
6.199680604177197907e-01 3.076704589843750000e+03
6.234027865142168778e-01 3.059364257812500000e+03
6.268375126107139650e-01 3.073245361328125000e+03
6.302722387072110521e-01 3.104966552734375000e+03
6.337069648037081393e-01 3.111155029296875000e+03
6.371416909002051154e-01 3.117597167968750000e+03
6.405764169967023136e-01 3.127512939453125000e+03
6.440111430931992897e-01 3.128111816406250000e+03
6.474458691896963769e-01 3.137687744140625000e+03
6.508805952861933530e-01 3.144244140625000000e+03
6.543153213826904402e-01 3.133055175781250000e+03
6.577500474791875273e-01 3.120135009765625000e+03
6.611847735756846145e-01 3.125592773437500000e+03
6.646194996721817017e-01 3.148463378906250000e+03
6.680542257686786778e-01 3.145125244140625000e+03
6.714889518651757649e-01 3.124431152343750000e+03
6.749236779616728521e-01 3.144668945312500000e+03
6.783584040581699393e-01 3.168395996093750000e+03
6.817931301546669154e-01 3.190248046875000000e+03
6.852278562511640025e-01 3.171580322265625000e+03
6.886625823476610897e-01 3.154209716796875000e+03
6.920973084441581769e-01 3.140434570312500000e+03
6.955320345406552640e-01 3.145932373046875000e+03
6.989667606371522401e-01 3.165356445312500000e+03
7.024014867336493273e-01 3.171560058593750000e+03
7.058362128301464145e-01 3.154766113281250000e+03
7.092709389266435016e-01 3.160436523437500000e+03
7.127056650231404777e-01 3.167345947265625000e+03
7.161403911196375649e-01 3.168294921875000000e+03
7.195751172161347631e-01 3.146603759765625000e+03
7.230098433126317392e-01 3.126952880859375000e+03
7.264445694091288264e-01 3.130343505859375000e+03
7.298792955056258025e-01 3.121061279296875000e+03
7.333140216021228897e-01 3.147540039062500000e+03
7.367487476986199768e-01 3.169991455078125000e+03
7.401834737951170640e-01 3.189052734375000000e+03
7.436181998916141511e-01 3.181574951171875000e+03
7.470529259881111273e-01 3.191390625000000000e+03
7.504876520846083254e-01 3.203634033203125000e+03
7.539223781811053016e-01 3.210477539062500000e+03
7.573571042776023887e-01 3.199725097656250000e+03
7.607918303740993649e-01 3.191512207031250000e+03
7.642265564705964520e-01 3.185719970703125000e+03
7.676612825670935392e-01 3.176077880859375000e+03
7.710960086635906263e-01 3.190387451171875000e+03
7.745307347600877135e-01 3.202927734375000000e+03
7.779654608565846896e-01 3.213969482421875000e+03
7.814001869530818878e-01 3.210755126953125000e+03
7.848349130495788639e-01 3.216669189453125000e+03
7.882696391460759511e-01 3.220842285156250000e+03
7.917043652425729272e-01 3.216627441406250000e+03
7.951390913390700144e-01 3.218917724609375000e+03
7.985738174355671015e-01 3.215741210937500000e+03
8.020085435320641887e-01 3.198631103515625000e+03
8.054432696285612758e-01 3.186230957031250000e+03
8.088779957250582520e-01 3.183578369140625000e+03
8.123127218215554501e-01 3.196322509765625000e+03
8.157474479180524263e-01 3.169687500000000000e+03
8.191821740145495134e-01 3.160862304687500000e+03
8.226169001110464896e-01 3.168330810546875000e+03
8.260516262075435767e-01 3.188991699218750000e+03
8.294863523040407749e-01 3.187209228515625000e+03
8.329210784005377510e-01 3.191139892578125000e+03
8.363558044970348382e-01 3.193453857421875000e+03
8.397905305935318143e-01 3.197530761718750000e+03
8.432252566900290125e-01 3.198231933593750000e+03
8.466599827865259886e-01 3.177557617187500000e+03
8.500947088830230758e-01 3.163034423828125000e+03
8.535294349795201629e-01 3.169140625000000000e+03
8.569641610760171391e-01 3.194609375000000000e+03
8.603988871725143373e-01 3.192236328125000000e+03
8.638336132690113134e-01 3.198294921875000000e+03
8.672683393655084005e-01 3.230391357421875000e+03
8.707030654620053767e-01 3.230015625000000000e+03
8.741377915585024638e-01 3.207467773437500000e+03
8.775725176549995510e-01 3.177211914062500000e+03
8.810072437514966381e-01 3.165533935546875000e+03
8.844419698479937253e-01 3.159387207031250000e+03
8.878766959444907014e-01 3.152102783203125000e+03
8.913114220409878996e-01 3.147150634765625000e+03
8.947461481374848757e-01 3.164219970703125000e+03
8.981808742339819629e-01 3.184201416015625000e+03
9.016156003304791611e-01 3.200814208984375000e+03
9.050503264269761372e-01 3.177859375000000000e+03
9.084850525234732244e-01 3.161114013671875000e+03
9.119197786199704225e-01 3.173030517578125000e+03
9.153545047164673987e-01 3.204007080078125000e+03
9.187892308129643748e-01 3.221877685546875000e+03
9.222239569094614620e-01 3.221258056640625000e+03
9.256586830059586601e-01 3.209062744140625000e+03
9.290934091024556363e-01 3.183442382812500000e+03
9.325281351989526124e-01 3.184276855468750000e+03
9.359628612954495885e-01 3.200099853515625000e+03
9.393975873919468977e-01 3.225321777343750000e+03
9.428323134884438739e-01 3.203955810546875000e+03
9.462670395849408500e-01 3.174311035156250000e+03
9.497017656814380482e-01 3.154150146484375000e+03
9.531364917779350243e-01 3.152937988281250000e+03
9.565712178744321115e-01 3.151179687500000000e+03
9.600059439709290876e-01 3.148219970703125000e+03
9.634406700674262858e-01 3.158936767578125000e+03
9.668753961639232619e-01 3.165526855468750000e+03
9.703101222604203491e-01 3.168853759765625000e+03
9.737448483569175472e-01 3.161158447265625000e+03
9.771795744534145234e-01 3.177351074218750000e+03
9.806143005499114995e-01 3.210721191406250000e+03
9.840490266464085867e-01 3.230822021484375000e+03
9.874837527429057848e-01 3.228728271484375000e+03
9.909184788394027610e-01 3.218657958984375000e+03
9.943532049358997371e-01 3.205809570312500000e+03
9.977879310323969353e-01 3.196149169921875000e+03
1.001222657128894022e+00 3.181389892578125000e+03
1.004657383225390888e+00 3.160494140625000000e+03
1.008092109321887975e+00 3.164209716796875000e+03
1.011526835418385284e+00 3.163643798828125000e+03
1.014961561514882149e+00 3.179612792968750000e+03
1.018396287611379236e+00 3.181923828125000000e+03
1.021831013707876323e+00 3.186461181640625000e+03
1.025265739804373410e+00 3.184749511718750000e+03
1.028700465900870498e+00 3.169106689453125000e+03
1.032135191997367363e+00 3.180476318359375000e+03
1.035569918093864672e+00 3.203406005859375000e+03
1.039004644190361537e+00 3.218255615234375000e+03
1.042439370286858624e+00 3.210026367187500000e+03
1.045874096383355933e+00 3.202500000000000000e+03
1.049308822479852799e+00 3.195724121093750000e+03
1.052743548576349886e+00 3.203807128906250000e+03
1.056178274672846973e+00 3.206270996093750000e+03
1.059613000769344060e+00 3.205657470703125000e+03
1.063047726865841147e+00 3.184649414062500000e+03
1.066482452962338012e+00 3.175155761718750000e+03
1.069917179058835099e+00 3.180665039062500000e+03
1.073351905155332409e+00 3.184178222656250000e+03
1.076786631251829274e+00 3.163177734375000000e+03
1.080221357348326361e+00 3.152582031250000000e+03
1.083656083444823448e+00 3.156628906250000000e+03
1.087090809541320535e+00 3.155317871093750000e+03
1.090525535637817622e+00 3.157036132812500000e+03
1.093960261734314487e+00 3.170269042968750000e+03
1.097394987830811797e+00 3.195201416015625000e+03
1.100829713927308662e+00 3.189563720703125000e+03
1.104264440023805749e+00 3.195261474609375000e+03
1.107699166120303058e+00 3.182921875000000000e+03
1.111133892216799923e+00 3.164795166015625000e+03
1.114568618313297010e+00 3.142314697265625000e+03
1.118003344409794098e+00 3.126282226562500000e+03
1.121438070506291185e+00 3.126666259765625000e+03
1.124872796602788272e+00 3.135445312500000000e+03
1.128307522699285137e+00 3.150605712890625000e+03
1.131742248795782446e+00 3.150674072265625000e+03
1.135176974892279533e+00 3.169928710937500000e+03
1.138611700988776398e+00 3.170907958984375000e+03
1.142046427085273486e+00 3.163212402343750000e+03
1.145481153181770573e+00 3.141196777343750000e+03
1.148915879278267660e+00 3.132394042968750000e+03
1.152350605374764747e+00 3.122306884765625000e+03
1.155785331471261612e+00 3.128587646484375000e+03
1.159220057567758921e+00 3.153045166015625000e+03
1.162654783664255786e+00 3.167447265625000000e+03
1.166089509760752874e+00 3.179942626953125000e+03
1.169524235857250183e+00 3.161329589843750000e+03
1.172958961953747048e+00 3.139298583984375000e+03
1.176393688050244135e+00 3.108116943359375000e+03
1.179828414146741222e+00 3.103679443359375000e+03
1.183263140243238309e+00 3.114963867187500000e+03
1.186697866339735397e+00 3.134941894531250000e+03
1.190132592436232262e+00 3.144854248046875000e+03
1.193567318532729571e+00 3.146784179687500000e+03
1.197002044629226658e+00 3.138979003906250000e+03
1.200436770725723523e+00 3.137778808593750000e+03
1.203871496822220610e+00 3.129618408203125000e+03
1.207306222918717697e+00 3.127215332031250000e+03
1.210740949015214785e+00 3.130441406250000000e+03
1.214175675111711872e+00 3.141486816406250000e+03
1.217610401208208959e+00 3.137750000000000000e+03
1.221045127304706046e+00 3.127428955078125000e+03
1.224479853401202911e+00 3.117463623046875000e+03
1.227914579497699998e+00 3.111169677734375000e+03
1.231349305594197308e+00 3.127980468750000000e+03
1.234784031690694173e+00 3.140676757812500000e+03
1.238218757787191260e+00 3.126310791015625000e+03
1.241653483883688347e+00 3.106932373046875000e+03
1.245088209980185434e+00 3.103627441406250000e+03
1.248522936076682521e+00 3.110000244140625000e+03
1.251957662173179386e+00 3.105931396484375000e+03
1.255392388269676696e+00 3.103969482421875000e+03
1.258827114366173783e+00 3.101614013671875000e+03
1.262261840462670648e+00 3.098146972656250000e+03
1.265696566559167957e+00 3.111952880859375000e+03
1.269131292655664822e+00 3.120456298828125000e+03
1.272566018752161909e+00 3.123700195312500000e+03
1.276000744848658996e+00 3.111372558593750000e+03
1.279435470945156084e+00 3.106357421875000000e+03
1.282870197041653171e+00 3.110164550781250000e+03
1.286304923138150036e+00 3.123179687500000000e+03
1.289739649234647123e+00 3.123326660156250000e+03
1.293174375331144432e+00 3.106888916015625000e+03
1.296609101427641297e+00 3.102204589843750000e+03
1.300043827524138385e+00 3.101764404296875000e+03
1.303478553620635472e+00 3.117541259765625000e+03
1.306913279717132559e+00 3.126516601562500000e+03
1.310348005813629646e+00 3.127633544921875000e+03
1.313782731910126511e+00 3.108096679687500000e+03
1.317217458006623820e+00 3.094844238281250000e+03
1.320652184103120685e+00 3.092555175781250000e+03
1.324086910199617773e+00 3.098452880859375000e+03
1.327521636296115082e+00 3.087967285156250000e+03
1.330956362392611947e+00 3.085757080078125000e+03
1.334391088489109034e+00 3.081768554687500000e+03
1.337825814585606121e+00 3.070201904296875000e+03
1.341260540682103208e+00 3.068953369140625000e+03
1.344695266778600296e+00 3.078657714843750000e+03
1.348129992875097161e+00 3.080479248046875000e+03
1.351564718971594470e+00 3.071003417968750000e+03
1.354999445068091557e+00 3.043672363281250000e+03
1.358434171164588422e+00 3.024095947265625000e+03
1.361868897261085509e+00 3.020250976562500000e+03
1.365303623357582596e+00 3.031193603515625000e+03
1.368738349454079684e+00 3.029347167968750000e+03
1.372173075550576771e+00 3.017692382812500000e+03
1.375607801647073636e+00 3.006203857421875000e+03
1.379042527743570945e+00 3.014921875000000000e+03
1.382477253840067810e+00 3.029942871093750000e+03
1.385911979936564897e+00 3.042698730468750000e+03
1.389346706033062206e+00 3.037559570312500000e+03
1.392781432129559072e+00 3.019099853515625000e+03
1.396216158226056159e+00 3.009128417968750000e+03
1.399650884322553246e+00 2.995003173828125000e+03
1.403085610419050333e+00 2.988356689453125000e+03
1.406520336515547420e+00 2.991022216796875000e+03
1.409955062612044285e+00 2.996007812500000000e+03
1.413389788708541595e+00 2.985753173828125000e+03
1.416824514805038682e+00 2.957021240234375000e+03
1.420259240901535547e+00 2.939504882812500000e+03
1.423693966998032634e+00 2.948062011718750000e+03
1.427128693094529721e+00 2.964636230468750000e+03
1.430563419191026808e+00 2.968894775390625000e+03
1.433998145287523895e+00 2.970393066406250000e+03
1.437432871384020983e+00 2.970636718750000000e+03
1.440867597480518070e+00 2.964492187500000000e+03
1.444302323577014935e+00 2.966647460937500000e+03
1.447737049673512022e+00 2.970588867187500000e+03
1.451171775770009331e+00 2.965990966796875000e+03
1.454606501866506196e+00 2.949658935546875000e+03
1.458041227963003283e+00 2.951959716796875000e+03
1.461475954059500371e+00 2.949992675781250000e+03
1.464910680155997458e+00 2.947748535156250000e+03
1.468345406252494545e+00 2.948668212890625000e+03
1.471780132348991410e+00 2.951464111328125000e+03
1.475214858445488719e+00 2.947851074218750000e+03
1.478649584541985806e+00 2.932528076171875000e+03
1.482084310638482672e+00 2.924728759765625000e+03
1.485519036734979981e+00 2.901451416015625000e+03
1.488953762831476846e+00 2.887918457031250000e+03
1.492388488927973933e+00 2.878376220703125000e+03
1.495823215024471020e+00 2.886258544921875000e+03
1.499257941120968107e+00 2.898831542968750000e+03
1.502692667217465194e+00 2.887447021484375000e+03
1.506127393313962060e+00 2.875934082031250000e+03
1.509562119410459147e+00 2.872735839843750000e+03
1.512996845506956456e+00 2.882907470703125000e+03
1.516431571603453321e+00 2.868895263671875000e+03
1.519866297699950408e+00 2.847867431640625000e+03
1.523301023796447495e+00 2.843174072265625000e+03
1.526735749892944582e+00 2.850116699218750000e+03
1.530170475989441670e+00 2.851316406250000000e+03
1.533605202085938535e+00 2.858084960937500000e+03
1.537039928182435844e+00 2.866986083984375000e+03
1.540474654278932931e+00 2.875731445312500000e+03
1.543909380375429796e+00 2.854304199218750000e+03
1.547344106471927105e+00 2.841461181640625000e+03
1.550778832568423971e+00 2.842157470703125000e+03
1.554213558664921058e+00 2.845020263671875000e+03
1.557648284761418145e+00 2.837620361328125000e+03
1.561083010857915232e+00 2.829615234375000000e+03
1.564517736954412319e+00 2.821994628906250000e+03
1.567952463050909184e+00 2.823060302734375000e+03
1.571387189147406493e+00 2.823582519531250000e+03
1.574821915243903581e+00 2.824764160156250000e+03
1.578256641340400446e+00 2.828585693359375000e+03
1.581691367436897533e+00 2.842259765625000000e+03
1.585126093533394620e+00 2.859404296875000000e+03
1.588560819629891707e+00 2.879328369140625000e+03
1.591995545726388794e+00 2.888713623046875000e+03
1.595430271822885659e+00 2.873785156250000000e+03
1.598864997919382969e+00 2.867002685546875000e+03
1.602299724015880056e+00 2.878150634765625000e+03
1.605734450112376921e+00 2.890312988281250000e+03
1.609169176208874230e+00 2.886204345703125000e+03
1.612603902305371095e+00 2.876333007812500000e+03
1.616038628401868182e+00 2.887388671875000000e+03
1.619473354498365270e+00 2.900059814453125000e+03
1.622908080594862357e+00 2.917178710937500000e+03
1.626342806691359444e+00 2.931670898437500000e+03
1.629777532787856309e+00 2.950086669921875000e+03
1.633212258884353618e+00 2.961153808593750000e+03
1.636646984980850705e+00 2.975808105468750000e+03
1.640081711077347570e+00 3.007445312500000000e+03
1.643516437173844658e+00 3.061352783203125000e+03
1.646951163270341745e+00 3.126055419921875000e+03
1.650385889366838832e+00 3.222617431640625000e+03
1.653820615463335919e+00 3.380695556640625000e+03
1.657255341559833006e+00 3.708291748046875000e+03
1.660690067656330093e+00 4.408129394531250000e+03
1.664124793752827181e+00 6.230231445312500000e+03
1.667559519849324046e+00 1.007629296875000000e+04
1.670994245945821355e+00 1.752254687500000000e+04
1.674428972042318220e+00 2.733743164062500000e+04
1.677863698138815307e+00 3.789897656250000000e+04
1.681298424235312394e+00 4.222457812500000000e+04
1.684733150331809481e+00 4.019841015625000000e+04
1.688167876428306569e+00 3.165128906250000000e+04
1.691602602524803434e+00 2.196689257812500000e+04
1.695037328621300743e+00 1.367013281250000000e+04
1.698472054717797830e+00 8.355676757812500000e+03
1.701906780814294695e+00 5.435331054687500000e+03
1.705341506910792004e+00 4.207134765625000000e+03
1.708776233007288869e+00 3.594569580078125000e+03
1.712210959103785957e+00 3.306893310546875000e+03
1.715645685200283044e+00 3.140788085937500000e+03
1.719080411296780131e+00 3.027096923828125000e+03
1.722515137393277218e+00 2.950194824218750000e+03
1.725949863489774083e+00 2.896549560546875000e+03
1.729384589586271170e+00 2.854835937500000000e+03
1.732819315682768480e+00 2.823588867187500000e+03
1.736254041779265345e+00 2.791459472656250000e+03
1.739688767875762432e+00 2.748273193359375000e+03
1.743123493972259519e+00 2.713768066406250000e+03
1.746558220068756606e+00 2.710843505859375000e+03
1.749992946165253693e+00 2.700875976562500000e+03
1.753427672261750558e+00 2.672462402343750000e+03
1.756862398358247868e+00 2.651152343750000000e+03
1.760297124454744955e+00 2.658996093750000000e+03
1.763731850551241820e+00 2.658629882812500000e+03
1.767166576647739129e+00 2.639074707031250000e+03
1.770601302744235994e+00 2.610381347656250000e+03
1.774036028840733081e+00 2.598277587890625000e+03
1.777470754937230168e+00 2.597568847656250000e+03
1.780905481033727256e+00 2.583297119140625000e+03
1.784340207130224343e+00 2.561668701171875000e+03
1.787774933226721208e+00 2.533246093750000000e+03
1.791209659323218295e+00 2.539452392578125000e+03
1.794644385419715160e+00 2.545712158203125000e+03
1.798079111516212247e+00 2.545265380859375000e+03
1.801513837612709557e+00 2.535664550781250000e+03
1.804948563709206422e+00 2.524069824218750000e+03
1.808383289805703509e+00 2.522187744140625000e+03
1.811818015902200818e+00 2.504269042968750000e+03
1.815252741998697461e+00 2.472095214843750000e+03
1.818687468095194770e+00 2.457431152343750000e+03
1.822122194191692079e+00 2.462350585937500000e+03
1.825556920288188723e+00 2.472020996093750000e+03
1.828991646384686032e+00 2.463663574218750000e+03
1.832426372481182897e+00 2.457167480468750000e+03
1.835861098577679984e+00 2.452484619140625000e+03
1.839295824674177293e+00 2.442595947265625000e+03
1.842730550770673936e+00 2.427713134765625000e+03
1.846165276867171245e+00 2.407245605468750000e+03
1.849600002963668333e+00 2.400270996093750000e+03
1.853034729060165198e+00 2.398045898437500000e+03
1.856469455156662507e+00 2.391965087890625000e+03
1.859904181253159594e+00 2.382773193359375000e+03
1.863338907349656459e+00 2.379359130859375000e+03
1.866773633446153768e+00 2.365855957031250000e+03
1.870208359542650411e+00 2.344453369140625000e+03
1.873643085639147721e+00 2.331576904296875000e+03
1.877077811735644808e+00 2.334322021484375000e+03
1.880512537832141673e+00 2.344142089843750000e+03
1.883947263928638982e+00 2.341374511718750000e+03
1.887381990025136069e+00 2.346563720703125000e+03
1.890816716121632934e+00 2.341610107421875000e+03
1.894251442218130022e+00 2.327167968750000000e+03
1.897686168314627331e+00 2.309807617187500000e+03
1.901120894411124196e+00 2.301824218750000000e+03
1.904555620507621283e+00 2.303380615234375000e+03
1.907990346604118592e+00 2.290398437500000000e+03
1.911425072700615457e+00 2.286399414062500000e+03
1.914859798797112544e+00 2.281386718750000000e+03
1.918294524893609410e+00 2.283686767578125000e+03
1.921729250990106497e+00 2.277297119140625000e+03
1.925163977086603806e+00 2.273003906250000000e+03
1.928598703183100671e+00 2.267099365234375000e+03
1.932033429279597758e+00 2.266005371093750000e+03
1.935468155376095067e+00 2.271041992187500000e+03
1.938902881472591710e+00 2.280727050781250000e+03
1.942337607569089020e+00 2.283680419921875000e+03
1.945772333665586329e+00 2.272518066406250000e+03
1.949207059762082972e+00 2.257346923828125000e+03
1.952641785858580281e+00 2.262091552734375000e+03
1.956076511955077368e+00 2.268070800781250000e+03
1.959511238051574233e+00 2.268473388671875000e+03
1.962945964148071543e+00 2.253987792968750000e+03
1.966380690244568186e+00 2.242637695312500000e+03
1.969815416341065495e+00 2.233816894531250000e+03
1.973250142437562582e+00 2.234878906250000000e+03
1.976684868534059447e+00 2.225064941406250000e+03
1.980119594630556756e+00 2.224906250000000000e+03
1.983554320727053843e+00 2.222706054687500000e+03
1.986989046823550709e+00 2.238574218750000000e+03
1.990423772920048018e+00 2.234132812500000000e+03
1.993858499016545105e+00 2.225903076171875000e+03
1.997293225113041970e+00 2.212780273437500000e+03
2.000727951209539057e+00 2.201037353515625000e+03
2.004162677306036144e+00 2.195566406250000000e+03
2.007597403402533232e+00 2.195857421875000000e+03
2.011032129499030319e+00 2.207323242187500000e+03
2.014466855595526962e+00 2.208536132812500000e+03
2.017901581692024493e+00 2.192819824218750000e+03
2.021336307788521580e+00 2.180011718750000000e+03
2.024771033885018223e+00 2.180798339843750000e+03
2.028205759981515754e+00 2.198017333984375000e+03
2.031640486078012842e+00 2.207051757812500000e+03
2.035075212174509485e+00 2.196624023437500000e+03
2.038509938271007016e+00 2.186803710937500000e+03
2.041944664367504103e+00 2.179076904296875000e+03
2.045379390464000746e+00 2.176468017578125000e+03
2.048814116560497833e+00 2.170205810546875000e+03
2.052248842656994920e+00 2.175553222656250000e+03
2.055683568753492008e+00 2.176159667968750000e+03
2.059118294849989095e+00 2.168845703125000000e+03
2.062553020946486182e+00 2.161573486328125000e+03
2.065987747042983269e+00 2.162087646484375000e+03
2.069422473139480356e+00 2.159562744140625000e+03
2.072857199235977443e+00 2.148780029296875000e+03
2.076291925332474531e+00 2.144275878906250000e+03
2.079726651428971618e+00 2.142521240234375000e+03
2.083161377525468705e+00 2.149687255859375000e+03
2.086596103621965792e+00 2.141859619140625000e+03
2.090030829718462879e+00 2.121881347656250000e+03
2.093465555814959522e+00 2.111769531250000000e+03
2.096900281911457053e+00 2.105212402343750000e+03
2.100335008007953697e+00 2.107832763671875000e+03
2.103769734104450784e+00 2.103813476562500000e+03
2.107204460200948315e+00 2.099220947265625000e+03
2.110639186297444958e+00 2.100032958984375000e+03
2.114073912393942045e+00 2.104748779296875000e+03
2.117508638490439576e+00 2.103131347656250000e+03
2.120943364586936219e+00 2.103455322265625000e+03
2.124378090683433307e+00 2.102397216796875000e+03
2.127812816779930394e+00 2.104905761718750000e+03
2.131247542876427481e+00 2.097002197265625000e+03
2.134682268972924568e+00 2.096987060546875000e+03
2.138116995069421211e+00 2.099322998046875000e+03
2.141551721165918742e+00 2.109770263671875000e+03
2.144986447262415830e+00 2.108248779296875000e+03
2.148421173358912473e+00 2.096603515625000000e+03
2.151855899455410004e+00 2.086074951171875000e+03
2.155290625551907091e+00 2.083032714843750000e+03
2.158725351648403734e+00 2.072824951171875000e+03
2.162160077744901265e+00 2.059997314453125000e+03
2.165594803841398353e+00 2.054840820312500000e+03
2.169029529937894996e+00 2.064493408203125000e+03
2.172464256034392083e+00 2.059751220703125000e+03
2.175898982130889614e+00 2.063289062500000000e+03
2.179333708227386257e+00 2.065285400390625000e+03
2.182768434323883344e+00 2.076692871093750000e+03
2.186203160420380431e+00 2.081155029296875000e+03
2.189637886516877519e+00 2.083775634765625000e+03
2.193072612613374606e+00 2.081824951171875000e+03
2.196507338709871693e+00 2.087605957031250000e+03
2.199942064806368780e+00 2.089458007812500000e+03
2.203376790902865867e+00 2.097383300781250000e+03
2.206811516999362954e+00 2.103940917968750000e+03
2.210246243095860041e+00 2.105927978515625000e+03
2.213680969192357129e+00 2.097171875000000000e+03
2.217115695288853772e+00 2.077302978515625000e+03
2.220550421385351303e+00 2.068462158203125000e+03
2.223985147481847946e+00 2.064047119140625000e+03
2.227419873578345033e+00 2.062364257812500000e+03
2.230854599674842564e+00 2.068522216796875000e+03
2.234289325771339207e+00 2.070788330078125000e+03
2.237724051867836295e+00 2.070902099609375000e+03
2.241158777964333826e+00 2.066266113281250000e+03
2.244593504060830469e+00 2.070637207031250000e+03
2.248028230157327556e+00 2.067553466796875000e+03
2.251462956253824643e+00 2.070355224609375000e+03
2.254897682350321730e+00 2.071736328125000000e+03
2.258332408446818818e+00 2.082781738281250000e+03
2.261767134543315905e+00 2.086321533203125000e+03
2.265201860639812992e+00 2.096099365234375000e+03
2.268636586736310079e+00 2.111983886718750000e+03
2.272071312832806722e+00 2.124498291015625000e+03
2.275506038929304253e+00 2.137007812500000000e+03
2.278940765025801340e+00 2.145012451171875000e+03
2.282375491122297984e+00 2.154055175781250000e+03
2.285810217218795515e+00 2.153801513671875000e+03
2.289244943315292602e+00 2.158620361328125000e+03
2.292679669411789245e+00 2.182337402343750000e+03
2.296114395508286332e+00 2.205382812500000000e+03
2.299549121604783863e+00 2.228134277343750000e+03
2.302983847701280506e+00 2.250718505859375000e+03
2.306418573797777594e+00 2.275451904296875000e+03
2.309853299894274681e+00 2.308930419921875000e+03
2.313288025990771768e+00 2.340627929687500000e+03
2.316722752087268855e+00 2.364028320312500000e+03
2.320157478183765942e+00 2.378524902343750000e+03
2.323592204280263029e+00 2.405076416015625000e+03
2.327026930376760117e+00 2.452653076171875000e+03
2.330461656473257204e+00 2.521919677734375000e+03
2.333896382569754291e+00 2.594642822265625000e+03
2.337331108666251378e+00 2.668254638671875000e+03
2.340765834762748021e+00 2.753139892578125000e+03
2.344200560859245552e+00 2.881434814453125000e+03
2.347635286955742639e+00 3.096059570312500000e+03
2.351070013052239283e+00 3.431721435546875000e+03
2.354504739148736814e+00 4.019014892578125000e+03
2.357939465245233457e+00 5.204864257812500000e+03
2.361374191341730544e+00 7.898907714843750000e+03
2.364808917438227631e+00 1.482207226562500000e+04
2.368243643534724718e+00 2.802093750000000000e+04
2.371678369631221805e+00 4.875633593750000000e+04
2.375113095727718893e+00 6.960303125000000000e+04
2.378547821824215980e+00 7.988733593750000000e+04
2.381982547920713067e+00 8.171200781250000000e+04
2.385417274017210154e+00 7.103814843750000000e+04
2.388852000113707241e+00 5.374376562500000000e+04
2.392286726210204328e+00 3.206881835937500000e+04
2.395721452306701416e+00 1.787127148437500000e+04
2.399156178403198503e+00 9.508812500000000000e+03
2.402590904499695590e+00 5.919283203125000000e+03
2.406025630596192233e+00 4.344737792968750000e+03
2.409460356692689320e+00 3.559523681640625000e+03
2.412895082789186851e+00 3.139287353515625000e+03
2.416329808885683494e+00 2.894503173828125000e+03
2.419764534982180582e+00 2.744192626953125000e+03
2.423199261078678113e+00 2.637491699218750000e+03
2.426633987175174756e+00 2.545732177734375000e+03
2.430068713271671843e+00 2.448210449218750000e+03
2.433503439368169374e+00 2.366561767578125000e+03
2.436938165464666017e+00 2.300216552734375000e+03
2.440372891561163105e+00 2.264496337890625000e+03
2.443807617657660192e+00 2.226804687500000000e+03
2.447242343754157279e+00 2.194471435546875000e+03
2.450677069850654366e+00 2.151499755859375000e+03
2.454111795947151009e+00 2.131265380859375000e+03
2.457546522043648540e+00 2.098629638671875000e+03
2.460981248140145627e+00 2.071595458984375000e+03
2.464415974236642271e+00 2.038144775390625000e+03
2.467850700333139802e+00 2.005884277343750000e+03
2.471285426429636889e+00 1.983401245117187500e+03
2.474720152526133532e+00 1.960049072265625000e+03
2.478154878622631063e+00 1.943371948242187500e+03
2.481589604719128150e+00 1.922728515625000000e+03
2.485024330815624793e+00 1.908983154296875000e+03
2.488459056912121881e+00 1.895237060546875000e+03
2.491893783008618968e+00 1.886231323242187500e+03
2.495328509105116055e+00 1.878780883789062500e+03
2.498763235201613142e+00 1.857384765625000000e+03
2.502197961298110229e+00 1.831943115234375000e+03
2.505632687394607316e+00 1.811735351562500000e+03
2.509067413491104404e+00 1.814245117187500000e+03
2.512502139587601491e+00 1.823041992187500000e+03
2.515936865684098578e+00 1.831773681640625000e+03
2.519371591780595665e+00 1.820300903320312500e+03
2.522806317877092752e+00 1.800829467773437500e+03
2.526241043973589839e+00 1.782921875000000000e+03
2.529675770070086926e+00 1.765561645507812500e+03
2.533110496166583570e+00 1.754910766601562500e+03
2.536545222263081101e+00 1.745142700195312500e+03
2.539979948359577744e+00 1.734705566406250000e+03
2.543414674456074831e+00 1.726589843750000000e+03
2.546849400552572362e+00 1.721991455078125000e+03
2.550284126649069005e+00 1.717019287109375000e+03
2.553718852745566092e+00 1.705426391601562500e+03
2.557153578842063624e+00 1.697845336914062500e+03
2.560588304938560267e+00 1.690788330078125000e+03
2.564023031035057354e+00 1.686184326171875000e+03
2.567457757131554441e+00 1.679471557617187500e+03
2.570892483228051528e+00 1.674118774414062500e+03
2.574327209324548615e+00 1.672079467773437500e+03
2.577761935421045258e+00 1.679001098632812500e+03
2.581196661517542790e+00 1.681387084960937500e+03
2.584631387614039877e+00 1.668700805664062500e+03
2.588066113710536520e+00 1.650897216796875000e+03
2.591500839807034051e+00 1.651814575195312500e+03
2.594935565903531138e+00 1.658912841796875000e+03
2.598370292000027781e+00 1.651132202148437500e+03
2.601805018096525313e+00 1.635170043945312500e+03
2.605239744193022400e+00 1.626354736328125000e+03
2.608674470289519043e+00 1.624619750976562500e+03
2.612109196386016130e+00 1.619803833007812500e+03
2.615543922482513661e+00 1.621149291992187500e+03
2.618978648579010304e+00 1.626986816406250000e+03
2.622413374675507391e+00 1.619092163085937500e+03
2.625848100772004479e+00 1.612253051757812500e+03
2.629282826868501566e+00 1.604600341796875000e+03
2.632717552964998653e+00 1.603052368164062500e+03
2.636152279061495740e+00 1.597087036132812500e+03
2.639587005157992827e+00 1.599300659179687500e+03
2.643021731254489914e+00 1.594551269531250000e+03
2.646456457350987002e+00 1.575908325195312500e+03
2.649891183447484089e+00 1.568121215820312500e+03
2.653325909543981176e+00 1.561569702148437500e+03
2.656760635640477819e+00 1.564509277343750000e+03
2.660195361736975350e+00 1.553996704101562500e+03
2.663630087833471993e+00 1.562585205078125000e+03
2.667064813929969080e+00 1.560376342773437500e+03
2.670499540026466612e+00 1.553525634765625000e+03
2.673934266122963255e+00 1.547082519531250000e+03
2.677368992219460342e+00 1.552875610351562500e+03
2.680803718315957873e+00 1.560304809570312500e+03
2.684238444412454516e+00 1.562094970703125000e+03
2.687673170508951603e+00 1.564627807617187500e+03
2.691107896605448691e+00 1.564675781250000000e+03
2.694542622701945778e+00 1.554859863281250000e+03
2.697977348798442865e+00 1.530149536132812500e+03
2.701412074894939952e+00 1.515560424804687500e+03
2.704846800991437039e+00 1.512485351562500000e+03
2.708281527087934126e+00 1.518684692382812500e+03
2.711716253184430769e+00 1.522776611328125000e+03
2.715150979280928301e+00 1.523103271484375000e+03
2.718585705377425388e+00 1.529141845703125000e+03
2.722020431473922031e+00 1.527462524414062500e+03
2.725455157570419562e+00 1.525047607421875000e+03
2.728889883666916649e+00 1.519116699218750000e+03
2.732324609763413292e+00 1.512887695312500000e+03
2.735759335859910379e+00 1.500093872070312500e+03
2.739194061956407911e+00 1.489362548828125000e+03
2.742628788052904554e+00 1.489701660156250000e+03
2.746063514149401641e+00 1.485134033203125000e+03
2.749498240245898728e+00 1.485359619140625000e+03
2.752932966342395815e+00 1.487220214843750000e+03
2.756367692438892902e+00 1.494206542968750000e+03
2.759802418535389990e+00 1.494580688476562500e+03
2.763237144631887077e+00 1.494214233398437500e+03
2.766671870728384164e+00 1.485733520507812500e+03
2.770106596824881251e+00 1.485835693359375000e+03
2.773541322921378338e+00 1.493664672851562500e+03
2.776976049017875425e+00 1.497933593750000000e+03
2.780410775114372068e+00 1.494434692382812500e+03
2.783845501210869600e+00 1.486132812500000000e+03
2.787280227307366687e+00 1.485659667968750000e+03
2.790714953403863330e+00 1.487474365234375000e+03
2.794149679500360861e+00 1.490938110351562500e+03
2.797584405596857504e+00 1.501872558593750000e+03
2.801019131693354591e+00 1.507469726562500000e+03
2.804453857789852123e+00 1.508248779296875000e+03
2.807888583886348766e+00 1.494450561523437500e+03
2.811323309982845853e+00 1.495397216796875000e+03
2.814758036079342940e+00 1.505806152343750000e+03
2.818192762175840027e+00 1.515536865234375000e+03
2.821627488272337114e+00 1.511759887695312500e+03
2.825062214368834201e+00 1.514916870117187500e+03
2.828496940465331289e+00 1.516062988281250000e+03
2.831931666561828376e+00 1.530022460937500000e+03
2.835366392658325463e+00 1.545403076171875000e+03
2.838801118754822550e+00 1.558082031250000000e+03
2.842235844851319637e+00 1.562261840820312500e+03
2.845670570947816280e+00 1.573878295898437500e+03
2.849105297044313811e+00 1.589906616210937500e+03
2.852540023140810899e+00 1.590885131835937500e+03
2.855974749237307542e+00 1.592782470703125000e+03
2.859409475333804629e+00 1.596687744140625000e+03
2.862844201430302160e+00 1.613144165039062500e+03
2.866278927526798803e+00 1.628532226562500000e+03
2.869713653623295890e+00 1.655938110351562500e+03
2.873148379719793422e+00 1.685588134765625000e+03
2.876583105816290065e+00 1.729449829101562500e+03
2.880017831912787152e+00 1.787953002929687500e+03
2.883452558009284239e+00 1.860684570312500000e+03
2.886887284105781326e+00 1.961300659179687500e+03
2.890322010202278413e+00 2.137453613281250000e+03
2.893756736298775500e+00 2.496176757812500000e+03
2.897191462395272588e+00 3.250901367187500000e+03
2.900626188491769675e+00 4.988377441406250000e+03
2.904060914588266318e+00 8.640190429687500000e+03
2.907495640684763849e+00 1.510474414062500000e+04
2.910930366781260936e+00 2.452597265625000000e+04
2.914365092877757579e+00 3.170832617187500000e+04
2.917799818974255111e+00 3.484800000000000000e+04
2.921234545070752198e+00 3.158772070312500000e+04
2.924669271167248841e+00 2.632283789062500000e+04
2.928103997263746372e+00 1.763746875000000000e+04
2.931538723360243015e+00 1.040280761718750000e+04
2.934973449456740102e+00 5.565071777343750000e+03
2.938408175553237189e+00 3.592538330078125000e+03
2.941842901649734277e+00 2.641214843750000000e+03
2.945277627746231364e+00 2.211471679687500000e+03
2.948712353842728451e+00 1.995558227539062500e+03
2.952147079939225538e+00 1.867055664062500000e+03
2.955581806035722625e+00 1.777801513671875000e+03
2.959016532132219712e+00 1.715513916015625000e+03
2.962451258228716799e+00 1.670553955078125000e+03
2.965885984325213887e+00 1.628270629882812500e+03
2.969320710421710974e+00 1.603539794921875000e+03
2.972755436518208061e+00 1.576456787109375000e+03
2.976190162614705148e+00 1.563094604492187500e+03
2.979624888711201791e+00 1.544510742187500000e+03
2.983059614807698878e+00 1.528472778320312500e+03
2.986494340904196410e+00 1.502257934570312500e+03
2.989929067000693053e+00 1.486965332031250000e+03
2.993363793097190140e+00 1.469001220703125000e+03
2.996798519193687671e+00 1.460927734375000000e+03
3.000233245290184314e+00 1.444971313476562500e+03
3.003667971386681401e+00 1.441932006835937500e+03
3.007102697483178932e+00 1.430390380859375000e+03
3.010537423579675576e+00 1.407876342773437500e+03
3.013972149676172663e+00 1.392099365234375000e+03
3.017406875772669750e+00 1.376722167968750000e+03
3.020841601869166837e+00 1.373216186523437500e+03
3.024276327965663924e+00 1.364313232421875000e+03
3.027711054062160567e+00 1.363553710937500000e+03
3.031145780158658098e+00 1.360694824218750000e+03
3.034580506255155186e+00 1.352448242187500000e+03
3.038015232351651829e+00 1.340295043945312500e+03
3.041449958448149360e+00 1.328070922851562500e+03
3.044884684544646447e+00 1.321827392578125000e+03
3.048319410641143090e+00 1.314770141601562500e+03
3.051754136737640177e+00 1.309145507812500000e+03
3.055188862834137709e+00 1.307899658203125000e+03
3.058623588930634352e+00 1.310908813476562500e+03
3.062058315027131439e+00 1.312392211914062500e+03
3.065493041123628526e+00 1.310318847656250000e+03
3.068927767220125613e+00 1.314717529296875000e+03
3.072362493316622700e+00 1.315009155273437500e+03
3.075797219413119787e+00 1.312714355468750000e+03
3.079231945509616875e+00 1.301656738281250000e+03
3.082666671606113962e+00 1.288885986328125000e+03
3.086101397702611049e+00 1.284460571289062500e+03
3.089536123799108136e+00 1.275710693359375000e+03
3.092970849895605223e+00 1.275987792968750000e+03
3.096405575992101866e+00 1.277749755859375000e+03
3.099840302088599397e+00 1.282785034179687500e+03
3.103275028185096041e+00 1.288179565429687500e+03
3.106709754281593128e+00 1.285598999023437500e+03
3.110144480378090659e+00 1.291766967773437500e+03
3.113579206474587302e+00 1.301604370117187500e+03
3.117013932571084389e+00 1.327381347656250000e+03
3.120448658667581920e+00 1.331792358398437500e+03
3.123883384764078563e+00 1.332024902343750000e+03
3.127318110860575651e+00 1.316565551757812500e+03
3.130752836957072738e+00 1.308930786132812500e+03
3.134187563053569825e+00 1.294602050781250000e+03
3.137622289150066912e+00 1.275293945312500000e+03
3.141057015246563999e+00 1.256765502929687500e+03
3.144491741343061086e+00 1.243922485351562500e+03
3.147926467439558174e+00 1.236472412109375000e+03
3.151361193536054817e+00 1.242377075195312500e+03
3.154795919632552348e+00 1.238889160156250000e+03
3.158230645729049435e+00 1.236387207031250000e+03
3.161665371825546078e+00 1.236341918945312500e+03
3.165100097922043609e+00 1.241995117187500000e+03
3.168534824018540696e+00 1.244201416015625000e+03
3.171969550115037340e+00 1.241413574218750000e+03
3.175404276211534427e+00 1.239423583984375000e+03
3.178839002308031958e+00 1.237401123046875000e+03
3.182273728404528601e+00 1.230892089843750000e+03
3.185708454501025688e+00 1.223607421875000000e+03
3.189143180597522775e+00 1.213386840820312500e+03
3.192577906694019862e+00 1.214880981445312500e+03
3.196012632790516950e+00 1.219910522460937500e+03
3.199447358887014037e+00 1.214001586914062500e+03
3.202882084983511124e+00 1.207271972656250000e+03
3.206316811080008211e+00 1.202176757812500000e+03
3.209751537176505298e+00 1.203323852539062500e+03
3.213186263273002385e+00 1.203833496093750000e+03
3.216620989369499473e+00 1.206207031250000000e+03
3.220055715465996116e+00 1.204710449218750000e+03
3.223490441562493647e+00 1.201169433593750000e+03
3.226925167658990734e+00 1.201027099609375000e+03
3.230359893755487377e+00 1.208488403320312500e+03
3.233794619851984908e+00 1.214034912109375000e+03
3.237229345948481551e+00 1.215716918945312500e+03
3.240664072044978639e+00 1.205064697265625000e+03
3.244098798141476170e+00 1.201609008789062500e+03
3.247533524237972813e+00 1.201819580078125000e+03
3.250968250334469900e+00 1.202699340820312500e+03
3.254402976430966987e+00 1.204161010742187500e+03
3.257837702527464074e+00 1.213926147460937500e+03
3.261272428623961162e+00 1.218163330078125000e+03
3.264707154720458249e+00 1.223735961914062500e+03
3.268141880816955336e+00 1.221030151367187500e+03
3.271576606913452423e+00 1.215023559570312500e+03
3.275011333009949510e+00 1.209834106445312500e+03
3.278446059106446597e+00 1.207480468750000000e+03
3.281880785202943684e+00 1.214162109375000000e+03
3.285315511299440328e+00 1.222435668945312500e+03
3.288750237395937859e+00 1.233324218750000000e+03
3.292184963492434946e+00 1.239898193359375000e+03
3.295619689588931589e+00 1.237955444335937500e+03
3.299054415685428676e+00 1.235024169921875000e+03
3.302489141781926207e+00 1.228096313476562500e+03
3.305923867878422850e+00 1.238213256835937500e+03
3.309358593974919938e+00 1.249797973632812500e+03
3.312793320071417469e+00 1.257947021484375000e+03
3.316228046167914112e+00 1.261473632812500000e+03
3.319662772264411199e+00 1.269947631835937500e+03
3.323097498360908286e+00 1.282933837890625000e+03
3.326532224457405373e+00 1.299290283203125000e+03
3.329966950553902461e+00 1.322775756835937500e+03
3.333401676650399548e+00 1.356652587890625000e+03
3.336836402746896635e+00 1.405307250976562500e+03
3.340271128843393722e+00 1.480362670898437500e+03
3.343705854939890365e+00 1.610630493164062500e+03
3.347140581036387896e+00 1.905727539062500000e+03
3.350575307132884983e+00 2.573679199218750000e+03
3.354010033229381627e+00 4.160372558593750000e+03
3.357444759325879158e+00 7.406700683593750000e+03
3.360879485422376245e+00 1.141638867187500000e+04
3.364314211518872888e+00 1.536473730468750000e+04
3.367748937615370419e+00 1.689410937500000000e+04
3.371183663711867062e+00 1.617286328125000000e+04
3.374618389808364149e+00 1.406944726562500000e+04
3.378053115904861237e+00 1.076841406250000000e+04
3.381487842001358324e+00 7.161477539062500000e+03
3.384922568097855411e+00 4.180110839843750000e+03
3.388357294194352498e+00 2.633002929687500000e+03
3.391792020290849585e+00 1.938092285156250000e+03
3.395226746387346672e+00 1.637526855468750000e+03
3.398661472483843760e+00 1.497807495117187500e+03
3.402096198580340847e+00 1.417827026367187500e+03
3.405530924676837934e+00 1.378125976562500000e+03
3.408965650773335021e+00 1.346260986328125000e+03
3.412400376869832108e+00 1.324817993164062500e+03
3.415835102966329195e+00 1.291856567382812500e+03
3.419269829062825838e+00 1.278934204101562500e+03
3.422704555159322926e+00 1.273657470703125000e+03
3.426139281255820457e+00 1.265936279296875000e+03
3.429574007352317100e+00 1.245581054687500000e+03
3.433008733448814187e+00 1.229314819335937500e+03
3.436443459545311718e+00 1.220943603515625000e+03
3.439878185641808361e+00 1.216958618164062500e+03
3.443312911738305448e+00 1.206946411132812500e+03
3.446747637834802980e+00 1.198232788085937500e+03
3.450182363931299623e+00 1.184842285156250000e+03
3.453617090027796710e+00 1.172903930664062500e+03
3.457051816124293797e+00 1.172239379882812500e+03
3.460486542220790884e+00 1.178229614257812500e+03
3.463921268317287971e+00 1.167815185546875000e+03
3.467355994413784614e+00 1.153961791992187500e+03
3.470790720510282146e+00 1.135637084960937500e+03
3.474225446606779233e+00 1.141297607421875000e+03
3.477660172703275876e+00 1.144576660156250000e+03
3.481094898799773407e+00 1.153996337890625000e+03
3.484529624896270494e+00 1.151420654296875000e+03
3.487964350992767137e+00 1.143001586914062500e+03
3.491399077089264669e+00 1.136229858398437500e+03
3.494833803185761756e+00 1.134882812500000000e+03
3.498268529282258399e+00 1.136234497070312500e+03
3.501703255378755486e+00 1.131235839843750000e+03
3.505137981475252573e+00 1.129071655273437500e+03
3.508572707571749660e+00 1.124118408203125000e+03
3.512007433668246748e+00 1.118928344726562500e+03
3.515442159764743835e+00 1.120540161132812500e+03
3.518876885861240922e+00 1.129304565429687500e+03
3.522311611957738009e+00 1.126705810546875000e+03
3.525746338054235096e+00 1.115611694335937500e+03
3.529181064150732183e+00 1.105205932617187500e+03
3.532615790247229270e+00 1.102704467773437500e+03
3.536050516343726358e+00 1.104358642578125000e+03
3.539485242440223445e+00 1.109593750000000000e+03
3.542919968536720088e+00 1.103739013671875000e+03
3.546354694633217175e+00 1.103776367187500000e+03
3.549789420729714706e+00 1.107310302734375000e+03
3.553224146826211349e+00 1.107356323242187500e+03
3.556658872922708436e+00 1.094278808593750000e+03
3.560093599019205968e+00 1.087692504882812500e+03
3.563528325115702611e+00 1.098568847656250000e+03
3.566963051212199698e+00 1.114222290039062500e+03
3.570397777308697229e+00 1.117931762695312500e+03
3.573832503405193872e+00 1.111640136718750000e+03
3.577267229501690959e+00 1.104375366210937500e+03
3.580701955598188047e+00 1.103304565429687500e+03
3.584136681694685134e+00 1.109507690429687500e+03
3.587571407791181777e+00 1.107909912109375000e+03
3.591006133887679308e+00 1.109060546875000000e+03
3.594440859984176395e+00 1.103313476562500000e+03
3.597875586080673038e+00 1.108691284179687500e+03
3.601310312177170569e+00 1.103636352539062500e+03
3.604745038273667657e+00 1.108151977539062500e+03
3.608179764370164300e+00 1.105192504882812500e+03
3.611614490466661831e+00 1.109414306640625000e+03
3.615049216563158918e+00 1.106499633789062500e+03
3.618483942659655561e+00 1.107807983398437500e+03
3.621918668756153092e+00 1.104926635742187500e+03
3.625353394852649735e+00 1.108899047851562500e+03
3.628788120949146823e+00 1.113494628906250000e+03
3.632222847045644354e+00 1.119903808593750000e+03
3.635657573142140997e+00 1.124595703125000000e+03
3.639092299238638084e+00 1.128626464843750000e+03
3.642527025335135615e+00 1.133769409179687500e+03
3.645961751431632258e+00 1.140445556640625000e+03
3.649396477528129346e+00 1.139859375000000000e+03
3.652831203624625989e+00 1.138155639648437500e+03
3.656265929721123520e+00 1.139040283203125000e+03
3.659700655817620607e+00 1.144638793945312500e+03
3.663135381914117250e+00 1.142142822265625000e+03
3.666570108010614781e+00 1.142161499023437500e+03
3.670004834107111424e+00 1.143496337890625000e+03
3.673439560203608512e+00 1.154703369140625000e+03
3.676874286300106043e+00 1.165010498046875000e+03
3.680309012396602686e+00 1.183642456054687500e+03
3.683743738493099773e+00 1.198821166992187500e+03
3.687178464589597304e+00 1.213971801757812500e+03
3.690613190686093947e+00 1.224805664062500000e+03
3.694047916782591034e+00 1.232379394531250000e+03
3.697482642879088566e+00 1.241006591796875000e+03
3.700917368975585209e+00 1.247557983398437500e+03
3.704352095072082296e+00 1.258237792968750000e+03
3.707786821168579827e+00 1.275433105468750000e+03
3.711221547265076470e+00 1.301849853515625000e+03
3.714656273361573113e+00 1.331852661132812500e+03
3.718090999458071089e+00 1.362785034179687500e+03
3.721525725554567732e+00 1.395978637695312500e+03
3.724960451651064375e+00 1.438355590820312500e+03
3.728395177747561906e+00 1.498409912109375000e+03
3.731829903844058993e+00 1.571639282226562500e+03
3.735264629940555636e+00 1.677660034179687500e+03
3.738699356037052723e+00 1.859487426757812500e+03
3.742134082133550255e+00 2.220920898437500000e+03
3.745568808230046898e+00 2.960326904296875000e+03
3.749003534326543985e+00 4.626117675781250000e+03
3.752438260423041516e+00 8.475100585937500000e+03
3.755872986519538159e+00 1.564948437500000000e+04
3.759307712616034802e+00 2.644760937500000000e+04
3.762742438712532778e+00 3.634598046875000000e+04
3.766177164809029421e+00 4.201106640625000000e+04
3.769611890905526064e+00 4.062498828125000000e+04
3.773046617002023595e+00 3.336639062500000000e+04
3.776481343098520682e+00 2.266888867187500000e+04
3.779916069195017325e+00 1.322559472656250000e+04
3.783350795291514856e+00 7.100210449218750000e+03
3.786785521388011944e+00 4.041619628906250000e+03
3.790220247484508587e+00 2.755669921875000000e+03
3.793654973581006118e+00 2.144521972656250000e+03
3.797089699677503205e+00 1.843199218750000000e+03
3.800524425773999848e+00 1.664894653320312500e+03
3.803959151870497379e+00 1.550037963867187500e+03
3.807393877966994467e+00 1.480373291015625000e+03
3.810828604063491110e+00 1.432822875976562500e+03
3.814263330159988641e+00 1.390960571289062500e+03
3.817698056256485284e+00 1.355259277343750000e+03
3.821132782352982371e+00 1.321063354492187500e+03
3.824567508449479902e+00 1.301223876953125000e+03
3.828002234545976545e+00 1.277685913085937500e+03
3.831436960642473633e+00 1.254573120117187500e+03
3.834871686738970276e+00 1.231382080078125000e+03
3.838306412835467807e+00 1.215705322265625000e+03
3.841741138931964894e+00 1.207629516601562500e+03
3.845175865028461537e+00 1.191510498046875000e+03
3.848610591124959068e+00 1.174715087890625000e+03
3.852045317221456155e+00 1.159673583984375000e+03
3.855480043317952799e+00 1.150812011718750000e+03
3.858914769414450330e+00 1.144295288085937500e+03
3.862349495510946973e+00 1.135659423828125000e+03
3.865784221607444060e+00 1.120508544921875000e+03
3.869218947703941591e+00 1.105474121093750000e+03
3.872653673800438234e+00 1.095188110351562500e+03
3.876088399896935321e+00 1.082883422851562500e+03
3.879523125993432853e+00 1.074510131835937500e+03
3.882957852089929496e+00 1.072910644531250000e+03
3.886392578186426583e+00 1.072847167968750000e+03
3.889827304282924114e+00 1.064856445312500000e+03
3.893262030379420757e+00 1.057130981445312500e+03
3.896696756475917844e+00 1.050894653320312500e+03
3.900131482572415376e+00 1.044889038085937500e+03
3.903566208668912019e+00 1.043387939453125000e+03
3.907000934765408662e+00 1.040477539062500000e+03
3.910435660861906637e+00 1.037003417968750000e+03
3.913870386958403280e+00 1.039805175781250000e+03
3.917305113054899923e+00 1.042247802734375000e+03
3.920739839151397010e+00 1.036259643554687500e+03
3.924174565247894542e+00 1.023792663574218750e+03
3.927609291344391185e+00 1.020737182617187500e+03
3.931044017440888272e+00 1.020919555664062500e+03
3.934478743537385803e+00 1.020022216796875000e+03
3.937913469633882446e+00 1.019769958496093750e+03
3.941348195730379533e+00 1.016768859863281250e+03
3.944782921826877065e+00 1.016159484863281250e+03
3.948217647923373708e+00 1.012164794921875000e+03
3.951652374019870351e+00 1.008439331054687500e+03
3.955087100116368326e+00 1.000148193359375000e+03
3.958521826212864969e+00 9.991210327148437500e+02
3.961956552309361612e+00 1.005777832031250000e+03
3.965391278405859588e+00 1.011144775390625000e+03
3.968826004502356231e+00 1.005909729003906250e+03
3.972260730598852874e+00 9.995839843750000000e+02
3.975695456695350405e+00 9.938670654296875000e+02
3.979130182791847492e+00 9.925631713867187500e+02
3.982564908888344135e+00 9.976963500976562500e+02
3.985999634984841666e+00 1.001088867187500000e+03
3.989434361081338754e+00 1.000944763183593750e+03
3.992869087177835397e+00 1.003316101074218750e+03
3.996303813274332928e+00 1.010490234375000000e+03
3.999738539370830015e+00 1.006209594726562500e+03
4.003173265467326658e+00 1.004314025878906250e+03
4.006607991563823745e+00 1.009280456542968750e+03
4.010042717660320832e+00 1.018664184570312500e+03
4.013477443756817920e+00 1.019128295898437500e+03
4.016912169853315007e+00 1.016038208007812500e+03
4.020346895949812094e+00 1.015424987792968750e+03
4.023781622046309181e+00 1.022592041015625000e+03
4.027216348142806268e+00 1.026388549804687500e+03
4.030651074239303355e+00 1.031726196289062500e+03
4.034085800335800442e+00 1.037800415039062500e+03
4.037520526432297530e+00 1.043213623046875000e+03
4.040955252528794617e+00 1.048686645507812500e+03
4.044389978625291704e+00 1.048296997070312500e+03
4.047824704721788791e+00 1.058054687500000000e+03
4.051259430818285878e+00 1.071623657226562500e+03
4.054694156914782965e+00 1.079926025390625000e+03
4.058128883011279164e+00 1.077613891601562500e+03
4.061563609107777140e+00 1.075579345703125000e+03
4.064998335204274227e+00 1.073758789062500000e+03
4.068433061300770426e+00 1.077304931640625000e+03
4.071867787397268401e+00 1.096095825195312500e+03
4.075302513493765488e+00 1.116198608398437500e+03
4.078737239590261687e+00 1.128744506835937500e+03
4.082171965686759663e+00 1.144727661132812500e+03
4.085606691783256750e+00 1.183630493164062500e+03
4.089041417879752949e+00 1.225261352539062500e+03
4.092476143976250036e+00 1.272568481445312500e+03
4.095910870072748011e+00 1.342812866210937500e+03
4.099345596169244210e+00 1.469947753906250000e+03
4.102780322265741297e+00 1.703961791992187500e+03
4.106215048362239273e+00 2.194308593750000000e+03
4.109649774458735472e+00 3.363150878906250000e+03
4.113084500555232559e+00 5.661954589843750000e+03
4.116519226651730534e+00 1.084522753906250000e+04
4.119953952748226733e+00 1.663642773437500000e+04
4.123388678844723820e+00 2.240718945312500000e+04
4.126823404941220907e+00 2.454096679687500000e+04
4.130258131037717995e+00 2.386619140625000000e+04
4.133692857134215082e+00 2.003634375000000000e+04
4.137127583230712169e+00 1.414404003906250000e+04
4.140562309327209256e+00 8.740249023437500000e+03
4.143997035423706343e+00 4.632875488281250000e+03
4.147431761520203430e+00 2.845051269531250000e+03
4.150866487616700518e+00 1.971802612304687500e+03
4.154301213713197605e+00 1.609463012695312500e+03
4.157735939809694692e+00 1.428876708984375000e+03
4.161170665906191779e+00 1.321453613281250000e+03
4.164605392002688866e+00 1.264377929687500000e+03
4.168040118099185953e+00 1.222571166992187500e+03
4.171474844195683040e+00 1.191537109375000000e+03
4.174909570292180128e+00 1.163397094726562500e+03
4.178344296388677215e+00 1.140151855468750000e+03
4.181779022485174302e+00 1.120487060546875000e+03
4.185213748581671389e+00 1.102339477539062500e+03
4.188648474678167588e+00 1.086281005859375000e+03
4.192083200774665563e+00 1.082050048828125000e+03
4.195517926871162651e+00 1.072243286132812500e+03
4.198952652967658850e+00 1.067330200195312500e+03
4.202387379064156825e+00 1.050144531250000000e+03
4.205822105160653912e+00 1.027005371093750000e+03
4.209256831257150111e+00 1.013002380371093750e+03
4.212691557353648086e+00 1.007352966308593750e+03
4.216126283450144285e+00 1.006468688964843750e+03
4.219561009546641372e+00 1.000002624511718750e+03
4.222995735643139348e+00 9.862871704101562500e+02
4.226430461739635547e+00 9.804321289062500000e+02
4.229865187836132634e+00 9.730048828125000000e+02
4.233299913932630609e+00 9.716018066406250000e+02
4.236734640029126808e+00 9.727994995117187500e+02
4.240169366125623895e+00 9.642316284179687500e+02
4.243604092222121871e+00 9.537058715820312500e+02
4.247038818318618070e+00 9.460442504882812500e+02
4.250473544415115157e+00 9.463706665039062500e+02
4.253908270511613132e+00 9.454656982421875000e+02
4.257342996608109331e+00 9.402442626953125000e+02
4.260777722704606418e+00 9.370485229492187500e+02
4.264212448801104394e+00 9.303931884765625000e+02
4.267647174897600593e+00 9.209885253906250000e+02
4.271081900994097680e+00 9.196303100585937500e+02
4.274516627090594767e+00 9.209707641601562500e+02
4.277951353187091854e+00 9.171168823242187500e+02
4.281386079283588941e+00 9.063594360351562500e+02
4.284820805380086028e+00 9.080576171875000000e+02
4.288255531476583116e+00 9.115310058593750000e+02
4.291690257573080203e+00 9.158275146484375000e+02
4.295124983669576402e+00 9.171695556640625000e+02
4.298559709766074377e+00 9.179120483398437500e+02
4.301994435862571464e+00 9.137232055664062500e+02
4.305429161959067663e+00 9.071608276367187500e+02
4.308863888055565639e+00 9.072000732421875000e+02
4.312298614152062726e+00 9.122727661132812500e+02
4.315733340248558925e+00 9.065961914062500000e+02
4.319168066345056900e+00 9.001665039062500000e+02
4.322602792441553987e+00 8.999486083984375000e+02
4.326037518538050186e+00 9.007877807617187500e+02
4.329472244634548161e+00 8.980538940429687500e+02
4.332906970731045249e+00 8.917094116210937500e+02
4.336341696827541448e+00 8.918063964843750000e+02
4.339776422924039423e+00 8.901925048828125000e+02
4.343211149020536510e+00 8.868004760742187500e+02
4.346645875117032709e+00 8.859639892578125000e+02
4.350080601213530684e+00 8.867289428710937500e+02
4.353515327310027772e+00 8.825052490234375000e+02
4.356950053406523971e+00 8.808991088867187500e+02
4.360384779503021058e+00 8.804262084960937500e+02
4.363819505599518145e+00 8.774132080078125000e+02
4.367254231696015232e+00 8.791300659179687500e+02
4.370688957792512319e+00 8.804805908203125000e+02
4.374123683889009406e+00 8.824049072265625000e+02
4.377558409985506493e+00 8.831882934570312500e+02
4.380993136082003581e+00 8.841303100585937500e+02
4.384427862178500668e+00 8.783121337890625000e+02
4.387862588274997755e+00 8.755900878906250000e+02
4.391297314371494842e+00 8.716613159179687500e+02
4.394732040467991929e+00 8.779067382812500000e+02
4.398166766564489016e+00 8.732625122070312500e+02
4.401601492660986104e+00 8.747014160156250000e+02
4.405036218757483191e+00 8.770289916992187500e+02
4.408470944853980278e+00 8.843282470703125000e+02
4.411905670950477365e+00 8.862443237304687500e+02
4.415340397046974452e+00 8.856329345703125000e+02
4.418775123143471539e+00 8.901442260742187500e+02
4.422209849239968626e+00 8.883219604492187500e+02
4.425644575336465714e+00 8.859980468750000000e+02
4.429079301432962801e+00 8.782457885742187500e+02
4.432514027529459888e+00 8.792398071289062500e+02
4.435948753625956975e+00 8.848148803710937500e+02
4.439383479722454062e+00 8.967037353515625000e+02
4.442818205818951149e+00 8.915775756835937500e+02
4.446252931915447348e+00 8.870494995117187500e+02
4.449687658011945324e+00 8.789910278320312500e+02
4.453122384108441523e+00 8.815269775390625000e+02
4.456557110204938610e+00 8.697968750000000000e+02
4.459991836301436585e+00 8.642905883789062500e+02
4.463426562397932784e+00 8.611356811523437500e+02
4.466861288494429871e+00 8.697130737304687500e+02
4.470296014590927847e+00 8.749149780273437500e+02
4.473730740687424046e+00 8.822326660156250000e+02
4.477165466783921133e+00 8.850172729492187500e+02
4.480600192880419108e+00 8.771804809570312500e+02
4.484034918976915307e+00 8.660850219726562500e+02
4.487469645073412394e+00 8.565922241210937500e+02
4.490904371169910370e+00 8.611443481445312500e+02
4.494339097266406569e+00 8.655921630859375000e+02
4.497773823362903656e+00 8.695369262695312500e+02
4.501208549459401631e+00 8.690874633789062500e+02
4.504643275555897830e+00 8.664726562500000000e+02
4.508078001652394917e+00 8.643427124023437500e+02
4.511512727748892893e+00 8.622604980468750000e+02
4.514947453845389091e+00 8.662475585937500000e+02
4.518382179941886179e+00 8.660910034179687500e+02
4.521816906038383266e+00 8.661589965820312500e+02
4.525251632134880353e+00 8.636619873046875000e+02
4.528686358231377440e+00 8.634232177734375000e+02
4.532121084327874527e+00 8.652366943359375000e+02
4.535555810424371614e+00 8.612933349609375000e+02
4.538990536520868702e+00 8.587663574218750000e+02
4.542425262617364901e+00 8.543186645507812500e+02
4.545859988713862876e+00 8.547563476562500000e+02
4.549294714810359963e+00 8.584187622070312500e+02
4.552729440906856162e+00 8.635954589843750000e+02
4.556164167003354137e+00 8.633437500000000000e+02
4.559598893099851225e+00 8.637734375000000000e+02
4.563033619196347423e+00 8.644102783203125000e+02
4.566468345292845399e+00 8.699984130859375000e+02
4.569903071389342486e+00 8.715061645507812500e+02
4.573337797485838685e+00 8.735932617187500000e+02
4.576772523582336660e+00 8.644370727539062500e+02
4.580207249678833747e+00 8.656325683593750000e+02
4.583641975775329946e+00 8.600932617187500000e+02
4.587076701871827922e+00 8.592037963867187500e+02
4.590511427968325009e+00 8.547965087890625000e+02
4.593946154064821208e+00 8.595689086914062500e+02
4.597380880161319183e+00 8.580185546875000000e+02
4.600815606257816270e+00 8.621305541992187500e+02
4.604250332354312469e+00 8.643399047851562500e+02
4.607685058450810445e+00 8.721303100585937500e+02
4.611119784547306644e+00 8.733510742187500000e+02
4.614554510643803731e+00 8.749213256835937500e+02
4.617989236740300818e+00 8.666397705078125000e+02
4.621423962836797905e+00 8.606995239257812500e+02
4.624858688933294992e+00 8.613900146484375000e+02
4.628293415029792079e+00 8.599243164062500000e+02
4.631728141126289167e+00 8.595081176757812500e+02
4.635162867222786254e+00 8.592247314453125000e+02
4.638597593319283341e+00 8.657617797851562500e+02
4.642032319415780428e+00 8.739143066406250000e+02
4.645467045512277515e+00 8.770069580078125000e+02
4.648901771608774602e+00 8.803674926757812500e+02
4.652336497705271690e+00 8.746176757812500000e+02
4.655771223801768777e+00 8.727807006835937500e+02
4.659205949898265864e+00 8.745140991210937500e+02
4.662640675994762951e+00 8.739542236328125000e+02
4.666075402091260038e+00 8.723756103515625000e+02
4.669510128187757125e+00 8.693696899414062500e+02
4.672944854284254212e+00 8.667849121093750000e+02
4.676379580380751300e+00 8.649839477539062500e+02
4.679814306477248387e+00 8.642664184570312500e+02
4.683249032573745474e+00 8.701926269531250000e+02
4.686683758670242561e+00 8.786531982421875000e+02
4.690118484766739648e+00 8.851646118164062500e+02
4.693553210863236735e+00 8.872420654296875000e+02
4.696987936959733823e+00 8.907261352539062500e+02
4.700422663056230022e+00 8.926608276367187500e+02
4.703857389152727997e+00 8.976065063476562500e+02
4.707292115249225084e+00 9.052435302734375000e+02
4.710726841345721283e+00 9.194865112304687500e+02
4.714161567442218370e+00 9.264738769531250000e+02
4.717596293538716345e+00 9.317847900390625000e+02
4.721031019635212544e+00 9.283471069335937500e+02
4.724465745731709632e+00 9.391032104492187500e+02
4.727900471828207607e+00 9.564433593750000000e+02
4.731335197924703806e+00 9.773907470703125000e+02
4.734769924021200893e+00 1.005731872558593750e+03
4.738204650117698868e+00 1.048162719726562500e+03
4.741639376214195067e+00 1.124811889648437500e+03
4.745074102310692155e+00 1.270334106445312500e+03
4.748508828407190130e+00 1.596381225585937500e+03
4.751943554503686329e+00 2.340582519531250000e+03
4.755378280600183416e+00 3.775119140625000000e+03
4.758813006696681391e+00 6.013683105468750000e+03
4.762247732793177590e+00 8.516927734375000000e+03
4.765682458889674677e+00 9.721046875000000000e+03
4.769117184986171765e+00 9.195077148437500000e+03
4.772551911082668852e+00 7.170608886718750000e+03
4.775986637179165939e+00 5.033264648437500000e+03
4.779421363275663026e+00 3.141202392578125000e+03
4.782856089372160113e+00 2.028259643554687500e+03
4.786290815468657200e+00 1.468547973632812500e+03
4.789725541565154288e+00 1.216385131835937500e+03
4.793160267661651375e+00 1.103806030273437500e+03
4.796594993758148462e+00 1.041232543945312500e+03
4.800029719854644661e+00 9.995266113281250000e+02
4.803464445951142636e+00 9.764937133789062500e+02
4.806899172047639723e+00 9.667842407226562500e+02
4.810333898144135922e+00 9.608143310546875000e+02
4.813768624240633898e+00 9.491372070312500000e+02
4.817203350337130985e+00 9.465645751953125000e+02
4.820638076433627184e+00 9.431297607421875000e+02
4.824072802530125159e+00 9.461896362304687500e+02
4.827507528626622246e+00 9.378154296875000000e+02
4.830942254723118445e+00 9.322561035156250000e+02
4.834376980819616421e+00 9.185731201171875000e+02
4.837811706916113508e+00 9.091634521484375000e+02
4.841246433012609707e+00 9.054809570312500000e+02
4.844681159109107682e+00 9.051580200195312500e+02
4.848115885205604769e+00 9.077489624023437500e+02
4.851550611302100968e+00 9.078723144531250000e+02
4.854985337398598944e+00 9.068398437500000000e+02
4.858420063495095143e+00 9.011917724609375000e+02
4.861854789591592230e+00 9.023036499023437500e+02
4.865289515688090205e+00 8.940427856445312500e+02
4.868724241784586404e+00 8.911996459960937500e+02
4.872158967881083491e+00 8.864338378906250000e+02
4.875593693977581466e+00 8.932390747070312500e+02
4.879028420074077665e+00 8.987075805664062500e+02
4.882463146170574753e+00 8.983795166015625000e+02
4.885897872267071840e+00 8.914820556640625000e+02
4.889332598363568927e+00 8.839494628906250000e+02
4.892767324460066014e+00 8.781226196289062500e+02
4.896202050556563101e+00 8.819263916015625000e+02
4.899636776653060188e+00 8.835562744140625000e+02
4.903071502749557276e+00 8.895341796875000000e+02
4.906506228846054363e+00 8.893211059570312500e+02
4.909940954942551450e+00 8.922793579101562500e+02
4.913375681039048537e+00 8.984806518554687500e+02
4.916810407135545624e+00 9.057507934570312500e+02
4.920245133232042711e+00 9.063331298828125000e+02
4.923679859328539798e+00 8.986336059570312500e+02
4.927114585425036886e+00 8.985526123046875000e+02
4.930549311521533973e+00 9.004788818359375000e+02
4.933984037618031060e+00 9.036204833984375000e+02
4.937418763714528147e+00 9.085347290039062500e+02
4.940853489811025234e+00 9.144885864257812500e+02
4.944288215907522321e+00 9.162075195312500000e+02
4.947722942004018520e+00 9.174864501953125000e+02
4.951157668100516496e+00 9.198084716796875000e+02
4.954592394197013583e+00 9.231856079101562500e+02
4.958027120293509782e+00 9.259101562500000000e+02
4.961461846390007757e+00 9.401010131835937500e+02
4.964896572486504844e+00 9.491486816406250000e+02
4.968331298583001043e+00 9.581287231445312500e+02
4.971766024679498130e+00 9.621239013671875000e+02
4.975200750775996106e+00 9.700789184570312500e+02
4.978635476872492305e+00 9.680688476562500000e+02
4.982070202968989392e+00 9.698077392578125000e+02
4.985504929065487367e+00 9.869888305664062500e+02
4.988939655161983566e+00 1.002740722656250000e+03
4.992374381258480653e+00 1.008816528320312500e+03
4.995809107354978629e+00 1.017801635742187500e+03
4.999243833451474828e+00 1.032104980468750000e+03
5.002678559547971915e+00 1.049667846679687500e+03
5.006113285644469002e+00 1.063689331054687500e+03
5.009548011740966089e+00 1.087678588867187500e+03
5.012982737837463176e+00 1.119916259765625000e+03
5.016417463933960263e+00 1.163199829101562500e+03
5.019852190030457351e+00 1.209436157226562500e+03
5.023286916126954438e+00 1.277528930664062500e+03
5.026721642223451525e+00 1.384382080078125000e+03
5.030156368319948612e+00 1.591841796875000000e+03
5.033591094416445699e+00 2.011152709960937500e+03
5.037025820512942786e+00 2.961736328125000000e+03
5.040460546609439874e+00 4.994801757812500000e+03
5.043895272705936961e+00 9.150283203125000000e+03
5.047329998802434048e+00 1.529608886718750000e+04
5.050764724898931135e+00 2.171566015625000000e+04
5.054199450995428222e+00 2.548685156250000000e+04
5.057634177091925309e+00 2.552940234375000000e+04
5.061068903188422397e+00 2.188173632812500000e+04
5.064503629284919484e+00 1.643197656250000000e+04
5.067938355381415683e+00 1.065395800781250000e+04
5.071373081477913658e+00 6.048836425781250000e+03
5.074807807574410745e+00 3.561458007812500000e+03
5.078242533670906944e+00 2.297300781250000000e+03
5.081677259767404919e+00 1.757577758789062500e+03
5.085111985863902007e+00 1.485174072265625000e+03
5.088546711960398206e+00 1.336127685546875000e+03
5.091981438056896181e+00 1.252893798828125000e+03
5.095416164153392380e+00 1.196313598632812500e+03
5.098850890249889467e+00 1.150265747070312500e+03
5.102285616346387442e+00 1.108493164062500000e+03
5.105720342442883641e+00 1.085500244140625000e+03
5.109155068539380729e+00 1.068226562500000000e+03
5.112589794635878704e+00 1.060233154296875000e+03
5.116024520732374903e+00 1.049613891601562500e+03
5.119459246828871990e+00 1.036377197265625000e+03
5.122893972925369965e+00 1.019609008789062500e+03
5.126328699021866164e+00 1.003151489257812500e+03
5.129763425118363251e+00 9.891476440429687500e+02
5.133198151214861227e+00 9.744639282226562500e+02
5.136632877311357426e+00 9.631729736328125000e+02
5.140067603407854513e+00 9.590420532226562500e+02
5.143502329504352488e+00 9.565501708984375000e+02
5.146937055600848687e+00 9.503475341796875000e+02
5.150371781697345774e+00 9.350360107421875000e+02
5.153806507793842862e+00 9.273394165039062500e+02
5.157241233890339949e+00 9.219789428710937500e+02
5.160675959986837036e+00 9.244365844726562500e+02
5.164110686083334123e+00 9.255908203125000000e+02
5.167545412179831210e+00 9.261621704101562500e+02
5.170980138276328297e+00 9.159647827148437500e+02
5.174414864372825384e+00 9.038281860351562500e+02
5.177849590469322472e+00 8.993826293945312500e+02
5.181284316565819559e+00 8.957951049804687500e+02
5.184719042662315758e+00 8.928198242187500000e+02
5.188153768758813733e+00 8.939906005859375000e+02
5.191588494855310820e+00 8.896205444335937500e+02
5.195023220951807019e+00 8.952542114257812500e+02
5.198457947048304995e+00 8.940534057617187500e+02
5.201892673144802082e+00 8.972712402343750000e+02
5.205327399241298281e+00 8.972521972656250000e+02
5.208762125337796256e+00 9.077059326171875000e+02
5.212196851434293343e+00 9.116742553710937500e+02
5.215631577530789542e+00 9.083377075195312500e+02
5.219066303627287517e+00 8.984641113281250000e+02
5.222501029723784605e+00 8.914898071289062500e+02
5.225935755820280804e+00 8.895031127929687500e+02
5.229370481916778779e+00 8.899112548828125000e+02
5.232805208013275866e+00 8.926574096679687500e+02
5.236239934109772065e+00 8.968911743164062500e+02
5.239674660206269152e+00 9.024122314453125000e+02
5.243109386302767128e+00 9.039379882812500000e+02
5.246544112399263327e+00 9.048704833984375000e+02
5.249978838495760414e+00 9.075798950195312500e+02
5.253413564592257501e+00 9.081936645507812500e+02
5.256848290688754588e+00 9.182807617187500000e+02
5.260283016785251675e+00 9.316863403320312500e+02
5.263717742881748762e+00 9.380103149414062500e+02
5.267152468978245849e+00 9.398236083984375000e+02
5.270587195074742937e+00 9.480745849609375000e+02
5.274021921171240024e+00 9.514811401367187500e+02
5.277456647267737111e+00 9.611779785156250000e+02
5.280891373364234198e+00 9.681338500976562500e+02
5.284326099460731285e+00 9.859929809570312500e+02
5.287760825557228372e+00 1.001525695800781250e+03
5.291195551653725460e+00 1.029493041992187500e+03
5.294630277750222547e+00 1.053901733398437500e+03
5.298065003846719634e+00 1.096043945312500000e+03
5.301499729943216721e+00 1.167028442382812500e+03
5.304934456039713808e+00 1.306833618164062500e+03
5.308369182136210895e+00 1.577359619140625000e+03
5.311803908232707983e+00 2.146807617187500000e+03
5.315238634329205070e+00 3.446775390625000000e+03
5.318673360425702157e+00 5.763825683593750000e+03
5.322108086522199244e+00 9.340503906250000000e+03
5.325542812618695443e+00 1.269835742187500000e+04
5.328977538715193418e+00 1.518857421875000000e+04
5.332412264811690505e+00 1.517380175781250000e+04
5.335846990908186704e+00 1.343561914062500000e+04
5.339281717004684680e+00 9.776079101562500000e+03
5.342716443101180879e+00 6.249947753906250000e+03
5.346151169197677966e+00 3.595333251953125000e+03
5.349585895294175941e+00 2.255671142578125000e+03
5.353020621390672140e+00 1.620512084960937500e+03
5.356455347487169227e+00 1.329686645507812500e+03
5.359890073583667203e+00 1.181639160156250000e+03
5.363324799680163402e+00 1.107587158203125000e+03
5.366759525776660489e+00 1.067981811523437500e+03
5.370194251873158464e+00 1.036736694335937500e+03
5.373628977969654663e+00 1.021976501464843750e+03
5.377063704066151750e+00 1.015017028808593750e+03
5.380498430162649726e+00 1.005367187500000000e+03
5.383933156259145925e+00 9.914244995117187500e+02
5.387367882355643012e+00 9.800693969726562500e+02
5.390802608452140987e+00 9.673283081054687500e+02
5.394237334548637186e+00 9.469982910156250000e+02
5.397672060645134273e+00 9.383963623046875000e+02
5.401106786741632249e+00 9.336235351562500000e+02
5.404541512838128448e+00 9.296378173828125000e+02
5.407976238934625535e+00 9.167840576171875000e+02
5.411410965031122622e+00 9.065799560546875000e+02
5.414845691127619709e+00 9.041981201171875000e+02
5.418280417224116796e+00 8.991188354492187500e+02
5.421715143320613883e+00 8.909837036132812500e+02
5.425149869417110970e+00 8.826976928710937500e+02
5.428584595513608058e+00 8.863248291015625000e+02
5.432019321610104257e+00 8.918782348632812500e+02
5.435454047706602232e+00 8.931985473632812500e+02
5.438888773803099319e+00 8.898859252929687500e+02
5.442323499899595518e+00 8.890855102539062500e+02
5.445758225996093493e+00 8.880614013671875000e+02
5.449192952092590581e+00 8.831716308593750000e+02
5.452627678189086780e+00 8.743228149414062500e+02
5.456062404285584755e+00 8.736310424804687500e+02
5.459497130382081842e+00 8.710881958007812500e+02
5.462931856478578041e+00 8.711163330078125000e+02
5.466366582575076016e+00 8.682097778320312500e+02
5.469801308671573103e+00 8.679210815429687500e+02
5.473236034768069302e+00 8.683016967773437500e+02
5.476670760864567278e+00 8.662789306640625000e+02
5.480105486961064365e+00 8.656968994140625000e+02
5.483540213057560564e+00 8.608043212890625000e+02
5.486974939154058539e+00 8.637888793945312500e+02
5.490409665250555626e+00 8.690836181640625000e+02
5.493844391347051825e+00 8.779915161132812500e+02
5.497279117443548913e+00 8.812554931640625000e+02
5.500713843540046000e+00 8.814478149414062500e+02
5.504148569636543087e+00 8.751788940429687500e+02
5.507583295733040174e+00 8.784966430664062500e+02
5.511018021829537261e+00 8.781773681640625000e+02
5.514452747926034348e+00 8.831347045898437500e+02
5.517887474022531435e+00 8.834758300781250000e+02
5.521322200119028523e+00 8.874502563476562500e+02
5.524756926215525610e+00 8.930122070312500000e+02
5.528191652312022697e+00 8.989006347656250000e+02
5.531626378408519784e+00 9.059013671875000000e+02
5.535061104505016871e+00 9.118887939453125000e+02
5.538495830601513958e+00 9.205223388671875000e+02
5.541930556698011046e+00 9.253566284179687500e+02
5.545365282794508133e+00 9.377044677734375000e+02
5.548800008891005220e+00 9.450947265625000000e+02
5.552234734987502307e+00 9.605349121093750000e+02
5.555669461083999394e+00 9.840537109375000000e+02
5.559104187180496481e+00 1.022305786132812500e+03
5.562538913276993569e+00 1.081363281250000000e+03
5.565973639373490656e+00 1.181009643554687500e+03
5.569408365469987743e+00 1.382878051757812500e+03
5.572843091566484830e+00 1.825931762695312500e+03
5.576277817662981917e+00 2.803817138671875000e+03
5.579712543759479004e+00 4.593816406250000000e+03
5.583147269855976091e+00 7.149508789062500000e+03
5.586581995952473179e+00 9.658507812500000000e+03
5.590016722048969378e+00 1.118030664062500000e+04
5.593451448145466465e+00 1.087216796875000000e+04
5.596886174241964440e+00 9.340467773437500000e+03
5.600320900338460639e+00 6.797107421875000000e+03
5.603755626434957726e+00 4.407305175781250000e+03
5.607190352531455702e+00 2.660307128906250000e+03
5.610625078627951901e+00 1.774689941406250000e+03
5.614059804724448988e+00 1.359894409179687500e+03
5.617494530820946963e+00 1.160642211914062500e+03
5.620929256917443162e+00 1.066415405273437500e+03
5.624363983013940249e+00 1.017020446777343750e+03
5.627798709110438224e+00 9.899144287109375000e+02
5.631233435206934423e+00 9.751907958984375000e+02
5.634668161303431511e+00 9.612957763671875000e+02
5.638102887399929486e+00 9.477981567382812500e+02
5.641537613496425685e+00 9.305769042968750000e+02
5.644972339592922772e+00 9.137325439453125000e+02
5.648407065689419859e+00 9.003618164062500000e+02
5.651841791785916946e+00 8.908123779296875000e+02
5.655276517882414034e+00 8.847822265625000000e+02
5.658711243978911121e+00 8.813935546875000000e+02
5.662145970075408208e+00 8.742663574218750000e+02
5.665580696171905295e+00 8.717993774414062500e+02
5.669015422268402382e+00 8.709468383789062500e+02
5.672450148364899469e+00 8.715654907226562500e+02
5.675884874461396556e+00 8.674504394531250000e+02
5.679319600557892755e+00 8.650720214843750000e+02
5.682754326654390731e+00 8.664745483398437500e+02
5.686189052750887818e+00 8.698591918945312500e+02
5.689623778847384017e+00 8.671810913085937500e+02
5.693058504943881992e+00 8.590321655273437500e+02
5.696493231040379079e+00 8.544888916015625000e+02
5.699927957136875278e+00 8.541709594726562500e+02
5.703362683233373254e+00 8.497048950195312500e+02
5.706797409329870341e+00 8.461834106445312500e+02
5.710232135426366540e+00 8.439058227539062500e+02
5.713666861522864515e+00 8.465879516601562500e+02
5.717101587619361602e+00 8.422693481445312500e+02
5.720536313715857801e+00 8.357900390625000000e+02
5.723971039812355777e+00 8.333413085937500000e+02
5.727405765908852864e+00 8.326278686523437500e+02
5.730840492005349063e+00 8.270390625000000000e+02
5.734275218101847038e+00 8.315729370117187500e+02
5.737709944198343237e+00 8.354970092773437500e+02
5.741144670294840324e+00 8.399495239257812500e+02
5.744579396391338300e+00 8.358955688476562500e+02
5.748014122487834499e+00 8.364088745117187500e+02
5.751448848584331586e+00 8.338596801757812500e+02
5.754883574680829561e+00 8.334780273437500000e+02
5.758318300777325760e+00 8.295396118164062500e+02
5.761753026873822847e+00 8.316280517578125000e+02
5.765187752970319934e+00 8.279067993164062500e+02
5.768622479066817021e+00 8.283005981445312500e+02
5.772057205163314109e+00 8.267531738281250000e+02
5.775491931259811196e+00 8.296262207031250000e+02
5.778926657356308283e+00 8.262475585937500000e+02
5.782361383452805370e+00 8.245180053710937500e+02
5.785796109549302457e+00 8.268688964843750000e+02
5.789230835645799544e+00 8.361842041015625000e+02
5.792665561742296632e+00 8.397573242187500000e+02
5.796100287838793719e+00 8.416444702148437500e+02
5.799535013935290806e+00 8.469875488281250000e+02
5.802969740031787893e+00 8.482494506835937500e+02
5.806404466128284980e+00 8.457868041992187500e+02
5.809839192224782067e+00 8.428119506835937500e+02
5.813273918321279154e+00 8.588689575195312500e+02
5.816708644417776242e+00 8.897365112304687500e+02
5.820143370514273329e+00 9.410155029296875000e+02
5.823578096610770416e+00 1.056897338867187500e+03
5.827012822707266615e+00 1.283855957031250000e+03
5.830447548803764590e+00 1.701893676757812500e+03
5.833882274900261677e+00 2.189924804687500000e+03
5.837317000996757876e+00 2.579000244140625000e+03
5.840751727093255852e+00 2.622628173828125000e+03
5.844186453189752939e+00 2.388603271484375000e+03
5.847621179286249138e+00 1.968778808593750000e+03
5.851055905382746225e+00 1.533181274414062500e+03
5.854490631479244200e+00 1.204283691406250000e+03
5.857925357575740399e+00 1.019807495117187500e+03
5.861360083672237486e+00 9.293552246093750000e+02
5.864794809768735462e+00 8.862225341796875000e+02
5.868229535865231661e+00 8.643311767578125000e+02
5.871664261961728748e+00 8.516237792968750000e+02
5.875098988058226723e+00 8.485963745117187500e+02
5.878533714154722922e+00 8.438269042968750000e+02
5.881968440251220009e+00 8.382402954101562500e+02
5.885403166347717985e+00 8.267338256835937500e+02
5.888837892444214184e+00 8.242983398437500000e+02
5.892272618540711271e+00 8.234926147460937500e+02
5.895707344637208358e+00 8.250866699218750000e+02
5.899142070733705445e+00 8.267093505859375000e+02
5.902576796830202532e+00 8.329929199218750000e+02
5.906011522926699620e+00 8.369195556640625000e+02
5.909446249023196707e+00 8.281149902343750000e+02
5.912880975119693794e+00 8.225150146484375000e+02
5.916315701216190881e+00 8.196235351562500000e+02
5.919750427312687968e+00 8.222420654296875000e+02
5.923185153409185055e+00 8.217866821289062500e+02
5.926619879505682142e+00 8.242860107421875000e+02
5.930054605602179230e+00 8.256805419921875000e+02
5.933489331698676317e+00 8.296581420898437500e+02
5.936924057795173404e+00 8.284783935546875000e+02
5.940358783891670491e+00 8.264204101562500000e+02
5.943793509988167578e+00 8.307979736328125000e+02
5.947228236084663777e+00 8.378234252929687500e+02
5.950662962181161753e+00 8.326614379882812500e+02
5.954097688277658840e+00 8.312641601562500000e+02
5.957532414374155039e+00 8.375809326171875000e+02
5.960967140470653014e+00 8.411315307617187500e+02
5.964401866567150101e+00 8.354856567382812500e+02
5.967836592663646300e+00 8.364345092773437500e+02
5.971271318760144275e+00 8.382575683593750000e+02
5.974706044856641363e+00 8.376243896484375000e+02
5.978140770953137562e+00 8.372668457031250000e+02
5.981575497049635537e+00 8.402415771484375000e+02
5.985010223146131736e+00 8.448743286132812500e+02
5.988444949242628823e+00 8.437219848632812500e+02
5.991879675339126798e+00 8.424285888671875000e+02
5.995314401435622997e+00 8.420801391601562500e+02
5.998749127532120085e+00 8.413585815429687500e+02
6.002183853628618060e+00 8.398507690429687500e+02
6.005618579725114259e+00 8.441226196289062500e+02
6.009053305821611346e+00 8.457907104492187500e+02
6.012488031918109321e+00 8.517285766601562500e+02
6.015922758014605520e+00 8.552931518554687500e+02
6.019357484111102607e+00 8.597588500976562500e+02
6.022792210207600583e+00 8.642722167968750000e+02
6.026226936304096782e+00 8.659877929687500000e+02
6.029661662400593869e+00 8.692404174804687500e+02
6.033096388497090956e+00 8.749888916015625000e+02
6.036531114593588043e+00 8.875382690429687500e+02
6.039965840690085130e+00 9.081468505859375000e+02
6.043400566786582218e+00 9.291354370117187500e+02
6.046835292883079305e+00 9.552343750000000000e+02
6.050270018979576392e+00 9.864296875000000000e+02
6.053704745076073479e+00 1.049268310546875000e+03
6.057139471172570566e+00 1.180025024414062500e+03
6.060574197269067653e+00 1.492361572265625000e+03
6.064008923365564740e+00 2.127808105468750000e+03
6.067443649462061828e+00 3.339039306640625000e+03
6.070878375558558915e+00 4.975657714843750000e+03
6.074313101655055114e+00 6.497617675781250000e+03
6.077747827751553089e+00 7.335339355468750000e+03
6.081182553848050176e+00 7.110860351562500000e+03
6.084617279944546375e+00 6.063445312500000000e+03
6.088052006041044351e+00 4.532713378906250000e+03
6.091486732137541438e+00 3.107287353515625000e+03
6.094921458234037637e+00 2.049134033203125000e+03
6.098356184330535612e+00 1.461973388671875000e+03
6.101790910427032699e+00 1.189014160156250000e+03
6.105225636523528898e+00 1.056527099609375000e+03
6.108660362620026874e+00 9.802169189453125000e+02
6.112095088716523961e+00 9.368015136718750000e+02
6.115529814813020160e+00 9.118049316406250000e+02
6.118964540909517247e+00 9.009508666992187500e+02
6.122399267006015222e+00 8.950528564453125000e+02
6.125833993102511421e+00 8.919448242187500000e+02
6.129268719199008508e+00 8.845590820312500000e+02
6.132703445295506484e+00 8.750791625976562500e+02
6.136138171392002683e+00 8.671642456054687500e+02
6.139572897488499770e+00 8.679219360351562500e+02
6.143007623584996857e+00 8.731046752929687500e+02
6.146442349681493944e+00 8.727752075195312500e+02
6.149877075777991031e+00 8.724301147460937500e+02
6.153311801874488118e+00 8.631221923828125000e+02
6.156746527970985206e+00 8.596807250976562500e+02
6.160181254067482293e+00 8.577031860351562500e+02
6.163615980163979380e+00 8.614898071289062500e+02
6.167050706260476467e+00 8.588263549804687500e+02
6.170485432356973554e+00 8.591914672851562500e+02
6.173920158453470641e+00 8.627220458984375000e+02
6.177354884549967728e+00 8.602527465820312500e+02
6.180789610646464816e+00 8.568507080078125000e+02
6.184224336742961903e+00 8.573169555664062500e+02
6.187659062839458990e+00 8.620200195312500000e+02
6.191093788935956077e+00 8.659310913085937500e+02
6.194528515032453164e+00 8.690308227539062500e+02
6.197963241128950251e+00 8.649107055664062500e+02
6.201397967225447339e+00 8.609815063476562500e+02
6.204832693321943538e+00 8.551322631835937500e+02
6.208267419418441513e+00 8.570406494140625000e+02
6.211702145514938600e+00 8.639867553710937500e+02
6.215136871611434799e+00 8.796349487304687500e+02
6.218571597707932774e+00 8.860662841796875000e+02
6.222006323804429861e+00 8.822789306640625000e+02
6.225441049900926060e+00 8.830679321289062500e+02
6.228875775997424036e+00 8.877828979492187500e+02
6.232310502093920235e+00 8.898511352539062500e+02
6.235745228190417322e+00 8.939987792968750000e+02
6.239179954286915297e+00 9.005414428710937500e+02
6.242614680383411496e+00 9.087212524414062500e+02
6.246049406479908583e+00 9.134158935546875000e+02
6.249484132576406559e+00 9.278568725585937500e+02
6.252918858672902758e+00 9.395592041015625000e+02
6.256353584769399845e+00 9.501806640625000000e+02
6.259788310865897820e+00 9.595552978515625000e+02
6.263223036962394019e+00 9.686492919921875000e+02
6.266657763058891106e+00 9.798684082031250000e+02
6.270092489155389082e+00 1.003233764648437500e+03
6.273527215251885281e+00 1.040050292968750000e+03
6.276961941348382368e+00 1.089293334960937500e+03
6.280396667444880343e+00 1.169047485351562500e+03
6.283831393541376542e+00 1.312644775390625000e+03
6.287266119637873629e+00 1.606213012695312500e+03
6.290700845734370716e+00 2.249601074218750000e+03
6.294135571830867804e+00 3.588973632812500000e+03
6.297570297927364891e+00 6.084933593750000000e+03
6.301005024023861978e+00 9.551220703125000000e+03
6.304439750120359065e+00 1.336976562500000000e+04
6.307874476216856152e+00 1.580630078125000000e+04
6.311309202313353239e+00 1.622584765625000000e+04
6.314743928409850326e+00 1.406137402343750000e+04
6.318178654506347414e+00 1.053344433593750000e+04
6.321613380602843613e+00 6.687456542968750000e+03
6.325048106699341588e+00 3.972212890625000000e+03
6.328482832795838675e+00 2.420755126953125000e+03
6.331917558892334874e+00 1.699731811523437500e+03
6.335352284988832849e+00 1.369108886718750000e+03
6.338787011085329937e+00 1.207081054687500000e+03
6.342221737181826136e+00 1.117265502929687500e+03
6.345656463278324111e+00 1.066713256835937500e+03
6.349091189374821198e+00 1.032779052734375000e+03
6.352525915471317397e+00 1.013535827636718750e+03
6.355960641567815372e+00 9.928781127929687500e+02
6.359395367664312460e+00 9.674180297851562500e+02
6.362830093760808658e+00 9.488369140625000000e+02
6.366264819857306634e+00 9.324106445312500000e+02
6.369699545953803721e+00 9.256295166015625000e+02
6.373134272050299920e+00 9.133040771484375000e+02
6.376568998146797007e+00 9.087706909179687500e+02
6.380003724243294982e+00 9.045217285156250000e+02
6.383438450339791181e+00 9.017640991210937500e+02
6.386873176436288269e+00 8.984882812500000000e+02
6.390307902532785356e+00 8.914182739257812500e+02
6.393742628629282443e+00 8.823525390625000000e+02
6.397177354725779530e+00 8.722498168945312500e+02
6.400612080822276617e+00 8.639656372070312500e+02
6.404046806918773704e+00 8.587670288085937500e+02
6.407481533015270792e+00 8.560184326171875000e+02
6.410916259111767879e+00 8.551129150390625000e+02
6.414350985208264966e+00 8.497631835937500000e+02
6.417785711304762053e+00 8.467542724609375000e+02
6.421220437401259140e+00 8.456588745117187500e+02
6.424655163497756227e+00 8.467369995117187500e+02
6.428089889594253314e+00 8.490631713867187500e+02
6.431524615690750402e+00 8.443181762695312500e+02
6.434959341787247489e+00 8.364385375976562500e+02
6.438394067883744576e+00 8.297401123046875000e+02
6.441828793980241663e+00 8.308438110351562500e+02
6.445263520076738750e+00 8.343022460937500000e+02
6.448698246173235837e+00 8.372525634765625000e+02
6.452132972269732925e+00 8.337128906250000000e+02
6.455567698366230012e+00 8.239832153320312500e+02
6.459002424462727099e+00 8.149475708007812500e+02
6.462437150559224186e+00 8.163612060546875000e+02
6.465871876655721273e+00 8.199143066406250000e+02
6.469306602752218360e+00 8.206464843750000000e+02
6.472741328848714559e+00 8.171416015625000000e+02
6.476176054945212535e+00 8.169089965820312500e+02
6.479610781041708734e+00 8.197397460937500000e+02
6.483045507138205821e+00 8.182822265625000000e+02
6.486480233234703796e+00 8.165790405273437500e+02
6.489914959331199995e+00 8.161451416015625000e+02
6.493349685427697082e+00 8.203330688476562500e+02
6.496784411524195058e+00 8.187168579101562500e+02
6.500219137620691257e+00 8.203165283203125000e+02
6.503653863717188344e+00 8.163565673828125000e+02
6.507088589813686319e+00 8.148441772460937500e+02
6.510523315910182518e+00 8.104624023437500000e+02
6.513958042006679605e+00 8.110838012695312500e+02
6.517392768103177580e+00 8.134886474609375000e+02
6.520827494199673779e+00 8.150868530273437500e+02
6.524262220296170867e+00 8.159108276367187500e+02
6.527696946392668842e+00 8.089954223632812500e+02
6.531131672489165041e+00 8.033423461914062500e+02
6.534566398585662128e+00 7.939600219726562500e+02
6.538001124682159215e+00 8.031369628906250000e+02
6.541435850778656302e+00 8.075545043945312500e+02
6.544870576875153390e+00 8.146353759765625000e+02
6.548305302971650477e+00 8.142517700195312500e+02
6.551740029068147564e+00 8.136953125000000000e+02
6.555174755164644651e+00 8.072571411132812500e+02
6.558609481261141738e+00 8.052410888671875000e+02
6.562044207357638825e+00 8.080503540039062500e+02
6.565478933454135912e+00 8.123814086914062500e+02
6.568913659550632111e+00 8.149751586914062500e+02
6.572348385647130087e+00 8.190008544921875000e+02
6.575783111743627174e+00 8.216978149414062500e+02
6.579217837840123373e+00 8.200994262695312500e+02
6.582652563936621348e+00 8.150934448242187500e+02
6.586087290033118435e+00 8.099295043945312500e+02
6.589522016129614634e+00 8.155438232421875000e+02
6.592956742226112610e+00 8.162030029296875000e+02
6.596391468322609697e+00 8.153811645507812500e+02
6.599826194419105896e+00 8.112989501953125000e+02
6.603260920515603871e+00 8.129963378906250000e+02
6.606695646612100958e+00 8.077538452148437500e+02
6.610130372708597157e+00 8.041610107421875000e+02
6.613565098805095133e+00 8.072962036132812500e+02
6.616999824901592220e+00 8.073552246093750000e+02
6.620434550998088419e+00 8.110475463867187500e+02
6.623869277094586394e+00 8.072571411132812500e+02
6.627304003191082593e+00 8.074636230468750000e+02
6.630738729287579680e+00 8.084070434570312500e+02
6.634173455384077656e+00 8.121919555664062500e+02
6.637608181480573855e+00 8.153596801757812500e+02
6.641042907577070942e+00 8.167280273437500000e+02
6.644477633673568029e+00 8.124789428710937500e+02
6.647912359770065116e+00 8.112830200195312500e+02
6.651347085866562203e+00 8.139275512695312500e+02
6.654781811963059290e+00 8.138612670898437500e+02
6.658216538059556378e+00 8.155385131835937500e+02
6.661651264156053465e+00 8.179646606445312500e+02
6.665085990252550552e+00 8.207059936523437500e+02
6.668520716349047639e+00 8.210551147460937500e+02
6.671955442445544726e+00 8.222075195312500000e+02
6.675390168542041813e+00 8.263281250000000000e+02
6.678824894638538900e+00 8.232404174804687500e+02
6.682259620735035988e+00 8.177393798828125000e+02
6.685694346831533075e+00 8.148138427734375000e+02
6.689129072928030162e+00 8.169548339843750000e+02
6.692563799024527249e+00 8.245394287109375000e+02
6.695998525121024336e+00 8.303158569335937500e+02
6.699433251217521423e+00 8.338569335937500000e+02
6.702867977314018511e+00 8.300078125000000000e+02
6.706302703410515598e+00 8.272621459960937500e+02
6.709737429507012685e+00 8.382058105468750000e+02
6.713172155603509772e+00 8.503671264648437500e+02
6.716606881700005971e+00 8.629822998046875000e+02
6.720041607796503946e+00 8.828150024414062500e+02
6.723476333893001033e+00 9.282366333007812500e+02
6.726911059989497232e+00 1.029000366210937500e+03
6.730345786085994320e+00 1.228176025390625000e+03
6.733780512182492295e+00 1.635145996093750000e+03
6.737215238278988494e+00 2.114767089843750000e+03
6.740649964375485581e+00 2.626387207031250000e+03
6.744084690471983556e+00 2.777093994140625000e+03
6.747519416568479755e+00 2.631889160156250000e+03
6.750954142664976843e+00 2.186794433593750000e+03
6.754388868761474818e+00 1.735018432617187500e+03
6.757823594857971017e+00 1.349004760742187500e+03
6.761258320954468104e+00 1.115875000000000000e+03
6.764693047050966079e+00 9.813177490234375000e+02
6.768127773147462278e+00 9.164918823242187500e+02
6.771562499243959365e+00 8.840314331054687500e+02
6.774997225340457341e+00 8.683564453125000000e+02
6.778431951436953540e+00 8.582107543945312500e+02
6.781866677533450627e+00 8.497902832031250000e+02
6.785301403629947714e+00 8.508186645507812500e+02
6.788736129726444801e+00 8.512744140625000000e+02
6.792170855822941888e+00 8.487868652343750000e+02
6.795605581919438976e+00 8.440632324218750000e+02
6.799040308015936063e+00 8.483501586914062500e+02
6.802475034112433150e+00 8.410241088867187500e+02
6.805909760208930237e+00 8.394280395507812500e+02
6.809344486305427324e+00 8.357126464843750000e+02
6.812779212401924411e+00 8.414564208984375000e+02
6.816213938498421498e+00 8.459120483398437500e+02
6.819648664594918586e+00 8.520883789062500000e+02
6.823083390691415673e+00 8.508173828125000000e+02
6.826518116787911872e+00 8.487601318359375000e+02
6.829952842884409847e+00 8.503422851562500000e+02
6.833387568980906934e+00 8.534559936523437500e+02
6.836822295077403133e+00 8.504248046875000000e+02
6.840257021173901109e+00 8.507583007812500000e+02
6.843691747270398196e+00 8.586645507812500000e+02
6.847126473366894395e+00 8.648145141601562500e+02
6.850561199463392370e+00 8.565329589843750000e+02
6.853995925559889457e+00 8.481813354492187500e+02
6.857430651656385656e+00 8.485863647460937500e+02
6.860865377752883632e+00 8.538524169921875000e+02
6.864300103849380719e+00 8.598955078125000000e+02
6.867734829945876918e+00 8.651369018554687500e+02
6.871169556042374893e+00 8.723356933593750000e+02
6.874604282138871092e+00 8.751975097656250000e+02
6.878039008235368179e+00 8.812029418945312500e+02
6.881473734331866154e+00 8.839989013671875000e+02
6.884908460428362353e+00 8.844592285156250000e+02
6.888343186524859441e+00 8.860874023437500000e+02
6.891777912621357416e+00 8.927906494140625000e+02
6.895212638717853615e+00 8.991630859375000000e+02
6.898647364814350702e+00 9.053066406250000000e+02
6.902082090910848677e+00 9.142913208007812500e+02
6.905516817007344876e+00 9.255424194335937500e+02
6.908951543103841964e+00 9.378897705078125000e+02
6.912386269200339051e+00 9.529386596679687500e+02
6.915820995296836138e+00 9.684147338867187500e+02
6.919255721393333225e+00 9.982346801757812500e+02
6.922690447489830312e+00 1.047648437500000000e+03
6.926125173586327399e+00 1.119956665039062500e+03
6.929559899682824486e+00 1.258554809570312500e+03
6.932994625779321574e+00 1.539412841796875000e+03
6.936429351875818661e+00 2.153947509765625000e+03
6.939864077972315748e+00 3.357364501953125000e+03
6.943298804068812835e+00 5.344082519531250000e+03
6.946733530165309922e+00 7.805807128906250000e+03
6.950168256261807009e+00 1.005408496093750000e+04
6.953602982358304097e+00 1.110143652343750000e+04
6.957037708454801184e+00 1.076075488281250000e+04
6.960472434551298271e+00 8.877120117187500000e+03
6.963907160647794470e+00 6.488580566406250000e+03
6.967341886744292445e+00 4.142884277343750000e+03
6.970776612840789532e+00 2.647146972656250000e+03
6.974211338937285731e+00 1.783753051757812500e+03
6.977646065033783707e+00 1.382953247070312500e+03
6.981080791130280794e+00 1.193486328125000000e+03
6.984515517226776993e+00 1.098845947265625000e+03
6.987950243323274968e+00 1.042564819335937500e+03
6.991384969419772055e+00 1.006413024902343750e+03
6.994819695516268254e+00 9.805398559570312500e+02
6.998254421612765341e+00 9.623683471679687500e+02
7.001689147709263317e+00 9.473402099609375000e+02
7.005123873805759516e+00 9.382678222656250000e+02
7.008558599902256603e+00 9.283977661132812500e+02
7.011993325998754578e+00 9.156299438476562500e+02
7.015428052095250777e+00 9.122584228515625000e+02
7.018862778191747864e+00 9.082832641601562500e+02
7.022297504288245840e+00 9.069797363281250000e+02
7.025732230384742039e+00 9.025169677734375000e+02
7.029166956481239126e+00 8.954885253906250000e+02
7.032601682577736213e+00 8.922808227539062500e+02
7.036036408674233300e+00 8.886893920898437500e+02
7.039471134770730387e+00 8.897550659179687500e+02
7.042905860867227474e+00 8.879284057617187500e+02
7.046340586963724562e+00 8.804713134765625000e+02
7.049775313060221649e+00 8.752269287109375000e+02
7.053210039156718736e+00 8.728918457031250000e+02
7.056644765253215823e+00 8.745257568359375000e+02
7.060079491349712910e+00 8.710808105468750000e+02
7.063514217446209997e+00 8.713452148437500000e+02
7.066948943542707084e+00 8.694867553710937500e+02
7.070383669639204172e+00 8.671285400390625000e+02
7.073818395735701259e+00 8.693391113281250000e+02
7.077253121832198346e+00 8.763770751953125000e+02
7.080687847928695433e+00 8.799971923828125000e+02
7.084122574025191632e+00 8.847073974609375000e+02
7.087557300121689607e+00 8.863681640625000000e+02
7.090992026218186695e+00 8.891535034179687500e+02
7.094426752314682894e+00 8.927681274414062500e+02
7.097861478411180869e+00 8.973511352539062500e+02
7.101296204507677956e+00 8.967918090820312500e+02
7.104730930604174155e+00 9.043968505859375000e+02
7.108165656700672130e+00 9.093529663085937500e+02
7.111600382797169217e+00 9.224443359375000000e+02
7.115035108893665416e+00 9.354713134765625000e+02
7.118469834990163392e+00 9.530641479492187500e+02
7.121904561086659591e+00 9.787940063476562500e+02
7.125339287183156678e+00 1.011898010253906250e+03
7.128774013279654653e+00 1.068175659179687500e+03
7.132208739376150852e+00 1.174000366210937500e+03
7.135643465472647939e+00 1.420477905273437500e+03
7.139078191569145915e+00 1.938244384765625000e+03
7.142512917665642114e+00 2.990212890625000000e+03
7.145947643762139201e+00 4.672613769531250000e+03
7.149382369858637176e+00 6.711120605468750000e+03
7.152817095955133375e+00 8.433766601562500000e+03
7.156251822051630462e+00 9.025340820312500000e+03
7.159686548148128438e+00 8.306710937500000000e+03
7.163121274244624637e+00 6.640595214843750000e+03
7.166556000341121724e+00 4.732624023437500000e+03
7.169990726437618811e+00 3.104166748046875000e+03
7.173425452534115010e+00 2.049115478515625000e+03
7.176860178630613873e+00 1.483726074218750000e+03
7.180294904727110072e+00 1.222190063476562500e+03
7.183729630823607160e+00 1.094644042968750000e+03
7.187164356920104247e+00 1.023921142578125000e+03
7.190599083016601334e+00 9.810039062500000000e+02
7.194033809113097533e+00 9.526724243164062500e+02
7.197468535209596396e+00 9.347528686523437500e+02
7.200903261306092595e+00 9.200101318359375000e+02
7.204337987402589683e+00 9.067553710937500000e+02
7.207772713499086770e+00 8.958493041992187500e+02
7.211207439595582969e+00 8.946888427734375000e+02
7.214642165692080056e+00 8.953379516601562500e+02
7.218076891788577143e+00 8.839229736328125000e+02
7.221511617885075118e+00 8.805106201171875000e+02
7.224946343981572205e+00 8.757075195312500000e+02
7.228381070078069293e+00 8.728198852539062500e+02
7.231815796174565492e+00 8.682172851562500000e+02
7.235250522271062579e+00 8.687677612304687500e+02
7.238685248367559666e+00 8.704890747070312500e+02
7.242119974464057641e+00 8.682531738281250000e+02
7.245554700560554728e+00 8.648621826171875000e+02
7.248989426657051816e+00 8.607631225585937500e+02
7.252424152753548015e+00 8.646176757812500000e+02
7.255858878850045102e+00 8.628218383789062500e+02
7.259293604946542189e+00 8.598431396484375000e+02
7.262728331043040164e+00 8.563735961914062500e+02
7.266163057139537251e+00 8.536596069335937500e+02
7.269597783236033450e+00 8.494181518554687500e+02
7.273032509332530537e+00 8.473835449218750000e+02
7.276467235429027625e+00 8.521906127929687500e+02
7.279901961525524712e+00 8.524619140625000000e+02
7.283336687622022687e+00 8.510988159179687500e+02
7.286771413718519774e+00 8.513419189453125000e+02
7.290206139815015973e+00 8.489008789062500000e+02
7.293640865911513060e+00 8.493007202148437500e+02
7.297075592008010148e+00 8.516397705078125000e+02
7.300510318104506347e+00 8.561280517578125000e+02
7.303945044201003434e+00 8.525891113281250000e+02
7.307379770297502297e+00 8.494397583007812500e+02
7.310814496393998496e+00 8.574123535156250000e+02
7.314249222490495583e+00 8.655566406250000000e+02
7.317683948586992670e+00 8.766884765625000000e+02
7.321118674683488869e+00 8.877545166015625000e+02
7.324553400779985957e+00 9.070097045898437500e+02
7.327988126876484820e+00 9.461768188476562500e+02
7.331422852972981019e+00 1.031163818359375000e+03
7.334857579069478106e+00 1.204782226562500000e+03
7.338292305165975193e+00 1.547908203125000000e+03
7.341727031262471392e+00 2.079809082031250000e+03
7.345161757358968480e+00 2.759463623046875000e+03
7.348596483455466455e+00 3.316285156250000000e+03
7.352031209551963542e+00 3.649032714843750000e+03
7.355465935648460629e+00 3.509033203125000000e+03
7.358900661744956828e+00 3.034212402343750000e+03
7.362335387841453915e+00 2.342591064453125000e+03
7.365770113937951002e+00 1.740043212890625000e+03
7.369204840034448978e+00 1.310066650390625000e+03
7.372639566130946065e+00 1.076709838867187500e+03
7.376074292227443152e+00 9.618302612304687500e+02
7.379509018323939351e+00 9.105479736328125000e+02
7.382943744420436438e+00 8.848593139648437500e+02
7.386378470516933525e+00 8.698281860351562500e+02
7.389813196613429724e+00 8.656342163085937500e+02
7.393247922709928588e+00 8.608329467773437500e+02
7.396682648806425675e+00 8.533911132812500000e+02
7.400117374902921874e+00 8.490534057617187500e+02
7.403552100999418961e+00 8.475402832031250000e+02
7.406986827095916048e+00 8.407344970703125000e+02
7.410421553192412247e+00 8.359863891601562500e+02
7.413856279288911111e+00 8.326517944335937500e+02
7.417291005385408198e+00 8.360963134765625000e+02
7.420725731481904397e+00 8.362312011718750000e+02
7.424160457578401484e+00 8.366697387695312500e+02
7.427595183674898571e+00 8.381671752929687500e+02
7.431029909771394770e+00 8.324455566406250000e+02
7.434464635867893634e+00 8.297418212890625000e+02
7.437899361964389833e+00 8.246994628906250000e+02
7.441334088060886920e+00 8.313025512695312500e+02
7.444768814157384007e+00 8.335927734375000000e+02
7.448203540253880206e+00 8.336614990234375000e+02
7.451638266350377293e+00 8.329485473632812500e+02
7.455072992446876157e+00 8.375779418945312500e+02
7.458507718543372356e+00 8.401972656250000000e+02
7.461942444639869443e+00 8.402383422851562500e+02
7.465377170736366530e+00 8.357554931640625000e+02
7.468811896832862729e+00 8.337020874023437500e+02
7.472246622929359816e+00 8.312120971679687500e+02
7.475681349025856903e+00 8.335837402343750000e+02
7.479116075122354879e+00 8.405468750000000000e+02
7.482550801218851966e+00 8.415009765625000000e+02
7.485985527315349053e+00 8.438450927734375000e+02
7.489420253411845252e+00 8.433642578125000000e+02
7.492854979508342339e+00 8.538023071289062500e+02
7.496289705604839426e+00 8.587953491210937500e+02
7.499724431701337402e+00 8.649323120117187500e+02
7.503159157797834489e+00 8.668370361328125000e+02
7.506593883894331576e+00 8.776757202148437500e+02
7.510028609990827775e+00 8.893598632812500000e+02
7.513463336087324862e+00 9.074443969726562500e+02
7.516898062183821949e+00 9.402052001953125000e+02
7.520332788280319924e+00 1.007879516601562500e+03
7.523767514376817012e+00 1.152216186523437500e+03
7.527202240473313211e+00 1.464908813476562500e+03
7.530636966569810298e+00 1.995630249023437500e+03
7.534071692666307385e+00 2.890655029296875000e+03
7.537506418762803584e+00 3.750308349609375000e+03
7.540941144859302447e+00 4.556793945312500000e+03
7.544375870955799535e+00 4.809192382812500000e+03
7.547810597052295734e+00 4.626879882812500000e+03
7.551245323148792821e+00 3.884333251953125000e+03
7.554680049245289908e+00 2.954315185546875000e+03
7.558114775341786107e+00 2.111054199218750000e+03
7.561549501438284970e+00 1.545092407226562500e+03
7.564984227534782057e+00 1.213321533203125000e+03
7.568418953631278256e+00 1.045996093750000000e+03
7.571853679727775344e+00 9.618385009765625000e+02
7.575288405824272431e+00 9.251234130859375000e+02
7.578723131920768630e+00 9.029747924804687500e+02
7.582157858017265717e+00 8.888554077148437500e+02
7.585592584113763692e+00 8.813730468750000000e+02
7.589027310210260779e+00 8.819398193359375000e+02
7.592462036306757867e+00 8.801251220703125000e+02
7.595896762403254954e+00 8.728580322265625000e+02
7.599331488499751153e+00 8.641329345703125000e+02
7.602766214596248240e+00 8.587536010742187500e+02
7.606200940692746215e+00 8.571841430664062500e+02
7.609635666789243302e+00 8.572343750000000000e+02
7.613070392885740389e+00 8.581401367187500000e+02
7.616505118982236588e+00 8.537996826171875000e+02
7.619939845078733676e+00 8.534597167968750000e+02
7.623374571175230763e+00 8.509461059570312500e+02
7.626809297271728738e+00 8.481098632812500000e+02
7.630244023368225825e+00 8.457009277343750000e+02
7.633678749464722912e+00 8.494517211914062500e+02
7.637113475561219111e+00 8.559407958984375000e+02
7.640548201657716199e+00 8.558548583984375000e+02
7.643982927754213286e+00 8.524792480468750000e+02
7.647417653850711261e+00 8.550398559570312500e+02
7.650852379947208348e+00 8.668357543945312500e+02
7.654287106043705435e+00 8.739329833984375000e+02
7.657721832140201634e+00 8.750506591796875000e+02
7.661156558236698721e+00 8.826323852539062500e+02
7.664591284333195809e+00 8.902604370117187500e+02
7.668026010429692008e+00 8.934731445312500000e+02
7.671460736526190871e+00 8.986957397460937500e+02
7.674895462622687070e+00 9.008370361328125000e+02
7.678330188719184157e+00 9.049907836914062500e+02
7.681764914815681244e+00 9.117490234375000000e+02
7.685199640912178332e+00 9.249606323242187500e+02
7.688634367008674531e+00 9.368925781250000000e+02
7.692069093105173394e+00 9.539972534179687500e+02
7.695503819201669593e+00 9.775094604492187500e+02
7.698938545298166680e+00 1.018903747558593750e+03
7.702373271394663767e+00 1.084408813476562500e+03
7.705807997491159966e+00 1.205289306640625000e+03
7.709242723587657053e+00 1.459907958984375000e+03
7.712677449684155917e+00 2.010883422851562500e+03
7.716112175780652116e+00 3.139560058593750000e+03
7.719546901877149203e+00 4.984336425781250000e+03
7.722981627973646290e+00 7.618952148437500000e+03
7.726416354070142489e+00 9.872392578125000000e+03
7.729851080166639576e+00 1.140797656250000000e+04
7.733285806263138440e+00 1.078175292968750000e+04
7.736720532359634639e+00 9.160553710937500000e+03
7.740155258456131726e+00 6.577143066406250000e+03
7.743589984552628813e+00 4.423190429687500000e+03
7.747024710649125012e+00 2.813443359375000000e+03
7.750459436745622099e+00 1.894150878906250000e+03
7.753894162842119187e+00 1.407788696289062500e+03
7.757328888938617162e+00 1.174131713867187500e+03
7.760763615035114249e+00 1.063363769531250000e+03
7.764198341131610448e+00 1.008664001464843750e+03
7.767633067228107535e+00 9.781464233398437500e+02
7.771067793324604622e+00 9.572451171875000000e+02
7.774502519421101709e+00 9.416408691406250000e+02
7.777937245517599685e+00 9.267277221679687500e+02
7.781371971614096772e+00 9.093163452148437500e+02
7.784806697710592971e+00 8.999230346679687500e+02
7.788241423807090058e+00 8.943523559570312500e+02
7.791676149903587145e+00 8.849232177734375000e+02
7.795110876000083344e+00 8.717448120117187500e+02
7.798545602096582208e+00 8.537982788085937500e+02
7.801980328193079295e+00 8.432434082031250000e+02
7.805415054289575494e+00 8.389843139648437500e+02
7.808849780386072581e+00 8.383690185546875000e+02
7.812284506482569668e+00 8.378896484375000000e+02
7.815719232579065867e+00 8.301907348632812500e+02
7.819153958675564731e+00 8.275174560546875000e+02
7.822588684772061818e+00 8.291837768554687500e+02
7.826023410868558017e+00 8.316536865234375000e+02
7.829458136965055104e+00 8.273790893554687500e+02
7.832892863061552191e+00 8.206853027343750000e+02
7.836327589158048390e+00 8.182742309570312500e+02
7.839762315254545477e+00 8.226291503906250000e+02
7.843197041351043453e+00 8.179070434570312500e+02
7.846631767447540540e+00 8.201440429687500000e+02
7.850066493544037627e+00 8.193759155273437500e+02
7.853501219640533826e+00 8.260942382812500000e+02
7.856935945737030913e+00 8.266376342773437500e+02
7.860370671833528000e+00 8.257255249023437500e+02
7.863805397930025975e+00 8.210248413085937500e+02
7.867240124026523063e+00 8.260644531250000000e+02
7.870674850123020150e+00 8.347623901367187500e+02
7.874109576219516349e+00 8.470303955078125000e+02
7.877544302316013436e+00 8.596145019531250000e+02
7.880979028412510523e+00 8.685078735351562500e+02
7.884413754509008498e+00 8.798182983398437500e+02
7.887848480605505586e+00 9.079720458984375000e+02
7.891283206702002673e+00 9.893850097656250000e+02
7.894717932798498872e+00 1.147186645507812500e+03
7.898152658894995959e+00 1.478926147460937500e+03
7.901587384991493046e+00 2.054708007812500000e+03
7.905022111087991021e+00 2.845827148437500000e+03
7.908456837184488109e+00 3.607576904296875000e+03
7.911891563280985196e+00 4.082632080078125000e+03
7.915326289377481395e+00 4.090048339843750000e+03
7.918761015473978482e+00 3.704513183593750000e+03
7.922195741570475569e+00 2.991691406250000000e+03
7.925630467666971768e+00 2.251636474609375000e+03
7.929065193763470631e+00 1.629885986328125000e+03
7.932499919859966830e+00 1.238223632812500000e+03
7.935934645956463918e+00 1.027336059570312500e+03
7.939369372052961005e+00 9.201102905273437500e+02
7.942804098149457204e+00 8.750966186523437500e+02
7.946238824245954291e+00 8.507520751953125000e+02
7.949673550342453154e+00 8.306311035156250000e+02
7.953108276438949353e+00 8.150734863281250000e+02
7.956543002535446441e+00 8.018026733398437500e+02
7.959977728631943528e+00 7.928977661132812500e+02
7.963412454728439727e+00 7.895516357421875000e+02
7.966847180824936814e+00 7.852406005859375000e+02
7.970281906921435677e+00 7.843815917968750000e+02
7.973716633017931876e+00 7.838634033203125000e+02
7.977151359114428963e+00 7.865670776367187500e+02
7.980586085210926051e+00 7.820521240234375000e+02
7.984020811307422250e+00 7.765769653320312500e+02
7.987455537403919337e+00 7.719449462890625000e+02
7.990890263500417312e+00 7.721264648437500000e+02
7.994324989596914399e+00 7.764427490234375000e+02
7.997759715693411486e+00 7.758154296875000000e+02
8.001194441789907685e+00 7.760574340820312500e+02
8.004629167886404773e+00 7.771251831054687500e+02
8.008063893982901860e+00 7.749589233398437500e+02
8.011498620079398947e+00 7.678626708984375000e+02
8.014933346175897810e+00 7.553019409179687500e+02
8.018368072272393121e+00 7.535760498046875000e+02
8.021802798368890208e+00 7.505614624023437500e+02
8.025237524465387295e+00 7.527923583984375000e+02
8.028672250561884383e+00 7.523580322265625000e+02
8.032106976658381470e+00 7.509606323242187500e+02
8.035541702754878557e+00 7.487658691406250000e+02
8.038976428851375644e+00 7.466220703125000000e+02
8.042411154947872731e+00 7.424747924804687500e+02
8.045845881044369818e+00 7.379812011718750000e+02
8.049280607140866906e+00 7.370142822265625000e+02
8.052715333237363993e+00 7.533352050781250000e+02
8.056150059333861080e+00 7.584224853515625000e+02
8.059584785430358167e+00 7.584391479492187500e+02
8.063019511526855254e+00 7.478292846679687500e+02
8.066454237623352341e+00 7.385702514648437500e+02
8.069888963719849428e+00 7.336729125976562500e+02
8.073323689816346516e+00 7.337940673828125000e+02
8.076758415912843603e+00 7.446705932617187500e+02
8.080193142009340690e+00 7.397938232421875000e+02
8.083627868105837777e+00 7.352944946289062500e+02
8.087062594202334864e+00 7.286980590820312500e+02
8.090497320298831951e+00 7.299482421875000000e+02
8.093932046395329039e+00 7.300947875976562500e+02
8.097366772491824349e+00 7.345426025390625000e+02
8.100801498588323213e+00 7.308642578125000000e+02
8.104236224684820300e+00 7.274827880859375000e+02
8.107670950781317387e+00 7.271697998046875000e+02
8.111105676877814474e+00 7.292101440429687500e+02
8.114540402974311561e+00 7.311224975585937500e+02
8.117975129070806872e+00 7.339728393554687500e+02
8.121409855167305736e+00 7.413533935546875000e+02
8.124844581263802823e+00 7.431849365234375000e+02
8.128279307360299910e+00 7.362406616210937500e+02
8.131714033456796997e+00 7.313187255859375000e+02
8.135148759553292308e+00 7.360382690429687500e+02
8.138583485649789395e+00 7.364104614257812500e+02
8.142018211746288259e+00 7.305334472656250000e+02
8.145452937842785346e+00 7.196733398437500000e+02
8.148887663939282433e+00 7.062604980468750000e+02
8.152322390035779520e+00 7.117864379882812500e+02
8.155757116132274831e+00 7.131146240234375000e+02
8.159191842228771918e+00 7.195501708984375000e+02
8.162626568325270782e+00 7.176260986328125000e+02
8.166061294421767869e+00 7.152890014648437500e+02
8.169496020518264956e+00 7.109883422851562500e+02
8.172930746614762043e+00 7.118977050781250000e+02
8.176365472711257354e+00 7.204730224609375000e+02
8.179800198807754441e+00 7.322001342773437500e+02
8.183234924904251528e+00 7.350859375000000000e+02
8.186669651000750392e+00 7.313574829101562500e+02
8.190104377097247479e+00 7.267802734375000000e+02
8.193539103193744566e+00 7.208148193359375000e+02
8.196973829290239877e+00 7.156941528320312500e+02
8.200408555386736964e+00 7.174586791992187500e+02
8.203843281483234051e+00 7.198485107421875000e+02
8.207278007579732915e+00 7.316060791015625000e+02
8.210712733676230002e+00 7.335285644531250000e+02
8.214147459772725313e+00 7.248352050781250000e+02
8.217582185869222400e+00 7.193797607421875000e+02
8.221016911965719487e+00 7.140570068359375000e+02
8.224451638062216574e+00 7.320820922851562500e+02
8.227886364158715438e+00 7.315074462890625000e+02
8.231321090255212525e+00 7.358489379882812500e+02
8.234755816351707836e+00 7.415476074218750000e+02
8.238190542448204923e+00 7.620458984375000000e+02
8.241625268544702010e+00 7.872117919921875000e+02
8.245059994641199097e+00 8.427713012695312500e+02
8.248494720737697961e+00 9.796322631835937500e+02
8.251929446834195048e+00 1.220082885742187500e+03
8.255364172930690358e+00 1.717601196289062500e+03
8.258798899027187446e+00 2.107521484375000000e+03
8.262233625123684533e+00 2.468459716796875000e+03
8.265668351220181620e+00 2.452781005859375000e+03
8.269103077316678707e+00 2.315760253906250000e+03
8.272537803413175794e+00 1.987400634765625000e+03
8.275972529509672881e+00 1.607425170898437500e+03
8.279407255606169969e+00 1.272537231445312500e+03
8.282841981702667056e+00 1.015154785156250000e+03
8.286276707799164143e+00 8.641343383789062500e+02
8.289711433895661230e+00 7.783773193359375000e+02
8.293146159992158317e+00 7.352395629882812500e+02
8.296580886088655404e+00 7.213381958007812500e+02
8.300015612185152492e+00 7.115509033203125000e+02
8.303450338281649579e+00 6.940819091796875000e+02
8.306885064378146666e+00 6.624057006835937500e+02
8.310319790474643753e+00 6.653870849609375000e+02
8.313754516571140840e+00 6.858430175781250000e+02
8.317189242667637927e+00 6.979771118164062500e+02
8.320623968764135014e+00 6.883346557617187500e+02
8.324058694860632102e+00 6.806990356445312500e+02
8.327493420957129189e+00 6.716658325195312500e+02
8.330928147053626276e+00 6.559293823242187500e+02
8.334362873150123363e+00 6.556072387695312500e+02
8.337797599246620450e+00 6.507477416992187500e+02
8.341232325343117537e+00 6.444611206054687500e+02
8.344667051439614625e+00 6.334354858398437500e+02
8.348101777536111712e+00 6.353719482421875000e+02
8.351536503632608799e+00 6.191964111328125000e+02
8.354971229729105886e+00 6.106432495117187500e+02
8.358405955825602973e+00 6.061791992187500000e+02
8.361840681922100060e+00 6.028927001953125000e+02
8.365275408018597147e+00 5.939882812500000000e+02
8.368710134115094235e+00 5.952897338867187500e+02
8.372144860211591322e+00 5.904537963867187500e+02
8.375579586308086633e+00 5.847884521484375000e+02
8.379014312404585496e+00 5.565919189453125000e+02
8.382449038501082583e+00 5.352687377929687500e+02
8.385883764597579670e+00 5.254826660156250000e+02
8.389318490694076758e+00 5.459750366210937500e+02
8.392753216790572068e+00 5.360924682617187500e+02
8.396187942887069156e+00 5.232421264648437500e+02
8.399622668983568019e+00 5.039284667968750000e+02
8.403057395080065106e+00 5.063074035644531250e+02
8.406492121176562193e+00 4.795590820312500000e+02
8.409926847273059280e+00 4.696035156250000000e+02
8.413361573369554591e+00 4.369337463378906250e+02
8.416796299466051678e+00 4.390319519042968750e+02
8.420231025562550542e+00 4.313160095214843750e+02
8.423665751659047629e+00 4.462636718750000000e+02
8.427100477755544716e+00 4.446704711914062500e+02
8.430535203852041803e+00 3.810067138671875000e+02
8.433969929948537114e+00 2.399811096191406250e+02
8.437404656045034201e+00 4.651752853393554688e+01
8.440839382141533065e+00 3.259770393371582031e+00
8.444274108238030152e+00 0.000000000000000000e+00
8.447708834334527239e+00 0.000000000000000000e+00
8.451143560431022550e+00 0.000000000000000000e+00
8.454578286527519637e+00 0.000000000000000000e+00
8.458013012624016724e+00 0.000000000000000000e+00
8.461447738720513811e+00 0.000000000000000000e+00
8.464882464817012675e+00 0.000000000000000000e+00
8.468317190913509762e+00 0.000000000000000000e+00
8.471751917010005073e+00 0.000000000000000000e+00
8.475186643106502160e+00 0.000000000000000000e+00
8.478621369202999247e+00 0.000000000000000000e+00
8.482056095299496334e+00 0.000000000000000000e+00
8.485490821395995198e+00 0.000000000000000000e+00
8.488925547492492285e+00 0.000000000000000000e+00
8.492360273588987596e+00 0.000000000000000000e+00
8.495794999685484683e+00 0.000000000000000000e+00
8.499229725781981770e+00 0.000000000000000000e+00
8.502664451878478857e+00 0.000000000000000000e+00
8.506099177974977721e+00 0.000000000000000000e+00
8.509533904071474808e+00 0.000000000000000000e+00
8.512968630167970119e+00 0.000000000000000000e+00
8.516403356264467206e+00 0.000000000000000000e+00
8.519838082360964293e+00 0.000000000000000000e+00
8.523272808457461380e+00 0.000000000000000000e+00
8.526707534553960244e+00 0.000000000000000000e+00
8.530142260650455555e+00 0.000000000000000000e+00
8.533576986746952642e+00 0.000000000000000000e+00
8.537011712843449729e+00 0.000000000000000000e+00
8.540446438939946816e+00 0.000000000000000000e+00
8.543881165036443903e+00 0.000000000000000000e+00
8.547315891132940990e+00 0.000000000000000000e+00
8.550750617229438078e+00 0.000000000000000000e+00
8.554185343325935165e+00 0.000000000000000000e+00
8.557620069422432252e+00 0.000000000000000000e+00
8.561054795518929339e+00 0.000000000000000000e+00
8.564489521615426426e+00 0.000000000000000000e+00
8.567924247711923513e+00 0.000000000000000000e+00
8.571358973808420600e+00 0.000000000000000000e+00
8.574793699904917688e+00 0.000000000000000000e+00
8.578228426001414775e+00 0.000000000000000000e+00
8.581663152097911862e+00 0.000000000000000000e+00
8.585097878194408949e+00 0.000000000000000000e+00
8.588532604290906036e+00 0.000000000000000000e+00
8.591967330387403123e+00 0.000000000000000000e+00
8.595402056483900211e+00 0.000000000000000000e+00
8.598836782580397298e+00 0.000000000000000000e+00
8.602271508676894385e+00 0.000000000000000000e+00
8.605706234773391472e+00 0.000000000000000000e+00
8.609140960869888559e+00 0.000000000000000000e+00
8.612575686966385646e+00 0.000000000000000000e+00
8.616010413062882733e+00 0.000000000000000000e+00
8.619445139159379821e+00 0.000000000000000000e+00
8.622879865255876908e+00 0.000000000000000000e+00
8.626314591352373995e+00 0.000000000000000000e+00
8.629749317448869306e+00 0.000000000000000000e+00
8.633184043545366393e+00 0.000000000000000000e+00
8.636618769641865256e+00 0.000000000000000000e+00
8.640053495738362344e+00 0.000000000000000000e+00
8.643488221834859431e+00 0.000000000000000000e+00
8.646922947931356518e+00 0.000000000000000000e+00
8.650357674027851829e+00 0.000000000000000000e+00
8.653792400124348916e+00 0.000000000000000000e+00
8.657227126220847779e+00 0.000000000000000000e+00
8.660661852317344866e+00 0.000000000000000000e+00
8.664096578413841954e+00 0.000000000000000000e+00
8.667531304510339041e+00 0.000000000000000000e+00
8.670966030606834352e+00 0.000000000000000000e+00
8.674400756703331439e+00 0.000000000000000000e+00
8.677835482799830302e+00 0.000000000000000000e+00
8.681270208896327389e+00 0.000000000000000000e+00
8.684704934992824477e+00 0.000000000000000000e+00
8.688139661089321564e+00 0.000000000000000000e+00
8.691574387185816875e+00 0.000000000000000000e+00
8.695009113282313962e+00 0.000000000000000000e+00
8.698443839378812825e+00 0.000000000000000000e+00
8.701878565475309912e+00 0.000000000000000000e+00
8.705313291571807000e+00 0.000000000000000000e+00
8.708748017668302310e+00 0.000000000000000000e+00
8.712182743764799397e+00 0.000000000000000000e+00
8.715617469861296485e+00 0.000000000000000000e+00
8.719052195957793572e+00 0.000000000000000000e+00
8.722486922054292435e+00 0.000000000000000000e+00
8.725921648150789522e+00 0.000000000000000000e+00
8.729356374247284833e+00 0.000000000000000000e+00
8.732791100343781920e+00 0.000000000000000000e+00
8.736225826440279008e+00 0.000000000000000000e+00
8.739660552536776095e+00 0.000000000000000000e+00
8.743095278633274958e+00 0.000000000000000000e+00
8.746530004729772045e+00 0.000000000000000000e+00
8.749964730826267356e+00 0.000000000000000000e+00
8.753399456922764443e+00 0.000000000000000000e+00
8.756834183019261530e+00 0.000000000000000000e+00
8.760268909115758618e+00 0.000000000000000000e+00
8.763703635212257481e+00 0.000000000000000000e+00
8.767138361308752792e+00 0.000000000000000000e+00
8.770573087405249879e+00 0.000000000000000000e+00
8.774007813501746966e+00 0.000000000000000000e+00
8.777442539598244053e+00 0.000000000000000000e+00
8.780877265694741141e+00 0.000000000000000000e+00
8.784311991791240004e+00 0.000000000000000000e+00
8.787746717887735315e+00 0.000000000000000000e+00
8.791181443984232402e+00 0.000000000000000000e+00
8.794616170080729489e+00 0.000000000000000000e+00
8.798050896177226576e+00 0.000000000000000000e+00
8.801485622273723664e+00 0.000000000000000000e+00
8.804920348370220751e+00 0.000000000000000000e+00
8.808355074466717838e+00 0.000000000000000000e+00
8.811789800563214925e+00 0.000000000000000000e+00
8.815224526659712012e+00 0.000000000000000000e+00
8.818659252756209099e+00 0.000000000000000000e+00
8.822093978852706186e+00 0.000000000000000000e+00
8.825528704949203274e+00 0.000000000000000000e+00
8.828963431045700361e+00 0.000000000000000000e+00
8.832398157142197448e+00 0.000000000000000000e+00
8.835832883238694535e+00 0.000000000000000000e+00
8.839267609335191622e+00 0.000000000000000000e+00
8.842702335431688709e+00 0.000000000000000000e+00
8.846137061528185797e+00 0.000000000000000000e+00
8.849571787624682884e+00 0.000000000000000000e+00
8.853006513721179971e+00 0.000000000000000000e+00
8.856441239817677058e+00 0.000000000000000000e+00
8.859875965914174145e+00 0.000000000000000000e+00
8.863310692010671232e+00 0.000000000000000000e+00
8.866745418107168319e+00 0.000000000000000000e+00
8.870180144203665407e+00 0.000000000000000000e+00
8.873614870300162494e+00 0.000000000000000000e+00
8.877049596396659581e+00 0.000000000000000000e+00
8.880484322493156668e+00 0.000000000000000000e+00
8.883919048589653755e+00 0.000000000000000000e+00
8.887353774686149066e+00 0.000000000000000000e+00
8.890788500782646153e+00 0.000000000000000000e+00
8.894223226879145017e+00 0.000000000000000000e+00
8.897657952975642104e+00 0.000000000000000000e+00
8.901092679072139191e+00 0.000000000000000000e+00
8.904527405168636278e+00 0.000000000000000000e+00
8.907962131265131589e+00 0.000000000000000000e+00
8.911396857361628676e+00 0.000000000000000000e+00
8.914831583458127540e+00 0.000000000000000000e+00
8.918266309554624627e+00 0.000000000000000000e+00
8.921701035651121714e+00 0.000000000000000000e+00
8.925135761747618801e+00 0.000000000000000000e+00
8.928570487844114112e+00 0.000000000000000000e+00
8.932005213940611199e+00 0.000000000000000000e+00
8.935439940037110063e+00 0.000000000000000000e+00
8.938874666133607150e+00 0.000000000000000000e+00
8.942309392230104237e+00 0.000000000000000000e+00
8.945744118326599548e+00 0.000000000000000000e+00
8.949178844423096635e+00 0.000000000000000000e+00
8.952613570519593722e+00 0.000000000000000000e+00
8.956048296616092586e+00 0.000000000000000000e+00
8.959483022712589673e+00 0.000000000000000000e+00
8.962917748809086760e+00 0.000000000000000000e+00
8.966352474905582071e+00 0.000000000000000000e+00
8.969787201002079158e+00 0.000000000000000000e+00
8.973221927098576245e+00 0.000000000000000000e+00
8.976656653195073332e+00 0.000000000000000000e+00
8.980091379291572196e+00 0.000000000000000000e+00
8.983526105388069283e+00 0.000000000000000000e+00
8.986960831484564594e+00 0.000000000000000000e+00
8.990395557581061681e+00 0.000000000000000000e+00
8.993830283677558768e+00 0.000000000000000000e+00
8.997265009774055855e+00 0.000000000000000000e+00
9.000699735870554719e+00 0.000000000000000000e+00
9.004134461967050029e+00 0.000000000000000000e+00
9.007569188063547116e+00 0.000000000000000000e+00
9.011003914160044204e+00 0.000000000000000000e+00
9.014438640256541291e+00 0.000000000000000000e+00
9.017873366353038378e+00 0.000000000000000000e+00
9.021308092449537241e+00 0.000000000000000000e+00
9.024742818546032552e+00 0.000000000000000000e+00
9.028177544642529639e+00 0.000000000000000000e+00
9.031612270739026727e+00 0.000000000000000000e+00
9.035046996835523814e+00 0.000000000000000000e+00
9.038481722932020901e+00 0.000000000000000000e+00
9.041916449028519764e+00 0.000000000000000000e+00
9.045351175125015075e+00 0.000000000000000000e+00
9.048785901221512162e+00 0.000000000000000000e+00
9.052220627318009250e+00 0.000000000000000000e+00
9.055655353414506337e+00 0.000000000000000000e+00
9.059090079511003424e+00 0.000000000000000000e+00
9.062524805607500511e+00 0.000000000000000000e+00
9.065959531703997598e+00 0.000000000000000000e+00
9.069394257800494685e+00 0.000000000000000000e+00
9.072828983896991772e+00 0.000000000000000000e+00
9.076263709993488860e+00 0.000000000000000000e+00
9.079698436089985947e+00 0.000000000000000000e+00
9.083133162186483034e+00 0.000000000000000000e+00
9.086567888282980121e+00 0.000000000000000000e+00
9.090002614379477208e+00 0.000000000000000000e+00
9.093437340475974295e+00 0.000000000000000000e+00
9.096872066572471383e+00 0.000000000000000000e+00
9.100306792668968470e+00 0.000000000000000000e+00
9.103741518765465557e+00 0.000000000000000000e+00
9.107176244861962644e+00 0.000000000000000000e+00
9.110610970958459731e+00 0.000000000000000000e+00
9.114045697054956818e+00 0.000000000000000000e+00
9.117480423151453905e+00 0.000000000000000000e+00
9.120915149247950993e+00 0.000000000000000000e+00
9.124349875344446303e+00 0.000000000000000000e+00
9.127784601440945167e+00 0.000000000000000000e+00
9.131219327537442254e+00 0.000000000000000000e+00
9.134654053633939341e+00 0.000000000000000000e+00
9.138088779730436428e+00 0.000000000000000000e+00
9.141523505826933516e+00 0.000000000000000000e+00
9.144958231923428826e+00 0.000000000000000000e+00
9.148392958019925914e+00 0.000000000000000000e+00
9.151827684116424777e+00 0.000000000000000000e+00
9.155262410212921864e+00 0.000000000000000000e+00
9.158697136309418951e+00 0.000000000000000000e+00
9.162131862405916038e+00 0.000000000000000000e+00
9.165566588502411349e+00 0.000000000000000000e+00
9.169001314598908436e+00 0.000000000000000000e+00
9.172436040695407300e+00 0.000000000000000000e+00
9.175870766791904387e+00 0.000000000000000000e+00
9.179305492888401474e+00 0.000000000000000000e+00
9.182740218984896785e+00 0.000000000000000000e+00
9.186174945081393872e+00 0.000000000000000000e+00
9.189609671177890959e+00 0.000000000000000000e+00
9.193044397274389823e+00 0.000000000000000000e+00
9.196479123370886910e+00 0.000000000000000000e+00
9.199913849467383997e+00 0.000000000000000000e+00
9.203348575563879308e+00 0.000000000000000000e+00
9.206783301660376395e+00 0.000000000000000000e+00
9.210218027756873482e+00 0.000000000000000000e+00
9.213652753853372346e+00 0.000000000000000000e+00
9.217087479949869433e+00 0.000000000000000000e+00
9.220522206046366520e+00 0.000000000000000000e+00
9.223956932142861831e+00 0.000000000000000000e+00
9.227391658239358918e+00 0.000000000000000000e+00
9.230826384335856005e+00 0.000000000000000000e+00
9.234261110432353092e+00 0.000000000000000000e+00
9.237695836528851956e+00 0.000000000000000000e+00
9.241130562625349043e+00 0.000000000000000000e+00
9.244565288721844354e+00 0.000000000000000000e+00
9.248000014818341441e+00 0.000000000000000000e+00
9.251434740914838528e+00 0.000000000000000000e+00
9.254869467011335615e+00 0.000000000000000000e+00
9.258304193107834479e+00 0.000000000000000000e+00
9.261738919204329790e+00 0.000000000000000000e+00
9.265173645300826877e+00 0.000000000000000000e+00
9.268608371397323964e+00 0.000000000000000000e+00
9.272043097493821051e+00 0.000000000000000000e+00
9.275477823590318138e+00 0.000000000000000000e+00
9.278912549686817002e+00 0.000000000000000000e+00
9.282347275783312313e+00 0.000000000000000000e+00
9.285782001879809400e+00 0.000000000000000000e+00
9.289216727976306487e+00 0.000000000000000000e+00
9.292651454072803574e+00 0.000000000000000000e+00
9.296086180169300661e+00 0.000000000000000000e+00
9.299520906265799525e+00 0.000000000000000000e+00
9.302955632362294836e+00 0.000000000000000000e+00
9.306390358458791923e+00 0.000000000000000000e+00
9.309825084555289010e+00 0.000000000000000000e+00
9.313259810651786097e+00 0.000000000000000000e+00
9.316694536748283184e+00 0.000000000000000000e+00
9.320129262844780271e+00 0.000000000000000000e+00
9.323563988941277358e+00 0.000000000000000000e+00
9.326998715037774446e+00 0.000000000000000000e+00
9.330433441134271533e+00 0.000000000000000000e+00
9.333868167230768620e+00 0.000000000000000000e+00
9.337302893327265707e+00 0.000000000000000000e+00
9.340737619423762794e+00 0.000000000000000000e+00
9.344172345520259881e+00 0.000000000000000000e+00
9.347607071616756969e+00 0.000000000000000000e+00
9.351041797713254056e+00 0.000000000000000000e+00
9.354476523809751143e+00 0.000000000000000000e+00
9.357911249906248230e+00 0.000000000000000000e+00
9.361345976002743541e+00 0.000000000000000000e+00
9.364780702099242404e+00 0.000000000000000000e+00
9.368215428195739491e+00 0.000000000000000000e+00
9.371650154292236579e+00 0.000000000000000000e+00
9.375084880388733666e+00 0.000000000000000000e+00
9.378519606485230753e+00 0.000000000000000000e+00
9.381954332581726064e+00 0.000000000000000000e+00
9.385389058678224927e+00 0.000000000000000000e+00
9.388823784774722014e+00 0.000000000000000000e+00
9.392258510871219102e+00 0.000000000000000000e+00
9.395693236967716189e+00 0.000000000000000000e+00
9.399127963064213276e+00 0.000000000000000000e+00
9.402562689160708587e+00 0.000000000000000000e+00
9.405997415257207450e+00 0.000000000000000000e+00
9.409432141353704537e+00 0.000000000000000000e+00
9.412866867450201624e+00 0.000000000000000000e+00
9.416301593546698712e+00 0.000000000000000000e+00
9.419736319643195799e+00 0.000000000000000000e+00
9.423171045739691110e+00 0.000000000000000000e+00
9.426605771836188197e+00 0.000000000000000000e+00
9.430040497932687060e+00 0.000000000000000000e+00
9.433475224029184147e+00 0.000000000000000000e+00
9.436909950125681235e+00 0.000000000000000000e+00
9.440344676222176545e+00 0.000000000000000000e+00
9.443779402318673633e+00 0.000000000000000000e+00
9.447214128415170720e+00 0.000000000000000000e+00
9.450648854511669583e+00 0.000000000000000000e+00
9.454083580608166670e+00 0.000000000000000000e+00
9.457518306704663758e+00 0.000000000000000000e+00
9.460953032801159068e+00 0.000000000000000000e+00
9.464387758897656155e+00 0.000000000000000000e+00
9.467822484994153243e+00 0.000000000000000000e+00
9.471257211090652106e+00 0.000000000000000000e+00
9.474691937187149193e+00 0.000000000000000000e+00
9.478126663283646280e+00 0.000000000000000000e+00
9.481561389380141591e+00 0.000000000000000000e+00
9.484996115476638678e+00 0.000000000000000000e+00
9.488430841573135766e+00 0.000000000000000000e+00
9.491865567669634629e+00 0.000000000000000000e+00
9.495300293766131716e+00 0.000000000000000000e+00
9.498735019862627027e+00 0.000000000000000000e+00
9.502169745959124114e+00 0.000000000000000000e+00
9.505604472055621201e+00 0.000000000000000000e+00
9.509039198152118288e+00 0.000000000000000000e+00
9.512473924248615376e+00 0.000000000000000000e+00
9.515908650345114239e+00 0.000000000000000000e+00
9.519343376441609550e+00 0.000000000000000000e+00
9.522778102538106637e+00 0.000000000000000000e+00
9.526212828634603724e+00 0.000000000000000000e+00
9.529647554731100811e+00 0.000000000000000000e+00
9.533082280827597899e+00 0.000000000000000000e+00
9.536517006924096762e+00 0.000000000000000000e+00
9.539951733020592073e+00 0.000000000000000000e+00
9.543386459117089160e+00 0.000000000000000000e+00
9.546821185213586247e+00 0.000000000000000000e+00
9.550255911310083334e+00 0.000000000000000000e+00
9.553690637406580421e+00 0.000000000000000000e+00
9.557125363503077509e+00 0.000000000000000000e+00
9.560560089599574596e+00 0.000000000000000000e+00
9.563994815696071683e+00 0.000000000000000000e+00
9.567429541792568770e+00 0.000000000000000000e+00
9.570864267889065857e+00 0.000000000000000000e+00
9.574298993985562944e+00 0.000000000000000000e+00
9.577733720082060032e+00 0.000000000000000000e+00
9.581168446178557119e+00 0.000000000000000000e+00
9.584603172275054206e+00 0.000000000000000000e+00
9.588037898371551293e+00 0.000000000000000000e+00
9.591472624468048380e+00 0.000000000000000000e+00
9.594907350564545467e+00 0.000000000000000000e+00
9.598342076661042555e+00 0.000000000000000000e+00
9.601776802757539642e+00 0.000000000000000000e+00
9.605211528854036729e+00 0.000000000000000000e+00
9.608646254950533816e+00 0.000000000000000000e+00
9.612080981047030903e+00 0.000000000000000000e+00
9.615515707143527990e+00 0.000000000000000000e+00
9.618950433240023301e+00 0.000000000000000000e+00
9.622385159336522165e+00 0.000000000000000000e+00
9.625819885433019252e+00 0.000000000000000000e+00
9.629254611529516339e+00 0.000000000000000000e+00
9.632689337626013426e+00 0.000000000000000000e+00
9.636124063722510513e+00 0.000000000000000000e+00
9.639558789819005824e+00 0.000000000000000000e+00
9.642993515915504688e+00 0.000000000000000000e+00
9.646428242012001775e+00 0.000000000000000000e+00
9.649862968108498862e+00 0.000000000000000000e+00
9.653297694204995949e+00 0.000000000000000000e+00
9.656732420301493036e+00 0.000000000000000000e+00
9.660167146397988347e+00 0.000000000000000000e+00
9.663601872494487210e+00 0.000000000000000000e+00
9.667036598590984298e+00 0.000000000000000000e+00
9.670471324687481385e+00 0.000000000000000000e+00
9.673906050783978472e+00 0.000000000000000000e+00
9.677340776880473783e+00 0.000000000000000000e+00
9.680775502976970870e+00 0.000000000000000000e+00
9.684210229073467957e+00 0.000000000000000000e+00
9.687644955169966821e+00 0.000000000000000000e+00
9.691079681266463908e+00 0.000000000000000000e+00
9.694514407362960995e+00 0.000000000000000000e+00
9.697949133459456306e+00 0.000000000000000000e+00
9.701383859555953393e+00 0.000000000000000000e+00
9.704818585652450480e+00 0.000000000000000000e+00
9.708253311748949343e+00 0.000000000000000000e+00
9.711688037845446431e+00 0.000000000000000000e+00
9.715122763941943518e+00 0.000000000000000000e+00
9.718557490038438829e+00 0.000000000000000000e+00
9.721992216134935916e+00 0.000000000000000000e+00
9.725426942231433003e+00 0.000000000000000000e+00
9.728861668327931866e+00 0.000000000000000000e+00
9.732296394424428954e+00 0.000000000000000000e+00
9.735731120520924264e+00 0.000000000000000000e+00
9.739165846617421352e+00 0.000000000000000000e+00
9.742600572713918439e+00 0.000000000000000000e+00
9.746035298810415526e+00 0.000000000000000000e+00
9.749470024906914389e+00 0.000000000000000000e+00
9.752904751003411477e+00 0.000000000000000000e+00
9.756339477099906787e+00 0.000000000000000000e+00
9.759774203196403874e+00 0.000000000000000000e+00
9.763208929292900962e+00 0.000000000000000000e+00
9.766643655389398049e+00 0.000000000000000000e+00
9.770078381485895136e+00 0.000000000000000000e+00
9.773513107582393999e+00 0.000000000000000000e+00
9.776947833678889310e+00 0.000000000000000000e+00
9.780382559775386397e+00 0.000000000000000000e+00
9.783817285871883485e+00 0.000000000000000000e+00
9.787252011968380572e+00 0.000000000000000000e+00
9.790686738064877659e+00 0.000000000000000000e+00
9.794121464161376522e+00 0.000000000000000000e+00
9.797556190257871833e+00 0.000000000000000000e+00
9.800990916354368920e+00 0.000000000000000000e+00
9.804425642450866007e+00 0.000000000000000000e+00
9.807860368547363095e+00 0.000000000000000000e+00
9.811295094643860182e+00 0.000000000000000000e+00
9.814729820740357269e+00 0.000000000000000000e+00
9.818164546836854356e+00 0.000000000000000000e+00
9.821599272933351443e+00 0.000000000000000000e+00
9.825033999029848530e+00 0.000000000000000000e+00
9.828468725126345618e+00 0.000000000000000000e+00
9.831903451222842705e+00 0.000000000000000000e+00
9.835338177319339792e+00 0.000000000000000000e+00
9.838772903415836879e+00 0.000000000000000000e+00
9.842207629512333966e+00 0.000000000000000000e+00
9.845642355608831053e+00 0.000000000000000000e+00
9.849077081705328141e+00 0.000000000000000000e+00
9.852511807801825228e+00 0.000000000000000000e+00
9.855946533898320538e+00 0.000000000000000000e+00
9.859381259994819402e+00 0.000000000000000000e+00
9.862815986091316489e+00 0.000000000000000000e+00
9.866250712187813576e+00 0.000000000000000000e+00
9.869685438284310663e+00 0.000000000000000000e+00
9.873120164380807751e+00 0.000000000000000000e+00
9.876554890477303061e+00 0.000000000000000000e+00
9.879989616573801925e+00 0.000000000000000000e+00
9.883424342670299012e+00 0.000000000000000000e+00
9.886859068766796099e+00 0.000000000000000000e+00
9.890293794863293186e+00 0.000000000000000000e+00
9.893728520959790274e+00 0.000000000000000000e+00
9.897163247056285584e+00 0.000000000000000000e+00
9.900597973152784448e+00 0.000000000000000000e+00
9.904032699249281535e+00 0.000000000000000000e+00
9.907467425345778622e+00 0.000000000000000000e+00
9.910902151442275709e+00 0.000000000000000000e+00
9.914336877538771020e+00 0.000000000000000000e+00
9.917771603635268107e+00 0.000000000000000000e+00
9.921206329731766971e+00 0.000000000000000000e+00
9.924641055828264058e+00 0.000000000000000000e+00
9.928075781924761145e+00 0.000000000000000000e+00
9.931510508021258232e+00 0.000000000000000000e+00
9.934945234117753543e+00 0.000000000000000000e+00
9.938379960214250630e+00 0.000000000000000000e+00
9.941814686310747717e+00 0.000000000000000000e+00
9.945249412407246581e+00 0.000000000000000000e+00
9.948684138503743668e+00 0.000000000000000000e+00
9.952118864600240755e+00 0.000000000000000000e+00
9.955553590696736066e+00 0.000000000000000000e+00
9.958988316793233153e+00 0.000000000000000000e+00
9.962423042889730240e+00 0.000000000000000000e+00
9.965857768986229104e+00 0.000000000000000000e+00
9.969292495082726191e+00 0.000000000000000000e+00
9.972727221179223278e+00 0.000000000000000000e+00
9.976161947275718589e+00 0.000000000000000000e+00
9.979596673372215676e+00 0.000000000000000000e+00
9.983031399468712763e+00 0.000000000000000000e+00
9.986466125565211627e+00 0.000000000000000000e+00
9.989900851661708714e+00 0.000000000000000000e+00
9.993335577758204025e+00 0.000000000000000000e+00
9.996770303854701112e+00 0.000000000000000000e+00
1.000020502995119820e+01 0.000000000000000000e+00
1.000363975604769529e+01 0.000000000000000000e+00
1.000707448214419415e+01 0.000000000000000000e+00
1.001050920824069124e+01 0.000000000000000000e+00
1.001394393433718655e+01 0.000000000000000000e+00
1.001737866043368363e+01 0.000000000000000000e+00
1.002081338653018072e+01 0.000000000000000000e+00
1.002424811262667781e+01 0.000000000000000000e+00
1.002768283872317490e+01 0.000000000000000000e+00
1.003111756481967376e+01 0.000000000000000000e+00
1.003455229091616907e+01 0.000000000000000000e+00
1.003798701701266616e+01 0.000000000000000000e+00
1.004142174310916324e+01 0.000000000000000000e+00
1.004485646920566033e+01 0.000000000000000000e+00
1.004829119530215742e+01 0.000000000000000000e+00
1.005172592139865451e+01 0.000000000000000000e+00
1.005516064749515159e+01 0.000000000000000000e+00
1.005859537359164868e+01 0.000000000000000000e+00
1.006203009968814577e+01 0.000000000000000000e+00
1.006546482578464285e+01 0.000000000000000000e+00
1.006889955188113994e+01 0.000000000000000000e+00
1.007233427797763703e+01 0.000000000000000000e+00
1.007576900407413412e+01 0.000000000000000000e+00
1.007920373017063120e+01 0.000000000000000000e+00
1.008263845626712829e+01 0.000000000000000000e+00
1.008607318236362538e+01 0.000000000000000000e+00
1.008950790846012247e+01 0.000000000000000000e+00
1.009294263455661955e+01 0.000000000000000000e+00
1.009637736065311664e+01 0.000000000000000000e+00
1.009981208674961373e+01 0.000000000000000000e+00
1.010324681284611081e+01 0.000000000000000000e+00
1.010668153894260790e+01 0.000000000000000000e+00
1.011011626503910499e+01 0.000000000000000000e+00
1.011355099113560208e+01 0.000000000000000000e+00
1.011698571723209916e+01 0.000000000000000000e+00
1.012042044332859625e+01 0.000000000000000000e+00
1.012385516942509334e+01 0.000000000000000000e+00
1.012728989552159042e+01 0.000000000000000000e+00
1.013072462161808751e+01 0.000000000000000000e+00
1.013415934771458282e+01 0.000000000000000000e+00
1.013759407381108169e+01 0.000000000000000000e+00
1.014102879990757877e+01 0.000000000000000000e+00
1.014446352600407586e+01 0.000000000000000000e+00
1.014789825210057295e+01 0.000000000000000000e+00
1.015133297819707003e+01 0.000000000000000000e+00
1.015476770429356534e+01 0.000000000000000000e+00
1.015820243039006421e+01 0.000000000000000000e+00
1.016163715648656130e+01 0.000000000000000000e+00
1.016507188258305838e+01 0.000000000000000000e+00
1.016850660867955547e+01 0.000000000000000000e+00
1.017194133477605078e+01 0.000000000000000000e+00
1.017537606087254787e+01 0.000000000000000000e+00
1.017881078696904673e+01 0.000000000000000000e+00
1.018224551306554382e+01 0.000000000000000000e+00
1.018568023916204091e+01 0.000000000000000000e+00
1.018911496525853799e+01 0.000000000000000000e+00
1.019254969135503330e+01 0.000000000000000000e+00
1.019598441745153039e+01 0.000000000000000000e+00
1.019941914354802925e+01 0.000000000000000000e+00
1.020285386964452634e+01 0.000000000000000000e+00
1.020628859574102343e+01 0.000000000000000000e+00
1.020972332183752052e+01 0.000000000000000000e+00
1.021315804793401583e+01 0.000000000000000000e+00
1.021659277403051291e+01 0.000000000000000000e+00
1.022002750012701000e+01 0.000000000000000000e+00
1.022346222622350886e+01 0.000000000000000000e+00
1.022689695232000595e+01 0.000000000000000000e+00
1.023033167841650126e+01 0.000000000000000000e+00
1.023376640451299835e+01 0.000000000000000000e+00
1.023720113060949544e+01 0.000000000000000000e+00
1.024063585670599252e+01 0.000000000000000000e+00
1.024407058280249139e+01 0.000000000000000000e+00
1.024750530889898847e+01 0.000000000000000000e+00
1.025094003499548378e+01 0.000000000000000000e+00
1.025437476109198087e+01 0.000000000000000000e+00
1.025780948718847796e+01 0.000000000000000000e+00
1.026124421328497505e+01 0.000000000000000000e+00
1.026467893938147391e+01 0.000000000000000000e+00
1.026811366547797100e+01 0.000000000000000000e+00
1.027154839157446631e+01 0.000000000000000000e+00
1.027498311767096340e+01 0.000000000000000000e+00
1.027841784376746048e+01 0.000000000000000000e+00
1.028185256986395757e+01 0.000000000000000000e+00
1.028528729596045643e+01 0.000000000000000000e+00
1.028872202205695174e+01 0.000000000000000000e+00
1.029215674815344883e+01 0.000000000000000000e+00
1.029559147424994592e+01 0.000000000000000000e+00
1.029902620034644301e+01 0.000000000000000000e+00
1.030246092644294009e+01 0.000000000000000000e+00
