# # sector 20: chi = 25.01 deg (range [20, 30))
# # columns: 2theta(deg)  intensity
1.716567758002242143e-03 4.090143737792968750e+02
5.149703274006726429e-03 4.217073059082031250e+02
8.582838790011209848e-03 3.758718872070312500e+02
1.201597430601569587e-02 3.248355407714843750e+02
1.544910982202017842e-02 2.611303405761718750e+02
1.888224533802465924e-02 2.501034545898437500e+02
2.231538085402914526e-02 2.347668151855468750e+02
2.574851637003363128e-02 2.302245635986328125e+02
2.918165188603811730e-02 2.053663177490234375e+02
3.261478740204259985e-02 1.872302398681640625e+02
3.604792291804708587e-02 1.255570297241210938e+02
3.948105843405157189e-02 1.037713623046875000e+02
4.291419395005605791e-02 1.153589172363281250e+02
4.634732946606053700e-02 1.320602722167968750e+02
4.978046498206502302e-02 1.202246322631835938e+02
5.321360049806950904e-02 1.674976501464843750e+02
5.664673601407399506e-02 2.279915008544921875e+02
6.007987153007848108e-02 2.087284393310546875e+02
6.351300704608295322e-02 1.319580078125000000e+02
6.694614256208744618e-02 9.067622375488281250e+01
7.037927807809192526e-02 6.766031646728515625e+01
7.381241359409640435e-02 7.016020965576171875e+01
7.724554911010089731e-02 5.928950881958007812e+01
8.067868462610537639e-02 7.255882263183593750e+01
8.411182014210986935e-02 9.063893127441406250e+01
8.754495565811434843e-02 1.053488998413085938e+02
9.097809117411882751e-02 1.113926315307617188e+02
9.441122669012332047e-02 1.121504898071289062e+02
9.784436220612781343e-02 8.685821533203125000e+01
1.012774977221322786e-01 1.085798034667968750e+02
1.047106332381367716e-01 1.786269531250000000e+02
1.081437687541412507e-01 1.976535644531250000e+02
1.115769042701457436e-01 2.004832305908203125e+02
1.150100397861502227e-01 1.845369415283203125e+02
1.184431753021547157e-01 2.194022827148437500e+02
1.218763108181591809e-01 1.915855560302734375e+02
1.253094463341636600e-01 1.635062255859375000e+02
1.287425818501681529e-01 1.156898574829101562e+02
1.321757173661726459e-01 8.897552490234375000e+01
1.356088528821771388e-01 9.145159912109375000e+01
1.390419883981816040e-01 1.150265274047851562e+02
1.424751239141860970e-01 1.563300476074218750e+02
1.459082594301905900e-01 1.417100067138671875e+02
1.493413949461950552e-01 1.403221588134765625e+02
1.527745304621995481e-01 1.204191818237304688e+02
1.562076659782040411e-01 1.591763458251953125e+02
1.596408014942085063e-01 1.260220108032226562e+02
1.630739370102129993e-01 1.495207672119140625e+02
1.665070725262174922e-01 1.249164276123046875e+02
1.699402080422219852e-01 1.289978637695312500e+02
1.733733435582264504e-01 1.174040451049804688e+02
1.768064790742309156e-01 1.533498535156250000e+02
1.802396145902354085e-01 1.853884582519531250e+02
1.836727501062399015e-01 1.972171630859375000e+02
1.871058856222443945e-01 1.974268035888671875e+02
1.905390211382488874e-01 1.770625610351562500e+02
1.939721566542533804e-01 2.014377441406250000e+02
1.974052921702578456e-01 2.040833129882812500e+02
2.008384276862623385e-01 2.447969818115234375e+02
2.042715632022668037e-01 2.085039672851562500e+02
2.077046987182712967e-01 2.814273376464843750e+02
2.111378342342757897e-01 4.502554931640625000e+02
2.145709697502802549e-01 7.866377563476562500e+02
2.180041052662847478e-01 1.148833984375000000e+03
2.214372407822892408e-01 1.551182373046875000e+03
2.248703762982937338e-01 1.775768554687500000e+03
2.283035118142981990e-01 1.866491088867187500e+03
2.317366473303026919e-01 1.917504394531250000e+03
2.351697828463071849e-01 1.948694580078125000e+03
2.386029183623116778e-01 1.967707885742187500e+03
2.420360538783161153e-01 1.970791015625000000e+03
2.454691893943206082e-01 1.963412231445312500e+03
2.489023249103251012e-01 1.952164428710937500e+03
2.523354604263295942e-01 1.950771606445312500e+03
2.557685959423340871e-01 1.952873046875000000e+03
2.592017314583385801e-01 1.986903442382812500e+03
2.626348669743430730e-01 1.989258056640625000e+03
2.660680024903475660e-01 2.033248168945312500e+03
2.695011380063520035e-01 2.052125732421875000e+03
2.729342735223564964e-01 2.054781250000000000e+03
2.763674090383609339e-01 2.037244873046875000e+03
2.798005445543654268e-01 2.038461547851562500e+03
2.832336800703699198e-01 2.049521484375000000e+03
2.866668155863744127e-01 2.044713012695312500e+03
2.900999511023789057e-01 2.068154785156250000e+03
2.935330866183833987e-01 2.091658935546875000e+03
2.969662221343878916e-01 2.094816650390625000e+03
3.003993576503923846e-01 2.061386474609375000e+03
3.038324931663968775e-01 2.081071289062500000e+03
3.072656286824013705e-01 2.120754638671875000e+03
3.106987641984058635e-01 2.173336181640625000e+03
3.141318997144103009e-01 2.209995849609375000e+03
3.175650352304147939e-01 2.288044433593750000e+03
3.209981707464192868e-01 2.346995849609375000e+03
3.244313062624237243e-01 2.390712890625000000e+03
3.278644417784282172e-01 2.382031982421875000e+03
3.312975772944327102e-01 2.384735351562500000e+03
3.347307128104372032e-01 2.381295166015625000e+03
3.381638483264416961e-01 2.419390380859375000e+03
3.415969838424461891e-01 2.450205810546875000e+03
3.450301193584506820e-01 2.471613037109375000e+03
3.484632548744551750e-01 2.464832275390625000e+03
3.518963903904596124e-01 2.490550048828125000e+03
3.553295259064641054e-01 2.550525146484375000e+03
3.587626614224685984e-01 2.601016357421875000e+03
3.621957969384730913e-01 2.614989013671875000e+03
3.656289324544775843e-01 2.597334472656250000e+03
3.690620679704820772e-01 2.590847900390625000e+03
3.724952034864865702e-01 2.599142822265625000e+03
3.759283390024910076e-01 2.596539306640625000e+03
3.793614745184955006e-01 2.598107910156250000e+03
3.827946100344999936e-01 2.616221923828125000e+03
3.862277455505044865e-01 2.668333496093750000e+03
3.896608810665089240e-01 2.704449462890625000e+03
3.930940165825134169e-01 2.731787109375000000e+03
3.965271520985179099e-01 2.746183837890625000e+03
3.999602876145224029e-01 2.742064208984375000e+03
4.033934231305268958e-01 2.751977783203125000e+03
4.068265586465313888e-01 2.758496093750000000e+03
4.102596941625358817e-01 2.790112060546875000e+03
4.136928296785403747e-01 2.794268554687500000e+03
4.171259651945448677e-01 2.795435058593750000e+03
4.205591007105493606e-01 2.814462890625000000e+03
4.239922362265537981e-01 2.823347656250000000e+03
4.274253717425582910e-01 2.844043701171875000e+03
4.308585072585627285e-01 2.851025878906250000e+03
4.342916427745672214e-01 2.866733398437500000e+03
4.377247782905717144e-01 2.847264892578125000e+03
4.411579138065762073e-01 2.848360595703125000e+03
4.445910493225807003e-01 2.886731445312500000e+03
4.480241848385851933e-01 2.957473144531250000e+03
4.514573203545896862e-01 2.998345703125000000e+03
4.548904558705941792e-01 2.986341064453125000e+03
4.583235913865986721e-01 2.966829101562500000e+03
4.617567269026031651e-01 2.972158691406250000e+03
4.651898624186076581e-01 2.987495117187500000e+03
4.686229979346121510e-01 3.009925292968750000e+03
4.720561334506166440e-01 3.036368652343750000e+03
4.754892689666211369e-01 3.082026611328125000e+03
4.789224044826255189e-01 3.131551269531250000e+03
4.823555399986300118e-01 3.162061523437500000e+03
4.857886755146345048e-01 3.169030029296875000e+03
4.892218110306389423e-01 3.168558593750000000e+03
4.926549465466434352e-01 3.162479003906250000e+03
4.960880820626479282e-01 3.168838867187500000e+03
4.995212175786524211e-01 3.171600341796875000e+03
5.029543530946569696e-01 3.178938720703125000e+03
5.063874886106614071e-01 3.160853759765625000e+03
5.098206241266658445e-01 3.149878173828125000e+03
5.132537596426703930e-01 3.105953857421875000e+03
5.166868951586748304e-01 3.107868164062500000e+03
5.201200306746793789e-01 3.092651123046875000e+03
5.235531661906838163e-01 3.110203369140625000e+03
5.269863017066883648e-01 3.121948486328125000e+03
5.304194372226928023e-01 3.150201416015625000e+03
5.338525727386973507e-01 3.165038818359375000e+03
5.372857082547017882e-01 3.170559570312500000e+03
5.407188437707063366e-01 3.160918457031250000e+03
5.441519792867107741e-01 3.135407714843750000e+03
5.475851148027153226e-01 3.111411132812500000e+03
5.510182503187196490e-01 3.089926513671875000e+03
5.544513858347241975e-01 3.106156005859375000e+03
5.578845213507286349e-01 3.125601318359375000e+03
5.613176568667331834e-01 3.151430175781250000e+03
5.647507923827376208e-01 3.155185302734375000e+03
5.681839278987420583e-01 3.173172851562500000e+03
5.716170634147466068e-01 3.160745849609375000e+03
5.750501989307510442e-01 3.139586425781250000e+03
5.784833344467555927e-01 3.123427978515625000e+03
5.819164699627600301e-01 3.137849121093750000e+03
5.853496054787645786e-01 3.158177001953125000e+03
5.887827409947690160e-01 3.146800048828125000e+03
5.922158765107735645e-01 3.149118164062500000e+03
5.956490120267780020e-01 3.143583007812500000e+03
5.990821475427825504e-01 3.139540771484375000e+03
6.025152830587869879e-01 3.127311279296875000e+03
6.059484185747915364e-01 3.128057128906250000e+03
6.093815540907959738e-01 3.120250244140625000e+03
6.128146896068004112e-01 3.113428222656250000e+03
6.162478251228049597e-01 3.099380126953125000e+03
6.196809606388093972e-01 3.113437255859375000e+03
6.231140961548139456e-01 3.121177978515625000e+03
6.265472316708182721e-01 3.144420410156250000e+03
6.299803671868228205e-01 3.144586425781250000e+03
6.334135027028272580e-01 3.130001220703125000e+03
6.368466382188318065e-01 3.123415283203125000e+03
6.402797737348362439e-01 3.127677490234375000e+03
6.437129092508407924e-01 3.137336914062500000e+03
6.471460447668452298e-01 3.138622314453125000e+03
6.505791802828497783e-01 3.125426513671875000e+03
6.540123157988542157e-01 3.132437255859375000e+03
6.574454513148587642e-01 3.123529541015625000e+03
6.608785868308632017e-01 3.139594238281250000e+03
6.643117223468677501e-01 3.128518310546875000e+03
6.677448578628721876e-01 3.134782958984375000e+03
6.711779933788766250e-01 3.155253906250000000e+03
6.746111288948811735e-01 3.192523437500000000e+03
6.780442644108856109e-01 3.204589843750000000e+03
6.814773999268901594e-01 3.204628417968750000e+03
6.849105354428945969e-01 3.192027587890625000e+03
6.883436709588991453e-01 3.175564941406250000e+03
6.917768064749035828e-01 3.167559326171875000e+03
6.952099419909081313e-01 3.176623779296875000e+03
6.986430775069124577e-01 3.185339355468750000e+03
7.020762130229170062e-01 3.212198730468750000e+03
7.055093485389214436e-01 3.231642578125000000e+03
7.089424840549259921e-01 3.246917724609375000e+03
7.123756195709304295e-01 3.235468750000000000e+03
7.158087550869349780e-01 3.221851806640625000e+03
7.192418906029394154e-01 3.208269775390625000e+03
7.226750261189439639e-01 3.211893554687500000e+03
7.261081616349484014e-01 3.211169189453125000e+03
7.295412971509528388e-01 3.221354980468750000e+03
7.329744326669573873e-01 3.235683105468750000e+03
7.364075681829618247e-01 3.234030761718750000e+03
7.398407036989663732e-01 3.222529785156250000e+03
7.432738392149708107e-01 3.230093750000000000e+03
7.467069747309753591e-01 3.254708251953125000e+03
7.501401102469797966e-01 3.273534179687500000e+03
7.535732457629843450e-01 3.249997558593750000e+03
7.570063812789887825e-01 3.212290039062500000e+03
7.604395167949933310e-01 3.203398681640625000e+03
7.638726523109977684e-01 3.211135986328125000e+03
7.673057878270023169e-01 3.217320800781250000e+03
7.707389233430067543e-01 3.204979003906250000e+03
7.741720588590111918e-01 3.201185791015625000e+03
7.776051943750156292e-01 3.195980224609375000e+03
7.810383298910200667e-01 3.196249023437500000e+03
7.844714654070246151e-01 3.197236572265625000e+03
7.879046009230290526e-01 3.200019531250000000e+03
7.913377364390336011e-01 3.208810302734375000e+03
7.947708719550380385e-01 3.226505371093750000e+03
7.982040074710425870e-01 3.227453613281250000e+03
8.016371429870470244e-01 3.224263916015625000e+03
8.050702785030515729e-01 3.238244628906250000e+03
8.085034140190560104e-01 3.229748535156250000e+03
8.119365495350605588e-01 3.216903808593750000e+03
8.153696850510649963e-01 3.198652343750000000e+03
8.188028205670695447e-01 3.208588623046875000e+03
8.222359560830739822e-01 3.204820068359375000e+03
8.256690915990785307e-01 3.216851074218750000e+03
8.291022271150829681e-01 3.227732666015625000e+03
8.325353626310874056e-01 3.253223876953125000e+03
8.359684981470919540e-01 3.253617187500000000e+03
8.394016336630963915e-01 3.230207763671875000e+03
8.428347691791009400e-01 3.217278564453125000e+03
8.462679046951052664e-01 3.205309570312500000e+03
8.497010402111098148e-01 3.205600341796875000e+03
8.531341757271142523e-01 3.203029052734375000e+03
8.565673112431188008e-01 3.216109130859375000e+03
8.600004467591232382e-01 3.217117431640625000e+03
8.634335822751277867e-01 3.211283691406250000e+03
8.668667177911322241e-01 3.211240234375000000e+03
8.702998533071367726e-01 3.239089355468750000e+03
8.737329888231412101e-01 3.244308105468750000e+03
8.771661243391457585e-01 3.244126220703125000e+03
8.805992598551501960e-01 3.229129638671875000e+03
8.840323953711546334e-01 3.219772460937500000e+03
8.874655308871591819e-01 3.216184814453125000e+03
8.908986664031636193e-01 3.210813964843750000e+03
8.943318019191681678e-01 3.208508056640625000e+03
8.977649374351724942e-01 3.202259765625000000e+03
9.011980729511770427e-01 3.195170166015625000e+03
9.046312084671814802e-01 3.193056884765625000e+03
9.080643439831860286e-01 3.193219970703125000e+03
9.114974794991904661e-01 3.203936035156250000e+03
9.149306150151950145e-01 3.216500976562500000e+03
9.183637505311994520e-01 3.214748046875000000e+03
9.217968860472040005e-01 3.217032958984375000e+03
9.252300215632084379e-01 3.206822021484375000e+03
9.286631570792129864e-01 3.198552490234375000e+03
9.320962925952174238e-01 3.192378906250000000e+03
9.355294281112219723e-01 3.207824951171875000e+03
9.389625636272264098e-01 3.225720458984375000e+03
9.423956991432308472e-01 3.229860839843750000e+03
9.458288346592353957e-01 3.220415039062500000e+03
9.492619701752398331e-01 3.227618408203125000e+03
9.526951056912443816e-01 3.229236572265625000e+03
9.561282412072487080e-01 3.229777099609375000e+03
9.595613767232531455e-01 3.219557861328125000e+03
9.629945122392575829e-01 3.235960205078125000e+03
9.664276477552621314e-01 3.244420898437500000e+03
9.698607832712665688e-01 3.232520019531250000e+03
9.732939187872711173e-01 3.207200683593750000e+03
9.767270543032755548e-01 3.196762207031250000e+03
9.801601898192801032e-01 3.205857421875000000e+03
9.835933253352845407e-01 3.223859130859375000e+03
9.870264608512890891e-01 3.230840820312500000e+03
9.904595963672935266e-01 3.233803466796875000e+03
9.938927318832980751e-01 3.255610595703125000e+03
9.973258673993025125e-01 3.268363281250000000e+03
1.000759002915307061e+00 3.250803466796875000e+03
1.004192138431311498e+00 3.224317871093750000e+03
1.007625273947315936e+00 3.214492919921875000e+03
1.011058409463320373e+00 3.236000244140625000e+03
1.014491544979325033e+00 3.239211669921875000e+03
1.017924680495329470e+00 3.260054687500000000e+03
1.021357816011333908e+00 3.248621093750000000e+03
1.024790951527338345e+00 3.229791259765625000e+03
1.028224087043343005e+00 3.186670410156250000e+03
1.031657222559347442e+00 3.168746093750000000e+03
1.035090358075351880e+00 3.179466064453125000e+03
1.038523493591356317e+00 3.189922851562500000e+03
1.041956629107360977e+00 3.197549316406250000e+03
1.045389764623365414e+00 3.198335937500000000e+03
1.048822900139369851e+00 3.201911376953125000e+03
1.052256035655374289e+00 3.197472167968750000e+03
1.055689171171378726e+00 3.209595703125000000e+03
1.059122306687383386e+00 3.212687988281250000e+03
1.062555442203387823e+00 3.204544921875000000e+03
1.065988577719392261e+00 3.189444580078125000e+03
1.069421713235396698e+00 3.201612792968750000e+03
1.072854848751401358e+00 3.204640380859375000e+03
1.076287984267405795e+00 3.207190185546875000e+03
1.079721119783410233e+00 3.204329833984375000e+03
1.083154255299414670e+00 3.214860595703125000e+03
1.086587390815419329e+00 3.223755371093750000e+03
1.090020526331423767e+00 3.233992919921875000e+03
1.093453661847428204e+00 3.223262939453125000e+03
1.096886797363432642e+00 3.214997314453125000e+03
1.100319932879437079e+00 3.214019775390625000e+03
1.103753068395441517e+00 3.209609863281250000e+03
1.107186203911445954e+00 3.206889892578125000e+03
1.110619339427450392e+00 3.204031250000000000e+03
1.114052474943455051e+00 3.203297363281250000e+03
1.117485610459459489e+00 3.195473144531250000e+03
1.120918745975463926e+00 3.203275634765625000e+03
1.124351881491468363e+00 3.205367919921875000e+03
1.127785017007472801e+00 3.211255859375000000e+03
1.131218152523477460e+00 3.220786376953125000e+03
1.134651288039481898e+00 3.231532958984375000e+03
1.138084423555486335e+00 3.238250000000000000e+03
1.141517559071490773e+00 3.214835693359375000e+03
1.144950694587495432e+00 3.195592041015625000e+03
1.148383830103499870e+00 3.176780517578125000e+03
1.151816965619504307e+00 3.167539794921875000e+03
1.155250101135508745e+00 3.160880371093750000e+03
1.158683236651513404e+00 3.156692138671875000e+03
1.162116372167517842e+00 3.155530029296875000e+03
1.165549507683522279e+00 3.152901123046875000e+03
1.168982643199526716e+00 3.155829589843750000e+03
1.172415778715531154e+00 3.164025634765625000e+03
1.175848914231535813e+00 3.174218017578125000e+03
1.179282049747540251e+00 3.190123535156250000e+03
1.182715185263544688e+00 3.193352539062500000e+03
1.186148320779549126e+00 3.187724121093750000e+03
1.189581456295553785e+00 3.175869628906250000e+03
1.193014591811558223e+00 3.179346435546875000e+03
1.196447727327562660e+00 3.188027832031250000e+03
1.199880862843567098e+00 3.177135498046875000e+03
1.203313998359571757e+00 3.164063232421875000e+03
1.206747133875576194e+00 3.156067626953125000e+03
1.210180269391580632e+00 3.149338134765625000e+03
1.213613404907585069e+00 3.145291503906250000e+03
1.217046540423589507e+00 3.144456054687500000e+03
1.220479675939594166e+00 3.158186279296875000e+03
1.223912811455598604e+00 3.172654052734375000e+03
1.227345946971603041e+00 3.165307861328125000e+03
1.230779082487607479e+00 3.151382324218750000e+03
1.234212218003612138e+00 3.140548095703125000e+03
1.237645353519616576e+00 3.138708007812500000e+03
1.241078489035621013e+00 3.130333007812500000e+03
1.244511624551625451e+00 3.126884033203125000e+03
1.247944760067629888e+00 3.136765136718750000e+03
1.251377895583634325e+00 3.121886718750000000e+03
1.254811031099638763e+00 3.112745361328125000e+03
1.258244166615643200e+00 3.104726562500000000e+03
1.261677302131647860e+00 3.127566650390625000e+03
1.265110437647652297e+00 3.136389892578125000e+03
1.268543573163656735e+00 3.150909423828125000e+03
1.271976708679661172e+00 3.137270019531250000e+03
1.275409844195665832e+00 3.119012695312500000e+03
1.278842979711670269e+00 3.101315185546875000e+03
1.282276115227674707e+00 3.108810302734375000e+03
1.285709250743679144e+00 3.125596191406250000e+03
1.289142386259683581e+00 3.122671142578125000e+03
1.292575521775688241e+00 3.123439941406250000e+03
1.296008657291692678e+00 3.105730957031250000e+03
1.299441792807697116e+00 3.118178466796875000e+03
1.302874928323701553e+00 3.113760742187500000e+03
1.306308063839706213e+00 3.128014160156250000e+03
1.309741199355710650e+00 3.131016601562500000e+03
1.313174334871715088e+00 3.133552001953125000e+03
1.316607470387719525e+00 3.119398681640625000e+03
1.320040605903724185e+00 3.102374755859375000e+03
1.323473741419728622e+00 3.098148437500000000e+03
1.326906876935733059e+00 3.104638671875000000e+03
1.330340012451737497e+00 3.116992431640625000e+03
1.333773147967741934e+00 3.108069824218750000e+03
1.337206283483746594e+00 3.116422607421875000e+03
1.340639418999751031e+00 3.105709228515625000e+03
1.344072554515755469e+00 3.106137451171875000e+03
1.347505690031759906e+00 3.093064941406250000e+03
1.350938825547764566e+00 3.095176757812500000e+03
1.354371961063769003e+00 3.098257568359375000e+03
1.357805096579773441e+00 3.113253173828125000e+03
1.361238232095777878e+00 3.128622558593750000e+03
1.364671367611782538e+00 3.121953369140625000e+03
1.368104503127786975e+00 3.101926269531250000e+03
1.371537638643791412e+00 3.086330322265625000e+03
1.374970774159795850e+00 3.067851562500000000e+03
1.378403909675800287e+00 3.056523925781250000e+03
1.381837045191804947e+00 3.050082519531250000e+03
1.385270180707809384e+00 3.053031982421875000e+03
1.388703316223813822e+00 3.040899414062500000e+03
1.392136451739818259e+00 3.021952148437500000e+03
1.395569587255822697e+00 3.030403564453125000e+03
1.399002722771827134e+00 3.052394042968750000e+03
1.402435858287831572e+00 3.077185546875000000e+03
1.405868993803836009e+00 3.072535400390625000e+03
1.409302129319840668e+00 3.065800292968750000e+03
1.412735264835845106e+00 3.058624023437500000e+03
1.416168400351849543e+00 3.065341552734375000e+03
1.419601535867853981e+00 3.062581054687500000e+03
1.423034671383858640e+00 3.048388427734375000e+03
1.426467806899863078e+00 3.038685546875000000e+03
1.429900942415867515e+00 3.021729248046875000e+03
1.433334077931871953e+00 3.036839355468750000e+03
1.436767213447876390e+00 3.041370117187500000e+03
1.440200348963881050e+00 3.075299072265625000e+03
1.443633484479885487e+00 3.072459228515625000e+03
1.447066619995889925e+00 3.080860351562500000e+03
1.450499755511894362e+00 3.058096435546875000e+03
1.453932891027899021e+00 3.043576904296875000e+03
1.457366026543903459e+00 3.038150634765625000e+03
1.460799162059907896e+00 3.027052978515625000e+03
1.464232297575912334e+00 3.004672851562500000e+03
1.467665433091916993e+00 2.994566894531250000e+03
1.471098568607921431e+00 2.989656250000000000e+03
1.474531704123925868e+00 2.986480957031250000e+03
1.477964839639930306e+00 2.974491943359375000e+03
1.481397975155934965e+00 2.970603271484375000e+03
1.484831110671939403e+00 2.978079833984375000e+03
1.488264246187943840e+00 2.985133056640625000e+03
1.491697381703948277e+00 2.983838378906250000e+03
1.495130517219952715e+00 2.968245605468750000e+03
1.498563652735957374e+00 2.968737792968750000e+03
1.501996788251961812e+00 2.977348632812500000e+03
1.505429923767966249e+00 2.984776611328125000e+03
1.508863059283970687e+00 2.979154785156250000e+03
1.512296194799975346e+00 2.979828125000000000e+03
1.515729330315979784e+00 2.979169921875000000e+03
1.519162465831984221e+00 2.963926025390625000e+03
1.522595601347988659e+00 2.941872070312500000e+03
1.526028736863993318e+00 2.934439453125000000e+03
1.529461872379997756e+00 2.950480224609375000e+03
1.532895007896002193e+00 2.952286132812500000e+03
1.536328143412006630e+00 2.944627929687500000e+03
1.539761278928011068e+00 2.945038818359375000e+03
1.543194414444015505e+00 2.951324707031250000e+03
1.546627549960019943e+00 2.953372802734375000e+03
1.550060685476024380e+00 2.955936279296875000e+03
1.553493820992028818e+00 2.941328613281250000e+03
1.556926956508033477e+00 2.932701660156250000e+03
1.560360092024037915e+00 2.917151367187500000e+03
1.563793227540042352e+00 2.902867919921875000e+03
1.567226363056046790e+00 2.884783447265625000e+03
1.570659498572051449e+00 2.885808349609375000e+03
1.574092634088055886e+00 2.901947753906250000e+03
1.577525769604060324e+00 2.899613525390625000e+03
1.580958905120064761e+00 2.895414550781250000e+03
1.584392040636069421e+00 2.896431152343750000e+03
1.587825176152073858e+00 2.911442871093750000e+03
1.591258311668078296e+00 2.918496093750000000e+03
1.594691447184082733e+00 2.940968261718750000e+03
1.598124582700087171e+00 2.956617431640625000e+03
1.601557718216091830e+00 2.965102050781250000e+03
1.604990853732096268e+00 2.966582031250000000e+03
1.608423989248100705e+00 2.971553710937500000e+03
1.611857124764105142e+00 2.977789306640625000e+03
1.615290260280109802e+00 2.972119873046875000e+03
1.618723395796114239e+00 2.965069091796875000e+03
1.622156531312118677e+00 2.959150390625000000e+03
1.625589666828123114e+00 2.978939697265625000e+03
1.629022802344127774e+00 2.999662597656250000e+03
1.632455937860132211e+00 3.026983642578125000e+03
1.635889073376136649e+00 3.048125488281250000e+03
1.639322208892141086e+00 3.072523437500000000e+03
1.642755344408145524e+00 3.087040527343750000e+03
1.646188479924150183e+00 3.111929443359375000e+03
1.649621615440154621e+00 3.151129394531250000e+03
1.653054750956159058e+00 3.222396484375000000e+03
1.656487886472163495e+00 3.333003662109375000e+03
1.659921021988168155e+00 3.543206298828125000e+03
1.663354157504172592e+00 3.967574462890625000e+03
1.666787293020177030e+00 4.869918945312500000e+03
1.670220428536181467e+00 6.866744140625000000e+03
1.673653564052186127e+00 1.144826074218750000e+04
1.677086699568190564e+00 1.904181640625000000e+04
1.680519835084195002e+00 2.888923437500000000e+04
1.683952970600199439e+00 3.649834765625000000e+04
1.687386106116203877e+00 3.777544531250000000e+04
1.690819241632208314e+00 3.208557812500000000e+04
1.694252377148212751e+00 2.320250000000000000e+04
1.697685512664217189e+00 1.492592578125000000e+04
1.701118648180221848e+00 8.865430664062500000e+03
1.704551783696226286e+00 5.664262207031250000e+03
1.707984919212230723e+00 4.296723632812500000e+03
1.711418054728235161e+00 3.647034667968750000e+03
1.714851190244239598e+00 3.348464111328125000e+03
1.718284325760244258e+00 3.182355468750000000e+03
1.721717461276248695e+00 3.096439697265625000e+03
1.725150596792253133e+00 3.026576416015625000e+03
1.728583732308257570e+00 2.978724853515625000e+03
1.732016867824262230e+00 2.922957519531250000e+03
1.735450003340266667e+00 2.883427978515625000e+03
1.738883138856271104e+00 2.842656005859375000e+03
1.742316274372275542e+00 2.804534912109375000e+03
1.745749409888280201e+00 2.798427001953125000e+03
1.749182545404284639e+00 2.790505371093750000e+03
1.752615680920289076e+00 2.781114990234375000e+03
1.756048816436293514e+00 2.751061767578125000e+03
1.759481951952297951e+00 2.731505126953125000e+03
1.762915087468302611e+00 2.724727294921875000e+03
1.766348222984307048e+00 2.705848144531250000e+03
1.769781358500311486e+00 2.676199218750000000e+03
1.773214494016315923e+00 2.655666748046875000e+03
1.776647629532320583e+00 2.657715087890625000e+03
1.780080765048325020e+00 2.650952636718750000e+03
1.783513900564329457e+00 2.633444580078125000e+03
1.786947036080333895e+00 2.623590576171875000e+03
1.790380171596338554e+00 2.623913574218750000e+03
1.793813307112343214e+00 2.623429687500000000e+03
1.797246442628347429e+00 2.614633056640625000e+03
1.800679578144352089e+00 2.594379882812500000e+03
1.804112713660356304e+00 2.577295898437500000e+03
1.807545849176361186e+00 2.579526367187500000e+03
1.810978984692365401e+00 2.584091796875000000e+03
1.814412120208370061e+00 2.585074462890625000e+03
1.817845255724374276e+00 2.574816162109375000e+03
1.821278391240379158e+00 2.570082519531250000e+03
1.824711526756383373e+00 2.558514160156250000e+03
1.828144662272388032e+00 2.546378662109375000e+03
1.831577797788392248e+00 2.522805419921875000e+03
1.835010933304396907e+00 2.512114013671875000e+03
1.838444068820401345e+00 2.509214599609375000e+03
1.841877204336406004e+00 2.502887939453125000e+03
1.845310339852410220e+00 2.490852050781250000e+03
1.848743475368414879e+00 2.474046875000000000e+03
1.852176610884419317e+00 2.472653808593750000e+03
1.855609746400423976e+00 2.460267333984375000e+03
1.859042881916428192e+00 2.454300292968750000e+03
1.862476017432432851e+00 2.453179687500000000e+03
1.865909152948437288e+00 2.437301757812500000e+03
1.869342288464441948e+00 2.427486083984375000e+03
1.872775423980446163e+00 2.415812744140625000e+03
1.876208559496450823e+00 2.410880615234375000e+03
1.879641695012455260e+00 2.415754638671875000e+03
1.883074830528459920e+00 2.420888916015625000e+03
1.886507966044464135e+00 2.418716308593750000e+03
1.889941101560468795e+00 2.399497558593750000e+03
1.893374237076473010e+00 2.377703857421875000e+03
1.896807372592477892e+00 2.371947021484375000e+03
1.900240508108482107e+00 2.368759765625000000e+03
1.903673643624486767e+00 2.365925292968750000e+03
1.907106779140490982e+00 2.356339355468750000e+03
1.910539914656495419e+00 2.356473876953125000e+03
1.913973050172500079e+00 2.359898681640625000e+03
1.917406185688504294e+00 2.359101562500000000e+03
1.920839321204508954e+00 2.359830078125000000e+03
1.924272456720513391e+00 2.361170166015625000e+03
1.927705592236518051e+00 2.351924316406250000e+03
1.931138727752522266e+00 2.341371337890625000e+03
1.934571863268526926e+00 2.335917724609375000e+03
1.938004998784531363e+00 2.336906982421875000e+03
1.941438134300536023e+00 2.338946777343750000e+03
1.944871269816540238e+00 2.345215332031250000e+03
1.948304405332544897e+00 2.350283691406250000e+03
1.951737540848549335e+00 2.339921630859375000e+03
1.955170676364553994e+00 2.318781250000000000e+03
1.958603811880558210e+00 2.300994140625000000e+03
1.962036947396562869e+00 2.290614501953125000e+03
1.965470082912567085e+00 2.294249755859375000e+03
1.968903218428571966e+00 2.287803710937500000e+03
1.972336353944576182e+00 2.287196044921875000e+03
1.975769489460580841e+00 2.280382568359375000e+03
1.979202624976585057e+00 2.286693359375000000e+03
1.982635760492589938e+00 2.281390136718750000e+03
1.986068896008594153e+00 2.288655517578125000e+03
1.989502031524598813e+00 2.295472656250000000e+03
1.992935167040603028e+00 2.297997558593750000e+03
1.996368302556607688e+00 2.280241943359375000e+03
1.999801438072612125e+00 2.265633544921875000e+03
2.003234573588616563e+00 2.261499755859375000e+03
2.006667709104621000e+00 2.272844726562500000e+03
2.010100844620625882e+00 2.276817382812500000e+03
2.013533980136629875e+00 2.262645263671875000e+03
2.016967115652634757e+00 2.253775878906250000e+03
2.020400251168639194e+00 2.246080322265625000e+03
2.023833386684643632e+00 2.247326171875000000e+03
2.027266522200648069e+00 2.242350097656250000e+03
2.030699657716652506e+00 2.239381591796875000e+03
2.034132793232656944e+00 2.233917480468750000e+03
2.037565928748661825e+00 2.234388183593750000e+03
2.040999064264665819e+00 2.228424560546875000e+03
2.044432199780670700e+00 2.226993164062500000e+03
2.047865335296675138e+00 2.234307373046875000e+03
2.051298470812679575e+00 2.246107910156250000e+03
2.054731606328684013e+00 2.244428466796875000e+03
2.058164741844688006e+00 2.231729003906250000e+03
2.061597877360692888e+00 2.234322021484375000e+03
2.065031012876697325e+00 2.235847900390625000e+03
2.068464148392701762e+00 2.242260253906250000e+03
2.071897283908706200e+00 2.234501708984375000e+03
2.075330419424710637e+00 2.225453613281250000e+03
2.078763554940715075e+00 2.212869873046875000e+03
2.082196690456719956e+00 2.197027832031250000e+03
2.085629825972723950e+00 2.192120605468750000e+03
2.089062961488728831e+00 2.191054687500000000e+03
2.092496097004733269e+00 2.191935302734375000e+03
2.095929232520737706e+00 2.205385498046875000e+03
2.099362368036742144e+00 2.212369873046875000e+03
2.102795503552746581e+00 2.208733154296875000e+03
2.106228639068751018e+00 2.187920166015625000e+03
2.109661774584755900e+00 2.181130615234375000e+03
2.113094910100759893e+00 2.182376464843750000e+03
2.116528045616764775e+00 2.186670166015625000e+03
2.119961181132768768e+00 2.176663574218750000e+03
2.123394316648773650e+00 2.168241455078125000e+03
2.126827452164778087e+00 2.148001953125000000e+03
2.130260587680782525e+00 2.141308837890625000e+03
2.133693723196786962e+00 2.135334960937500000e+03
2.137126858712791844e+00 2.148036621093750000e+03
2.140559994228795837e+00 2.152094482421875000e+03
2.143993129744800719e+00 2.154018310546875000e+03
2.147426265260804712e+00 2.155495849609375000e+03
2.150859400776809593e+00 2.156343261718750000e+03
2.154292536292814031e+00 2.153147705078125000e+03
2.157725671808818468e+00 2.156630615234375000e+03
2.161158807324822906e+00 2.158861816406250000e+03
2.164591942840827343e+00 2.155144287109375000e+03
2.168025078356831781e+00 2.154237792968750000e+03
2.171458213872836662e+00 2.154440185546875000e+03
2.174891349388840656e+00 2.158398925781250000e+03
2.178324484904845537e+00 2.139187988281250000e+03
2.181757620420849975e+00 2.143495605468750000e+03
2.185190755936854412e+00 2.143767822265625000e+03
2.188623891452858850e+00 2.156386962890625000e+03
2.192057026968863287e+00 2.144963134765625000e+03
2.195490162484867724e+00 2.137822509765625000e+03
2.198923298000872162e+00 2.131341064453125000e+03
2.202356433516876599e+00 2.129492675781250000e+03
2.205789569032881037e+00 2.139335205078125000e+03
2.209222704548885918e+00 2.134049316406250000e+03
2.212655840064889912e+00 2.129259765625000000e+03
2.216088975580894793e+00 2.123507812500000000e+03
2.219522111096898787e+00 2.138152587890625000e+03
2.222955246612903668e+00 2.146085693359375000e+03
2.226388382128908106e+00 2.159788085937500000e+03
2.229821517644912543e+00 2.149121582031250000e+03
2.233254653160916980e+00 2.146923828125000000e+03
2.236687788676921418e+00 2.129870117187500000e+03
2.240120924192925855e+00 2.124791015625000000e+03
2.243554059708930737e+00 2.122073486328125000e+03
2.246987195224934730e+00 2.121327880859375000e+03
2.250420330740939612e+00 2.121295898437500000e+03
2.253853466256944049e+00 2.131281982421875000e+03
2.257286601772948487e+00 2.152260986328125000e+03
2.260719737288952924e+00 2.158874511718750000e+03
2.264152872804957362e+00 2.159017822265625000e+03
2.267586008320961799e+00 2.157961914062500000e+03
2.271019143836966681e+00 2.156562500000000000e+03
2.274452279352970674e+00 2.163552246093750000e+03
2.277885414868975555e+00 2.171514648437500000e+03
2.281318550384979549e+00 2.172602539062500000e+03
2.284751685900984430e+00 2.162763671875000000e+03
2.288184821416988868e+00 2.167623046875000000e+03
2.291617956932993305e+00 2.183009765625000000e+03
2.295051092448997743e+00 2.204012207031250000e+03
2.298484227965002624e+00 2.232374511718750000e+03
2.301917363481006618e+00 2.256369140625000000e+03
2.305350498997011499e+00 2.285633789062500000e+03
2.308783634513015492e+00 2.311377685546875000e+03
2.312216770029020374e+00 2.333833251953125000e+03
2.315649905545024811e+00 2.339614013671875000e+03
2.319083041061029249e+00 2.346960693359375000e+03
2.322516176577033686e+00 2.367533203125000000e+03
2.325949312093038124e+00 2.400119140625000000e+03
2.329382447609042561e+00 2.428395263671875000e+03
2.332815583125047443e+00 2.462607910156250000e+03
2.336248718641051436e+00 2.510220703125000000e+03
2.339681854157056318e+00 2.573135742187500000e+03
2.343114989673060755e+00 2.656750000000000000e+03
2.346548125189064748e+00 2.762805419921875000e+03
2.349981260705069630e+00 2.897191650390625000e+03
2.353414396221073623e+00 3.119514648437500000e+03
2.356847531737078505e+00 3.511127685546875000e+03
2.360280667253082942e+00 4.256539550781250000e+03
2.363713802769087380e+00 5.793133789062500000e+03
2.367146938285091817e+00 9.414996093750000000e+03
2.370580073801096255e+00 1.656669140625000000e+04
2.374013209317100692e+00 3.186841210937500000e+04
2.377446344833105574e+00 4.879183984375000000e+04
2.380879480349109567e+00 6.509214453125000000e+04
2.384312615865114449e+00 7.038600000000000000e+04
2.387745751381118886e+00 6.443254296875000000e+04
2.391178886897123324e+00 4.924105078125000000e+04
2.394612022413127761e+00 3.239453906250000000e+04
2.398045157929132198e+00 1.900927343750000000e+04
2.401478293445136636e+00 1.019367675781250000e+04
2.404911428961141517e+00 6.028431640625000000e+03
2.408344564477145511e+00 4.340157226562500000e+03
2.411777699993150392e+00 3.506180664062500000e+03
2.415210835509154830e+00 3.079163330078125000e+03
2.418643971025159267e+00 2.837511718750000000e+03
2.422077106541163705e+00 2.694784179687500000e+03
2.425510242057168142e+00 2.595917480468750000e+03
2.428943377573172580e+00 2.517645996093750000e+03
2.432376513089177461e+00 2.443313964843750000e+03
2.435809648605181454e+00 2.385377197265625000e+03
2.439242784121186336e+00 2.323897460937500000e+03
2.442675919637190329e+00 2.271196044921875000e+03
2.446109055153195211e+00 2.227845703125000000e+03
2.449542190669199648e+00 2.201613281250000000e+03
2.452975326185204086e+00 2.173881347656250000e+03
2.456408461701208523e+00 2.144427734375000000e+03
2.459841597217213405e+00 2.115228271484375000e+03
2.463274732733217398e+00 2.092127929687500000e+03
2.466707868249222280e+00 2.066906250000000000e+03
2.470141003765226273e+00 2.046817871093750000e+03
2.473574139281231155e+00 2.027278442382812500e+03
2.477007274797235592e+00 2.019381713867187500e+03
2.480440410313240029e+00 2.017399291992187500e+03
2.483873545829244467e+00 1.997423706054687500e+03
2.487306681345248904e+00 1.974079345703125000e+03
2.490739816861253342e+00 1.957297729492187500e+03
2.494172952377257779e+00 1.947698242187500000e+03
2.497606087893262217e+00 1.940380493164062500e+03
2.501039223409266654e+00 1.929843261718750000e+03
2.504472358925271536e+00 1.913737670898437500e+03
2.507905494441275529e+00 1.897138305664062500e+03
2.511338629957280411e+00 1.894694213867187500e+03
2.514771765473284404e+00 1.895773193359375000e+03
2.518204900989289285e+00 1.882269042968750000e+03
2.521638036505293723e+00 1.860394409179687500e+03
2.525071172021298160e+00 1.840880126953125000e+03
2.528504307537302598e+00 1.834110107421875000e+03
2.531937443053307035e+00 1.824258178710937500e+03
2.535370578569311473e+00 1.822595458984375000e+03
2.538803714085316354e+00 1.814404296875000000e+03
2.542236849601320348e+00 1.810242065429687500e+03
2.545669985117325229e+00 1.804952880859375000e+03
2.549103120633329667e+00 1.793895629882812500e+03
2.552536256149334104e+00 1.780134033203125000e+03
2.555969391665338541e+00 1.765115112304687500e+03
2.559402527181342979e+00 1.759494262695312500e+03
2.562835662697347416e+00 1.743691040039062500e+03
2.566268798213352298e+00 1.730647705078125000e+03
2.569701933729356291e+00 1.722812866210937500e+03
2.573135069245361173e+00 1.732370483398437500e+03
2.576568204761365610e+00 1.741334350585937500e+03
2.580001340277370048e+00 1.744972167968750000e+03
2.583434475793374485e+00 1.738092773437500000e+03
2.586867611309378923e+00 1.732117919921875000e+03
2.590300746825383360e+00 1.718424194335937500e+03
2.593733882341388242e+00 1.701589965820312500e+03
2.597167017857392235e+00 1.680994018554687500e+03
2.600600153373397116e+00 1.675308471679687500e+03
2.604033288889401110e+00 1.678294677734375000e+03
2.607466424405405991e+00 1.689965820312500000e+03
2.610899559921410429e+00 1.694534667968750000e+03
2.614332695437414866e+00 1.693600341796875000e+03
2.617765830953419304e+00 1.676121704101562500e+03
2.621198966469423741e+00 1.662296508789062500e+03
2.624632101985428179e+00 1.654162597656250000e+03
2.628065237501433060e+00 1.656583862304687500e+03
2.631498373017437054e+00 1.644297363281250000e+03
2.634931508533441935e+00 1.636201660156250000e+03
2.638364644049446373e+00 1.636593383789062500e+03
2.641797779565450366e+00 1.644468872070312500e+03
2.645230915081455247e+00 1.642559692382812500e+03
2.648664050597459685e+00 1.628054199218750000e+03
2.652097186113464122e+00 1.617660522460937500e+03
2.655530321629468560e+00 1.617259277343750000e+03
2.658963457145472997e+00 1.618861206054687500e+03
2.662396592661477435e+00 1.603466674804687500e+03
2.665829728177482316e+00 1.585864379882812500e+03
2.669262863693486310e+00 1.578699462890625000e+03
2.672695999209491191e+00 1.595427124023437500e+03
2.676129134725495184e+00 1.601121948242187500e+03
2.679562270241500066e+00 1.604168334960937500e+03
2.682995405757504503e+00 1.593160400390625000e+03
2.686428541273508941e+00 1.584558105468750000e+03
2.689861676789513378e+00 1.579226196289062500e+03
2.693294812305517816e+00 1.583228759765625000e+03
2.696727947821522253e+00 1.592520507812500000e+03
2.700161083337527135e+00 1.593231079101562500e+03
2.703594218853531128e+00 1.585302490234375000e+03
2.707027354369536010e+00 1.570817016601562500e+03
2.710460489885540447e+00 1.569543701171875000e+03
2.713893625401544885e+00 1.566826171875000000e+03
2.717326760917549322e+00 1.569506225585937500e+03
2.720759896433553759e+00 1.564222412109375000e+03
2.724193031949558197e+00 1.563792114257812500e+03
2.727626167465563078e+00 1.564481079101562500e+03
2.731059302981567072e+00 1.560714599609375000e+03
2.734492438497571953e+00 1.553365478515625000e+03
2.737925574013576391e+00 1.542165039062500000e+03
2.741358709529580828e+00 1.555121826171875000e+03
2.744791845045585266e+00 1.572227050781250000e+03
2.748224980561589703e+00 1.581640014648437500e+03
2.751658116077594141e+00 1.569905883789062500e+03
2.755091251593599022e+00 1.562818603515625000e+03
2.758524387109603015e+00 1.550703491210937500e+03
2.761957522625607897e+00 1.546490966796875000e+03
2.765390658141611890e+00 1.537725463867187500e+03
2.768823793657616772e+00 1.541530395507812500e+03
2.772256929173621209e+00 1.542163574218750000e+03
2.775690064689625647e+00 1.542436157226562500e+03
2.779123200205630084e+00 1.544474975585937500e+03
2.782556335721634522e+00 1.547806274414062500e+03
2.785989471237638959e+00 1.551587036132812500e+03
2.789422606753643397e+00 1.554523437500000000e+03
2.792855742269647834e+00 1.551970336914062500e+03
2.796288877785652272e+00 1.537102661132812500e+03
2.799722013301657153e+00 1.530907348632812500e+03
2.803155148817661146e+00 1.541270751953125000e+03
2.806588284333666028e+00 1.549717529296875000e+03
2.810021419849670465e+00 1.547925292968750000e+03
2.813454555365674903e+00 1.540826538085937500e+03
2.816887690881679340e+00 1.532686279296875000e+03
2.820320826397683778e+00 1.533075927734375000e+03
2.823753961913688215e+00 1.531769775390625000e+03
2.827187097429693097e+00 1.538851806640625000e+03
2.830620232945697090e+00 1.536816040039062500e+03
2.834053368461701972e+00 1.539145751953125000e+03
2.837486503977705965e+00 1.545596313476562500e+03
2.840919639493710847e+00 1.566055175781250000e+03
2.844352775009715284e+00 1.581142211914062500e+03
2.847785910525719721e+00 1.593136962890625000e+03
2.851219046041724159e+00 1.596509033203125000e+03
2.854652181557728596e+00 1.603548339843750000e+03
2.858085317073733034e+00 1.614841674804687500e+03
2.861518452589737915e+00 1.637849365234375000e+03
2.864951588105741909e+00 1.668779174804687500e+03
2.868384723621746790e+00 1.692119018554687500e+03
2.871817859137751228e+00 1.703177978515625000e+03
2.875250994653755665e+00 1.713184936523437500e+03
2.878684130169760103e+00 1.738580810546875000e+03
2.882117265685764540e+00 1.787272583007812500e+03
2.885550401201768977e+00 1.843153930664062500e+03
2.888983536717773859e+00 1.933844482421875000e+03
2.892416672233777852e+00 2.078111083984375000e+03
2.895849807749782734e+00 2.372210205078125000e+03
2.899282943265787171e+00 2.948159423828125000e+03
2.902716078781791609e+00 4.199229980468750000e+03
2.906149214297796046e+00 7.203567382812500000e+03
2.909582349813800484e+00 1.227382421875000000e+04
2.913015485329804921e+00 2.056631054687500000e+04
2.916448620845809803e+00 2.947264453125000000e+04
2.919881756361813796e+00 3.715852343750000000e+04
2.923314891877818678e+00 3.668720703125000000e+04
2.926748027393822671e+00 2.872633593750000000e+04
2.930181162909827552e+00 1.712162109375000000e+04
2.933614298425831990e+00 9.165347656250000000e+03
2.937047433941835983e+00 5.087223144531250000e+03
2.940480569457840865e+00 3.336898681640625000e+03
2.943913704973845302e+00 2.553118896484375000e+03
2.947346840489849740e+00 2.191392333984375000e+03
2.950779976005854177e+00 1.999631103515625000e+03
2.954213111521858615e+00 1.871845458984375000e+03
2.957646247037863052e+00 1.783830688476562500e+03
2.961079382553867934e+00 1.726157592773437500e+03
2.964512518069871927e+00 1.684915161132812500e+03
2.967945653585876808e+00 1.651934448242187500e+03
2.971378789101881246e+00 1.624252807617187500e+03
2.974811924617885683e+00 1.593503417968750000e+03
2.978245060133890121e+00 1.573594116210937500e+03
2.981678195649894558e+00 1.556955200195312500e+03
2.985111331165898996e+00 1.543990600585937500e+03
2.988544466681903877e+00 1.525833251953125000e+03
2.991977602197907871e+00 1.512564575195312500e+03
2.995410737713912752e+00 1.496713867187500000e+03
2.998843873229916746e+00 1.475879882812500000e+03
3.002277008745921627e+00 1.455620849609375000e+03
3.005710144261926065e+00 1.454421752929687500e+03
3.009143279777930502e+00 1.461046752929687500e+03
3.012576415293934939e+00 1.456776855468750000e+03
3.016009550809939377e+00 1.441159790039062500e+03
3.019442686325943814e+00 1.423188720703125000e+03
3.022875821841948696e+00 1.405703735351562500e+03
3.026308957357952689e+00 1.392777954101562500e+03
3.029742092873957571e+00 1.391537475585937500e+03
3.033175228389962008e+00 1.388546386718750000e+03
3.036608363905966446e+00 1.386489013671875000e+03
3.040041499421970883e+00 1.380273315429687500e+03
3.043474634937975321e+00 1.379597412109375000e+03
3.046907770453979758e+00 1.374714477539062500e+03
3.050340905969984640e+00 1.356745605468750000e+03
3.053774041485988633e+00 1.346473022460937500e+03
3.057207177001993514e+00 1.340600708007812500e+03
3.060640312517997952e+00 1.359234497070312500e+03
3.064073448034002389e+00 1.358602783203125000e+03
3.067506583550006827e+00 1.354713500976562500e+03
3.070939719066011264e+00 1.333175781250000000e+03
3.074372854582015702e+00 1.332916992187500000e+03
3.077805990098020583e+00 1.340622436523437500e+03
3.081239125614024577e+00 1.345892456054687500e+03
3.084672261130029014e+00 1.333154785156250000e+03
3.088105396646033451e+00 1.318810302734375000e+03
3.091538532162037889e+00 1.312307739257812500e+03
3.094971667678042770e+00 1.316830444335937500e+03
3.098404803194046764e+00 1.316633789062500000e+03
3.101837938710051645e+00 1.314293579101562500e+03
3.105271074226056083e+00 1.311967407226562500e+03
3.108704209742060520e+00 1.318886596679687500e+03
3.112137345258064958e+00 1.325680297851562500e+03
3.115570480774069395e+00 1.324059448242187500e+03
3.119003616290073833e+00 1.319828491210937500e+03
3.122436751806078714e+00 1.317078857421875000e+03
3.125869887322082707e+00 1.324526977539062500e+03
3.129303022838087589e+00 1.318278808593750000e+03
3.132736158354092026e+00 1.318937622070312500e+03
3.136169293870096464e+00 1.315958251953125000e+03
3.139602429386100901e+00 1.318312500000000000e+03
3.143035564902105339e+00 1.304770629882812500e+03
3.146468700418109776e+00 1.291942871093750000e+03
3.149901835934114658e+00 1.285174804687500000e+03
3.153334971450118651e+00 1.284170898437500000e+03
3.156768106966123533e+00 1.282397216796875000e+03
3.160201242482127526e+00 1.285516479492187500e+03
3.163634377998132408e+00 1.286983032226562500e+03
3.167067513514136845e+00 1.289520385742187500e+03
3.170500649030141282e+00 1.282403686523437500e+03
3.173933784546145720e+00 1.271061889648437500e+03
3.177366920062150157e+00 1.263101196289062500e+03
3.180800055578154595e+00 1.261626464843750000e+03
3.184233191094159476e+00 1.261502441406250000e+03
3.187666326610163470e+00 1.264759399414062500e+03
3.191099462126168351e+00 1.260136962890625000e+03
3.194532597642172789e+00 1.252230590820312500e+03
3.197965733158177226e+00 1.243633056640625000e+03
3.201398868674181664e+00 1.244258789062500000e+03
3.204832004190186101e+00 1.251729125976562500e+03
3.208265139706190539e+00 1.255404785156250000e+03
3.211698275222195420e+00 1.246737670898437500e+03
3.215131410738199413e+00 1.239445922851562500e+03
3.218564546254204295e+00 1.237619018554687500e+03
3.221997681770208732e+00 1.247526123046875000e+03
3.225430817286212726e+00 1.248223876953125000e+03
3.228863952802217607e+00 1.245130615234375000e+03
3.232297088318221601e+00 1.240436523437500000e+03
3.235730223834226482e+00 1.240265014648437500e+03
3.239163359350230920e+00 1.238353027343750000e+03
3.242596494866235357e+00 1.246106323242187500e+03
3.246029630382239795e+00 1.252558959960937500e+03
3.249462765898244232e+00 1.250975585937500000e+03
3.252895901414248669e+00 1.240217285156250000e+03
3.256329036930253551e+00 1.234665405273437500e+03
3.259762172446257544e+00 1.237600830078125000e+03
3.263195307962262426e+00 1.240809570312500000e+03
3.266628443478266863e+00 1.243846435546875000e+03
3.270061578994271301e+00 1.248029174804687500e+03
3.273494714510275738e+00 1.251583740234375000e+03
3.276927850026280176e+00 1.253094970703125000e+03
3.280360985542284613e+00 1.259142211914062500e+03
3.283794121058289495e+00 1.267416015625000000e+03
3.287227256574293488e+00 1.266900024414062500e+03
3.290660392090298370e+00 1.264817871093750000e+03
3.294093527606302807e+00 1.273445800781250000e+03
3.297526663122307244e+00 1.286760375976562500e+03
3.300959798638311682e+00 1.295888671875000000e+03
3.304392934154316119e+00 1.294582397460937500e+03
3.307826069670320557e+00 1.292632446289062500e+03
3.311259205186325438e+00 1.285934570312500000e+03
3.314692340702329432e+00 1.292097534179687500e+03
3.318125476218334313e+00 1.302255004882812500e+03
3.321558611734338307e+00 1.317702148437500000e+03
3.324991747250343188e+00 1.329078979492187500e+03
3.328424882766347626e+00 1.343927978515625000e+03
3.331858018282352063e+00 1.373160034179687500e+03
3.335291153798356500e+00 1.411025390625000000e+03
3.338724289314360938e+00 1.457799926757812500e+03
3.342157424830365375e+00 1.518083251953125000e+03
3.345590560346370257e+00 1.624623535156250000e+03
3.349023695862374250e+00 1.830283325195312500e+03
3.352456831378379132e+00 2.287721679687500000e+03
3.355889966894383569e+00 3.305808349609375000e+03
3.359323102410388007e+00 5.377228027343750000e+03
3.362756237926392444e+00 9.305947265625000000e+03
3.366189373442396882e+00 1.428381738281250000e+04
3.369622508958401319e+00 1.965607226562500000e+04
3.373055644474405756e+00 2.077334570312500000e+04
3.376488779990410194e+00 1.812058203125000000e+04
3.379921915506414631e+00 1.178707128906250000e+04
3.383355051022419513e+00 7.229460937500000000e+03
3.386788186538423506e+00 4.024940429687500000e+03
3.390221322054428388e+00 2.586651855468750000e+03
3.393654457570432381e+00 1.963252319335937500e+03
3.397087593086437263e+00 1.683333374023437500e+03
3.400520728602441700e+00 1.545244384765625000e+03
3.403953864118446138e+00 1.468268920898437500e+03
3.407386999634450575e+00 1.408152465820312500e+03
3.410820135150455013e+00 1.365586914062500000e+03
3.414253270666459450e+00 1.339795166015625000e+03
3.417686406182464331e+00 1.319955200195312500e+03
3.421119541698468325e+00 1.305120849609375000e+03
3.424552677214473206e+00 1.296448608398437500e+03
3.427985812730477644e+00 1.294434692382812500e+03
3.431418948246482081e+00 1.287610473632812500e+03
3.434852083762486519e+00 1.273670654296875000e+03
3.438285219278490956e+00 1.260232177734375000e+03
3.441718354794495394e+00 1.250480468750000000e+03
3.445151490310500275e+00 1.236966796875000000e+03
3.448584625826504269e+00 1.221859985351562500e+03
3.452017761342509150e+00 1.210813110351562500e+03
3.455450896858513143e+00 1.207519287109375000e+03
3.458884032374518025e+00 1.215120117187500000e+03
3.462317167890522462e+00 1.210397338867187500e+03
3.465750303406526900e+00 1.199943725585937500e+03
3.469183438922531337e+00 1.198899414062500000e+03
3.472616574438536219e+00 1.196761962890625000e+03
3.476049709954540212e+00 1.186491699218750000e+03
3.479482845470545094e+00 1.174361328125000000e+03
3.482915980986549087e+00 1.166733642578125000e+03
3.486349116502553969e+00 1.169097290039062500e+03
3.489782252018558406e+00 1.166171264648437500e+03
3.493215387534562844e+00 1.156760131835937500e+03
3.496648523050567281e+00 1.148360839843750000e+03
3.500081658566571718e+00 1.148963378906250000e+03
3.503514794082576156e+00 1.152365722656250000e+03
3.506947929598581037e+00 1.152645874023437500e+03
3.510381065114585031e+00 1.150013793945312500e+03
3.513814200630589912e+00 1.147063232421875000e+03
3.517247336146594350e+00 1.140412231445312500e+03
3.520680471662598343e+00 1.142775146484375000e+03
3.524113607178603225e+00 1.139613769531250000e+03
3.527546742694607218e+00 1.140432861328125000e+03
3.530979878210612100e+00 1.138110595703125000e+03
3.534413013726616537e+00 1.140217529296875000e+03
3.537846149242620974e+00 1.142221679687500000e+03
3.541279284758625412e+00 1.140103759765625000e+03
3.544712420274630293e+00 1.140075927734375000e+03
3.548145555790634287e+00 1.129115478515625000e+03
3.551578691306639168e+00 1.130533813476562500e+03
3.555011826822643162e+00 1.128547241210937500e+03
3.558444962338648043e+00 1.131630126953125000e+03
3.561878097854652481e+00 1.127703735351562500e+03
3.565311233370656918e+00 1.125982055664062500e+03
3.568744368886661356e+00 1.126797729492187500e+03
3.572177504402665793e+00 1.123724609375000000e+03
3.575610639918670230e+00 1.124195312500000000e+03
3.579043775434675112e+00 1.117615966796875000e+03
3.582476910950679105e+00 1.120424926757812500e+03
3.585910046466683987e+00 1.127761962890625000e+03
3.589343181982688424e+00 1.135661010742187500e+03
3.592776317498692418e+00 1.138212890625000000e+03
3.596209453014697299e+00 1.139235107421875000e+03
3.599642588530701737e+00 1.142317260742187500e+03
3.603075724046706618e+00 1.140797119140625000e+03
3.606508859562710612e+00 1.136346313476562500e+03
3.609941995078715049e+00 1.134175048828125000e+03
3.613375130594719931e+00 1.132563232421875000e+03
3.616808266110724368e+00 1.138167968750000000e+03
3.620241401626728361e+00 1.143997558593750000e+03
3.623674537142733243e+00 1.145641479492187500e+03
3.627107672658737680e+00 1.143962402343750000e+03
3.630540808174742562e+00 1.140261352539062500e+03
3.633973943690746555e+00 1.139944213867187500e+03
3.637407079206750993e+00 1.140164428710937500e+03
3.640840214722755874e+00 1.143580200195312500e+03
3.644273350238760312e+00 1.148902587890625000e+03
3.647706485754764305e+00 1.149290161132812500e+03
3.651139621270769187e+00 1.159901733398437500e+03
3.654572756786773624e+00 1.156531616210937500e+03
3.658005892302778506e+00 1.171313598632812500e+03
3.661439027818782499e+00 1.181056274414062500e+03
3.664872163334786936e+00 1.191853759765625000e+03
3.668305298850791818e+00 1.186644775390625000e+03
3.671738434366795367e+00 1.188263793945312500e+03
3.675171569882800249e+00 1.199121948242187500e+03
3.678604705398805130e+00 1.203839477539062500e+03
3.682037840914809568e+00 1.212343872070312500e+03
3.685470976430813561e+00 1.217585205078125000e+03
3.688904111946817999e+00 1.228352539062500000e+03
3.692337247462822880e+00 1.237362304687500000e+03
3.695770382978827762e+00 1.250178833007812500e+03
3.699203518494831311e+00 1.260116943359375000e+03
3.702636654010836192e+00 1.273177368164062500e+03
3.706069789526840630e+00 1.290722290039062500e+03
3.709502925042845511e+00 1.305623657226562500e+03
3.712936060558849505e+00 1.320589477539062500e+03
3.716369196074853942e+00 1.335453002929687500e+03
3.719802331590858824e+00 1.356656250000000000e+03
3.723235467106863705e+00 1.392666259765625000e+03
3.726668602622867255e+00 1.438098632812500000e+03
3.730101738138872136e+00 1.502584838867187500e+03
3.733534873654876574e+00 1.580163940429687500e+03
3.736968009170881455e+00 1.693248291015625000e+03
3.740401144686885448e+00 1.878788574218750000e+03
3.743834280202889886e+00 2.192936767578125000e+03
3.747267415718894767e+00 2.813141113281250000e+03
3.750700551234899205e+00 4.129950683593750000e+03
3.754133686750903198e+00 7.180720703125000000e+03
3.757566822266908080e+00 1.302204003906250000e+04
3.760999957782912517e+00 2.329691601562500000e+04
3.764433093298917399e+00 3.587295312500000000e+04
3.767866228814921392e+00 4.486478515625000000e+04
3.771299364330925830e+00 4.503778906250000000e+04
3.774732499846930711e+00 3.612964843750000000e+04
3.778165635362935149e+00 2.337481640625000000e+04
3.781598770878939142e+00 1.272436816406250000e+04
3.785031906394944023e+00 6.765300292968750000e+03
3.788465041910948461e+00 3.975934814453125000e+03
3.791898177426953342e+00 2.764135742187500000e+03
3.795331312942957336e+00 2.195023193359375000e+03
3.798764448458961773e+00 1.891011840820312500e+03
3.802197583974966655e+00 1.713266113281250000e+03
3.805630719490971092e+00 1.605578002929687500e+03
3.809063855006975086e+00 1.533224243164062500e+03
3.812496990522979967e+00 1.467257202148437500e+03
3.815930126038984405e+00 1.415049682617187500e+03
3.819363261554988398e+00 1.373663085937500000e+03
3.822796397070993279e+00 1.342599731445312500e+03
3.826229532586997717e+00 1.315552124023437500e+03
3.829662668103002598e+00 1.291559448242187500e+03
3.833095803619006148e+00 1.267507934570312500e+03
3.836528939135011029e+00 1.242633544921875000e+03
3.839962074651015911e+00 1.223701660156250000e+03
3.843395210167020348e+00 1.213617065429687500e+03
3.846828345683024342e+00 1.203084350585937500e+03
3.850261481199028779e+00 1.193239868164062500e+03
3.853694616715033661e+00 1.182187988281250000e+03
3.857127752231038542e+00 1.165846923828125000e+03
3.860560887747042091e+00 1.153579101562500000e+03
3.863994023263046973e+00 1.137308715820312500e+03
3.867427158779051410e+00 1.124549560546875000e+03
3.870860294295056292e+00 1.117229858398437500e+03
3.874293429811060285e+00 1.114530151367187500e+03
3.877726565327064723e+00 1.103810546875000000e+03
3.881159700843069604e+00 1.088009399414062500e+03
3.884592836359074486e+00 1.078353759765625000e+03
3.888025971875078035e+00 1.080739135742187500e+03
3.891459107391082917e+00 1.080208862304687500e+03
3.894892242907087354e+00 1.079450073242187500e+03
3.898325378423092236e+00 1.076881713867187500e+03
3.901758513939096229e+00 1.070257690429687500e+03
3.905191649455100666e+00 1.063200195312500000e+03
3.908624784971105548e+00 1.056715698242187500e+03
3.912057920487109985e+00 1.058086669921875000e+03
3.915491056003113979e+00 1.054581542968750000e+03
3.918924191519118860e+00 1.049782592773437500e+03
3.922357327035123298e+00 1.040109741210937500e+03
3.925790462551128179e+00 1.044330932617187500e+03
3.929223598067132173e+00 1.047470947265625000e+03
3.932656733583136610e+00 1.043690063476562500e+03
3.936089869099141492e+00 1.033480712890625000e+03
3.939523004615145929e+00 1.021000061035156250e+03
3.942956140131149922e+00 1.018439697265625000e+03
3.946389275647154804e+00 1.025832397460937500e+03
3.949822411163159241e+00 1.038128417968750000e+03
3.953255546679164123e+00 1.033929565429687500e+03
3.956688682195168116e+00 1.025451538085937500e+03
3.960121817711172554e+00 1.018058837890625000e+03
3.963554953227177435e+00 1.014000427246093750e+03
3.966988088743181429e+00 1.003309509277343750e+03
3.970421224259185866e+00 1.005333129882812500e+03
3.973854359775190748e+00 1.006446777343750000e+03
3.977287495291195185e+00 1.019748229980468750e+03
3.980720630807199178e+00 1.019538635253906250e+03
3.984153766323204060e+00 1.017277893066406250e+03
3.987586901839208497e+00 1.009115600585937500e+03
3.991020037355213379e+00 1.005944824218750000e+03
3.994453172871216928e+00 1.012062500000000000e+03
3.997886308387221810e+00 1.013069396972656250e+03
4.001319443903226691e+00 1.015474853515625000e+03
4.004752579419231573e+00 1.015501098632812500e+03
4.008185714935234678e+00 1.021166564941406250e+03
4.011618850451239560e+00 1.019252319335937500e+03
4.015051985967244441e+00 1.023332519531250000e+03
4.018485121483249323e+00 1.032946533203125000e+03
4.021918256999253316e+00 1.046213745117187500e+03
4.025351392515257309e+00 1.052213623046875000e+03
4.028784528031262191e+00 1.049986328125000000e+03
4.032217663547267072e+00 1.044586914062500000e+03
4.035650799063271066e+00 1.041980712890625000e+03
4.039083934579275947e+00 1.045658447265625000e+03
4.042517070095279941e+00 1.050065429687500000e+03
4.045950205611284822e+00 1.054498657226562500e+03
4.049383341127288816e+00 1.055236206054687500e+03
4.052816476643293697e+00 1.063641845703125000e+03
4.056249612159298579e+00 1.075851684570312500e+03
4.059682747675302572e+00 1.086520141601562500e+03
4.063115883191306565e+00 1.087202270507812500e+03
4.066549018707311447e+00 1.092034301757812500e+03
4.069982154223316329e+00 1.106486694335937500e+03
4.073415289739321210e+00 1.122775878906250000e+03
4.076848425255325203e+00 1.131223632812500000e+03
4.080281560771329197e+00 1.144551025390625000e+03
4.083714696287334078e+00 1.166251220703125000e+03
4.087147831803338960e+00 1.196194702148437500e+03
4.090580967319342953e+00 1.230476806640625000e+03
4.094014102835347835e+00 1.273807128906250000e+03
4.097447238351351828e+00 1.335880493164062500e+03
4.100880373867356710e+00 1.455734130859375000e+03
4.104313509383360703e+00 1.668949218750000000e+03
4.107746644899365585e+00 2.089225830078125000e+03
4.111179780415370466e+00 2.956062988281250000e+03
4.114612915931374459e+00 5.006248535156250000e+03
4.118046051447378453e+00 8.992137695312500000e+03
4.121479186963383334e+00 1.588874511718750000e+04
4.124912322479388216e+00 2.345709375000000000e+04
4.128345457995392209e+00 2.734784179687500000e+04
4.131778593511397091e+00 2.528678906250000000e+04
4.135211729027401084e+00 1.840064648437500000e+04
4.138644864543405966e+00 1.162002050781250000e+04
4.142078000059409959e+00 6.480307617187500000e+03
4.145511135575414841e+00 3.681101806640625000e+03
4.148944271091419722e+00 2.387601806640625000e+03
4.152377406607423715e+00 1.815102905273437500e+03
4.155810542123427709e+00 1.544475585937500000e+03
4.159243677639432590e+00 1.401670043945312500e+03
4.162676813155437472e+00 1.314918090820312500e+03
4.166109948671442353e+00 1.249869506835937500e+03
4.169543084187445459e+00 1.201944580078125000e+03
4.172976219703450340e+00 1.172276733398437500e+03
4.176409355219455222e+00 1.150486206054687500e+03
4.179842490735460103e+00 1.133755981445312500e+03
4.183275626251464097e+00 1.116920410156250000e+03
4.186708761767468090e+00 1.106169921875000000e+03
4.190141897283472971e+00 1.088071044921875000e+03
4.193575032799477853e+00 1.078200561523437500e+03
4.197008168315481846e+00 1.070687377929687500e+03
4.200441303831486728e+00 1.067166137695312500e+03
4.203874439347490721e+00 1.061326904296875000e+03
4.207307574863495603e+00 1.046626342773437500e+03
4.210740710379499596e+00 1.040038696289062500e+03
4.214173845895504478e+00 1.030303588867187500e+03
4.217606981411509359e+00 1.021513122558593750e+03
4.221040116927513353e+00 1.011085510253906250e+03
4.224473252443517346e+00 9.941220703125000000e+02
4.227906387959522228e+00 9.873129272460937500e+02
4.231339523475527109e+00 9.777036132812500000e+02
4.234772658991531991e+00 9.794482421875000000e+02
4.238205794507535984e+00 9.738480834960937500e+02
4.241638930023539977e+00 9.697423706054687500e+02
4.245072065539544859e+00 9.595877685546875000e+02
4.248505201055549740e+00 9.535913085937500000e+02
4.251938336571553734e+00 9.503699951171875000e+02
4.255371472087558615e+00 9.491613159179687500e+02
4.258804607603562609e+00 9.585470581054687500e+02
4.262237743119566602e+00 9.616322021484375000e+02
4.265670878635571484e+00 9.645479125976562500e+02
4.269104014151576365e+00 9.564132080078125000e+02
4.272537149667581247e+00 9.499060668945312500e+02
4.275970285183585240e+00 9.355789794921875000e+02
4.279403420699589233e+00 9.274108276367187500e+02
4.282836556215594115e+00 9.274058227539062500e+02
4.286269691731598996e+00 9.296063232421875000e+02
4.289702827247602990e+00 9.269490966796875000e+02
4.293135962763607871e+00 9.228415527343750000e+02
4.296569098279611865e+00 9.195455932617187500e+02
4.300002233795616746e+00 9.220399780273437500e+02
4.303435369311620740e+00 9.193818969726562500e+02
4.306868504827625621e+00 9.186072998046875000e+02
4.310301640343630503e+00 9.105989990234375000e+02
4.313734775859634496e+00 9.079701538085937500e+02
4.317167911375638489e+00 9.082693481445312500e+02
4.320601046891643371e+00 9.143380126953125000e+02
4.324034182407648252e+00 9.236896972656250000e+02
4.327467317923653134e+00 9.286934814453125000e+02
4.330900453439656239e+00 9.253077392578125000e+02
4.334333588955661121e+00 9.139456176757812500e+02
4.337766724471666002e+00 9.040603637695312500e+02
4.341199859987670884e+00 9.026228637695312500e+02
4.344632995503674877e+00 9.006458129882812500e+02
4.348066131019678870e+00 9.013605957031250000e+02
4.351499266535683752e+00 9.031553344726562500e+02
4.354932402051688634e+00 9.050590209960937500e+02
4.358365537567692627e+00 9.094899902343750000e+02
4.361798673083697508e+00 9.090404663085937500e+02
4.365231808599701502e+00 9.054036254882812500e+02
4.368664944115706383e+00 9.056725463867187500e+02
4.372098079631710377e+00 9.068852539062500000e+02
4.375531215147715258e+00 9.093264160156250000e+02
4.378964350663720140e+00 9.046149291992187500e+02
4.382397486179724133e+00 9.075842285156250000e+02
4.385830621695728126e+00 9.113345947265625000e+02
4.389263757211733008e+00 9.119511108398437500e+02
4.392696892727737890e+00 9.043875122070312500e+02
4.396130028243741883e+00 9.002573242187500000e+02
4.399563163759746764e+00 8.981828613281250000e+02
4.402996299275750758e+00 8.999395141601562500e+02
4.406429434791755639e+00 8.993074951171875000e+02
4.409862570307759633e+00 9.005801391601562500e+02
4.413295705823764514e+00 8.940701293945312500e+02
4.416728841339769396e+00 8.947512207031250000e+02
4.420161976855773389e+00 8.915310668945312500e+02
4.423595112371777383e+00 8.919618530273437500e+02
4.427028247887782264e+00 8.852065429687500000e+02
4.430461383403787146e+00 8.857218627929687500e+02
4.433894518919792027e+00 8.900218505859375000e+02
4.437327654435796020e+00 8.946168823242187500e+02
4.440760789951800014e+00 8.961462402343750000e+02
4.444193925467804895e+00 8.868378295898437500e+02
4.447627060983809777e+00 8.889224853515625000e+02
4.451060196499813770e+00 8.865964965820312500e+02
4.454493332015818652e+00 8.828586425781250000e+02
4.457926467531822645e+00 8.727880859375000000e+02
4.461359603047827527e+00 8.775234985351562500e+02
4.464792738563831520e+00 8.790384521484375000e+02
4.468225874079836402e+00 8.775197143554687500e+02
4.471659009595841283e+00 8.733138427734375000e+02
4.475092145111845277e+00 8.800014038085937500e+02
4.478525280627849270e+00 8.835917358398437500e+02
4.481958416143854151e+00 8.832587890625000000e+02
4.485391551659859033e+00 8.798449096679687500e+02
4.488824687175863914e+00 8.812545166015625000e+02
4.492257822691867020e+00 8.831909790039062500e+02
4.495690958207871901e+00 8.817472534179687500e+02
4.499124093723876783e+00 8.791802368164062500e+02
4.502557229239881664e+00 8.794793090820312500e+02
4.505990364755885658e+00 8.824284667968750000e+02
4.509423500271889651e+00 8.855256958007812500e+02
4.512856635787894533e+00 8.858917236328125000e+02
4.516289771303899414e+00 8.880505981445312500e+02
4.519722906819903407e+00 8.775294189453125000e+02
4.523156042335908289e+00 8.670874023437500000e+02
4.526589177851912282e+00 8.662434692382812500e+02
4.530022313367917164e+00 8.678422241210937500e+02
4.533455448883921157e+00 8.646268310546875000e+02
4.536888584399926039e+00 8.592263793945312500e+02
4.540321719915930920e+00 8.631744384765625000e+02
4.543754855431934914e+00 8.664941406250000000e+02
4.547187990947938907e+00 8.758111572265625000e+02
4.550621126463943789e+00 8.822030029296875000e+02
4.554054261979948670e+00 8.774886474609375000e+02
4.557487397495952663e+00 8.767036743164062500e+02
4.560920533011957545e+00 8.658956909179687500e+02
4.564353668527961538e+00 8.661968994140625000e+02
4.567786804043966420e+00 8.684638061523437500e+02
4.571219939559970413e+00 8.803778686523437500e+02
4.574653075075975295e+00 8.785349731445312500e+02
4.578086210591980176e+00 8.728536987304687500e+02
4.581519346107984170e+00 8.717389526367187500e+02
4.584952481623988163e+00 8.743862915039062500e+02
4.588385617139993045e+00 8.692003784179687500e+02
4.591818752655997926e+00 8.645330200195312500e+02
4.595251888172002808e+00 8.604515380859375000e+02
4.598685023688006801e+00 8.621831665039062500e+02
4.602118159204010794e+00 8.676208496093750000e+02
4.605551294720015676e+00 8.684925537109375000e+02
4.608984430236020557e+00 8.711983032226562500e+02
4.612417565752024551e+00 8.663843994140625000e+02
4.615850701268029432e+00 8.684681396484375000e+02
4.619283836784033426e+00 8.752670898437500000e+02
4.622716972300038307e+00 8.843796997070312500e+02
4.626150107816042301e+00 8.881624145507812500e+02
4.629583243332047182e+00 8.797545776367187500e+02
4.633016378848052064e+00 8.767380981445312500e+02
4.636449514364056057e+00 8.772830200195312500e+02
4.639882649880060050e+00 8.808947143554687500e+02
4.643315785396064932e+00 8.827457885742187500e+02
4.646748920912069813e+00 8.856105346679687500e+02
4.650182056428074695e+00 8.898595581054687500e+02
4.653615191944077800e+00 8.879515380859375000e+02
4.657048327460082682e+00 8.864097900390625000e+02
4.660481462976087563e+00 8.834672851562500000e+02
4.663914598492092445e+00 8.839978637695312500e+02
4.667347734008096438e+00 8.937150268554687500e+02
4.670780869524100432e+00 9.009996948242187500e+02
4.674214005040105313e+00 9.022950439453125000e+02
4.677647140556110195e+00 8.922242431640625000e+02
4.681080276072114188e+00 8.917904052734375000e+02
4.684513411588119070e+00 8.990827636718750000e+02
4.687946547104123063e+00 9.080465698242187500e+02
4.691379682620127056e+00 9.089788818359375000e+02
4.694812818136131938e+00 9.063540039062500000e+02
4.698245953652136819e+00 9.110899047851562500e+02
4.701679089168141701e+00 9.065594482421875000e+02
4.705112224684145694e+00 9.160330810546875000e+02
4.708545360200149688e+00 9.176631469726562500e+02
4.711978495716154569e+00 9.225659790039062500e+02
4.715411631232159451e+00 9.226249389648437500e+02
4.718844766748163444e+00 9.323125000000000000e+02
4.722277902264168326e+00 9.389281616210937500e+02
4.725711037780172319e+00 9.505675659179687500e+02
4.729144173296177200e+00 9.616267700195312500e+02
4.732577308812181194e+00 9.783451538085937500e+02
4.736010444328186075e+00 1.004345764160156250e+03
4.739443579844190957e+00 1.039829223632812500e+03
4.742876715360194950e+00 1.104297485351562500e+03
4.746309850876198944e+00 1.217651977539062500e+03
4.749742986392203825e+00 1.451622558593750000e+03
4.753176121908208707e+00 1.983954345703125000e+03
4.756609257424213588e+00 3.031274658203125000e+03
4.760042392940217582e+00 4.884071289062500000e+03
4.763475528456221575e+00 7.421361328125000000e+03
4.766908663972226456e+00 9.217598632812500000e+03
4.770341799488231338e+00 9.287384765625000000e+03
4.773774935004235331e+00 7.376971191406250000e+03
4.777208070520240213e+00 5.027424316406250000e+03
4.780641206036244206e+00 3.058472900390625000e+03
4.784074341552249088e+00 1.939187133789062500e+03
4.787507477068253081e+00 1.438116210937500000e+03
4.790940612584257963e+00 1.212006713867187500e+03
4.794373748100262844e+00 1.101292846679687500e+03
4.797806883616266838e+00 1.046861816406250000e+03
4.801240019132270831e+00 1.011737182617187500e+03
4.804673154648275712e+00 9.865727539062500000e+02
4.808106290164280594e+00 9.729527587890625000e+02
4.811539425680285476e+00 9.606841430664062500e+02
4.814972561196288581e+00 9.504804077148437500e+02
4.818405696712293462e+00 9.400076293945312500e+02
4.821838832228298344e+00 9.443173217773437500e+02
4.825271967744303225e+00 9.472210693359375000e+02
4.828705103260307219e+00 9.513909912109375000e+02
4.832138238776311212e+00 9.377409667968750000e+02
4.835571374292316094e+00 9.295834960937500000e+02
4.839004509808320087e+00 9.242335205078125000e+02
4.842437645324324968e+00 9.297987060546875000e+02
4.845870780840329850e+00 9.282968139648437500e+02
4.849303916356333843e+00 9.222592773437500000e+02
4.852737051872337837e+00 9.210894165039062500e+02
4.856170187388342718e+00 9.218989868164062500e+02
4.859603322904347600e+00 9.165432128906250000e+02
4.863036458420352481e+00 9.073317260742187500e+02
4.866469593936356475e+00 9.007133789062500000e+02
4.869902729452360468e+00 8.924685058593750000e+02
4.873335864968365350e+00 8.802678833007812500e+02
4.876769000484370231e+00 8.720009765625000000e+02
4.880202136000374225e+00 8.709268188476562500e+02
4.883635271516379106e+00 8.717972412109375000e+02
4.887068407032383099e+00 8.727033081054687500e+02
4.890501542548387981e+00 8.749323120117187500e+02
4.893934678064391974e+00 8.742554321289062500e+02
4.897367813580396856e+00 8.757980346679687500e+02
4.900800949096401737e+00 8.861538085937500000e+02
4.904234084612405731e+00 8.939734497070312500e+02
4.907667220128409724e+00 8.975726928710937500e+02
4.911100355644414606e+00 8.939918823242187500e+02
4.914533491160419487e+00 8.909596557617187500e+02
4.917966626676424369e+00 8.884314575195312500e+02
4.921399762192428362e+00 8.912731933593750000e+02
4.924832897708432355e+00 8.876936035156250000e+02
4.928266033224437237e+00 8.953355102539062500e+02
4.931699168740442119e+00 9.024556884765625000e+02
4.935132304256446112e+00 9.057249145507812500e+02
4.938565439772450993e+00 9.026732788085937500e+02
4.941998575288454987e+00 9.056207275390625000e+02
4.945431710804459868e+00 9.090882568359375000e+02
4.948864846320463862e+00 9.112877197265625000e+02
4.952297981836468743e+00 9.151008911132812500e+02
4.955731117352473625e+00 9.207997436523437500e+02
4.959164252868477618e+00 9.296345825195312500e+02
4.962597388384481611e+00 9.350360717773437500e+02
4.966030523900486493e+00 9.454155883789062500e+02
4.969463659416491375e+00 9.548032836914062500e+02
4.972896794932496256e+00 9.650183105468750000e+02
4.976329930448499361e+00 9.662932739257812500e+02
4.979763065964504243e+00 9.693733520507812500e+02
4.983196201480509124e+00 9.743239746093750000e+02
4.986629336996513118e+00 9.877311401367187500e+02
4.990062472512517999e+00 1.001366577148437500e+03
4.993495608028521993e+00 1.020499938964843750e+03
4.996928743544526874e+00 1.047123901367187500e+03
5.000361879060530867e+00 1.094119750976562500e+03
5.003795014576535749e+00 1.122541870117187500e+03
5.007228150092540631e+00 1.120503784179687500e+03
5.010661285608544624e+00 1.116061401367187500e+03
5.014094421124548617e+00 1.130995605468750000e+03
5.017527556640553499e+00 1.166787231445312500e+03
5.020960692156558380e+00 1.209192871093750000e+03
5.024393827672563262e+00 1.277786743164062500e+03
5.027826963188567255e+00 1.386954101562500000e+03
5.031260098704571249e+00 1.580836303710937500e+03
5.034693234220576130e+00 1.925922363281250000e+03
5.038126369736581012e+00 2.629556884765625000e+03
5.041559505252585005e+00 4.230889648437500000e+03
5.044992640768589887e+00 7.486509765625000000e+03
5.048425776284593880e+00 1.374962109375000000e+04
5.051858911800598761e+00 2.281313476562500000e+04
5.055292047316602755e+00 3.002705664062500000e+04
5.058725182832607636e+00 3.122940625000000000e+04
5.062158318348612518e+00 2.564494726562500000e+04
5.065591453864616511e+00 1.695171875000000000e+04
5.069024589380620505e+00 9.608180664062500000e+03
5.072457724896625386e+00 5.217797851562500000e+03
5.075890860412630268e+00 3.078717041015625000e+03
5.079323995928635149e+00 2.135431884765625000e+03
5.082757131444638254e+00 1.692670776367187500e+03
5.086190266960643136e+00 1.461514038085937500e+03
5.089623402476648018e+00 1.331844726562500000e+03
5.093056537992652899e+00 1.255052856445312500e+03
5.096489673508656892e+00 1.207685791015625000e+03
5.099922809024661774e+00 1.164870239257812500e+03
5.103355944540665767e+00 1.136365600585937500e+03
5.106789080056670649e+00 1.105734619140625000e+03
5.110222215572674642e+00 1.085390136718750000e+03
5.113655351088679524e+00 1.066322387695312500e+03
5.117088486604684405e+00 1.051563232421875000e+03
5.120521622120688399e+00 1.031654663085937500e+03
5.123954757636692392e+00 1.018299682617187500e+03
5.127387893152697274e+00 1.005042419433593750e+03
5.130821028668702155e+00 9.920872192382812500e+02
5.134254164184706148e+00 9.789708251953125000e+02
5.137687299700710142e+00 9.753043823242187500e+02
5.141120435216715023e+00 9.666395263671875000e+02
5.144553570732719905e+00 9.557407836914062500e+02
5.147986706248723898e+00 9.517192382812500000e+02
5.151419841764728780e+00 9.448395385742187500e+02
5.154852977280732773e+00 9.406882934570312500e+02
5.158286112796737655e+00 9.287675170898437500e+02
5.161719248312741648e+00 9.313385009765625000e+02
5.165152383828746530e+00 9.308339843750000000e+02
5.168585519344751411e+00 9.336505126953125000e+02
5.172018654860755404e+00 9.242133178710937500e+02
5.175451790376759398e+00 9.179572143554687500e+02
5.178884925892764279e+00 9.106542358398437500e+02
5.182318061408769161e+00 9.102081298828125000e+02
5.185751196924774042e+00 9.042860717773437500e+02
5.189184332440778036e+00 9.097052612304687500e+02
5.192617467956782029e+00 9.131374511718750000e+02
5.196050603472786911e+00 9.175259399414062500e+02
5.199483738988791792e+00 9.072607421875000000e+02
5.202916874504795786e+00 8.990561523437500000e+02
5.206350010020800667e+00 8.977758178710937500e+02
5.209783145536804660e+00 9.044625244140625000e+02
5.213216281052809542e+00 9.093012084960937500e+02
5.216649416568813535e+00 9.092476196289062500e+02
5.220082552084818417e+00 9.037410888671875000e+02
5.223515687600823298e+00 9.058789062500000000e+02
5.226948823116827292e+00 9.092530517578125000e+02
5.230381958632831285e+00 9.139219970703125000e+02
5.233815094148836167e+00 9.192083129882812500e+02
5.237248229664841048e+00 9.245082397460937500e+02
5.240681365180845930e+00 9.291824951171875000e+02
5.244114500696849035e+00 9.251367797851562500e+02
5.247547636212853917e+00 9.216725463867187500e+02
5.250980771728858798e+00 9.323740844726562500e+02
5.254413907244863680e+00 9.438187866210937500e+02
5.257847042760867673e+00 9.526484375000000000e+02
5.261280178276872554e+00 9.510820312500000000e+02
5.264713313792876548e+00 9.602491455078125000e+02
5.268146449308881429e+00 9.676328735351562500e+02
5.271579584824885423e+00 9.801092529296875000e+02
5.275012720340890304e+00 9.869816284179687500e+02
5.278445855856895186e+00 1.002713500976562500e+03
5.281878991372898291e+00 1.025602905273437500e+03
5.285312126888903173e+00 1.045088012695312500e+03
5.288745262404908054e+00 1.063677978515625000e+03
5.292178397920912936e+00 1.080640136718750000e+03
5.295611533436916929e+00 1.113752563476562500e+03
5.299044668952920922e+00 1.167495971679687500e+03
5.302477804468925804e+00 1.256499877929687500e+03
5.305910939984930685e+00 1.397402465820312500e+03
5.309344075500934679e+00 1.658623413085937500e+03
5.312777211016939560e+00 2.194553710937500000e+03
5.316210346532943554e+00 3.372202392578125000e+03
5.319643482048948435e+00 5.957218261718750000e+03
5.323076617564952429e+00 1.036640917968750000e+04
5.326509753080957310e+00 1.662857617187500000e+04
5.329942888596962192e+00 2.176834765625000000e+04
5.333376024112966185e+00 2.250705078125000000e+04
5.336809159628970178e+00 1.779871093750000000e+04
5.340242295144975060e+00 1.137406738281250000e+04
5.343675430660979941e+00 6.353320800781250000e+03
5.347108566176984823e+00 3.512773925781250000e+03
5.350541701692988816e+00 2.245860351562500000e+03
5.353974837208992810e+00 1.686787109375000000e+03
5.357407972724997691e+00 1.428525390625000000e+03
5.360841108241002573e+00 1.290781494140625000e+03
5.364274243757006566e+00 1.206815917968750000e+03
5.367707379273011448e+00 1.149872070312500000e+03
5.371140514789015441e+00 1.116520385742187500e+03
5.374573650305020323e+00 1.098650756835937500e+03
5.378006785821024316e+00 1.080104980468750000e+03
5.381439921337029197e+00 1.058364868164062500e+03
5.384873056853034079e+00 1.037098388671875000e+03
5.388306192369038072e+00 1.021684692382812500e+03
5.391739327885042066e+00 9.998054809570312500e+02
5.395172463401046947e+00 9.852680664062500000e+02
5.398605598917051829e+00 9.736168212890625000e+02
5.402038734433056710e+00 9.695297851562500000e+02
5.405471869949059815e+00 9.660541381835937500e+02
5.408905005465064697e+00 9.653390502929687500e+02
5.412338140981069579e+00 9.653404541015625000e+02
5.415771276497074460e+00 9.571857299804687500e+02
5.419204412013078453e+00 9.519490356445312500e+02
5.422637547529083335e+00 9.469025878906250000e+02
5.426070683045087328e+00 9.485356445312500000e+02
5.429503818561091322e+00 9.385900268554687500e+02
5.432936954077096203e+00 9.362894897460937500e+02
5.436370089593101085e+00 9.350420532226562500e+02
5.439803225109105966e+00 9.370241699218750000e+02
5.443236360625109072e+00 9.320197143554687500e+02
5.446669496141113953e+00 9.244275512695312500e+02
5.450102631657118835e+00 9.203132324218750000e+02
5.453535767173123716e+00 9.107565307617187500e+02
5.456968902689127709e+00 9.024915161132812500e+02
5.460402038205131703e+00 9.005670776367187500e+02
5.463835173721136584e+00 9.012308959960937500e+02
5.467268309237141466e+00 8.986363525390625000e+02
5.470701444753145459e+00 8.956230468750000000e+02
5.474134580269150341e+00 9.019265136718750000e+02
5.477567715785154334e+00 9.080555419921875000e+02
5.481000851301159216e+00 9.023361816406250000e+02
5.484433986817163209e+00 8.980189208984375000e+02
5.487867122333168091e+00 8.989820556640625000e+02
5.491300257849172972e+00 9.050385131835937500e+02
5.494733393365176966e+00 9.077924804687500000e+02
5.498166528881180959e+00 9.049362182617187500e+02
5.501599664397185840e+00 9.011151123046875000e+02
5.505032799913190722e+00 9.026547851562500000e+02
5.508465935429195603e+00 9.125819702148437500e+02
5.511899070945199597e+00 9.266338500976562500e+02
5.515332206461203590e+00 9.294978027343750000e+02
5.518765341977208472e+00 9.296942138671875000e+02
5.522198477493213353e+00 9.265179443359375000e+02
5.525631613009217347e+00 9.244926757812500000e+02
5.529064748525222228e+00 9.309818725585937500e+02
5.532497884041226222e+00 9.363441772460937500e+02
5.535931019557231103e+00 9.452226562500000000e+02
5.539364155073235096e+00 9.535083618164062500e+02
5.542797290589239978e+00 9.685297851562500000e+02
5.546230426105244860e+00 9.732561645507812500e+02
5.549663561621248853e+00 9.800919799804687500e+02
5.553096697137252846e+00 9.997584228515625000e+02
5.556529832653257728e+00 1.028900512695312500e+03
5.559962968169262609e+00 1.065707519531250000e+03
5.563396103685267491e+00 1.124277221679687500e+03
5.566829239201270596e+00 1.232573608398437500e+03
5.570262374717275478e+00 1.442324218750000000e+03
5.573695510233280359e+00 1.877167236328125000e+03
5.577128645749284352e+00 2.824756103515625000e+03
5.580561781265289234e+00 4.670198730468750000e+03
5.583994916781293227e+00 7.975162109375000000e+03
5.587428052297298109e+00 1.158774316406250000e+04
5.590861187813302102e+00 1.390956445312500000e+04
5.594294323329306984e+00 1.336512304687500000e+04
5.597727458845311865e+00 1.039197167968750000e+04
5.601160594361316747e+00 6.700720703125000000e+03
5.604593729877319852e+00 3.836027832031250000e+03
5.608026865393324734e+00 2.299528320312500000e+03
5.611460000909329615e+00 1.628347656250000000e+03
5.614893136425334497e+00 1.331967163085937500e+03
5.618326271941338490e+00 1.189609619140625000e+03
5.621759407457342483e+00 1.102501708984375000e+03
5.625192542973347365e+00 1.048541015625000000e+03
5.628625678489352246e+00 1.013335815429687500e+03
5.632058814005356240e+00 9.971849365234375000e+02
5.635491949521361121e+00 9.894056396484375000e+02
5.638925085037365115e+00 9.769236450195312500e+02
5.642358220553369996e+00 9.615768432617187500e+02
5.645791356069373990e+00 9.490432128906250000e+02
5.649224491585378871e+00 9.413004760742187500e+02
5.652657627101383753e+00 9.300286865234375000e+02
5.656090762617387746e+00 9.259074096679687500e+02
5.659523898133391739e+00 9.177061767578125000e+02
5.662957033649396621e+00 9.133876342773437500e+02
5.666390169165401502e+00 9.138682250976562500e+02
5.669823304681406384e+00 9.131697998046875000e+02
5.673256440197410377e+00 9.017506713867187500e+02
5.676689575713414371e+00 8.939690551757812500e+02
5.680122711229419252e+00 8.912020263671875000e+02
5.683555846745424134e+00 8.909738769531250000e+02
5.686988982261428127e+00 8.891074829101562500e+02
5.690422117777433009e+00 8.845748291015625000e+02
5.693855253293437002e+00 8.763553466796875000e+02
5.697288388809441884e+00 8.741276855468750000e+02
5.700721524325445877e+00 8.753710327148437500e+02
5.704154659841450759e+00 8.782844238281250000e+02
5.707587795357455640e+00 8.751345214843750000e+02
5.711020930873459633e+00 8.724311523437500000e+02
5.714454066389463627e+00 8.671940307617187500e+02
5.717887201905468508e+00 8.678983154296875000e+02
5.721320337421473390e+00 8.651344604492187500e+02
5.724753472937477383e+00 8.649530029296875000e+02
5.728186608453481377e+00 8.569965209960937500e+02
5.731619743969486258e+00 8.590080566406250000e+02
5.735052879485491140e+00 8.644338378906250000e+02
5.738486015001495133e+00 8.671709594726562500e+02
5.741919150517500015e+00 8.667321166992187500e+02
5.745352286033504008e+00 8.557778930664062500e+02
5.748785421549508889e+00 8.539291992187500000e+02
5.752218557065512883e+00 8.516823730468750000e+02
5.755651692581517764e+00 8.510508422851562500e+02
5.759084828097522646e+00 8.547041625976562500e+02
5.762517963613527527e+00 8.573057250976562500e+02
5.765951099129530633e+00 8.656656494140625000e+02
5.769384234645535514e+00 8.641915283203125000e+02
5.772817370161540396e+00 8.645033569335937500e+02
5.776250505677545277e+00 8.623987426757812500e+02
5.779683641193549271e+00 8.643234863281250000e+02
5.783116776709553264e+00 8.665326538085937500e+02
5.786549912225558145e+00 8.714027709960937500e+02
5.789983047741563027e+00 8.700737915039062500e+02
5.793416183257567020e+00 8.732248535156250000e+02
5.796849318773571902e+00 8.784097900390625000e+02
5.800282454289575895e+00 8.805241088867187500e+02
5.803715589805580777e+00 8.816963500976562500e+02
5.807148725321584770e+00 8.821198730468750000e+02
5.810581860837589652e+00 8.827540893554687500e+02
5.814014996353594533e+00 8.927643432617187500e+02
5.817448131869598527e+00 9.203245849609375000e+02
5.820881267385602520e+00 9.706290283203125000e+02
5.824314402901607401e+00 1.071503784179687500e+03
5.827747538417612283e+00 1.250869384765625000e+03
5.831180673933617165e+00 1.601431640625000000e+03
5.834613809449621158e+00 2.035344726562500000e+03
5.838046944965625151e+00 2.589789550781250000e+03
5.841480080481630033e+00 2.871442138671875000e+03
5.844913215997634914e+00 2.779926269531250000e+03
5.848346351513638908e+00 2.226657470703125000e+03
5.851779487029643789e+00 1.634037231445312500e+03
5.855212622545647783e+00 1.234796142578125000e+03
5.858645758061652664e+00 1.040937744140625000e+03
5.862078893577656657e+00 9.560269775390625000e+02
5.865512029093661539e+00 9.120256347656250000e+02
5.868945164609666421e+00 8.920755615234375000e+02
5.872378300125669526e+00 8.804879760742187500e+02
5.875811435641674407e+00 8.735316772460937500e+02
5.879244571157679289e+00 8.650459594726562500e+02
5.882677706673684170e+00 8.589279174804687500e+02
5.886110842189688164e+00 8.576425170898437500e+02
5.889543977705692157e+00 8.613138427734375000e+02
5.892977113221697039e+00 8.626885986328125000e+02
5.896410248737701920e+00 8.638457641601562500e+02
5.899843384253705914e+00 8.645393066406250000e+02
5.903276519769710795e+00 8.630401000976562500e+02
5.906709655285714788e+00 8.616034545898437500e+02
5.910142790801719670e+00 8.585009155273437500e+02
5.913575926317723663e+00 8.560927734375000000e+02
5.917009061833728545e+00 8.576546020507812500e+02
5.920442197349733426e+00 8.547966918945312500e+02
5.923875332865738308e+00 8.575668945312500000e+02
5.927308468381741413e+00 8.491770019531250000e+02
5.930741603897746295e+00 8.498814086914062500e+02
5.934174739413751176e+00 8.502366943359375000e+02
5.937607874929756058e+00 8.542836914062500000e+02
5.941041010445760051e+00 8.516412963867187500e+02
5.944474145961764044e+00 8.556118164062500000e+02
5.947907281477768926e+00 8.575365600585937500e+02
5.951340416993773808e+00 8.589752807617187500e+02
5.954773552509777801e+00 8.589508056640625000e+02
5.958206688025782682e+00 8.566397705078125000e+02
5.961639823541786676e+00 8.507193603515625000e+02
5.965072959057791557e+00 8.491686401367187500e+02
5.968506094573795551e+00 8.503020019531250000e+02
5.971939230089800432e+00 8.524953002929687500e+02
5.975372365605805314e+00 8.542992553710937500e+02
5.978805501121809307e+00 8.613086547851562500e+02
5.982238636637813300e+00 8.660448608398437500e+02
5.985671772153818182e+00 8.694438476562500000e+02
5.989104907669823064e+00 8.716732177734375000e+02
5.992538043185827945e+00 8.693070068359375000e+02
5.995971178701831938e+00 8.679976196289062500e+02
5.999404314217835932e+00 8.655584716796875000e+02
6.002837449733840813e+00 8.693483276367187500e+02
6.006270585249845695e+00 8.778629760742187500e+02
6.009703720765849688e+00 8.816173706054687500e+02
6.013136856281854570e+00 8.840712890625000000e+02
6.016569991797858563e+00 8.909747314453125000e+02
6.020003127313862556e+00 9.002525024414062500e+02
6.023436262829867438e+00 9.067982788085937500e+02
6.026869398345872320e+00 9.032800292968750000e+02
6.030302533861877201e+00 9.083790283203125000e+02
6.033735669377880306e+00 9.114555664062500000e+02
6.037168804893885188e+00 9.213331298828125000e+02
6.040601940409890069e+00 9.327466430664062500e+02
6.044035075925894951e+00 9.476878051757812500e+02
6.047468211441898944e+00 9.664602661132812500e+02
6.050901346957902938e+00 1.002305969238281250e+03
6.054334482473907819e+00 1.070833496093750000e+03
6.057767617989912701e+00 1.195023437500000000e+03
6.061200753505916694e+00 1.463767089843750000e+03
6.064633889021921576e+00 2.004508911132812500e+03
6.068067024537925569e+00 3.105626708984375000e+03
6.071500160053930450e+00 4.892972167968750000e+03
6.074933295569934444e+00 7.087118652343750000e+03
6.078366431085939325e+00 8.809830078125000000e+03
6.081799566601944207e+00 8.902542968750000000e+03
6.085232702117949088e+00 7.183420898437500000e+03
6.088665837633952194e+00 4.728056152343750000e+03
6.092098973149957075e+00 2.831630859375000000e+03
6.095532108665961957e+00 1.828508789062500000e+03
6.098965244181966838e+00 1.363901489257812500e+03
6.102398379697970832e+00 1.154916748046875000e+03
6.105831515213974825e+00 1.057144042968750000e+03
6.109264650729979707e+00 1.000282958984375000e+03
6.112697786245984588e+00 9.666588134765625000e+02
6.116130921761988581e+00 9.487855834960937500e+02
6.119564057277993463e+00 9.357338867187500000e+02
6.122997192793997456e+00 9.261999511718750000e+02
6.126430328310002338e+00 9.124167480468750000e+02
6.129863463826006331e+00 9.123056640625000000e+02
6.133296599342011213e+00 9.125401000976562500e+02
6.136729734858016094e+00 9.148700561523437500e+02
6.140162870374020088e+00 9.078245849609375000e+02
6.143596005890024081e+00 8.989711303710937500e+02
6.147029141406028963e+00 8.893511962890625000e+02
6.150462276922033844e+00 8.901248779296875000e+02
6.153895412438038726e+00 8.899526367187500000e+02
6.157328547954042719e+00 8.865553588867187500e+02
6.160761683470046712e+00 8.813474121093750000e+02
6.164194818986051594e+00 8.814641723632812500e+02
6.167627954502055587e+00 8.812004394531250000e+02
6.171061090018060469e+00 8.775477905273437500e+02
6.174494225534065350e+00 8.756651000976562500e+02
6.177927361050069344e+00 8.714662475585937500e+02
6.181360496566073337e+00 8.719902954101562500e+02
6.184793632082078219e+00 8.734704589843750000e+02
6.188226767598083100e+00 8.765040283203125000e+02
6.191659903114087982e+00 8.734238281250000000e+02
6.195093038630091087e+00 8.710816040039062500e+02
6.198526174146095968e+00 8.772192993164062500e+02
6.201959309662100850e+00 8.849271240234375000e+02
6.205392445178105731e+00 8.844796752929687500e+02
6.208825580694109725e+00 8.880033569335937500e+02
6.212258716210113718e+00 8.924643554687500000e+02
6.215691851726118600e+00 8.966718750000000000e+02
6.219124987242123481e+00 8.945903320312500000e+02
6.222558122758127475e+00 8.942077636718750000e+02
6.225991258274132356e+00 8.993208618164062500e+02
6.229424393790136349e+00 9.031439208984375000e+02
6.232857529306141231e+00 9.125695800781250000e+02
6.236290664822145224e+00 9.104234008789062500e+02
6.239723800338150106e+00 9.143287353515625000e+02
6.243156935854154987e+00 9.179219970703125000e+02
6.246590071370158981e+00 9.270167236328125000e+02
6.250023206886162974e+00 9.316608886718750000e+02
6.253456342402167856e+00 9.378872070312500000e+02
6.256889477918172737e+00 9.499525756835937500e+02
6.260322613434177619e+00 9.605244750976562500e+02
6.263755748950181612e+00 9.731333618164062500e+02
6.267188884466185606e+00 9.874486083984375000e+02
6.270622019982190487e+00 1.011660461425781250e+03
6.274055155498195369e+00 1.050173217773437500e+03
6.277488291014199362e+00 1.095921020507812500e+03
6.280921426530204243e+00 1.161378295898437500e+03
6.284354562046208237e+00 1.283884277343750000e+03
6.287787697562213118e+00 1.536158447265625000e+03
6.291220833078217112e+00 2.058639404296875000e+03
6.294653968594221993e+00 3.142740234375000000e+03
6.298087104110226875e+00 5.324447753906250000e+03
6.301520239626230868e+00 8.652319335937500000e+03
6.304953375142234862e+00 1.256212011718750000e+04
6.308386510658239743e+00 1.547000195312500000e+04
6.311819646174244625e+00 1.577720996093750000e+04
6.315252781690248618e+00 1.288628906250000000e+04
6.318685917206253500e+00 8.518806640625000000e+03
6.322119052722257493e+00 4.823224609375000000e+03
6.325552188238262374e+00 2.821055175781250000e+03
6.328985323754266368e+00 1.859708740234375000e+03
6.332418459270271249e+00 1.455075195312500000e+03
6.335851594786276131e+00 1.256773559570312500e+03
6.339284730302280124e+00 1.151182983398437500e+03
6.342717865818284118e+00 1.080579833984375000e+03
6.346151001334288999e+00 1.035026000976562500e+03
6.349584136850293881e+00 1.005292724609375000e+03
6.353017272366298762e+00 9.849104003906250000e+02
6.356450407882301867e+00 9.724111328125000000e+02
6.359883543398306749e+00 9.629128417968750000e+02
6.363316678914311630e+00 9.557810668945312500e+02
6.366749814430316512e+00 9.456516113281250000e+02
6.370182949946320505e+00 9.395969238281250000e+02
6.373616085462324499e+00 9.296605224609375000e+02
6.377049220978329380e+00 9.243255615234375000e+02
6.380482356494334262e+00 9.119838256835937500e+02
6.383915492010338255e+00 9.083868408203125000e+02
6.387348627526343137e+00 9.001105346679687500e+02
6.390781763042347130e+00 8.946740112304687500e+02
6.394214898558352012e+00 8.834645996093750000e+02
6.397648034074356005e+00 8.770621337890625000e+02
6.401081169590360886e+00 8.755350952148437500e+02
6.404514305106365768e+00 8.794816894531250000e+02
6.407947440622369761e+00 8.827509155273437500e+02
6.411380576138373755e+00 8.721923217773437500e+02
6.414813711654378636e+00 8.630453491210937500e+02
6.418246847170383518e+00 8.577288208007812500e+02
6.421679982686388399e+00 8.582215576171875000e+02
6.425113118202392393e+00 8.543886108398437500e+02
6.428546253718396386e+00 8.460559692382812500e+02
6.431979389234401268e+00 8.341239013671875000e+02
6.435412524750406149e+00 8.298648681640625000e+02
6.438845660266410142e+00 8.332028808593750000e+02
6.442278795782415024e+00 8.380583496093750000e+02
6.445711931298419017e+00 8.333726806640625000e+02
6.449145066814423011e+00 8.321376342773437500e+02
6.452578202330427892e+00 8.254967651367187500e+02
6.456011337846432774e+00 8.262145996093750000e+02
6.459444473362437655e+00 8.232067871093750000e+02
6.462877608878441649e+00 8.327193603515625000e+02
6.466310744394445642e+00 8.334335937500000000e+02
6.469743879910450524e+00 8.379337158203125000e+02
6.473177015426455405e+00 8.339509887695312500e+02
6.476610150942459398e+00 8.357229003906250000e+02
6.480043286458464280e+00 8.268641357421875000e+02
6.483476421974468273e+00 8.229633789062500000e+02
6.486909557490473155e+00 8.289274902343750000e+02
6.490342693006477148e+00 8.344541015625000000e+02
6.493775828522482030e+00 8.303569946289062500e+02
6.497208964038486911e+00 8.285700073242187500e+02
6.500642099554490905e+00 8.373274536132812500e+02
6.504075235070494898e+00 8.416510009765625000e+02
6.507508370586499780e+00 8.390979614257812500e+02
6.510941506102504661e+00 8.387448120117187500e+02
6.514374641618509543e+00 8.395755004882812500e+02
6.517807777134512648e+00 8.303485107421875000e+02
6.521240912650517529e+00 8.227108764648437500e+02
6.524674048166522411e+00 8.266079711914062500e+02
6.528107183682527292e+00 8.303693847656250000e+02
6.531540319198531286e+00 8.250791015625000000e+02
6.534973454714535279e+00 8.172169799804687500e+02
6.538406590230540161e+00 8.154151000976562500e+02
6.541839725746545042e+00 8.142144775390625000e+02
6.545272861262549036e+00 8.214769287109375000e+02
6.548705996778553917e+00 8.226954345703125000e+02
6.552139132294557911e+00 8.239291992187500000e+02
6.555572267810562792e+00 8.152704467773437500e+02
6.559005403326566785e+00 8.134893188476562500e+02
6.562438538842571667e+00 8.108236694335937500e+02
6.565871674358576549e+00 8.163736572265625000e+02
6.569304809874580542e+00 8.210529174804687500e+02
6.572737945390584535e+00 8.170849609375000000e+02
6.576171080906589417e+00 8.181425781250000000e+02
6.579604216422594298e+00 8.122730712890625000e+02
6.583037351938599180e+00 8.135648193359375000e+02
6.586470487454603173e+00 8.125903320312500000e+02
6.589903622970607167e+00 8.104004516601562500e+02
6.593336758486612048e+00 8.018939819335937500e+02
6.596769894002616041e+00 8.017582397460937500e+02
6.600203029518620923e+00 8.120017089843750000e+02
6.603636165034625805e+00 8.111524047851562500e+02
6.607069300550629798e+00 8.168133544921875000e+02
6.610502436066633791e+00 8.141557617187500000e+02
6.613935571582638673e+00 8.165504760742187500e+02
6.617368707098643554e+00 8.092048339843750000e+02
6.620801842614648436e+00 8.201906127929687500e+02
6.624234978130652429e+00 8.218291015625000000e+02
6.627668113646656423e+00 8.208717041015625000e+02
6.631101249162661304e+00 8.119717407226562500e+02
6.634534384678666186e+00 8.120307617187500000e+02
6.637967520194670179e+00 8.085760498046875000e+02
6.641400655710675061e+00 8.109371337890625000e+02
6.644833791226679054e+00 8.147097778320312500e+02
6.648266926742683935e+00 8.228865356445312500e+02
6.651700062258687929e+00 8.237185058593750000e+02
6.655133197774692810e+00 8.224196166992187500e+02
6.658566333290697692e+00 8.216967773437500000e+02
6.661999468806701685e+00 8.292778930664062500e+02
6.665432604322705679e+00 8.304349365234375000e+02
6.668865739838710560e+00 8.265115966796875000e+02
6.672298875354715442e+00 8.205147094726562500e+02
6.675732010870720323e+00 8.191288452148437500e+02
6.679165146386723428e+00 8.179364624023437500e+02
6.682598281902728310e+00 8.184738769531250000e+02
6.686031417418733191e+00 8.185120849609375000e+02
6.689464552934738073e+00 8.252592163085937500e+02
6.692897688450742066e+00 8.322385253906250000e+02
6.696330823966746060e+00 8.400217285156250000e+02
6.699763959482750941e+00 8.428969726562500000e+02
6.703197094998755823e+00 8.444723510742187500e+02
6.706630230514759816e+00 8.397449951171875000e+02
6.710063366030764698e+00 8.406047363281250000e+02
6.713496501546768691e+00 8.469627685546875000e+02
6.716929637062773573e+00 8.594080200195312500e+02
6.720362772578777566e+00 8.829094238281250000e+02
6.723795908094782448e+00 9.203359375000000000e+02
6.727229043610787329e+00 1.000649291992187500e+03
6.730662179126791322e+00 1.178057250976562500e+03
6.734095314642795316e+00 1.545171508789062500e+03
6.737528450158800197e+00 2.103530761718750000e+03
6.740961585674805079e+00 2.843067871093750000e+03
6.744394721190809072e+00 3.348135009765625000e+03
6.747827856706813954e+00 3.341674072265625000e+03
6.751260992222817947e+00 2.742859863281250000e+03
6.754694127738822829e+00 2.052044921875000000e+03
6.758127263254826822e+00 1.446529663085937500e+03
6.761560398770831704e+00 1.126367797851562500e+03
6.764993534286836585e+00 9.911044311523437500e+02
6.768426669802840578e+00 9.212238159179687500e+02
6.771859805318844572e+00 8.907194824218750000e+02
6.775292940834849453e+00 8.763784790039062500e+02
6.778726076350854335e+00 8.730007934570312500e+02
6.782159211866859216e+00 8.680543212890625000e+02
6.785592347382863210e+00 8.610315551757812500e+02
6.789025482898867203e+00 8.549031982421875000e+02
6.792458618414872085e+00 8.468370971679687500e+02
6.795891753930876966e+00 8.420338134765625000e+02
6.799324889446880960e+00 8.411239624023437500e+02
6.802758024962885841e+00 8.402291259765625000e+02
6.806191160478889834e+00 8.355138549804687500e+02
6.809624295994894716e+00 8.349497070312500000e+02
6.813057431510898709e+00 8.320492553710937500e+02
6.816490567026903591e+00 8.324313354492187500e+02
6.819923702542908472e+00 8.328061523437500000e+02
6.823356838058912466e+00 8.374744873046875000e+02
6.826789973574916459e+00 8.466621704101562500e+02
6.830223109090921341e+00 8.504350585937500000e+02
6.833656244606926222e+00 8.534621582031250000e+02
6.837089380122931104e+00 8.571229858398437500e+02
6.840522515638934209e+00 8.587186889648437500e+02
6.843955651154939090e+00 8.613648681640625000e+02
6.847388786670943972e+00 8.622883911132812500e+02
6.850821922186948854e+00 8.646308593750000000e+02
6.854255057702952847e+00 8.644301147460937500e+02
6.857688193218956840e+00 8.645512084960937500e+02
6.861121328734961722e+00 8.678739013671875000e+02
6.864554464250966603e+00 8.688869018554687500e+02
6.867987599766970597e+00 8.702952270507812500e+02
6.871420735282975478e+00 8.694801635742187500e+02
6.874853870798979472e+00 8.681825561523437500e+02
6.878287006314984353e+00 8.721153564453125000e+02
6.881720141830988346e+00 8.831058959960937500e+02
6.885153277346993228e+00 8.891750488281250000e+02
6.888586412862998110e+00 8.907845458984375000e+02
6.892019548379002103e+00 8.922814941406250000e+02
6.895452683895006096e+00 8.995775756835937500e+02
6.898885819411010978e+00 9.037412719726562500e+02
6.902318954927015859e+00 9.119322509765625000e+02
6.905752090443019853e+00 9.221510620117187500e+02
6.909185225959024734e+00 9.422000732421875000e+02
6.912618361475028728e+00 9.568670043945312500e+02
6.916051496991033609e+00 9.770039062500000000e+02
6.919484632507037603e+00 9.997075195312500000e+02
6.922917768023042484e+00 1.033775146484375000e+03
6.926350903539047366e+00 1.099392333984375000e+03
6.929784039055051359e+00 1.222272827148437500e+03
6.933217174571055352e+00 1.467244018554687500e+03
6.936650310087060234e+00 1.969680297851562500e+03
6.940083445603065115e+00 3.013081298828125000e+03
6.943516581119069997e+00 4.983989746093750000e+03
6.946949716635073990e+00 7.838576171875000000e+03
6.950382852151077984e+00 1.102825585937500000e+04
6.953815987667082865e+00 1.281857324218750000e+04
6.957249123183087747e+00 1.217760449218750000e+04
6.960682258699091740e+00 9.111129882812500000e+03
6.964115394215096622e+00 5.664554199218750000e+03
6.967548529731100615e+00 3.271046875000000000e+03
6.970981665247105497e+00 2.051284667968750000e+03
6.974414800763109490e+00 1.512369506835937500e+03
6.977847936279114371e+00 1.266800781250000000e+03
6.981281071795119253e+00 1.147727783203125000e+03
6.984714207311123246e+00 1.074747436523437500e+03
6.988147342827127240e+00 1.032009643554687500e+03
6.991580478343132121e+00 1.007958374023437500e+03
6.995013613859137003e+00 9.875482788085937500e+02
6.998446749375141884e+00 9.698792114257812500e+02
7.001879884891144989e+00 9.541419677734375000e+02
7.005313020407149871e+00 9.345836181640625000e+02
7.008746155923154753e+00 9.176415405273437500e+02
7.012179291439159634e+00 9.074435424804687500e+02
7.015612426955163627e+00 9.034041748046875000e+02
7.019045562471167621e+00 9.032210083007812500e+02
7.022478697987172502e+00 8.996599731445312500e+02
7.025911833503177384e+00 8.947867431640625000e+02
7.029344969019181377e+00 8.951423339843750000e+02
7.032778104535186259e+00 8.955036010742187500e+02
7.036211240051190252e+00 8.968771362304687500e+02
7.039644375567194245e+00 8.918150024414062500e+02
7.043077511083199127e+00 8.902225341796875000e+02
7.046510646599204009e+00 8.916563110351562500e+02
7.049943782115208890e+00 8.880729980468750000e+02
7.053376917631212883e+00 8.793262329101562500e+02
7.056810053147216877e+00 8.703754272460937500e+02
7.060243188663221758e+00 8.685322265625000000e+02
7.063676324179226640e+00 8.688822021484375000e+02
7.067109459695230633e+00 8.709535522460937500e+02
7.070542595211235515e+00 8.797113647460937500e+02
7.073975730727239508e+00 8.788293457031250000e+02
7.077408866243244390e+00 8.780456542968750000e+02
7.080842001759248383e+00 8.726198730468750000e+02
7.084275137275253265e+00 8.790935668945312500e+02
7.087708272791258146e+00 8.832469482421875000e+02
7.091141408307262139e+00 8.873869628906250000e+02
7.094574543823266133e+00 8.947468261718750000e+02
7.098007679339271014e+00 9.041977539062500000e+02
7.101440814855275896e+00 9.111606445312500000e+02
7.104873950371280777e+00 9.167827758789062500e+02
7.108307085887284771e+00 9.254812011718750000e+02
7.111740221403288764e+00 9.353197631835937500e+02
7.115173356919293646e+00 9.482160644531250000e+02
7.118606492435298527e+00 9.668065185546875000e+02
7.122039627951302521e+00 9.978438720703125000e+02
7.125472763467307402e+00 1.044615966796875000e+03
7.128905898983311396e+00 1.115422363281250000e+03
7.132339034499316277e+00 1.243774536132812500e+03
7.135772170015320270e+00 1.515538085937500000e+03
7.139205305531325152e+00 2.109846923828125000e+03
7.142638441047330033e+00 3.249123779296875000e+03
7.146071576563334027e+00 5.392066406250000000e+03
7.149504712079338020e+00 8.084232421875000000e+03
7.152937847595342902e+00 1.086151660156250000e+04
7.156370983111347783e+00 1.195906054687500000e+04
7.159804118627352665e+00 1.072023144531250000e+04
7.163237254143355770e+00 7.545932128906250000e+03
7.166670389659360652e+00 4.714820800781250000e+03
7.170103525175365533e+00 2.772636474609375000e+03
7.173536660691370415e+00 1.816711914062500000e+03
7.176969796207375296e+00 1.390997436523437500e+03
7.180402931723378401e+00 1.196851684570312500e+03
7.183836067239382395e+00 1.101071166992187500e+03
7.187269202755387276e+00 1.037942749023437500e+03
7.190702338271392158e+00 9.987904663085937500e+02
7.194135473787397039e+00 9.715136108398437500e+02
7.197568609303401033e+00 9.550839843750000000e+02
7.201001744819405914e+00 9.354732055664062500e+02
7.204434880335410796e+00 9.267091064453125000e+02
7.207868015851413901e+00 9.195060424804687500e+02
7.211301151367418782e+00 9.100900268554687500e+02
7.214734286883423664e+00 8.931033935546875000e+02
7.218167422399427657e+00 8.842492065429687500e+02
7.221600557915432539e+00 8.765518798828125000e+02
7.225033693431437420e+00 8.736643676757812500e+02
7.228466828947442302e+00 8.746071166992187500e+02
7.231899964463446295e+00 8.779126586914062500e+02
7.235333099979449401e+00 8.751782836914062500e+02
7.238766235495454282e+00 8.620445556640625000e+02
7.242199371011459164e+00 8.548629760742187500e+02
7.245632506527464045e+00 8.505679931640625000e+02
7.249065642043468927e+00 8.550430908203125000e+02
7.252498777559472920e+00 8.484212036132812500e+02
7.255931913075477802e+00 8.411471557617187500e+02
7.259365048591482683e+00 8.351109008789062500e+02
7.262798184107485788e+00 8.379677734375000000e+02
7.266231319623490670e+00 8.437018432617187500e+02
7.269664455139495551e+00 8.502050170898437500e+02
7.273097590655499545e+00 8.525700683593750000e+02
7.276530726171504426e+00 8.498216552734375000e+02
7.279963861687509308e+00 8.436651611328125000e+02
7.283396997203514189e+00 8.389647216796875000e+02
7.286830132719518183e+00 8.384121093750000000e+02
7.290263268235521288e+00 8.385705566406250000e+02
7.293696403751526169e+00 8.452614746093750000e+02
7.297129539267531051e+00 8.535790405273437500e+02
7.300562674783535932e+00 8.525325927734375000e+02
7.303995810299540814e+00 8.469240722656250000e+02
7.307428945815544807e+00 8.473849487304687500e+02
7.310862081331549689e+00 8.544570312500000000e+02
7.314295216847554570e+00 8.652684936523437500e+02
7.317728352363557676e+00 8.766505126953125000e+02
7.321161487879562557e+00 8.906946411132812500e+02
7.324594623395566551e+00 9.077768554687500000e+02
7.328027758911571432e+00 9.439509277343750000e+02
7.331460894427576314e+00 1.024501831054687500e+03
7.334894029943581195e+00 1.195763061523437500e+03
7.338327165459586077e+00 1.527583618164062500e+03
7.341760300975589182e+00 2.117287597656250000e+03
7.345193436491593175e+00 2.969741210937500000e+03
7.348626572007598057e+00 3.859084716796875000e+03
7.352059707523602938e+00 4.378474609375000000e+03
7.355492843039607820e+00 4.155506835937500000e+03
7.358925978555611813e+00 3.335045898437500000e+03
7.362359114071616695e+00 2.348245605468750000e+03
7.365792249587621576e+00 1.607378784179687500e+03
7.369225385103624681e+00 1.216416381835937500e+03
7.372658520619629563e+00 1.038736816406250000e+03
7.376091656135634445e+00 9.550369262695312500e+02
7.379524791651638438e+00 9.129628906250000000e+02
7.382957927167643319e+00 8.872753295898437500e+02
7.386391062683648201e+00 8.732766723632812500e+02
7.389824198199653082e+00 8.631725463867187500e+02
7.393257333715657076e+00 8.528174438476562500e+02
7.396690469231660181e+00 8.455297241210937500e+02
7.400123604747665063e+00 8.353818969726562500e+02
7.403556740263669944e+00 8.366643676757812500e+02
7.406989875779674826e+00 8.361984252929687500e+02
7.410423011295679707e+00 8.384759521484375000e+02
7.413856146811683701e+00 8.386522216796875000e+02
7.417289282327688582e+00 8.424388427734375000e+02
7.420722417843693464e+00 8.436195068359375000e+02
7.424155553359696569e+00 8.418042602539062500e+02
7.427588688875701450e+00 8.415122070312500000e+02
7.431021824391706332e+00 8.346094360351562500e+02
7.434454959907710325e+00 8.303991699218750000e+02
7.437888095423715207e+00 8.232111816406250000e+02
7.441321230939720088e+00 8.263391113281250000e+02
7.444754366455724970e+00 8.324996948242187500e+02
7.448187501971728963e+00 8.389356689453125000e+02
7.451620637487732068e+00 8.350488891601562500e+02
7.455053773003736950e+00 8.265004272460937500e+02
7.458486908519741831e+00 8.253703002929687500e+02
7.461920044035746713e+00 8.285109252929687500e+02
7.465353179551751595e+00 8.296708374023437500e+02
7.468786315067755588e+00 8.274954223632812500e+02
7.472219450583760469e+00 8.277467041015625000e+02
7.475652586099763575e+00 8.293088378906250000e+02
7.479085721615768456e+00 8.385729980468750000e+02
7.482518857131773338e+00 8.424788818359375000e+02
7.485951992647777331e+00 8.498702392578125000e+02
7.489385128163782213e+00 8.500367431640625000e+02
7.492818263679787094e+00 8.539071044921875000e+02
7.496251399195791976e+00 8.546906127929687500e+02
7.499684534711796857e+00 8.555086669921875000e+02
7.503117670227799962e+00 8.613852539062500000e+02
7.506550805743803956e+00 8.740714721679687500e+02
7.509983941259808837e+00 8.886621093750000000e+02
7.513417076775813719e+00 9.089099731445312500e+02
7.516850212291818600e+00 9.367191772460937500e+02
7.520283347807822594e+00 9.972580566406250000e+02
7.523716483323827475e+00 1.117526611328125000e+03
7.527149618839832357e+00 1.370351074218750000e+03
7.530582754355835462e+00 1.867225830078125000e+03
7.534015889871840344e+00 2.720827148437500000e+03
7.537449025387845225e+00 3.894732666015625000e+03
7.540882160903849218e+00 5.003339843750000000e+03
7.544315296419854100e+00 5.483128417968750000e+03
7.547748431935858981e+00 4.958528320312500000e+03
7.551181567451863863e+00 3.724117675781250000e+03
7.554614702967867856e+00 2.475349121093750000e+03
7.558047838483870962e+00 1.665763793945312500e+03
7.561480973999875843e+00 1.242025024414062500e+03
7.564914109515880725e+00 1.057421508789062500e+03
7.568347245031885606e+00 9.686846923828125000e+02
7.571780380547890488e+00 9.243010864257812500e+02
7.575213516063894481e+00 9.045686645507812500e+02
7.578646651579899363e+00 8.866373901367187500e+02
7.582079787095904244e+00 8.764023437500000000e+02
7.585512922611907349e+00 8.675033569335937500e+02
7.588946058127912231e+00 8.624757080078125000e+02
7.592379193643917112e+00 8.562885131835937500e+02
7.595812329159921106e+00 8.520009155273437500e+02
7.599245464675925987e+00 8.528323364257812500e+02
7.602678600191930869e+00 8.506798706054687500e+02
7.606111735707935750e+00 8.531339721679687500e+02
7.609544871223939744e+00 8.510110473632812500e+02
7.612978006739942849e+00 8.508104248046875000e+02
7.616411142255947730e+00 8.472606201171875000e+02
7.619844277771952612e+00 8.482661743164062500e+02
7.623277413287957494e+00 8.472012329101562500e+02
7.626710548803962375e+00 8.474515380859375000e+02
7.630143684319966368e+00 8.460759887695312500e+02
7.633576819835971250e+00 8.464172973632812500e+02
7.637009955351974355e+00 8.433872070312500000e+02
7.640443090867979237e+00 8.429135742187500000e+02
7.643876226383984118e+00 8.439726562500000000e+02
7.647309361899988112e+00 8.501292114257812500e+02
7.650742497415992993e+00 8.544841918945312500e+02
7.654175632931997875e+00 8.568759765625000000e+02
7.657608768448002756e+00 8.562792968750000000e+02
7.661041903964007638e+00 8.541455688476562500e+02
7.664475039480010743e+00 8.584489746093750000e+02
7.667908174996014736e+00 8.642540283203125000e+02
7.671341310512019618e+00 8.727779541015625000e+02
7.674774446028024499e+00 8.781089477539062500e+02
7.678207581544029381e+00 8.894518432617187500e+02
7.681640717060033374e+00 9.000516967773437500e+02
7.685073852576038256e+00 9.083730468750000000e+02
7.688506988092043137e+00 9.156144409179687500e+02
7.691940123608046243e+00 9.265122070312500000e+02
7.695373259124051124e+00 9.543501586914062500e+02
7.698806394640056006e+00 9.906152954101562500e+02
7.702239530156059999e+00 1.057184814453125000e+03
7.705672665672064880e+00 1.166212524414062500e+03
7.709105801188069762e+00 1.382889282226562500e+03
7.712538936704074644e+00 1.824427978515625000e+03
7.715972072220078637e+00 2.745590576171875000e+03
7.719405207736081742e+00 4.484159667968750000e+03
7.722838343252086624e+00 6.814645507812500000e+03
7.726271478768091505e+00 9.382027343750000000e+03
7.729704614284096387e+00 1.077183203125000000e+04
7.733137749800101268e+00 1.043818847656250000e+04
7.736570885316105262e+00 8.021438964843750000e+03
7.740004020832110143e+00 5.226493652343750000e+03
7.743437156348115025e+00 3.069274902343750000e+03
7.746870291864118130e+00 1.922997680664062500e+03
7.750303427380123011e+00 1.400480102539062500e+03
7.753736562896127005e+00 1.166027465820312500e+03
7.757169698412131886e+00 1.056075805664062500e+03
7.760602833928136768e+00 9.969141845703125000e+02
7.764035969444141649e+00 9.555575561523437500e+02
7.767469104960146531e+00 9.229954833984375000e+02
7.770902240476149636e+00 9.002884521484375000e+02
7.774335375992153629e+00 8.803574218750000000e+02
7.777768511508158511e+00 8.678167724609375000e+02
7.781201647024163393e+00 8.552590942382812500e+02
7.784634782540168274e+00 8.454473266601562500e+02
7.788067918056173156e+00 8.437470703125000000e+02
7.791501053572177149e+00 8.451916503906250000e+02
7.794934189088182031e+00 8.394606323242187500e+02
7.798367324604185136e+00 8.246965332031250000e+02
7.801800460120190017e+00 8.123573608398437500e+02
7.805233595636194899e+00 8.083651123046875000e+02
7.808666731152198892e+00 8.085796508789062500e+02
7.812099866668203774e+00 8.079517211914062500e+02
7.815533002184208655e+00 8.062564086914062500e+02
7.818966137700213537e+00 8.005595092773437500e+02
7.822399273216218418e+00 7.960444335937500000e+02
7.825832408732221523e+00 7.922288818359375000e+02
7.829265544248225517e+00 7.949143066406250000e+02
7.832698679764230398e+00 7.944144897460937500e+02
7.836131815280235280e+00 7.949701538085937500e+02
7.839564950796240161e+00 7.955137939453125000e+02
7.842998086312244155e+00 7.998953857421875000e+02
7.846431221828249036e+00 7.990427856445312500e+02
7.849864357344253918e+00 7.987434692382812500e+02
7.853297492860257023e+00 7.980362548828125000e+02
7.856730628376261905e+00 7.988439941406250000e+02
7.860163763892266786e+00 7.997200317382812500e+02
7.863596899408270779e+00 8.037764892578125000e+02
7.867030034924275661e+00 8.099890747070312500e+02
7.870463170440280543e+00 8.114471435546875000e+02
7.873896305956285424e+00 8.132573242187500000e+02
7.877329441472289417e+00 8.172404785156250000e+02
7.880762576988292523e+00 8.291568603515625000e+02
7.884195712504297404e+00 8.430508422851562500e+02
7.887628848020302286e+00 8.741328735351562500e+02
7.891061983536307167e+00 9.352290039062500000e+02
7.894495119052312049e+00 1.056977172851562500e+03
7.897928254568316042e+00 1.293347656250000000e+03
7.901361390084320924e+00 1.739085571289062500e+03
7.904794525600325805e+00 2.405005615234375000e+03
7.908227661116328910e+00 3.281979248046875000e+03
7.911660796632333792e+00 3.933216552734375000e+03
7.915093932148337785e+00 4.003406005859375000e+03
7.918527067664342667e+00 3.339697753906250000e+03
7.921960203180347548e+00 2.432355468750000000e+03
7.925393338696352430e+00 1.651976196289062500e+03
7.928826474212357311e+00 1.201964721679687500e+03
7.932259609728360417e+00 9.962224731445312500e+02
7.935692745244364410e+00 9.034036865234375000e+02
7.939125880760369292e+00 8.580676879882812500e+02
7.942559016276374173e+00 8.267667236328125000e+02
7.945992151792379055e+00 8.050249633789062500e+02
7.949425287308383936e+00 7.944744262695312500e+02
7.952858422824387929e+00 7.906071777343750000e+02
7.956291558340392811e+00 7.911018676757812500e+02
7.959724693856395916e+00 7.845762329101562500e+02
7.963157829372400798e+00 7.813753662109375000e+02
7.966590964888405679e+00 7.775122070312500000e+02
7.970024100404409673e+00 7.715881347656250000e+02
7.973457235920414554e+00 7.649897460937500000e+02
7.976890371436419436e+00 7.679917602539062500e+02
7.980323506952424317e+00 7.680794677734375000e+02
7.983756642468429199e+00 7.641928710937500000e+02
7.987189777984432304e+00 7.698296508789062500e+02
7.990622913500436297e+00 7.650983886718750000e+02
7.994056049016441179e+00 7.599901733398437500e+02
7.997489184532446060e+00 7.509959106445312500e+02
8.000922320048450942e+00 7.519676513671875000e+02
8.004355455564455823e+00 7.529789428710937500e+02
8.007788591080460705e+00 7.535692749023437500e+02
8.011221726596465587e+00 7.588732299804687500e+02
8.014654862112468692e+00 7.603090209960937500e+02
8.018087997628471797e+00 7.531506958007812500e+02
8.021521133144476678e+00 7.405955200195312500e+02
8.024954268660481560e+00 7.444772338867187500e+02
8.028387404176486442e+00 7.463901977539062500e+02
8.031820539692491323e+00 7.528848266601562500e+02
8.035253675208496205e+00 7.441568603515625000e+02
8.038686810724501086e+00 7.393029174804687500e+02
8.042119946240504191e+00 7.348615112304687500e+02
8.045553081756509073e+00 7.348869628906250000e+02
8.048986217272513954e+00 7.306190795898437500e+02
8.052419352788517060e+00 7.209491577148437500e+02
8.055852488304521941e+00 7.185985107421875000e+02
8.059285623820526823e+00 7.247415161132812500e+02
8.062718759336531704e+00 7.303617553710937500e+02
8.066151894852534809e+00 7.289786376953125000e+02
8.069585030368539691e+00 7.268844604492187500e+02
8.073018165884544572e+00 7.254629516601562500e+02
8.076451301400549454e+00 7.244608764648437500e+02
8.079884436916554336e+00 7.222661132812500000e+02
8.083317572432559217e+00 7.260120849609375000e+02
8.086750707948562322e+00 7.259109497070312500e+02
8.090183843464567204e+00 7.242222290039062500e+02
8.093616978980570309e+00 7.186082763671875000e+02
8.097050114496575191e+00 7.229065551757812500e+02
8.100483250012580072e+00 7.276400146484375000e+02
8.103916385528584954e+00 7.327612915039062500e+02
8.107349521044589835e+00 7.283061523437500000e+02
8.110782656560594717e+00 7.221073608398437500e+02
8.114215792076599598e+00 7.193973388671875000e+02
8.117648927592604480e+00 7.233088378906250000e+02
8.121082063108607585e+00 7.207694091796875000e+02
8.124515198624610690e+00 7.258276977539062500e+02
8.127948334140615572e+00 7.269412841796875000e+02
8.131381469656620453e+00 7.295152587890625000e+02
8.134814605172625335e+00 7.211239013671875000e+02
8.138247740688630216e+00 7.171217041015625000e+02
8.141680876204635098e+00 7.161779174804687500e+02
8.145114011720639979e+00 7.264114379882812500e+02
8.148547147236643085e+00 7.293914794921875000e+02
8.151980282752647966e+00 7.298410644531250000e+02
8.155413418268652848e+00 7.223108520507812500e+02
8.158846553784655953e+00 7.164006958007812500e+02
8.162279689300660834e+00 7.183453369140625000e+02
8.165712824816665716e+00 7.214324340820312500e+02
8.169145960332670597e+00 7.248540039062500000e+02
8.172579095848675479e+00 7.142183837890625000e+02
8.176012231364678584e+00 7.092089233398437500e+02
8.179445366880683466e+00 7.059808959960937500e+02
8.182878502396688347e+00 7.122267456054687500e+02
8.186311637912693229e+00 7.189460449218750000e+02
8.189744773428698110e+00 7.220464477539062500e+02
8.193177908944701215e+00 7.104239501953125000e+02
8.196611044460706097e+00 7.131321411132812500e+02
8.200044179976710979e+00 7.229974365234375000e+02
8.203477315492714084e+00 7.359453735351562500e+02
8.206910451008718965e+00 7.392852172851562500e+02
8.210343586524723847e+00 7.424686889648437500e+02
8.213776722040728728e+00 7.385989379882812500e+02
8.217209857556733610e+00 7.363146362304687500e+02
8.220642993072738491e+00 7.292634887695312500e+02
8.224076128588743373e+00 7.199201660156250000e+02
8.227509264104746478e+00 7.228643188476562500e+02
8.230942399620749583e+00 7.264826660156250000e+02
8.234375535136754465e+00 7.340287475585937500e+02
8.237808670652759346e+00 7.388943481445312500e+02
8.241241806168764228e+00 7.607878417968750000e+02
8.244674941684769109e+00 8.054826049804687500e+02
8.248108077200773991e+00 8.961659545898437500e+02
8.251541212716778873e+00 1.082028076171875000e+03
8.254974348232781978e+00 1.417190673828125000e+03
8.258407483748786859e+00 1.859220703125000000e+03
8.261840619264791741e+00 2.294033203125000000e+03
8.265273754780794846e+00 2.507253662109375000e+03
8.268706890296799727e+00 2.412636474609375000e+03
8.272140025812804609e+00 2.005623535156250000e+03
8.275573161328809491e+00 1.490465209960937500e+03
8.279006296844814372e+00 1.125855224609375000e+03
8.282439432360817477e+00 9.144761352539062500e+02
8.285872567876822359e+00 8.060903320312500000e+02
8.289305703392827240e+00 7.570933837890625000e+02
8.292738838908832122e+00 7.242064208984375000e+02
8.296171974424837003e+00 7.062269287109375000e+02
8.299605109940840109e+00 6.995932006835937500e+02
8.303038245456844990e+00 7.049432983398437500e+02
8.306471380972849872e+00 6.907489013671875000e+02
8.309904516488852977e+00 6.718428344726562500e+02
8.313337652004857858e+00 6.650556030273437500e+02
8.316770787520862740e+00 6.761287841796875000e+02
8.320203923036867621e+00 6.691395263671875000e+02
8.323637058552872503e+00 6.480712890625000000e+02
8.327070194068877385e+00 6.379960327148437500e+02
8.330503329584882266e+00 6.474879760742187500e+02
8.333936465100887148e+00 6.451655273437500000e+02
8.337369600616888476e+00 6.416883544921875000e+02
8.340802736132893358e+00 6.284704589843750000e+02
8.344235871648898240e+00 6.189863891601562500e+02
8.347669007164903121e+00 6.044364013671875000e+02
8.351102142680908003e+00 5.987305297851562500e+02
8.354535278196912884e+00 6.025749511718750000e+02
8.357968413712917766e+00 6.243779296875000000e+02
8.361401549228920871e+00 6.162277221679687500e+02
8.364834684744925752e+00 5.989671020507812500e+02
8.368267820260930634e+00 5.648702392578125000e+02
8.371700955776935515e+00 5.569220581054687500e+02
8.375134091292938621e+00 5.597269897460937500e+02
8.378567226808943502e+00 5.758714599609375000e+02
8.382000362324948384e+00 5.788804931640625000e+02
8.385433497840953265e+00 5.788433837890625000e+02
8.388866633356956370e+00 5.691287231445312500e+02
8.392299768872961252e+00 5.636056518554687500e+02
8.395732904388966134e+00 5.689943237304687500e+02
8.399166039904971015e+00 5.658742065429687500e+02
8.402599175420975897e+00 5.635938110351562500e+02
8.406032310936980778e+00 5.325048217773437500e+02
8.409465446452983883e+00 5.326533813476562500e+02
8.412898581968988765e+00 5.341026000976562500e+02
8.416331717484991870e+00 5.482308959960937500e+02
8.419764853000996752e+00 5.595693969726562500e+02
8.423197988517001633e+00 6.110285034179687500e+02
8.426631124033006515e+00 7.162088623046875000e+02
8.430064259549011396e+00 8.564981079101562500e+02
8.433497395065016278e+00 1.072621704101562500e+03
8.436930530581021159e+00 1.269228515625000000e+03
8.440363666097026041e+00 1.793173950195312500e+03
8.443796801613029146e+00 0.000000000000000000e+00
8.447229937129032251e+00 0.000000000000000000e+00
8.450663072645037133e+00 0.000000000000000000e+00
8.454096208161042014e+00 0.000000000000000000e+00
8.457529343677046896e+00 0.000000000000000000e+00
8.460962479193051777e+00 0.000000000000000000e+00
8.464395614709056659e+00 0.000000000000000000e+00
8.467828750225061540e+00 0.000000000000000000e+00
8.471261885741064646e+00 0.000000000000000000e+00
8.474695021257069527e+00 0.000000000000000000e+00
8.478128156773074409e+00 0.000000000000000000e+00
8.481561292289077514e+00 0.000000000000000000e+00
8.484994427805082395e+00 0.000000000000000000e+00
8.488427563321087277e+00 0.000000000000000000e+00
8.491860698837092158e+00 0.000000000000000000e+00
8.495293834353097040e+00 0.000000000000000000e+00
8.498726969869100145e+00 0.000000000000000000e+00
8.502160105385105027e+00 0.000000000000000000e+00
8.505593240901109908e+00 0.000000000000000000e+00
8.509026376417114790e+00 0.000000000000000000e+00
8.512459511933119671e+00 0.000000000000000000e+00
8.515892647449122776e+00 0.000000000000000000e+00
8.519325782965127658e+00 0.000000000000000000e+00
8.522758918481130763e+00 0.000000000000000000e+00
8.526192053997135645e+00 0.000000000000000000e+00
8.529625189513140526e+00 0.000000000000000000e+00
8.533058325029145408e+00 0.000000000000000000e+00
8.536491460545150289e+00 0.000000000000000000e+00
8.539924596061155171e+00 0.000000000000000000e+00
8.543357731577160052e+00 0.000000000000000000e+00
8.546790867093164934e+00 0.000000000000000000e+00
8.550224002609168039e+00 0.000000000000000000e+00
8.553657138125171144e+00 0.000000000000000000e+00
8.557090273641176026e+00 0.000000000000000000e+00
8.560523409157180907e+00 0.000000000000000000e+00
8.563956544673185789e+00 0.000000000000000000e+00
8.567389680189190670e+00 0.000000000000000000e+00
8.570822815705195552e+00 0.000000000000000000e+00
8.574255951221200434e+00 0.000000000000000000e+00
8.577689086737203539e+00 0.000000000000000000e+00
8.581122222253208420e+00 0.000000000000000000e+00
8.584555357769213302e+00 0.000000000000000000e+00
8.587988493285216407e+00 0.000000000000000000e+00
8.591421628801221289e+00 0.000000000000000000e+00
8.594854764317226170e+00 0.000000000000000000e+00
8.598287899833231052e+00 0.000000000000000000e+00
8.601721035349235933e+00 0.000000000000000000e+00
8.605154170865239038e+00 0.000000000000000000e+00
8.608587306381243920e+00 0.000000000000000000e+00
8.612020441897248801e+00 0.000000000000000000e+00
8.615453577413253683e+00 0.000000000000000000e+00
8.618886712929258564e+00 0.000000000000000000e+00
8.622319848445261670e+00 0.000000000000000000e+00
8.625752983961266551e+00 0.000000000000000000e+00
8.629186119477271433e+00 0.000000000000000000e+00
8.632619254993274538e+00 0.000000000000000000e+00
8.636052390509279419e+00 0.000000000000000000e+00
8.639485526025284301e+00 0.000000000000000000e+00
8.642918661541289183e+00 0.000000000000000000e+00
8.646351797057294064e+00 0.000000000000000000e+00
8.649784932573298946e+00 0.000000000000000000e+00
8.653218068089303827e+00 0.000000000000000000e+00
8.656651203605306932e+00 0.000000000000000000e+00
8.660084339121310038e+00 0.000000000000000000e+00
8.663517474637314919e+00 0.000000000000000000e+00
8.666950610153319801e+00 0.000000000000000000e+00
8.670383745669324682e+00 0.000000000000000000e+00
8.673816881185329564e+00 0.000000000000000000e+00
8.677250016701334445e+00 0.000000000000000000e+00
8.680683152217339327e+00 0.000000000000000000e+00
8.684116287733342432e+00 0.000000000000000000e+00
8.687549423249347313e+00 0.000000000000000000e+00
8.690982558765352195e+00 0.000000000000000000e+00
8.694415694281357077e+00 0.000000000000000000e+00
8.697848829797360182e+00 0.000000000000000000e+00
8.701281965313365063e+00 0.000000000000000000e+00
8.704715100829369945e+00 0.000000000000000000e+00
8.708148236345374826e+00 0.000000000000000000e+00
8.711581371861377932e+00 0.000000000000000000e+00
8.715014507377382813e+00 0.000000000000000000e+00
8.718447642893387695e+00 0.000000000000000000e+00
8.721880778409392576e+00 0.000000000000000000e+00
8.725313913925397458e+00 0.000000000000000000e+00
8.728747049441402339e+00 0.000000000000000000e+00
8.732180184957405444e+00 0.000000000000000000e+00
8.735613320473410326e+00 0.000000000000000000e+00
8.739046455989413431e+00 0.000000000000000000e+00
8.742479591505418313e+00 0.000000000000000000e+00
8.745912727021423194e+00 0.000000000000000000e+00
8.749345862537428076e+00 0.000000000000000000e+00
8.752778998053432957e+00 0.000000000000000000e+00
8.756212133569437839e+00 0.000000000000000000e+00
8.759645269085442720e+00 0.000000000000000000e+00
8.763078404601447602e+00 0.000000000000000000e+00
8.766511540117450707e+00 0.000000000000000000e+00
8.769944675633453812e+00 0.000000000000000000e+00
8.773377811149458694e+00 0.000000000000000000e+00
8.776810946665463575e+00 0.000000000000000000e+00
8.780244082181468457e+00 0.000000000000000000e+00
8.783677217697473338e+00 0.000000000000000000e+00
8.787110353213478220e+00 0.000000000000000000e+00
8.790543488729481325e+00 0.000000000000000000e+00
8.793976624245486207e+00 0.000000000000000000e+00
8.797409759761491088e+00 0.000000000000000000e+00
8.800842895277495970e+00 0.000000000000000000e+00
8.804276030793499075e+00 0.000000000000000000e+00
8.807709166309503956e+00 0.000000000000000000e+00
8.811142301825508838e+00 0.000000000000000000e+00
8.814575437341513720e+00 0.000000000000000000e+00
8.818008572857516825e+00 0.000000000000000000e+00
8.821441708373521706e+00 0.000000000000000000e+00
8.824874843889526588e+00 0.000000000000000000e+00
8.828307979405531469e+00 0.000000000000000000e+00
8.831741114921536351e+00 0.000000000000000000e+00
8.835174250437541232e+00 0.000000000000000000e+00
8.838607385953544338e+00 0.000000000000000000e+00
8.842040521469549219e+00 0.000000000000000000e+00
8.845473656985552324e+00 0.000000000000000000e+00
8.848906792501557206e+00 0.000000000000000000e+00
8.852339928017562087e+00 0.000000000000000000e+00
8.855773063533566969e+00 0.000000000000000000e+00
8.859206199049571850e+00 0.000000000000000000e+00
8.862639334565576732e+00 0.000000000000000000e+00
8.866072470081581613e+00 0.000000000000000000e+00
8.869505605597586495e+00 0.000000000000000000e+00
8.872938741113589600e+00 0.000000000000000000e+00
8.876371876629592705e+00 0.000000000000000000e+00
8.879805012145597587e+00 0.000000000000000000e+00
8.883238147661602468e+00 0.000000000000000000e+00
8.886671283177607350e+00 0.000000000000000000e+00
8.890104418693612232e+00 0.000000000000000000e+00
8.893537554209617113e+00 0.000000000000000000e+00
8.896970689725621995e+00 0.000000000000000000e+00
8.900403825241625100e+00 0.000000000000000000e+00
8.903836960757629981e+00 0.000000000000000000e+00
8.907270096273634863e+00 0.000000000000000000e+00
8.910703231789637968e+00 0.000000000000000000e+00
8.914136367305642850e+00 0.000000000000000000e+00
8.917569502821647731e+00 0.000000000000000000e+00
8.921002638337652613e+00 0.000000000000000000e+00
8.924435773853657494e+00 0.000000000000000000e+00
8.927868909369660599e+00 0.000000000000000000e+00
8.931302044885665481e+00 0.000000000000000000e+00
8.934735180401670362e+00 0.000000000000000000e+00
8.938168315917675244e+00 0.000000000000000000e+00
8.941601451433680126e+00 0.000000000000000000e+00
8.945034586949683231e+00 0.000000000000000000e+00
8.948467722465688112e+00 0.000000000000000000e+00
8.951900857981691217e+00 0.000000000000000000e+00
8.955333993497696099e+00 0.000000000000000000e+00
8.958767129013700981e+00 0.000000000000000000e+00
8.962200264529705862e+00 0.000000000000000000e+00
8.965633400045710744e+00 0.000000000000000000e+00
8.969066535561715625e+00 0.000000000000000000e+00
8.972499671077720507e+00 0.000000000000000000e+00
8.975932806593725388e+00 0.000000000000000000e+00
8.979365942109728493e+00 0.000000000000000000e+00
8.982799077625731599e+00 0.000000000000000000e+00
8.986232213141736480e+00 0.000000000000000000e+00
8.989665348657741362e+00 0.000000000000000000e+00
8.993098484173746243e+00 0.000000000000000000e+00
8.996531619689751125e+00 0.000000000000000000e+00
8.999964755205756006e+00 0.000000000000000000e+00
9.003397890721760888e+00 0.000000000000000000e+00
9.006831026237763993e+00 0.000000000000000000e+00
9.010264161753768875e+00 0.000000000000000000e+00
9.013697297269773756e+00 0.000000000000000000e+00
9.017130432785778638e+00 0.000000000000000000e+00
9.020563568301781743e+00 0.000000000000000000e+00
9.023996703817786624e+00 0.000000000000000000e+00
9.027429839333791506e+00 0.000000000000000000e+00
9.030862974849796387e+00 0.000000000000000000e+00
9.034296110365799493e+00 0.000000000000000000e+00
9.037729245881804374e+00 0.000000000000000000e+00
9.041162381397809256e+00 0.000000000000000000e+00
9.044595516913814137e+00 0.000000000000000000e+00
9.048028652429819019e+00 0.000000000000000000e+00
9.051461787945823900e+00 0.000000000000000000e+00
9.054894923461827005e+00 0.000000000000000000e+00
9.058328058977831887e+00 0.000000000000000000e+00
9.061761194493834992e+00 0.000000000000000000e+00
9.065194330009839874e+00 0.000000000000000000e+00
9.068627465525844755e+00 0.000000000000000000e+00
9.072060601041849637e+00 0.000000000000000000e+00
9.075493736557854518e+00 0.000000000000000000e+00
9.078926872073859400e+00 0.000000000000000000e+00
9.082360007589864281e+00 0.000000000000000000e+00
9.085793143105867387e+00 0.000000000000000000e+00
9.089226278621872268e+00 0.000000000000000000e+00
9.092659414137875373e+00 0.000000000000000000e+00
9.096092549653880255e+00 0.000000000000000000e+00
9.099525685169885136e+00 0.000000000000000000e+00
9.102958820685890018e+00 0.000000000000000000e+00
9.106391956201894899e+00 0.000000000000000000e+00
9.109825091717899781e+00 0.000000000000000000e+00
9.113258227233902886e+00 0.000000000000000000e+00
9.116691362749907768e+00 0.000000000000000000e+00
9.120124498265912649e+00 0.000000000000000000e+00
9.123557633781917531e+00 0.000000000000000000e+00
9.126990769297920636e+00 0.000000000000000000e+00
9.130423904813925517e+00 0.000000000000000000e+00
9.133857040329930399e+00 0.000000000000000000e+00
9.137290175845935281e+00 0.000000000000000000e+00
9.140723311361938386e+00 0.000000000000000000e+00
9.144156446877943267e+00 0.000000000000000000e+00
9.147589582393948149e+00 0.000000000000000000e+00
9.151022717909953030e+00 0.000000000000000000e+00
9.154455853425957912e+00 0.000000000000000000e+00
9.157888988941962793e+00 0.000000000000000000e+00
9.161322124457965899e+00 0.000000000000000000e+00
9.164755259973970780e+00 0.000000000000000000e+00
9.168188395489973885e+00 0.000000000000000000e+00
9.171621531005978767e+00 0.000000000000000000e+00
9.175054666521983648e+00 0.000000000000000000e+00
9.178487802037988530e+00 0.000000000000000000e+00
9.181920937553993411e+00 0.000000000000000000e+00
9.185354073069998293e+00 0.000000000000000000e+00
9.188787208586003175e+00 0.000000000000000000e+00
9.192220344102008056e+00 0.000000000000000000e+00
9.195653479618011161e+00 0.000000000000000000e+00
9.199086615134014266e+00 0.000000000000000000e+00
9.202519750650019148e+00 0.000000000000000000e+00
9.205952886166024030e+00 0.000000000000000000e+00
9.209386021682028911e+00 0.000000000000000000e+00
9.212819157198033793e+00 0.000000000000000000e+00
9.216252292714038674e+00 0.000000000000000000e+00
9.219685428230043556e+00 0.000000000000000000e+00
9.223118563746046661e+00 0.000000000000000000e+00
9.226551699262051542e+00 0.000000000000000000e+00
9.229984834778056424e+00 0.000000000000000000e+00
9.233417970294059529e+00 0.000000000000000000e+00
9.236851105810064411e+00 0.000000000000000000e+00
9.240284241326069292e+00 0.000000000000000000e+00
9.243717376842074174e+00 0.000000000000000000e+00
9.247150512358077279e+00 0.000000000000000000e+00
9.250583647874082160e+00 0.000000000000000000e+00
9.254016783390087042e+00 0.000000000000000000e+00
9.257449918906091924e+00 0.000000000000000000e+00
9.260883054422096805e+00 0.000000000000000000e+00
9.264316189938101687e+00 0.000000000000000000e+00
9.267749325454104792e+00 0.000000000000000000e+00
9.271182460970109673e+00 0.000000000000000000e+00
9.274615596486112779e+00 0.000000000000000000e+00
9.278048732002117660e+00 0.000000000000000000e+00
9.281481867518122542e+00 0.000000000000000000e+00
9.284915003034127423e+00 0.000000000000000000e+00
9.288348138550132305e+00 0.000000000000000000e+00
9.291781274066137186e+00 0.000000000000000000e+00
9.295214409582142068e+00 0.000000000000000000e+00
9.298647545098146949e+00 0.000000000000000000e+00
9.302080680614150054e+00 0.000000000000000000e+00
9.305513816130153160e+00 0.000000000000000000e+00
9.308946951646158041e+00 0.000000000000000000e+00
9.312380087162162923e+00 0.000000000000000000e+00
9.315813222678167804e+00 0.000000000000000000e+00
9.319246358194172686e+00 0.000000000000000000e+00
9.322679493710177567e+00 0.000000000000000000e+00
9.326112629226182449e+00 0.000000000000000000e+00
9.329545764742185554e+00 0.000000000000000000e+00
9.332978900258190436e+00 0.000000000000000000e+00
9.336412035774195317e+00 0.000000000000000000e+00
9.339845171290200199e+00 0.000000000000000000e+00
9.343278306806203304e+00 0.000000000000000000e+00
9.346711442322208185e+00 0.000000000000000000e+00
9.350144577838213067e+00 0.000000000000000000e+00
9.353577713354217948e+00 0.000000000000000000e+00
9.357010848870221054e+00 0.000000000000000000e+00
9.360443984386225935e+00 0.000000000000000000e+00
9.363877119902230817e+00 0.000000000000000000e+00
9.367310255418235698e+00 0.000000000000000000e+00
9.370743390934240580e+00 0.000000000000000000e+00
9.374176526450245461e+00 0.000000000000000000e+00
9.377609661966248567e+00 0.000000000000000000e+00
9.381042797482251672e+00 0.000000000000000000e+00
9.384475932998256553e+00 0.000000000000000000e+00
9.387909068514261435e+00 0.000000000000000000e+00
9.391342204030266316e+00 0.000000000000000000e+00
9.394775339546271198e+00 0.000000000000000000e+00
9.398208475062276079e+00 0.000000000000000000e+00
9.401641610578280961e+00 0.000000000000000000e+00
9.405074746094285842e+00 0.000000000000000000e+00
9.408507881610288948e+00 0.000000000000000000e+00
9.411941017126293829e+00 0.000000000000000000e+00
9.415374152642296934e+00 0.000000000000000000e+00
9.418807288158301816e+00 0.000000000000000000e+00
9.422240423674306697e+00 0.000000000000000000e+00
9.425673559190311579e+00 0.000000000000000000e+00
9.429106694706316460e+00 0.000000000000000000e+00
9.432539830222321342e+00 0.000000000000000000e+00
9.435972965738324447e+00 0.000000000000000000e+00
9.439406101254329329e+00 0.000000000000000000e+00
9.442839236770334210e+00 0.000000000000000000e+00
9.446272372286339092e+00 0.000000000000000000e+00
9.449705507802342197e+00 0.000000000000000000e+00
9.453138643318347079e+00 0.000000000000000000e+00
9.456571778834351960e+00 0.000000000000000000e+00
9.460004914350356842e+00 0.000000000000000000e+00
9.463438049866359947e+00 0.000000000000000000e+00
9.466871185382364828e+00 0.000000000000000000e+00
9.470304320898369710e+00 0.000000000000000000e+00
9.473737456414374591e+00 0.000000000000000000e+00
9.477170591930379473e+00 0.000000000000000000e+00
9.480603727446384354e+00 0.000000000000000000e+00
9.484036862962387460e+00 0.000000000000000000e+00
9.487469998478392341e+00 0.000000000000000000e+00
9.490903133994395446e+00 0.000000000000000000e+00
9.494336269510400328e+00 0.000000000000000000e+00
9.497769405026405209e+00 0.000000000000000000e+00
9.501202540542410091e+00 0.000000000000000000e+00
9.504635676058414973e+00 0.000000000000000000e+00
9.508068811574419854e+00 0.000000000000000000e+00
9.511501947090424736e+00 0.000000000000000000e+00
9.514935082606429617e+00 0.000000000000000000e+00
9.518368218122432722e+00 0.000000000000000000e+00
9.521801353638435828e+00 0.000000000000000000e+00
9.525234489154440709e+00 0.000000000000000000e+00
9.528667624670445591e+00 0.000000000000000000e+00
9.532100760186450472e+00 0.000000000000000000e+00
9.535533895702455354e+00 0.000000000000000000e+00
9.538967031218460235e+00 0.000000000000000000e+00
9.542400166734463340e+00 0.000000000000000000e+00
9.545833302250468222e+00 0.000000000000000000e+00
9.549266437766473103e+00 0.000000000000000000e+00
9.552699573282477985e+00 0.000000000000000000e+00
9.556132708798481090e+00 0.000000000000000000e+00
9.559565844314485972e+00 0.000000000000000000e+00
9.562998979830490853e+00 0.000000000000000000e+00
9.566432115346495735e+00 0.000000000000000000e+00
9.569865250862498840e+00 0.000000000000000000e+00
9.573298386378503722e+00 0.000000000000000000e+00
9.576731521894508603e+00 0.000000000000000000e+00
9.580164657410513485e+00 0.000000000000000000e+00
9.583597792926518366e+00 0.000000000000000000e+00
9.587030928442523248e+00 0.000000000000000000e+00
9.590464063958526353e+00 0.000000000000000000e+00
9.593897199474531234e+00 0.000000000000000000e+00
9.597330334990534340e+00 0.000000000000000000e+00
9.600763470506539221e+00 0.000000000000000000e+00
9.604196606022544103e+00 0.000000000000000000e+00
9.607629741538548984e+00 0.000000000000000000e+00
9.611062877054553866e+00 0.000000000000000000e+00
9.614496012570558747e+00 0.000000000000000000e+00
9.617929148086563629e+00 0.000000000000000000e+00
9.621362283602568510e+00 0.000000000000000000e+00
9.624795419118571616e+00 0.000000000000000000e+00
9.628228554634574721e+00 0.000000000000000000e+00
9.631661690150579602e+00 0.000000000000000000e+00
9.635094825666584484e+00 0.000000000000000000e+00
9.638527961182589365e+00 0.000000000000000000e+00
9.641961096698594247e+00 0.000000000000000000e+00
9.645394232214599128e+00 0.000000000000000000e+00
9.648827367730604010e+00 0.000000000000000000e+00
9.652260503246607115e+00 0.000000000000000000e+00
9.655693638762611997e+00 0.000000000000000000e+00
9.659126774278616878e+00 0.000000000000000000e+00
9.662559909794619983e+00 0.000000000000000000e+00
9.665993045310624865e+00 0.000000000000000000e+00
9.669426180826629746e+00 0.000000000000000000e+00
9.672859316342634628e+00 0.000000000000000000e+00
9.676292451858637733e+00 0.000000000000000000e+00
9.679725587374642615e+00 0.000000000000000000e+00
9.683158722890647496e+00 0.000000000000000000e+00
9.686591858406652378e+00 0.000000000000000000e+00
9.690024993922657259e+00 0.000000000000000000e+00
9.693458129438662141e+00 0.000000000000000000e+00
9.696891264954667022e+00 0.000000000000000000e+00
9.700324400470670128e+00 0.000000000000000000e+00
9.703757535986673233e+00 0.000000000000000000e+00
9.707190671502678114e+00 0.000000000000000000e+00
9.710623807018682996e+00 0.000000000000000000e+00
9.714056942534687877e+00 0.000000000000000000e+00
9.717490078050692759e+00 0.000000000000000000e+00
9.720923213566697640e+00 0.000000000000000000e+00
9.724356349082702522e+00 0.000000000000000000e+00
9.727789484598707404e+00 0.000000000000000000e+00
9.731222620114710509e+00 0.000000000000000000e+00
9.734655755630715390e+00 0.000000000000000000e+00
9.738088891146718495e+00 0.000000000000000000e+00
9.741522026662723377e+00 0.000000000000000000e+00
9.744955162178728258e+00 0.000000000000000000e+00
9.748388297694733140e+00 0.000000000000000000e+00
9.751821433210738022e+00 0.000000000000000000e+00
9.755254568726742903e+00 0.000000000000000000e+00
9.758687704242746008e+00 0.000000000000000000e+00
9.762120839758750890e+00 0.000000000000000000e+00
9.765553975274755771e+00 0.000000000000000000e+00
9.768987110790760653e+00 0.000000000000000000e+00
9.772420246306763758e+00 0.000000000000000000e+00
9.775853381822768640e+00 0.000000000000000000e+00
9.779286517338773521e+00 0.000000000000000000e+00
9.782719652854778403e+00 0.000000000000000000e+00
9.786152788370781508e+00 0.000000000000000000e+00
9.789585923886786389e+00 0.000000000000000000e+00
9.793019059402791271e+00 0.000000000000000000e+00
9.796452194918796152e+00 0.000000000000000000e+00
9.799885330434801034e+00 0.000000000000000000e+00
9.803318465950805916e+00 0.000000000000000000e+00
9.806751601466809021e+00 0.000000000000000000e+00
9.810184736982813902e+00 0.000000000000000000e+00
9.813617872498817007e+00 0.000000000000000000e+00
9.817051008014821889e+00 0.000000000000000000e+00
9.820484143530826771e+00 0.000000000000000000e+00
9.823917279046831652e+00 0.000000000000000000e+00
9.827350414562836534e+00 0.000000000000000000e+00
9.830783550078841415e+00 0.000000000000000000e+00
9.834216685594846297e+00 0.000000000000000000e+00
9.837649821110849402e+00 0.000000000000000000e+00
9.841082956626854283e+00 0.000000000000000000e+00
9.844516092142857389e+00 0.000000000000000000e+00
9.847949227658862270e+00 0.000000000000000000e+00
9.851382363174867152e+00 0.000000000000000000e+00
9.854815498690872033e+00 0.000000000000000000e+00
9.858248634206876915e+00 0.000000000000000000e+00
9.861681769722881796e+00 0.000000000000000000e+00
9.865114905238884901e+00 0.000000000000000000e+00
9.868548040754889783e+00 0.000000000000000000e+00
9.871981176270894665e+00 0.000000000000000000e+00
9.875414311786899546e+00 0.000000000000000000e+00
9.878847447302902651e+00 0.000000000000000000e+00
9.882280582818907533e+00 0.000000000000000000e+00
9.885713718334912414e+00 0.000000000000000000e+00
9.889146853850917296e+00 0.000000000000000000e+00
9.892579989366920401e+00 0.000000000000000000e+00
9.896013124882925283e+00 0.000000000000000000e+00
9.899446260398930164e+00 0.000000000000000000e+00
9.902879395914935046e+00 0.000000000000000000e+00
9.906312531430939927e+00 0.000000000000000000e+00
9.909745666946944809e+00 0.000000000000000000e+00
9.913178802462947914e+00 0.000000000000000000e+00
9.916611937978952795e+00 0.000000000000000000e+00
9.920045073494955901e+00 0.000000000000000000e+00
9.923478209010960782e+00 0.000000000000000000e+00
9.926911344526965664e+00 0.000000000000000000e+00
9.930344480042970545e+00 0.000000000000000000e+00
9.933777615558975427e+00 0.000000000000000000e+00
9.937210751074980308e+00 0.000000000000000000e+00
9.940643886590985190e+00 0.000000000000000000e+00
9.944077022106990071e+00 0.000000000000000000e+00
9.947510157622993177e+00 0.000000000000000000e+00
9.950943293138996282e+00 0.000000000000000000e+00
9.954376428655001163e+00 0.000000000000000000e+00
9.957809564171006045e+00 0.000000000000000000e+00
9.961242699687010926e+00 0.000000000000000000e+00
9.964675835203015808e+00 0.000000000000000000e+00
9.968108970719020689e+00 0.000000000000000000e+00
9.971542106235023795e+00 0.000000000000000000e+00
9.974975241751028676e+00 0.000000000000000000e+00
9.978408377267033558e+00 0.000000000000000000e+00
9.981841512783038439e+00 0.000000000000000000e+00
9.985274648299041544e+00 0.000000000000000000e+00
9.988707783815046426e+00 0.000000000000000000e+00
9.992140919331051307e+00 0.000000000000000000e+00
9.995574054847056189e+00 0.000000000000000000e+00
9.999007190363059294e+00 0.000000000000000000e+00
1.000244032587906418e+01 0.000000000000000000e+00
1.000587346139506906e+01 0.000000000000000000e+00
1.000930659691107394e+01 0.000000000000000000e+00
1.001273973242707882e+01 0.000000000000000000e+00
1.001617286794308370e+01 0.000000000000000000e+00
1.001960600345908858e+01 0.000000000000000000e+00
1.002303913897509169e+01 0.000000000000000000e+00
1.002647227449109479e+01 0.000000000000000000e+00
1.002990541000709968e+01 0.000000000000000000e+00
1.003333854552310456e+01 0.000000000000000000e+00
1.003677168103910944e+01 0.000000000000000000e+00
1.004020481655511432e+01 0.000000000000000000e+00
1.004363795207111920e+01 0.000000000000000000e+00
1.004707108758712408e+01 0.000000000000000000e+00
1.005050422310312896e+01 0.000000000000000000e+00
1.005393735861913207e+01 0.000000000000000000e+00
1.005737049413513695e+01 0.000000000000000000e+00
1.006080362965114006e+01 0.000000000000000000e+00
1.006423676516714494e+01 0.000000000000000000e+00
1.006766990068314982e+01 0.000000000000000000e+00
1.007110303619915470e+01 0.000000000000000000e+00
1.007453617171515958e+01 0.000000000000000000e+00
1.007796930723116446e+01 0.000000000000000000e+00
1.008140244274716757e+01 0.000000000000000000e+00
1.008483557826317245e+01 0.000000000000000000e+00
1.008826871377917733e+01 0.000000000000000000e+00
1.009170184929518221e+01 0.000000000000000000e+00
1.009513498481118532e+01 0.000000000000000000e+00
1.009856812032719020e+01 0.000000000000000000e+00
1.010200125584319508e+01 0.000000000000000000e+00
1.010543439135919996e+01 0.000000000000000000e+00
1.010886752687520307e+01 0.000000000000000000e+00
1.011230066239120795e+01 0.000000000000000000e+00
1.011573379790721283e+01 0.000000000000000000e+00
1.011916693342321771e+01 0.000000000000000000e+00
1.012260006893922260e+01 0.000000000000000000e+00
1.012603320445522748e+01 0.000000000000000000e+00
1.012946633997123058e+01 0.000000000000000000e+00
1.013289947548723369e+01 0.000000000000000000e+00
1.013633261100323857e+01 0.000000000000000000e+00
1.013976574651924345e+01 0.000000000000000000e+00
1.014319888203524833e+01 0.000000000000000000e+00
1.014663201755125321e+01 0.000000000000000000e+00
1.015006515306725809e+01 0.000000000000000000e+00
1.015349828858326298e+01 0.000000000000000000e+00
1.015693142409926786e+01 0.000000000000000000e+00
1.016036455961527096e+01 0.000000000000000000e+00
1.016379769513127584e+01 0.000000000000000000e+00
1.016723083064727895e+01 0.000000000000000000e+00
1.017066396616328383e+01 0.000000000000000000e+00
1.017409710167928871e+01 0.000000000000000000e+00
1.017753023719529359e+01 0.000000000000000000e+00
1.018096337271129848e+01 0.000000000000000000e+00
1.018439650822730336e+01 0.000000000000000000e+00
1.018782964374330646e+01 0.000000000000000000e+00
1.019126277925931134e+01 0.000000000000000000e+00
1.019469591477531623e+01 0.000000000000000000e+00
1.019812905029132111e+01 0.000000000000000000e+00
1.020156218580732421e+01 0.000000000000000000e+00
1.020499532132332909e+01 0.000000000000000000e+00
1.020842845683933398e+01 0.000000000000000000e+00
1.021186159235533886e+01 0.000000000000000000e+00
1.021529472787134196e+01 0.000000000000000000e+00
1.021872786338734684e+01 0.000000000000000000e+00
1.022216099890335173e+01 0.000000000000000000e+00
1.022559413441935661e+01 0.000000000000000000e+00
1.022902726993536149e+01 0.000000000000000000e+00
1.023246040545136637e+01 0.000000000000000000e+00
1.023589354096736947e+01 0.000000000000000000e+00
1.023932667648337436e+01 0.000000000000000000e+00
1.024275981199937746e+01 0.000000000000000000e+00
1.024619294751538234e+01 0.000000000000000000e+00
1.024962608303138722e+01 0.000000000000000000e+00
1.025305921854739211e+01 0.000000000000000000e+00
1.025649235406339699e+01 0.000000000000000000e+00
1.025992548957940187e+01 0.000000000000000000e+00
1.026335862509540675e+01 0.000000000000000000e+00
1.026679176061140986e+01 0.000000000000000000e+00
1.027022489612741474e+01 0.000000000000000000e+00
1.027365803164341784e+01 0.000000000000000000e+00
1.027709116715942272e+01 0.000000000000000000e+00
1.028052430267542761e+01 0.000000000000000000e+00
1.028395743819143249e+01 0.000000000000000000e+00
1.028739057370743737e+01 0.000000000000000000e+00
1.029082370922344225e+01 0.000000000000000000e+00
1.029425684473944536e+01 0.000000000000000000e+00
1.029768998025545024e+01 0.000000000000000000e+00
