# # sector 16: chi = -14.99 deg (range [-20, -10))
# # columns: 2theta(deg)  intensity
1.717363048248531218e-03 4.250051574707031250e+02
5.152089144745594304e-03 4.248491516113281250e+02
8.586815241242657173e-03 2.712940063476562500e+02
1.202154133773972004e-02 1.879242553710937500e+02
1.545626743423678291e-02 1.794358673095703125e+02
1.889099353073384752e-02 1.703881530761718750e+02
2.232571962723091039e-02 1.591712951660156250e+02
2.576044572372797326e-02 6.144358444213867188e+01
2.919517182022503266e-02 5.108460617065429688e+01
3.262989791672209205e-02 1.097657089233398438e+02
3.606462401321915839e-02 1.236266784667968750e+02
3.949935010971622473e-02 1.342598266601562500e+02
4.293407620621328413e-02 1.455985107421875000e+02
4.636880230271035047e-02 1.098434677124023438e+02
4.980352839920740987e-02 9.452936553955078125e+01
5.323825449570447621e-02 1.078672180175781250e+02
5.667298059220153561e-02 1.417559967041015625e+02
6.010770668869859501e-02 1.199099731445312500e+02
6.354243278519566829e-02 7.203734588623046875e+01
6.697715888169272769e-02 6.078687286376953125e+01
7.041188497818978709e-02 1.020253677368164062e+02
7.384661107468684649e-02 1.173527755737304688e+02
7.728133717118391977e-02 1.521786956787109375e+02
8.071606326768097917e-02 1.666901245117187500e+02
8.415078936417803857e-02 1.965219116210937500e+02
8.758551546067509797e-02 1.864187622070312500e+02
9.102024155717217124e-02 1.227562942504882812e+02
9.445496765366923064e-02 8.001259613037109375e+01
9.788969375016629004e-02 1.250215301513671875e+02
1.013244198466633494e-01 1.791278991699218750e+02
1.047591459431604227e-01 1.838319854736328125e+02
1.081938720396574821e-01 1.389590301513671875e+02
1.116285981361545415e-01 1.265405578613281250e+02
1.150633242326516009e-01 1.492746429443359375e+02
1.184980503291486603e-01 1.460272064208984375e+02
1.219327764256457336e-01 1.467078704833984375e+02
1.253675025221427930e-01 1.447948608398437500e+02
1.288022286186398524e-01 1.689681549072265625e+02
1.322369547151369396e-01 1.735731658935546875e+02
1.356716808116339990e-01 1.783458251953125000e+02
1.391064069081310584e-01 1.628692626953125000e+02
1.425411330046281178e-01 1.524631652832031250e+02
1.459758591011251494e-01 1.443552398681640625e+02
1.494105851976222366e-01 1.113828353881835938e+02
1.528453112941192960e-01 1.092909011840820312e+02
1.562800373906163554e-01 1.786263275146484375e+02
1.597147634871134425e-01 2.483648681640625000e+02
1.631494895836105019e-01 2.357976684570312500e+02
1.665842156801075613e-01 1.849906005859375000e+02
1.700189417766046207e-01 1.667744750976562500e+02
1.734536678731016524e-01 1.964199066162109375e+02
1.768883939695987395e-01 2.428905639648437500e+02
1.803231200660957989e-01 2.712872924804687500e+02
1.837578461625928583e-01 2.689927978515625000e+02
1.871925722590899455e-01 3.186024169921875000e+02
1.906272983555870049e-01 4.629306945800781250e+02
1.940620244520840643e-01 6.866063842773437500e+02
1.974967505485811237e-01 9.972151489257812500e+02
2.009314766450781831e-01 1.350259887695312500e+03
2.043662027415752425e-01 1.589630493164062500e+03
2.078009288380723019e-01 1.689163452148437500e+03
2.112356549345693613e-01 1.785323608398437500e+03
2.146703810310664484e-01 1.842417968750000000e+03
2.181051071275635078e-01 1.837928100585937500e+03
2.215398332240605672e-01 1.796090332031250000e+03
2.249745593205576544e-01 1.748532226562500000e+03
2.284092854170546860e-01 1.738075439453125000e+03
2.318440115135517454e-01 1.794105712890625000e+03
2.352787376100488048e-01 1.826198242187500000e+03
2.387134637065459197e-01 1.830178710937500000e+03
2.421481898030429791e-01 1.813572143554687500e+03
2.455829158995400385e-01 1.808709472656250000e+03
2.490176419960370979e-01 1.858875732421875000e+03
2.524523680925341296e-01 1.906200073242187500e+03
2.558870941890312167e-01 1.933859252929687500e+03
2.593218202855282484e-01 1.935782714843750000e+03
2.627565463820253910e-01 1.931185913085937500e+03
2.661912724785224227e-01 1.911620971679687500e+03
2.696259985750194543e-01 1.907291870117187500e+03
2.730607246715165415e-01 1.939728149414062500e+03
2.764954507680135731e-01 1.981592529296875000e+03
2.799301768645106603e-01 2.032178588867187500e+03
2.833649029610076919e-01 2.090237548828125000e+03
2.867996290575047791e-01 2.098898925781250000e+03
2.902343551540018107e-01 2.058187988281250000e+03
2.936690812504989534e-01 2.034129638671875000e+03
2.971038073469959850e-01 2.028140747070312500e+03
3.005385334434930167e-01 2.065074218750000000e+03
3.039732595399901038e-01 2.122184082031250000e+03
3.074079856364871355e-01 2.155187500000000000e+03
3.108427117329842226e-01 2.197007812500000000e+03
3.142774378294812543e-01 2.254853515625000000e+03
3.177121639259783970e-01 2.329506347656250000e+03
3.211468900224754286e-01 2.363563964843750000e+03
3.245816161189724602e-01 2.328204101562500000e+03
3.280163422154695474e-01 2.320379882812500000e+03
3.314510683119665790e-01 2.321296142578125000e+03
3.348857944084636662e-01 2.352425537109375000e+03
3.383205205049606978e-01 2.361822509765625000e+03
3.417552466014577850e-01 2.352702148437500000e+03
3.451899726979548166e-01 2.344819580078125000e+03
3.486246987944519593e-01 2.380604492187500000e+03
3.520594248909489909e-01 2.365421875000000000e+03
3.554941509874460226e-01 2.367493408203125000e+03
3.589288770839431097e-01 2.405854980468750000e+03
3.623636031804401414e-01 2.453038085937500000e+03
3.657983292769372285e-01 2.434263427734375000e+03
3.692330553734342602e-01 2.423185058593750000e+03
3.726677814699314029e-01 2.443280761718750000e+03
3.761025075664284345e-01 2.466326171875000000e+03
3.795372336629255217e-01 2.456562988281250000e+03
3.829719597594225533e-01 2.457252929687500000e+03
3.864066858559195849e-01 2.484306152343750000e+03
3.898414119524166721e-01 2.475162109375000000e+03
3.932761380489137037e-01 2.461985839843750000e+03
3.967108641454107909e-01 2.455111328125000000e+03
4.001455902419078225e-01 2.484449218750000000e+03
4.035803163384049652e-01 2.497221191406250000e+03
4.070150424349019969e-01 2.507465820312500000e+03
4.104497685313990840e-01 2.518393554687500000e+03
4.138844946278961157e-01 2.559065917968750000e+03
4.173192207243931473e-01 2.581463378906250000e+03
4.207539468208902345e-01 2.587190429687500000e+03
4.241886729173872661e-01 2.610397949218750000e+03
4.276233990138844088e-01 2.637637939453125000e+03
4.310581251103814404e-01 2.632176269531250000e+03
4.344928512068785276e-01 2.657113281250000000e+03
4.379275773033755592e-01 2.687301269531250000e+03
4.413623033998725909e-01 2.676554931640625000e+03
4.447970294963696780e-01 2.663689208984375000e+03
4.482317555928666541e-01 2.675649414062500000e+03
4.516664816893637968e-01 2.718970214843750000e+03
4.551012077858607729e-01 2.741307373046875000e+03
4.585359338823579156e-01 2.731881347656250000e+03
4.619706599788548917e-01 2.725327392578125000e+03
4.654053860753520344e-01 2.760590332031250000e+03
4.688401121718490105e-01 2.793977783203125000e+03
4.722748382683461532e-01 2.823209960937500000e+03
4.757095643648432404e-01 2.821541748046875000e+03
4.791442904613402165e-01 2.833728515625000000e+03
4.825790165578373592e-01 2.865845947265625000e+03
4.860137426543343353e-01 2.912562500000000000e+03
4.894484687508314780e-01 2.953120117187500000e+03
4.928831948473284541e-01 2.973896484375000000e+03
4.963179209438255968e-01 2.954734619140625000e+03
4.997526470403226839e-01 2.915534423828125000e+03
5.031873731368197156e-01 2.897244140625000000e+03
5.066220992333168027e-01 2.859956054687500000e+03
5.100568253298137789e-01 2.838632812500000000e+03
5.134915514263108660e-01 2.843105712890625000e+03
5.169262775228079532e-01 2.879166259765625000e+03
5.203610036193050403e-01 2.896722412109375000e+03
5.237957297158021275e-01 2.907825195312500000e+03
5.272304558122991036e-01 2.926685546875000000e+03
5.306651819087961908e-01 2.944379394531250000e+03
5.340999080052932779e-01 2.907826904296875000e+03
5.375346341017903651e-01 2.839996337890625000e+03
5.409693601982873412e-01 2.826882324218750000e+03
5.444040862947844284e-01 2.826222412109375000e+03
5.478388123912815155e-01 2.827127441406250000e+03
5.512735384877786027e-01 2.833557617187500000e+03
5.547082645842756898e-01 2.862274658203125000e+03
5.581429906807726660e-01 2.869018798828125000e+03
5.615777167772697531e-01 2.861032226562500000e+03
5.650124428737668403e-01 2.850051757812500000e+03
5.684471689702639274e-01 2.891857421875000000e+03
5.718818950667609036e-01 2.879508300781250000e+03
5.753166211632579907e-01 2.869338378906250000e+03
5.787513472597550779e-01 2.855530517578125000e+03
5.821860733562521650e-01 2.891656494140625000e+03
5.856207994527492522e-01 2.910388916015625000e+03
5.890555255492462283e-01 2.897663085937500000e+03
5.924902516457433155e-01 2.880417236328125000e+03
5.959249777422404026e-01 2.889877929687500000e+03
5.993597038387374898e-01 2.929998046875000000e+03
6.027944299352344659e-01 2.938293457031250000e+03
6.062291560317315531e-01 2.919249755859375000e+03
6.096638821282287513e-01 2.893695312500000000e+03
6.130986082247257274e-01 2.890175292968750000e+03
6.165333343212228145e-01 2.888100341796875000e+03
6.199680604177197907e-01 2.871404052734375000e+03
6.234027865142168778e-01 2.872584716796875000e+03
6.268375126107139650e-01 2.891106201171875000e+03
6.302722387072110521e-01 2.899114013671875000e+03
6.337069648037081393e-01 2.911510742187500000e+03
6.371416909002051154e-01 2.942906250000000000e+03
6.405764169967023136e-01 2.957681152343750000e+03
6.440111430931992897e-01 2.932493896484375000e+03
6.474458691896963769e-01 2.915790527343750000e+03
6.508805952861933530e-01 2.904912597656250000e+03
6.543153213826904402e-01 2.922976318359375000e+03
6.577500474791875273e-01 2.936909667968750000e+03
6.611847735756846145e-01 2.922962646484375000e+03
6.646194996721817017e-01 2.921695068359375000e+03
6.680542257686786778e-01 2.926052490234375000e+03
6.714889518651757649e-01 2.945094970703125000e+03
6.749236779616728521e-01 2.967190917968750000e+03
6.783584040581699393e-01 2.969485351562500000e+03
6.817931301546669154e-01 2.953815429687500000e+03
6.852278562511640025e-01 2.946148193359375000e+03
6.886625823476610897e-01 2.964140136718750000e+03
6.920973084441581769e-01 2.952565185546875000e+03
6.955320345406552640e-01 2.967430664062500000e+03
6.989667606371522401e-01 2.975032714843750000e+03
7.024014867336493273e-01 2.978637207031250000e+03
7.058362128301464145e-01 2.955947509765625000e+03
7.092709389266435016e-01 2.964463134765625000e+03
7.127056650231404777e-01 2.968948730468750000e+03
7.161403911196375649e-01 2.976031494140625000e+03
7.195751172161347631e-01 2.962334960937500000e+03
7.230098433126317392e-01 2.936649902343750000e+03
7.264445694091288264e-01 2.927638427734375000e+03
7.298792955056258025e-01 2.954408691406250000e+03
7.333140216021228897e-01 2.969532958984375000e+03
7.367487476986199768e-01 2.969606933593750000e+03
7.401834737951170640e-01 2.994540039062500000e+03
7.436181998916141511e-01 3.002347412109375000e+03
7.470529259881111273e-01 2.969583984375000000e+03
7.504876520846083254e-01 2.933972656250000000e+03
7.539223781811053016e-01 2.936943847656250000e+03
7.573571042776023887e-01 2.962765869140625000e+03
7.607918303740993649e-01 3.001560546875000000e+03
7.642265564705964520e-01 3.029339599609375000e+03
7.676612825670935392e-01 3.031843750000000000e+03
7.710960086635906263e-01 3.000479736328125000e+03
7.745307347600877135e-01 2.963299804687500000e+03
7.779654608565846896e-01 2.954204101562500000e+03
7.814001869530818878e-01 2.963430664062500000e+03
7.848349130495788639e-01 2.953621826171875000e+03
7.882696391460759511e-01 2.951384765625000000e+03
7.917043652425729272e-01 2.985956054687500000e+03
7.951390913390700144e-01 3.017181884765625000e+03
7.985738174355671015e-01 3.003186767578125000e+03
8.020085435320641887e-01 2.982000000000000000e+03
8.054432696285612758e-01 2.956742431640625000e+03
8.088779957250582520e-01 2.964615722656250000e+03
8.123127218215554501e-01 2.963481445312500000e+03
8.157474479180524263e-01 2.951790283203125000e+03
8.191821740145495134e-01 2.930211425781250000e+03
8.226169001110464896e-01 2.947783447265625000e+03
8.260516262075435767e-01 2.948880126953125000e+03
8.294863523040407749e-01 2.934832275390625000e+03
8.329210784005377510e-01 2.923539794921875000e+03
8.363558044970348382e-01 2.944699218750000000e+03
8.397905305935318143e-01 2.967338378906250000e+03
8.432252566900290125e-01 2.992386230468750000e+03
8.466599827865259886e-01 3.007432617187500000e+03
8.500947088830230758e-01 3.019265380859375000e+03
8.535294349795201629e-01 3.017711914062500000e+03
8.569641610760171391e-01 3.017305664062500000e+03
8.603988871725143373e-01 3.035823242187500000e+03
8.638336132690113134e-01 3.038824707031250000e+03
8.672683393655084005e-01 3.022913818359375000e+03
8.707030654620053767e-01 3.017209716796875000e+03
8.741377915585024638e-01 3.036124755859375000e+03
8.775725176549995510e-01 3.033117919921875000e+03
8.810072437514966381e-01 3.019511230468750000e+03
8.844419698479937253e-01 3.004379638671875000e+03
8.878766959444907014e-01 3.004095947265625000e+03
8.913114220409878996e-01 2.998091308593750000e+03
8.947461481374848757e-01 3.001366455078125000e+03
8.981808742339819629e-01 3.003983642578125000e+03
9.016156003304791611e-01 3.028994140625000000e+03
9.050503264269761372e-01 3.013820556640625000e+03
9.084850525234732244e-01 2.997342285156250000e+03
9.119197786199704225e-01 2.984806884765625000e+03
9.153545047164673987e-01 2.986255615234375000e+03
9.187892308129643748e-01 3.000969482421875000e+03
9.222239569094614620e-01 2.992729980468750000e+03
9.256586830059586601e-01 2.985816650390625000e+03
9.290934091024556363e-01 2.981463378906250000e+03
9.325281351989526124e-01 2.975489990234375000e+03
9.359628612954495885e-01 2.972923095703125000e+03
9.393975873919468977e-01 2.981768554687500000e+03
9.428323134884438739e-01 2.990911132812500000e+03
9.462670395849408500e-01 2.983603271484375000e+03
9.497017656814380482e-01 2.984842773437500000e+03
9.531364917779350243e-01 2.995165039062500000e+03
9.565712178744321115e-01 3.000355712890625000e+03
9.600059439709290876e-01 3.007423339843750000e+03
9.634406700674262858e-01 3.009821044921875000e+03
9.668753961639232619e-01 3.019367675781250000e+03
9.703101222604203491e-01 3.029840332031250000e+03
9.737448483569175472e-01 3.048606689453125000e+03
9.771795744534145234e-01 3.039139160156250000e+03
9.806143005499114995e-01 3.039433349609375000e+03
9.840490266464085867e-01 3.017448730468750000e+03
9.874837527429057848e-01 3.009726806640625000e+03
9.909184788394027610e-01 3.002744628906250000e+03
9.943532049358997371e-01 3.008857666015625000e+03
9.977879310323969353e-01 3.009435791015625000e+03
1.001222657128894022e+00 3.023126708984375000e+03
1.004657383225390888e+00 3.032692871093750000e+03
1.008092109321887975e+00 3.022807617187500000e+03
1.011526835418385284e+00 2.989381347656250000e+03
1.014961561514882149e+00 2.974541503906250000e+03
1.018396287611379236e+00 2.967814453125000000e+03
1.021831013707876323e+00 2.977194335937500000e+03
1.025265739804373410e+00 3.006620117187500000e+03
1.028700465900870498e+00 3.028857910156250000e+03
1.032135191997367363e+00 3.037875976562500000e+03
1.035569918093864672e+00 3.029160156250000000e+03
1.039004644190361537e+00 3.024403076171875000e+03
1.042439370286858624e+00 3.002655273437500000e+03
1.045874096383355933e+00 2.995543457031250000e+03
1.049308822479852799e+00 2.993969238281250000e+03
1.052743548576349886e+00 2.987860839843750000e+03
1.056178274672846973e+00 2.971120361328125000e+03
1.059613000769344060e+00 2.972262451171875000e+03
1.063047726865841147e+00 2.988283935546875000e+03
1.066482452962338012e+00 2.996545898437500000e+03
1.069917179058835099e+00 3.005136962890625000e+03
1.073351905155332409e+00 2.989656494140625000e+03
1.076786631251829274e+00 2.964408935546875000e+03
1.080221357348326361e+00 2.950728271484375000e+03
1.083656083444823448e+00 2.945327392578125000e+03
1.087090809541320535e+00 2.925099121093750000e+03
1.090525535637817622e+00 2.923870361328125000e+03
1.093960261734314487e+00 2.902815429687500000e+03
1.097394987830811797e+00 2.916775878906250000e+03
1.100829713927308662e+00 2.934634033203125000e+03
1.104264440023805749e+00 2.959319091796875000e+03
1.107699166120303058e+00 2.949006835937500000e+03
1.111133892216799923e+00 2.953832031250000000e+03
1.114568618313297010e+00 2.971146728515625000e+03
1.118003344409794098e+00 2.968055908203125000e+03
1.121438070506291185e+00 2.945458984375000000e+03
1.124872796602788272e+00 2.946229003906250000e+03
1.128307522699285137e+00 2.958843750000000000e+03
1.131742248795782446e+00 2.946033935546875000e+03
1.135176974892279533e+00 2.946454101562500000e+03
1.138611700988776398e+00 2.960583740234375000e+03
1.142046427085273486e+00 2.963152099609375000e+03
1.145481153181770573e+00 2.957114746093750000e+03
1.148915879278267660e+00 2.961850341796875000e+03
1.152350605374764747e+00 2.966805664062500000e+03
1.155785331471261612e+00 2.973656982421875000e+03
1.159220057567758921e+00 2.955005371093750000e+03
1.162654783664255786e+00 2.933606445312500000e+03
1.166089509760752874e+00 2.938347412109375000e+03
1.169524235857250183e+00 2.966807128906250000e+03
1.172958961953747048e+00 2.968579833984375000e+03
1.176393688050244135e+00 2.960788085937500000e+03
1.179828414146741222e+00 2.924544433593750000e+03
1.183263140243238309e+00 2.911789550781250000e+03
1.186697866339735397e+00 2.918425781250000000e+03
1.190132592436232262e+00 2.937173583984375000e+03
1.193567318532729571e+00 2.947892822265625000e+03
1.197002044629226658e+00 2.948167236328125000e+03
1.200436770725723523e+00 2.955759765625000000e+03
1.203871496822220610e+00 2.966746826171875000e+03
1.207306222918717697e+00 2.970101074218750000e+03
1.210740949015214785e+00 2.955045654296875000e+03
1.214175675111711872e+00 2.960612548828125000e+03
1.217610401208208959e+00 2.945107177734375000e+03
1.221045127304706046e+00 2.952391601562500000e+03
1.224479853401202911e+00 2.951882568359375000e+03
1.227914579497699998e+00 2.963465576171875000e+03
1.231349305594197308e+00 2.938149169921875000e+03
1.234784031690694173e+00 2.940247070312500000e+03
1.238218757787191260e+00 2.934580322265625000e+03
1.241653483883688347e+00 2.951336181640625000e+03
1.245088209980185434e+00 2.958675048828125000e+03
1.248522936076682521e+00 2.965563720703125000e+03
1.251957662173179386e+00 2.963764648437500000e+03
1.255392388269676696e+00 2.979146728515625000e+03
1.258827114366173783e+00 2.979076416015625000e+03
1.262261840462670648e+00 2.974026367187500000e+03
1.265696566559167957e+00 2.976993164062500000e+03
1.269131292655664822e+00 2.966877929687500000e+03
1.272566018752161909e+00 2.956016357421875000e+03
1.276000744848658996e+00 2.951781494140625000e+03
1.279435470945156084e+00 2.952622314453125000e+03
1.282870197041653171e+00 2.932215332031250000e+03
1.286304923138150036e+00 2.946687255859375000e+03
1.289739649234647123e+00 2.972153564453125000e+03
1.293174375331144432e+00 2.994243164062500000e+03
1.296609101427641297e+00 2.986189697265625000e+03
1.300043827524138385e+00 2.975459960937500000e+03
1.303478553620635472e+00 2.954978515625000000e+03
1.306913279717132559e+00 2.946796875000000000e+03
1.310348005813629646e+00 2.946605957031250000e+03
1.313782731910126511e+00 2.955217529296875000e+03
1.317217458006623820e+00 2.953729492187500000e+03
1.320652184103120685e+00 2.951756591796875000e+03
1.324086910199617773e+00 2.934032226562500000e+03
1.327521636296115082e+00 2.928342285156250000e+03
1.330956362392611947e+00 2.938515380859375000e+03
1.334391088489109034e+00 2.965497314453125000e+03
1.337825814585606121e+00 2.972012939453125000e+03
1.341260540682103208e+00 2.973077148437500000e+03
1.344695266778600296e+00 2.971161132812500000e+03
1.348129992875097161e+00 2.975944335937500000e+03
1.351564718971594470e+00 2.986022460937500000e+03
1.354999445068091557e+00 3.001969238281250000e+03
1.358434171164588422e+00 3.015437988281250000e+03
1.361868897261085509e+00 3.007165039062500000e+03
1.365303623357582596e+00 2.996328125000000000e+03
1.368738349454079684e+00 2.982083496093750000e+03
1.372173075550576771e+00 2.977966064453125000e+03
1.375607801647073636e+00 2.963713134765625000e+03
1.379042527743570945e+00 2.953481201171875000e+03
1.382477253840067810e+00 2.953266357421875000e+03
1.385911979936564897e+00 2.953565673828125000e+03
1.389346706033062206e+00 2.938517333984375000e+03
1.392781432129559072e+00 2.930182128906250000e+03
1.396216158226056159e+00 2.933712646484375000e+03
1.399650884322553246e+00 2.936281738281250000e+03
1.403085610419050333e+00 2.937109130859375000e+03
1.406520336515547420e+00 2.942331787109375000e+03
1.409955062612044285e+00 2.961406005859375000e+03
1.413389788708541595e+00 2.961959960937500000e+03
1.416824514805038682e+00 2.958443115234375000e+03
1.420259240901535547e+00 2.938482910156250000e+03
1.423693966998032634e+00 2.926487548828125000e+03
1.427128693094529721e+00 2.922883544921875000e+03
1.430563419191026808e+00 2.936895263671875000e+03
1.433998145287523895e+00 2.949921142578125000e+03
1.437432871384020983e+00 2.948612792968750000e+03
1.440867597480518070e+00 2.949840576171875000e+03
1.444302323577014935e+00 2.933172119140625000e+03
1.447737049673512022e+00 2.936212402343750000e+03
1.451171775770009331e+00 2.938768554687500000e+03
1.454606501866506196e+00 2.943799316406250000e+03
1.458041227963003283e+00 2.943230712890625000e+03
1.461475954059500371e+00 2.938025878906250000e+03
1.464910680155997458e+00 2.931703857421875000e+03
1.468345406252494545e+00 2.925627197265625000e+03
1.471780132348991410e+00 2.923525878906250000e+03
1.475214858445488719e+00 2.904458496093750000e+03
1.478649584541985806e+00 2.885646728515625000e+03
1.482084310638482672e+00 2.876479492187500000e+03
1.485519036734979981e+00 2.889032958984375000e+03
1.488953762831476846e+00 2.895289794921875000e+03
1.492388488927973933e+00 2.896424804687500000e+03
1.495823215024471020e+00 2.879917236328125000e+03
1.499257941120968107e+00 2.874480468750000000e+03
1.502692667217465194e+00 2.880959228515625000e+03
1.506127393313962060e+00 2.898410888671875000e+03
1.509562119410459147e+00 2.902560302734375000e+03
1.512996845506956456e+00 2.910507568359375000e+03
1.516431571603453321e+00 2.914555175781250000e+03
1.519866297699950408e+00 2.901906005859375000e+03
1.523301023796447495e+00 2.912394287109375000e+03
1.526735749892944582e+00 2.893449707031250000e+03
1.530170475989441670e+00 2.867050781250000000e+03
1.533605202085938535e+00 2.868294189453125000e+03
1.537039928182435844e+00 2.888569824218750000e+03
1.540474654278932931e+00 2.893027343750000000e+03
1.543909380375429796e+00 2.889500732421875000e+03
1.547344106471927105e+00 2.872867187500000000e+03
1.550778832568423971e+00 2.874520751953125000e+03
1.554213558664921058e+00 2.870448486328125000e+03
1.557648284761418145e+00 2.877261962890625000e+03
1.561083010857915232e+00 2.880353027343750000e+03
1.564517736954412319e+00 2.961221435546875000e+03
1.567952463050909184e+00 3.011720947265625000e+03
1.571387189147406493e+00 2.998849609375000000e+03
1.574821915243903581e+00 2.894469482421875000e+03
1.578256641340400446e+00 2.889470703125000000e+03
1.581691367436897533e+00 2.886225830078125000e+03
1.585126093533394620e+00 2.890216796875000000e+03
1.588560819629891707e+00 2.901618652343750000e+03
1.591995545726388794e+00 2.909220703125000000e+03
1.595430271822885659e+00 2.905986083984375000e+03
1.598864997919382969e+00 2.918625976562500000e+03
1.602299724015880056e+00 2.919359375000000000e+03
1.605734450112376921e+00 2.924975585937500000e+03
1.609169176208874230e+00 2.919455566406250000e+03
1.612603902305371095e+00 2.928256103515625000e+03
1.616038628401868182e+00 2.954597656250000000e+03
1.619473354498365270e+00 2.995179931640625000e+03
1.622908080594862357e+00 3.019450683593750000e+03
1.626342806691359444e+00 3.026570556640625000e+03
1.629777532787856309e+00 3.051282470703125000e+03
1.633212258884353618e+00 3.083346435546875000e+03
1.636646984980850705e+00 3.122862060546875000e+03
1.640081711077347570e+00 3.159549072265625000e+03
1.643516437173844658e+00 3.225316162109375000e+03
1.646951163270341745e+00 3.310127929687500000e+03
1.650385889366838832e+00 3.424642333984375000e+03
1.653820615463335919e+00 3.604337158203125000e+03
1.657255341559833006e+00 3.975300781250000000e+03
1.660690067656330093e+00 4.700643066406250000e+03
1.664124793752827181e+00 6.406602539062500000e+03
1.667559519849324046e+00 1.008798144531250000e+04
1.670994245945821355e+00 1.889684960937500000e+04
1.674428972042318220e+00 3.747967578125000000e+04
1.677863698138815307e+00 5.414575390625000000e+04
1.681298424235312394e+00 5.906304687500000000e+04
1.684733150331809481e+00 5.323987109375000000e+04
1.688167876428306569e+00 3.959716796875000000e+04
1.691602602524803434e+00 2.697750000000000000e+04
1.695037328621300743e+00 1.576798632812500000e+04
1.698472054717797830e+00 9.224174804687500000e+03
1.701906780814294695e+00 5.852480468750000000e+03
1.705341506910792004e+00 4.486846191406250000e+03
1.708776233007288869e+00 3.838857910156250000e+03
1.712210959103785957e+00 3.511196777343750000e+03
1.715645685200283044e+00 3.332774414062500000e+03
1.719080411296780131e+00 3.212226318359375000e+03
1.722515137393277218e+00 3.136926025390625000e+03
1.725949863489774083e+00 3.079219970703125000e+03
1.729384589586271170e+00 3.035808105468750000e+03
1.732819315682768480e+00 2.990650390625000000e+03
1.736254041779265345e+00 2.947268066406250000e+03
1.739688767875762432e+00 2.911991210937500000e+03
1.743123493972259519e+00 2.904473632812500000e+03
1.746558220068756606e+00 2.882889648437500000e+03
1.749992946165253693e+00 2.847030761718750000e+03
1.753427672261750558e+00 2.818115722656250000e+03
1.756862398358247868e+00 2.795962402343750000e+03
1.760297124454744955e+00 2.778350097656250000e+03
1.763731850551241820e+00 2.754971191406250000e+03
1.767166576647739129e+00 2.748556152343750000e+03
1.770601302744235994e+00 2.717158691406250000e+03
1.774036028840733081e+00 2.692159912109375000e+03
1.777470754937230168e+00 2.656143798828125000e+03
1.780905481033727256e+00 2.644652099609375000e+03
1.784340207130224343e+00 2.636364257812500000e+03
1.787774933226721208e+00 2.637647705078125000e+03
1.791209659323218295e+00 2.619611572265625000e+03
1.794644385419715160e+00 2.594818603515625000e+03
1.798079111516212247e+00 2.589354248046875000e+03
1.801513837612709557e+00 2.596446289062500000e+03
1.804948563709206422e+00 2.603679687500000000e+03
1.808383289805703509e+00 2.597556396484375000e+03
1.811818015902200818e+00 2.592970703125000000e+03
1.815252741998697461e+00 2.578549560546875000e+03
1.818687468095194770e+00 2.566605712890625000e+03
1.822122194191692079e+00 2.561253417968750000e+03
1.825556920288188723e+00 2.558985107421875000e+03
1.828991646384686032e+00 2.548251708984375000e+03
1.832426372481182897e+00 2.536711181640625000e+03
1.835861098577679984e+00 2.537967529296875000e+03
1.839295824674177293e+00 2.538389404296875000e+03
1.842730550770673936e+00 2.514505126953125000e+03
1.846165276867171245e+00 2.491855468750000000e+03
1.849600002963668333e+00 2.494465576171875000e+03
1.853034729060165198e+00 2.512302246093750000e+03
1.856469455156662507e+00 2.520229492187500000e+03
1.859904181253159594e+00 2.513368408203125000e+03
1.863338907349656459e+00 2.511767089843750000e+03
1.866773633446153768e+00 2.493875976562500000e+03
1.870208359542650411e+00 2.490267333984375000e+03
1.873643085639147721e+00 2.481339599609375000e+03
1.877077811735644808e+00 2.469843261718750000e+03
1.880512537832141673e+00 2.449246093750000000e+03
1.883947263928638982e+00 2.437108886718750000e+03
1.887381990025136069e+00 2.415710937500000000e+03
1.890816716121632934e+00 2.403820800781250000e+03
1.894251442218130022e+00 2.406499267578125000e+03
1.897686168314627331e+00 2.418744628906250000e+03
1.901120894411124196e+00 2.415332519531250000e+03
1.904555620507621283e+00 2.407948730468750000e+03
1.907990346604118592e+00 2.406314453125000000e+03
1.911425072700615457e+00 2.405254394531250000e+03
1.914859798797112544e+00 2.400269531250000000e+03
1.918294524893609410e+00 2.388762451171875000e+03
1.921729250990106497e+00 2.379192626953125000e+03
1.925163977086603806e+00 2.366106201171875000e+03
1.928598703183100671e+00 2.377996337890625000e+03
1.932033429279597758e+00 2.378816406250000000e+03
1.935468155376095067e+00 2.377947021484375000e+03
1.938902881472591710e+00 2.368991943359375000e+03
1.942337607569089020e+00 2.363123535156250000e+03
1.945772333665586329e+00 2.353468750000000000e+03
1.949207059762082972e+00 2.347073974609375000e+03
1.952641785858580281e+00 2.339437744140625000e+03
1.956076511955077368e+00 2.332232910156250000e+03
1.959511238051574233e+00 2.317852050781250000e+03
1.962945964148071543e+00 2.325092285156250000e+03
1.966380690244568186e+00 2.351077636718750000e+03
1.969815416341065495e+00 2.340495605468750000e+03
1.973250142437562582e+00 2.313435791015625000e+03
1.976684868534059447e+00 2.300574462890625000e+03
1.980119594630556756e+00 2.321030761718750000e+03
1.983554320727053843e+00 2.311803222656250000e+03
1.986989046823550709e+00 2.292927734375000000e+03
1.990423772920048018e+00 2.283884521484375000e+03
1.993858499016545105e+00 2.276389892578125000e+03
1.997293225113041970e+00 2.270774169921875000e+03
2.000727951209539057e+00 2.279641357421875000e+03
2.004162677306036144e+00 2.281795410156250000e+03
2.007597403402533232e+00 2.274427978515625000e+03
2.011032129499030319e+00 2.257656005859375000e+03
2.014466855595526962e+00 2.253148681640625000e+03
2.017901581692024493e+00 2.267244140625000000e+03
2.021336307788521580e+00 2.270908935546875000e+03
2.024771033885018223e+00 2.257481445312500000e+03
2.028205759981515754e+00 2.239358886718750000e+03
2.031640486078012842e+00 2.236377929687500000e+03
2.035075212174509485e+00 2.222706787109375000e+03
2.038509938271007016e+00 2.221864257812500000e+03
2.041944664367504103e+00 2.224299560546875000e+03
2.045379390464000746e+00 2.214120117187500000e+03
2.048814116560497833e+00 2.198464843750000000e+03
2.052248842656994920e+00 2.192073486328125000e+03
2.055683568753492008e+00 2.196048339843750000e+03
2.059118294849989095e+00 2.207236083984375000e+03
2.062553020946486182e+00 2.197585693359375000e+03
2.065987747042983269e+00 2.180436767578125000e+03
2.069422473139480356e+00 2.182895751953125000e+03
2.072857199235977443e+00 2.199654541015625000e+03
2.076291925332474531e+00 2.193826660156250000e+03
2.079726651428971618e+00 2.195472412109375000e+03
2.083161377525468705e+00 2.195711425781250000e+03
2.086596103621965792e+00 2.188524658203125000e+03
2.090030829718462879e+00 2.177957031250000000e+03
2.093465555814959522e+00 2.165523437500000000e+03
2.096900281911457053e+00 2.162059082031250000e+03
2.100335008007953697e+00 2.151601806640625000e+03
2.103769734104450784e+00 2.159339111328125000e+03
2.107204460200948315e+00 2.157325927734375000e+03
2.110639186297444958e+00 2.145200927734375000e+03
2.114073912393942045e+00 2.117513916015625000e+03
2.117508638490439576e+00 2.106658203125000000e+03
2.120943364586936219e+00 2.106770751953125000e+03
2.124378090683433307e+00 2.120868164062500000e+03
2.127812816779930394e+00 2.129535888671875000e+03
2.131247542876427481e+00 2.131441162109375000e+03
2.134682268972924568e+00 2.130985351562500000e+03
2.138116995069421211e+00 2.133027587890625000e+03
2.141551721165918742e+00 2.132988281250000000e+03
2.144986447262415830e+00 2.116178222656250000e+03
2.148421173358912473e+00 2.108172119140625000e+03
2.151855899455410004e+00 2.119109375000000000e+03
2.155290625551907091e+00 2.105787597656250000e+03
2.158725351648403734e+00 2.091116943359375000e+03
2.162160077744901265e+00 2.083541992187500000e+03
2.165594803841398353e+00 2.092557861328125000e+03
2.169029529937894996e+00 2.095775878906250000e+03
2.172464256034392083e+00 2.088383056640625000e+03
2.175898982130889614e+00 2.078962646484375000e+03
2.179333708227386257e+00 2.078352294921875000e+03
2.182768434323883344e+00 2.069084960937500000e+03
2.186203160420380431e+00 2.068683105468750000e+03
2.189637886516877519e+00 2.075961181640625000e+03
2.193072612613374606e+00 2.074736083984375000e+03
2.196507338709871693e+00 2.069677246093750000e+03
2.199942064806368780e+00 2.065413085937500000e+03
2.203376790902865867e+00 2.067228759765625000e+03
2.206811516999362954e+00 2.078408935546875000e+03
2.210246243095860041e+00 2.077603515625000000e+03
2.213680969192357129e+00 2.076006103515625000e+03
2.217115695288853772e+00 2.071851806640625000e+03
2.220550421385351303e+00 2.067262695312500000e+03
2.223985147481847946e+00 2.058622314453125000e+03
2.227419873578345033e+00 2.057238037109375000e+03
2.230854599674842564e+00 2.068208251953125000e+03
2.234289325771339207e+00 2.062205566406250000e+03
2.237724051867836295e+00 2.065754394531250000e+03
2.241158777964333826e+00 2.063243652343750000e+03
2.244593504060830469e+00 2.064893310546875000e+03
2.248028230157327556e+00 2.071335449218750000e+03
2.251462956253824643e+00 2.083417724609375000e+03
2.254897682350321730e+00 2.091928222656250000e+03
2.258332408446818818e+00 2.091536132812500000e+03
2.261767134543315905e+00 2.095281005859375000e+03
2.265201860639812992e+00 2.098819335937500000e+03
2.268636586736310079e+00 2.102722900390625000e+03
2.272071312832806722e+00 2.100415527343750000e+03
2.275506038929304253e+00 2.103930419921875000e+03
2.278940765025801340e+00 2.108018798828125000e+03
2.282375491122297984e+00 2.123518310546875000e+03
2.285810217218795515e+00 2.129044433593750000e+03
2.289244943315292602e+00 2.137000488281250000e+03
2.292679669411789245e+00 2.141031494140625000e+03
2.296114395508286332e+00 2.161500244140625000e+03
2.299549121604783863e+00 2.176380859375000000e+03
2.302983847701280506e+00 2.185014160156250000e+03
2.306418573797777594e+00 2.201886230468750000e+03
2.309853299894274681e+00 2.225489013671875000e+03
2.313288025990771768e+00 2.248541503906250000e+03
2.316722752087268855e+00 2.260703613281250000e+03
2.320157478183765942e+00 2.284103759765625000e+03
2.323592204280263029e+00 2.320630615234375000e+03
2.327026930376760117e+00 2.348450683593750000e+03
2.330461656473257204e+00 2.376755859375000000e+03
2.333896382569754291e+00 2.399907226562500000e+03
2.337331108666251378e+00 2.451093505859375000e+03
2.340765834762748021e+00 2.513887207031250000e+03
2.344200560859245552e+00 2.598221191406250000e+03
2.347635286955742639e+00 2.697717529296875000e+03
2.351070013052239283e+00 2.878251464843750000e+03
2.354504739148736814e+00 3.168378173828125000e+03
2.357939465245233457e+00 3.680120849609375000e+03
2.361374191341730544e+00 4.713731445312500000e+03
2.364808917438227631e+00 6.918779296875000000e+03
2.368243643534724718e+00 1.214250390625000000e+04
2.371678369631221805e+00 2.285222851562500000e+04
2.375113095727718893e+00 4.117498437500000000e+04
2.378547821824215980e+00 6.102514453125000000e+04
2.381982547920713067e+00 6.861055468750000000e+04
2.385417274017210154e+00 6.095489062500000000e+04
2.388852000113707241e+00 4.720171875000000000e+04
2.392286726210204328e+00 3.022592187500000000e+04
2.395721452306701416e+00 1.589129785156250000e+04
2.399156178403198503e+00 8.444673828125000000e+03
2.402590904499695590e+00 5.332445312500000000e+03
2.406025630596192233e+00 3.939823974609375000e+03
2.409460356692689320e+00 3.271746826171875000e+03
2.412895082789186851e+00 2.920646484375000000e+03
2.416329808885683494e+00 2.701225830078125000e+03
2.419764534982180582e+00 2.557514404296875000e+03
2.423199261078678113e+00 2.449877441406250000e+03
2.426633987175174756e+00 2.373765869140625000e+03
2.430068713271671843e+00 2.319125244140625000e+03
2.433503439368169374e+00 2.257859619140625000e+03
2.436938165464666017e+00 2.202475341796875000e+03
2.440372891561163105e+00 2.166267089843750000e+03
2.443807617657660192e+00 2.154945556640625000e+03
2.447242343754157279e+00 2.142504150390625000e+03
2.450677069850654366e+00 2.122381835937500000e+03
2.454111795947151009e+00 2.083643066406250000e+03
2.457546522043648540e+00 2.054055175781250000e+03
2.460981248140145627e+00 2.021974365234375000e+03
2.464415974236642271e+00 1.997648925781250000e+03
2.467850700333139802e+00 1.982161621093750000e+03
2.471285426429636889e+00 1.976044799804687500e+03
2.474720152526133532e+00 1.963769165039062500e+03
2.478154878622631063e+00 1.948787109375000000e+03
2.481589604719128150e+00 1.933395263671875000e+03
2.485024330815624793e+00 1.915593750000000000e+03
2.488459056912121881e+00 1.900200805664062500e+03
2.491893783008618968e+00 1.891572265625000000e+03
2.495328509105116055e+00 1.872763061523437500e+03
2.498763235201613142e+00 1.864769042968750000e+03
2.502197961298110229e+00 1.856987426757812500e+03
2.505632687394607316e+00 1.832532470703125000e+03
2.509067413491104404e+00 1.818964965820312500e+03
2.512502139587601491e+00 1.816983154296875000e+03
2.515936865684098578e+00 1.817917724609375000e+03
2.519371591780595665e+00 1.806818237304687500e+03
2.522806317877092752e+00 1.802676513671875000e+03
2.526241043973589839e+00 1.798215332031250000e+03
2.529675770070086926e+00 1.787907592773437500e+03
2.533110496166583570e+00 1.780183349609375000e+03
2.536545222263081101e+00 1.780968017578125000e+03
2.539979948359577744e+00 1.781931884765625000e+03
2.543414674456074831e+00 1.778475341796875000e+03
2.546849400552572362e+00 1.769958984375000000e+03
2.550284126649069005e+00 1.753588500976562500e+03
2.553718852745566092e+00 1.741674438476562500e+03
2.557153578842063624e+00 1.722077270507812500e+03
2.560588304938560267e+00 1.716999877929687500e+03
2.564023031035057354e+00 1.714285156250000000e+03
2.567457757131554441e+00 1.718225463867187500e+03
2.570892483228051528e+00 1.720677612304687500e+03
2.574327209324548615e+00 1.721742797851562500e+03
2.577761935421045258e+00 1.721782226562500000e+03
2.581196661517542790e+00 1.711215087890625000e+03
2.584631387614039877e+00 1.698421875000000000e+03
2.588066113710536520e+00 1.695140991210937500e+03
2.591500839807034051e+00 1.697437255859375000e+03
2.594935565903531138e+00 1.688900634765625000e+03
2.598370292000027781e+00 1.680655395507812500e+03
2.601805018096525313e+00 1.680144042968750000e+03
2.605239744193022400e+00 1.678691894531250000e+03
2.608674470289519043e+00 1.667658813476562500e+03
2.612109196386016130e+00 1.659286376953125000e+03
2.615543922482513661e+00 1.660856445312500000e+03
2.618978648579010304e+00 1.662208740234375000e+03
2.622413374675507391e+00 1.658148559570312500e+03
2.625848100772004479e+00 1.664104370117187500e+03
2.629282826868501566e+00 1.663791137695312500e+03
2.632717552964998653e+00 1.663667968750000000e+03
2.636152279061495740e+00 1.655857421875000000e+03
2.639587005157992827e+00 1.644995361328125000e+03
2.643021731254489914e+00 1.646385253906250000e+03
2.646456457350987002e+00 1.650713378906250000e+03
2.649891183447484089e+00 1.637877929687500000e+03
2.653325909543981176e+00 1.620834350585937500e+03
2.656760635640477819e+00 1.623161254882812500e+03
2.660195361736975350e+00 1.615011230468750000e+03
2.663630087833471993e+00 1.618218261718750000e+03
2.667064813929969080e+00 1.619332885742187500e+03
2.670499540026466612e+00 1.623569213867187500e+03
2.673934266122963255e+00 1.614338256835937500e+03
2.677368992219460342e+00 1.601526000976562500e+03
2.680803718315957873e+00 1.597382202148437500e+03
2.684238444412454516e+00 1.604073242187500000e+03
2.687673170508951603e+00 1.601789306640625000e+03
2.691107896605448691e+00 1.602876342773437500e+03
2.694542622701945778e+00 1.595524780273437500e+03
2.697977348798442865e+00 1.581107055664062500e+03
2.701412074894939952e+00 1.577487182617187500e+03
2.704846800991437039e+00 1.581304687500000000e+03
2.708281527087934126e+00 1.590949707031250000e+03
2.711716253184430769e+00 1.589281860351562500e+03
2.715150979280928301e+00 1.582493408203125000e+03
2.718585705377425388e+00 1.577349487304687500e+03
2.722020431473922031e+00 1.575512695312500000e+03
2.725455157570419562e+00 1.574971557617187500e+03
2.728889883666916649e+00 1.577866821289062500e+03
2.732324609763413292e+00 1.578200683593750000e+03
2.735759335859910379e+00 1.581965820312500000e+03
2.739194061956407911e+00 1.584689331054687500e+03
2.742628788052904554e+00 1.576045043945312500e+03
2.746063514149401641e+00 1.576204833984375000e+03
2.749498240245898728e+00 1.576431518554687500e+03
2.752932966342395815e+00 1.568966186523437500e+03
2.756367692438892902e+00 1.560608642578125000e+03
2.759802418535389990e+00 1.567106811523437500e+03
2.763237144631887077e+00 1.563231567382812500e+03
2.766671870728384164e+00 1.560067382812500000e+03
2.770106596824881251e+00 1.565435546875000000e+03
2.773541322921378338e+00 1.560668701171875000e+03
2.776976049017875425e+00 1.561513916015625000e+03
2.780410775114372068e+00 1.565037841796875000e+03
2.783845501210869600e+00 1.562261596679687500e+03
2.787280227307366687e+00 1.554573486328125000e+03
2.790714953403863330e+00 1.562096191406250000e+03
2.794149679500360861e+00 1.567778930664062500e+03
2.797584405596857504e+00 1.563590332031250000e+03
2.801019131693354591e+00 1.561196899414062500e+03
2.804453857789852123e+00 1.563982910156250000e+03
2.807888583886348766e+00 1.571184448242187500e+03
2.811323309982845853e+00 1.567279663085937500e+03
2.814758036079342940e+00 1.562581787109375000e+03
2.818192762175840027e+00 1.568680541992187500e+03
2.821627488272337114e+00 1.569208129882812500e+03
2.825062214368834201e+00 1.567875000000000000e+03
2.828496940465331289e+00 1.569813720703125000e+03
2.831931666561828376e+00 1.583270019531250000e+03
2.835366392658325463e+00 1.580356811523437500e+03
2.838801118754822550e+00 1.581216308593750000e+03
2.842235844851319637e+00 1.586585937500000000e+03
2.845670570947816280e+00 1.592243896484375000e+03
2.849105297044313811e+00 1.594353027343750000e+03
2.852540023140810899e+00 1.604870971679687500e+03
2.855974749237307542e+00 1.619775756835937500e+03
2.859409475333804629e+00 1.630313354492187500e+03
2.862844201430302160e+00 1.639951904296875000e+03
2.866278927526798803e+00 1.640845214843750000e+03
2.869713653623295890e+00 1.653132324218750000e+03
2.873148379719793422e+00 1.676328002929687500e+03
2.876583105816290065e+00 1.709591186523437500e+03
2.880017831912787152e+00 1.748095214843750000e+03
2.883452558009284239e+00 1.793624023437500000e+03
2.886887284105781326e+00 1.858635375976562500e+03
2.890322010202278413e+00 1.986793823242187500e+03
2.893756736298775500e+00 2.215802490234375000e+03
2.897191462395272588e+00 2.662250244140625000e+03
2.900626188491769675e+00 3.590085205078125000e+03
2.904060914588266318e+00 5.776764160156250000e+03
2.907495640684763849e+00 1.018770019531250000e+04
2.910930366781260936e+00 1.903148437500000000e+04
2.914365092877757579e+00 2.608144921875000000e+04
2.917799818974255111e+00 3.010507812500000000e+04
2.921234545070752198e+00 2.597892382812500000e+04
2.924669271167248841e+00 1.809466796875000000e+04
2.928103997263746372e+00 1.045413964843750000e+04
2.931538723360243015e+00 6.224394042968750000e+03
2.934973449456740102e+00 3.684358398437500000e+03
2.938408175553237189e+00 2.713116455078125000e+03
2.941842901649734277e+00 2.233587158203125000e+03
2.945277627746231364e+00 2.074829101562500000e+03
2.948712353842728451e+00 2.006153442382812500e+03
2.952147079939225538e+00 2.023852905273437500e+03
2.955581806035722625e+00 1.953683837890625000e+03
2.959016532132219712e+00 1.867182861328125000e+03
2.962451258228716799e+00 1.698702148437500000e+03
2.965885984325213887e+00 1.629923828125000000e+03
2.969320710421710974e+00 1.582852294921875000e+03
2.972755436518208061e+00 1.579027099609375000e+03
2.976190162614705148e+00 1.563500610351562500e+03
2.979624888711201791e+00 1.544763427734375000e+03
2.983059614807698878e+00 1.529102050781250000e+03
2.986494340904196410e+00 1.526774536132812500e+03
2.989929067000693053e+00 1.513378784179687500e+03
2.993363793097190140e+00 1.497740966796875000e+03
2.996798519193687671e+00 1.485840332031250000e+03
3.000233245290184314e+00 1.476449096679687500e+03
3.003667971386681401e+00 1.459452880859375000e+03
3.007102697483178932e+00 1.444634399414062500e+03
3.010537423579675576e+00 1.434695068359375000e+03
3.013972149676172663e+00 1.429543701171875000e+03
3.017406875772669750e+00 1.433086914062500000e+03
3.020841601869166837e+00 1.421782104492187500e+03
3.024276327965663924e+00 1.404321777343750000e+03
3.027711054062160567e+00 1.404560668945312500e+03
3.031145780158658098e+00 1.405196411132812500e+03
3.034580506255155186e+00 1.407204223632812500e+03
3.038015232351651829e+00 1.396520141601562500e+03
3.041449958448149360e+00 1.392737060546875000e+03
3.044884684544646447e+00 1.378616699218750000e+03
3.048319410641143090e+00 1.379863647460937500e+03
3.051754136737640177e+00 1.372180664062500000e+03
3.055188862834137709e+00 1.369107666015625000e+03
3.058623588930634352e+00 1.355907104492187500e+03
3.062058315027131439e+00 1.345120971679687500e+03
3.065493041123628526e+00 1.344492797851562500e+03
3.068927767220125613e+00 1.350147827148437500e+03
3.072362493316622700e+00 1.350101440429687500e+03
3.075797219413119787e+00 1.347922241210937500e+03
3.079231945509616875e+00 1.335711425781250000e+03
3.082666671606113962e+00 1.321542236328125000e+03
3.086101397702611049e+00 1.317438232421875000e+03
3.089536123799108136e+00 1.317524902343750000e+03
3.092970849895605223e+00 1.309145263671875000e+03
3.096405575992101866e+00 1.303529907226562500e+03
3.099840302088599397e+00 1.307994262695312500e+03
3.103275028185096041e+00 1.302347167968750000e+03
3.106709754281593128e+00 1.308917968750000000e+03
3.110144480378090659e+00 1.310274658203125000e+03
3.113579206474587302e+00 1.313304687500000000e+03
3.117013932571084389e+00 1.311720214843750000e+03
3.120448658667581920e+00 1.312498046875000000e+03
3.123883384764078563e+00 1.312414062500000000e+03
3.127318110860575651e+00 1.319300415039062500e+03
3.130752836957072738e+00 1.327063354492187500e+03
3.134187563053569825e+00 1.329526123046875000e+03
3.137622289150066912e+00 1.312674682617187500e+03
3.141057015246563999e+00 1.292775512695312500e+03
3.144491741343061086e+00 1.288002807617187500e+03
3.147926467439558174e+00 1.285738647460937500e+03
3.151361193536054817e+00 1.275538696289062500e+03
3.154795919632552348e+00 1.277309448242187500e+03
3.158230645729049435e+00 1.274611083984375000e+03
3.161665371825546078e+00 1.267032958984375000e+03
3.165100097922043609e+00 1.257963745117187500e+03
3.168534824018540696e+00 1.268088012695312500e+03
3.171969550115037340e+00 1.280433837890625000e+03
3.175404276211534427e+00 1.271323486328125000e+03
3.178839002308031958e+00 1.259587768554687500e+03
3.182273728404528601e+00 1.251501708984375000e+03
3.185708454501025688e+00 1.267236206054687500e+03
3.189143180597522775e+00 1.274128540039062500e+03
3.192577906694019862e+00 1.270843017578125000e+03
3.196012632790516950e+00 1.259240478515625000e+03
3.199447358887014037e+00 1.255947143554687500e+03
3.202882084983511124e+00 1.259220703125000000e+03
3.206316811080008211e+00 1.261153198242187500e+03
3.209751537176505298e+00 1.252164916992187500e+03
3.213186263273002385e+00 1.247504394531250000e+03
3.216620989369499473e+00 1.249112182617187500e+03
3.220055715465996116e+00 1.262029174804687500e+03
3.223490441562493647e+00 1.265949951171875000e+03
3.226925167658990734e+00 1.264755737304687500e+03
3.230359893755487377e+00 1.251389160156250000e+03
3.233794619851984908e+00 1.247550781250000000e+03
3.237229345948481551e+00 1.247307861328125000e+03
3.240664072044978639e+00 1.247702148437500000e+03
3.244098798141476170e+00 1.243322265625000000e+03
3.247533524237972813e+00 1.246562988281250000e+03
3.250968250334469900e+00 1.244098510742187500e+03
3.254402976430966987e+00 1.248607299804687500e+03
3.257837702527464074e+00 1.248660888671875000e+03
3.261272428623961162e+00 1.254064697265625000e+03
3.264707154720458249e+00 1.254223999023437500e+03
3.268141880816955336e+00 1.260624877929687500e+03
3.271576606913452423e+00 1.265004394531250000e+03
3.275011333009949510e+00 1.258400268554687500e+03
3.278446059106446597e+00 1.254985839843750000e+03
3.281880785202943684e+00 1.256388427734375000e+03
3.285315511299440328e+00 1.268495117187500000e+03
3.288750237395937859e+00 1.277579223632812500e+03
3.292184963492434946e+00 1.281577636718750000e+03
3.295619689588931589e+00 1.283726196289062500e+03
3.299054415685428676e+00 1.275394042968750000e+03
3.302489141781926207e+00 1.274216430664062500e+03
3.305923867878422850e+00 1.266185302734375000e+03
3.309358593974919938e+00 1.274904907226562500e+03
3.312793320071417469e+00 1.274513671875000000e+03
3.316228046167914112e+00 1.285488159179687500e+03
3.319662772264411199e+00 1.289394775390625000e+03
3.323097498360908286e+00 1.306566406250000000e+03
3.326532224457405373e+00 1.315257446289062500e+03
3.329966950553902461e+00 1.330573852539062500e+03
3.333401676650399548e+00 1.365154663085937500e+03
3.336836402746896635e+00 1.400626464843750000e+03
3.340271128843393722e+00 1.446712158203125000e+03
3.343705854939890365e+00 1.534669677734375000e+03
3.347140581036387896e+00 1.710436035156250000e+03
3.350575307132884983e+00 2.051149658203125000e+03
3.354010033229381627e+00 2.904571777343750000e+03
3.357444759325879158e+00 4.652798339843750000e+03
3.360879485422376245e+00 8.849195312500000000e+03
3.364314211518872888e+00 1.354025976562500000e+04
3.367748937615370419e+00 1.701844726562500000e+04
3.371183663711867062e+00 1.632927050781250000e+04
3.374618389808364149e+00 1.317584765625000000e+04
3.378053115904861237e+00 8.733175781250000000e+03
3.381487842001358324e+00 5.198127929687500000e+03
3.384922568097855411e+00 3.016791259765625000e+03
3.388357294194352498e+00 2.160832275390625000e+03
3.391792020290849585e+00 1.740531250000000000e+03
3.395226746387346672e+00 1.549571655273437500e+03
3.398661472483843760e+00 1.449098999023437500e+03
3.402096198580340847e+00 1.391664428710937500e+03
3.405530924676837934e+00 1.354325439453125000e+03
3.408965650773335021e+00 1.327406616210937500e+03
3.412400376869832108e+00 1.312014038085937500e+03
3.415835102966329195e+00 1.300160522460937500e+03
3.419269829062825838e+00 1.288160278320312500e+03
3.422704555159322926e+00 1.274875244140625000e+03
3.426139281255820457e+00 1.269791259765625000e+03
3.429574007352317100e+00 1.257459228515625000e+03
3.433008733448814187e+00 1.234382934570312500e+03
3.436443459545311718e+00 1.224629638671875000e+03
3.439878185641808361e+00 1.224841186523437500e+03
3.443312911738305448e+00 1.226228393554687500e+03
3.446747637834802980e+00 1.225041381835937500e+03
3.450182363931299623e+00 1.207918090820312500e+03
3.453617090027796710e+00 1.196258056640625000e+03
3.457051816124293797e+00 1.194309448242187500e+03
3.460486542220790884e+00 1.197128295898437500e+03
3.463921268317287971e+00 1.200349487304687500e+03
3.467355994413784614e+00 1.189389282226562500e+03
3.470790720510282146e+00 1.176555053710937500e+03
3.474225446606779233e+00 1.171560302734375000e+03
3.477660172703275876e+00 1.176804931640625000e+03
3.481094898799773407e+00 1.178456298828125000e+03
3.484529624896270494e+00 1.178018798828125000e+03
3.487964350992767137e+00 1.175894897460937500e+03
3.491399077089264669e+00 1.175868896484375000e+03
3.494833803185761756e+00 1.173584838867187500e+03
3.498268529282258399e+00 1.179036987304687500e+03
3.501703255378755486e+00 1.177850830078125000e+03
3.505137981475252573e+00 1.168365600585937500e+03
3.508572707571749660e+00 1.156173706054687500e+03
3.512007433668246748e+00 1.156036010742187500e+03
3.515442159764743835e+00 1.152403198242187500e+03
3.518876885861240922e+00 1.141676635742187500e+03
3.522311611957738009e+00 1.133935668945312500e+03
3.525746338054235096e+00 1.134423583984375000e+03
3.529181064150732183e+00 1.135520996093750000e+03
3.532615790247229270e+00 1.138239257812500000e+03
3.536050516343726358e+00 1.137094848632812500e+03
3.539485242440223445e+00 1.134046508789062500e+03
3.542919968536720088e+00 1.134280517578125000e+03
3.546354694633217175e+00 1.140784057617187500e+03
3.549789420729714706e+00 1.140517456054687500e+03
3.553224146826211349e+00 1.132132202148437500e+03
3.556658872922708436e+00 1.129716186523437500e+03
3.560093599019205968e+00 1.130864746093750000e+03
3.563528325115702611e+00 1.132283447265625000e+03
3.566963051212199698e+00 1.131287353515625000e+03
3.570397777308697229e+00 1.134047241210937500e+03
3.573832503405193872e+00 1.120771606445312500e+03
3.577267229501690959e+00 1.118836791992187500e+03
3.580701955598188047e+00 1.122718383789062500e+03
3.584136681694685134e+00 1.132929565429687500e+03
3.587571407791181777e+00 1.129309082031250000e+03
3.591006133887679308e+00 1.126278320312500000e+03
3.594440859984176395e+00 1.128042968750000000e+03
3.597875586080673038e+00 1.136229736328125000e+03
3.601310312177170569e+00 1.133150878906250000e+03
3.604745038273667657e+00 1.135130004882812500e+03
3.608179764370164300e+00 1.127037475585937500e+03
3.611614490466661831e+00 1.129596435546875000e+03
3.615049216563158918e+00 1.129305664062500000e+03
3.618483942659655561e+00 1.142408447265625000e+03
3.621918668756153092e+00 1.146306640625000000e+03
3.625353394852649735e+00 1.143812744140625000e+03
3.628788120949146823e+00 1.144221313476562500e+03
3.632222847045644354e+00 1.150716186523437500e+03
3.635657573142140997e+00 1.155976684570312500e+03
3.639092299238638084e+00 1.156197753906250000e+03
3.642527025335135615e+00 1.153828125000000000e+03
3.645961751431632258e+00 1.156190673828125000e+03
3.649396477528129346e+00 1.158820678710937500e+03
3.652831203624625989e+00 1.161541992187500000e+03
3.656265929721123520e+00 1.161500732421875000e+03
3.659700655817620607e+00 1.163476318359375000e+03
3.663135381914117250e+00 1.172588867187500000e+03
3.666570108010614781e+00 1.179860351562500000e+03
3.670004834107111424e+00 1.179394897460937500e+03
3.673439560203608512e+00 1.186991333007812500e+03
3.676874286300106043e+00 1.204836669921875000e+03
3.680309012396602686e+00 1.214717895507812500e+03
3.683743738493099773e+00 1.221790527343750000e+03
3.687178464589597304e+00 1.235002563476562500e+03
3.690613190686093947e+00 1.252944335937500000e+03
3.694047916782591034e+00 1.265907592773437500e+03
3.697482642879088566e+00 1.275546142578125000e+03
3.700917368975585209e+00 1.297427001953125000e+03
3.704352095072082296e+00 1.322839599609375000e+03
3.707786821168579827e+00 1.344418090820312500e+03
3.711221547265076470e+00 1.357882080078125000e+03
3.714656273361573113e+00 1.386569458007812500e+03
3.718090999458071089e+00 1.425306030273437500e+03
3.721525725554567732e+00 1.462000122070312500e+03
3.724960451651064375e+00 1.505228881835937500e+03
3.728395177747561906e+00 1.562198120117187500e+03
3.731829903844058993e+00 1.636592285156250000e+03
3.735264629940555636e+00 1.741030639648437500e+03
3.738699356037052723e+00 1.905169677734375000e+03
3.742134082133550255e+00 2.176172119140625000e+03
3.745568808230046898e+00 2.719451171875000000e+03
3.749003534326543985e+00 3.808098388671875000e+03
3.752438260423041516e+00 6.361092285156250000e+03
3.755872986519538159e+00 1.173908203125000000e+04
3.759307712616034802e+00 2.349740429687500000e+04
3.762742438712532778e+00 3.908148828125000000e+04
3.766177164809029421e+00 5.283964062500000000e+04
3.769611890905526064e+00 5.517664843750000000e+04
3.773046617002023595e+00 4.323264062500000000e+04
3.776481343098520682e+00 2.673789648437500000e+04
3.779916069195017325e+00 1.370601171875000000e+04
3.783350795291514856e+00 7.257039550781250000e+03
3.786785521388011944e+00 4.155635253906250000e+03
3.790220247484508587e+00 2.908740478515625000e+03
3.793654973581006118e+00 2.280908203125000000e+03
3.797089699677503205e+00 1.966953247070312500e+03
3.800524425773999848e+00 1.781637207031250000e+03
3.803959151870497379e+00 1.663572021484375000e+03
3.807393877966994467e+00 1.583344360351562500e+03
3.810828604063491110e+00 1.523360107421875000e+03
3.814263330159988641e+00 1.465386718750000000e+03
3.817698056256485284e+00 1.432604370117187500e+03
3.821132782352982371e+00 1.401219116210937500e+03
3.824567508449479902e+00 1.360678833007812500e+03
3.828002234545976545e+00 1.321363891601562500e+03
3.831436960642473633e+00 1.297598144531250000e+03
3.834871686738970276e+00 1.276472412109375000e+03
3.838306412835467807e+00 1.264968505859375000e+03
3.841741138931964894e+00 1.249183227539062500e+03
3.845175865028461537e+00 1.234550537109375000e+03
3.848610591124959068e+00 1.207595214843750000e+03
3.852045317221456155e+00 1.185945556640625000e+03
3.855480043317952799e+00 1.173146484375000000e+03
3.858914769414450330e+00 1.165327758789062500e+03
3.862349495510946973e+00 1.152677978515625000e+03
3.865784221607444060e+00 1.143744262695312500e+03
3.869218947703941591e+00 1.135578735351562500e+03
3.872653673800438234e+00 1.119810546875000000e+03
3.876088399896935321e+00 1.111542724609375000e+03
3.879523125993432853e+00 1.110341796875000000e+03
3.882957852089929496e+00 1.111054565429687500e+03
3.886392578186426583e+00 1.103138916015625000e+03
3.889827304282924114e+00 1.100700561523437500e+03
3.893262030379420757e+00 1.097102172851562500e+03
3.896696756475917844e+00 1.091361450195312500e+03
3.900131482572415376e+00 1.075133789062500000e+03
3.903566208668912019e+00 1.067877685546875000e+03
3.907000934765408662e+00 1.061608886718750000e+03
3.910435660861906637e+00 1.058815673828125000e+03
3.913870386958403280e+00 1.054268676757812500e+03
3.917305113054899923e+00 1.059526367187500000e+03
3.920739839151397010e+00 1.055246948242187500e+03
3.924174565247894542e+00 1.054421997070312500e+03
3.927609291344391185e+00 1.058299560546875000e+03
3.931044017440888272e+00 1.055922851562500000e+03
3.934478743537385803e+00 1.041652465820312500e+03
3.937913469633882446e+00 1.036495605468750000e+03
3.941348195730379533e+00 1.037192749023437500e+03
3.944782921826877065e+00 1.023682373046875000e+03
3.948217647923373708e+00 1.010451049804687500e+03
3.951652374019870351e+00 1.023056823730468750e+03
3.955087100116368326e+00 1.039880493164062500e+03
3.958521826212864969e+00 1.039524414062500000e+03
3.961956552309361612e+00 1.031839111328125000e+03
3.965391278405859588e+00 1.030497314453125000e+03
3.968826004502356231e+00 1.029211425781250000e+03
3.972260730598852874e+00 1.024893920898437500e+03
3.975695456695350405e+00 1.023108154296875000e+03
3.979130182791847492e+00 1.019000915527343750e+03
3.982564908888344135e+00 1.021698425292968750e+03
3.985999634984841666e+00 1.019959167480468750e+03
3.989434361081338754e+00 1.015336669921875000e+03
3.992869087177835397e+00 1.021408264160156250e+03
3.996303813274332928e+00 1.022055969238281250e+03
3.999738539370830015e+00 1.025038696289062500e+03
4.003173265467326658e+00 1.030925170898437500e+03
4.006607991563823745e+00 1.039825439453125000e+03
4.010042717660320832e+00 1.034832397460937500e+03
4.013477443756817920e+00 1.027274414062500000e+03
4.016912169853315007e+00 1.021149047851562500e+03
4.020346895949812094e+00 1.024147827148437500e+03
4.023781622046309181e+00 1.032582031250000000e+03
4.027216348142806268e+00 1.032771850585937500e+03
4.030651074239303355e+00 1.034505371093750000e+03
4.034085800335800442e+00 1.031520385742187500e+03
4.037520526432297530e+00 1.037135742187500000e+03
4.040955252528794617e+00 1.046936523437500000e+03
4.044389978625291704e+00 1.054527343750000000e+03
4.047824704721788791e+00 1.058001464843750000e+03
4.051259430818285878e+00 1.066568847656250000e+03
4.054694156914782965e+00 1.065701782226562500e+03
4.058128883011279164e+00 1.056065551757812500e+03
4.061563609107777140e+00 1.059388671875000000e+03
4.064998335204274227e+00 1.078088745117187500e+03
4.068433061300770426e+00 1.098569213867187500e+03
4.071867787397268401e+00 1.118141235351562500e+03
4.075302513493765488e+00 1.139600463867187500e+03
4.078737239590261687e+00 1.159569091796875000e+03
4.082171965686759663e+00 1.172551147460937500e+03
4.085606691783256750e+00 1.193856933593750000e+03
4.089041417879752949e+00 1.214710327148437500e+03
4.092476143976250036e+00 1.253279174804687500e+03
4.095910870072748011e+00 1.317087158203125000e+03
4.099345596169244210e+00 1.421601318359375000e+03
4.102780322265741297e+00 1.594876831054687500e+03
4.106215048362239273e+00 1.919753906250000000e+03
4.109649774458735472e+00 2.583906982421875000e+03
4.113084500555232559e+00 4.078457275390625000e+03
4.116519226651730534e+00 7.570122558593750000e+03
4.119953952748226733e+00 1.331044531250000000e+04
4.123388678844723820e+00 2.064912500000000000e+04
4.126823404941220907e+00 2.516934960937500000e+04
4.130258131037717995e+00 2.403244335937500000e+04
4.133692857134215082e+00 1.847725390625000000e+04
4.137127583230712169e+00 1.151177734375000000e+04
4.140562309327209256e+00 6.545102539062500000e+03
4.143997035423706343e+00 3.610904541015625000e+03
4.147431761520203430e+00 2.374521484375000000e+03
4.150866487616700518e+00 1.812115844726562500e+03
4.154301213713197605e+00 1.527728881835937500e+03
4.157735939809694692e+00 1.382778442382812500e+03
4.161170665906191779e+00 1.306127197265625000e+03
4.164605392002688866e+00 1.248921997070312500e+03
4.168040118099185953e+00 1.206465576171875000e+03
4.171474844195683040e+00 1.187977416992187500e+03
4.174909570292180128e+00 1.167093017578125000e+03
4.178344296388677215e+00 1.139516723632812500e+03
4.181779022485174302e+00 1.116544677734375000e+03
4.185213748581671389e+00 1.105028320312500000e+03
4.188648474678167588e+00 1.098109985351562500e+03
4.192083200774665563e+00 1.081143188476562500e+03
4.195517926871162651e+00 1.076810668945312500e+03
4.198952652967658850e+00 1.064800170898437500e+03
4.202387379064156825e+00 1.060231445312500000e+03
4.205822105160653912e+00 1.046292724609375000e+03
4.209256831257150111e+00 1.036729858398437500e+03
4.212691557353648086e+00 1.016933654785156250e+03
4.216126283450144285e+00 1.008213684082031250e+03
4.219561009546641372e+00 9.988359375000000000e+02
4.222995735643139348e+00 9.982942504882812500e+02
4.226430461739635547e+00 9.861978759765625000e+02
4.229865187836132634e+00 9.860554809570312500e+02
4.233299913932630609e+00 9.834617309570312500e+02
4.236734640029126808e+00 9.785904541015625000e+02
4.240169366125623895e+00 9.672706909179687500e+02
4.243604092222121871e+00 9.585983276367187500e+02
4.247038818318618070e+00 9.543287353515625000e+02
4.250473544415115157e+00 9.538738403320312500e+02
4.253908270511613132e+00 9.628961791992187500e+02
4.257342996608109331e+00 9.610048828125000000e+02
4.260777722704606418e+00 9.500270385742187500e+02
4.264212448801104394e+00 9.390007324218750000e+02
4.267647174897600593e+00 9.355038452148437500e+02
4.271081900994097680e+00 9.421159667968750000e+02
4.274516627090594767e+00 9.488510131835937500e+02
4.277951353187091854e+00 9.456705322265625000e+02
4.281386079283588941e+00 9.383535766601562500e+02
4.284820805380086028e+00 9.388369750976562500e+02
4.288255531476583116e+00 9.394311523437500000e+02
4.291690257573080203e+00 9.436535034179687500e+02
4.295124983669576402e+00 9.466390380859375000e+02
4.298559709766074377e+00 9.508878784179687500e+02
4.301994435862571464e+00 9.541337280273437500e+02
4.305429161959067663e+00 9.415858154296875000e+02
4.308863888055565639e+00 9.361325683593750000e+02
4.312298614152062726e+00 9.314362182617187500e+02
4.315733340248558925e+00 9.329970092773437500e+02
4.319168066345056900e+00 9.254085083007812500e+02
4.322602792441553987e+00 9.246488037109375000e+02
4.326037518538050186e+00 9.208001098632812500e+02
4.329472244634548161e+00 9.262653198242187500e+02
4.332906970731045249e+00 9.288477783203125000e+02
4.336341696827541448e+00 9.226498413085937500e+02
4.339776422924039423e+00 9.198468627929687500e+02
4.343211149020536510e+00 9.199822387695312500e+02
4.346645875117032709e+00 9.175271606445312500e+02
4.350080601213530684e+00 9.127073364257812500e+02
4.353515327310027772e+00 9.212904052734375000e+02
4.356950053406523971e+00 9.165011596679687500e+02
4.360384779503021058e+00 9.062636108398437500e+02
4.363819505599518145e+00 8.973309936523437500e+02
4.367254231696015232e+00 8.997928466796875000e+02
4.370688957792512319e+00 9.096663208007812500e+02
4.374123683889009406e+00 9.084992675781250000e+02
4.377558409985506493e+00 8.963603515625000000e+02
4.380993136082003581e+00 8.903692626953125000e+02
4.384427862178500668e+00 8.947029418945312500e+02
4.387862588274997755e+00 9.002988891601562500e+02
4.391297314371494842e+00 9.026829833984375000e+02
4.394732040467991929e+00 9.043919677734375000e+02
4.398166766564489016e+00 9.088444824218750000e+02
4.401601492660986104e+00 8.957145996093750000e+02
4.405036218757483191e+00 8.864851684570312500e+02
4.408470944853980278e+00 8.918558959960937500e+02
4.411905670950477365e+00 8.988955688476562500e+02
4.415340397046974452e+00 9.025371704101562500e+02
4.418775123143471539e+00 9.040812377929687500e+02
4.422209849239968626e+00 9.021260986328125000e+02
4.425644575336465714e+00 9.078865966796875000e+02
4.429079301432962801e+00 9.143375244140625000e+02
4.432514027529459888e+00 9.121179809570312500e+02
4.435948753625956975e+00 9.008184814453125000e+02
4.439383479722454062e+00 8.981051635742187500e+02
4.442818205818951149e+00 9.048286132812500000e+02
4.446252931915447348e+00 9.003220825195312500e+02
4.449687658011945324e+00 8.966283569335937500e+02
4.453122384108441523e+00 8.957903442382812500e+02
4.456557110204938610e+00 9.022218017578125000e+02
4.459991836301436585e+00 8.944151000976562500e+02
4.463426562397932784e+00 8.927636108398437500e+02
4.466861288494429871e+00 8.918057250976562500e+02
4.470296014590927847e+00 8.964792480468750000e+02
4.473730740687424046e+00 8.925863647460937500e+02
4.477165466783921133e+00 8.918226318359375000e+02
4.480600192880419108e+00 8.903966064453125000e+02
4.484034918976915307e+00 8.850716552734375000e+02
4.487469645073412394e+00 8.844707031250000000e+02
4.490904371169910370e+00 8.905156860351562500e+02
4.494339097266406569e+00 8.872276611328125000e+02
4.497773823362903656e+00 8.865247802734375000e+02
4.501208549459401631e+00 8.817205200195312500e+02
4.504643275555897830e+00 8.793462524414062500e+02
4.508078001652394917e+00 8.831607666015625000e+02
4.511512727748892893e+00 8.900343627929687500e+02
4.514947453845389091e+00 8.935958862304687500e+02
4.518382179941886179e+00 8.936193847656250000e+02
4.521816906038383266e+00 8.970451049804687500e+02
4.525251632134880353e+00 8.967563476562500000e+02
4.528686358231377440e+00 8.870841064453125000e+02
4.532121084327874527e+00 8.886290283203125000e+02
4.535555810424371614e+00 8.954456787109375000e+02
4.538990536520868702e+00 8.951339721679687500e+02
4.542425262617364901e+00 8.941351318359375000e+02
4.545859988713862876e+00 8.952907104492187500e+02
4.549294714810359963e+00 8.898929443359375000e+02
4.552729440906856162e+00 8.798975830078125000e+02
4.556164167003354137e+00 8.731518554687500000e+02
4.559598893099851225e+00 8.769383544921875000e+02
4.563033619196347423e+00 8.730885620117187500e+02
4.566468345292845399e+00 8.674380493164062500e+02
4.569903071389342486e+00 8.597926025390625000e+02
4.573337797485838685e+00 8.579208374023437500e+02
4.576772523582336660e+00 8.617913208007812500e+02
4.580207249678833747e+00 8.734840698242187500e+02
4.583641975775329946e+00 8.819017944335937500e+02
4.587076701871827922e+00 8.894462280273437500e+02
4.590511427968325009e+00 8.902618408203125000e+02
4.593946154064821208e+00 8.863800048828125000e+02
4.597380880161319183e+00 8.797191772460937500e+02
4.600815606257816270e+00 8.777656860351562500e+02
4.604250332354312469e+00 8.797835083007812500e+02
4.607685058450810445e+00 8.863096313476562500e+02
4.611119784547306644e+00 8.895443725585937500e+02
4.614554510643803731e+00 8.874866943359375000e+02
4.617989236740300818e+00 8.851420288085937500e+02
4.621423962836797905e+00 8.834406127929687500e+02
4.624858688933294992e+00 8.894200439453125000e+02
4.628293415029792079e+00 8.952800903320312500e+02
4.631728141126289167e+00 8.913198852539062500e+02
4.635162867222786254e+00 8.868187255859375000e+02
4.638597593319283341e+00 8.868068237304687500e+02
4.642032319415780428e+00 8.868227539062500000e+02
4.645467045512277515e+00 8.840025634765625000e+02
4.648901771608774602e+00 8.779902343750000000e+02
4.652336497705271690e+00 8.780117187500000000e+02
4.655771223801768777e+00 8.939511108398437500e+02
4.659205949898265864e+00 9.063447875976562500e+02
4.662640675994762951e+00 9.101699218750000000e+02
4.666075402091260038e+00 9.007413940429687500e+02
4.669510128187757125e+00 8.949592285156250000e+02
4.672944854284254212e+00 8.922843627929687500e+02
4.676379580380751300e+00 8.924559326171875000e+02
4.679814306477248387e+00 9.003298339843750000e+02
4.683249032573745474e+00 9.068579711914062500e+02
4.686683758670242561e+00 9.071368408203125000e+02
4.690118484766739648e+00 9.102189331054687500e+02
4.693553210863236735e+00 9.240883789062500000e+02
4.696987936959733823e+00 9.291892700195312500e+02
4.700422663056230022e+00 9.305196533203125000e+02
4.703857389152727997e+00 9.225875854492187500e+02
4.707292115249225084e+00 9.223228149414062500e+02
4.710726841345721283e+00 9.216193847656250000e+02
4.714161567442218370e+00 9.301038818359375000e+02
4.717596293538716345e+00 9.398309326171875000e+02
4.721031019635212544e+00 9.477412719726562500e+02
4.724465745731709632e+00 9.564334716796875000e+02
4.727900471828207607e+00 9.605355834960937500e+02
4.731335197924703806e+00 9.702330322265625000e+02
4.734769924021200893e+00 9.965572509765625000e+02
4.738204650117698868e+00 1.037256103515625000e+03
4.741639376214195067e+00 1.090613769531250000e+03
4.745074102310692155e+00 1.198758911132812500e+03
4.748508828407190130e+00 1.425510009765625000e+03
4.751943554503686329e+00 1.968920288085937500e+03
4.755378280600183416e+00 3.008989501953125000e+03
4.758813006696681391e+00 5.194615234375000000e+03
4.762247732793177590e+00 7.701370117187500000e+03
4.765682458889674677e+00 1.021882226562500000e+04
4.769117184986171765e+00 1.041130371093750000e+04
4.772551911082668852e+00 8.967934570312500000e+03
4.775986637179165939e+00 6.170062011718750000e+03
4.779421363275663026e+00 3.871643798828125000e+03
4.782856089372160113e+00 2.263381591796875000e+03
4.786290815468657200e+00 1.557675659179687500e+03
4.789725541565154288e+00 1.276354125976562500e+03
4.793160267661651375e+00 1.155595825195312500e+03
4.796594993758148462e+00 1.099102294921875000e+03
4.800029719854644661e+00 1.044116333007812500e+03
4.803464445951142636e+00 1.004859497070312500e+03
4.806899172047639723e+00 9.741843261718750000e+02
4.810333898144135922e+00 9.644055786132812500e+02
4.813768624240633898e+00 9.547862548828125000e+02
4.817203350337130985e+00 9.418944702148437500e+02
4.820638076433627184e+00 9.351376342773437500e+02
4.824072802530125159e+00 9.386864013671875000e+02
4.827507528626622246e+00 9.341169433593750000e+02
4.830942254723118445e+00 9.229732055664062500e+02
4.834376980819616421e+00 9.162501220703125000e+02
4.837811706916113508e+00 9.233994750976562500e+02
4.841246433012609707e+00 9.232819213867187500e+02
4.844681159109107682e+00 9.200911254882812500e+02
4.848115885205604769e+00 9.134845581054687500e+02
4.851550611302100968e+00 9.149858398437500000e+02
4.854985337398598944e+00 9.155541381835937500e+02
4.858420063495095143e+00 9.108945312500000000e+02
4.861854789591592230e+00 9.097555541992187500e+02
4.865289515688090205e+00 9.049901123046875000e+02
4.868724241784586404e+00 9.000222167968750000e+02
4.872158967881083491e+00 8.850811157226562500e+02
4.875593693977581466e+00 8.836076049804687500e+02
4.879028420074077665e+00 8.835523681640625000e+02
4.882463146170574753e+00 8.877138671875000000e+02
4.885897872267071840e+00 8.948717041015625000e+02
4.889332598363568927e+00 8.985686035156250000e+02
4.892767324460066014e+00 9.003751220703125000e+02
4.896202050556563101e+00 9.028174438476562500e+02
4.899636776653060188e+00 9.074711914062500000e+02
4.903071502749557276e+00 9.020039672851562500e+02
4.906506228846054363e+00 8.998278808593750000e+02
4.909940954942551450e+00 8.931635742187500000e+02
4.913375681039048537e+00 8.890096435546875000e+02
4.916810407135545624e+00 8.814906616210937500e+02
4.920245133232042711e+00 8.900335083007812500e+02
4.923679859328539798e+00 8.976412963867187500e+02
4.927114585425036886e+00 8.986919555664062500e+02
4.930549311521533973e+00 8.984918823242187500e+02
4.933984037618031060e+00 9.053229370117187500e+02
4.937418763714528147e+00 9.102877197265625000e+02
4.940853489811025234e+00 9.181563110351562500e+02
4.944288215907522321e+00 9.196781616210937500e+02
4.947722942004018520e+00 9.177676391601562500e+02
4.951157668100516496e+00 9.253760375976562500e+02
4.954592394197013583e+00 9.352078857421875000e+02
4.958027120293509782e+00 9.428906860351562500e+02
4.961461846390007757e+00 9.429496459960937500e+02
4.964896572486504844e+00 9.418071289062500000e+02
4.968331298583001043e+00 9.494795532226562500e+02
4.971766024679498130e+00 9.571390380859375000e+02
4.975200750775996106e+00 9.608074951171875000e+02
4.978635476872492305e+00 9.695611572265625000e+02
4.982070202968989392e+00 9.823345336914062500e+02
4.985504929065487367e+00 9.961975708007812500e+02
4.988939655161983566e+00 1.005875671386718750e+03
4.992374381258480653e+00 1.021352966308593750e+03
4.995809107354978629e+00 1.044305786132812500e+03
4.999243833451474828e+00 1.062164794921875000e+03
5.002678559547971915e+00 1.073154541015625000e+03
5.006113285644469002e+00 1.081089843750000000e+03
5.009548011740966089e+00 1.102466674804687500e+03
5.012982737837463176e+00 1.126849731445312500e+03
5.016417463933960263e+00 1.165113159179687500e+03
5.019852190030457351e+00 1.213446777343750000e+03
5.023286916126954438e+00 1.285530273437500000e+03
5.026721642223451525e+00 1.385458007812500000e+03
5.030156368319948612e+00 1.566413452148437500e+03
5.033591094416445699e+00 1.877824584960937500e+03
5.037025820512942786e+00 2.574945556640625000e+03
5.040460546609439874e+00 3.921758056640625000e+03
5.043895272705936961e+00 7.371637695312500000e+03
5.047329998802434048e+00 1.356643945312500000e+04
5.050764724898931135e+00 2.289336328125000000e+04
5.054199450995428222e+00 3.185797460937500000e+04
5.057634177091925309e+00 3.386757812500000000e+04
5.061068903188422397e+00 2.671867968750000000e+04
5.064503629284919484e+00 1.777547656250000000e+04
5.067938355381415683e+00 9.967125976562500000e+03
5.071373081477913658e+00 5.363963378906250000e+03
5.074807807574410745e+00 3.147174560546875000e+03
5.078242533670906944e+00 2.192675537109375000e+03
5.081677259767404919e+00 1.732299926757812500e+03
5.085111985863902007e+00 1.505265014648437500e+03
5.088546711960398206e+00 1.373508911132812500e+03
5.091981438056896181e+00 1.289389648437500000e+03
5.095416164153392380e+00 1.235858642578125000e+03
5.098850890249889467e+00 1.188419677734375000e+03
5.102285616346387442e+00 1.154505615234375000e+03
5.105720342442883641e+00 1.126188598632812500e+03
5.109155068539380729e+00 1.095049804687500000e+03
5.112589794635878704e+00 1.063613037109375000e+03
5.116024520732374903e+00 1.051889648437500000e+03
5.119459246828871990e+00 1.043811523437500000e+03
5.122893972925369965e+00 1.033252685546875000e+03
5.126328699021866164e+00 1.023768432617187500e+03
5.129763425118363251e+00 1.014873229980468750e+03
5.133198151214861227e+00 9.989636230468750000e+02
5.136632877311357426e+00 9.877255249023437500e+02
5.140067603407854513e+00 9.756084594726562500e+02
5.143502329504352488e+00 9.751710815429687500e+02
5.146937055600848687e+00 9.621206665039062500e+02
5.150371781697345774e+00 9.457545166015625000e+02
5.153806507793842862e+00 9.329591674804687500e+02
5.157241233890339949e+00 9.315826416015625000e+02
5.160675959986837036e+00 9.338577270507812500e+02
5.164110686083334123e+00 9.250894775390625000e+02
5.167545412179831210e+00 9.202244262695312500e+02
5.170980138276328297e+00 9.216071166992187500e+02
5.174414864372825384e+00 9.240476074218750000e+02
5.177849590469322472e+00 9.173643798828125000e+02
5.181284316565819559e+00 9.114202270507812500e+02
5.184719042662315758e+00 9.118327636718750000e+02
5.188153768758813733e+00 9.107407836914062500e+02
5.191588494855310820e+00 9.153269653320312500e+02
5.195023220951807019e+00 9.110159912109375000e+02
5.198457947048304995e+00 9.140178222656250000e+02
5.201892673144802082e+00 9.114696655273437500e+02
5.205327399241298281e+00 9.139418945312500000e+02
5.208762125337796256e+00 9.125456542968750000e+02
5.212196851434293343e+00 9.127300415039062500e+02
5.215631577530789542e+00 9.108214111328125000e+02
5.219066303627287517e+00 9.066967163085937500e+02
5.222501029723784605e+00 9.027879028320312500e+02
5.225935755820280804e+00 8.985854492187500000e+02
5.229370481916778779e+00 8.975332031250000000e+02
5.232805208013275866e+00 9.003638916015625000e+02
5.236239934109772065e+00 9.095623168945312500e+02
5.239674660206269152e+00 9.203042602539062500e+02
5.243109386302767128e+00 9.261698608398437500e+02
5.246544112399263327e+00 9.299324951171875000e+02
5.249978838495760414e+00 9.268148193359375000e+02
5.253413564592257501e+00 9.321854858398437500e+02
5.256848290688754588e+00 9.409951782226562500e+02
5.260283016785251675e+00 9.513197631835937500e+02
5.263717742881748762e+00 9.534910888671875000e+02
5.267152468978245849e+00 9.612216796875000000e+02
5.270587195074742937e+00 9.699067382812500000e+02
5.274021921171240024e+00 9.811488037109375000e+02
5.277456647267737111e+00 9.866427001953125000e+02
5.280891373364234198e+00 9.912827148437500000e+02
5.284326099460731285e+00 9.983974609375000000e+02
5.287760825557228372e+00 1.014216125488281250e+03
5.291195551653725460e+00 1.041261596679687500e+03
5.294630277750222547e+00 1.068577270507812500e+03
5.298065003846719634e+00 1.105611328125000000e+03
5.301499729943216721e+00 1.166531005859375000e+03
5.304934456039713808e+00 1.265896240234375000e+03
5.308369182136210895e+00 1.437897949218750000e+03
5.311803908232707983e+00 1.791659301757812500e+03
5.315238634329205070e+00 2.527198486328125000e+03
5.318673360425702157e+00 4.367478515625000000e+03
5.322108086522199244e+00 7.904883789062500000e+03
5.325542812618695443e+00 1.312976855468750000e+04
5.328977538715193418e+00 1.800126367187500000e+04
5.332412264811690505e+00 2.009583203125000000e+04
5.335846990908186704e+00 1.679352929687500000e+04
5.339281717004684680e+00 1.089503906250000000e+04
5.342716443101180879e+00 5.960682617187500000e+03
5.346151169197677966e+00 3.367138427734375000e+03
5.349585895294175941e+00 2.120010253906250000e+03
5.353020621390672140e+00 1.599601806640625000e+03
5.356455347487169227e+00 1.341828125000000000e+03
5.359890073583667203e+00 1.218405761718750000e+03
5.363324799680163402e+00 1.145022583007812500e+03
5.366759525776660489e+00 1.103540039062500000e+03
5.370194251873158464e+00 1.069660888671875000e+03
5.373628977969654663e+00 1.048599731445312500e+03
5.377063704066151750e+00 1.027360473632812500e+03
5.380498430162649726e+00 1.013354431152343750e+03
5.383933156259145925e+00 9.947013549804687500e+02
5.387367882355643012e+00 9.842188110351562500e+02
5.390802608452140987e+00 9.738512573242187500e+02
5.394237334548637186e+00 9.684903564453125000e+02
5.397672060645134273e+00 9.614013671875000000e+02
5.401106786741632249e+00 9.544785156250000000e+02
5.404541512838128448e+00 9.427192993164062500e+02
5.407976238934625535e+00 9.370100708007812500e+02
5.411410965031122622e+00 9.283410034179687500e+02
5.414845691127619709e+00 9.273578491210937500e+02
5.418280417224116796e+00 9.338190307617187500e+02
5.421715143320613883e+00 9.308070068359375000e+02
5.425149869417110970e+00 9.245435180664062500e+02
5.428584595513608058e+00 9.184970092773437500e+02
5.432019321610104257e+00 9.058665161132812500e+02
5.435454047706602232e+00 8.953538208007812500e+02
5.438888773803099319e+00 8.895224609375000000e+02
5.442323499899595518e+00 8.885615234375000000e+02
5.445758225996093493e+00 8.893972167968750000e+02
5.449192952092590581e+00 8.894555053710937500e+02
5.452627678189086780e+00 8.830508422851562500e+02
5.456062404285584755e+00 8.745833129882812500e+02
5.459497130382081842e+00 8.722325439453125000e+02
5.462931856478578041e+00 8.727883300781250000e+02
5.466366582575076016e+00 8.655648803710937500e+02
5.469801308671573103e+00 8.705456542968750000e+02
5.473236034768069302e+00 8.797262573242187500e+02
5.476670760864567278e+00 8.838936157226562500e+02
5.480105486961064365e+00 8.869962158203125000e+02
5.483540213057560564e+00 8.852333984375000000e+02
5.486974939154058539e+00 8.777020263671875000e+02
5.490409665250555626e+00 8.718876953125000000e+02
5.493844391347051825e+00 8.682990112304687500e+02
5.497279117443548913e+00 8.787380981445312500e+02
5.500713843540046000e+00 8.780090332031250000e+02
5.504148569636543087e+00 8.831959838867187500e+02
5.507583295733040174e+00 8.843958740234375000e+02
5.511018021829537261e+00 8.907985839843750000e+02
5.514452747926034348e+00 9.000382690429687500e+02
5.517887474022531435e+00 8.999647216796875000e+02
5.521322200119028523e+00 8.949667968750000000e+02
5.524756926215525610e+00 8.960263671875000000e+02
5.528191652312022697e+00 9.088842773437500000e+02
5.531626378408519784e+00 9.205442504882812500e+02
5.535061104505016871e+00 9.254401245117187500e+02
5.538495830601513958e+00 9.368441772460937500e+02
5.541930556698011046e+00 9.463181762695312500e+02
5.545365282794508133e+00 9.545163574218750000e+02
5.548800008891005220e+00 9.634219970703125000e+02
5.552234734987502307e+00 9.715246582031250000e+02
5.555669461083999394e+00 9.884652709960937500e+02
5.559104187180496481e+00 1.020760070800781250e+03
5.562538913276993569e+00 1.059538574218750000e+03
5.565973639373490656e+00 1.127965820312500000e+03
5.569408365469987743e+00 1.258775512695312500e+03
5.572843091566484830e+00 1.518902587890625000e+03
5.576277817662981917e+00 2.096895263671875000e+03
5.579712543759479004e+00 3.323399414062500000e+03
5.583147269855976091e+00 5.806140625000000000e+03
5.586581995952473179e+00 9.151288085937500000e+03
5.590016722048969378e+00 1.239491894531250000e+04
5.593451448145466465e+00 1.298645507812500000e+04
5.596886174241964440e+00 1.135369824218750000e+04
5.600320900338460639e+00 7.610488281250000000e+03
5.603755626434957726e+00 4.505191894531250000e+03
5.607190352531455702e+00 2.501685058593750000e+03
5.610625078627951901e+00 1.715335083007812500e+03
5.614059804724448988e+00 1.337118530273437500e+03
5.617494530820946963e+00 1.161681030273437500e+03
5.620929256917443162e+00 1.077377563476562500e+03
5.624363983013940249e+00 1.037711059570312500e+03
5.627798709110438224e+00 1.011434814453125000e+03
5.631233435206934423e+00 9.862914428710937500e+02
5.634668161303431511e+00 9.678172607421875000e+02
5.638102887399929486e+00 9.522967529296875000e+02
5.641537613496425685e+00 9.421866455078125000e+02
5.644972339592922772e+00 9.317879638671875000e+02
5.648407065689419859e+00 9.255068359375000000e+02
5.651841791785916946e+00 9.193858032226562500e+02
5.655276517882414034e+00 9.114237060546875000e+02
5.658711243978911121e+00 9.022309570312500000e+02
5.662145970075408208e+00 8.971546630859375000e+02
5.665580696171905295e+00 8.913468017578125000e+02
5.669015422268402382e+00 8.899221801757812500e+02
5.672450148364899469e+00 8.887735595703125000e+02
5.675884874461396556e+00 8.851298217773437500e+02
5.679319600557892755e+00 8.741972656250000000e+02
5.682754326654390731e+00 8.719714355468750000e+02
5.686189052750887818e+00 8.782937011718750000e+02
5.689623778847384017e+00 8.780294799804687500e+02
5.693058504943881992e+00 8.738619995117187500e+02
5.696493231040379079e+00 8.714624023437500000e+02
5.699927957136875278e+00 8.710321044921875000e+02
5.703362683233373254e+00 8.688197631835937500e+02
5.706797409329870341e+00 8.635946044921875000e+02
5.710232135426366540e+00 8.568159179687500000e+02
5.713666861522864515e+00 8.505708007812500000e+02
5.717101587619361602e+00 8.508111572265625000e+02
5.720536313715857801e+00 8.511886596679687500e+02
5.723971039812355777e+00 8.578189086914062500e+02
5.727405765908852864e+00 8.538621826171875000e+02
5.730840492005349063e+00 8.554375610351562500e+02
5.734275218101847038e+00 8.589718627929687500e+02
5.737709944198343237e+00 8.578112792968750000e+02
5.741144670294840324e+00 8.541658325195312500e+02
5.744579396391338300e+00 8.526105346679687500e+02
5.748014122487834499e+00 8.472569580078125000e+02
5.751448848584331586e+00 8.447507324218750000e+02
5.754883574680829561e+00 8.448024902343750000e+02
5.758318300777325760e+00 8.447335815429687500e+02
5.761753026873822847e+00 8.460936889648437500e+02
5.765187752970319934e+00 8.446749877929687500e+02
5.768622479066817021e+00 8.481137695312500000e+02
5.772057205163314109e+00 8.498883666992187500e+02
5.775491931259811196e+00 8.527503662109375000e+02
5.778926657356308283e+00 8.530052490234375000e+02
5.782361383452805370e+00 8.538944702148437500e+02
5.785796109549302457e+00 8.540551757812500000e+02
5.789230835645799544e+00 8.532751464843750000e+02
5.792665561742296632e+00 8.489123535156250000e+02
5.796100287838793719e+00 8.441295776367187500e+02
5.799535013935290806e+00 8.481452636718750000e+02
5.802969740031787893e+00 8.562968139648437500e+02
5.806404466128284980e+00 8.677070312500000000e+02
5.809839192224782067e+00 8.751288452148437500e+02
5.813273918321279154e+00 8.861923828125000000e+02
5.816708644417776242e+00 8.970242309570312500e+02
5.820143370514273329e+00 9.215451660156250000e+02
5.823578096610770416e+00 9.742722167968750000e+02
5.827012822707266615e+00 1.097261840820312500e+03
5.830447548803764590e+00 1.343247314453125000e+03
5.833882274900261677e+00 1.811454101562500000e+03
5.837317000996757876e+00 2.402339599609375000e+03
5.840751727093255852e+00 2.869371826171875000e+03
5.844186453189752939e+00 2.834015136718750000e+03
5.847621179286249138e+00 2.300265869140625000e+03
5.851055905382746225e+00 1.652553833007812500e+03
5.854490631479244200e+00 1.232497070312500000e+03
5.857925357575740399e+00 1.035909790039062500e+03
5.861360083672237486e+00 9.434114379882812500e+02
5.864794809768735462e+00 9.090012817382812500e+02
5.868229535865231661e+00 8.862636718750000000e+02
5.871664261961728748e+00 8.734826049804687500e+02
5.875098988058226723e+00 8.664364624023437500e+02
5.878533714154722922e+00 8.605384521484375000e+02
5.881968440251220009e+00 8.561973876953125000e+02
5.885403166347717985e+00 8.577667236328125000e+02
5.888837892444214184e+00 8.685808105468750000e+02
5.892272618540711271e+00 8.670568237304687500e+02
5.895707344637208358e+00 8.562748413085937500e+02
5.899142070733705445e+00 8.492424316406250000e+02
5.902576796830202532e+00 8.452945556640625000e+02
5.906011522926699620e+00 8.522330932617187500e+02
5.909446249023196707e+00 8.506077270507812500e+02
5.912880975119693794e+00 8.483515625000000000e+02
5.916315701216190881e+00 8.436699829101562500e+02
5.919750427312687968e+00 8.465281982421875000e+02
5.923185153409185055e+00 8.482527465820312500e+02
5.926619879505682142e+00 8.426459350585937500e+02
5.930054605602179230e+00 8.427744140625000000e+02
5.933489331698676317e+00 8.428838500976562500e+02
5.936924057795173404e+00 8.393435058593750000e+02
5.940358783891670491e+00 8.341091308593750000e+02
5.943793509988167578e+00 8.337814941406250000e+02
5.947228236084663777e+00 8.297092285156250000e+02
5.950662962181161753e+00 8.328098144531250000e+02
5.954097688277658840e+00 8.383125610351562500e+02
5.957532414374155039e+00 8.429825439453125000e+02
5.960967140470653014e+00 8.444726562500000000e+02
5.964401866567150101e+00 8.434778442382812500e+02
5.967836592663646300e+00 8.426902465820312500e+02
5.971271318760144275e+00 8.371311035156250000e+02
5.974706044856641363e+00 8.395784912109375000e+02
5.978140770953137562e+00 8.418209838867187500e+02
5.981575497049635537e+00 8.466604614257812500e+02
5.985010223146131736e+00 8.577651367187500000e+02
5.988444949242628823e+00 8.620574340820312500e+02
5.991879675339126798e+00 8.698872070312500000e+02
5.995314401435622997e+00 8.742330932617187500e+02
5.998749127532120085e+00 8.800841064453125000e+02
6.002183853628618060e+00 8.779733276367187500e+02
6.005618579725114259e+00 8.736560058593750000e+02
6.009053305821611346e+00 8.747244262695312500e+02
6.012488031918109321e+00 8.804960327148437500e+02
6.015922758014605520e+00 8.931109008789062500e+02
6.019357484111102607e+00 8.967146606445312500e+02
6.022792210207600583e+00 9.023110351562500000e+02
6.026226936304096782e+00 8.993535766601562500e+02
6.029661662400593869e+00 9.059788818359375000e+02
6.033096388497090956e+00 9.092440185546875000e+02
6.036531114593588043e+00 9.102674560546875000e+02
6.039965840690085130e+00 9.159513549804687500e+02
6.043400566786582218e+00 9.259577636718750000e+02
6.046835292883079305e+00 9.435772705078125000e+02
6.050270018979576392e+00 9.769718627929687500e+02
6.053704745076073479e+00 1.025524780273437500e+03
6.057139471172570566e+00 1.111592651367187500e+03
6.060574197269067653e+00 1.296145019531250000e+03
6.064008923365564740e+00 1.671886962890625000e+03
6.067443649462061828e+00 2.468146484375000000e+03
6.070878375558558915e+00 4.185568847656250000e+03
6.074313101655055114e+00 6.499584960937500000e+03
6.077747827751553089e+00 8.844833984375000000e+03
6.081182553848050176e+00 9.882394531250000000e+03
6.084617279944546375e+00 8.408925781250000000e+03
6.088052006041044351e+00 5.681544921875000000e+03
6.091486732137541438e+00 3.363504638671875000e+03
6.094921458234037637e+00 2.073764404296875000e+03
6.098356184330535612e+00 1.463447387695312500e+03
6.101790910427032699e+00 1.202701171875000000e+03
6.105225636523528898e+00 1.074796508789062500e+03
6.108660362620026874e+00 1.008695190429687500e+03
6.112095088716523961e+00 9.734421997070312500e+02
6.115529814813020160e+00 9.503364868164062500e+02
6.118964540909517247e+00 9.388475952148437500e+02
6.122399267006015222e+00 9.224794311523437500e+02
6.125833993102511421e+00 9.114735717773437500e+02
6.129268719199008508e+00 9.165997314453125000e+02
6.132703445295506484e+00 9.132495117187500000e+02
6.136138171392002683e+00 9.067385864257812500e+02
6.139572897488499770e+00 8.979080810546875000e+02
6.143007623584996857e+00 8.946461181640625000e+02
6.146442349681493944e+00 8.880746459960937500e+02
6.149877075777991031e+00 8.834481811523437500e+02
6.153311801874488118e+00 8.772263183593750000e+02
6.156746527970985206e+00 8.752775878906250000e+02
6.160181254067482293e+00 8.736371459960937500e+02
6.163615980163979380e+00 8.730669555664062500e+02
6.167050706260476467e+00 8.771277465820312500e+02
6.170485432356973554e+00 8.778583374023437500e+02
6.173920158453470641e+00 8.764077758789062500e+02
6.177354884549967728e+00 8.739967651367187500e+02
6.180789610646464816e+00 8.798700561523437500e+02
6.184224336742961903e+00 8.843698730468750000e+02
6.187659062839458990e+00 8.788234252929687500e+02
6.191093788935956077e+00 8.666739501953125000e+02
6.194528515032453164e+00 8.653262939453125000e+02
6.197963241128950251e+00 8.707780761718750000e+02
6.201397967225447339e+00 8.731101684570312500e+02
6.204832693321943538e+00 8.735704345703125000e+02
6.208267419418441513e+00 8.761227416992187500e+02
6.211702145514938600e+00 8.774668579101562500e+02
6.215136871611434799e+00 8.779811401367187500e+02
6.218571597707932774e+00 8.829303588867187500e+02
6.222006323804429861e+00 8.939363403320312500e+02
6.225441049900926060e+00 9.024121704101562500e+02
6.228875775997424036e+00 9.076374511718750000e+02
6.232310502093920235e+00 9.072267456054687500e+02
6.235745228190417322e+00 9.039188842773437500e+02
6.239179954286915297e+00 9.117795410156250000e+02
6.242614680383411496e+00 9.244623413085937500e+02
6.246049406479908583e+00 9.339638671875000000e+02
6.249484132576406559e+00 9.441117553710937500e+02
6.252918858672902758e+00 9.543228149414062500e+02
6.256353584769399845e+00 9.681982421875000000e+02
6.259788310865897820e+00 9.740678100585937500e+02
6.263223036962394019e+00 9.869334716796875000e+02
6.266657763058891106e+00 9.976947021484375000e+02
6.270092489155389082e+00 1.018800231933593750e+03
6.273527215251885281e+00 1.056506225585937500e+03
6.276961941348382368e+00 1.106748535156250000e+03
6.280396667444880343e+00 1.172679565429687500e+03
6.283831393541376542e+00 1.274322021484375000e+03
6.287266119637873629e+00 1.459627197265625000e+03
6.290700845734370716e+00 1.874761352539062500e+03
6.294135571830867804e+00 2.670795166015625000e+03
6.297570297927364891e+00 4.586695312500000000e+03
6.301005024023861978e+00 8.144372070312500000e+03
6.304439750120359065e+00 1.316952734375000000e+04
6.307874476216856152e+00 1.862696484375000000e+04
6.311309202313353239e+00 2.073069531250000000e+04
6.314743928409850326e+00 1.735266015625000000e+04
6.318178654506347414e+00 1.164915527343750000e+04
6.321613380602843613e+00 6.624632812500000000e+03
6.325048106699341588e+00 3.631389892578125000e+03
6.328482832795838675e+00 2.246522216796875000e+03
6.331917558892334874e+00 1.636357055664062500e+03
6.335352284988832849e+00 1.358545410156250000e+03
6.338787011085329937e+00 1.220902709960937500e+03
6.342221737181826136e+00 1.137735229492187500e+03
6.345656463278324111e+00 1.087015258789062500e+03
6.349091189374821198e+00 1.047350830078125000e+03
6.352525915471317397e+00 1.022712158203125000e+03
6.355960641567815372e+00 1.006741821289062500e+03
6.359395367664312460e+00 9.910029907226562500e+02
6.362830093760808658e+00 9.701557617187500000e+02
6.366264819857306634e+00 9.585634765625000000e+02
6.369699545953803721e+00 9.478175048828125000e+02
6.373134272050299920e+00 9.348664550781250000e+02
6.376568998146797007e+00 9.213760986328125000e+02
6.380003724243294982e+00 9.192350463867187500e+02
6.383438450339791181e+00 9.112772827148437500e+02
6.386873176436288269e+00 8.972893066406250000e+02
6.390307902532785356e+00 8.876608276367187500e+02
6.393742628629282443e+00 8.876576538085937500e+02
6.397177354725779530e+00 8.863511962890625000e+02
6.400612080822276617e+00 8.831276855468750000e+02
6.404046806918773704e+00 8.787844848632812500e+02
6.407481533015270792e+00 8.738855590820312500e+02
6.410916259111767879e+00 8.662280273437500000e+02
6.414350985208264966e+00 8.620396118164062500e+02
6.417785711304762053e+00 8.560025024414062500e+02
6.421220437401259140e+00 8.579107666015625000e+02
6.424655163497756227e+00 8.476335449218750000e+02
6.428089889594253314e+00 8.436217651367187500e+02
6.431524615690750402e+00 8.356602172851562500e+02
6.434959341787247489e+00 8.410590209960937500e+02
6.438394067883744576e+00 8.495162353515625000e+02
6.441828793980241663e+00 8.471707153320312500e+02
6.445263520076738750e+00 8.471039428710937500e+02
6.448698246173235837e+00 8.421206665039062500e+02
6.452132972269732925e+00 8.432551269531250000e+02
6.455567698366230012e+00 8.357032470703125000e+02
6.459002424462727099e+00 8.363339233398437500e+02
6.462437150559224186e+00 8.337908325195312500e+02
6.465871876655721273e+00 8.335700683593750000e+02
6.469306602752218360e+00 8.394577636718750000e+02
6.472741328848714559e+00 8.369945068359375000e+02
6.476176054945212535e+00 8.326861572265625000e+02
6.479610781041708734e+00 8.307144165039062500e+02
6.483045507138205821e+00 8.399959716796875000e+02
6.486480233234703796e+00 8.437366333007812500e+02
6.489914959331199995e+00 8.378490600585937500e+02
6.493349685427697082e+00 8.323768920898437500e+02
6.496784411524195058e+00 8.243923950195312500e+02
6.500219137620691257e+00 8.231737060546875000e+02
6.503653863717188344e+00 8.231863403320312500e+02
6.507088589813686319e+00 8.280126342773437500e+02
6.510523315910182518e+00 8.347141723632812500e+02
6.513958042006679605e+00 8.371800537109375000e+02
6.517392768103177580e+00 8.300863037109375000e+02
6.520827494199673779e+00 8.181990966796875000e+02
6.524262220296170867e+00 8.119803466796875000e+02
6.527696946392668842e+00 8.103076782226562500e+02
6.531131672489165041e+00 8.115867919921875000e+02
6.534566398585662128e+00 8.104183349609375000e+02
6.538001124682159215e+00 8.097181396484375000e+02
6.541435850778656302e+00 8.036669311523437500e+02
6.544870576875153390e+00 8.073167724609375000e+02
6.548305302971650477e+00 8.152345581054687500e+02
6.551740029068147564e+00 8.077208251953125000e+02
6.555174755164644651e+00 8.078067016601562500e+02
6.558609481261141738e+00 8.159396972656250000e+02
6.562044207357638825e+00 8.263651123046875000e+02
6.565478933454135912e+00 8.225751953125000000e+02
6.568913659550632111e+00 8.148137817382812500e+02
6.572348385647130087e+00 8.093408203125000000e+02
6.575783111743627174e+00 8.056423339843750000e+02
6.579217837840123373e+00 8.036627197265625000e+02
6.582652563936621348e+00 8.038754882812500000e+02
6.586087290033118435e+00 8.057430419921875000e+02
6.589522016129614634e+00 8.142687377929687500e+02
6.592956742226112610e+00 8.176726074218750000e+02
6.596391468322609697e+00 8.174076538085937500e+02
6.599826194419105896e+00 8.224890136718750000e+02
6.603260920515603871e+00 8.186790771484375000e+02
6.606695646612100958e+00 8.163519897460937500e+02
6.610130372708597157e+00 8.155922851562500000e+02
6.613565098805095133e+00 8.180950317382812500e+02
6.616999824901592220e+00 8.164754028320312500e+02
6.620434550998088419e+00 8.113908691406250000e+02
6.623869277094586394e+00 8.098064575195312500e+02
6.627304003191082593e+00 8.114498901367187500e+02
6.630738729287579680e+00 8.125048217773437500e+02
6.634173455384077656e+00 8.101056518554687500e+02
6.637608181480573855e+00 8.066876220703125000e+02
6.641042907577070942e+00 8.074313964843750000e+02
6.644477633673568029e+00 8.094721069335937500e+02
6.647912359770065116e+00 8.136281127929687500e+02
6.651347085866562203e+00 8.082616577148437500e+02
6.654781811963059290e+00 8.069291381835937500e+02
6.658216538059556378e+00 8.085141601562500000e+02
6.661651264156053465e+00 8.130805664062500000e+02
6.665085990252550552e+00 8.113299560546875000e+02
6.668520716349047639e+00 8.114689331054687500e+02
6.671955442445544726e+00 8.154063720703125000e+02
6.675390168542041813e+00 8.186064453125000000e+02
6.678824894638538900e+00 8.194132690429687500e+02
6.682259620735035988e+00 8.285816040039062500e+02
6.685694346831533075e+00 8.311283569335937500e+02
6.689129072928030162e+00 8.267153930664062500e+02
6.692563799024527249e+00 8.274693603515625000e+02
6.695998525121024336e+00 8.323209228515625000e+02
6.699433251217521423e+00 8.265747680664062500e+02
6.702867977314018511e+00 8.235258789062500000e+02
6.706302703410515598e+00 8.275603027343750000e+02
6.709737429507012685e+00 8.390575561523437500e+02
6.713172155603509772e+00 8.446183471679687500e+02
6.716606881700005971e+00 8.592565917968750000e+02
6.720041607796503946e+00 8.651752929687500000e+02
6.723476333893001033e+00 8.876591796875000000e+02
6.726911059989497232e+00 9.353168334960937500e+02
6.730345786085994320e+00 1.051838623046875000e+03
6.733780512182492295e+00 1.305630737304687500e+03
6.737215238278988494e+00 1.778812744140625000e+03
6.740649964375485581e+00 2.503988769531250000e+03
6.744084690471983556e+00 3.261273925781250000e+03
6.747519416568479755e+00 3.437490722656250000e+03
6.750954142664976843e+00 2.981559326171875000e+03
6.754388868761474818e+00 2.293060791015625000e+03
6.757823594857971017e+00 1.623018554687500000e+03
6.761258320954468104e+00 1.196337768554687500e+03
6.764693047050966079e+00 1.009882446289062500e+03
6.768127773147462278e+00 9.304619750976562500e+02
6.771562499243959365e+00 8.891524658203125000e+02
6.774997225340457341e+00 8.687965698242187500e+02
6.778431951436953540e+00 8.518186035156250000e+02
6.781866677533450627e+00 8.441967773437500000e+02
6.785301403629947714e+00 8.399140014648437500e+02
6.788736129726444801e+00 8.354221801757812500e+02
6.792170855822941888e+00 8.325463867187500000e+02
6.795605581919438976e+00 8.339428100585937500e+02
6.799040308015936063e+00 8.315173339843750000e+02
6.802475034112433150e+00 8.312343750000000000e+02
6.805909760208930237e+00 8.313507690429687500e+02
6.809344486305427324e+00 8.346336669921875000e+02
6.812779212401924411e+00 8.372274780273437500e+02
6.816213938498421498e+00 8.392836914062500000e+02
6.819648664594918586e+00 8.421236572265625000e+02
6.823083390691415673e+00 8.401625366210937500e+02
6.826518116787911872e+00 8.385527954101562500e+02
6.829952842884409847e+00 8.415413818359375000e+02
6.833387568980906934e+00 8.446549682617187500e+02
6.836822295077403133e+00 8.433533325195312500e+02
6.840257021173901109e+00 8.444681396484375000e+02
6.843691747270398196e+00 8.461074218750000000e+02
6.847126473366894395e+00 8.512626953125000000e+02
6.850561199463392370e+00 8.497539672851562500e+02
6.853995925559889457e+00 8.490990600585937500e+02
6.857430651656385656e+00 8.469663085937500000e+02
6.860865377752883632e+00 8.541928710937500000e+02
6.864300103849380719e+00 8.508109741210937500e+02
6.867734829945876918e+00 8.516544189453125000e+02
6.871169556042374893e+00 8.474888305664062500e+02
6.874604282138871092e+00 8.527194824218750000e+02
6.878039008235368179e+00 8.603828125000000000e+02
6.881473734331866154e+00 8.718121948242187500e+02
6.884908460428362353e+00 8.723594360351562500e+02
6.888343186524859441e+00 8.772800903320312500e+02
6.891777912621357416e+00 8.818745117187500000e+02
6.895212638717853615e+00 8.793745727539062500e+02
6.898647364814350702e+00 8.782683715820312500e+02
6.902082090910848677e+00 8.921522827148437500e+02
6.905516817007344876e+00 9.079735107421875000e+02
6.908951543103841964e+00 9.163906860351562500e+02
6.912386269200339051e+00 9.286272583007812500e+02
6.915820995296836138e+00 9.529877319335937500e+02
6.919255721393333225e+00 9.866976318359375000e+02
6.922690447489830312e+00 1.018788146972656250e+03
6.926125173586327399e+00 1.071099243164062500e+03
6.929559899682824486e+00 1.158525390625000000e+03
6.932994625779321574e+00 1.312671508789062500e+03
6.936429351875818661e+00 1.626613281250000000e+03
6.939864077972315748e+00 2.307696777343750000e+03
6.943298804068812835e+00 3.840852539062500000e+03
6.946733530165309922e+00 6.343774902343750000e+03
6.950168256261807009e+00 9.938034179687500000e+03
6.953602982358304097e+00 1.277516992187500000e+04
6.957037708454801184e+00 1.315757812500000000e+04
6.960472434551298271e+00 1.048307910156250000e+04
6.963907160647794470e+00 6.722557128906250000e+03
6.967341886744292445e+00 3.845109375000000000e+03
6.970776612840789532e+00 2.301584472656250000e+03
6.974211338937285731e+00 1.619169799804687500e+03
6.977646065033783707e+00 1.311417846679687500e+03
6.981080791130280794e+00 1.164515747070312500e+03
6.984515517226776993e+00 1.081339355468750000e+03
6.987950243323274968e+00 1.027687011718750000e+03
6.991384969419772055e+00 9.931923828125000000e+02
6.994819695516268254e+00 9.660221557617187500e+02
6.998254421612765341e+00 9.473889770507812500e+02
7.001689147709263317e+00 9.294757690429687500e+02
7.005123873805759516e+00 9.216858520507812500e+02
7.008558599902256603e+00 9.115070800781250000e+02
7.011993325998754578e+00 9.053283081054687500e+02
7.015428052095250777e+00 8.977749633789062500e+02
7.018862778191747864e+00 8.971207885742187500e+02
7.022297504288245840e+00 8.957718505859375000e+02
7.025732230384742039e+00 8.913941650390625000e+02
7.029166956481239126e+00 8.831286621093750000e+02
7.032601682577736213e+00 8.753443603515625000e+02
7.036036408674233300e+00 8.683159179687500000e+02
7.039471134770730387e+00 8.646129760742187500e+02
7.042905860867227474e+00 8.655135498046875000e+02
7.046340586963724562e+00 8.677999877929687500e+02
7.049775313060221649e+00 8.631661376953125000e+02
7.053210039156718736e+00 8.563727416992187500e+02
7.056644765253215823e+00 8.571433715820312500e+02
7.060079491349712910e+00 8.599534912109375000e+02
7.063514217446209997e+00 8.606397094726562500e+02
7.066948943542707084e+00 8.668967895507812500e+02
7.070383669639204172e+00 8.652142333984375000e+02
7.073818395735701259e+00 8.601851806640625000e+02
7.077253121832198346e+00 8.602642822265625000e+02
7.080687847928695433e+00 8.666752319335937500e+02
7.084122574025191632e+00 8.680266113281250000e+02
7.087557300121689607e+00 8.719694824218750000e+02
7.090992026218186695e+00 8.788459472656250000e+02
7.094426752314682894e+00 8.828677978515625000e+02
7.097861478411180869e+00 8.800383300781250000e+02
7.101296204507677956e+00 8.734426879882812500e+02
7.104730930604174155e+00 8.735307006835937500e+02
7.108165656700672130e+00 8.827631835937500000e+02
7.111600382797169217e+00 8.963569335937500000e+02
7.115035108893665416e+00 9.147238159179687500e+02
7.118469834990163392e+00 9.261269531250000000e+02
7.121904561086659591e+00 9.453621215820312500e+02
7.125339287183156678e+00 9.714108276367187500e+02
7.128774013279654653e+00 1.017245178222656250e+03
7.132208739376150852e+00 1.089340576171875000e+03
7.135643465472647939e+00 1.221589965820312500e+03
7.139078191569145915e+00 1.488622314453125000e+03
7.142512917665642114e+00 2.074291259765625000e+03
7.145947643762139201e+00 3.294735595703125000e+03
7.149382369858637176e+00 5.425884277343750000e+03
7.152817095955133375e+00 8.339977539062500000e+03
7.156251822051630462e+00 1.082988476562500000e+04
7.159686548148128438e+00 1.109401562500000000e+04
7.163121274244624637e+00 8.893014648437500000e+03
7.166556000341121724e+00 5.886749511718750000e+03
7.169990726437618811e+00 3.448326660156250000e+03
7.173425452534115010e+00 2.060963623046875000e+03
7.176860178630613873e+00 1.494191162109375000e+03
7.180294904727110072e+00 1.226351928710937500e+03
7.183729630823607160e+00 1.095466430664062500e+03
7.187164356920104247e+00 1.023441955566406250e+03
7.190599083016601334e+00 9.809039916992187500e+02
7.194033809113097533e+00 9.540836791992187500e+02
7.197468535209596396e+00 9.380419311523437500e+02
7.200903261306092595e+00 9.251649780273437500e+02
7.204337987402589683e+00 9.126801147460937500e+02
7.207772713499086770e+00 8.991200561523437500e+02
7.211207439595582969e+00 8.892551879882812500e+02
7.214642165692080056e+00 8.844423828125000000e+02
7.218076891788577143e+00 8.774848632812500000e+02
7.221511617885075118e+00 8.694424438476562500e+02
7.224946343981572205e+00 8.604517211914062500e+02
7.228381070078069293e+00 8.567637329101562500e+02
7.231815796174565492e+00 8.541898193359375000e+02
7.235250522271062579e+00 8.534411010742187500e+02
7.238685248367559666e+00 8.537644042968750000e+02
7.242119974464057641e+00 8.528052368164062500e+02
7.245554700560554728e+00 8.455863647460937500e+02
7.248989426657051816e+00 8.376669311523437500e+02
7.252424152753548015e+00 8.451370239257812500e+02
7.255858878850045102e+00 8.465684204101562500e+02
7.259293604946542189e+00 8.418840332031250000e+02
7.262728331043040164e+00 8.348206787109375000e+02
7.266163057139537251e+00 8.358779296875000000e+02
7.269597783236033450e+00 8.387888183593750000e+02
7.273032509332530537e+00 8.402131958007812500e+02
7.276467235429027625e+00 8.352210693359375000e+02
7.279901961525524712e+00 8.361173706054687500e+02
7.283336687622022687e+00 8.299421997070312500e+02
7.286771413718519774e+00 8.250588989257812500e+02
7.290206139815015973e+00 8.295737915039062500e+02
7.293640865911513060e+00 8.369162597656250000e+02
7.297075592008010148e+00 8.389209594726562500e+02
7.300510318104506347e+00 8.435018920898437500e+02
7.303945044201003434e+00 8.456374511718750000e+02
7.307379770297502297e+00 8.444129028320312500e+02
7.310814496393998496e+00 8.368380737304687500e+02
7.314249222490495583e+00 8.385707397460937500e+02
7.317683948586992670e+00 8.536054687500000000e+02
7.321118674683488869e+00 8.723809204101562500e+02
7.324553400779985957e+00 8.871791381835937500e+02
7.327988126876484820e+00 9.096377563476562500e+02
7.331422852972981019e+00 9.570688476562500000e+02
7.334857579069478106e+00 1.062995361328125000e+03
7.338292305165975193e+00 1.276364624023437500e+03
7.341727031262471392e+00 1.717303955078125000e+03
7.345161757358968480e+00 2.492452392578125000e+03
7.348596483455466455e+00 3.366816650390625000e+03
7.352031209551963542e+00 4.194980957031250000e+03
7.355465935648460629e+00 4.411507324218750000e+03
7.358900661744956828e+00 3.820927001953125000e+03
7.362335387841453915e+00 2.748366210937500000e+03
7.365770113937951002e+00 1.871408081054687500e+03
7.369204840034448978e+00 1.326912231445312500e+03
7.372639566130946065e+00 1.076408569335937500e+03
7.376074292227443152e+00 9.609508666992187500e+02
7.379509018323939351e+00 9.002981567382812500e+02
7.382943744420436438e+00 8.719219360351562500e+02
7.386378470516933525e+00 8.541945190429687500e+02
7.389813196613429724e+00 8.414057617187500000e+02
7.393247922709928588e+00 8.364595336914062500e+02
7.396682648806425675e+00 8.291229858398437500e+02
7.400117374902921874e+00 8.231460571289062500e+02
7.403552100999418961e+00 8.122379150390625000e+02
7.406986827095916048e+00 7.991797485351562500e+02
7.410421553192412247e+00 7.932226562500000000e+02
7.413856279288911111e+00 7.884163818359375000e+02
7.417291005385408198e+00 7.792531127929687500e+02
7.420725731481904397e+00 7.720347290039062500e+02
7.424160457578401484e+00 7.677869873046875000e+02
7.427595183674898571e+00 7.735543212890625000e+02
7.431029909771394770e+00 7.721813964843750000e+02
7.434464635867893634e+00 7.663818969726562500e+02
7.437899361964389833e+00 7.576119995117187500e+02
7.441334088060886920e+00 7.595963745117187500e+02
7.444768814157384007e+00 7.592664794921875000e+02
7.448203540253880206e+00 7.579813842773437500e+02
7.451638266350377293e+00 7.570846557617187500e+02
7.455072992446876157e+00 7.618392333984375000e+02
7.458507718543372356e+00 7.641434936523437500e+02
7.461942444639869443e+00 7.581996459960937500e+02
7.465377170736366530e+00 7.524253540039062500e+02
7.468811896832862729e+00 7.549323120117187500e+02
7.472246622929359816e+00 7.634470825195312500e+02
7.475681349025856903e+00 7.659071655273437500e+02
7.479116075122354879e+00 7.661466674804687500e+02
7.482550801218851966e+00 7.715404052734375000e+02
7.485985527315349053e+00 7.749520263671875000e+02
7.489420253411845252e+00 7.699342651367187500e+02
7.492854979508342339e+00 7.683364868164062500e+02
7.496289705604839426e+00 7.725784912109375000e+02
7.499724431701337402e+00 7.817484741210937500e+02
7.503159157797834489e+00 7.870204467773437500e+02
7.506593883894331576e+00 7.904506225585937500e+02
7.510028609990827775e+00 7.962786254882812500e+02
7.513463336087324862e+00 8.114472656250000000e+02
7.516898062183821949e+00 8.281696166992187500e+02
7.520332788280319924e+00 8.624406738281250000e+02
7.523767514376817012e+00 9.183613281250000000e+02
7.527202240473313211e+00 1.027628784179687500e+03
7.530636966569810298e+00 1.273220092773437500e+03
7.534071692666307385e+00 1.740874877929687500e+03
7.537506418762803584e+00 2.675051025390625000e+03
7.540941144859302447e+00 3.879291503906250000e+03
7.544375870955799535e+00 4.891066894531250000e+03
7.547810597052295734e+00 5.051209472656250000e+03
7.551245323148792821e+00 4.212583496093750000e+03
7.554680049245289908e+00 2.840351806640625000e+03
7.558114775341786107e+00 1.788942993164062500e+03
7.561549501438284970e+00 1.267882080078125000e+03
7.564984227534782057e+00 1.035022460937500000e+03
7.568418953631278256e+00 9.136461181640625000e+02
7.571853679727775344e+00 8.496717529296875000e+02
7.575288405824272431e+00 8.218638305664062500e+02
7.578723131920768630e+00 8.009265747070312500e+02
7.582157858017265717e+00 7.880428466796875000e+02
7.585592584113763692e+00 7.792536010742187500e+02
7.589027310210260779e+00 7.756856079101562500e+02
7.592462036306757867e+00 7.614685058593750000e+02
7.595896762403254954e+00 7.415350952148437500e+02
7.599331488499751153e+00 7.245769653320312500e+02
7.602766214596248240e+00 7.177106933593750000e+02
7.606200940692746215e+00 7.238183593750000000e+02
7.609635666789243302e+00 7.357005004882812500e+02
7.613070392885740389e+00 7.415834350585937500e+02
7.616505118982236588e+00 7.415101318359375000e+02
7.619939845078733676e+00 7.361393432617187500e+02
7.623374571175230763e+00 7.324927978515625000e+02
7.626809297271728738e+00 7.294799194335937500e+02
7.630244023368225825e+00 7.274367675781250000e+02
7.633678749464722912e+00 7.207634887695312500e+02
7.637113475561219111e+00 7.124880371093750000e+02
7.640548201657716199e+00 7.160689086914062500e+02
7.643982927754213286e+00 7.223608398437500000e+02
7.647417653850711261e+00 7.288560791015625000e+02
7.650852379947208348e+00 7.230119628906250000e+02
7.654287106043705435e+00 7.193713378906250000e+02
7.657721832140201634e+00 7.093724365234375000e+02
7.661156558236698721e+00 7.070762939453125000e+02
7.664591284333195809e+00 7.061384887695312500e+02
7.668026010429692008e+00 7.105543212890625000e+02
7.671460736526190871e+00 7.063029785156250000e+02
7.674895462622687070e+00 7.101447143554687500e+02
7.678330188719184157e+00 7.195199584960937500e+02
7.681764914815681244e+00 7.131118774414062500e+02
7.685199640912178332e+00 7.077479858398437500e+02
7.688634367008674531e+00 6.964185791015625000e+02
7.692069093105173394e+00 7.170910644531250000e+02
7.695503819201669593e+00 7.395856323242187500e+02
7.698938545298166680e+00 7.661651000976562500e+02
7.702373271394663767e+00 7.780098876953125000e+02
7.705807997491159966e+00 7.942675170898437500e+02
7.709242723587657053e+00 8.544424438476562500e+02
7.712677449684155917e+00 9.571625976562500000e+02
7.716112175780652116e+00 1.232421264648437500e+03
7.719546901877149203e+00 1.578621215820312500e+03
7.722981627973646290e+00 2.369750732421875000e+03
7.726416354070142489e+00 3.450651855468750000e+03
7.729851080166639576e+00 4.965194824218750000e+03
7.733285806263138440e+00 6.729011230468750000e+03
7.736720532359634639e+00 7.039642089843750000e+03
7.740155258456131726e+00 5.585265136718750000e+03
7.743589984552628813e+00 3.356541259765625000e+03
7.747024710649125012e+00 2.256520019531250000e+03
7.750459436745622099e+00 1.514003906250000000e+03
7.753894162842119187e+00 1.241460327148437500e+03
7.757328888938617162e+00 1.069741699218750000e+03
7.760763615035114249e+00 9.455590209960937500e+02
7.764198341131610448e+00 8.328329467773437500e+02
7.767633067228107535e+00 7.548460693359375000e+02
7.771067793324604622e+00 7.087827758789062500e+02
7.774502519421101709e+00 7.101682128906250000e+02
7.777937245517599685e+00 7.177045288085937500e+02
7.781371971614096772e+00 6.670040893554687500e+02
7.784806697710592971e+00 6.219602661132812500e+02
7.788241423807090058e+00 0.000000000000000000e+00
7.791676149903587145e+00 0.000000000000000000e+00
7.795110876000083344e+00 0.000000000000000000e+00
7.798545602096582208e+00 0.000000000000000000e+00
7.801980328193079295e+00 0.000000000000000000e+00
7.805415054289575494e+00 0.000000000000000000e+00
7.808849780386072581e+00 0.000000000000000000e+00
7.812284506482569668e+00 0.000000000000000000e+00
7.815719232579065867e+00 0.000000000000000000e+00
7.819153958675564731e+00 0.000000000000000000e+00
7.822588684772061818e+00 0.000000000000000000e+00
7.826023410868558017e+00 0.000000000000000000e+00
7.829458136965055104e+00 0.000000000000000000e+00
7.832892863061552191e+00 0.000000000000000000e+00
7.836327589158048390e+00 0.000000000000000000e+00
7.839762315254545477e+00 0.000000000000000000e+00
7.843197041351043453e+00 0.000000000000000000e+00
7.846631767447540540e+00 0.000000000000000000e+00
7.850066493544037627e+00 0.000000000000000000e+00
7.853501219640533826e+00 0.000000000000000000e+00
7.856935945737030913e+00 0.000000000000000000e+00
7.860370671833528000e+00 0.000000000000000000e+00
7.863805397930025975e+00 0.000000000000000000e+00
7.867240124026523063e+00 0.000000000000000000e+00
7.870674850123020150e+00 0.000000000000000000e+00
7.874109576219516349e+00 0.000000000000000000e+00
7.877544302316013436e+00 0.000000000000000000e+00
7.880979028412510523e+00 0.000000000000000000e+00
7.884413754509008498e+00 0.000000000000000000e+00
7.887848480605505586e+00 0.000000000000000000e+00
7.891283206702002673e+00 0.000000000000000000e+00
7.894717932798498872e+00 0.000000000000000000e+00
7.898152658894995959e+00 0.000000000000000000e+00
7.901587384991493046e+00 0.000000000000000000e+00
7.905022111087991021e+00 0.000000000000000000e+00
7.908456837184488109e+00 0.000000000000000000e+00
7.911891563280985196e+00 0.000000000000000000e+00
7.915326289377481395e+00 0.000000000000000000e+00
7.918761015473978482e+00 0.000000000000000000e+00
7.922195741570475569e+00 0.000000000000000000e+00
7.925630467666971768e+00 0.000000000000000000e+00
7.929065193763470631e+00 0.000000000000000000e+00
7.932499919859966830e+00 0.000000000000000000e+00
7.935934645956463918e+00 0.000000000000000000e+00
7.939369372052961005e+00 0.000000000000000000e+00
7.942804098149457204e+00 0.000000000000000000e+00
7.946238824245954291e+00 0.000000000000000000e+00
7.949673550342453154e+00 0.000000000000000000e+00
7.953108276438949353e+00 0.000000000000000000e+00
7.956543002535446441e+00 0.000000000000000000e+00
7.959977728631943528e+00 0.000000000000000000e+00
7.963412454728439727e+00 0.000000000000000000e+00
7.966847180824936814e+00 0.000000000000000000e+00
7.970281906921435677e+00 0.000000000000000000e+00
7.973716633017931876e+00 0.000000000000000000e+00
7.977151359114428963e+00 0.000000000000000000e+00
7.980586085210926051e+00 0.000000000000000000e+00
7.984020811307422250e+00 0.000000000000000000e+00
7.987455537403919337e+00 0.000000000000000000e+00
7.990890263500417312e+00 0.000000000000000000e+00
7.994324989596914399e+00 0.000000000000000000e+00
7.997759715693411486e+00 0.000000000000000000e+00
8.001194441789907685e+00 0.000000000000000000e+00
8.004629167886404773e+00 0.000000000000000000e+00
8.008063893982901860e+00 0.000000000000000000e+00
8.011498620079398947e+00 0.000000000000000000e+00
8.014933346175897810e+00 0.000000000000000000e+00
8.018368072272393121e+00 0.000000000000000000e+00
8.021802798368890208e+00 0.000000000000000000e+00
8.025237524465387295e+00 0.000000000000000000e+00
8.028672250561884383e+00 0.000000000000000000e+00
8.032106976658381470e+00 0.000000000000000000e+00
8.035541702754878557e+00 0.000000000000000000e+00
8.038976428851375644e+00 0.000000000000000000e+00
8.042411154947872731e+00 0.000000000000000000e+00
8.045845881044369818e+00 0.000000000000000000e+00
8.049280607140866906e+00 0.000000000000000000e+00
8.052715333237363993e+00 0.000000000000000000e+00
8.056150059333861080e+00 0.000000000000000000e+00
8.059584785430358167e+00 0.000000000000000000e+00
8.063019511526855254e+00 0.000000000000000000e+00
8.066454237623352341e+00 0.000000000000000000e+00
8.069888963719849428e+00 0.000000000000000000e+00
8.073323689816346516e+00 0.000000000000000000e+00
8.076758415912843603e+00 0.000000000000000000e+00
8.080193142009340690e+00 0.000000000000000000e+00
8.083627868105837777e+00 0.000000000000000000e+00
8.087062594202334864e+00 0.000000000000000000e+00
8.090497320298831951e+00 0.000000000000000000e+00
8.093932046395329039e+00 0.000000000000000000e+00
8.097366772491824349e+00 0.000000000000000000e+00
8.100801498588323213e+00 0.000000000000000000e+00
8.104236224684820300e+00 0.000000000000000000e+00
8.107670950781317387e+00 0.000000000000000000e+00
8.111105676877814474e+00 0.000000000000000000e+00
8.114540402974311561e+00 0.000000000000000000e+00
8.117975129070806872e+00 0.000000000000000000e+00
8.121409855167305736e+00 0.000000000000000000e+00
8.124844581263802823e+00 0.000000000000000000e+00
8.128279307360299910e+00 0.000000000000000000e+00
8.131714033456796997e+00 0.000000000000000000e+00
8.135148759553292308e+00 0.000000000000000000e+00
8.138583485649789395e+00 0.000000000000000000e+00
8.142018211746288259e+00 0.000000000000000000e+00
8.145452937842785346e+00 0.000000000000000000e+00
8.148887663939282433e+00 0.000000000000000000e+00
8.152322390035779520e+00 0.000000000000000000e+00
8.155757116132274831e+00 0.000000000000000000e+00
8.159191842228771918e+00 0.000000000000000000e+00
8.162626568325270782e+00 0.000000000000000000e+00
8.166061294421767869e+00 0.000000000000000000e+00
8.169496020518264956e+00 0.000000000000000000e+00
8.172930746614762043e+00 0.000000000000000000e+00
8.176365472711257354e+00 0.000000000000000000e+00
8.179800198807754441e+00 0.000000000000000000e+00
8.183234924904251528e+00 0.000000000000000000e+00
8.186669651000750392e+00 0.000000000000000000e+00
8.190104377097247479e+00 0.000000000000000000e+00
8.193539103193744566e+00 0.000000000000000000e+00
8.196973829290239877e+00 0.000000000000000000e+00
8.200408555386736964e+00 0.000000000000000000e+00
8.203843281483234051e+00 0.000000000000000000e+00
8.207278007579732915e+00 0.000000000000000000e+00
8.210712733676230002e+00 0.000000000000000000e+00
8.214147459772725313e+00 0.000000000000000000e+00
8.217582185869222400e+00 0.000000000000000000e+00
8.221016911965719487e+00 0.000000000000000000e+00
8.224451638062216574e+00 0.000000000000000000e+00
8.227886364158715438e+00 0.000000000000000000e+00
8.231321090255212525e+00 0.000000000000000000e+00
8.234755816351707836e+00 0.000000000000000000e+00
8.238190542448204923e+00 0.000000000000000000e+00
8.241625268544702010e+00 0.000000000000000000e+00
8.245059994641199097e+00 0.000000000000000000e+00
8.248494720737697961e+00 0.000000000000000000e+00
8.251929446834195048e+00 0.000000000000000000e+00
8.255364172930690358e+00 0.000000000000000000e+00
8.258798899027187446e+00 0.000000000000000000e+00
8.262233625123684533e+00 0.000000000000000000e+00
8.265668351220181620e+00 0.000000000000000000e+00
8.269103077316678707e+00 0.000000000000000000e+00
8.272537803413175794e+00 0.000000000000000000e+00
8.275972529509672881e+00 0.000000000000000000e+00
8.279407255606169969e+00 0.000000000000000000e+00
8.282841981702667056e+00 0.000000000000000000e+00
8.286276707799164143e+00 0.000000000000000000e+00
8.289711433895661230e+00 0.000000000000000000e+00
8.293146159992158317e+00 0.000000000000000000e+00
8.296580886088655404e+00 0.000000000000000000e+00
8.300015612185152492e+00 0.000000000000000000e+00
8.303450338281649579e+00 0.000000000000000000e+00
8.306885064378146666e+00 0.000000000000000000e+00
8.310319790474643753e+00 0.000000000000000000e+00
8.313754516571140840e+00 0.000000000000000000e+00
8.317189242667637927e+00 0.000000000000000000e+00
8.320623968764135014e+00 0.000000000000000000e+00
8.324058694860632102e+00 0.000000000000000000e+00
8.327493420957129189e+00 0.000000000000000000e+00
8.330928147053626276e+00 0.000000000000000000e+00
8.334362873150123363e+00 0.000000000000000000e+00
8.337797599246620450e+00 0.000000000000000000e+00
8.341232325343117537e+00 0.000000000000000000e+00
8.344667051439614625e+00 0.000000000000000000e+00
8.348101777536111712e+00 0.000000000000000000e+00
8.351536503632608799e+00 0.000000000000000000e+00
8.354971229729105886e+00 0.000000000000000000e+00
8.358405955825602973e+00 0.000000000000000000e+00
8.361840681922100060e+00 0.000000000000000000e+00
8.365275408018597147e+00 0.000000000000000000e+00
8.368710134115094235e+00 0.000000000000000000e+00
8.372144860211591322e+00 0.000000000000000000e+00
8.375579586308086633e+00 0.000000000000000000e+00
8.379014312404585496e+00 0.000000000000000000e+00
8.382449038501082583e+00 0.000000000000000000e+00
8.385883764597579670e+00 0.000000000000000000e+00
8.389318490694076758e+00 0.000000000000000000e+00
8.392753216790572068e+00 0.000000000000000000e+00
8.396187942887069156e+00 0.000000000000000000e+00
8.399622668983568019e+00 0.000000000000000000e+00
8.403057395080065106e+00 0.000000000000000000e+00
8.406492121176562193e+00 0.000000000000000000e+00
8.409926847273059280e+00 0.000000000000000000e+00
8.413361573369554591e+00 0.000000000000000000e+00
8.416796299466051678e+00 0.000000000000000000e+00
8.420231025562550542e+00 0.000000000000000000e+00
8.423665751659047629e+00 0.000000000000000000e+00
8.427100477755544716e+00 0.000000000000000000e+00
8.430535203852041803e+00 0.000000000000000000e+00
8.433969929948537114e+00 0.000000000000000000e+00
8.437404656045034201e+00 0.000000000000000000e+00
8.440839382141533065e+00 0.000000000000000000e+00
8.444274108238030152e+00 0.000000000000000000e+00
8.447708834334527239e+00 0.000000000000000000e+00
8.451143560431022550e+00 0.000000000000000000e+00
8.454578286527519637e+00 0.000000000000000000e+00
8.458013012624016724e+00 0.000000000000000000e+00
8.461447738720513811e+00 0.000000000000000000e+00
8.464882464817012675e+00 0.000000000000000000e+00
8.468317190913509762e+00 0.000000000000000000e+00
8.471751917010005073e+00 0.000000000000000000e+00
8.475186643106502160e+00 0.000000000000000000e+00
8.478621369202999247e+00 0.000000000000000000e+00
8.482056095299496334e+00 0.000000000000000000e+00
8.485490821395995198e+00 0.000000000000000000e+00
8.488925547492492285e+00 0.000000000000000000e+00
8.492360273588987596e+00 0.000000000000000000e+00
8.495794999685484683e+00 0.000000000000000000e+00
8.499229725781981770e+00 0.000000000000000000e+00
8.502664451878478857e+00 0.000000000000000000e+00
8.506099177974977721e+00 0.000000000000000000e+00
8.509533904071474808e+00 0.000000000000000000e+00
8.512968630167970119e+00 0.000000000000000000e+00
8.516403356264467206e+00 0.000000000000000000e+00
8.519838082360964293e+00 0.000000000000000000e+00
8.523272808457461380e+00 0.000000000000000000e+00
8.526707534553960244e+00 0.000000000000000000e+00
8.530142260650455555e+00 0.000000000000000000e+00
8.533576986746952642e+00 0.000000000000000000e+00
8.537011712843449729e+00 0.000000000000000000e+00
8.540446438939946816e+00 0.000000000000000000e+00
8.543881165036443903e+00 0.000000000000000000e+00
8.547315891132940990e+00 0.000000000000000000e+00
8.550750617229438078e+00 0.000000000000000000e+00
8.554185343325935165e+00 0.000000000000000000e+00
8.557620069422432252e+00 0.000000000000000000e+00
8.561054795518929339e+00 0.000000000000000000e+00
8.564489521615426426e+00 0.000000000000000000e+00
8.567924247711923513e+00 0.000000000000000000e+00
8.571358973808420600e+00 0.000000000000000000e+00
8.574793699904917688e+00 0.000000000000000000e+00
8.578228426001414775e+00 0.000000000000000000e+00
8.581663152097911862e+00 0.000000000000000000e+00
8.585097878194408949e+00 0.000000000000000000e+00
8.588532604290906036e+00 0.000000000000000000e+00
8.591967330387403123e+00 0.000000000000000000e+00
8.595402056483900211e+00 0.000000000000000000e+00
8.598836782580397298e+00 0.000000000000000000e+00
8.602271508676894385e+00 0.000000000000000000e+00
8.605706234773391472e+00 0.000000000000000000e+00
8.609140960869888559e+00 0.000000000000000000e+00
8.612575686966385646e+00 0.000000000000000000e+00
8.616010413062882733e+00 0.000000000000000000e+00
8.619445139159379821e+00 0.000000000000000000e+00
8.622879865255876908e+00 0.000000000000000000e+00
8.626314591352373995e+00 0.000000000000000000e+00
8.629749317448869306e+00 0.000000000000000000e+00
8.633184043545366393e+00 0.000000000000000000e+00
8.636618769641865256e+00 0.000000000000000000e+00
8.640053495738362344e+00 0.000000000000000000e+00
8.643488221834859431e+00 0.000000000000000000e+00
8.646922947931356518e+00 0.000000000000000000e+00
8.650357674027851829e+00 0.000000000000000000e+00
8.653792400124348916e+00 0.000000000000000000e+00
8.657227126220847779e+00 0.000000000000000000e+00
8.660661852317344866e+00 0.000000000000000000e+00
8.664096578413841954e+00 0.000000000000000000e+00
8.667531304510339041e+00 0.000000000000000000e+00
8.670966030606834352e+00 0.000000000000000000e+00
8.674400756703331439e+00 0.000000000000000000e+00
8.677835482799830302e+00 0.000000000000000000e+00
8.681270208896327389e+00 0.000000000000000000e+00
8.684704934992824477e+00 0.000000000000000000e+00
8.688139661089321564e+00 0.000000000000000000e+00
8.691574387185816875e+00 0.000000000000000000e+00
8.695009113282313962e+00 0.000000000000000000e+00
8.698443839378812825e+00 0.000000000000000000e+00
8.701878565475309912e+00 0.000000000000000000e+00
8.705313291571807000e+00 0.000000000000000000e+00
8.708748017668302310e+00 0.000000000000000000e+00
8.712182743764799397e+00 0.000000000000000000e+00
8.715617469861296485e+00 0.000000000000000000e+00
8.719052195957793572e+00 0.000000000000000000e+00
8.722486922054292435e+00 0.000000000000000000e+00
8.725921648150789522e+00 0.000000000000000000e+00
8.729356374247284833e+00 0.000000000000000000e+00
8.732791100343781920e+00 0.000000000000000000e+00
8.736225826440279008e+00 0.000000000000000000e+00
8.739660552536776095e+00 0.000000000000000000e+00
8.743095278633274958e+00 0.000000000000000000e+00
8.746530004729772045e+00 0.000000000000000000e+00
8.749964730826267356e+00 0.000000000000000000e+00
8.753399456922764443e+00 0.000000000000000000e+00
8.756834183019261530e+00 0.000000000000000000e+00
8.760268909115758618e+00 0.000000000000000000e+00
8.763703635212257481e+00 0.000000000000000000e+00
8.767138361308752792e+00 0.000000000000000000e+00
8.770573087405249879e+00 0.000000000000000000e+00
8.774007813501746966e+00 0.000000000000000000e+00
8.777442539598244053e+00 0.000000000000000000e+00
8.780877265694741141e+00 0.000000000000000000e+00
8.784311991791240004e+00 0.000000000000000000e+00
8.787746717887735315e+00 0.000000000000000000e+00
8.791181443984232402e+00 0.000000000000000000e+00
8.794616170080729489e+00 0.000000000000000000e+00
8.798050896177226576e+00 0.000000000000000000e+00
8.801485622273723664e+00 0.000000000000000000e+00
8.804920348370220751e+00 0.000000000000000000e+00
8.808355074466717838e+00 0.000000000000000000e+00
8.811789800563214925e+00 0.000000000000000000e+00
8.815224526659712012e+00 0.000000000000000000e+00
8.818659252756209099e+00 0.000000000000000000e+00
8.822093978852706186e+00 0.000000000000000000e+00
8.825528704949203274e+00 0.000000000000000000e+00
8.828963431045700361e+00 0.000000000000000000e+00
8.832398157142197448e+00 0.000000000000000000e+00
8.835832883238694535e+00 0.000000000000000000e+00
8.839267609335191622e+00 0.000000000000000000e+00
8.842702335431688709e+00 0.000000000000000000e+00
8.846137061528185797e+00 0.000000000000000000e+00
8.849571787624682884e+00 0.000000000000000000e+00
8.853006513721179971e+00 0.000000000000000000e+00
8.856441239817677058e+00 0.000000000000000000e+00
8.859875965914174145e+00 0.000000000000000000e+00
8.863310692010671232e+00 0.000000000000000000e+00
8.866745418107168319e+00 0.000000000000000000e+00
8.870180144203665407e+00 0.000000000000000000e+00
8.873614870300162494e+00 0.000000000000000000e+00
8.877049596396659581e+00 0.000000000000000000e+00
8.880484322493156668e+00 0.000000000000000000e+00
8.883919048589653755e+00 0.000000000000000000e+00
8.887353774686149066e+00 0.000000000000000000e+00
8.890788500782646153e+00 0.000000000000000000e+00
8.894223226879145017e+00 0.000000000000000000e+00
8.897657952975642104e+00 0.000000000000000000e+00
8.901092679072139191e+00 0.000000000000000000e+00
8.904527405168636278e+00 0.000000000000000000e+00
8.907962131265131589e+00 0.000000000000000000e+00
8.911396857361628676e+00 0.000000000000000000e+00
8.914831583458127540e+00 0.000000000000000000e+00
8.918266309554624627e+00 0.000000000000000000e+00
8.921701035651121714e+00 0.000000000000000000e+00
8.925135761747618801e+00 0.000000000000000000e+00
8.928570487844114112e+00 0.000000000000000000e+00
8.932005213940611199e+00 0.000000000000000000e+00
8.935439940037110063e+00 0.000000000000000000e+00
8.938874666133607150e+00 0.000000000000000000e+00
8.942309392230104237e+00 0.000000000000000000e+00
8.945744118326599548e+00 0.000000000000000000e+00
8.949178844423096635e+00 0.000000000000000000e+00
8.952613570519593722e+00 0.000000000000000000e+00
8.956048296616092586e+00 0.000000000000000000e+00
8.959483022712589673e+00 0.000000000000000000e+00
8.962917748809086760e+00 0.000000000000000000e+00
8.966352474905582071e+00 0.000000000000000000e+00
8.969787201002079158e+00 0.000000000000000000e+00
8.973221927098576245e+00 0.000000000000000000e+00
8.976656653195073332e+00 0.000000000000000000e+00
8.980091379291572196e+00 0.000000000000000000e+00
8.983526105388069283e+00 0.000000000000000000e+00
8.986960831484564594e+00 0.000000000000000000e+00
8.990395557581061681e+00 0.000000000000000000e+00
8.993830283677558768e+00 0.000000000000000000e+00
8.997265009774055855e+00 0.000000000000000000e+00
9.000699735870554719e+00 0.000000000000000000e+00
9.004134461967050029e+00 0.000000000000000000e+00
9.007569188063547116e+00 0.000000000000000000e+00
9.011003914160044204e+00 0.000000000000000000e+00
9.014438640256541291e+00 0.000000000000000000e+00
9.017873366353038378e+00 0.000000000000000000e+00
9.021308092449537241e+00 0.000000000000000000e+00
9.024742818546032552e+00 0.000000000000000000e+00
9.028177544642529639e+00 0.000000000000000000e+00
9.031612270739026727e+00 0.000000000000000000e+00
9.035046996835523814e+00 0.000000000000000000e+00
9.038481722932020901e+00 0.000000000000000000e+00
9.041916449028519764e+00 0.000000000000000000e+00
9.045351175125015075e+00 0.000000000000000000e+00
9.048785901221512162e+00 0.000000000000000000e+00
9.052220627318009250e+00 0.000000000000000000e+00
9.055655353414506337e+00 0.000000000000000000e+00
9.059090079511003424e+00 0.000000000000000000e+00
9.062524805607500511e+00 0.000000000000000000e+00
9.065959531703997598e+00 0.000000000000000000e+00
9.069394257800494685e+00 0.000000000000000000e+00
9.072828983896991772e+00 0.000000000000000000e+00
9.076263709993488860e+00 0.000000000000000000e+00
9.079698436089985947e+00 0.000000000000000000e+00
9.083133162186483034e+00 0.000000000000000000e+00
9.086567888282980121e+00 0.000000000000000000e+00
9.090002614379477208e+00 0.000000000000000000e+00
9.093437340475974295e+00 0.000000000000000000e+00
9.096872066572471383e+00 0.000000000000000000e+00
9.100306792668968470e+00 0.000000000000000000e+00
9.103741518765465557e+00 0.000000000000000000e+00
9.107176244861962644e+00 0.000000000000000000e+00
9.110610970958459731e+00 0.000000000000000000e+00
9.114045697054956818e+00 0.000000000000000000e+00
9.117480423151453905e+00 0.000000000000000000e+00
9.120915149247950993e+00 0.000000000000000000e+00
9.124349875344446303e+00 0.000000000000000000e+00
9.127784601440945167e+00 0.000000000000000000e+00
9.131219327537442254e+00 0.000000000000000000e+00
9.134654053633939341e+00 0.000000000000000000e+00
9.138088779730436428e+00 0.000000000000000000e+00
9.141523505826933516e+00 0.000000000000000000e+00
9.144958231923428826e+00 0.000000000000000000e+00
9.148392958019925914e+00 0.000000000000000000e+00
9.151827684116424777e+00 0.000000000000000000e+00
9.155262410212921864e+00 0.000000000000000000e+00
9.158697136309418951e+00 0.000000000000000000e+00
9.162131862405916038e+00 0.000000000000000000e+00
9.165566588502411349e+00 0.000000000000000000e+00
9.169001314598908436e+00 0.000000000000000000e+00
9.172436040695407300e+00 0.000000000000000000e+00
9.175870766791904387e+00 0.000000000000000000e+00
9.179305492888401474e+00 0.000000000000000000e+00
9.182740218984896785e+00 0.000000000000000000e+00
9.186174945081393872e+00 0.000000000000000000e+00
9.189609671177890959e+00 0.000000000000000000e+00
9.193044397274389823e+00 0.000000000000000000e+00
9.196479123370886910e+00 0.000000000000000000e+00
9.199913849467383997e+00 0.000000000000000000e+00
9.203348575563879308e+00 0.000000000000000000e+00
9.206783301660376395e+00 0.000000000000000000e+00
9.210218027756873482e+00 0.000000000000000000e+00
9.213652753853372346e+00 0.000000000000000000e+00
9.217087479949869433e+00 0.000000000000000000e+00
9.220522206046366520e+00 0.000000000000000000e+00
9.223956932142861831e+00 0.000000000000000000e+00
9.227391658239358918e+00 0.000000000000000000e+00
9.230826384335856005e+00 0.000000000000000000e+00
9.234261110432353092e+00 0.000000000000000000e+00
9.237695836528851956e+00 0.000000000000000000e+00
9.241130562625349043e+00 0.000000000000000000e+00
9.244565288721844354e+00 0.000000000000000000e+00
9.248000014818341441e+00 0.000000000000000000e+00
9.251434740914838528e+00 0.000000000000000000e+00
9.254869467011335615e+00 0.000000000000000000e+00
9.258304193107834479e+00 0.000000000000000000e+00
9.261738919204329790e+00 0.000000000000000000e+00
9.265173645300826877e+00 0.000000000000000000e+00
9.268608371397323964e+00 0.000000000000000000e+00
9.272043097493821051e+00 0.000000000000000000e+00
9.275477823590318138e+00 0.000000000000000000e+00
9.278912549686817002e+00 0.000000000000000000e+00
9.282347275783312313e+00 0.000000000000000000e+00
9.285782001879809400e+00 0.000000000000000000e+00
9.289216727976306487e+00 0.000000000000000000e+00
9.292651454072803574e+00 0.000000000000000000e+00
9.296086180169300661e+00 0.000000000000000000e+00
9.299520906265799525e+00 0.000000000000000000e+00
9.302955632362294836e+00 0.000000000000000000e+00
9.306390358458791923e+00 0.000000000000000000e+00
9.309825084555289010e+00 0.000000000000000000e+00
9.313259810651786097e+00 0.000000000000000000e+00
9.316694536748283184e+00 0.000000000000000000e+00
9.320129262844780271e+00 0.000000000000000000e+00
9.323563988941277358e+00 0.000000000000000000e+00
9.326998715037774446e+00 0.000000000000000000e+00
9.330433441134271533e+00 0.000000000000000000e+00
9.333868167230768620e+00 0.000000000000000000e+00
9.337302893327265707e+00 0.000000000000000000e+00
9.340737619423762794e+00 0.000000000000000000e+00
9.344172345520259881e+00 0.000000000000000000e+00
9.347607071616756969e+00 0.000000000000000000e+00
9.351041797713254056e+00 0.000000000000000000e+00
9.354476523809751143e+00 0.000000000000000000e+00
9.357911249906248230e+00 0.000000000000000000e+00
9.361345976002743541e+00 0.000000000000000000e+00
9.364780702099242404e+00 0.000000000000000000e+00
9.368215428195739491e+00 0.000000000000000000e+00
9.371650154292236579e+00 0.000000000000000000e+00
9.375084880388733666e+00 0.000000000000000000e+00
9.378519606485230753e+00 0.000000000000000000e+00
9.381954332581726064e+00 0.000000000000000000e+00
9.385389058678224927e+00 0.000000000000000000e+00
9.388823784774722014e+00 0.000000000000000000e+00
9.392258510871219102e+00 0.000000000000000000e+00
9.395693236967716189e+00 0.000000000000000000e+00
9.399127963064213276e+00 0.000000000000000000e+00
9.402562689160708587e+00 0.000000000000000000e+00
9.405997415257207450e+00 0.000000000000000000e+00
9.409432141353704537e+00 0.000000000000000000e+00
9.412866867450201624e+00 0.000000000000000000e+00
9.416301593546698712e+00 0.000000000000000000e+00
9.419736319643195799e+00 0.000000000000000000e+00
9.423171045739691110e+00 0.000000000000000000e+00
9.426605771836188197e+00 0.000000000000000000e+00
9.430040497932687060e+00 0.000000000000000000e+00
9.433475224029184147e+00 0.000000000000000000e+00
9.436909950125681235e+00 0.000000000000000000e+00
9.440344676222176545e+00 0.000000000000000000e+00
9.443779402318673633e+00 0.000000000000000000e+00
9.447214128415170720e+00 0.000000000000000000e+00
9.450648854511669583e+00 0.000000000000000000e+00
9.454083580608166670e+00 0.000000000000000000e+00
9.457518306704663758e+00 0.000000000000000000e+00
9.460953032801159068e+00 0.000000000000000000e+00
9.464387758897656155e+00 0.000000000000000000e+00
9.467822484994153243e+00 0.000000000000000000e+00
9.471257211090652106e+00 0.000000000000000000e+00
9.474691937187149193e+00 0.000000000000000000e+00
9.478126663283646280e+00 0.000000000000000000e+00
9.481561389380141591e+00 0.000000000000000000e+00
9.484996115476638678e+00 0.000000000000000000e+00
9.488430841573135766e+00 0.000000000000000000e+00
9.491865567669634629e+00 0.000000000000000000e+00
9.495300293766131716e+00 0.000000000000000000e+00
9.498735019862627027e+00 0.000000000000000000e+00
9.502169745959124114e+00 0.000000000000000000e+00
9.505604472055621201e+00 0.000000000000000000e+00
9.509039198152118288e+00 0.000000000000000000e+00
9.512473924248615376e+00 0.000000000000000000e+00
9.515908650345114239e+00 0.000000000000000000e+00
9.519343376441609550e+00 0.000000000000000000e+00
9.522778102538106637e+00 0.000000000000000000e+00
9.526212828634603724e+00 0.000000000000000000e+00
9.529647554731100811e+00 0.000000000000000000e+00
9.533082280827597899e+00 0.000000000000000000e+00
9.536517006924096762e+00 0.000000000000000000e+00
9.539951733020592073e+00 0.000000000000000000e+00
9.543386459117089160e+00 0.000000000000000000e+00
9.546821185213586247e+00 0.000000000000000000e+00
9.550255911310083334e+00 0.000000000000000000e+00
9.553690637406580421e+00 0.000000000000000000e+00
9.557125363503077509e+00 0.000000000000000000e+00
9.560560089599574596e+00 0.000000000000000000e+00
9.563994815696071683e+00 0.000000000000000000e+00
9.567429541792568770e+00 0.000000000000000000e+00
9.570864267889065857e+00 0.000000000000000000e+00
9.574298993985562944e+00 0.000000000000000000e+00
9.577733720082060032e+00 0.000000000000000000e+00
9.581168446178557119e+00 0.000000000000000000e+00
9.584603172275054206e+00 0.000000000000000000e+00
9.588037898371551293e+00 0.000000000000000000e+00
9.591472624468048380e+00 0.000000000000000000e+00
9.594907350564545467e+00 0.000000000000000000e+00
9.598342076661042555e+00 0.000000000000000000e+00
9.601776802757539642e+00 0.000000000000000000e+00
9.605211528854036729e+00 0.000000000000000000e+00
9.608646254950533816e+00 0.000000000000000000e+00
9.612080981047030903e+00 0.000000000000000000e+00
9.615515707143527990e+00 0.000000000000000000e+00
9.618950433240023301e+00 0.000000000000000000e+00
9.622385159336522165e+00 0.000000000000000000e+00
9.625819885433019252e+00 0.000000000000000000e+00
9.629254611529516339e+00 0.000000000000000000e+00
9.632689337626013426e+00 0.000000000000000000e+00
9.636124063722510513e+00 0.000000000000000000e+00
9.639558789819005824e+00 0.000000000000000000e+00
9.642993515915504688e+00 0.000000000000000000e+00
9.646428242012001775e+00 0.000000000000000000e+00
9.649862968108498862e+00 0.000000000000000000e+00
9.653297694204995949e+00 0.000000000000000000e+00
9.656732420301493036e+00 0.000000000000000000e+00
9.660167146397988347e+00 0.000000000000000000e+00
9.663601872494487210e+00 0.000000000000000000e+00
9.667036598590984298e+00 0.000000000000000000e+00
9.670471324687481385e+00 0.000000000000000000e+00
9.673906050783978472e+00 0.000000000000000000e+00
9.677340776880473783e+00 0.000000000000000000e+00
9.680775502976970870e+00 0.000000000000000000e+00
9.684210229073467957e+00 0.000000000000000000e+00
9.687644955169966821e+00 0.000000000000000000e+00
9.691079681266463908e+00 0.000000000000000000e+00
9.694514407362960995e+00 0.000000000000000000e+00
9.697949133459456306e+00 0.000000000000000000e+00
9.701383859555953393e+00 0.000000000000000000e+00
9.704818585652450480e+00 0.000000000000000000e+00
9.708253311748949343e+00 0.000000000000000000e+00
9.711688037845446431e+00 0.000000000000000000e+00
9.715122763941943518e+00 0.000000000000000000e+00
9.718557490038438829e+00 0.000000000000000000e+00
9.721992216134935916e+00 0.000000000000000000e+00
9.725426942231433003e+00 0.000000000000000000e+00
9.728861668327931866e+00 0.000000000000000000e+00
9.732296394424428954e+00 0.000000000000000000e+00
9.735731120520924264e+00 0.000000000000000000e+00
9.739165846617421352e+00 0.000000000000000000e+00
9.742600572713918439e+00 0.000000000000000000e+00
9.746035298810415526e+00 0.000000000000000000e+00
9.749470024906914389e+00 0.000000000000000000e+00
9.752904751003411477e+00 0.000000000000000000e+00
9.756339477099906787e+00 0.000000000000000000e+00
9.759774203196403874e+00 0.000000000000000000e+00
9.763208929292900962e+00 0.000000000000000000e+00
9.766643655389398049e+00 0.000000000000000000e+00
9.770078381485895136e+00 0.000000000000000000e+00
9.773513107582393999e+00 0.000000000000000000e+00
9.776947833678889310e+00 0.000000000000000000e+00
9.780382559775386397e+00 0.000000000000000000e+00
9.783817285871883485e+00 0.000000000000000000e+00
9.787252011968380572e+00 0.000000000000000000e+00
9.790686738064877659e+00 0.000000000000000000e+00
9.794121464161376522e+00 0.000000000000000000e+00
9.797556190257871833e+00 0.000000000000000000e+00
9.800990916354368920e+00 0.000000000000000000e+00
9.804425642450866007e+00 0.000000000000000000e+00
9.807860368547363095e+00 0.000000000000000000e+00
9.811295094643860182e+00 0.000000000000000000e+00
9.814729820740357269e+00 0.000000000000000000e+00
9.818164546836854356e+00 0.000000000000000000e+00
9.821599272933351443e+00 0.000000000000000000e+00
9.825033999029848530e+00 0.000000000000000000e+00
9.828468725126345618e+00 0.000000000000000000e+00
9.831903451222842705e+00 0.000000000000000000e+00
9.835338177319339792e+00 0.000000000000000000e+00
9.838772903415836879e+00 0.000000000000000000e+00
9.842207629512333966e+00 0.000000000000000000e+00
9.845642355608831053e+00 0.000000000000000000e+00
9.849077081705328141e+00 0.000000000000000000e+00
9.852511807801825228e+00 0.000000000000000000e+00
9.855946533898320538e+00 0.000000000000000000e+00
9.859381259994819402e+00 0.000000000000000000e+00
9.862815986091316489e+00 0.000000000000000000e+00
9.866250712187813576e+00 0.000000000000000000e+00
9.869685438284310663e+00 0.000000000000000000e+00
9.873120164380807751e+00 0.000000000000000000e+00
9.876554890477303061e+00 0.000000000000000000e+00
9.879989616573801925e+00 0.000000000000000000e+00
9.883424342670299012e+00 0.000000000000000000e+00
9.886859068766796099e+00 0.000000000000000000e+00
9.890293794863293186e+00 0.000000000000000000e+00
9.893728520959790274e+00 0.000000000000000000e+00
9.897163247056285584e+00 0.000000000000000000e+00
9.900597973152784448e+00 0.000000000000000000e+00
9.904032699249281535e+00 0.000000000000000000e+00
9.907467425345778622e+00 0.000000000000000000e+00
9.910902151442275709e+00 0.000000000000000000e+00
9.914336877538771020e+00 0.000000000000000000e+00
9.917771603635268107e+00 0.000000000000000000e+00
9.921206329731766971e+00 0.000000000000000000e+00
9.924641055828264058e+00 0.000000000000000000e+00
9.928075781924761145e+00 0.000000000000000000e+00
9.931510508021258232e+00 0.000000000000000000e+00
9.934945234117753543e+00 0.000000000000000000e+00
9.938379960214250630e+00 0.000000000000000000e+00
9.941814686310747717e+00 0.000000000000000000e+00
9.945249412407246581e+00 0.000000000000000000e+00
9.948684138503743668e+00 0.000000000000000000e+00
9.952118864600240755e+00 0.000000000000000000e+00
9.955553590696736066e+00 0.000000000000000000e+00
9.958988316793233153e+00 0.000000000000000000e+00
9.962423042889730240e+00 0.000000000000000000e+00
9.965857768986229104e+00 0.000000000000000000e+00
9.969292495082726191e+00 0.000000000000000000e+00
9.972727221179223278e+00 0.000000000000000000e+00
9.976161947275718589e+00 0.000000000000000000e+00
9.979596673372215676e+00 0.000000000000000000e+00
9.983031399468712763e+00 0.000000000000000000e+00
9.986466125565211627e+00 0.000000000000000000e+00
9.989900851661708714e+00 0.000000000000000000e+00
9.993335577758204025e+00 0.000000000000000000e+00
9.996770303854701112e+00 0.000000000000000000e+00
1.000020502995119820e+01 0.000000000000000000e+00
1.000363975604769529e+01 0.000000000000000000e+00
1.000707448214419415e+01 0.000000000000000000e+00
1.001050920824069124e+01 0.000000000000000000e+00
1.001394393433718655e+01 0.000000000000000000e+00
1.001737866043368363e+01 0.000000000000000000e+00
1.002081338653018072e+01 0.000000000000000000e+00
1.002424811262667781e+01 0.000000000000000000e+00
1.002768283872317490e+01 0.000000000000000000e+00
1.003111756481967376e+01 0.000000000000000000e+00
1.003455229091616907e+01 0.000000000000000000e+00
1.003798701701266616e+01 0.000000000000000000e+00
1.004142174310916324e+01 0.000000000000000000e+00
1.004485646920566033e+01 0.000000000000000000e+00
1.004829119530215742e+01 0.000000000000000000e+00
1.005172592139865451e+01 0.000000000000000000e+00
1.005516064749515159e+01 0.000000000000000000e+00
1.005859537359164868e+01 0.000000000000000000e+00
1.006203009968814577e+01 0.000000000000000000e+00
1.006546482578464285e+01 0.000000000000000000e+00
1.006889955188113994e+01 0.000000000000000000e+00
1.007233427797763703e+01 0.000000000000000000e+00
1.007576900407413412e+01 0.000000000000000000e+00
1.007920373017063120e+01 0.000000000000000000e+00
1.008263845626712829e+01 0.000000000000000000e+00
1.008607318236362538e+01 0.000000000000000000e+00
1.008950790846012247e+01 0.000000000000000000e+00
1.009294263455661955e+01 0.000000000000000000e+00
1.009637736065311664e+01 0.000000000000000000e+00
1.009981208674961373e+01 0.000000000000000000e+00
1.010324681284611081e+01 0.000000000000000000e+00
1.010668153894260790e+01 0.000000000000000000e+00
1.011011626503910499e+01 0.000000000000000000e+00
1.011355099113560208e+01 0.000000000000000000e+00
1.011698571723209916e+01 0.000000000000000000e+00
1.012042044332859625e+01 0.000000000000000000e+00
1.012385516942509334e+01 0.000000000000000000e+00
1.012728989552159042e+01 0.000000000000000000e+00
1.013072462161808751e+01 0.000000000000000000e+00
1.013415934771458282e+01 0.000000000000000000e+00
1.013759407381108169e+01 0.000000000000000000e+00
1.014102879990757877e+01 0.000000000000000000e+00
1.014446352600407586e+01 0.000000000000000000e+00
1.014789825210057295e+01 0.000000000000000000e+00
1.015133297819707003e+01 0.000000000000000000e+00
1.015476770429356534e+01 0.000000000000000000e+00
1.015820243039006421e+01 0.000000000000000000e+00
1.016163715648656130e+01 0.000000000000000000e+00
1.016507188258305838e+01 0.000000000000000000e+00
1.016850660867955547e+01 0.000000000000000000e+00
1.017194133477605078e+01 0.000000000000000000e+00
1.017537606087254787e+01 0.000000000000000000e+00
1.017881078696904673e+01 0.000000000000000000e+00
1.018224551306554382e+01 0.000000000000000000e+00
1.018568023916204091e+01 0.000000000000000000e+00
1.018911496525853799e+01 0.000000000000000000e+00
1.019254969135503330e+01 0.000000000000000000e+00
1.019598441745153039e+01 0.000000000000000000e+00
1.019941914354802925e+01 0.000000000000000000e+00
1.020285386964452634e+01 0.000000000000000000e+00
1.020628859574102343e+01 0.000000000000000000e+00
1.020972332183752052e+01 0.000000000000000000e+00
1.021315804793401583e+01 0.000000000000000000e+00
1.021659277403051291e+01 0.000000000000000000e+00
1.022002750012701000e+01 0.000000000000000000e+00
1.022346222622350886e+01 0.000000000000000000e+00
1.022689695232000595e+01 0.000000000000000000e+00
1.023033167841650126e+01 0.000000000000000000e+00
1.023376640451299835e+01 0.000000000000000000e+00
1.023720113060949544e+01 0.000000000000000000e+00
1.024063585670599252e+01 0.000000000000000000e+00
1.024407058280249139e+01 0.000000000000000000e+00
1.024750530889898847e+01 0.000000000000000000e+00
1.025094003499548378e+01 0.000000000000000000e+00
1.025437476109198087e+01 0.000000000000000000e+00
1.025780948718847796e+01 0.000000000000000000e+00
1.026124421328497505e+01 0.000000000000000000e+00
1.026467893938147391e+01 0.000000000000000000e+00
1.026811366547797100e+01 0.000000000000000000e+00
1.027154839157446631e+01 0.000000000000000000e+00
1.027498311767096340e+01 0.000000000000000000e+00
1.027841784376746048e+01 0.000000000000000000e+00
1.028185256986395757e+01 0.000000000000000000e+00
1.028528729596045643e+01 0.000000000000000000e+00
1.028872202205695174e+01 0.000000000000000000e+00
1.029215674815344883e+01 0.000000000000000000e+00
1.029559147424994592e+01 0.000000000000000000e+00
1.029902620034644301e+01 0.000000000000000000e+00
1.030246092644294009e+01 0.000000000000000000e+00
