# # sector 17: chi = -4.99 deg (range [-10, 0))
# # columns: 2theta(deg)  intensity
1.716567758002242143e-03 4.090143737792968750e+02
5.149703274006726429e-03 3.598485717773437500e+02
8.582838790011209848e-03 3.375762939453125000e+02
1.201597430601569587e-02 2.441174468994140625e+02
1.544910982202017842e-02 1.926328125000000000e+02
1.888224533802465924e-02 1.785668640136718750e+02
2.231538085402914526e-02 1.907637329101562500e+02
2.574851637003363128e-02 1.503714294433593750e+02
2.918165188603811730e-02 7.820769500732421875e+01
3.261478740204259985e-02 9.134478759765625000e+01
3.604792291804708587e-02 1.350277252197265625e+02
3.948105843405157189e-02 1.495900878906250000e+02
4.291419395005605791e-02 1.859168853759765625e+02
4.634732946606053700e-02 1.728062896728515625e+02
4.978046498206502302e-02 1.131574783325195312e+02
5.321360049806950904e-02 1.099125289916992188e+02
5.664673601407399506e-02 1.175544891357421875e+02
6.007987153007848108e-02 1.206065216064453125e+02
6.351300704608295322e-02 1.712182159423828125e+02
6.694614256208744618e-02 1.784883422851562500e+02
7.037927807809192526e-02 1.546476135253906250e+02
7.381241359409640435e-02 1.516134490966796875e+02
7.724554911010089731e-02 1.140159835815429688e+02
8.067868462610537639e-02 1.016854248046875000e+02
8.411182014210986935e-02 1.148564071655273438e+02
8.754495565811434843e-02 1.297522125244140625e+02
9.097809117411882751e-02 1.450559692382812500e+02
9.441122669012332047e-02 1.444871063232421875e+02
9.784436220612781343e-02 1.371082763671875000e+02
1.012774977221322786e-01 1.227796936035156250e+02
1.047106332381367716e-01 1.214235000610351562e+02
1.081437687541412507e-01 1.434522705078125000e+02
1.115769042701457436e-01 1.274162063598632812e+02
1.150100397861502227e-01 6.972648620605468750e+01
1.184431753021547157e-01 7.699172973632812500e+01
1.218763108181591809e-01 9.493288421630859375e+01
1.253094463341636600e-01 9.904727935791015625e+01
1.287425818501681529e-01 1.603439483642578125e+02
1.321757173661726459e-01 1.850990295410156250e+02
1.356088528821771388e-01 2.176463470458984375e+02
1.390419883981816040e-01 2.205254364013671875e+02
1.424751239141860970e-01 1.463070678710937500e+02
1.459082594301905900e-01 1.292536773681640625e+02
1.493413949461950552e-01 1.773264160156250000e+02
1.527745304621995481e-01 1.832936401367187500e+02
1.562076659782040411e-01 1.765909881591796875e+02
1.596408014942085063e-01 1.774770965576171875e+02
1.630739370102129993e-01 1.784620513916015625e+02
1.665070725262174922e-01 1.903118438720703125e+02
1.699402080422219852e-01 2.107321166992187500e+02
1.733733435582264504e-01 2.180217132568359375e+02
1.768064790742309156e-01 2.075266571044921875e+02
1.802396145902354085e-01 2.045243072509765625e+02
1.836727501062399015e-01 2.113250122070312500e+02
1.871058856222443945e-01 2.186512908935546875e+02
1.905390211382488874e-01 2.153737487792968750e+02
1.939721566542533804e-01 2.541469726562500000e+02
1.974052921702578456e-01 2.981372680664062500e+02
2.008384276862623385e-01 5.538839111328125000e+02
2.042715632022668037e-01 6.582814331054687500e+02
2.077046987182712967e-01 1.293546020507812500e+03
2.111378342342757897e-01 1.448109863281250000e+03
2.145709697502802549e-01 1.741655517578125000e+03
2.180041052662847478e-01 1.785033203125000000e+03
2.214372407822892408e-01 1.877088256835937500e+03
2.248703762982937338e-01 1.884405395507812500e+03
2.283035118142981990e-01 1.902429077148437500e+03
2.317366473303026919e-01 1.949194213867187500e+03
2.351697828463071849e-01 1.928027954101562500e+03
2.386029183623116778e-01 1.916477294921875000e+03
2.420360538783161153e-01 1.932691894531250000e+03
2.454691893943206082e-01 1.975941650390625000e+03
2.489023249103251012e-01 1.979734497070312500e+03
2.523354604263295942e-01 2.002333496093750000e+03
2.557685959423340871e-01 2.003364013671875000e+03
2.592017314583385801e-01 1.939776611328125000e+03
2.626348669743430730e-01 1.951288696289062500e+03
2.660680024903475660e-01 2.021716430664062500e+03
2.695011380063520035e-01 2.027327148437500000e+03
2.729342735223564964e-01 1.958183227539062500e+03
2.763674090383609339e-01 1.966344360351562500e+03
2.798005445543654268e-01 2.032133056640625000e+03
2.832336800703699198e-01 2.044404052734375000e+03
2.866668155863744127e-01 2.059753662109375000e+03
2.900999511023789057e-01 2.067249267578125000e+03
2.935330866183833987e-01 2.038338134765625000e+03
2.969662221343878916e-01 2.049022216796875000e+03
3.003993576503923846e-01 2.088641113281250000e+03
3.038324931663968775e-01 2.119674072265625000e+03
3.072656286824013705e-01 2.158954833984375000e+03
3.106987641984058635e-01 2.221906250000000000e+03
3.141318997144103009e-01 2.265001953125000000e+03
3.175650352304147939e-01 2.290890869140625000e+03
3.209981707464192868e-01 2.332111816406250000e+03
3.244313062624237243e-01 2.371106689453125000e+03
3.278644417784282172e-01 2.388741455078125000e+03
3.312975772944327102e-01 2.397368652343750000e+03
3.347307128104372032e-01 2.390202636718750000e+03
3.381638483264416961e-01 2.356199218750000000e+03
3.415969838424461891e-01 2.373224365234375000e+03
3.450301193584506820e-01 2.379091308593750000e+03
3.484632548744551750e-01 2.382770507812500000e+03
3.518963903904596124e-01 2.442856933593750000e+03
3.553295259064641054e-01 2.476166015625000000e+03
3.587626614224685984e-01 2.464332031250000000e+03
3.621957969384730913e-01 2.457013671875000000e+03
3.656289324544775843e-01 2.513985107421875000e+03
3.690620679704820772e-01 2.526366943359375000e+03
3.724952034864865702e-01 2.530054687500000000e+03
3.759283390024910076e-01 2.545601562500000000e+03
3.793614745184955006e-01 2.533496093750000000e+03
3.827946100344999936e-01 2.542246093750000000e+03
3.862277455505044865e-01 2.546062255859375000e+03
3.896608810665089240e-01 2.571688476562500000e+03
3.930940165825134169e-01 2.586497070312500000e+03
3.965271520985179099e-01 2.607767333984375000e+03
3.999602876145224029e-01 2.603591552734375000e+03
4.033934231305268958e-01 2.602211425781250000e+03
4.068265586465313888e-01 2.623834960937500000e+03
4.102596941625358817e-01 2.643145996093750000e+03
4.136928296785403747e-01 2.638805908203125000e+03
4.171259651945448677e-01 2.630930175781250000e+03
4.205591007105493606e-01 2.625246093750000000e+03
4.239922362265537981e-01 2.616884033203125000e+03
4.274253717425582910e-01 2.647746337890625000e+03
4.308585072585627285e-01 2.671737304687500000e+03
4.342916427745672214e-01 2.680770263671875000e+03
4.377247782905717144e-01 2.672976806640625000e+03
4.411579138065762073e-01 2.732505615234375000e+03
4.445910493225807003e-01 2.801774414062500000e+03
4.480241848385851933e-01 2.807510742187500000e+03
4.514573203545896862e-01 2.793018798828125000e+03
4.548904558705941792e-01 2.767034912109375000e+03
4.583235913865986721e-01 2.803182617187500000e+03
4.617567269026031651e-01 2.815887451171875000e+03
4.651898624186076581e-01 2.861727050781250000e+03
4.686229979346121510e-01 2.879176269531250000e+03
4.720561334506166440e-01 2.904395263671875000e+03
4.754892689666211369e-01 2.925183837890625000e+03
4.789224044826255189e-01 2.965208251953125000e+03
4.823555399986300118e-01 2.989031005859375000e+03
4.857886755146345048e-01 2.990832519531250000e+03
4.892218110306389423e-01 3.001254882812500000e+03
4.926549465466434352e-01 3.037356201171875000e+03
4.960880820626479282e-01 3.024151123046875000e+03
4.995212175786524211e-01 3.012938964843750000e+03
5.029543530946569696e-01 3.035194335937500000e+03
5.063874886106614071e-01 3.033631591796875000e+03
5.098206241266658445e-01 3.031987060546875000e+03
5.132537596426703930e-01 3.021755615234375000e+03
5.166868951586748304e-01 2.972882324218750000e+03
5.201200306746793789e-01 2.973739501953125000e+03
5.235531661906838163e-01 2.992216552734375000e+03
5.269863017066883648e-01 2.985709472656250000e+03
5.304194372226928023e-01 2.994171630859375000e+03
5.338525727386973507e-01 3.012144042968750000e+03
5.372857082547017882e-01 3.059828125000000000e+03
5.407188437707063366e-01 3.080349121093750000e+03
5.441519792867107741e-01 3.053509521484375000e+03
5.475851148027153226e-01 3.035760009765625000e+03
5.510182503187196490e-01 3.014959472656250000e+03
5.544513858347241975e-01 3.017814941406250000e+03
5.578845213507286349e-01 3.034611816406250000e+03
5.613176568667331834e-01 3.038128173828125000e+03
5.647507923827376208e-01 3.024017578125000000e+03
5.681839278987420583e-01 3.002992919921875000e+03
5.716170634147466068e-01 2.977412109375000000e+03
5.750501989307510442e-01 2.964621826171875000e+03
5.784833344467555927e-01 2.961514404296875000e+03
5.819164699627600301e-01 2.982584472656250000e+03
5.853496054787645786e-01 3.007909912109375000e+03
5.887827409947690160e-01 3.048753906250000000e+03
5.922158765107735645e-01 3.064559326171875000e+03
5.956490120267780020e-01 3.029368164062500000e+03
5.990821475427825504e-01 3.044527099609375000e+03
6.025152830587869879e-01 3.077260498046875000e+03
6.059484185747915364e-01 3.061314697265625000e+03
6.093815540907959738e-01 3.046372314453125000e+03
6.128146896068004112e-01 3.027854003906250000e+03
6.162478251228049597e-01 3.024875488281250000e+03
6.196809606388093972e-01 3.030952148437500000e+03
6.231140961548139456e-01 3.029444824218750000e+03
6.265472316708182721e-01 3.031537841796875000e+03
6.299803671868228205e-01 3.035099121093750000e+03
6.334135027028272580e-01 3.022125244140625000e+03
6.368466382188318065e-01 3.020373046875000000e+03
6.402797737348362439e-01 3.046104003906250000e+03
6.437129092508407924e-01 3.058700683593750000e+03
6.471460447668452298e-01 3.047847412109375000e+03
6.505791802828497783e-01 3.016608642578125000e+03
6.540123157988542157e-01 3.020312011718750000e+03
6.574454513148587642e-01 3.020511718750000000e+03
6.608785868308632017e-01 3.032429443359375000e+03
6.643117223468677501e-01 3.054924316406250000e+03
6.677448578628721876e-01 3.076896240234375000e+03
6.711779933788766250e-01 3.063466064453125000e+03
6.746111288948811735e-01 3.055787597656250000e+03
6.780442644108856109e-01 3.074441894531250000e+03
6.814773999268901594e-01 3.077116943359375000e+03
6.849105354428945969e-01 3.101023193359375000e+03
6.883436709588991453e-01 3.118327148437500000e+03
6.917768064749035828e-01 3.115886718750000000e+03
6.952099419909081313e-01 3.064307617187500000e+03
6.986430775069124577e-01 3.054553955078125000e+03
7.020762130229170062e-01 3.061401611328125000e+03
7.055093485389214436e-01 3.046030029296875000e+03
7.089424840549259921e-01 3.044385498046875000e+03
7.123756195709304295e-01 3.074913574218750000e+03
7.158087550869349780e-01 3.080811279296875000e+03
7.192418906029394154e-01 3.074966308593750000e+03
7.226750261189439639e-01 3.090628417968750000e+03
7.261081616349484014e-01 3.110167724609375000e+03
7.295412971509528388e-01 3.101610839843750000e+03
7.329744326669573873e-01 3.072884033203125000e+03
7.364075681829618247e-01 3.073646972656250000e+03
7.398407036989663732e-01 3.090867675781250000e+03
7.432738392149708107e-01 3.122015380859375000e+03
7.467069747309753591e-01 3.150672119140625000e+03
7.501401102469797966e-01 3.128833251953125000e+03
7.535732457629843450e-01 3.110704101562500000e+03
7.570063812789887825e-01 3.126592041015625000e+03
7.604395167949933310e-01 3.140756347656250000e+03
7.638726523109977684e-01 3.119134277343750000e+03
7.673057878270023169e-01 3.101866210937500000e+03
7.707389233430067543e-01 3.123535888671875000e+03
7.741720588590111918e-01 3.118738769531250000e+03
7.776051943750156292e-01 3.105426025390625000e+03
7.810383298910200667e-01 3.089383789062500000e+03
7.844714654070246151e-01 3.091921875000000000e+03
7.879046009230290526e-01 3.093455810546875000e+03
7.913377364390336011e-01 3.103757324218750000e+03
7.947708719550380385e-01 3.106792968750000000e+03
7.982040074710425870e-01 3.122563964843750000e+03
8.016371429870470244e-01 3.134412841796875000e+03
8.050702785030515729e-01 3.149868164062500000e+03
8.085034140190560104e-01 3.150633789062500000e+03
8.119365495350605588e-01 3.124901855468750000e+03
8.153696850510649963e-01 3.099118652343750000e+03
8.188028205670695447e-01 3.097782226562500000e+03
8.222359560830739822e-01 3.101747558593750000e+03
8.256690915990785307e-01 3.121232421875000000e+03
8.291022271150829681e-01 3.103281738281250000e+03
8.325353626310874056e-01 3.108206054687500000e+03
8.359684981470919540e-01 3.099613037109375000e+03
8.394016336630963915e-01 3.132978027343750000e+03
8.428347691791009400e-01 3.134502441406250000e+03
8.462679046951052664e-01 3.130130371093750000e+03
8.497010402111098148e-01 3.126762451171875000e+03
8.531341757271142523e-01 3.139139404296875000e+03
8.565673112431188008e-01 3.148708251953125000e+03
8.600004467591232382e-01 3.148045654296875000e+03
8.634335822751277867e-01 3.147586181640625000e+03
8.668667177911322241e-01 3.169472167968750000e+03
8.702998533071367726e-01 3.195457763671875000e+03
8.737329888231412101e-01 3.201031494140625000e+03
8.771661243391457585e-01 3.190224609375000000e+03
8.805992598551501960e-01 3.153571044921875000e+03
8.840323953711546334e-01 3.155444091796875000e+03
8.874655308871591819e-01 3.182194824218750000e+03
8.908986664031636193e-01 3.162045410156250000e+03
8.943318019191681678e-01 3.137060058593750000e+03
8.977649374351724942e-01 3.137283935546875000e+03
9.011980729511770427e-01 3.132862548828125000e+03
9.046312084671814802e-01 3.169578369140625000e+03
9.080643439831860286e-01 3.198812255859375000e+03
9.114974794991904661e-01 3.188117675781250000e+03
9.149306150151950145e-01 3.156439453125000000e+03
9.183637505311994520e-01 3.146529541015625000e+03
9.217968860472040005e-01 3.147078857421875000e+03
9.252300215632084379e-01 3.120128906250000000e+03
9.286631570792129864e-01 3.111714599609375000e+03
9.320962925952174238e-01 3.135458984375000000e+03
9.355294281112219723e-01 3.121260742187500000e+03
9.389625636272264098e-01 3.118197265625000000e+03
9.423956991432308472e-01 3.149719726562500000e+03
9.458288346592353957e-01 3.165087890625000000e+03
9.492619701752398331e-01 3.134770263671875000e+03
9.526951056912443816e-01 3.154397460937500000e+03
9.561282412072487080e-01 3.165547607421875000e+03
9.595613767232531455e-01 3.191810058593750000e+03
9.629945122392575829e-01 3.186442871093750000e+03
9.664276477552621314e-01 3.166010009765625000e+03
9.698607832712665688e-01 3.150917724609375000e+03
9.732939187872711173e-01 3.131609863281250000e+03
9.767270543032755548e-01 3.145239013671875000e+03
9.801601898192801032e-01 3.161395019531250000e+03
9.835933253352845407e-01 3.188076416015625000e+03
9.870264608512890891e-01 3.215148925781250000e+03
9.904595963672935266e-01 3.199191162109375000e+03
9.938927318832980751e-01 3.196336425781250000e+03
9.973258673993025125e-01 3.198317871093750000e+03
1.000759002915307061e+00 3.170768066406250000e+03
1.004192138431311498e+00 3.142498535156250000e+03
1.007625273947315936e+00 3.133546386718750000e+03
1.011058409463320373e+00 3.145148925781250000e+03
1.014491544979325033e+00 3.146261230468750000e+03
1.017924680495329470e+00 3.128703125000000000e+03
1.021357816011333908e+00 3.130626708984375000e+03
1.024790951527338345e+00 3.135015380859375000e+03
1.028224087043343005e+00 3.144028564453125000e+03
1.031657222559347442e+00 3.159779052734375000e+03
1.035090358075351880e+00 3.166967773437500000e+03
1.038523493591356317e+00 3.154266357421875000e+03
1.041956629107360977e+00 3.135393798828125000e+03
1.045389764623365414e+00 3.106409423828125000e+03
1.048822900139369851e+00 3.105361572265625000e+03
1.052256035655374289e+00 3.115619384765625000e+03
1.055689171171378726e+00 3.133133789062500000e+03
1.059122306687383386e+00 3.144262695312500000e+03
1.062555442203387823e+00 3.145726318359375000e+03
1.065988577719392261e+00 3.139551269531250000e+03
1.069421713235396698e+00 3.137914062500000000e+03
1.072854848751401358e+00 3.135491699218750000e+03
1.076287984267405795e+00 3.121483886718750000e+03
1.079721119783410233e+00 3.123116455078125000e+03
1.083154255299414670e+00 3.166461914062500000e+03
1.086587390815419329e+00 3.166292724609375000e+03
1.090020526331423767e+00 3.148283935546875000e+03
1.093453661847428204e+00 3.133742431640625000e+03
1.096886797363432642e+00 3.140601074218750000e+03
1.100319932879437079e+00 3.160234619140625000e+03
1.103753068395441517e+00 3.150806884765625000e+03
1.107186203911445954e+00 3.112711669921875000e+03
1.110619339427450392e+00 3.088695800781250000e+03
1.114052474943455051e+00 3.088720947265625000e+03
1.117485610459459489e+00 3.111972900390625000e+03
1.120918745975463926e+00 3.140827392578125000e+03
1.124351881491468363e+00 3.125415527343750000e+03
1.127785017007472801e+00 3.112662841796875000e+03
1.131218152523477460e+00 3.106344726562500000e+03
1.134651288039481898e+00 3.106518798828125000e+03
1.138084423555486335e+00 3.106226318359375000e+03
1.141517559071490773e+00 3.112375000000000000e+03
1.144950694587495432e+00 3.122305419921875000e+03
1.148383830103499870e+00 3.114954589843750000e+03
1.151816965619504307e+00 3.085240478515625000e+03
1.155250101135508745e+00 3.079596679687500000e+03
1.158683236651513404e+00 3.089123535156250000e+03
1.162116372167517842e+00 3.109226806640625000e+03
1.165549507683522279e+00 3.100397705078125000e+03
1.168982643199526716e+00 3.090567138671875000e+03
1.172415778715531154e+00 3.100034667968750000e+03
1.175848914231535813e+00 3.131447509765625000e+03
1.179282049747540251e+00 3.148051025390625000e+03
1.182715185263544688e+00 3.144858642578125000e+03
1.186148320779549126e+00 3.133661865234375000e+03
1.189581456295553785e+00 3.113299804687500000e+03
1.193014591811558223e+00 3.112037841796875000e+03
1.196447727327562660e+00 3.101004150390625000e+03
1.199880862843567098e+00 3.093956054687500000e+03
1.203313998359571757e+00 3.099292968750000000e+03
1.206747133875576194e+00 3.114037841796875000e+03
1.210180269391580632e+00 3.126697021484375000e+03
1.213613404907585069e+00 3.145408691406250000e+03
1.217046540423589507e+00 3.140894042968750000e+03
1.220479675939594166e+00 3.135840087890625000e+03
1.223912811455598604e+00 3.117482177734375000e+03
1.227345946971603041e+00 3.128666503906250000e+03
1.230779082487607479e+00 3.131411621093750000e+03
1.234212218003612138e+00 3.124407470703125000e+03
1.237645353519616576e+00 3.125317382812500000e+03
1.241078489035621013e+00 3.131768310546875000e+03
1.244511624551625451e+00 3.135988525390625000e+03
1.247944760067629888e+00 3.142250976562500000e+03
1.251377895583634325e+00 3.126335937500000000e+03
1.254811031099638763e+00 3.096235351562500000e+03
1.258244166615643200e+00 3.085460937500000000e+03
1.261677302131647860e+00 3.099645751953125000e+03
1.265110437647652297e+00 3.095738037109375000e+03
1.268543573163656735e+00 3.088511962890625000e+03
1.271976708679661172e+00 3.084091064453125000e+03
1.275409844195665832e+00 3.079160156250000000e+03
1.278842979711670269e+00 3.083472412109375000e+03
1.282276115227674707e+00 3.067164306640625000e+03
1.285709250743679144e+00 3.064127197265625000e+03
1.289142386259683581e+00 3.091515380859375000e+03
1.292575521775688241e+00 3.116647460937500000e+03
1.296008657291692678e+00 3.121689208984375000e+03
1.299441792807697116e+00 3.122116455078125000e+03
1.302874928323701553e+00 3.104734619140625000e+03
1.306308063839706213e+00 3.087470703125000000e+03
1.309741199355710650e+00 3.074014404296875000e+03
1.313174334871715088e+00 3.099381591796875000e+03
1.316607470387719525e+00 3.110414062500000000e+03
1.320040605903724185e+00 3.101001708984375000e+03
1.323473741419728622e+00 3.105955322265625000e+03
1.326906876935733059e+00 3.117922363281250000e+03
1.330340012451737497e+00 3.113432861328125000e+03
1.333773147967741934e+00 3.101277832031250000e+03
1.337206283483746594e+00 3.096571289062500000e+03
1.340639418999751031e+00 3.089301269531250000e+03
1.344072554515755469e+00 3.065974365234375000e+03
1.347505690031759906e+00 3.072477783203125000e+03
1.350938825547764566e+00 3.070644531250000000e+03
1.354371961063769003e+00 3.075080810546875000e+03
1.357805096579773441e+00 3.077653808593750000e+03
1.361238232095777878e+00 3.078707519531250000e+03
1.364671367611782538e+00 3.060067626953125000e+03
1.368104503127786975e+00 3.056195800781250000e+03
1.371537638643791412e+00 3.054292480468750000e+03
1.374970774159795850e+00 3.052872314453125000e+03
1.378403909675800287e+00 3.062102050781250000e+03
1.381837045191804947e+00 3.064412353515625000e+03
1.385270180707809384e+00 3.038898193359375000e+03
1.388703316223813822e+00 3.028838623046875000e+03
1.392136451739818259e+00 3.011820068359375000e+03
1.395569587255822697e+00 3.035588623046875000e+03
1.399002722771827134e+00 3.060354492187500000e+03
1.402435858287831572e+00 3.074155517578125000e+03
1.405868993803836009e+00 3.068541259765625000e+03
1.409302129319840668e+00 3.050101806640625000e+03
1.412735264835845106e+00 3.043089111328125000e+03
1.416168400351849543e+00 3.043158203125000000e+03
1.419601535867853981e+00 3.023294433593750000e+03
1.423034671383858640e+00 3.011734619140625000e+03
1.426467806899863078e+00 3.020711181640625000e+03
1.429900942415867515e+00 3.030923339843750000e+03
1.433334077931871953e+00 3.031561279296875000e+03
1.436767213447876390e+00 3.019221923828125000e+03
1.440200348963881050e+00 3.004885253906250000e+03
1.443633484479885487e+00 3.022748535156250000e+03
1.447066619995889925e+00 3.029688232421875000e+03
1.450499755511894362e+00 3.036433593750000000e+03
1.453932891027899021e+00 3.029558349609375000e+03
1.457366026543903459e+00 3.036780761718750000e+03
1.460799162059907896e+00 3.044118164062500000e+03
1.464232297575912334e+00 3.032775878906250000e+03
1.467665433091916993e+00 3.014964599609375000e+03
1.471098568607921431e+00 2.984009277343750000e+03
1.474531704123925868e+00 2.971844970703125000e+03
1.477964839639930306e+00 2.986105957031250000e+03
1.481397975155934965e+00 2.994945556640625000e+03
1.484831110671939403e+00 2.996930908203125000e+03
1.488264246187943840e+00 2.993043945312500000e+03
1.491697381703948277e+00 3.007237060546875000e+03
1.495130517219952715e+00 3.004072265625000000e+03
1.498563652735957374e+00 2.990681152343750000e+03
1.501996788251961812e+00 2.961980712890625000e+03
1.505429923767966249e+00 2.960735107421875000e+03
1.508863059283970687e+00 2.976707275390625000e+03
1.512296194799975346e+00 2.984839111328125000e+03
1.515729330315979784e+00 3.001225585937500000e+03
1.519162465831984221e+00 3.000284423828125000e+03
1.522595601347988659e+00 2.989966308593750000e+03
1.526028736863993318e+00 2.970491455078125000e+03
1.529461872379997756e+00 2.948242431640625000e+03
1.532895007896002193e+00 2.939387207031250000e+03
1.536328143412006630e+00 2.924657470703125000e+03
1.539761278928011068e+00 2.926307373046875000e+03
1.543194414444015505e+00 2.915477783203125000e+03
1.546627549960019943e+00 2.905217041015625000e+03
1.550060685476024380e+00 2.916799316406250000e+03
1.553493820992028818e+00 2.949002685546875000e+03
1.556926956508033477e+00 2.954519775390625000e+03
1.560360092024037915e+00 2.959464599609375000e+03
1.563793227540042352e+00 2.961806152343750000e+03
1.567226363056046790e+00 2.967463378906250000e+03
1.570659498572051449e+00 2.963357177734375000e+03
1.574092634088055886e+00 2.954064697265625000e+03
1.577525769604060324e+00 2.950759277343750000e+03
1.580958905120064761e+00 2.956717773437500000e+03
1.584392040636069421e+00 2.945268310546875000e+03
1.587825176152073858e+00 2.936873046875000000e+03
1.591258311668078296e+00 2.948786132812500000e+03
1.594691447184082733e+00 2.960650146484375000e+03
1.598124582700087171e+00 2.982119873046875000e+03
1.601557718216091830e+00 3.002556640625000000e+03
1.604990853732096268e+00 3.016723144531250000e+03
1.608423989248100705e+00 3.025099853515625000e+03
1.611857124764105142e+00 3.031614257812500000e+03
1.615290260280109802e+00 3.027524902343750000e+03
1.618723395796114239e+00 3.042324707031250000e+03
1.622156531312118677e+00 3.071904785156250000e+03
1.625589666828123114e+00 3.079509277343750000e+03
1.629022802344127774e+00 3.073355468750000000e+03
1.632455937860132211e+00 3.078492187500000000e+03
1.635889073376136649e+00 3.121871093750000000e+03
1.639322208892141086e+00 3.147057617187500000e+03
1.642755344408145524e+00 3.166557128906250000e+03
1.646188479924150183e+00 3.195851806640625000e+03
1.649621615440154621e+00 3.260250732421875000e+03
1.653054750956159058e+00 3.338775146484375000e+03
1.656487886472163495e+00 3.480520996093750000e+03
1.659921021988168155e+00 3.660245849609375000e+03
1.663354157504172592e+00 4.165410156250000000e+03
1.666787293020177030e+00 4.966437988281250000e+03
1.670220428536181467e+00 7.334020507812500000e+03
1.673653564052186127e+00 1.159344628906250000e+04
1.677086699568190564e+00 2.091700781250000000e+04
1.680519835084195002e+00 3.599381640625000000e+04
1.683952970600199439e+00 4.741791406250000000e+04
1.687386106116203877e+00 5.165331640625000000e+04
1.690819241632208314e+00 4.342319140625000000e+04
1.694252377148212751e+00 2.373722460937500000e+04
1.697685512664217189e+00 1.537446679687500000e+04
1.701118648180221848e+00 8.085018554687500000e+03
1.704551783696226286e+00 5.659146484375000000e+03
1.707984919212230723e+00 4.267617187500000000e+03
1.711418054728235161e+00 3.761448730468750000e+03
1.714851190244239598e+00 3.450836181640625000e+03
1.718284325760244258e+00 3.316141601562500000e+03
1.721717461276248695e+00 3.204551513671875000e+03
1.725150596792253133e+00 3.135218261718750000e+03
1.728583732308257570e+00 3.087799316406250000e+03
1.732016867824262230e+00 3.053696044921875000e+03
1.735450003340266667e+00 3.012022460937500000e+03
1.738883138856271104e+00 2.959621826171875000e+03
1.742316274372275542e+00 2.924420898437500000e+03
1.745749409888280201e+00 2.893755859375000000e+03
1.749182545404284639e+00 2.869131347656250000e+03
1.752615680920289076e+00 2.847500976562500000e+03
1.756048816436293514e+00 2.840274658203125000e+03
1.759481951952297951e+00 2.817432617187500000e+03
1.762915087468302611e+00 2.819299804687500000e+03
1.766348222984307048e+00 2.804884521484375000e+03
1.769781358500311486e+00 2.776914794921875000e+03
1.773214494016315923e+00 2.736997314453125000e+03
1.776647629532320583e+00 2.723767822265625000e+03
1.780080765048325020e+00 2.697937988281250000e+03
1.783513900564329457e+00 2.704752197265625000e+03
1.786947036080333895e+00 2.704298339843750000e+03
1.790380171596338554e+00 2.696604003906250000e+03
1.793813307112343214e+00 2.682816162109375000e+03
1.797246442628347429e+00 2.674964355468750000e+03
1.800679578144352089e+00 2.676311767578125000e+03
1.804112713660356304e+00 2.665000976562500000e+03
1.807545849176361186e+00 2.635547119140625000e+03
1.810978984692365401e+00 2.615498779296875000e+03
1.814412120208370061e+00 2.618869628906250000e+03
1.817845255724374276e+00 2.624855224609375000e+03
1.821278391240379158e+00 2.625052246093750000e+03
1.824711526756383373e+00 2.634076660156250000e+03
1.828144662272388032e+00 2.628141357421875000e+03
1.831577797788392248e+00 2.616487060546875000e+03
1.835010933304396907e+00 2.605253906250000000e+03
1.838444068820401345e+00 2.595625488281250000e+03
1.841877204336406004e+00 2.595148681640625000e+03
1.845310339852410220e+00 2.581835937500000000e+03
1.848743475368414879e+00 2.583812744140625000e+03
1.852176610884419317e+00 2.568174560546875000e+03
1.855609746400423976e+00 2.544364990234375000e+03
1.859042881916428192e+00 2.537169189453125000e+03
1.862476017432432851e+00 2.541739746093750000e+03
1.865909152948437288e+00 2.543869140625000000e+03
1.869342288464441948e+00 2.533350830078125000e+03
1.872775423980446163e+00 2.521938964843750000e+03
1.876208559496450823e+00 2.524945312500000000e+03
1.879641695012455260e+00 2.512870361328125000e+03
1.883074830528459920e+00 2.496417236328125000e+03
1.886507966044464135e+00 2.498161376953125000e+03
1.889941101560468795e+00 2.487941406250000000e+03
1.893374237076473010e+00 2.455347167968750000e+03
1.896807372592477892e+00 2.445153564453125000e+03
1.900240508108482107e+00 2.443395751953125000e+03
1.903673643624486767e+00 2.444869384765625000e+03
1.907106779140490982e+00 2.441693603515625000e+03
1.910539914656495419e+00 2.436086669921875000e+03
1.913973050172500079e+00 2.416434082031250000e+03
1.917406185688504294e+00 2.413979980468750000e+03
1.920839321204508954e+00 2.415459716796875000e+03
1.924272456720513391e+00 2.422390625000000000e+03
1.927705592236518051e+00 2.408201171875000000e+03
1.931138727752522266e+00 2.412354248046875000e+03
1.934571863268526926e+00 2.411103515625000000e+03
1.938004998784531363e+00 2.405541992187500000e+03
1.941438134300536023e+00 2.399066162109375000e+03
1.944871269816540238e+00 2.395788818359375000e+03
1.948304405332544897e+00 2.394998535156250000e+03
1.951737540848549335e+00 2.392448242187500000e+03
1.955170676364553994e+00 2.378784667968750000e+03
1.958603811880558210e+00 2.365345458984375000e+03
1.962036947396562869e+00 2.371510009765625000e+03
1.965470082912567085e+00 2.378550537109375000e+03
1.968903218428571966e+00 2.365858154296875000e+03
1.972336353944576182e+00 2.357781494140625000e+03
1.975769489460580841e+00 2.337848388671875000e+03
1.979202624976585057e+00 2.327710205078125000e+03
1.982635760492589938e+00 2.317023681640625000e+03
1.986068896008594153e+00 2.324787109375000000e+03
1.989502031524598813e+00 2.332439208984375000e+03
1.992935167040603028e+00 2.312558349609375000e+03
1.996368302556607688e+00 2.292912597656250000e+03
1.999801438072612125e+00 2.297710693359375000e+03
2.003234573588616563e+00 2.318482666015625000e+03
2.006667709104621000e+00 2.324288574218750000e+03
2.010100844620625882e+00 2.324212890625000000e+03
2.013533980136629875e+00 2.316384277343750000e+03
2.016967115652634757e+00 2.303479980468750000e+03
2.020400251168639194e+00 2.300782958984375000e+03
2.023833386684643632e+00 2.289455810546875000e+03
2.027266522200648069e+00 2.297858642578125000e+03
2.030699657716652506e+00 2.293980712890625000e+03
2.034132793232656944e+00 2.273680908203125000e+03
2.037565928748661825e+00 2.256235839843750000e+03
2.040999064264665819e+00 2.245923339843750000e+03
2.044432199780670700e+00 2.222327392578125000e+03
2.047865335296675138e+00 2.219799804687500000e+03
2.051298470812679575e+00 2.224420654296875000e+03
2.054731606328684013e+00 2.223429443359375000e+03
2.058164741844688006e+00 2.233865234375000000e+03
2.061597877360692888e+00 2.242591308593750000e+03
2.065031012876697325e+00 2.247536132812500000e+03
2.068464148392701762e+00 2.240691162109375000e+03
2.071897283908706200e+00 2.221393310546875000e+03
2.075330419424710637e+00 2.221612548828125000e+03
2.078763554940715075e+00 2.215805664062500000e+03
2.082196690456719956e+00 2.218245117187500000e+03
2.085629825972723950e+00 2.208603271484375000e+03
2.089062961488728831e+00 2.211919189453125000e+03
2.092496097004733269e+00 2.212107910156250000e+03
2.095929232520737706e+00 2.211219482421875000e+03
2.099362368036742144e+00 2.190453125000000000e+03
2.102795503552746581e+00 2.172530029296875000e+03
2.106228639068751018e+00 2.170903076171875000e+03
2.109661774584755900e+00 2.168977294921875000e+03
2.113094910100759893e+00 2.167645751953125000e+03
2.116528045616764775e+00 2.166876953125000000e+03
2.119961181132768768e+00 2.174598388671875000e+03
2.123394316648773650e+00 2.191960205078125000e+03
2.126827452164778087e+00 2.200478027343750000e+03
2.130260587680782525e+00 2.201633300781250000e+03
2.133693723196786962e+00 2.193871582031250000e+03
2.137126858712791844e+00 2.202155761718750000e+03
2.140559994228795837e+00 2.193944580078125000e+03
2.143993129744800719e+00 2.173350097656250000e+03
2.147426265260804712e+00 2.151497802734375000e+03
2.150859400776809593e+00 2.141766113281250000e+03
2.154292536292814031e+00 2.127844970703125000e+03
2.157725671808818468e+00 2.117723876953125000e+03
2.161158807324822906e+00 2.103820068359375000e+03
2.164591942840827343e+00 2.110649902343750000e+03
2.168025078356831781e+00 2.129962646484375000e+03
2.171458213872836662e+00 2.141323486328125000e+03
2.174891349388840656e+00 2.134308837890625000e+03
2.178324484904845537e+00 2.116662353515625000e+03
2.181757620420849975e+00 2.123153564453125000e+03
2.185190755936854412e+00 2.133249511718750000e+03
2.188623891452858850e+00 2.121060058593750000e+03
2.192057026968863287e+00 2.114445068359375000e+03
2.195490162484867724e+00 2.114897460937500000e+03
2.198923298000872162e+00 2.110796875000000000e+03
2.202356433516876599e+00 2.104583251953125000e+03
2.205789569032881037e+00 2.113777587890625000e+03
2.209222704548885918e+00 2.136275634765625000e+03
2.212655840064889912e+00 2.144742431640625000e+03
2.216088975580894793e+00 2.142714355468750000e+03
2.219522111096898787e+00 2.132774902343750000e+03
2.222955246612903668e+00 2.118643066406250000e+03
2.226388382128908106e+00 2.121646972656250000e+03
2.229821517644912543e+00 2.121926269531250000e+03
2.233254653160916980e+00 2.111078613281250000e+03
2.236687788676921418e+00 2.097884521484375000e+03
2.240120924192925855e+00 2.097825927734375000e+03
2.243554059708930737e+00 2.100385742187500000e+03
2.246987195224934730e+00 2.102628173828125000e+03
2.250420330740939612e+00 2.102706054687500000e+03
2.253853466256944049e+00 2.112643066406250000e+03
2.257286601772948487e+00 2.113046875000000000e+03
2.260719737288952924e+00 2.113883300781250000e+03
2.264152872804957362e+00 2.120341308593750000e+03
2.267586008320961799e+00 2.125796630859375000e+03
2.271019143836966681e+00 2.135539794921875000e+03
2.274452279352970674e+00 2.144198730468750000e+03
2.277885414868975555e+00 2.152902587890625000e+03
2.281318550384979549e+00 2.154911376953125000e+03
2.284751685900984430e+00 2.172649658203125000e+03
2.288184821416988868e+00 2.182389404296875000e+03
2.291617956932993305e+00 2.188797851562500000e+03
2.295051092448997743e+00 2.205241699218750000e+03
2.298484227965002624e+00 2.219177490234375000e+03
2.301917363481006618e+00 2.228423095703125000e+03
2.305350498997011499e+00 2.247217285156250000e+03
2.308783634513015492e+00 2.263620605468750000e+03
2.312216770029020374e+00 2.286544433593750000e+03
2.315649905545024811e+00 2.293711425781250000e+03
2.319083041061029249e+00 2.313502197265625000e+03
2.322516176577033686e+00 2.349479980468750000e+03
2.325949312093038124e+00 2.384644531250000000e+03
2.329382447609042561e+00 2.412999755859375000e+03
2.332815583125047443e+00 2.444513671875000000e+03
2.336248718641051436e+00 2.499708496093750000e+03
2.339681854157056318e+00 2.566754150390625000e+03
2.343114989673060755e+00 2.634625732421875000e+03
2.346548125189064748e+00 2.751060546875000000e+03
2.349981260705069630e+00 2.877439697265625000e+03
2.353414396221073623e+00 3.084539794921875000e+03
2.356847531737078505e+00 3.446667968750000000e+03
2.360280667253082942e+00 4.137627441406250000e+03
2.363713802769087380e+00 5.677563964843750000e+03
2.367146938285091817e+00 8.639803710937500000e+03
2.370580073801096255e+00 1.718836328125000000e+04
2.374013209317100692e+00 3.189767382812500000e+04
2.377446344833105574e+00 5.394292187500000000e+04
2.380879480349109567e+00 7.590471875000000000e+04
2.384312615865114449e+00 8.336317968750000000e+04
2.387745751381118886e+00 6.841407812500000000e+04
2.391178886897123324e+00 5.021171093750000000e+04
2.394612022413127761e+00 2.725088867187500000e+04
2.398045157929132198e+00 1.363455761718750000e+04
2.401478293445136636e+00 8.091788085937500000e+03
2.404911428961141517e+00 5.095928710937500000e+03
2.408344564477145511e+00 4.008034667968750000e+03
2.411777699993150392e+00 3.307556640625000000e+03
2.415210835509154830e+00 3.023551513671875000e+03
2.418643971025159267e+00 2.796062500000000000e+03
2.422077106541163705e+00 2.676940673828125000e+03
2.425510242057168142e+00 2.571139892578125000e+03
2.428943377573172580e+00 2.498819580078125000e+03
2.432376513089177461e+00 2.408086669921875000e+03
2.435809648605181454e+00 2.354114746093750000e+03
2.439242784121186336e+00 2.298170898437500000e+03
2.442675919637190329e+00 2.262787353515625000e+03
2.446109055153195211e+00 2.226583007812500000e+03
2.449542190669199648e+00 2.206483398437500000e+03
2.452975326185204086e+00 2.178132568359375000e+03
2.456408461701208523e+00 2.162267333984375000e+03
2.459841597217213405e+00 2.142568847656250000e+03
2.463274732733217398e+00 2.125058593750000000e+03
2.466707868249222280e+00 2.099380126953125000e+03
2.470141003765226273e+00 2.076715332031250000e+03
2.473574139281231155e+00 2.059600097656250000e+03
2.477007274797235592e+00 2.039744506835937500e+03
2.480440410313240029e+00 2.020430297851562500e+03
2.483873545829244467e+00 1.992787963867187500e+03
2.487306681345248904e+00 1.984920166015625000e+03
2.490739816861253342e+00 1.969908203125000000e+03
2.494172952377257779e+00 1.949023315429687500e+03
2.497606087893262217e+00 1.920299804687500000e+03
2.501039223409266654e+00 1.913408447265625000e+03
2.504472358925271536e+00 1.910447387695312500e+03
2.507905494441275529e+00 1.905020629882812500e+03
2.511338629957280411e+00 1.895391723632812500e+03
2.514771765473284404e+00 1.894480224609375000e+03
2.518204900989289285e+00 1.876805664062500000e+03
2.521638036505293723e+00 1.857846923828125000e+03
2.525071172021298160e+00 1.853287841796875000e+03
2.528504307537302598e+00 1.857520629882812500e+03
2.531937443053307035e+00 1.864682739257812500e+03
2.535370578569311473e+00 1.861471801757812500e+03
2.538803714085316354e+00 1.853814086914062500e+03
2.542236849601320348e+00 1.842272094726562500e+03
2.545669985117325229e+00 1.822695800781250000e+03
2.549103120633329667e+00 1.801927978515625000e+03
2.552536256149334104e+00 1.800062133789062500e+03
2.555969391665338541e+00 1.797524291992187500e+03
2.559402527181342979e+00 1.802673706054687500e+03
2.562835662697347416e+00 1.796090332031250000e+03
2.566268798213352298e+00 1.787827636718750000e+03
2.569701933729356291e+00 1.768786743164062500e+03
2.573135069245361173e+00 1.748099243164062500e+03
2.576568204761365610e+00 1.744252319335937500e+03
2.580001340277370048e+00 1.746520385742187500e+03
2.583434475793374485e+00 1.746047241210937500e+03
2.586867611309378923e+00 1.734562500000000000e+03
2.590300746825383360e+00 1.733122680664062500e+03
2.593733882341388242e+00 1.733347656250000000e+03
2.597167017857392235e+00 1.739861450195312500e+03
2.600600153373397116e+00 1.732453979492187500e+03
2.604033288889401110e+00 1.727572021484375000e+03
2.607466424405405991e+00 1.718270751953125000e+03
2.610899559921410429e+00 1.707315795898437500e+03
2.614332695437414866e+00 1.696445068359375000e+03
2.617765830953419304e+00 1.690068603515625000e+03
2.621198966469423741e+00 1.691826049804687500e+03
2.624632101985428179e+00 1.672801635742187500e+03
2.628065237501433060e+00 1.673997070312500000e+03
2.631498373017437054e+00 1.680990112304687500e+03
2.634931508533441935e+00 1.687942749023437500e+03
2.638364644049446373e+00 1.671008178710937500e+03
2.641797779565450366e+00 1.659253784179687500e+03
2.645230915081455247e+00 1.653193847656250000e+03
2.648664050597459685e+00 1.643265869140625000e+03
2.652097186113464122e+00 1.639636352539062500e+03
2.655530321629468560e+00 1.652824462890625000e+03
2.658963457145472997e+00 1.653453369140625000e+03
2.662396592661477435e+00 1.652496582031250000e+03
2.665829728177482316e+00 1.648633789062500000e+03
2.669262863693486310e+00 1.631967163085937500e+03
2.672695999209491191e+00 1.619360229492187500e+03
2.676129134725495184e+00 1.618431884765625000e+03
2.679562270241500066e+00 1.627364013671875000e+03
2.682995405757504503e+00 1.619459838867187500e+03
2.686428541273508941e+00 1.621793457031250000e+03
2.689861676789513378e+00 1.640862304687500000e+03
2.693294812305517816e+00 1.632302490234375000e+03
2.696727947821522253e+00 1.626729003906250000e+03
2.700161083337527135e+00 1.627941040039062500e+03
2.703594218853531128e+00 1.625118652343750000e+03
2.707027354369536010e+00 1.626654174804687500e+03
2.710460489885540447e+00 1.616986572265625000e+03
2.713893625401544885e+00 1.620775756835937500e+03
2.717326760917549322e+00 1.621579345703125000e+03
2.720759896433553759e+00 1.618744018554687500e+03
2.724193031949558197e+00 1.614121459960937500e+03
2.727626167465563078e+00 1.617343261718750000e+03
2.731059302981567072e+00 1.602518310546875000e+03
2.734492438497571953e+00 1.589281250000000000e+03
2.737925574013576391e+00 1.582804443359375000e+03
2.741358709529580828e+00 1.589244018554687500e+03
2.744791845045585266e+00 1.597347656250000000e+03
2.748224980561589703e+00 1.596904785156250000e+03
2.751658116077594141e+00 1.593500732421875000e+03
2.755091251593599022e+00 1.595005859375000000e+03
2.758524387109603015e+00 1.594558715820312500e+03
2.761957522625607897e+00 1.587843872070312500e+03
2.765390658141611890e+00 1.584851684570312500e+03
2.768823793657616772e+00 1.577084716796875000e+03
2.772256929173621209e+00 1.573569335937500000e+03
2.775690064689625647e+00 1.568266845703125000e+03
2.779123200205630084e+00 1.566188476562500000e+03
2.782556335721634522e+00 1.572176147460937500e+03
2.785989471237638959e+00 1.575513061523437500e+03
2.789422606753643397e+00 1.568464721679687500e+03
2.792855742269647834e+00 1.569459472656250000e+03
2.796288877785652272e+00 1.567282348632812500e+03
2.799722013301657153e+00 1.563306640625000000e+03
2.803155148817661146e+00 1.560264404296875000e+03
2.806588284333666028e+00 1.560937011718750000e+03
2.810021419849670465e+00 1.554443481445312500e+03
2.813454555365674903e+00 1.563749511718750000e+03
2.816887690881679340e+00 1.562336547851562500e+03
2.820320826397683778e+00 1.551311767578125000e+03
2.823753961913688215e+00 1.551636230468750000e+03
2.827187097429693097e+00 1.569618774414062500e+03
2.830620232945697090e+00 1.571674194335937500e+03
2.834053368461701972e+00 1.584382812500000000e+03
2.837486503977705965e+00 1.587272338867187500e+03
2.840919639493710847e+00 1.583892211914062500e+03
2.844352775009715284e+00 1.591222534179687500e+03
2.847785910525719721e+00 1.588564453125000000e+03
2.851219046041724159e+00 1.594557617187500000e+03
2.854652181557728596e+00 1.609561279296875000e+03
2.858085317073733034e+00 1.608385253906250000e+03
2.861518452589737915e+00 1.607528930664062500e+03
2.864951588105741909e+00 1.617928710937500000e+03
2.868384723621746790e+00 1.650049682617187500e+03
2.871817859137751228e+00 1.666799682617187500e+03
2.875250994653755665e+00 1.706356201171875000e+03
2.878684130169760103e+00 1.756780273437500000e+03
2.882117265685764540e+00 1.786310058593750000e+03
2.885550401201768977e+00 1.827527099609375000e+03
2.888983536717773859e+00 1.923363891601562500e+03
2.892416672233777852e+00 2.051168212890625000e+03
2.895849807749782734e+00 2.298154296875000000e+03
2.899282943265787171e+00 2.762814453125000000e+03
2.902716078781791609e+00 3.895770751953125000e+03
2.906149214297796046e+00 6.197223632812500000e+03
2.909582349813800484e+00 1.223687500000000000e+04
2.913015485329804921e+00 2.040895312500000000e+04
2.916448620845809803e+00 2.725740820312500000e+04
2.919881756361813796e+00 3.054100781250000000e+04
2.923314891877818678e+00 2.731101562500000000e+04
2.926748027393822671e+00 1.839683398437500000e+04
2.930181162909827552e+00 1.214012792968750000e+04
2.933614298425831990e+00 6.217742675781250000e+03
2.937047433941835983e+00 3.994001953125000000e+03
2.940480569457840865e+00 2.728785644531250000e+03
2.943913704973845302e+00 2.299770996093750000e+03
2.947346840489849740e+00 2.020489501953125000e+03
2.950779976005854177e+00 1.888282104492187500e+03
2.954213111521858615e+00 1.790639038085937500e+03
2.957646247037863052e+00 1.746089721679687500e+03
2.961079382553867934e+00 1.702744506835937500e+03
2.964512518069871927e+00 1.659276367187500000e+03
2.967945653585876808e+00 1.621452148437500000e+03
2.971378789101881246e+00 1.607165771484375000e+03
2.974811924617885683e+00 1.589660156250000000e+03
2.978245060133890121e+00 1.568566162109375000e+03
2.981678195649894558e+00 1.551025268554687500e+03
2.985111331165898996e+00 1.542437377929687500e+03
2.988544466681903877e+00 1.532471435546875000e+03
2.991977602197907871e+00 1.511669677734375000e+03
2.995410737713912752e+00 1.506933715820312500e+03
2.998843873229916746e+00 1.481752685546875000e+03
3.002277008745921627e+00 1.472072143554687500e+03
3.005710144261926065e+00 1.463076293945312500e+03
3.009143279777930502e+00 1.465392700195312500e+03
3.012576415293934939e+00 1.462700073242187500e+03
3.016009550809939377e+00 1.452767578125000000e+03
3.019442686325943814e+00 1.438379150390625000e+03
3.022875821841948696e+00 1.427510375976562500e+03
3.026308957357952689e+00 1.419696777343750000e+03
3.029742092873957571e+00 1.420879760742187500e+03
3.033175228389962008e+00 1.425945800781250000e+03
3.036608363905966446e+00 1.417930419921875000e+03
3.040041499421970883e+00 1.411204956054687500e+03
3.043474634937975321e+00 1.402688110351562500e+03
3.046907770453979758e+00 1.395120849609375000e+03
3.050340905969984640e+00 1.387753417968750000e+03
3.053774041485988633e+00 1.380103759765625000e+03
3.057207177001993514e+00 1.378957519531250000e+03
3.060640312517997952e+00 1.369211669921875000e+03
3.064073448034002389e+00 1.367861083984375000e+03
3.067506583550006827e+00 1.374470092773437500e+03
3.070939719066011264e+00 1.366957153320312500e+03
3.074372854582015702e+00 1.354615600585937500e+03
3.077805990098020583e+00 1.353405273437500000e+03
3.081239125614024577e+00 1.352416015625000000e+03
3.084672261130029014e+00 1.345460205078125000e+03
3.088105396646033451e+00 1.342701782226562500e+03
3.091538532162037889e+00 1.343978271484375000e+03
3.094971667678042770e+00 1.335933959960937500e+03
3.098404803194046764e+00 1.320213134765625000e+03
3.101837938710051645e+00 1.327467773437500000e+03
3.105271074226056083e+00 1.331095214843750000e+03
3.108704209742060520e+00 1.321465454101562500e+03
3.112137345258064958e+00 1.328553588867187500e+03
3.115570480774069395e+00 1.341768676757812500e+03
3.119003616290073833e+00 1.339035278320312500e+03
3.122436751806078714e+00 1.335491699218750000e+03
3.125869887322082707e+00 1.354644531250000000e+03
3.129303022838087589e+00 1.359765502929687500e+03
3.132736158354092026e+00 1.343174072265625000e+03
3.136169293870096464e+00 1.328904907226562500e+03
3.139602429386100901e+00 1.318303222656250000e+03
3.143035564902105339e+00 1.311584838867187500e+03
3.146468700418109776e+00 1.307108154296875000e+03
3.149901835934114658e+00 1.303593994140625000e+03
3.153334971450118651e+00 1.300239624023437500e+03
3.156768106966123533e+00 1.293323486328125000e+03
3.160201242482127526e+00 1.290304443359375000e+03
3.163634377998132408e+00 1.295942260742187500e+03
3.167067513514136845e+00 1.304410400390625000e+03
3.170500649030141282e+00 1.286498657226562500e+03
3.173933784546145720e+00 1.276681762695312500e+03
3.177366920062150157e+00 1.283943115234375000e+03
3.180800055578154595e+00 1.284117065429687500e+03
3.184233191094159476e+00 1.270628173828125000e+03
3.187666326610163470e+00 1.266597045898437500e+03
3.191099462126168351e+00 1.277837890625000000e+03
3.194532597642172789e+00 1.279161743164062500e+03
3.197965733158177226e+00 1.274294555664062500e+03
3.201398868674181664e+00 1.286010986328125000e+03
3.204832004190186101e+00 1.286281494140625000e+03
3.208265139706190539e+00 1.286045654296875000e+03
3.211698275222195420e+00 1.290695556640625000e+03
3.215131410738199413e+00 1.289152099609375000e+03
3.218564546254204295e+00 1.274210083007812500e+03
3.221997681770208732e+00 1.271309448242187500e+03
3.225430817286212726e+00 1.282928588867187500e+03
3.228863952802217607e+00 1.287513183593750000e+03
3.232297088318221601e+00 1.279703857421875000e+03
3.235730223834226482e+00 1.279091064453125000e+03
3.239163359350230920e+00 1.281294799804687500e+03
3.242596494866235357e+00 1.275182128906250000e+03
3.246029630382239795e+00 1.269737670898437500e+03
3.249462765898244232e+00 1.266976440429687500e+03
3.252895901414248669e+00 1.267178955078125000e+03
3.256329036930253551e+00 1.270133911132812500e+03
3.259762172446257544e+00 1.277932617187500000e+03
3.263195307962262426e+00 1.283735839843750000e+03
3.266628443478266863e+00 1.279983886718750000e+03
3.270061578994271301e+00 1.280972656250000000e+03
3.273494714510275738e+00 1.284336547851562500e+03
3.276927850026280176e+00 1.276972534179687500e+03
3.280360985542284613e+00 1.278335449218750000e+03
3.283794121058289495e+00 1.284672363281250000e+03
3.287227256574293488e+00 1.284928466796875000e+03
3.290660392090298370e+00 1.289186889648437500e+03
3.294093527606302807e+00 1.305741943359375000e+03
3.297526663122307244e+00 1.316719360351562500e+03
3.300959798638311682e+00 1.326026489257812500e+03
3.304392934154316119e+00 1.336577880859375000e+03
3.307826069670320557e+00 1.343991577148437500e+03
3.311259205186325438e+00 1.360675170898437500e+03
3.314692340702329432e+00 1.364540039062500000e+03
3.318125476218334313e+00 1.361672363281250000e+03
3.321558611734338307e+00 1.365390747070312500e+03
3.324991747250343188e+00 1.387330810546875000e+03
3.328424882766347626e+00 1.411144775390625000e+03
3.331858018282352063e+00 1.430845092773437500e+03
3.335291153798356500e+00 1.456012695312500000e+03
3.338724289314360938e+00 1.508276245117187500e+03
3.342157424830365375e+00 1.594578125000000000e+03
3.345590560346370257e+00 1.736689941406250000e+03
3.349023695862374250e+00 2.077014892578125000e+03
3.352456831378379132e+00 2.672175537109375000e+03
3.355889966894383569e+00 4.428985351562500000e+03
3.359323102410388007e+00 6.870244140625000000e+03
3.362756237926392444e+00 1.543498144531250000e+04
3.366189373442396882e+00 2.073046484375000000e+04
3.369622508958401319e+00 2.451229687500000000e+04
3.373055644474405756e+00 2.621439843750000000e+04
3.376488779990410194e+00 1.851458398437500000e+04
3.379921915506414631e+00 1.027233886718750000e+04
3.383355051022419513e+00 6.023313476562500000e+03
3.386788186538423506e+00 3.360462402343750000e+03
3.390221322054428388e+00 2.391753662109375000e+03
3.393654457570432381e+00 1.899156616210937500e+03
3.397087593086437263e+00 1.681436401367187500e+03
3.400520728602441700e+00 1.553720214843750000e+03
3.403953864118446138e+00 1.489216430664062500e+03
3.407386999634450575e+00 1.441711181640625000e+03
3.410820135150455013e+00 1.409041503906250000e+03
3.414253270666459450e+00 1.373948974609375000e+03
3.417686406182464331e+00 1.349369262695312500e+03
3.421119541698468325e+00 1.329702026367187500e+03
3.424552677214473206e+00 1.315999633789062500e+03
3.427985812730477644e+00 1.310862304687500000e+03
3.431418948246482081e+00 1.310339721679687500e+03
3.434852083762486519e+00 1.305873291015625000e+03
3.438285219278490956e+00 1.301576782226562500e+03
3.441718354794495394e+00 1.296372680664062500e+03
3.445151490310500275e+00 1.282951904296875000e+03
3.448584625826504269e+00 1.281607666015625000e+03
3.452017761342509150e+00 1.263054687500000000e+03
3.455450896858513143e+00 1.249840087890625000e+03
3.458884032374518025e+00 1.251746704101562500e+03
3.462317167890522462e+00 1.246919311523437500e+03
3.465750303406526900e+00 1.233400878906250000e+03
3.469183438922531337e+00 1.207789672851562500e+03
3.472616574438536219e+00 1.200070312500000000e+03
3.476049709954540212e+00 1.196103759765625000e+03
3.479482845470545094e+00 1.196875610351562500e+03
3.482915980986549087e+00 1.192282226562500000e+03
3.486349116502553969e+00 1.192771728515625000e+03
3.489782252018558406e+00 1.199539794921875000e+03
3.493215387534562844e+00 1.204527709960937500e+03
3.496648523050567281e+00 1.195308471679687500e+03
3.500081658566571718e+00 1.189468750000000000e+03
3.503514794082576156e+00 1.182270629882812500e+03
3.506947929598581037e+00 1.174771728515625000e+03
3.510381065114585031e+00 1.180272705078125000e+03
3.513814200630589912e+00 1.170666137695312500e+03
3.517247336146594350e+00 1.164683349609375000e+03
3.520680471662598343e+00 1.169597412109375000e+03
3.524113607178603225e+00 1.173309326171875000e+03
3.527546742694607218e+00 1.168134277343750000e+03
3.530979878210612100e+00 1.169204956054687500e+03
3.534413013726616537e+00 1.172049926757812500e+03
3.537846149242620974e+00 1.165078735351562500e+03
3.541279284758625412e+00 1.153507202148437500e+03
3.544712420274630293e+00 1.145630859375000000e+03
3.548145555790634287e+00 1.153200683593750000e+03
3.551578691306639168e+00 1.163954833984375000e+03
3.555011826822643162e+00 1.166250000000000000e+03
3.558444962338648043e+00 1.160025390625000000e+03
3.561878097854652481e+00 1.153976440429687500e+03
3.565311233370656918e+00 1.143078491210937500e+03
3.568744368886661356e+00 1.145269653320312500e+03
3.572177504402665793e+00 1.152349243164062500e+03
3.575610639918670230e+00 1.156503906250000000e+03
3.579043775434675112e+00 1.159418212890625000e+03
3.582476910950679105e+00 1.159328369140625000e+03
3.585910046466683987e+00 1.157201904296875000e+03
3.589343181982688424e+00 1.157164428710937500e+03
3.592776317498692418e+00 1.156453857421875000e+03
3.596209453014697299e+00 1.161329467773437500e+03
3.599642588530701737e+00 1.164426513671875000e+03
3.603075724046706618e+00 1.164477050781250000e+03
3.606508859562710612e+00 1.160161621093750000e+03
3.609941995078715049e+00 1.155195678710937500e+03
3.613375130594719931e+00 1.158263061523437500e+03
3.616808266110724368e+00 1.162393066406250000e+03
3.620241401626728361e+00 1.162943603515625000e+03
3.623674537142733243e+00 1.158313354492187500e+03
3.627107672658737680e+00 1.151460327148437500e+03
3.630540808174742562e+00 1.157977539062500000e+03
3.633973943690746555e+00 1.172434326171875000e+03
3.637407079206750993e+00 1.182908691406250000e+03
3.640840214722755874e+00 1.183614868164062500e+03
3.644273350238760312e+00 1.182984985351562500e+03
3.647706485754764305e+00 1.182763671875000000e+03
3.651139621270769187e+00 1.185318359375000000e+03
3.654572756786773624e+00 1.192495239257812500e+03
3.658005892302778506e+00 1.184944946289062500e+03
3.661439027818782499e+00 1.177705810546875000e+03
3.664872163334786936e+00 1.184827514648437500e+03
3.668305298850791818e+00 1.189020751953125000e+03
3.671738434366795367e+00 1.195442138671875000e+03
3.675171569882800249e+00 1.218094116210937500e+03
3.678604705398805130e+00 1.228538330078125000e+03
3.682037840914809568e+00 1.230265991210937500e+03
3.685470976430813561e+00 1.239837768554687500e+03
3.688904111946817999e+00 1.253256225585937500e+03
3.692337247462822880e+00 1.258569580078125000e+03
3.695770382978827762e+00 1.266432739257812500e+03
3.699203518494831311e+00 1.280355834960937500e+03
3.702636654010836192e+00 1.286794433593750000e+03
3.706069789526840630e+00 1.293747558593750000e+03
3.709502925042845511e+00 1.311048706054687500e+03
3.712936060558849505e+00 1.327834228515625000e+03
3.716369196074853942e+00 1.345833984375000000e+03
3.719802331590858824e+00 1.381161499023437500e+03
3.723235467106863705e+00 1.417598510742187500e+03
3.726668602622867255e+00 1.474227050781250000e+03
3.730101738138872136e+00 1.528718750000000000e+03
3.733534873654876574e+00 1.612914184570312500e+03
3.736968009170881455e+00 1.706474121093750000e+03
3.740401144686885448e+00 1.871598999023437500e+03
3.743834280202889886e+00 2.117634521484375000e+03
3.747267415718894767e+00 2.665223144531250000e+03
3.750700551234899205e+00 3.672764648437500000e+03
3.754133686750903198e+00 6.288160156250000000e+03
3.757566822266908080e+00 1.152113769531250000e+04
3.760999957782912517e+00 2.275947656250000000e+04
3.764433093298917399e+00 3.507619531250000000e+04
3.767866228814921392e+00 4.515256250000000000e+04
3.771299364330925830e+00 4.564942968750000000e+04
3.774732499846930711e+00 3.657837109375000000e+04
3.778165635362935149e+00 2.199112109375000000e+04
3.781598770878939142e+00 1.203115429687500000e+04
3.785031906394944023e+00 5.945192871093750000e+03
3.788465041910948461e+00 3.692774902343750000e+03
3.791898177426953342e+00 2.573171142578125000e+03
3.795331312942957336e+00 2.107906494140625000e+03
3.798764448458961773e+00 1.825893676757812500e+03
3.802197583974966655e+00 1.682265502929687500e+03
3.805630719490971092e+00 1.571665405273437500e+03
3.809063855006975086e+00 1.504837402343750000e+03
3.812496990522979967e+00 1.434617309570312500e+03
3.815930126038984405e+00 1.402373657226562500e+03
3.819363261554988398e+00 1.379483520507812500e+03
3.822796397070993279e+00 1.356276123046875000e+03
3.826229532586997717e+00 1.328319824218750000e+03
3.829662668103002598e+00 1.308618896484375000e+03
3.833095803619006148e+00 1.291144409179687500e+03
3.836528939135011029e+00 1.270191406250000000e+03
3.839962074651015911e+00 1.251738037109375000e+03
3.843395210167020348e+00 1.224369384765625000e+03
3.846828345683024342e+00 1.205360351562500000e+03
3.850261481199028779e+00 1.200490478515625000e+03
3.853694616715033661e+00 1.191071655273437500e+03
3.857127752231038542e+00 1.173967895507812500e+03
3.860560887747042091e+00 1.161227661132812500e+03
3.863994023263046973e+00 1.153731079101562500e+03
3.867427158779051410e+00 1.150342163085937500e+03
3.870860294295056292e+00 1.141447265625000000e+03
3.874293429811060285e+00 1.140766723632812500e+03
3.877726565327064723e+00 1.140026245117187500e+03
3.881159700843069604e+00 1.134744750976562500e+03
3.884592836359074486e+00 1.113476684570312500e+03
3.888025971875078035e+00 1.097079101562500000e+03
3.891459107391082917e+00 1.083842773437500000e+03
3.894892242907087354e+00 1.089654296875000000e+03
3.898325378423092236e+00 1.097054809570312500e+03
3.901758513939096229e+00 1.092083496093750000e+03
3.905191649455100666e+00 1.077331298828125000e+03
3.908624784971105548e+00 1.074422119140625000e+03
3.912057920487109985e+00 1.070093017578125000e+03
3.915491056003113979e+00 1.070281860351562500e+03
3.918924191519118860e+00 1.074056518554687500e+03
3.922357327035123298e+00 1.064122924804687500e+03
3.925790462551128179e+00 1.054377807617187500e+03
3.929223598067132173e+00 1.050223266601562500e+03
3.932656733583136610e+00 1.057349365234375000e+03
3.936089869099141492e+00 1.063427246093750000e+03
3.939523004615145929e+00 1.056835327148437500e+03
3.942956140131149922e+00 1.045042114257812500e+03
3.946389275647154804e+00 1.041348632812500000e+03
3.949822411163159241e+00 1.041899291992187500e+03
3.953255546679164123e+00 1.037656372070312500e+03
3.956688682195168116e+00 1.031612792968750000e+03
3.960121817711172554e+00 1.029368774414062500e+03
3.963554953227177435e+00 1.029617187500000000e+03
3.966988088743181429e+00 1.034744262695312500e+03
3.970421224259185866e+00 1.042245971679687500e+03
3.973854359775190748e+00 1.047086181640625000e+03
3.977287495291195185e+00 1.035318359375000000e+03
3.980720630807199178e+00 1.032180664062500000e+03
3.984153766323204060e+00 1.034381591796875000e+03
3.987586901839208497e+00 1.029350708007812500e+03
3.991020037355213379e+00 1.027958251953125000e+03
3.994453172871216928e+00 1.040501220703125000e+03
3.997886308387221810e+00 1.047212768554687500e+03
4.001319443903226691e+00 1.041832031250000000e+03
4.004752579419231573e+00 1.031977661132812500e+03
4.008185714935234678e+00 1.039612304687500000e+03
4.011618850451239560e+00 1.044233154296875000e+03
4.015051985967244441e+00 1.042054687500000000e+03
4.018485121483249323e+00 1.044471191406250000e+03
4.021918256999253316e+00 1.053504150390625000e+03
4.025351392515257309e+00 1.063549316406250000e+03
4.028784528031262191e+00 1.068254638671875000e+03
4.032217663547267072e+00 1.069644775390625000e+03
4.035650799063271066e+00 1.078553100585937500e+03
4.039083934579275947e+00 1.069870727539062500e+03
4.042517070095279941e+00 1.063922973632812500e+03
4.045950205611284822e+00 1.064094482421875000e+03
4.049383341127288816e+00 1.078678588867187500e+03
4.052816476643293697e+00 1.092930541992187500e+03
4.056249612159298579e+00 1.104748657226562500e+03
4.059682747675302572e+00 1.111044555664062500e+03
4.063115883191306565e+00 1.115784057617187500e+03
4.066549018707311447e+00 1.124793701171875000e+03
4.069982154223316329e+00 1.132419189453125000e+03
4.073415289739321210e+00 1.142291870117187500e+03
4.076848425255325203e+00 1.167300659179687500e+03
4.080281560771329197e+00 1.191956176757812500e+03
4.083714696287334078e+00 1.215755615234375000e+03
4.087147831803338960e+00 1.241311279296875000e+03
4.090580967319342953e+00 1.279012451171875000e+03
4.094014102835347835e+00 1.321013549804687500e+03
4.097447238351351828e+00 1.388805419921875000e+03
4.100880373867356710e+00 1.496641967773437500e+03
4.104313509383360703e+00 1.672039794921875000e+03
4.107746644899365585e+00 2.001710083007812500e+03
4.111179780415370466e+00 2.639798828125000000e+03
4.114612915931374459e+00 4.198638183593750000e+03
4.118046051447378453e+00 7.240400390625000000e+03
4.121479186963383334e+00 1.394979394531250000e+04
4.124912322479388216e+00 2.071662500000000000e+04
4.128345457995392209e+00 3.211113085937500000e+04
4.131778593511397091e+00 3.222628125000000000e+04
4.135211729027401084e+00 2.717561523437500000e+04
4.138644864543405966e+00 1.834309765625000000e+04
4.142078000059409959e+00 9.660916015625000000e+03
4.145511135575414841e+00 4.419842773437500000e+03
4.148944271091419722e+00 2.938989257812500000e+03
4.152377406607423715e+00 2.028590942382812500e+03
4.155810542123427709e+00 1.718744018554687500e+03
4.159243677639432590e+00 1.511412841796875000e+03
4.162676813155437472e+00 1.418950195312500000e+03
4.166109948671442353e+00 1.344843750000000000e+03
4.169543084187445459e+00 1.288089965820312500e+03
4.172976219703450340e+00 1.248581542968750000e+03
4.176409355219455222e+00 1.212696777343750000e+03
4.179842490735460103e+00 1.187978759765625000e+03
4.183275626251464097e+00 1.163313964843750000e+03
4.186708761767468090e+00 1.147978271484375000e+03
4.190141897283472971e+00 1.136151733398437500e+03
4.193575032799477853e+00 1.130600830078125000e+03
4.197008168315481846e+00 1.128760009765625000e+03
4.200441303831486728e+00 1.118569824218750000e+03
4.203874439347490721e+00 1.105228271484375000e+03
4.207307574863495603e+00 1.093089477539062500e+03
4.210740710379499596e+00 1.078231811523437500e+03
4.214173845895504478e+00 1.065246093750000000e+03
4.217606981411509359e+00 1.046711303710937500e+03
4.221040116927513353e+00 1.029254516601562500e+03
4.224473252443517346e+00 1.020116027832031250e+03
4.227906387959522228e+00 1.013091735839843750e+03
4.231339523475527109e+00 1.004474121093750000e+03
4.234772658991531991e+00 1.000812927246093750e+03
4.238205794507535984e+00 1.002113464355468750e+03
4.241638930023539977e+00 9.960585327148437500e+02
4.245072065539544859e+00 9.874960327148437500e+02
4.248505201055549740e+00 9.850261840820312500e+02
4.251938336571553734e+00 9.796780395507812500e+02
4.255371472087558615e+00 9.714802246093750000e+02
4.258804607603562609e+00 9.702321166992187500e+02
4.262237743119566602e+00 9.845289306640625000e+02
4.265670878635571484e+00 9.903721923828125000e+02
4.269104014151576365e+00 9.800034179687500000e+02
4.272537149667581247e+00 9.720559082031250000e+02
4.275970285183585240e+00 9.721398315429687500e+02
4.279403420699589233e+00 9.615947265625000000e+02
4.282836556215594115e+00 9.514216918945312500e+02
4.286269691731598996e+00 9.528162841796875000e+02
4.289702827247602990e+00 9.560124511718750000e+02
4.293135962763607871e+00 9.585729370117187500e+02
4.296569098279611865e+00 9.581383666992187500e+02
4.300002233795616746e+00 9.522637939453125000e+02
4.303435369311620740e+00 9.473049316406250000e+02
4.306868504827625621e+00 9.442063598632812500e+02
4.310301640343630503e+00 9.398580322265625000e+02
4.313734775859634496e+00 9.448753662109375000e+02
4.317167911375638489e+00 9.480728759765625000e+02
4.320601046891643371e+00 9.467000122070312500e+02
4.324034182407648252e+00 9.413178100585937500e+02
4.327467317923653134e+00 9.429175415039062500e+02
4.330900453439656239e+00 9.425040283203125000e+02
4.334333588955661121e+00 9.399601440429687500e+02
4.337766724471666002e+00 9.345190429687500000e+02
4.341199859987670884e+00 9.246137695312500000e+02
4.344632995503674877e+00 9.275062866210937500e+02
4.348066131019678870e+00 9.255193481445312500e+02
4.351499266535683752e+00 9.269519653320312500e+02
4.354932402051688634e+00 9.325851440429687500e+02
4.358365537567692627e+00 9.277567138671875000e+02
4.361798673083697508e+00 9.137392578125000000e+02
4.365231808599701502e+00 9.147476806640625000e+02
4.368664944115706383e+00 9.141047363281250000e+02
4.372098079631710377e+00 9.143190917968750000e+02
4.375531215147715258e+00 9.291800537109375000e+02
4.378964350663720140e+00 9.326997680664062500e+02
4.382397486179724133e+00 9.194740600585937500e+02
4.385830621695728126e+00 9.149248046875000000e+02
4.389263757211733008e+00 9.139082641601562500e+02
4.392696892727737890e+00 9.157611694335937500e+02
4.396130028243741883e+00 9.208900756835937500e+02
4.399563163759746764e+00 9.275068359375000000e+02
4.402996299275750758e+00 9.229016723632812500e+02
4.406429434791755639e+00 9.189679565429687500e+02
4.409862570307759633e+00 9.175270385742187500e+02
4.413295705823764514e+00 9.213951416015625000e+02
4.416728841339769396e+00 9.216584472656250000e+02
4.420161976855773389e+00 9.190154418945312500e+02
4.423595112371777383e+00 9.233041381835937500e+02
4.427028247887782264e+00 9.243403930664062500e+02
4.430461383403787146e+00 9.208750610351562500e+02
4.433894518919792027e+00 9.242253417968750000e+02
4.437327654435796020e+00 9.235722045898437500e+02
4.440760789951800014e+00 9.150812988281250000e+02
4.444193925467804895e+00 9.134609985351562500e+02
4.447627060983809777e+00 9.100461425781250000e+02
4.451060196499813770e+00 9.040872192382812500e+02
4.454493332015818652e+00 9.078451538085937500e+02
4.457926467531822645e+00 9.108034667968750000e+02
4.461359603047827527e+00 9.096400146484375000e+02
4.464792738563831520e+00 9.062218627929687500e+02
4.468225874079836402e+00 9.090609130859375000e+02
4.471659009595841283e+00 9.181959838867187500e+02
4.475092145111845277e+00 9.155466308593750000e+02
4.478525280627849270e+00 9.144525756835937500e+02
4.481958416143854151e+00 9.115426025390625000e+02
4.485391551659859033e+00 8.944136352539062500e+02
4.488824687175863914e+00 8.887415771484375000e+02
4.492257822691867020e+00 9.004047851562500000e+02
4.495690958207871901e+00 9.108161010742187500e+02
4.499124093723876783e+00 9.172169189453125000e+02
4.502557229239881664e+00 9.100099487304687500e+02
4.505990364755885658e+00 9.001920776367187500e+02
4.509423500271889651e+00 8.965392456054687500e+02
4.512856635787894533e+00 8.986755981445312500e+02
4.516289771303899414e+00 9.058303222656250000e+02
4.519722906819903407e+00 8.994501342773437500e+02
4.523156042335908289e+00 8.912701416015625000e+02
4.526589177851912282e+00 8.912393188476562500e+02
4.530022313367917164e+00 8.847905273437500000e+02
4.533455448883921157e+00 8.747572631835937500e+02
4.536888584399926039e+00 8.753622436523437500e+02
4.540321719915930920e+00 8.816657104492187500e+02
4.543754855431934914e+00 8.898739624023437500e+02
4.547187990947938907e+00 8.908139648437500000e+02
4.550621126463943789e+00 8.881817016601562500e+02
4.554054261979948670e+00 8.939141235351562500e+02
4.557487397495952663e+00 8.941042480468750000e+02
4.560920533011957545e+00 8.917456665039062500e+02
4.564353668527961538e+00 8.843667602539062500e+02
4.567786804043966420e+00 8.824328613281250000e+02
4.571219939559970413e+00 8.924467163085937500e+02
4.574653075075975295e+00 8.938405761718750000e+02
4.578086210591980176e+00 8.891099853515625000e+02
4.581519346107984170e+00 8.851897583007812500e+02
4.584952481623988163e+00 8.868819580078125000e+02
4.588385617139993045e+00 8.857302856445312500e+02
4.591818752655997926e+00 8.777003173828125000e+02
4.595251888172002808e+00 8.786972045898437500e+02
4.598685023688006801e+00 8.916102905273437500e+02
4.602118159204010794e+00 8.895211791992187500e+02
4.605551294720015676e+00 8.806360473632812500e+02
4.608984430236020557e+00 8.825604248046875000e+02
4.612417565752024551e+00 8.869211425781250000e+02
4.615850701268029432e+00 8.888052368164062500e+02
4.619283836784033426e+00 8.938181152343750000e+02
4.622716972300038307e+00 8.940568847656250000e+02
4.626150107816042301e+00 8.897665405273437500e+02
4.629583243332047182e+00 8.938220825195312500e+02
4.633016378848052064e+00 8.890009765625000000e+02
4.636449514364056057e+00 8.755119628906250000e+02
4.639882649880060050e+00 8.737332763671875000e+02
4.643315785396064932e+00 8.782908935546875000e+02
4.646748920912069813e+00 8.826222534179687500e+02
4.650182056428074695e+00 8.858289184570312500e+02
4.653615191944077800e+00 8.942443237304687500e+02
4.657048327460082682e+00 8.925697021484375000e+02
4.660481462976087563e+00 8.873759765625000000e+02
4.663914598492092445e+00 8.957666015625000000e+02
4.667347734008096438e+00 8.981549682617187500e+02
4.670780869524100432e+00 8.951237182617187500e+02
4.674214005040105313e+00 8.949619750976562500e+02
4.677647140556110195e+00 9.010086059570312500e+02
4.681080276072114188e+00 9.037586669921875000e+02
4.684513411588119070e+00 9.063963012695312500e+02
4.687946547104123063e+00 9.154530029296875000e+02
4.691379682620127056e+00 9.134340820312500000e+02
4.694812818136131938e+00 9.107822265625000000e+02
4.698245953652136819e+00 9.167541503906250000e+02
4.701679089168141701e+00 9.293017578125000000e+02
4.705112224684145694e+00 9.297040405273437500e+02
4.708545360200149688e+00 9.262593383789062500e+02
4.711978495716154569e+00 9.265883178710937500e+02
4.715411631232159451e+00 9.287172851562500000e+02
4.718844766748163444e+00 9.428731079101562500e+02
4.722277902264168326e+00 9.530835571289062500e+02
4.725711037780172319e+00 9.739340820312500000e+02
4.729144173296177200e+00 9.836918945312500000e+02
4.732577308812181194e+00 1.000090942382812500e+03
4.736010444328186075e+00 1.014679870605468750e+03
4.739443579844190957e+00 1.049569702148437500e+03
4.742876715360194950e+00 1.107195190429687500e+03
4.746309850876198944e+00 1.231394409179687500e+03
4.749742986392203825e+00 1.419759765625000000e+03
4.753176121908208707e+00 1.963586303710937500e+03
4.756609257424213588e+00 2.863079833984375000e+03
4.760042392940217582e+00 5.267495605468750000e+03
4.763475528456221575e+00 7.933581542968750000e+03
4.766908663972226456e+00 9.457932617187500000e+03
4.770341799488231338e+00 9.099961914062500000e+03
4.773774935004235331e+00 7.085556152343750000e+03
4.777208070520240213e+00 4.238803222656250000e+03
4.780641206036244206e+00 2.667218505859375000e+03
4.784074341552249088e+00 1.716621337890625000e+03
4.787507477068253081e+00 1.378699829101562500e+03
4.790940612584257963e+00 1.177824584960937500e+03
4.794373748100262844e+00 1.092594116210937500e+03
4.797806883616266838e+00 1.040771606445312500e+03
4.801240019132270831e+00 1.013295043945312500e+03
4.804673154648275712e+00 9.892158813476562500e+02
4.808106290164280594e+00 9.739223022460937500e+02
4.811539425680285476e+00 9.615919799804687500e+02
4.814972561196288581e+00 9.467362060546875000e+02
4.818405696712293462e+00 9.420698852539062500e+02
4.821838832228298344e+00 9.374569091796875000e+02
4.825271967744303225e+00 9.271948852539062500e+02
4.828705103260307219e+00 9.279937133789062500e+02
4.832138238776311212e+00 9.267892456054687500e+02
4.835571374292316094e+00 9.318970947265625000e+02
4.839004509808320087e+00 9.315730590820312500e+02
4.842437645324324968e+00 9.308293457031250000e+02
4.845870780840329850e+00 9.317700805664062500e+02
4.849303916356333843e+00 9.211476440429687500e+02
4.852737051872337837e+00 9.291510620117187500e+02
4.856170187388342718e+00 9.387121582031250000e+02
4.859603322904347600e+00 9.364107666015625000e+02
4.863036458420352481e+00 9.221025390625000000e+02
4.866469593936356475e+00 9.204484252929687500e+02
4.869902729452360468e+00 9.236367187500000000e+02
4.873335864968365350e+00 9.187285156250000000e+02
4.876769000484370231e+00 9.049249877929687500e+02
4.880202136000374225e+00 8.965341796875000000e+02
4.883635271516379106e+00 8.974942016601562500e+02
4.887068407032383099e+00 9.025914916992187500e+02
4.890501542548387981e+00 9.146351318359375000e+02
4.893934678064391974e+00 9.202039184570312500e+02
4.897367813580396856e+00 9.219732055664062500e+02
4.900800949096401737e+00 9.139008178710937500e+02
4.904234084612405731e+00 9.009612426757812500e+02
4.907667220128409724e+00 8.977369995117187500e+02
4.911100355644414606e+00 8.983020629882812500e+02
4.914533491160419487e+00 9.035903320312500000e+02
4.917966626676424369e+00 8.969783325195312500e+02
4.921399762192428362e+00 8.999093627929687500e+02
4.924832897708432355e+00 9.151148681640625000e+02
4.928266033224437237e+00 9.206991577148437500e+02
4.931699168740442119e+00 9.190803833007812500e+02
4.935132304256446112e+00 9.211481323242187500e+02
4.938565439772450993e+00 9.217945556640625000e+02
4.941998575288454987e+00 9.236421508789062500e+02
4.945431710804459868e+00 9.246889648437500000e+02
4.948864846320463862e+00 9.281051635742187500e+02
4.952297981836468743e+00 9.384365234375000000e+02
4.955731117352473625e+00 9.427451171875000000e+02
4.959164252868477618e+00 9.416909179687500000e+02
4.962597388384481611e+00 9.450299072265625000e+02
4.966030523900486493e+00 9.464033813476562500e+02
4.969463659416491375e+00 9.489480590820312500e+02
4.972896794932496256e+00 9.482774047851562500e+02
4.976329930448499361e+00 9.560922851562500000e+02
4.979763065964504243e+00 9.716429443359375000e+02
4.983196201480509124e+00 9.870028686523437500e+02
4.986629336996513118e+00 9.867511596679687500e+02
4.990062472512517999e+00 1.003358215332031250e+03
4.993495608028521993e+00 1.028748291015625000e+03
4.996928743544526874e+00 1.039003662109375000e+03
5.000361879060530867e+00 1.042964233398437500e+03
5.003795014576535749e+00 1.050261962890625000e+03
5.007228150092540631e+00 1.065966186523437500e+03
5.010661285608544624e+00 1.095958374023437500e+03
5.014094421124548617e+00 1.118991821289062500e+03
5.017527556640553499e+00 1.161451660156250000e+03
5.020960692156558380e+00 1.209014282226562500e+03
5.024393827672563262e+00 1.277482055664062500e+03
5.027826963188567255e+00 1.358265136718750000e+03
5.031260098704571249e+00 1.518218383789062500e+03
5.034693234220576130e+00 1.754348754882812500e+03
5.038126369736581012e+00 2.302278076171875000e+03
5.041559505252585005e+00 3.289956298828125000e+03
5.044992640768589887e+00 5.795807617187500000e+03
5.048425776284593880e+00 1.081531542968750000e+04
5.051858911800598761e+00 1.811876171875000000e+04
5.055292047316602755e+00 2.821425976562500000e+04
5.058725182832607636e+00 3.226629882812500000e+04
5.062158318348612518e+00 2.765308789062500000e+04
5.065591453864616511e+00 1.922510546875000000e+04
5.069024589380620505e+00 9.233033203125000000e+03
5.072457724896625386e+00 5.333118164062500000e+03
5.075890860412630268e+00 2.953224853515625000e+03
5.079323995928635149e+00 2.190408447265625000e+03
5.082757131444638254e+00 1.698555419921875000e+03
5.086190266960643136e+00 1.506105468750000000e+03
5.089623402476648018e+00 1.353792358398437500e+03
5.093056537992652899e+00 1.281344848632812500e+03
5.096489673508656892e+00 1.232654907226562500e+03
5.099922809024661774e+00 1.201340820312500000e+03
5.103355944540665767e+00 1.159311401367187500e+03
5.106789080056670649e+00 1.131511718750000000e+03
5.110222215572674642e+00 1.101207397460937500e+03
5.113655351088679524e+00 1.075211059570312500e+03
5.117088486604684405e+00 1.056614135742187500e+03
5.120521622120688399e+00 1.040169799804687500e+03
5.123954757636692392e+00 1.025936157226562500e+03
5.127387893152697274e+00 1.014483703613281250e+03
5.130821028668702155e+00 1.006533996582031250e+03
5.134254164184706148e+00 9.940866699218750000e+02
5.137687299700710142e+00 9.828218383789062500e+02
5.141120435216715023e+00 9.768413696289062500e+02
5.144553570732719905e+00 9.738728637695312500e+02
5.147986706248723898e+00 9.699424438476562500e+02
5.151419841764728780e+00 9.622919311523437500e+02
5.154852977280732773e+00 9.540348510742187500e+02
5.158286112796737655e+00 9.419931030273437500e+02
5.161719248312741648e+00 9.367421875000000000e+02
5.165152383828746530e+00 9.315412597656250000e+02
5.168585519344751411e+00 9.324520874023437500e+02
5.172018654860755404e+00 9.357391967773437500e+02
5.175451790376759398e+00 9.339161376953125000e+02
5.178884925892764279e+00 9.248096923828125000e+02
5.182318061408769161e+00 9.194354858398437500e+02
5.185751196924774042e+00 9.150997314453125000e+02
5.189184332440778036e+00 9.143768310546875000e+02
5.192617467956782029e+00 9.155267333984375000e+02
5.196050603472786911e+00 9.129129638671875000e+02
5.199483738988791792e+00 9.182587280273437500e+02
5.202916874504795786e+00 9.152154541015625000e+02
5.206350010020800667e+00 9.104588012695312500e+02
5.209783145536804660e+00 9.069206542968750000e+02
5.213216281052809542e+00 9.087261352539062500e+02
5.216649416568813535e+00 9.129983520507812500e+02
5.220082552084818417e+00 9.168102416992187500e+02
5.223515687600823298e+00 9.209633789062500000e+02
5.226948823116827292e+00 9.228312377929687500e+02
5.230381958632831285e+00 9.262286376953125000e+02
5.233815094148836167e+00 9.241539916992187500e+02
5.237248229664841048e+00 9.186869506835937500e+02
5.240681365180845930e+00 9.238035278320312500e+02
5.244114500696849035e+00 9.401820678710937500e+02
5.247547636212853917e+00 9.460563964843750000e+02
5.250980771728858798e+00 9.462836303710937500e+02
5.254413907244863680e+00 9.470690917968750000e+02
5.257847042760867673e+00 9.436763916015625000e+02
5.261280178276872554e+00 9.473444213867187500e+02
5.264713313792876548e+00 9.543245239257812500e+02
5.268146449308881429e+00 9.667180175781250000e+02
5.271579584824885423e+00 9.763176269531250000e+02
5.275012720340890304e+00 9.898607177734375000e+02
5.278445855856895186e+00 1.008847778320312500e+03
5.281878991372898291e+00 1.024695434570312500e+03
5.285312126888903173e+00 1.036728515625000000e+03
5.288745262404908054e+00 1.045490966796875000e+03
5.292178397920912936e+00 1.067184204101562500e+03
5.295611533436916929e+00 1.100380493164062500e+03
5.299044668952920922e+00 1.142109985351562500e+03
5.302477804468925804e+00 1.211402587890625000e+03
5.305910939984930685e+00 1.319984252929687500e+03
5.309344075500934679e+00 1.532925415039062500e+03
5.312777211016939560e+00 1.947079589843750000e+03
5.316210346532943554e+00 2.865562255859375000e+03
5.319643482048948435e+00 4.932327148437500000e+03
5.323076617564952429e+00 8.974153320312500000e+03
5.326509753080957310e+00 1.598463085937500000e+04
5.329942888596962192e+00 2.081089843750000000e+04
5.333376024112966185e+00 2.124999218750000000e+04
5.336809159628970178e+00 1.640782031250000000e+04
5.340242295144975060e+00 9.846778320312500000e+03
5.343675430660979941e+00 5.368633300781250000e+03
5.347108566176984823e+00 2.980776123046875000e+03
5.350541701692988816e+00 2.029442749023437500e+03
5.353974837208992810e+00 1.576144409179687500e+03
5.357407972724997691e+00 1.358791870117187500e+03
5.360841108241002573e+00 1.237053588867187500e+03
5.364274243757006566e+00 1.169590087890625000e+03
5.367707379273011448e+00 1.115455322265625000e+03
5.371140514789015441e+00 1.085006835937500000e+03
5.374573650305020323e+00 1.064410400390625000e+03
5.378006785821024316e+00 1.033755981445312500e+03
5.381439921337029197e+00 1.009472045898437500e+03
5.384873056853034079e+00 9.925227661132812500e+02
5.388306192369038072e+00 9.763723144531250000e+02
5.391739327885042066e+00 9.693259887695312500e+02
5.395172463401046947e+00 9.597869262695312500e+02
5.398605598917051829e+00 9.482057495117187500e+02
5.402038734433056710e+00 9.344411621093750000e+02
5.405471869949059815e+00 9.383154907226562500e+02
5.408905005465064697e+00 9.443240966796875000e+02
5.412338140981069579e+00 9.393991699218750000e+02
5.415771276497074460e+00 9.307427368164062500e+02
5.419204412013078453e+00 9.262677001953125000e+02
5.422637547529083335e+00 9.279841918945312500e+02
5.426070683045087328e+00 9.218023071289062500e+02
5.429503818561091322e+00 9.139584350585937500e+02
5.432936954077096203e+00 9.092565917968750000e+02
5.436370089593101085e+00 9.094855346679687500e+02
5.439803225109105966e+00 9.040360107421875000e+02
5.443236360625109072e+00 9.012741699218750000e+02
5.446669496141113953e+00 9.003037109375000000e+02
5.450102631657118835e+00 8.906831665039062500e+02
5.453535767173123716e+00 8.897890625000000000e+02
5.456968902689127709e+00 8.940687255859375000e+02
5.460402038205131703e+00 8.967937622070312500e+02
5.463835173721136584e+00 8.926472778320312500e+02
5.467268309237141466e+00 8.822227783203125000e+02
5.470701444753145459e+00 8.785921020507812500e+02
5.474134580269150341e+00 8.777045288085937500e+02
5.477567715785154334e+00 8.812360839843750000e+02
5.481000851301159216e+00 8.745338134765625000e+02
5.484433986817163209e+00 8.774336547851562500e+02
5.487867122333168091e+00 8.917454223632812500e+02
5.491300257849172972e+00 8.926434936523437500e+02
5.494733393365176966e+00 8.840057983398437500e+02
5.498166528881180959e+00 8.854480590820312500e+02
5.501599664397185840e+00 8.913620605468750000e+02
5.505032799913190722e+00 8.882006225585937500e+02
5.508465935429195603e+00 8.961147460937500000e+02
5.511899070945199597e+00 9.025337524414062500e+02
5.515332206461203590e+00 9.151521606445312500e+02
5.518765341977208472e+00 9.221585083007812500e+02
5.522198477493213353e+00 9.231117553710937500e+02
5.525631613009217347e+00 9.203708496093750000e+02
5.529064748525222228e+00 9.206289062500000000e+02
5.532497884041226222e+00 9.213355712890625000e+02
5.535931019557231103e+00 9.210638427734375000e+02
5.539364155073235096e+00 9.331235961914062500e+02
5.542797290589239978e+00 9.457077026367187500e+02
5.546230426105244860e+00 9.651753540039062500e+02
5.549663561621248853e+00 9.817842407226562500e+02
5.553096697137252846e+00 9.869373779296875000e+02
5.556529832653257728e+00 1.000121948242187500e+03
5.559962968169262609e+00 1.030185302734375000e+03
5.563396103685267491e+00 1.078878417968750000e+03
5.566829239201270596e+00 1.161825439453125000e+03
5.570262374717275478e+00 1.291162231445312500e+03
5.573695510233280359e+00 1.611610351562500000e+03
5.577128645749284352e+00 2.162722900390625000e+03
5.580561781265289234e+00 3.691721679687500000e+03
5.583994916781293227e+00 5.960334472656250000e+03
5.587428052297298109e+00 1.073747851562500000e+04
5.590861187813302102e+00 1.333972167968750000e+04
5.594294323329306984e+00 1.330900585937500000e+04
5.597727458845311865e+00 1.087952441406250000e+04
5.601160594361316747e+00 6.220726074218750000e+03
5.604593729877319852e+00 3.501640380859375000e+03
5.608026865393324734e+00 2.124978515625000000e+03
5.611460000909329615e+00 1.553406616210937500e+03
5.614893136425334497e+00 1.295321166992187500e+03
5.618326271941338490e+00 1.168830444335937500e+03
5.621759407457342483e+00 1.112678710937500000e+03
5.625192542973347365e+00 1.057945434570312500e+03
5.628625678489352246e+00 1.019580749511718750e+03
5.632058814005356240e+00 9.981735229492187500e+02
5.635491949521361121e+00 9.799324340820312500e+02
5.638925085037365115e+00 9.604035644531250000e+02
5.642358220553369996e+00 9.499484252929687500e+02
5.645791356069373990e+00 9.429394531250000000e+02
5.649224491585378871e+00 9.341619262695312500e+02
5.652657627101383753e+00 9.232257080078125000e+02
5.656090762617387746e+00 9.119551391601562500e+02
5.659523898133391739e+00 8.946951293945312500e+02
5.662957033649396621e+00 8.943175048828125000e+02
5.666390169165401502e+00 9.037701416015625000e+02
5.669823304681406384e+00 9.082078857421875000e+02
5.673256440197410377e+00 9.101689453125000000e+02
5.676689575713414371e+00 8.941398925781250000e+02
5.680122711229419252e+00 8.863963623046875000e+02
5.683555846745424134e+00 8.884791259765625000e+02
5.686988982261428127e+00 8.810255126953125000e+02
5.690422117777433009e+00 8.771444091796875000e+02
5.693855253293437002e+00 8.766846313476562500e+02
5.697288388809441884e+00 8.745093994140625000e+02
5.700721524325445877e+00 8.737903442382812500e+02
5.704154659841450759e+00 8.773139038085937500e+02
5.707587795357455640e+00 8.693782958984375000e+02
5.711020930873459633e+00 8.659748535156250000e+02
5.714454066389463627e+00 8.655365600585937500e+02
5.717887201905468508e+00 8.645186157226562500e+02
5.721320337421473390e+00 8.556159057617187500e+02
5.724753472937477383e+00 8.570974731445312500e+02
5.728186608453481377e+00 8.678906860351562500e+02
5.731619743969486258e+00 8.718094482421875000e+02
5.735052879485491140e+00 8.665467529296875000e+02
5.738486015001495133e+00 8.661093750000000000e+02
5.741919150517500015e+00 8.699207153320312500e+02
5.745352286033504008e+00 8.666365356445312500e+02
5.748785421549508889e+00 8.618326416015625000e+02
5.752218557065512883e+00 8.580145263671875000e+02
5.755651692581517764e+00 8.602365722656250000e+02
5.759084828097522646e+00 8.603428955078125000e+02
5.762517963613527527e+00 8.591966552734375000e+02
5.765951099129530633e+00 8.571051635742187500e+02
5.769384234645535514e+00 8.576171875000000000e+02
5.772817370161540396e+00 8.551940307617187500e+02
5.776250505677545277e+00 8.521932373046875000e+02
5.779683641193549271e+00 8.554023437500000000e+02
5.783116776709553264e+00 8.593640747070312500e+02
5.786549912225558145e+00 8.562233886718750000e+02
5.789983047741563027e+00 8.575486450195312500e+02
5.793416183257567020e+00 8.755518798828125000e+02
5.796849318773571902e+00 8.803035278320312500e+02
5.800282454289575895e+00 8.708920288085937500e+02
5.803715589805580777e+00 8.696013183593750000e+02
5.807148725321584770e+00 8.704949951171875000e+02
5.810581860837589652e+00 8.678753051757812500e+02
5.814014996353594533e+00 8.773956909179687500e+02
5.817448131869598527e+00 9.003504028320312500e+02
5.820881267385602520e+00 9.446914672851562500e+02
5.824314402901607401e+00 1.016512084960937500e+03
5.827747538417612283e+00 1.181998168945312500e+03
5.831180673933617165e+00 1.542091796875000000e+03
5.834613809449621158e+00 2.056933349609375000e+03
5.838046944965625151e+00 2.554010498046875000e+03
5.841480080481630033e+00 2.790127441406250000e+03
5.844913215997634914e+00 2.639790771484375000e+03
5.848346351513638908e+00 2.021985595703125000e+03
5.851779487029643789e+00 1.490535034179687500e+03
5.855212622545647783e+00 1.137435668945312500e+03
5.858645758061652664e+00 9.830994262695312500e+02
5.862078893577656657e+00 9.172682495117187500e+02
5.865512029093661539e+00 8.872976684570312500e+02
5.868945164609666421e+00 8.737447509765625000e+02
5.872378300125669526e+00 8.708729248046875000e+02
5.875811435641674407e+00 8.642171020507812500e+02
5.879244571157679289e+00 8.642520141601562500e+02
5.882677706673684170e+00 8.621588745117187500e+02
5.886110842189688164e+00 8.582455444335937500e+02
5.889543977705692157e+00 8.587573242187500000e+02
5.892977113221697039e+00 8.602929687500000000e+02
5.896410248737701920e+00 8.647197265625000000e+02
5.899843384253705914e+00 8.581669921875000000e+02
5.903276519769710795e+00 8.609221191406250000e+02
5.906709655285714788e+00 8.659251098632812500e+02
5.910142790801719670e+00 8.581814575195312500e+02
5.913575926317723663e+00 8.501574096679687500e+02
5.917009061833728545e+00 8.460203247070312500e+02
5.920442197349733426e+00 8.419649658203125000e+02
5.923875332865738308e+00 8.416694946289062500e+02
5.927308468381741413e+00 8.393606567382812500e+02
5.930741603897746295e+00 8.400661010742187500e+02
5.934174739413751176e+00 8.496628417968750000e+02
5.937607874929756058e+00 8.564309082031250000e+02
5.941041010445760051e+00 8.515109863281250000e+02
5.944474145961764044e+00 8.469797973632812500e+02
5.947907281477768926e+00 8.533742065429687500e+02
5.951340416993773808e+00 8.637593994140625000e+02
5.954773552509777801e+00 8.586552124023437500e+02
5.958206688025782682e+00 8.536044921875000000e+02
5.961639823541786676e+00 8.475387573242187500e+02
5.965072959057791557e+00 8.517957763671875000e+02
5.968506094573795551e+00 8.532810668945312500e+02
5.971939230089800432e+00 8.485394897460937500e+02
5.975372365605805314e+00 8.525573120117187500e+02
5.978805501121809307e+00 8.528061523437500000e+02
5.982238636637813300e+00 8.537367553710937500e+02
5.985671772153818182e+00 8.525561523437500000e+02
5.989104907669823064e+00 8.600573120117187500e+02
5.992538043185827945e+00 8.707533569335937500e+02
5.995971178701831938e+00 8.723345336914062500e+02
5.999404314217835932e+00 8.711955566406250000e+02
6.002837449733840813e+00 8.766990966796875000e+02
6.006270585249845695e+00 8.827687377929687500e+02
6.009703720765849688e+00 8.784315795898437500e+02
6.013136856281854570e+00 8.821497802734375000e+02
6.016569991797858563e+00 8.960897216796875000e+02
6.020003127313862556e+00 9.053004760742187500e+02
6.023436262829867438e+00 9.012137451171875000e+02
6.026869398345872320e+00 9.017811889648437500e+02
6.030302533861877201e+00 9.085612182617187500e+02
6.033735669377880306e+00 9.173993530273437500e+02
6.037168804893885188e+00 9.270903930664062500e+02
6.040601940409890069e+00 9.423579711914062500e+02
6.044035075925894951e+00 9.585004882812500000e+02
6.047468211441898944e+00 9.773676147460937500e+02
6.050901346957902938e+00 1.007453186035156250e+03
6.054334482473907819e+00 1.053038940429687500e+03
6.057767617989912701e+00 1.174186401367187500e+03
6.061200753505916694e+00 1.362194091796875000e+03
6.064633889021921576e+00 1.929617309570312500e+03
6.068067024537925569e+00 2.758876953125000000e+03
6.071500160053930450e+00 4.910470214843750000e+03
6.074933295569934444e+00 7.230684570312500000e+03
6.078366431085939325e+00 8.808581054687500000e+03
6.081799566601944207e+00 8.784124023437500000e+03
6.085232702117949088e+00 7.233281250000000000e+03
6.088665837633952194e+00 4.557485839843750000e+03
6.092098973149957075e+00 2.684015136718750000e+03
6.095532108665961957e+00 1.757218505859375000e+03
6.098965244181966838e+00 1.332161376953125000e+03
6.102398379697970832e+00 1.149389892578125000e+03
6.105831515213974825e+00 1.058354736328125000e+03
6.109264650729979707e+00 1.017797546386718750e+03
6.112697786245984588e+00 9.867994995117187500e+02
6.116130921761988581e+00 9.669674682617187500e+02
6.119564057277993463e+00 9.516467285156250000e+02
6.122997192793997456e+00 9.331909790039062500e+02
6.126430328310002338e+00 9.202062377929687500e+02
6.129863463826006331e+00 9.170924072265625000e+02
6.133296599342011213e+00 9.153316650390625000e+02
6.136729734858016094e+00 9.085057983398437500e+02
6.140162870374020088e+00 9.017150268554687500e+02
6.143596005890024081e+00 8.982843627929687500e+02
6.147029141406028963e+00 8.967894897460937500e+02
6.150462276922033844e+00 8.906142578125000000e+02
6.153895412438038726e+00 8.859288330078125000e+02
6.157328547954042719e+00 8.842336425781250000e+02
6.160761683470046712e+00 8.896536865234375000e+02
6.164194818986051594e+00 8.879375610351562500e+02
6.167627954502055587e+00 8.815908813476562500e+02
6.171061090018060469e+00 8.790314941406250000e+02
6.174494225534065350e+00 8.798643188476562500e+02
6.177927361050069344e+00 8.779418945312500000e+02
6.181360496566073337e+00 8.756330566406250000e+02
6.184793632082078219e+00 8.807840576171875000e+02
6.188226767598083100e+00 8.878001098632812500e+02
6.191659903114087982e+00 8.923944702148437500e+02
6.195093038630091087e+00 8.850027465820312500e+02
6.198526174146095968e+00 8.790836181640625000e+02
6.201959309662100850e+00 8.789382324218750000e+02
6.205392445178105731e+00 8.794543457031250000e+02
6.208825580694109725e+00 8.773897094726562500e+02
6.212258716210113718e+00 8.827288818359375000e+02
6.215691851726118600e+00 8.886960449218750000e+02
6.219124987242123481e+00 8.898473510742187500e+02
6.222558122758127475e+00 8.831197509765625000e+02
6.225991258274132356e+00 8.857723999023437500e+02
6.229424393790136349e+00 8.995808105468750000e+02
6.232857529306141231e+00 9.092696533203125000e+02
6.236290664822145224e+00 9.126304321289062500e+02
6.239723800338150106e+00 9.130971069335937500e+02
6.243156935854154987e+00 9.102494506835937500e+02
6.246590071370158981e+00 9.187958984375000000e+02
6.250023206886162974e+00 9.336997680664062500e+02
6.253456342402167856e+00 9.509378051757812500e+02
6.256889477918172737e+00 9.673505249023437500e+02
6.260322613434177619e+00 9.688536376953125000e+02
6.263755748950181612e+00 9.726654052734375000e+02
6.267188884466185606e+00 9.869372558593750000e+02
6.270622019982190487e+00 1.009458007812500000e+03
6.274055155498195369e+00 1.046271972656250000e+03
6.277488291014199362e+00 1.106014648437500000e+03
6.280921426530204243e+00 1.179661499023437500e+03
6.284354562046208237e+00 1.289568359375000000e+03
6.287787697562213118e+00 1.495518920898437500e+03
6.291220833078217112e+00 1.937101318359375000e+03
6.294653968594221993e+00 2.867494140625000000e+03
6.298087104110226875e+00 5.038112304687500000e+03
6.301520239626230868e+00 8.486253906250000000e+03
6.304953375142234862e+00 1.375948242187500000e+04
6.308386510658239743e+00 1.760939843750000000e+04
6.311819646174244625e+00 1.812770507812500000e+04
6.315252781690248618e+00 1.476225097656250000e+04
6.318685917206253500e+00 8.538600585937500000e+03
6.322119052722257493e+00 4.907555175781250000e+03
6.325552188238262374e+00 2.703093994140625000e+03
6.328985323754266368e+00 1.887681274414062500e+03
6.332418459270271249e+00 1.458172241210937500e+03
6.335851594786276131e+00 1.274865112304687500e+03
6.339284730302280124e+00 1.162848632812500000e+03
6.342717865818284118e+00 1.102825317382812500e+03
6.346151001334288999e+00 1.061237304687500000e+03
6.349584136850293881e+00 1.028344970703125000e+03
6.353017272366298762e+00 1.010192199707031250e+03
6.356450407882301867e+00 1.005328308105468750e+03
6.359883543398306749e+00 9.883834228515625000e+02
6.363316678914311630e+00 9.710507812500000000e+02
6.366749814430316512e+00 9.580612182617187500e+02
6.370182949946320505e+00 9.455413818359375000e+02
6.373616085462324499e+00 9.348380126953125000e+02
6.377049220978329380e+00 9.243611450195312500e+02
6.380482356494334262e+00 9.126328735351562500e+02
6.383915492010338255e+00 9.112167968750000000e+02
6.387348627526343137e+00 9.122763671875000000e+02
6.390781763042347130e+00 9.073809814453125000e+02
6.394214898558352012e+00 8.967620849609375000e+02
6.397648034074356005e+00 8.853366088867187500e+02
6.401081169590360886e+00 8.789489746093750000e+02
6.404514305106365768e+00 8.648343505859375000e+02
6.407947440622369761e+00 8.625358276367187500e+02
6.411380576138373755e+00 8.638994140625000000e+02
6.414813711654378636e+00 8.574290771484375000e+02
6.418246847170383518e+00 8.511593017578125000e+02
6.421679982686388399e+00 8.511974487304687500e+02
6.425113118202392393e+00 8.524884033203125000e+02
6.428546253718396386e+00 8.515816650390625000e+02
6.431979389234401268e+00 8.623647460937500000e+02
6.435412524750406149e+00 8.579053344726562500e+02
6.438845660266410142e+00 8.405363769531250000e+02
6.442278795782415024e+00 8.377166748046875000e+02
6.445711931298419017e+00 8.425763549804687500e+02
6.449145066814423011e+00 8.408287963867187500e+02
6.452578202330427892e+00 8.399838867187500000e+02
6.456011337846432774e+00 8.397224731445312500e+02
6.459444473362437655e+00 8.405938110351562500e+02
6.462877608878441649e+00 8.439041748046875000e+02
6.466310744394445642e+00 8.424101562500000000e+02
6.469743879910450524e+00 8.361575317382812500e+02
6.473177015426455405e+00 8.368334960937500000e+02
6.476610150942459398e+00 8.360903930664062500e+02
6.480043286458464280e+00 8.313602294921875000e+02
6.483476421974468273e+00 8.301695556640625000e+02
6.486909557490473155e+00 8.292416992187500000e+02
6.490342693006477148e+00 8.327049560546875000e+02
6.493775828522482030e+00 8.385988769531250000e+02
6.497208964038486911e+00 8.376199951171875000e+02
6.500642099554490905e+00 8.278531494140625000e+02
6.504075235070494898e+00 8.248855590820312500e+02
6.507508370586499780e+00 8.290446777343750000e+02
6.510941506102504661e+00 8.239485473632812500e+02
6.514374641618509543e+00 8.200527343750000000e+02
6.517807777134512648e+00 8.266627197265625000e+02
6.521240912650517529e+00 8.282808837890625000e+02
6.524674048166522411e+00 8.249855346679687500e+02
6.528107183682527292e+00 8.214592285156250000e+02
6.531540319198531286e+00 8.210310058593750000e+02
6.534973454714535279e+00 8.169934692382812500e+02
6.538406590230540161e+00 8.166775512695312500e+02
6.541839725746545042e+00 8.213254394531250000e+02
6.545272861262549036e+00 8.246475830078125000e+02
6.548705996778553917e+00 8.251120605468750000e+02
6.552139132294557911e+00 8.238518066406250000e+02
6.555572267810562792e+00 8.229110107421875000e+02
6.559005403326566785e+00 8.220435180664062500e+02
6.562438538842571667e+00 8.254948730468750000e+02
6.565871674358576549e+00 8.294515380859375000e+02
6.569304809874580542e+00 8.291798706054687500e+02
6.572737945390584535e+00 8.202507324218750000e+02
6.576171080906589417e+00 8.164722900390625000e+02
6.579604216422594298e+00 8.180200805664062500e+02
6.583037351938599180e+00 8.161474609375000000e+02
6.586470487454603173e+00 8.119573364257812500e+02
6.589903622970607167e+00 8.125553588867187500e+02
6.593336758486612048e+00 8.134818725585937500e+02
6.596769894002616041e+00 8.125078735351562500e+02
6.600203029518620923e+00 8.105104980468750000e+02
6.603636165034625805e+00 8.095576171875000000e+02
6.607069300550629798e+00 8.032388305664062500e+02
6.610502436066633791e+00 7.993125000000000000e+02
6.613935571582638673e+00 8.001872558593750000e+02
6.617368707098643554e+00 8.081853027343750000e+02
6.620801842614648436e+00 8.169170532226562500e+02
6.624234978130652429e+00 8.146907348632812500e+02
6.627668113646656423e+00 8.115002441406250000e+02
6.631101249162661304e+00 8.173656005859375000e+02
6.634534384678666186e+00 8.170338134765625000e+02
6.637967520194670179e+00 8.213394165039062500e+02
6.641400655710675061e+00 8.205618896484375000e+02
6.644833791226679054e+00 8.185689086914062500e+02
6.648266926742683935e+00 8.227210693359375000e+02
6.651700062258687929e+00 8.245813598632812500e+02
6.655133197774692810e+00 8.168862304687500000e+02
6.658566333290697692e+00 8.160991210937500000e+02
6.661999468806701685e+00 8.169518432617187500e+02
6.665432604322705679e+00 8.311186523437500000e+02
6.668865739838710560e+00 8.325364990234375000e+02
6.672298875354715442e+00 8.287782592773437500e+02
6.675732010870720323e+00 8.333019409179687500e+02
6.679165146386723428e+00 8.321770019531250000e+02
6.682598281902728310e+00 8.173804931640625000e+02
6.686031417418733191e+00 8.167380371093750000e+02
6.689464552934738073e+00 8.182784423828125000e+02
6.692897688450742066e+00 8.229449462890625000e+02
6.696330823966746060e+00 8.277004394531250000e+02
6.699763959482750941e+00 8.269954833984375000e+02
6.703197094998755823e+00 8.308368530273437500e+02
6.706630230514759816e+00 8.418759155273437500e+02
6.710063366030764698e+00 8.478950805664062500e+02
6.713496501546768691e+00 8.442343139648437500e+02
6.716929637062773573e+00 8.526893310546875000e+02
6.720362772578777566e+00 8.707757568359375000e+02
6.723795908094782448e+00 8.927218017578125000e+02
6.727229043610787329e+00 9.410177001953125000e+02
6.730662179126791322e+00 1.033774536132812500e+03
6.734095314642795316e+00 1.238916992187500000e+03
6.737528450158800197e+00 1.640719482421875000e+03
6.740961585674805079e+00 2.264285156250000000e+03
6.744394721190809072e+00 3.055097167968750000e+03
6.747827856706813954e+00 3.377957763671875000e+03
6.751260992222817947e+00 3.088152343750000000e+03
6.754694127738822829e+00 2.187872558593750000e+03
6.758127263254826822e+00 1.491504516601562500e+03
6.761560398770831704e+00 1.147931030273437500e+03
6.764993534286836585e+00 9.967766113281250000e+02
6.768426669802840578e+00 9.215107421875000000e+02
6.771859805318844572e+00 8.777824096679687500e+02
6.775292940834849453e+00 8.686596679687500000e+02
6.778726076350854335e+00 8.654678955078125000e+02
6.782159211866859216e+00 8.540423583984375000e+02
6.785592347382863210e+00 8.391548461914062500e+02
6.789025482898867203e+00 8.341596069335937500e+02
6.792458618414872085e+00 8.404117431640625000e+02
6.795891753930876966e+00 8.410348510742187500e+02
6.799324889446880960e+00 8.453137817382812500e+02
6.802758024962885841e+00 8.445438232421875000e+02
6.806191160478889834e+00 8.439190673828125000e+02
6.809624295994894716e+00 8.474283447265625000e+02
6.813057431510898709e+00 8.522245483398437500e+02
6.816490567026903591e+00 8.531186523437500000e+02
6.819923702542908472e+00 8.505510253906250000e+02
6.823356838058912466e+00 8.458742065429687500e+02
6.826789973574916459e+00 8.496665039062500000e+02
6.830223109090921341e+00 8.511378173828125000e+02
6.833656244606926222e+00 8.436291503906250000e+02
6.837089380122931104e+00 8.414882812500000000e+02
6.840522515638934209e+00 8.407304687500000000e+02
6.843955651154939090e+00 8.442522583007812500e+02
6.847388786670943972e+00 8.527589721679687500e+02
6.850821922186948854e+00 8.538560180664062500e+02
6.854255057702952847e+00 8.514942016601562500e+02
6.857688193218956840e+00 8.533143310546875000e+02
6.861121328734961722e+00 8.587760620117187500e+02
6.864554464250966603e+00 8.641600952148437500e+02
6.867987599766970597e+00 8.656631469726562500e+02
6.871420735282975478e+00 8.670737915039062500e+02
6.874853870798979472e+00 8.658508300781250000e+02
6.878287006314984353e+00 8.661226196289062500e+02
6.881720141830988346e+00 8.739775390625000000e+02
6.885153277346993228e+00 8.878921508789062500e+02
6.888586412862998110e+00 8.968478393554687500e+02
6.892019548379002103e+00 8.949191894531250000e+02
6.895452683895006096e+00 8.930536499023437500e+02
6.898885819411010978e+00 8.964640502929687500e+02
6.902318954927015859e+00 9.004850463867187500e+02
6.905752090443019853e+00 9.099091186523437500e+02
6.909185225959024734e+00 9.209924926757812500e+02
6.912618361475028728e+00 9.334881591796875000e+02
6.916051496991033609e+00 9.539989624023437500e+02
6.919484632507037603e+00 9.873534545898437500e+02
6.922917768023042484e+00 1.017206665039062500e+03
6.926350903539047366e+00 1.074688964843750000e+03
6.929784039055051359e+00 1.170434082031250000e+03
6.933217174571055352e+00 1.367190185546875000e+03
6.936650310087060234e+00 1.767720214843750000e+03
6.940083445603065115e+00 2.609815917968750000e+03
6.943516581119069997e+00 4.412109863281250000e+03
6.946949716635073990e+00 7.176826660156250000e+03
6.950382852151077984e+00 1.090290429687500000e+04
6.953815987667082865e+00 1.354894726562500000e+04
6.957249123183087747e+00 1.316780957031250000e+04
6.960682258699091740e+00 9.704503906250000000e+03
6.964115394215096622e+00 5.838046875000000000e+03
6.967548529731100615e+00 3.204683837890625000e+03
6.970981665247105497e+00 1.999751464843750000e+03
6.974414800763109490e+00 1.490428588867187500e+03
6.977847936279114371e+00 1.247008544921875000e+03
6.981281071795119253e+00 1.129442749023437500e+03
6.984714207311123246e+00 1.061991088867187500e+03
6.988147342827127240e+00 1.025100830078125000e+03
6.991580478343132121e+00 9.839885253906250000e+02
6.995013613859137003e+00 9.633677368164062500e+02
6.998446749375141884e+00 9.494138793945312500e+02
7.001879884891144989e+00 9.336929931640625000e+02
7.005313020407149871e+00 9.303206787109375000e+02
7.008746155923154753e+00 9.247654418945312500e+02
7.012179291439159634e+00 9.126240844726562500e+02
7.015612426955163627e+00 9.064477539062500000e+02
7.019045562471167621e+00 8.962067871093750000e+02
7.022478697987172502e+00 8.913605957031250000e+02
7.025911833503177384e+00 8.954957885742187500e+02
7.029344969019181377e+00 8.959332275390625000e+02
7.032778104535186259e+00 8.899532470703125000e+02
7.036211240051190252e+00 8.840067138671875000e+02
7.039644375567194245e+00 8.756463623046875000e+02
7.043077511083199127e+00 8.703491821289062500e+02
7.046510646599204009e+00 8.687476196289062500e+02
7.049943782115208890e+00 8.700285644531250000e+02
7.053376917631212883e+00 8.671450805664062500e+02
7.056810053147216877e+00 8.649665527343750000e+02
7.060243188663221758e+00 8.643976440429687500e+02
7.063676324179226640e+00 8.675268554687500000e+02
7.067109459695230633e+00 8.677259521484375000e+02
7.070542595211235515e+00 8.665671386718750000e+02
7.073975730727239508e+00 8.689727172851562500e+02
7.077408866243244390e+00 8.763938598632812500e+02
7.080842001759248383e+00 8.783380737304687500e+02
7.084275137275253265e+00 8.833045043945312500e+02
7.087708272791258146e+00 8.899039306640625000e+02
7.091141408307262139e+00 8.888131103515625000e+02
7.094574543823266133e+00 8.858055419921875000e+02
7.098007679339271014e+00 8.902072753906250000e+02
7.101440814855275896e+00 8.981297607421875000e+02
7.104873950371280777e+00 9.097117919921875000e+02
7.108307085887284771e+00 9.147456054687500000e+02
7.111740221403288764e+00 9.133278198242187500e+02
7.115173356919293646e+00 9.147233276367187500e+02
7.118606492435298527e+00 9.347615966796875000e+02
7.122039627951302521e+00 9.630833129882812500e+02
7.125472763467307402e+00 9.890536499023437500e+02
7.128905898983311396e+00 1.031403076171875000e+03
7.132339034499316277e+00 1.125609741210937500e+03
7.135772170015320270e+00 1.286970336914062500e+03
7.139205305531325152e+00 1.628839965820312500e+03
7.142638441047330033e+00 2.352039062500000000e+03
7.146071576563334027e+00 3.808896484375000000e+03
7.149504712079338020e+00 6.215823242187500000e+03
7.152937847595342902e+00 8.976975585937500000e+03
7.156370983111347783e+00 1.046447167968750000e+04
7.159804118627352665e+00 9.729517578125000000e+03
7.163237254143355770e+00 7.164211425781250000e+03
7.166670389659360652e+00 3.914090820312500000e+03
7.170103525175365533e+00 2.362353515625000000e+03
7.173536660691370415e+00 1.600274047851562500e+03
7.176969796207375296e+00 1.286968872070312500e+03
7.180402931723378401e+00 1.127629150390625000e+03
7.183836067239382395e+00 1.041732788085937500e+03
7.187269202755387276e+00 9.909013671875000000e+02
7.190702338271392158e+00 9.566242065429687500e+02
7.194135473787397039e+00 9.404945678710937500e+02
7.197568609303401033e+00 9.276055908203125000e+02
7.201001744819405914e+00 9.208999633789062500e+02
7.204434880335410796e+00 9.173240966796875000e+02
7.207868015851413901e+00 9.016071166992187500e+02
7.211301151367418782e+00 8.858408203125000000e+02
7.214734286883423664e+00 8.814860229492187500e+02
7.218167422399427657e+00 8.814870605468750000e+02
7.221600557915432539e+00 8.777426757812500000e+02
7.225033693431437420e+00 8.639913330078125000e+02
7.228466828947442302e+00 8.608040771484375000e+02
7.231899964463446295e+00 8.642633056640625000e+02
7.235333099979449401e+00 8.604050292968750000e+02
7.238766235495454282e+00 8.479934082031250000e+02
7.242199371011459164e+00 8.502895507812500000e+02
7.245632506527464045e+00 8.524096679687500000e+02
7.249065642043468927e+00 8.413950195312500000e+02
7.252498777559472920e+00 8.277594604492187500e+02
7.255931913075477802e+00 8.321793212890625000e+02
7.259365048591482683e+00 8.293244018554687500e+02
7.262798184107485788e+00 8.244287719726562500e+02
7.266231319623490670e+00 8.131887817382812500e+02
7.269664455139495551e+00 8.029714355468750000e+02
7.273097590655499545e+00 7.877619018554687500e+02
7.276530726171504426e+00 7.882513427734375000e+02
7.279963861687509308e+00 7.786306152343750000e+02
7.283396997203514189e+00 7.673645019531250000e+02
7.286830132719518183e+00 7.484917602539062500e+02
7.290263268235521288e+00 7.363646850585937500e+02
7.293696403751526169e+00 7.284484863281250000e+02
7.297129539267531051e+00 7.187612304687500000e+02
7.300562674783535932e+00 7.035742797851562500e+02
7.303995810299540814e+00 7.020366210937500000e+02
7.307428945815544807e+00 6.958663940429687500e+02
7.310862081331549689e+00 6.865325927734375000e+02
7.314295216847554570e+00 6.744545898437500000e+02
7.317728352363557676e+00 6.691433105468750000e+02
7.321161487879562557e+00 6.763751831054687500e+02
7.324594623395566551e+00 6.929244384765625000e+02
7.328027758911571432e+00 7.077359008789062500e+02
7.331460894427576314e+00 7.330253295898437500e+02
7.334894029943581195e+00 7.944248046875000000e+02
7.338327165459586077e+00 8.947141113281250000e+02
7.341760300975589182e+00 1.170118041992187500e+03
7.345193436491593175e+00 1.683297363281250000e+03
7.348626572007598057e+00 2.313991943359375000e+03
7.352059707523602938e+00 2.880502685546875000e+03
7.355492843039607820e+00 3.093560302734375000e+03
7.358925978555611813e+00 2.465039062500000000e+03
7.362359114071616695e+00 1.771683715820312500e+03
7.365792249587621576e+00 1.179432617187500000e+03
7.369225385103624681e+00 9.068881835937500000e+02
7.372658520619629563e+00 7.623013916015625000e+02
7.376091656135634445e+00 6.930974731445312500e+02
7.379524791651638438e+00 6.578336791992187500e+02
7.382957927167643319e+00 6.278701171875000000e+02
7.386391062683648201e+00 6.084812011718750000e+02
7.389824198199653082e+00 6.076826171875000000e+02
7.393257333715657076e+00 5.995531005859375000e+02
7.396690469231660181e+00 5.822980346679687500e+02
7.400123604747665063e+00 5.604947509765625000e+02
7.403556740263669944e+00 5.533493041992187500e+02
7.406989875779674826e+00 5.600477905273437500e+02
7.410423011295679707e+00 5.629804077148437500e+02
7.413856146811683701e+00 5.521945800781250000e+02
7.417289282327688582e+00 5.438382568359375000e+02
7.420722417843693464e+00 5.488716430664062500e+02
7.424155553359696569e+00 5.157260742187500000e+02
7.427588688875701450e+00 5.005188293457031250e+02
7.431021824391706332e+00 5.318017578125000000e+02
7.434454959907710325e+00 0.000000000000000000e+00
7.437888095423715207e+00 0.000000000000000000e+00
7.441321230939720088e+00 0.000000000000000000e+00
7.444754366455724970e+00 0.000000000000000000e+00
7.448187501971728963e+00 0.000000000000000000e+00
7.451620637487732068e+00 0.000000000000000000e+00
7.455053773003736950e+00 0.000000000000000000e+00
7.458486908519741831e+00 0.000000000000000000e+00
7.461920044035746713e+00 0.000000000000000000e+00
7.465353179551751595e+00 0.000000000000000000e+00
7.468786315067755588e+00 0.000000000000000000e+00
7.472219450583760469e+00 0.000000000000000000e+00
7.475652586099763575e+00 0.000000000000000000e+00
7.479085721615768456e+00 0.000000000000000000e+00
7.482518857131773338e+00 0.000000000000000000e+00
7.485951992647777331e+00 0.000000000000000000e+00
7.489385128163782213e+00 0.000000000000000000e+00
7.492818263679787094e+00 0.000000000000000000e+00
7.496251399195791976e+00 0.000000000000000000e+00
7.499684534711796857e+00 0.000000000000000000e+00
7.503117670227799962e+00 0.000000000000000000e+00
7.506550805743803956e+00 0.000000000000000000e+00
7.509983941259808837e+00 0.000000000000000000e+00
7.513417076775813719e+00 0.000000000000000000e+00
7.516850212291818600e+00 0.000000000000000000e+00
7.520283347807822594e+00 0.000000000000000000e+00
7.523716483323827475e+00 0.000000000000000000e+00
7.527149618839832357e+00 0.000000000000000000e+00
7.530582754355835462e+00 0.000000000000000000e+00
7.534015889871840344e+00 0.000000000000000000e+00
7.537449025387845225e+00 0.000000000000000000e+00
7.540882160903849218e+00 0.000000000000000000e+00
7.544315296419854100e+00 0.000000000000000000e+00
7.547748431935858981e+00 0.000000000000000000e+00
7.551181567451863863e+00 0.000000000000000000e+00
7.554614702967867856e+00 0.000000000000000000e+00
7.558047838483870962e+00 0.000000000000000000e+00
7.561480973999875843e+00 0.000000000000000000e+00
7.564914109515880725e+00 0.000000000000000000e+00
7.568347245031885606e+00 0.000000000000000000e+00
7.571780380547890488e+00 0.000000000000000000e+00
7.575213516063894481e+00 0.000000000000000000e+00
7.578646651579899363e+00 0.000000000000000000e+00
7.582079787095904244e+00 0.000000000000000000e+00
7.585512922611907349e+00 0.000000000000000000e+00
7.588946058127912231e+00 0.000000000000000000e+00
7.592379193643917112e+00 0.000000000000000000e+00
7.595812329159921106e+00 0.000000000000000000e+00
7.599245464675925987e+00 0.000000000000000000e+00
7.602678600191930869e+00 0.000000000000000000e+00
7.606111735707935750e+00 0.000000000000000000e+00
7.609544871223939744e+00 0.000000000000000000e+00
7.612978006739942849e+00 0.000000000000000000e+00
7.616411142255947730e+00 0.000000000000000000e+00
7.619844277771952612e+00 0.000000000000000000e+00
7.623277413287957494e+00 0.000000000000000000e+00
7.626710548803962375e+00 0.000000000000000000e+00
7.630143684319966368e+00 0.000000000000000000e+00
7.633576819835971250e+00 0.000000000000000000e+00
7.637009955351974355e+00 0.000000000000000000e+00
7.640443090867979237e+00 0.000000000000000000e+00
7.643876226383984118e+00 0.000000000000000000e+00
7.647309361899988112e+00 0.000000000000000000e+00
7.650742497415992993e+00 0.000000000000000000e+00
7.654175632931997875e+00 0.000000000000000000e+00
7.657608768448002756e+00 0.000000000000000000e+00
7.661041903964007638e+00 0.000000000000000000e+00
7.664475039480010743e+00 0.000000000000000000e+00
7.667908174996014736e+00 0.000000000000000000e+00
7.671341310512019618e+00 0.000000000000000000e+00
7.674774446028024499e+00 0.000000000000000000e+00
7.678207581544029381e+00 0.000000000000000000e+00
7.681640717060033374e+00 0.000000000000000000e+00
7.685073852576038256e+00 0.000000000000000000e+00
7.688506988092043137e+00 0.000000000000000000e+00
7.691940123608046243e+00 0.000000000000000000e+00
7.695373259124051124e+00 0.000000000000000000e+00
7.698806394640056006e+00 0.000000000000000000e+00
7.702239530156059999e+00 0.000000000000000000e+00
7.705672665672064880e+00 0.000000000000000000e+00
7.709105801188069762e+00 0.000000000000000000e+00
7.712538936704074644e+00 0.000000000000000000e+00
7.715972072220078637e+00 0.000000000000000000e+00
7.719405207736081742e+00 0.000000000000000000e+00
7.722838343252086624e+00 0.000000000000000000e+00
7.726271478768091505e+00 0.000000000000000000e+00
7.729704614284096387e+00 0.000000000000000000e+00
7.733137749800101268e+00 0.000000000000000000e+00
7.736570885316105262e+00 0.000000000000000000e+00
7.740004020832110143e+00 0.000000000000000000e+00
7.743437156348115025e+00 0.000000000000000000e+00
7.746870291864118130e+00 0.000000000000000000e+00
7.750303427380123011e+00 0.000000000000000000e+00
7.753736562896127005e+00 0.000000000000000000e+00
7.757169698412131886e+00 0.000000000000000000e+00
7.760602833928136768e+00 0.000000000000000000e+00
7.764035969444141649e+00 0.000000000000000000e+00
7.767469104960146531e+00 0.000000000000000000e+00
7.770902240476149636e+00 0.000000000000000000e+00
7.774335375992153629e+00 0.000000000000000000e+00
7.777768511508158511e+00 0.000000000000000000e+00
7.781201647024163393e+00 0.000000000000000000e+00
7.784634782540168274e+00 0.000000000000000000e+00
7.788067918056173156e+00 0.000000000000000000e+00
7.791501053572177149e+00 0.000000000000000000e+00
7.794934189088182031e+00 0.000000000000000000e+00
7.798367324604185136e+00 0.000000000000000000e+00
7.801800460120190017e+00 0.000000000000000000e+00
7.805233595636194899e+00 0.000000000000000000e+00
7.808666731152198892e+00 0.000000000000000000e+00
7.812099866668203774e+00 0.000000000000000000e+00
7.815533002184208655e+00 0.000000000000000000e+00
7.818966137700213537e+00 0.000000000000000000e+00
7.822399273216218418e+00 0.000000000000000000e+00
7.825832408732221523e+00 0.000000000000000000e+00
7.829265544248225517e+00 0.000000000000000000e+00
7.832698679764230398e+00 0.000000000000000000e+00
7.836131815280235280e+00 0.000000000000000000e+00
7.839564950796240161e+00 0.000000000000000000e+00
7.842998086312244155e+00 0.000000000000000000e+00
7.846431221828249036e+00 0.000000000000000000e+00
7.849864357344253918e+00 0.000000000000000000e+00
7.853297492860257023e+00 0.000000000000000000e+00
7.856730628376261905e+00 0.000000000000000000e+00
7.860163763892266786e+00 0.000000000000000000e+00
7.863596899408270779e+00 0.000000000000000000e+00
7.867030034924275661e+00 0.000000000000000000e+00
7.870463170440280543e+00 0.000000000000000000e+00
7.873896305956285424e+00 0.000000000000000000e+00
7.877329441472289417e+00 0.000000000000000000e+00
7.880762576988292523e+00 0.000000000000000000e+00
7.884195712504297404e+00 0.000000000000000000e+00
7.887628848020302286e+00 0.000000000000000000e+00
7.891061983536307167e+00 0.000000000000000000e+00
7.894495119052312049e+00 0.000000000000000000e+00
7.897928254568316042e+00 0.000000000000000000e+00
7.901361390084320924e+00 0.000000000000000000e+00
7.904794525600325805e+00 0.000000000000000000e+00
7.908227661116328910e+00 0.000000000000000000e+00
7.911660796632333792e+00 0.000000000000000000e+00
7.915093932148337785e+00 0.000000000000000000e+00
7.918527067664342667e+00 0.000000000000000000e+00
7.921960203180347548e+00 0.000000000000000000e+00
7.925393338696352430e+00 0.000000000000000000e+00
7.928826474212357311e+00 0.000000000000000000e+00
7.932259609728360417e+00 0.000000000000000000e+00
7.935692745244364410e+00 0.000000000000000000e+00
7.939125880760369292e+00 0.000000000000000000e+00
7.942559016276374173e+00 0.000000000000000000e+00
7.945992151792379055e+00 0.000000000000000000e+00
7.949425287308383936e+00 0.000000000000000000e+00
7.952858422824387929e+00 0.000000000000000000e+00
7.956291558340392811e+00 0.000000000000000000e+00
7.959724693856395916e+00 0.000000000000000000e+00
7.963157829372400798e+00 0.000000000000000000e+00
7.966590964888405679e+00 0.000000000000000000e+00
7.970024100404409673e+00 0.000000000000000000e+00
7.973457235920414554e+00 0.000000000000000000e+00
7.976890371436419436e+00 0.000000000000000000e+00
7.980323506952424317e+00 0.000000000000000000e+00
7.983756642468429199e+00 0.000000000000000000e+00
7.987189777984432304e+00 0.000000000000000000e+00
7.990622913500436297e+00 0.000000000000000000e+00
7.994056049016441179e+00 0.000000000000000000e+00
7.997489184532446060e+00 0.000000000000000000e+00
8.000922320048450942e+00 0.000000000000000000e+00
8.004355455564455823e+00 0.000000000000000000e+00
8.007788591080460705e+00 0.000000000000000000e+00
8.011221726596465587e+00 0.000000000000000000e+00
8.014654862112468692e+00 0.000000000000000000e+00
8.018087997628471797e+00 0.000000000000000000e+00
8.021521133144476678e+00 0.000000000000000000e+00
8.024954268660481560e+00 0.000000000000000000e+00
8.028387404176486442e+00 0.000000000000000000e+00
8.031820539692491323e+00 0.000000000000000000e+00
8.035253675208496205e+00 0.000000000000000000e+00
8.038686810724501086e+00 0.000000000000000000e+00
8.042119946240504191e+00 0.000000000000000000e+00
8.045553081756509073e+00 0.000000000000000000e+00
8.048986217272513954e+00 0.000000000000000000e+00
8.052419352788517060e+00 0.000000000000000000e+00
8.055852488304521941e+00 0.000000000000000000e+00
8.059285623820526823e+00 0.000000000000000000e+00
8.062718759336531704e+00 0.000000000000000000e+00
8.066151894852534809e+00 0.000000000000000000e+00
8.069585030368539691e+00 0.000000000000000000e+00
8.073018165884544572e+00 0.000000000000000000e+00
8.076451301400549454e+00 0.000000000000000000e+00
8.079884436916554336e+00 0.000000000000000000e+00
8.083317572432559217e+00 0.000000000000000000e+00
8.086750707948562322e+00 0.000000000000000000e+00
8.090183843464567204e+00 0.000000000000000000e+00
8.093616978980570309e+00 0.000000000000000000e+00
8.097050114496575191e+00 0.000000000000000000e+00
8.100483250012580072e+00 0.000000000000000000e+00
8.103916385528584954e+00 0.000000000000000000e+00
8.107349521044589835e+00 0.000000000000000000e+00
8.110782656560594717e+00 0.000000000000000000e+00
8.114215792076599598e+00 0.000000000000000000e+00
8.117648927592604480e+00 0.000000000000000000e+00
8.121082063108607585e+00 0.000000000000000000e+00
8.124515198624610690e+00 0.000000000000000000e+00
8.127948334140615572e+00 0.000000000000000000e+00
8.131381469656620453e+00 0.000000000000000000e+00
8.134814605172625335e+00 0.000000000000000000e+00
8.138247740688630216e+00 0.000000000000000000e+00
8.141680876204635098e+00 0.000000000000000000e+00
8.145114011720639979e+00 0.000000000000000000e+00
8.148547147236643085e+00 0.000000000000000000e+00
8.151980282752647966e+00 0.000000000000000000e+00
8.155413418268652848e+00 0.000000000000000000e+00
8.158846553784655953e+00 0.000000000000000000e+00
8.162279689300660834e+00 0.000000000000000000e+00
8.165712824816665716e+00 0.000000000000000000e+00
8.169145960332670597e+00 0.000000000000000000e+00
8.172579095848675479e+00 0.000000000000000000e+00
8.176012231364678584e+00 0.000000000000000000e+00
8.179445366880683466e+00 0.000000000000000000e+00
8.182878502396688347e+00 0.000000000000000000e+00
8.186311637912693229e+00 0.000000000000000000e+00
8.189744773428698110e+00 0.000000000000000000e+00
8.193177908944701215e+00 0.000000000000000000e+00
8.196611044460706097e+00 0.000000000000000000e+00
8.200044179976710979e+00 0.000000000000000000e+00
8.203477315492714084e+00 0.000000000000000000e+00
8.206910451008718965e+00 0.000000000000000000e+00
8.210343586524723847e+00 0.000000000000000000e+00
8.213776722040728728e+00 0.000000000000000000e+00
8.217209857556733610e+00 0.000000000000000000e+00
8.220642993072738491e+00 0.000000000000000000e+00
8.224076128588743373e+00 0.000000000000000000e+00
8.227509264104746478e+00 0.000000000000000000e+00
8.230942399620749583e+00 0.000000000000000000e+00
8.234375535136754465e+00 0.000000000000000000e+00
8.237808670652759346e+00 0.000000000000000000e+00
8.241241806168764228e+00 0.000000000000000000e+00
8.244674941684769109e+00 0.000000000000000000e+00
8.248108077200773991e+00 0.000000000000000000e+00
8.251541212716778873e+00 0.000000000000000000e+00
8.254974348232781978e+00 0.000000000000000000e+00
8.258407483748786859e+00 0.000000000000000000e+00
8.261840619264791741e+00 0.000000000000000000e+00
8.265273754780794846e+00 0.000000000000000000e+00
8.268706890296799727e+00 0.000000000000000000e+00
8.272140025812804609e+00 0.000000000000000000e+00
8.275573161328809491e+00 0.000000000000000000e+00
8.279006296844814372e+00 0.000000000000000000e+00
8.282439432360817477e+00 0.000000000000000000e+00
8.285872567876822359e+00 0.000000000000000000e+00
8.289305703392827240e+00 0.000000000000000000e+00
8.292738838908832122e+00 0.000000000000000000e+00
8.296171974424837003e+00 0.000000000000000000e+00
8.299605109940840109e+00 0.000000000000000000e+00
8.303038245456844990e+00 0.000000000000000000e+00
8.306471380972849872e+00 0.000000000000000000e+00
8.309904516488852977e+00 0.000000000000000000e+00
8.313337652004857858e+00 0.000000000000000000e+00
8.316770787520862740e+00 0.000000000000000000e+00
8.320203923036867621e+00 0.000000000000000000e+00
8.323637058552872503e+00 0.000000000000000000e+00
8.327070194068877385e+00 0.000000000000000000e+00
8.330503329584882266e+00 0.000000000000000000e+00
8.333936465100887148e+00 0.000000000000000000e+00
8.337369600616888476e+00 0.000000000000000000e+00
8.340802736132893358e+00 0.000000000000000000e+00
8.344235871648898240e+00 0.000000000000000000e+00
8.347669007164903121e+00 0.000000000000000000e+00
8.351102142680908003e+00 0.000000000000000000e+00
8.354535278196912884e+00 0.000000000000000000e+00
8.357968413712917766e+00 0.000000000000000000e+00
8.361401549228920871e+00 0.000000000000000000e+00
8.364834684744925752e+00 0.000000000000000000e+00
8.368267820260930634e+00 0.000000000000000000e+00
8.371700955776935515e+00 0.000000000000000000e+00
8.375134091292938621e+00 0.000000000000000000e+00
8.378567226808943502e+00 0.000000000000000000e+00
8.382000362324948384e+00 0.000000000000000000e+00
8.385433497840953265e+00 0.000000000000000000e+00
8.388866633356956370e+00 0.000000000000000000e+00
8.392299768872961252e+00 0.000000000000000000e+00
8.395732904388966134e+00 0.000000000000000000e+00
8.399166039904971015e+00 0.000000000000000000e+00
8.402599175420975897e+00 0.000000000000000000e+00
8.406032310936980778e+00 0.000000000000000000e+00
8.409465446452983883e+00 0.000000000000000000e+00
8.412898581968988765e+00 0.000000000000000000e+00
8.416331717484991870e+00 0.000000000000000000e+00
8.419764853000996752e+00 0.000000000000000000e+00
8.423197988517001633e+00 0.000000000000000000e+00
8.426631124033006515e+00 0.000000000000000000e+00
8.430064259549011396e+00 0.000000000000000000e+00
8.433497395065016278e+00 0.000000000000000000e+00
8.436930530581021159e+00 0.000000000000000000e+00
8.440363666097026041e+00 0.000000000000000000e+00
8.443796801613029146e+00 0.000000000000000000e+00
8.447229937129032251e+00 0.000000000000000000e+00
8.450663072645037133e+00 0.000000000000000000e+00
8.454096208161042014e+00 0.000000000000000000e+00
8.457529343677046896e+00 0.000000000000000000e+00
8.460962479193051777e+00 0.000000000000000000e+00
8.464395614709056659e+00 0.000000000000000000e+00
8.467828750225061540e+00 0.000000000000000000e+00
8.471261885741064646e+00 0.000000000000000000e+00
8.474695021257069527e+00 0.000000000000000000e+00
8.478128156773074409e+00 0.000000000000000000e+00
8.481561292289077514e+00 0.000000000000000000e+00
8.484994427805082395e+00 0.000000000000000000e+00
8.488427563321087277e+00 0.000000000000000000e+00
8.491860698837092158e+00 0.000000000000000000e+00
8.495293834353097040e+00 0.000000000000000000e+00
8.498726969869100145e+00 0.000000000000000000e+00
8.502160105385105027e+00 0.000000000000000000e+00
8.505593240901109908e+00 0.000000000000000000e+00
8.509026376417114790e+00 0.000000000000000000e+00
8.512459511933119671e+00 0.000000000000000000e+00
8.515892647449122776e+00 0.000000000000000000e+00
8.519325782965127658e+00 0.000000000000000000e+00
8.522758918481130763e+00 0.000000000000000000e+00
8.526192053997135645e+00 0.000000000000000000e+00
8.529625189513140526e+00 0.000000000000000000e+00
8.533058325029145408e+00 0.000000000000000000e+00
8.536491460545150289e+00 0.000000000000000000e+00
8.539924596061155171e+00 0.000000000000000000e+00
8.543357731577160052e+00 0.000000000000000000e+00
8.546790867093164934e+00 0.000000000000000000e+00
8.550224002609168039e+00 0.000000000000000000e+00
8.553657138125171144e+00 0.000000000000000000e+00
8.557090273641176026e+00 0.000000000000000000e+00
8.560523409157180907e+00 0.000000000000000000e+00
8.563956544673185789e+00 0.000000000000000000e+00
8.567389680189190670e+00 0.000000000000000000e+00
8.570822815705195552e+00 0.000000000000000000e+00
8.574255951221200434e+00 0.000000000000000000e+00
8.577689086737203539e+00 0.000000000000000000e+00
8.581122222253208420e+00 0.000000000000000000e+00
8.584555357769213302e+00 0.000000000000000000e+00
8.587988493285216407e+00 0.000000000000000000e+00
8.591421628801221289e+00 0.000000000000000000e+00
8.594854764317226170e+00 0.000000000000000000e+00
8.598287899833231052e+00 0.000000000000000000e+00
8.601721035349235933e+00 0.000000000000000000e+00
8.605154170865239038e+00 0.000000000000000000e+00
8.608587306381243920e+00 0.000000000000000000e+00
8.612020441897248801e+00 0.000000000000000000e+00
8.615453577413253683e+00 0.000000000000000000e+00
8.618886712929258564e+00 0.000000000000000000e+00
8.622319848445261670e+00 0.000000000000000000e+00
8.625752983961266551e+00 0.000000000000000000e+00
8.629186119477271433e+00 0.000000000000000000e+00
8.632619254993274538e+00 0.000000000000000000e+00
8.636052390509279419e+00 0.000000000000000000e+00
8.639485526025284301e+00 0.000000000000000000e+00
8.642918661541289183e+00 0.000000000000000000e+00
8.646351797057294064e+00 0.000000000000000000e+00
8.649784932573298946e+00 0.000000000000000000e+00
8.653218068089303827e+00 0.000000000000000000e+00
8.656651203605306932e+00 0.000000000000000000e+00
8.660084339121310038e+00 0.000000000000000000e+00
8.663517474637314919e+00 0.000000000000000000e+00
8.666950610153319801e+00 0.000000000000000000e+00
8.670383745669324682e+00 0.000000000000000000e+00
8.673816881185329564e+00 0.000000000000000000e+00
8.677250016701334445e+00 0.000000000000000000e+00
8.680683152217339327e+00 0.000000000000000000e+00
8.684116287733342432e+00 0.000000000000000000e+00
8.687549423249347313e+00 0.000000000000000000e+00
8.690982558765352195e+00 0.000000000000000000e+00
8.694415694281357077e+00 0.000000000000000000e+00
8.697848829797360182e+00 0.000000000000000000e+00
8.701281965313365063e+00 0.000000000000000000e+00
8.704715100829369945e+00 0.000000000000000000e+00
8.708148236345374826e+00 0.000000000000000000e+00
8.711581371861377932e+00 0.000000000000000000e+00
8.715014507377382813e+00 0.000000000000000000e+00
8.718447642893387695e+00 0.000000000000000000e+00
8.721880778409392576e+00 0.000000000000000000e+00
8.725313913925397458e+00 0.000000000000000000e+00
8.728747049441402339e+00 0.000000000000000000e+00
8.732180184957405444e+00 0.000000000000000000e+00
8.735613320473410326e+00 0.000000000000000000e+00
8.739046455989413431e+00 0.000000000000000000e+00
8.742479591505418313e+00 0.000000000000000000e+00
8.745912727021423194e+00 0.000000000000000000e+00
8.749345862537428076e+00 0.000000000000000000e+00
8.752778998053432957e+00 0.000000000000000000e+00
8.756212133569437839e+00 0.000000000000000000e+00
8.759645269085442720e+00 0.000000000000000000e+00
8.763078404601447602e+00 0.000000000000000000e+00
8.766511540117450707e+00 0.000000000000000000e+00
8.769944675633453812e+00 0.000000000000000000e+00
8.773377811149458694e+00 0.000000000000000000e+00
8.776810946665463575e+00 0.000000000000000000e+00
8.780244082181468457e+00 0.000000000000000000e+00
8.783677217697473338e+00 0.000000000000000000e+00
8.787110353213478220e+00 0.000000000000000000e+00
8.790543488729481325e+00 0.000000000000000000e+00
8.793976624245486207e+00 0.000000000000000000e+00
8.797409759761491088e+00 0.000000000000000000e+00
8.800842895277495970e+00 0.000000000000000000e+00
8.804276030793499075e+00 0.000000000000000000e+00
8.807709166309503956e+00 0.000000000000000000e+00
8.811142301825508838e+00 0.000000000000000000e+00
8.814575437341513720e+00 0.000000000000000000e+00
8.818008572857516825e+00 0.000000000000000000e+00
8.821441708373521706e+00 0.000000000000000000e+00
8.824874843889526588e+00 0.000000000000000000e+00
8.828307979405531469e+00 0.000000000000000000e+00
8.831741114921536351e+00 0.000000000000000000e+00
8.835174250437541232e+00 0.000000000000000000e+00
8.838607385953544338e+00 0.000000000000000000e+00
8.842040521469549219e+00 0.000000000000000000e+00
8.845473656985552324e+00 0.000000000000000000e+00
8.848906792501557206e+00 0.000000000000000000e+00
8.852339928017562087e+00 0.000000000000000000e+00
8.855773063533566969e+00 0.000000000000000000e+00
8.859206199049571850e+00 0.000000000000000000e+00
8.862639334565576732e+00 0.000000000000000000e+00
8.866072470081581613e+00 0.000000000000000000e+00
8.869505605597586495e+00 0.000000000000000000e+00
8.872938741113589600e+00 0.000000000000000000e+00
8.876371876629592705e+00 0.000000000000000000e+00
8.879805012145597587e+00 0.000000000000000000e+00
8.883238147661602468e+00 0.000000000000000000e+00
8.886671283177607350e+00 0.000000000000000000e+00
8.890104418693612232e+00 0.000000000000000000e+00
8.893537554209617113e+00 0.000000000000000000e+00
8.896970689725621995e+00 0.000000000000000000e+00
8.900403825241625100e+00 0.000000000000000000e+00
8.903836960757629981e+00 0.000000000000000000e+00
8.907270096273634863e+00 0.000000000000000000e+00
8.910703231789637968e+00 0.000000000000000000e+00
8.914136367305642850e+00 0.000000000000000000e+00
8.917569502821647731e+00 0.000000000000000000e+00
8.921002638337652613e+00 0.000000000000000000e+00
8.924435773853657494e+00 0.000000000000000000e+00
8.927868909369660599e+00 0.000000000000000000e+00
8.931302044885665481e+00 0.000000000000000000e+00
8.934735180401670362e+00 0.000000000000000000e+00
8.938168315917675244e+00 0.000000000000000000e+00
8.941601451433680126e+00 0.000000000000000000e+00
8.945034586949683231e+00 0.000000000000000000e+00
8.948467722465688112e+00 0.000000000000000000e+00
8.951900857981691217e+00 0.000000000000000000e+00
8.955333993497696099e+00 0.000000000000000000e+00
8.958767129013700981e+00 0.000000000000000000e+00
8.962200264529705862e+00 0.000000000000000000e+00
8.965633400045710744e+00 0.000000000000000000e+00
8.969066535561715625e+00 0.000000000000000000e+00
8.972499671077720507e+00 0.000000000000000000e+00
8.975932806593725388e+00 0.000000000000000000e+00
8.979365942109728493e+00 0.000000000000000000e+00
8.982799077625731599e+00 0.000000000000000000e+00
8.986232213141736480e+00 0.000000000000000000e+00
8.989665348657741362e+00 0.000000000000000000e+00
8.993098484173746243e+00 0.000000000000000000e+00
8.996531619689751125e+00 0.000000000000000000e+00
8.999964755205756006e+00 0.000000000000000000e+00
9.003397890721760888e+00 0.000000000000000000e+00
9.006831026237763993e+00 0.000000000000000000e+00
9.010264161753768875e+00 0.000000000000000000e+00
9.013697297269773756e+00 0.000000000000000000e+00
9.017130432785778638e+00 0.000000000000000000e+00
9.020563568301781743e+00 0.000000000000000000e+00
9.023996703817786624e+00 0.000000000000000000e+00
9.027429839333791506e+00 0.000000000000000000e+00
9.030862974849796387e+00 0.000000000000000000e+00
9.034296110365799493e+00 0.000000000000000000e+00
9.037729245881804374e+00 0.000000000000000000e+00
9.041162381397809256e+00 0.000000000000000000e+00
9.044595516913814137e+00 0.000000000000000000e+00
9.048028652429819019e+00 0.000000000000000000e+00
9.051461787945823900e+00 0.000000000000000000e+00
9.054894923461827005e+00 0.000000000000000000e+00
9.058328058977831887e+00 0.000000000000000000e+00
9.061761194493834992e+00 0.000000000000000000e+00
9.065194330009839874e+00 0.000000000000000000e+00
9.068627465525844755e+00 0.000000000000000000e+00
9.072060601041849637e+00 0.000000000000000000e+00
9.075493736557854518e+00 0.000000000000000000e+00
9.078926872073859400e+00 0.000000000000000000e+00
9.082360007589864281e+00 0.000000000000000000e+00
9.085793143105867387e+00 0.000000000000000000e+00
9.089226278621872268e+00 0.000000000000000000e+00
9.092659414137875373e+00 0.000000000000000000e+00
9.096092549653880255e+00 0.000000000000000000e+00
9.099525685169885136e+00 0.000000000000000000e+00
9.102958820685890018e+00 0.000000000000000000e+00
9.106391956201894899e+00 0.000000000000000000e+00
9.109825091717899781e+00 0.000000000000000000e+00
9.113258227233902886e+00 0.000000000000000000e+00
9.116691362749907768e+00 0.000000000000000000e+00
9.120124498265912649e+00 0.000000000000000000e+00
9.123557633781917531e+00 0.000000000000000000e+00
9.126990769297920636e+00 0.000000000000000000e+00
9.130423904813925517e+00 0.000000000000000000e+00
9.133857040329930399e+00 0.000000000000000000e+00
9.137290175845935281e+00 0.000000000000000000e+00
9.140723311361938386e+00 0.000000000000000000e+00
9.144156446877943267e+00 0.000000000000000000e+00
9.147589582393948149e+00 0.000000000000000000e+00
9.151022717909953030e+00 0.000000000000000000e+00
9.154455853425957912e+00 0.000000000000000000e+00
9.157888988941962793e+00 0.000000000000000000e+00
9.161322124457965899e+00 0.000000000000000000e+00
9.164755259973970780e+00 0.000000000000000000e+00
9.168188395489973885e+00 0.000000000000000000e+00
9.171621531005978767e+00 0.000000000000000000e+00
9.175054666521983648e+00 0.000000000000000000e+00
9.178487802037988530e+00 0.000000000000000000e+00
9.181920937553993411e+00 0.000000000000000000e+00
9.185354073069998293e+00 0.000000000000000000e+00
9.188787208586003175e+00 0.000000000000000000e+00
9.192220344102008056e+00 0.000000000000000000e+00
9.195653479618011161e+00 0.000000000000000000e+00
9.199086615134014266e+00 0.000000000000000000e+00
9.202519750650019148e+00 0.000000000000000000e+00
9.205952886166024030e+00 0.000000000000000000e+00
9.209386021682028911e+00 0.000000000000000000e+00
9.212819157198033793e+00 0.000000000000000000e+00
9.216252292714038674e+00 0.000000000000000000e+00
9.219685428230043556e+00 0.000000000000000000e+00
9.223118563746046661e+00 0.000000000000000000e+00
9.226551699262051542e+00 0.000000000000000000e+00
9.229984834778056424e+00 0.000000000000000000e+00
9.233417970294059529e+00 0.000000000000000000e+00
9.236851105810064411e+00 0.000000000000000000e+00
9.240284241326069292e+00 0.000000000000000000e+00
9.243717376842074174e+00 0.000000000000000000e+00
9.247150512358077279e+00 0.000000000000000000e+00
9.250583647874082160e+00 0.000000000000000000e+00
9.254016783390087042e+00 0.000000000000000000e+00
9.257449918906091924e+00 0.000000000000000000e+00
9.260883054422096805e+00 0.000000000000000000e+00
9.264316189938101687e+00 0.000000000000000000e+00
9.267749325454104792e+00 0.000000000000000000e+00
9.271182460970109673e+00 0.000000000000000000e+00
9.274615596486112779e+00 0.000000000000000000e+00
9.278048732002117660e+00 0.000000000000000000e+00
9.281481867518122542e+00 0.000000000000000000e+00
9.284915003034127423e+00 0.000000000000000000e+00
9.288348138550132305e+00 0.000000000000000000e+00
9.291781274066137186e+00 0.000000000000000000e+00
9.295214409582142068e+00 0.000000000000000000e+00
9.298647545098146949e+00 0.000000000000000000e+00
9.302080680614150054e+00 0.000000000000000000e+00
9.305513816130153160e+00 0.000000000000000000e+00
9.308946951646158041e+00 0.000000000000000000e+00
9.312380087162162923e+00 0.000000000000000000e+00
9.315813222678167804e+00 0.000000000000000000e+00
9.319246358194172686e+00 0.000000000000000000e+00
9.322679493710177567e+00 0.000000000000000000e+00
9.326112629226182449e+00 0.000000000000000000e+00
9.329545764742185554e+00 0.000000000000000000e+00
9.332978900258190436e+00 0.000000000000000000e+00
9.336412035774195317e+00 0.000000000000000000e+00
9.339845171290200199e+00 0.000000000000000000e+00
9.343278306806203304e+00 0.000000000000000000e+00
9.346711442322208185e+00 0.000000000000000000e+00
9.350144577838213067e+00 0.000000000000000000e+00
9.353577713354217948e+00 0.000000000000000000e+00
9.357010848870221054e+00 0.000000000000000000e+00
9.360443984386225935e+00 0.000000000000000000e+00
9.363877119902230817e+00 0.000000000000000000e+00
9.367310255418235698e+00 0.000000000000000000e+00
9.370743390934240580e+00 0.000000000000000000e+00
9.374176526450245461e+00 0.000000000000000000e+00
9.377609661966248567e+00 0.000000000000000000e+00
9.381042797482251672e+00 0.000000000000000000e+00
9.384475932998256553e+00 0.000000000000000000e+00
9.387909068514261435e+00 0.000000000000000000e+00
9.391342204030266316e+00 0.000000000000000000e+00
9.394775339546271198e+00 0.000000000000000000e+00
9.398208475062276079e+00 0.000000000000000000e+00
9.401641610578280961e+00 0.000000000000000000e+00
9.405074746094285842e+00 0.000000000000000000e+00
9.408507881610288948e+00 0.000000000000000000e+00
9.411941017126293829e+00 0.000000000000000000e+00
9.415374152642296934e+00 0.000000000000000000e+00
9.418807288158301816e+00 0.000000000000000000e+00
9.422240423674306697e+00 0.000000000000000000e+00
9.425673559190311579e+00 0.000000000000000000e+00
9.429106694706316460e+00 0.000000000000000000e+00
9.432539830222321342e+00 0.000000000000000000e+00
9.435972965738324447e+00 0.000000000000000000e+00
9.439406101254329329e+00 0.000000000000000000e+00
9.442839236770334210e+00 0.000000000000000000e+00
9.446272372286339092e+00 0.000000000000000000e+00
9.449705507802342197e+00 0.000000000000000000e+00
9.453138643318347079e+00 0.000000000000000000e+00
9.456571778834351960e+00 0.000000000000000000e+00
9.460004914350356842e+00 0.000000000000000000e+00
9.463438049866359947e+00 0.000000000000000000e+00
9.466871185382364828e+00 0.000000000000000000e+00
9.470304320898369710e+00 0.000000000000000000e+00
9.473737456414374591e+00 0.000000000000000000e+00
9.477170591930379473e+00 0.000000000000000000e+00
9.480603727446384354e+00 0.000000000000000000e+00
9.484036862962387460e+00 0.000000000000000000e+00
9.487469998478392341e+00 0.000000000000000000e+00
9.490903133994395446e+00 0.000000000000000000e+00
9.494336269510400328e+00 0.000000000000000000e+00
9.497769405026405209e+00 0.000000000000000000e+00
9.501202540542410091e+00 0.000000000000000000e+00
9.504635676058414973e+00 0.000000000000000000e+00
9.508068811574419854e+00 0.000000000000000000e+00
9.511501947090424736e+00 0.000000000000000000e+00
9.514935082606429617e+00 0.000000000000000000e+00
9.518368218122432722e+00 0.000000000000000000e+00
9.521801353638435828e+00 0.000000000000000000e+00
9.525234489154440709e+00 0.000000000000000000e+00
9.528667624670445591e+00 0.000000000000000000e+00
9.532100760186450472e+00 0.000000000000000000e+00
9.535533895702455354e+00 0.000000000000000000e+00
9.538967031218460235e+00 0.000000000000000000e+00
9.542400166734463340e+00 0.000000000000000000e+00
9.545833302250468222e+00 0.000000000000000000e+00
9.549266437766473103e+00 0.000000000000000000e+00
9.552699573282477985e+00 0.000000000000000000e+00
9.556132708798481090e+00 0.000000000000000000e+00
9.559565844314485972e+00 0.000000000000000000e+00
9.562998979830490853e+00 0.000000000000000000e+00
9.566432115346495735e+00 0.000000000000000000e+00
9.569865250862498840e+00 0.000000000000000000e+00
9.573298386378503722e+00 0.000000000000000000e+00
9.576731521894508603e+00 0.000000000000000000e+00
9.580164657410513485e+00 0.000000000000000000e+00
9.583597792926518366e+00 0.000000000000000000e+00
9.587030928442523248e+00 0.000000000000000000e+00
9.590464063958526353e+00 0.000000000000000000e+00
9.593897199474531234e+00 0.000000000000000000e+00
9.597330334990534340e+00 0.000000000000000000e+00
9.600763470506539221e+00 0.000000000000000000e+00
9.604196606022544103e+00 0.000000000000000000e+00
9.607629741538548984e+00 0.000000000000000000e+00
9.611062877054553866e+00 0.000000000000000000e+00
9.614496012570558747e+00 0.000000000000000000e+00
9.617929148086563629e+00 0.000000000000000000e+00
9.621362283602568510e+00 0.000000000000000000e+00
9.624795419118571616e+00 0.000000000000000000e+00
9.628228554634574721e+00 0.000000000000000000e+00
9.631661690150579602e+00 0.000000000000000000e+00
9.635094825666584484e+00 0.000000000000000000e+00
9.638527961182589365e+00 0.000000000000000000e+00
9.641961096698594247e+00 0.000000000000000000e+00
9.645394232214599128e+00 0.000000000000000000e+00
9.648827367730604010e+00 0.000000000000000000e+00
9.652260503246607115e+00 0.000000000000000000e+00
9.655693638762611997e+00 0.000000000000000000e+00
9.659126774278616878e+00 0.000000000000000000e+00
9.662559909794619983e+00 0.000000000000000000e+00
9.665993045310624865e+00 0.000000000000000000e+00
9.669426180826629746e+00 0.000000000000000000e+00
9.672859316342634628e+00 0.000000000000000000e+00
9.676292451858637733e+00 0.000000000000000000e+00
9.679725587374642615e+00 0.000000000000000000e+00
9.683158722890647496e+00 0.000000000000000000e+00
9.686591858406652378e+00 0.000000000000000000e+00
9.690024993922657259e+00 0.000000000000000000e+00
9.693458129438662141e+00 0.000000000000000000e+00
9.696891264954667022e+00 0.000000000000000000e+00
9.700324400470670128e+00 0.000000000000000000e+00
9.703757535986673233e+00 0.000000000000000000e+00
9.707190671502678114e+00 0.000000000000000000e+00
9.710623807018682996e+00 0.000000000000000000e+00
9.714056942534687877e+00 0.000000000000000000e+00
9.717490078050692759e+00 0.000000000000000000e+00
9.720923213566697640e+00 0.000000000000000000e+00
9.724356349082702522e+00 0.000000000000000000e+00
9.727789484598707404e+00 0.000000000000000000e+00
9.731222620114710509e+00 0.000000000000000000e+00
9.734655755630715390e+00 0.000000000000000000e+00
9.738088891146718495e+00 0.000000000000000000e+00
9.741522026662723377e+00 0.000000000000000000e+00
9.744955162178728258e+00 0.000000000000000000e+00
9.748388297694733140e+00 0.000000000000000000e+00
9.751821433210738022e+00 0.000000000000000000e+00
9.755254568726742903e+00 0.000000000000000000e+00
9.758687704242746008e+00 0.000000000000000000e+00
9.762120839758750890e+00 0.000000000000000000e+00
9.765553975274755771e+00 0.000000000000000000e+00
9.768987110790760653e+00 0.000000000000000000e+00
9.772420246306763758e+00 0.000000000000000000e+00
9.775853381822768640e+00 0.000000000000000000e+00
9.779286517338773521e+00 0.000000000000000000e+00
9.782719652854778403e+00 0.000000000000000000e+00
9.786152788370781508e+00 0.000000000000000000e+00
9.789585923886786389e+00 0.000000000000000000e+00
9.793019059402791271e+00 0.000000000000000000e+00
9.796452194918796152e+00 0.000000000000000000e+00
9.799885330434801034e+00 0.000000000000000000e+00
9.803318465950805916e+00 0.000000000000000000e+00
9.806751601466809021e+00 0.000000000000000000e+00
9.810184736982813902e+00 0.000000000000000000e+00
9.813617872498817007e+00 0.000000000000000000e+00
9.817051008014821889e+00 0.000000000000000000e+00
9.820484143530826771e+00 0.000000000000000000e+00
9.823917279046831652e+00 0.000000000000000000e+00
9.827350414562836534e+00 0.000000000000000000e+00
9.830783550078841415e+00 0.000000000000000000e+00
9.834216685594846297e+00 0.000000000000000000e+00
9.837649821110849402e+00 0.000000000000000000e+00
9.841082956626854283e+00 0.000000000000000000e+00
9.844516092142857389e+00 0.000000000000000000e+00
9.847949227658862270e+00 0.000000000000000000e+00
9.851382363174867152e+00 0.000000000000000000e+00
9.854815498690872033e+00 0.000000000000000000e+00
9.858248634206876915e+00 0.000000000000000000e+00
9.861681769722881796e+00 0.000000000000000000e+00
9.865114905238884901e+00 0.000000000000000000e+00
9.868548040754889783e+00 0.000000000000000000e+00
9.871981176270894665e+00 0.000000000000000000e+00
9.875414311786899546e+00 0.000000000000000000e+00
9.878847447302902651e+00 0.000000000000000000e+00
9.882280582818907533e+00 0.000000000000000000e+00
9.885713718334912414e+00 0.000000000000000000e+00
9.889146853850917296e+00 0.000000000000000000e+00
9.892579989366920401e+00 0.000000000000000000e+00
9.896013124882925283e+00 0.000000000000000000e+00
9.899446260398930164e+00 0.000000000000000000e+00
9.902879395914935046e+00 0.000000000000000000e+00
9.906312531430939927e+00 0.000000000000000000e+00
9.909745666946944809e+00 0.000000000000000000e+00
9.913178802462947914e+00 0.000000000000000000e+00
9.916611937978952795e+00 0.000000000000000000e+00
9.920045073494955901e+00 0.000000000000000000e+00
9.923478209010960782e+00 0.000000000000000000e+00
9.926911344526965664e+00 0.000000000000000000e+00
9.930344480042970545e+00 0.000000000000000000e+00
9.933777615558975427e+00 0.000000000000000000e+00
9.937210751074980308e+00 0.000000000000000000e+00
9.940643886590985190e+00 0.000000000000000000e+00
9.944077022106990071e+00 0.000000000000000000e+00
9.947510157622993177e+00 0.000000000000000000e+00
9.950943293138996282e+00 0.000000000000000000e+00
9.954376428655001163e+00 0.000000000000000000e+00
9.957809564171006045e+00 0.000000000000000000e+00
9.961242699687010926e+00 0.000000000000000000e+00
9.964675835203015808e+00 0.000000000000000000e+00
9.968108970719020689e+00 0.000000000000000000e+00
9.971542106235023795e+00 0.000000000000000000e+00
9.974975241751028676e+00 0.000000000000000000e+00
9.978408377267033558e+00 0.000000000000000000e+00
9.981841512783038439e+00 0.000000000000000000e+00
9.985274648299041544e+00 0.000000000000000000e+00
9.988707783815046426e+00 0.000000000000000000e+00
9.992140919331051307e+00 0.000000000000000000e+00
9.995574054847056189e+00 0.000000000000000000e+00
9.999007190363059294e+00 0.000000000000000000e+00
1.000244032587906418e+01 0.000000000000000000e+00
1.000587346139506906e+01 0.000000000000000000e+00
1.000930659691107394e+01 0.000000000000000000e+00
1.001273973242707882e+01 0.000000000000000000e+00
1.001617286794308370e+01 0.000000000000000000e+00
1.001960600345908858e+01 0.000000000000000000e+00
1.002303913897509169e+01 0.000000000000000000e+00
1.002647227449109479e+01 0.000000000000000000e+00
1.002990541000709968e+01 0.000000000000000000e+00
1.003333854552310456e+01 0.000000000000000000e+00
1.003677168103910944e+01 0.000000000000000000e+00
1.004020481655511432e+01 0.000000000000000000e+00
1.004363795207111920e+01 0.000000000000000000e+00
1.004707108758712408e+01 0.000000000000000000e+00
1.005050422310312896e+01 0.000000000000000000e+00
1.005393735861913207e+01 0.000000000000000000e+00
1.005737049413513695e+01 0.000000000000000000e+00
1.006080362965114006e+01 0.000000000000000000e+00
1.006423676516714494e+01 0.000000000000000000e+00
1.006766990068314982e+01 0.000000000000000000e+00
1.007110303619915470e+01 0.000000000000000000e+00
1.007453617171515958e+01 0.000000000000000000e+00
1.007796930723116446e+01 0.000000000000000000e+00
1.008140244274716757e+01 0.000000000000000000e+00
1.008483557826317245e+01 0.000000000000000000e+00
1.008826871377917733e+01 0.000000000000000000e+00
1.009170184929518221e+01 0.000000000000000000e+00
1.009513498481118532e+01 0.000000000000000000e+00
1.009856812032719020e+01 0.000000000000000000e+00
1.010200125584319508e+01 0.000000000000000000e+00
1.010543439135919996e+01 0.000000000000000000e+00
1.010886752687520307e+01 0.000000000000000000e+00
1.011230066239120795e+01 0.000000000000000000e+00
1.011573379790721283e+01 0.000000000000000000e+00
1.011916693342321771e+01 0.000000000000000000e+00
1.012260006893922260e+01 0.000000000000000000e+00
1.012603320445522748e+01 0.000000000000000000e+00
1.012946633997123058e+01 0.000000000000000000e+00
1.013289947548723369e+01 0.000000000000000000e+00
1.013633261100323857e+01 0.000000000000000000e+00
1.013976574651924345e+01 0.000000000000000000e+00
1.014319888203524833e+01 0.000000000000000000e+00
1.014663201755125321e+01 0.000000000000000000e+00
1.015006515306725809e+01 0.000000000000000000e+00
1.015349828858326298e+01 0.000000000000000000e+00
1.015693142409926786e+01 0.000000000000000000e+00
1.016036455961527096e+01 0.000000000000000000e+00
1.016379769513127584e+01 0.000000000000000000e+00
1.016723083064727895e+01 0.000000000000000000e+00
1.017066396616328383e+01 0.000000000000000000e+00
1.017409710167928871e+01 0.000000000000000000e+00
1.017753023719529359e+01 0.000000000000000000e+00
1.018096337271129848e+01 0.000000000000000000e+00
1.018439650822730336e+01 0.000000000000000000e+00
1.018782964374330646e+01 0.000000000000000000e+00
1.019126277925931134e+01 0.000000000000000000e+00
1.019469591477531623e+01 0.000000000000000000e+00
1.019812905029132111e+01 0.000000000000000000e+00
1.020156218580732421e+01 0.000000000000000000e+00
1.020499532132332909e+01 0.000000000000000000e+00
1.020842845683933398e+01 0.000000000000000000e+00
1.021186159235533886e+01 0.000000000000000000e+00
1.021529472787134196e+01 0.000000000000000000e+00
1.021872786338734684e+01 0.000000000000000000e+00
1.022216099890335173e+01 0.000000000000000000e+00
1.022559413441935661e+01 0.000000000000000000e+00
1.022902726993536149e+01 0.000000000000000000e+00
1.023246040545136637e+01 0.000000000000000000e+00
1.023589354096736947e+01 0.000000000000000000e+00
1.023932667648337436e+01 0.000000000000000000e+00
1.024275981199937746e+01 0.000000000000000000e+00
1.024619294751538234e+01 0.000000000000000000e+00
1.024962608303138722e+01 0.000000000000000000e+00
1.025305921854739211e+01 0.000000000000000000e+00
1.025649235406339699e+01 0.000000000000000000e+00
1.025992548957940187e+01 0.000000000000000000e+00
1.026335862509540675e+01 0.000000000000000000e+00
1.026679176061140986e+01 0.000000000000000000e+00
1.027022489612741474e+01 0.000000000000000000e+00
1.027365803164341784e+01 0.000000000000000000e+00
1.027709116715942272e+01 0.000000000000000000e+00
1.028052430267542761e+01 0.000000000000000000e+00
1.028395743819143249e+01 0.000000000000000000e+00
1.028739057370743737e+01 0.000000000000000000e+00
1.029082370922344225e+01 0.000000000000000000e+00
1.029425684473944536e+01 0.000000000000000000e+00
1.029768998025545024e+01 0.000000000000000000e+00
