# # sector 15: chi = -24.99 deg (range [-30, -20))
# # columns: 2theta(deg)  intensity
1.716567758002242143e-03 3.468075561523437500e+02
5.149703274006726429e-03 3.042907409667968750e+02
8.582838790011209848e-03 2.814877624511718750e+02
1.201597430601569587e-02 1.493285217285156250e+02
1.544910982202017842e-02 4.988228225708007812e+01
1.888224533802465924e-02 7.512436676025390625e+01
2.231538085402914526e-02 1.729075469970703125e+02
2.574851637003363128e-02 2.026522369384765625e+02
2.918165188603811730e-02 1.780555114746093750e+02
3.261478740204259985e-02 1.682073059082031250e+02
3.604792291804708587e-02 1.338223419189453125e+02
3.948105843405157189e-02 1.175801391601562500e+02
4.291419395005605791e-02 1.108115844726562500e+02
4.634732946606053700e-02 1.167455291748046875e+02
4.978046498206502302e-02 1.085527954101562500e+02
5.321360049806950904e-02 8.746205902099609375e+01
5.664673601407399506e-02 8.922322082519531250e+01
6.007987153007848108e-02 1.491964874267578125e+02
6.351300704608295322e-02 2.086161651611328125e+02
6.694614256208744618e-02 2.172039794921875000e+02
7.037927807809192526e-02 2.431748657226562500e+02
7.381241359409640435e-02 2.209709014892578125e+02
7.724554911010089731e-02 1.888103027343750000e+02
8.067868462610537639e-02 1.555384368896484375e+02
8.411182014210986935e-02 1.492461547851562500e+02
8.754495565811434843e-02 1.627028503417968750e+02
9.097809117411882751e-02 1.515328521728515625e+02
9.441122669012332047e-02 1.608916320800781250e+02
9.784436220612781343e-02 1.477331695556640625e+02
1.012774977221322786e-01 1.388481445312500000e+02
1.047106332381367716e-01 1.345656738281250000e+02
1.081437687541412507e-01 1.381396331787109375e+02
1.115769042701457436e-01 1.603239440917968750e+02
1.150100397861502227e-01 1.761768951416015625e+02
1.184431753021547157e-01 1.513992156982421875e+02
1.218763108181591809e-01 1.442251892089843750e+02
1.253094463341636600e-01 1.164733810424804688e+02
1.287425818501681529e-01 1.447074432373046875e+02
1.321757173661726459e-01 1.401787567138671875e+02
1.356088528821771388e-01 1.462114715576171875e+02
1.390419883981816040e-01 1.322277679443359375e+02
1.424751239141860970e-01 1.490369110107421875e+02
1.459082594301905900e-01 1.838884887695312500e+02
1.493413949461950552e-01 1.782036895751953125e+02
1.527745304621995481e-01 1.496273040771484375e+02
1.562076659782040411e-01 1.503875122070312500e+02
1.596408014942085063e-01 2.003385162353515625e+02
1.630739370102129993e-01 2.063120422363281250e+02
1.665070725262174922e-01 1.778235168457031250e+02
1.699402080422219852e-01 1.854953308105468750e+02
1.733733435582264504e-01 2.514088592529296875e+02
1.768064790742309156e-01 3.049041442871093750e+02
1.802396145902354085e-01 3.311166076660156250e+02
1.836727501062399015e-01 3.723759460449218750e+02
1.871058856222443945e-01 5.365789184570312500e+02
1.905390211382488874e-01 7.669788818359375000e+02
1.939721566542533804e-01 1.042052124023437500e+03
1.974052921702578456e-01 1.308365112304687500e+03
2.008384276862623385e-01 1.523179565429687500e+03
2.042715632022668037e-01 1.629523071289062500e+03
2.077046987182712967e-01 1.711064941406250000e+03
2.111378342342757897e-01 1.738054687500000000e+03
2.145709697502802549e-01 1.724367431640625000e+03
2.180041052662847478e-01 1.740277709960937500e+03
2.214372407822892408e-01 1.746220336914062500e+03
2.248703762982937338e-01 1.778574951171875000e+03
2.283035118142981990e-01 1.757870239257812500e+03
2.317366473303026919e-01 1.762271728515625000e+03
2.351697828463071849e-01 1.766397216796875000e+03
2.386029183623116778e-01 1.775036254882812500e+03
2.420360538783161153e-01 1.816358764648437500e+03
2.454691893943206082e-01 1.828488403320312500e+03
2.489023249103251012e-01 1.825123291015625000e+03
2.523354604263295942e-01 1.804605102539062500e+03
2.557685959423340871e-01 1.811744628906250000e+03
2.592017314583385801e-01 1.824883789062500000e+03
2.626348669743430730e-01 1.851078369140625000e+03
2.660680024903475660e-01 1.893139282226562500e+03
2.695011380063520035e-01 1.945832885742187500e+03
2.729342735223564964e-01 1.995358642578125000e+03
2.763674090383609339e-01 2.004640625000000000e+03
2.798005445543654268e-01 2.011804321289062500e+03
2.832336800703699198e-01 1.991821411132812500e+03
2.866668155863744127e-01 2.015511718750000000e+03
2.900999511023789057e-01 2.048230957031250000e+03
2.935330866183833987e-01 2.080952636718750000e+03
2.969662221343878916e-01 2.070757324218750000e+03
3.003993576503923846e-01 2.082649169921875000e+03
3.038324931663968775e-01 2.112798339843750000e+03
3.072656286824013705e-01 2.156439941406250000e+03
3.106987641984058635e-01 2.163015869140625000e+03
3.141318997144103009e-01 2.151634033203125000e+03
3.175650352304147939e-01 2.141819335937500000e+03
3.209981707464192868e-01 2.196017089843750000e+03
3.244313062624237243e-01 2.272989013671875000e+03
3.278644417784282172e-01 2.341222412109375000e+03
3.312975772944327102e-01 2.351292480468750000e+03
3.347307128104372032e-01 2.361646972656250000e+03
3.381638483264416961e-01 2.376434570312500000e+03
3.415969838424461891e-01 2.377690185546875000e+03
3.450301193584506820e-01 2.359031250000000000e+03
3.484632548744551750e-01 2.345431640625000000e+03
3.518963903904596124e-01 2.348677246093750000e+03
3.553295259064641054e-01 2.375480712890625000e+03
3.587626614224685984e-01 2.397371826171875000e+03
3.621957969384730913e-01 2.425458984375000000e+03
3.656289324544775843e-01 2.434045898437500000e+03
3.690620679704820772e-01 2.394620605468750000e+03
3.724952034864865702e-01 2.374427734375000000e+03
3.759283390024910076e-01 2.385304443359375000e+03
3.793614745184955006e-01 2.439065185546875000e+03
3.827946100344999936e-01 2.437226806640625000e+03
3.862277455505044865e-01 2.439182128906250000e+03
3.896608810665089240e-01 2.462674072265625000e+03
3.930940165825134169e-01 2.481774169921875000e+03
3.965271520985179099e-01 2.472074951171875000e+03
3.999602876145224029e-01 2.483944091796875000e+03
4.033934231305268958e-01 2.504739501953125000e+03
4.068265586465313888e-01 2.534525390625000000e+03
4.102596941625358817e-01 2.538998046875000000e+03
4.136928296785403747e-01 2.550216552734375000e+03
4.171259651945448677e-01 2.544098876953125000e+03
4.205591007105493606e-01 2.547112548828125000e+03
4.239922362265537981e-01 2.557993896484375000e+03
4.274253717425582910e-01 2.586166259765625000e+03
4.308585072585627285e-01 2.590978027343750000e+03
4.342916427745672214e-01 2.627612792968750000e+03
4.377247782905717144e-01 2.658821289062500000e+03
4.411579138065762073e-01 2.684539306640625000e+03
4.445910493225807003e-01 2.689477783203125000e+03
4.480241848385851933e-01 2.706235107421875000e+03
4.514573203545896862e-01 2.710417236328125000e+03
4.548904558705941792e-01 2.730573730468750000e+03
4.583235913865986721e-01 2.754966796875000000e+03
4.617567269026031651e-01 2.764234863281250000e+03
4.651898624186076581e-01 2.750258056640625000e+03
4.686229979346121510e-01 2.767952148437500000e+03
4.720561334506166440e-01 2.789060302734375000e+03
4.754892689666211369e-01 2.796308349609375000e+03
4.789224044826255189e-01 2.786516845703125000e+03
4.823555399986300118e-01 2.822490478515625000e+03
4.857886755146345048e-01 2.892867919921875000e+03
4.892218110306389423e-01 2.955403076171875000e+03
4.926549465466434352e-01 3.006104980468750000e+03
4.960880820626479282e-01 2.996363037109375000e+03
4.995212175786524211e-01 2.994238281250000000e+03
5.029543530946569696e-01 2.971354248046875000e+03
5.063874886106614071e-01 2.948970214843750000e+03
5.098206241266658445e-01 2.909174560546875000e+03
5.132537596426703930e-01 2.879820800781250000e+03
5.166868951586748304e-01 2.858009033203125000e+03
5.201200306746793789e-01 2.865514648437500000e+03
5.235531661906838163e-01 2.857364746093750000e+03
5.269863017066883648e-01 2.860351074218750000e+03
5.304194372226928023e-01 2.857307861328125000e+03
5.338525727386973507e-01 2.901246582031250000e+03
5.372857082547017882e-01 2.922416503906250000e+03
5.407188437707063366e-01 2.932407958984375000e+03
5.441519792867107741e-01 2.903358154296875000e+03
5.475851148027153226e-01 2.865717285156250000e+03
5.510182503187196490e-01 2.865937988281250000e+03
5.544513858347241975e-01 2.871879638671875000e+03
5.578845213507286349e-01 2.886320800781250000e+03
5.613176568667331834e-01 2.850420898437500000e+03
5.647507923827376208e-01 2.838108886718750000e+03
5.681839278987420583e-01 2.839602783203125000e+03
5.716170634147466068e-01 2.856112548828125000e+03
5.750501989307510442e-01 2.862115966796875000e+03
5.784833344467555927e-01 2.860948974609375000e+03
5.819164699627600301e-01 2.880729492187500000e+03
5.853496054787645786e-01 2.895892822265625000e+03
5.887827409947690160e-01 2.900267333984375000e+03
5.922158765107735645e-01 2.872394531250000000e+03
5.956490120267780020e-01 2.856613525390625000e+03
5.990821475427825504e-01 2.858398925781250000e+03
6.025152830587869879e-01 2.856004394531250000e+03
6.059484185747915364e-01 2.852984375000000000e+03
6.093815540907959738e-01 2.874455566406250000e+03
6.128146896068004112e-01 2.924074707031250000e+03
6.162478251228049597e-01 2.959634277343750000e+03
6.196809606388093972e-01 2.962343750000000000e+03
6.231140961548139456e-01 2.957593750000000000e+03
6.265472316708182721e-01 2.934948730468750000e+03
6.299803671868228205e-01 2.922044189453125000e+03
6.334135027028272580e-01 2.893088134765625000e+03
6.368466382188318065e-01 2.906973876953125000e+03
6.402797737348362439e-01 2.913504150390625000e+03
6.437129092508407924e-01 2.927229492187500000e+03
6.471460447668452298e-01 2.920505126953125000e+03
6.505791802828497783e-01 2.937083251953125000e+03
6.540123157988542157e-01 2.949313232421875000e+03
6.574454513148587642e-01 2.960682373046875000e+03
6.608785868308632017e-01 2.938225585937500000e+03
6.643117223468677501e-01 2.900418945312500000e+03
6.677448578628721876e-01 2.899151855468750000e+03
6.711779933788766250e-01 2.917903808593750000e+03
6.746111288948811735e-01 2.937142333984375000e+03
6.780442644108856109e-01 2.929398437500000000e+03
6.814773999268901594e-01 2.941012939453125000e+03
6.849105354428945969e-01 2.936444091796875000e+03
6.883436709588991453e-01 2.935263671875000000e+03
6.917768064749035828e-01 2.948380615234375000e+03
6.952099419909081313e-01 2.957435546875000000e+03
6.986430775069124577e-01 2.945513916015625000e+03
7.020762130229170062e-01 2.937870117187500000e+03
7.055093485389214436e-01 2.935947509765625000e+03
7.089424840549259921e-01 2.927005615234375000e+03
7.123756195709304295e-01 2.910693847656250000e+03
7.158087550869349780e-01 2.918312255859375000e+03
7.192418906029394154e-01 2.940807617187500000e+03
7.226750261189439639e-01 2.952382324218750000e+03
7.261081616349484014e-01 2.952485107421875000e+03
7.295412971509528388e-01 2.934726562500000000e+03
7.329744326669573873e-01 2.932113525390625000e+03
7.364075681829618247e-01 2.924421875000000000e+03
7.398407036989663732e-01 2.954102783203125000e+03
7.432738392149708107e-01 2.971758789062500000e+03
7.467069747309753591e-01 2.982667968750000000e+03
7.501401102469797966e-01 2.967424316406250000e+03
7.535732457629843450e-01 2.954552978515625000e+03
7.570063812789887825e-01 2.950290283203125000e+03
7.604395167949933310e-01 2.941125000000000000e+03
7.638726523109977684e-01 2.927379394531250000e+03
7.673057878270023169e-01 2.912534423828125000e+03
7.707389233430067543e-01 2.907938476562500000e+03
7.741720588590111918e-01 2.923350830078125000e+03
7.776051943750156292e-01 2.934766845703125000e+03
7.810383298910200667e-01 2.943968750000000000e+03
7.844714654070246151e-01 2.945973144531250000e+03
7.879046009230290526e-01 2.951168212890625000e+03
7.913377364390336011e-01 2.953164306640625000e+03
7.947708719550380385e-01 2.968761474609375000e+03
7.982040074710425870e-01 2.976368652343750000e+03
8.016371429870470244e-01 2.982761718750000000e+03
8.050702785030515729e-01 2.983183105468750000e+03
8.085034140190560104e-01 2.994097412109375000e+03
8.119365495350605588e-01 3.004896240234375000e+03
8.153696850510649963e-01 2.996434082031250000e+03
8.188028205670695447e-01 3.005910400390625000e+03
8.222359560830739822e-01 3.003269287109375000e+03
8.256690915990785307e-01 3.011096435546875000e+03
8.291022271150829681e-01 2.989856933593750000e+03
8.325353626310874056e-01 2.981019775390625000e+03
8.359684981470919540e-01 2.971071289062500000e+03
8.394016336630963915e-01 2.965039794921875000e+03
8.428347691791009400e-01 2.967412353515625000e+03
8.462679046951052664e-01 2.973083984375000000e+03
8.497010402111098148e-01 2.971064208984375000e+03
8.531341757271142523e-01 2.973311767578125000e+03
8.565673112431188008e-01 2.981292236328125000e+03
8.600004467591232382e-01 3.007804443359375000e+03
8.634335822751277867e-01 2.990977050781250000e+03
8.668667177911322241e-01 2.991542724609375000e+03
8.702998533071367726e-01 3.002251220703125000e+03
8.737329888231412101e-01 3.016857910156250000e+03
8.771661243391457585e-01 3.008242431640625000e+03
8.805992598551501960e-01 2.994469238281250000e+03
8.840323953711546334e-01 2.995694824218750000e+03
8.874655308871591819e-01 3.009220458984375000e+03
8.908986664031636193e-01 3.011017578125000000e+03
8.943318019191681678e-01 3.004769531250000000e+03
8.977649374351724942e-01 2.993610351562500000e+03
9.011980729511770427e-01 2.990341308593750000e+03
9.046312084671814802e-01 2.989891113281250000e+03
9.080643439831860286e-01 2.993251464843750000e+03
9.114974794991904661e-01 2.985586425781250000e+03
9.149306150151950145e-01 2.975386962890625000e+03
9.183637505311994520e-01 2.970723632812500000e+03
9.217968860472040005e-01 2.975712646484375000e+03
9.252300215632084379e-01 2.969339599609375000e+03
9.286631570792129864e-01 2.951582275390625000e+03
9.320962925952174238e-01 2.946056152343750000e+03
9.355294281112219723e-01 2.956886474609375000e+03
9.389625636272264098e-01 2.984796386718750000e+03
9.423956991432308472e-01 2.986927734375000000e+03
9.458288346592353957e-01 2.992999755859375000e+03
9.492619701752398331e-01 3.006213134765625000e+03
9.526951056912443816e-01 3.006041748046875000e+03
9.561282412072487080e-01 2.982065917968750000e+03
9.595613767232531455e-01 2.958020263671875000e+03
9.629945122392575829e-01 2.950715087890625000e+03
9.664276477552621314e-01 2.926594238281250000e+03
9.698607832712665688e-01 2.917627197265625000e+03
9.732939187872711173e-01 2.935138183593750000e+03
9.767270543032755548e-01 2.960875488281250000e+03
9.801601898192801032e-01 2.980904052734375000e+03
9.835933253352845407e-01 2.992559326171875000e+03
9.870264608512890891e-01 3.000183105468750000e+03
9.904595963672935266e-01 3.015425292968750000e+03
9.938927318832980751e-01 3.030051757812500000e+03
9.973258673993025125e-01 3.010953857421875000e+03
1.000759002915307061e+00 2.992608154296875000e+03
1.004192138431311498e+00 2.978099609375000000e+03
1.007625273947315936e+00 2.988504882812500000e+03
1.011058409463320373e+00 2.986787841796875000e+03
1.014491544979325033e+00 2.971465332031250000e+03
1.017924680495329470e+00 2.947781738281250000e+03
1.021357816011333908e+00 2.931067626953125000e+03
1.024790951527338345e+00 2.921878906250000000e+03
1.028224087043343005e+00 2.916261474609375000e+03
1.031657222559347442e+00 2.897215576171875000e+03
1.035090358075351880e+00 2.905460205078125000e+03
1.038523493591356317e+00 2.917092773437500000e+03
1.041956629107360977e+00 2.941222412109375000e+03
1.045389764623365414e+00 2.942916259765625000e+03
1.048822900139369851e+00 2.946965087890625000e+03
1.052256035655374289e+00 2.947148437500000000e+03
1.055689171171378726e+00 2.968953857421875000e+03
1.059122306687383386e+00 2.966748779296875000e+03
1.062555442203387823e+00 2.953141357421875000e+03
1.065988577719392261e+00 2.922772460937500000e+03
1.069421713235396698e+00 2.908937500000000000e+03
1.072854848751401358e+00 2.914183349609375000e+03
1.076287984267405795e+00 2.928627685546875000e+03
1.079721119783410233e+00 2.937955566406250000e+03
1.083154255299414670e+00 2.941255859375000000e+03
1.086587390815419329e+00 2.930108886718750000e+03
1.090020526331423767e+00 2.917520019531250000e+03
1.093453661847428204e+00 2.907609619140625000e+03
1.096886797363432642e+00 2.912948242187500000e+03
1.100319932879437079e+00 2.916274658203125000e+03
1.103753068395441517e+00 2.922099121093750000e+03
1.107186203911445954e+00 2.923336425781250000e+03
1.110619339427450392e+00 2.933218994140625000e+03
1.114052474943455051e+00 2.935839599609375000e+03
1.117485610459459489e+00 2.931207763671875000e+03
1.120918745975463926e+00 2.926047119140625000e+03
1.124351881491468363e+00 2.932455810546875000e+03
1.127785017007472801e+00 2.922709228515625000e+03
1.131218152523477460e+00 2.910031005859375000e+03
1.134651288039481898e+00 2.899743408203125000e+03
1.138084423555486335e+00 2.904657226562500000e+03
1.141517559071490773e+00 2.899610595703125000e+03
1.144950694587495432e+00 2.892651367187500000e+03
1.148383830103499870e+00 2.887394042968750000e+03
1.151816965619504307e+00 2.890760253906250000e+03
1.155250101135508745e+00 2.906038085937500000e+03
1.158683236651513404e+00 2.913599365234375000e+03
1.162116372167517842e+00 2.909270751953125000e+03
1.165549507683522279e+00 2.904804199218750000e+03
1.168982643199526716e+00 2.910357177734375000e+03
1.172415778715531154e+00 2.892893310546875000e+03
1.175848914231535813e+00 2.872124755859375000e+03
1.179282049747540251e+00 2.854666015625000000e+03
1.182715185263544688e+00 2.874580810546875000e+03
1.186148320779549126e+00 2.893604736328125000e+03
1.189581456295553785e+00 2.913436035156250000e+03
1.193014591811558223e+00 2.917886718750000000e+03
1.196447727327562660e+00 2.912445556640625000e+03
1.199880862843567098e+00 2.904164062500000000e+03
1.203313998359571757e+00 2.909176513671875000e+03
1.206747133875576194e+00 2.921044677734375000e+03
1.210180269391580632e+00 2.901268066406250000e+03
1.213613404907585069e+00 2.892366699218750000e+03
1.217046540423589507e+00 2.876111572265625000e+03
1.220479675939594166e+00 2.884722412109375000e+03
1.223912811455598604e+00 2.876503906250000000e+03
1.227345946971603041e+00 2.876628906250000000e+03
1.230779082487607479e+00 2.873192626953125000e+03
1.234212218003612138e+00 2.892554687500000000e+03
1.237645353519616576e+00 2.904990722656250000e+03
1.241078489035621013e+00 2.911414306640625000e+03
1.244511624551625451e+00 2.908273193359375000e+03
1.247944760067629888e+00 2.904166992187500000e+03
1.251377895583634325e+00 2.886722412109375000e+03
1.254811031099638763e+00 2.887724853515625000e+03
1.258244166615643200e+00 2.908479492187500000e+03
1.261677302131647860e+00 2.917731689453125000e+03
1.265110437647652297e+00 2.911945312500000000e+03
1.268543573163656735e+00 2.888843994140625000e+03
1.271976708679661172e+00 2.892429199218750000e+03
1.275409844195665832e+00 2.907603027343750000e+03
1.278842979711670269e+00 2.913247558593750000e+03
1.282276115227674707e+00 2.901282958984375000e+03
1.285709250743679144e+00 2.896789794921875000e+03
1.289142386259683581e+00 2.896689453125000000e+03
1.292575521775688241e+00 2.898823974609375000e+03
1.296008657291692678e+00 2.904556396484375000e+03
1.299441792807697116e+00 2.917399902343750000e+03
1.302874928323701553e+00 2.923756835937500000e+03
1.306308063839706213e+00 2.924181396484375000e+03
1.309741199355710650e+00 2.928336181640625000e+03
1.313174334871715088e+00 2.927164062500000000e+03
1.316607470387719525e+00 2.951942626953125000e+03
1.320040605903724185e+00 2.962212158203125000e+03
1.323473741419728622e+00 2.967571289062500000e+03
1.326906876935733059e+00 2.941815185546875000e+03
1.330340012451737497e+00 2.937885009765625000e+03
1.333773147967741934e+00 2.944857177734375000e+03
1.337206283483746594e+00 2.966560058593750000e+03
1.340639418999751031e+00 2.965191162109375000e+03
1.344072554515755469e+00 2.951478027343750000e+03
1.347505690031759906e+00 2.936188476562500000e+03
1.350938825547764566e+00 2.928564697265625000e+03
1.354371961063769003e+00 2.943889648437500000e+03
1.357805096579773441e+00 2.956187744140625000e+03
1.361238232095777878e+00 2.951294677734375000e+03
1.364671367611782538e+00 2.917081054687500000e+03
1.368104503127786975e+00 2.911522949218750000e+03
1.371537638643791412e+00 2.916607177734375000e+03
1.374970774159795850e+00 2.924697265625000000e+03
1.378403909675800287e+00 2.930415771484375000e+03
1.381837045191804947e+00 2.934495361328125000e+03
1.385270180707809384e+00 2.945495849609375000e+03
1.388703316223813822e+00 2.953205322265625000e+03
1.392136451739818259e+00 2.952120605468750000e+03
1.395569587255822697e+00 2.945070068359375000e+03
1.399002722771827134e+00 2.928878906250000000e+03
1.402435858287831572e+00 2.929269775390625000e+03
1.405868993803836009e+00 2.917554199218750000e+03
1.409302129319840668e+00 2.916722167968750000e+03
1.412735264835845106e+00 2.905180175781250000e+03
1.416168400351849543e+00 2.894814208984375000e+03
1.419601535867853981e+00 2.889667236328125000e+03
1.423034671383858640e+00 2.878229492187500000e+03
1.426467806899863078e+00 2.891602294921875000e+03
1.429900942415867515e+00 2.897838378906250000e+03
1.433334077931871953e+00 2.903241455078125000e+03
1.436767213447876390e+00 2.898693359375000000e+03
1.440200348963881050e+00 2.903111083984375000e+03
1.443633484479885487e+00 2.920006591796875000e+03
1.447066619995889925e+00 2.947034179687500000e+03
1.450499755511894362e+00 2.947787841796875000e+03
1.453932891027899021e+00 2.937666503906250000e+03
1.457366026543903459e+00 2.918693603515625000e+03
1.460799162059907896e+00 2.907929931640625000e+03
1.464232297575912334e+00 2.902627929687500000e+03
1.467665433091916993e+00 2.902091552734375000e+03
1.471098568607921431e+00 2.894826904296875000e+03
1.474531704123925868e+00 2.878686279296875000e+03
1.477964839639930306e+00 2.859671875000000000e+03
1.481397975155934965e+00 2.863441162109375000e+03
1.484831110671939403e+00 2.859461914062500000e+03
1.488264246187943840e+00 2.864179443359375000e+03
1.491697381703948277e+00 2.867406250000000000e+03
1.495130517219952715e+00 2.879984130859375000e+03
1.498563652735957374e+00 2.878355712890625000e+03
1.501996788251961812e+00 2.882473632812500000e+03
1.505429923767966249e+00 2.870941650390625000e+03
1.508863059283970687e+00 2.860938964843750000e+03
1.512296194799975346e+00 2.829671875000000000e+03
1.515729330315979784e+00 2.828438476562500000e+03
1.519162465831984221e+00 2.837733154296875000e+03
1.522595601347988659e+00 2.857466796875000000e+03
1.526028736863993318e+00 2.848640625000000000e+03
1.529461872379997756e+00 2.844256347656250000e+03
1.532895007896002193e+00 2.848022705078125000e+03
1.536328143412006630e+00 2.848151123046875000e+03
1.539761278928011068e+00 2.837800048828125000e+03
1.543194414444015505e+00 2.817580322265625000e+03
1.546627549960019943e+00 2.820230957031250000e+03
1.550060685476024380e+00 2.818424560546875000e+03
1.553493820992028818e+00 2.831689453125000000e+03
1.556926956508033477e+00 2.822864990234375000e+03
1.560360092024037915e+00 2.828159912109375000e+03
1.563793227540042352e+00 2.820059570312500000e+03
1.567226363056046790e+00 2.822451660156250000e+03
1.570659498572051449e+00 2.828174316406250000e+03
1.574092634088055886e+00 2.843022460937500000e+03
1.577525769604060324e+00 2.858529785156250000e+03
1.580958905120064761e+00 2.864988281250000000e+03
1.584392040636069421e+00 2.861529541015625000e+03
1.587825176152073858e+00 2.849640136718750000e+03
1.591258311668078296e+00 2.851089843750000000e+03
1.594691447184082733e+00 2.866286132812500000e+03
1.598124582700087171e+00 2.877049804687500000e+03
1.601557718216091830e+00 2.875079833984375000e+03
1.604990853732096268e+00 2.878553466796875000e+03
1.608423989248100705e+00 2.888582031250000000e+03
1.611857124764105142e+00 2.915318847656250000e+03
1.615290260280109802e+00 2.927146728515625000e+03
1.618723395796114239e+00 2.947563476562500000e+03
1.622156531312118677e+00 2.947322509765625000e+03
1.625589666828123114e+00 2.961808105468750000e+03
1.629022802344127774e+00 2.964966552734375000e+03
1.632455937860132211e+00 2.983865234375000000e+03
1.635889073376136649e+00 3.011831542968750000e+03
1.639322208892141086e+00 3.064464843750000000e+03
1.642755344408145524e+00 3.111110595703125000e+03
1.646188479924150183e+00 3.158801757812500000e+03
1.649621615440154621e+00 3.208898193359375000e+03
1.653054750956159058e+00 3.293131347656250000e+03
1.656487886472163495e+00 3.420305908203125000e+03
1.659921021988168155e+00 3.655338623046875000e+03
1.663354157504172592e+00 4.092401123046875000e+03
1.666787293020177030e+00 5.007442382812500000e+03
1.670220428536181467e+00 7.076377929687500000e+03
1.673653564052186127e+00 1.189348925781250000e+04
1.677086699568190564e+00 2.169004492187500000e+04
1.680519835084195002e+00 3.635597656250000000e+04
1.683952970600199439e+00 5.241098437500000000e+04
1.687386106116203877e+00 5.746055468750000000e+04
1.690819241632208314e+00 4.938773046875000000e+04
1.694252377148212751e+00 3.135652343750000000e+04
1.697685512664217189e+00 1.809991015625000000e+04
1.701118648180221848e+00 1.021587011718750000e+04
1.704551783696226286e+00 6.179035156250000000e+03
1.707984919212230723e+00 4.616278808593750000e+03
1.711418054728235161e+00 3.874750488281250000e+03
1.714851190244239598e+00 3.516307128906250000e+03
1.718284325760244258e+00 3.307125000000000000e+03
1.721717461276248695e+00 3.175387451171875000e+03
1.725150596792253133e+00 3.089926269531250000e+03
1.728583732308257570e+00 3.026813232421875000e+03
1.732016867824262230e+00 2.967415771484375000e+03
1.735450003340266667e+00 2.922634033203125000e+03
1.738883138856271104e+00 2.885912597656250000e+03
1.742316274372275542e+00 2.847106689453125000e+03
1.745749409888280201e+00 2.822839843750000000e+03
1.749182545404284639e+00 2.807950683593750000e+03
1.752615680920289076e+00 2.795469726562500000e+03
1.756048816436293514e+00 2.777877929687500000e+03
1.759481951952297951e+00 2.763388671875000000e+03
1.762915087468302611e+00 2.745415039062500000e+03
1.766348222984307048e+00 2.727727539062500000e+03
1.769781358500311486e+00 2.702911865234375000e+03
1.773214494016315923e+00 2.685423339843750000e+03
1.776647629532320583e+00 2.672493652343750000e+03
1.780080765048325020e+00 2.663634033203125000e+03
1.783513900564329457e+00 2.659660888671875000e+03
1.786947036080333895e+00 2.654311523437500000e+03
1.790380171596338554e+00 2.643285644531250000e+03
1.793813307112343214e+00 2.631716552734375000e+03
1.797246442628347429e+00 2.621252685546875000e+03
1.800679578144352089e+00 2.621824218750000000e+03
1.804112713660356304e+00 2.610123535156250000e+03
1.807545849176361186e+00 2.591759521484375000e+03
1.810978984692365401e+00 2.578960693359375000e+03
1.814412120208370061e+00 2.567873291015625000e+03
1.817845255724374276e+00 2.574517578125000000e+03
1.821278391240379158e+00 2.563190185546875000e+03
1.824711526756383373e+00 2.544667724609375000e+03
1.828144662272388032e+00 2.528216308593750000e+03
1.831577797788392248e+00 2.523190429687500000e+03
1.835010933304396907e+00 2.534533935546875000e+03
1.838444068820401345e+00 2.535773681640625000e+03
1.841877204336406004e+00 2.541435791015625000e+03
1.845310339852410220e+00 2.522490966796875000e+03
1.848743475368414879e+00 2.508396972656250000e+03
1.852176610884419317e+00 2.499229736328125000e+03
1.855609746400423976e+00 2.501811279296875000e+03
1.859042881916428192e+00 2.483866210937500000e+03
1.862476017432432851e+00 2.473975585937500000e+03
1.865909152948437288e+00 2.467605712890625000e+03
1.869342288464441948e+00 2.473035156250000000e+03
1.872775423980446163e+00 2.465159179687500000e+03
1.876208559496450823e+00 2.465601318359375000e+03
1.879641695012455260e+00 2.457536621093750000e+03
1.883074830528459920e+00 2.452541748046875000e+03
1.886507966044464135e+00 2.447000732421875000e+03
1.889941101560468795e+00 2.438839111328125000e+03
1.893374237076473010e+00 2.422680664062500000e+03
1.896807372592477892e+00 2.406270996093750000e+03
1.900240508108482107e+00 2.401504150390625000e+03
1.903673643624486767e+00 2.396506103515625000e+03
1.907106779140490982e+00 2.391769287109375000e+03
1.910539914656495419e+00 2.389612060546875000e+03
1.913973050172500079e+00 2.387316894531250000e+03
1.917406185688504294e+00 2.380141845703125000e+03
1.920839321204508954e+00 2.379334228515625000e+03
1.924272456720513391e+00 2.374569335937500000e+03
1.927705592236518051e+00 2.370540771484375000e+03
1.931138727752522266e+00 2.363023925781250000e+03
1.934571863268526926e+00 2.355957519531250000e+03
1.938004998784531363e+00 2.350291503906250000e+03
1.941438134300536023e+00 2.346837890625000000e+03
1.944871269816540238e+00 2.356072753906250000e+03
1.948304405332544897e+00 2.350318359375000000e+03
1.951737540848549335e+00 2.348757080078125000e+03
1.955170676364553994e+00 2.337088378906250000e+03
1.958603811880558210e+00 2.339964111328125000e+03
1.962036947396562869e+00 2.331626708984375000e+03
1.965470082912567085e+00 2.320240234375000000e+03
1.968903218428571966e+00 2.307970214843750000e+03
1.972336353944576182e+00 2.291461181640625000e+03
1.975769489460580841e+00 2.287938964843750000e+03
1.979202624976585057e+00 2.296145019531250000e+03
1.982635760492589938e+00 2.290440429687500000e+03
1.986068896008594153e+00 2.285059814453125000e+03
1.989502031524598813e+00 2.269264404296875000e+03
1.992935167040603028e+00 2.272004638671875000e+03
1.996368302556607688e+00 2.272991455078125000e+03
1.999801438072612125e+00 2.284217041015625000e+03
2.003234573588616563e+00 2.272002685546875000e+03
2.006667709104621000e+00 2.260292236328125000e+03
2.010100844620625882e+00 2.257794189453125000e+03
2.013533980136629875e+00 2.270890869140625000e+03
2.016967115652634757e+00 2.269038574218750000e+03
2.020400251168639194e+00 2.258845214843750000e+03
2.023833386684643632e+00 2.251185791015625000e+03
2.027266522200648069e+00 2.246843994140625000e+03
2.030699657716652506e+00 2.241790283203125000e+03
2.034132793232656944e+00 2.236171386718750000e+03
2.037565928748661825e+00 2.233607421875000000e+03
2.040999064264665819e+00 2.238369384765625000e+03
2.044432199780670700e+00 2.236836669921875000e+03
2.047865335296675138e+00 2.244344726562500000e+03
2.051298470812679575e+00 2.230151611328125000e+03
2.054731606328684013e+00 2.222359863281250000e+03
2.058164741844688006e+00 2.209819091796875000e+03
2.061597877360692888e+00 2.209145996093750000e+03
2.065031012876697325e+00 2.197206542968750000e+03
2.068464148392701762e+00 2.184773193359375000e+03
2.071897283908706200e+00 2.191922363281250000e+03
2.075330419424710637e+00 2.193322753906250000e+03
2.078763554940715075e+00 2.193836914062500000e+03
2.082196690456719956e+00 2.174325439453125000e+03
2.085629825972723950e+00 2.150364013671875000e+03
2.089062961488728831e+00 2.129211914062500000e+03
2.092496097004733269e+00 2.129117675781250000e+03
2.095929232520737706e+00 2.146384033203125000e+03
2.099362368036742144e+00 2.140503417968750000e+03
2.102795503552746581e+00 2.130870849609375000e+03
2.106228639068751018e+00 2.128800292968750000e+03
2.109661774584755900e+00 2.135664306640625000e+03
2.113094910100759893e+00 2.131655761718750000e+03
2.116528045616764775e+00 2.115694091796875000e+03
2.119961181132768768e+00 2.113418701171875000e+03
2.123394316648773650e+00 2.114046630859375000e+03
2.126827452164778087e+00 2.111908691406250000e+03
2.130260587680782525e+00 2.103476806640625000e+03
2.133693723196786962e+00 2.104071777343750000e+03
2.137126858712791844e+00 2.095324462890625000e+03
2.140559994228795837e+00 2.096526123046875000e+03
2.143993129744800719e+00 2.088429443359375000e+03
2.147426265260804712e+00 2.091138183593750000e+03
2.150859400776809593e+00 2.076981445312500000e+03
2.154292536292814031e+00 2.085398437500000000e+03
2.157725671808818468e+00 2.083922363281250000e+03
2.161158807324822906e+00 2.081428710937500000e+03
2.164591942840827343e+00 2.070886474609375000e+03
2.168025078356831781e+00 2.071226318359375000e+03
2.171458213872836662e+00 2.077259521484375000e+03
2.174891349388840656e+00 2.078194091796875000e+03
2.178324484904845537e+00 2.083770996093750000e+03
2.181757620420849975e+00 2.074974853515625000e+03
2.185190755936854412e+00 2.076993652343750000e+03
2.188623891452858850e+00 2.062133300781250000e+03
2.192057026968863287e+00 2.062439697265625000e+03
2.195490162484867724e+00 2.061140625000000000e+03
2.198923298000872162e+00 2.065507812500000000e+03
2.202356433516876599e+00 2.058697753906250000e+03
2.205789569032881037e+00 2.064836669921875000e+03
2.209222704548885918e+00 2.070533935546875000e+03
2.212655840064889912e+00 2.074659423828125000e+03
2.216088975580894793e+00 2.066881347656250000e+03
2.219522111096898787e+00 2.062481445312500000e+03
2.222955246612903668e+00 2.053880615234375000e+03
2.226388382128908106e+00 2.053977050781250000e+03
2.229821517644912543e+00 2.050316406250000000e+03
2.233254653160916980e+00 2.052621582031250000e+03
2.236687788676921418e+00 2.058918945312500000e+03
2.240120924192925855e+00 2.054728759765625000e+03
2.243554059708930737e+00 2.056156738281250000e+03
2.246987195224934730e+00 2.048580566406250000e+03
2.250420330740939612e+00 2.044442504882812500e+03
2.253853466256944049e+00 2.041602294921875000e+03
2.257286601772948487e+00 2.044306030273437500e+03
2.260719737288952924e+00 2.049584960937500000e+03
2.264152872804957362e+00 2.056443603515625000e+03
2.267586008320961799e+00 2.067145751953125000e+03
2.271019143836966681e+00 2.077690673828125000e+03
2.274452279352970674e+00 2.076022705078125000e+03
2.277885414868975555e+00 2.070341796875000000e+03
2.281318550384979549e+00 2.060172851562500000e+03
2.284751685900984430e+00 2.073948242187500000e+03
2.288184821416988868e+00 2.080837402343750000e+03
2.291617956932993305e+00 2.083436279296875000e+03
2.295051092448997743e+00 2.089985839843750000e+03
2.298484227965002624e+00 2.115993164062500000e+03
2.301917363481006618e+00 2.147868896484375000e+03
2.305350498997011499e+00 2.159662597656250000e+03
2.308783634513015492e+00 2.161093750000000000e+03
2.312216770029020374e+00 2.168102050781250000e+03
2.315649905545024811e+00 2.186112548828125000e+03
2.319083041061029249e+00 2.207906005859375000e+03
2.322516176577033686e+00 2.245275634765625000e+03
2.325949312093038124e+00 2.282108642578125000e+03
2.329382447609042561e+00 2.312523437500000000e+03
2.332815583125047443e+00 2.339566894531250000e+03
2.336248718641051436e+00 2.372633789062500000e+03
2.339681854157056318e+00 2.422609130859375000e+03
2.343114989673060755e+00 2.479687500000000000e+03
2.346548125189064748e+00 2.566240234375000000e+03
2.349981260705069630e+00 2.674454833984375000e+03
2.353414396221073623e+00 2.866679931640625000e+03
2.356847531737078505e+00 3.202333496093750000e+03
2.360280667253082942e+00 3.829874267578125000e+03
2.363713802769087380e+00 5.082124023437500000e+03
2.367146938285091817e+00 7.873843750000000000e+03
2.370580073801096255e+00 1.395664941406250000e+04
2.374013209317100692e+00 2.794736132812500000e+04
2.377446344833105574e+00 4.606534375000000000e+04
2.380879480349109567e+00 6.225017578125000000e+04
2.384312615865114449e+00 6.718227343750000000e+04
2.387745751381118886e+00 6.015123437500000000e+04
2.391178886897123324e+00 4.439412500000000000e+04
2.394612022413127761e+00 2.705196093750000000e+04
2.398045157929132198e+00 1.460549609375000000e+04
2.401478293445136636e+00 7.779633789062500000e+03
2.404911428961141517e+00 5.058911132812500000e+03
2.408344564477145511e+00 3.793259765625000000e+03
2.411777699993150392e+00 3.200472412109375000e+03
2.415210835509154830e+00 2.879889892578125000e+03
2.418643971025159267e+00 2.689015625000000000e+03
2.422077106541163705e+00 2.550586181640625000e+03
2.425510242057168142e+00 2.442071044921875000e+03
2.428943377573172580e+00 2.356714111328125000e+03
2.432376513089177461e+00 2.284286865234375000e+03
2.435809648605181454e+00 2.232461669921875000e+03
2.439242784121186336e+00 2.195200683593750000e+03
2.442675919637190329e+00 2.161904541015625000e+03
2.446109055153195211e+00 2.119296142578125000e+03
2.449542190669199648e+00 2.082243652343750000e+03
2.452975326185204086e+00 2.051530517578125000e+03
2.456408461701208523e+00 2.034268798828125000e+03
2.459841597217213405e+00 2.008114746093750000e+03
2.463274732733217398e+00 1.989709838867187500e+03
2.466707868249222280e+00 1.968751220703125000e+03
2.470141003765226273e+00 1.952729125976562500e+03
2.473574139281231155e+00 1.928391113281250000e+03
2.477007274797235592e+00 1.918524169921875000e+03
2.480440410313240029e+00 1.906432495117187500e+03
2.483873545829244467e+00 1.885416259765625000e+03
2.487306681345248904e+00 1.863949096679687500e+03
2.490739816861253342e+00 1.842114013671875000e+03
2.494172952377257779e+00 1.833321166992187500e+03
2.497606087893262217e+00 1.811982910156250000e+03
2.501039223409266654e+00 1.818342895507812500e+03
2.504472358925271536e+00 1.818938354492187500e+03
2.507905494441275529e+00 1.824940185546875000e+03
2.511338629957280411e+00 1.806368896484375000e+03
2.514771765473284404e+00 1.795026611328125000e+03
2.518204900989289285e+00 1.785574218750000000e+03
2.521638036505293723e+00 1.780113159179687500e+03
2.525071172021298160e+00 1.778015747070312500e+03
2.528504307537302598e+00 1.767059326171875000e+03
2.531937443053307035e+00 1.762181884765625000e+03
2.535370578569311473e+00 1.752456542968750000e+03
2.538803714085316354e+00 1.759209106445312500e+03
2.542236849601320348e+00 1.757974487304687500e+03
2.545669985117325229e+00 1.750485839843750000e+03
2.549103120633329667e+00 1.739655761718750000e+03
2.552536256149334104e+00 1.733148925781250000e+03
2.555969391665338541e+00 1.725312011718750000e+03
2.559402527181342979e+00 1.722745727539062500e+03
2.562835662697347416e+00 1.717618530273437500e+03
2.566268798213352298e+00 1.708005371093750000e+03
2.569701933729356291e+00 1.695781250000000000e+03
2.573135069245361173e+00 1.691371459960937500e+03
2.576568204761365610e+00 1.677184448242187500e+03
2.580001340277370048e+00 1.667929321289062500e+03
2.583434475793374485e+00 1.659314575195312500e+03
2.586867611309378923e+00 1.659400878906250000e+03
2.590300746825383360e+00 1.665537231445312500e+03
2.593733882341388242e+00 1.672756713867187500e+03
2.597167017857392235e+00 1.667415649414062500e+03
2.600600153373397116e+00 1.650552612304687500e+03
2.604033288889401110e+00 1.643169433593750000e+03
2.607466424405405991e+00 1.645538085937500000e+03
2.610899559921410429e+00 1.651198730468750000e+03
2.614332695437414866e+00 1.656811523437500000e+03
2.617765830953419304e+00 1.645799560546875000e+03
2.621198966469423741e+00 1.634833251953125000e+03
2.624632101985428179e+00 1.612364257812500000e+03
2.628065237501433060e+00 1.610290405273437500e+03
2.631498373017437054e+00 1.602223266601562500e+03
2.634931508533441935e+00 1.605125366210937500e+03
2.638364644049446373e+00 1.602669189453125000e+03
2.641797779565450366e+00 1.600535156250000000e+03
2.645230915081455247e+00 1.596560302734375000e+03
2.648664050597459685e+00 1.597015258789062500e+03
2.652097186113464122e+00 1.588977050781250000e+03
2.655530321629468560e+00 1.581159912109375000e+03
2.658963457145472997e+00 1.570872436523437500e+03
2.662396592661477435e+00 1.571869873046875000e+03
2.665829728177482316e+00 1.577512207031250000e+03
2.669262863693486310e+00 1.579758056640625000e+03
2.672695999209491191e+00 1.587623413085937500e+03
2.676129134725495184e+00 1.590498413085937500e+03
2.679562270241500066e+00 1.587763671875000000e+03
2.682995405757504503e+00 1.574480346679687500e+03
2.686428541273508941e+00 1.578402954101562500e+03
2.689861676789513378e+00 1.584914184570312500e+03
2.693294812305517816e+00 1.585252807617187500e+03
2.696727947821522253e+00 1.573089599609375000e+03
2.700161083337527135e+00 1.560680053710937500e+03
2.703594218853531128e+00 1.550555664062500000e+03
2.707027354369536010e+00 1.550880737304687500e+03
2.710460489885540447e+00 1.550681152343750000e+03
2.713893625401544885e+00 1.553160400390625000e+03
2.717326760917549322e+00 1.556076049804687500e+03
2.720759896433553759e+00 1.552718505859375000e+03
2.724193031949558197e+00 1.549927978515625000e+03
2.727626167465563078e+00 1.545937988281250000e+03
2.731059302981567072e+00 1.549999755859375000e+03
2.734492438497571953e+00 1.551644165039062500e+03
2.737925574013576391e+00 1.537877563476562500e+03
2.741358709529580828e+00 1.517544677734375000e+03
2.744791845045585266e+00 1.522500000000000000e+03
2.748224980561589703e+00 1.534750732421875000e+03
2.751658116077594141e+00 1.537925781250000000e+03
2.755091251593599022e+00 1.529979125976562500e+03
2.758524387109603015e+00 1.528675781250000000e+03
2.761957522625607897e+00 1.523430908203125000e+03
2.765390658141611890e+00 1.516146240234375000e+03
2.768823793657616772e+00 1.529301879882812500e+03
2.772256929173621209e+00 1.535233520507812500e+03
2.775690064689625647e+00 1.544212768554687500e+03
2.779123200205630084e+00 1.541141479492187500e+03
2.782556335721634522e+00 1.550291137695312500e+03
2.785989471237638959e+00 1.544042236328125000e+03
2.789422606753643397e+00 1.534897583007812500e+03
2.792855742269647834e+00 1.527191772460937500e+03
2.796288877785652272e+00 1.527778442382812500e+03
2.799722013301657153e+00 1.532278686523437500e+03
2.803155148817661146e+00 1.529673583984375000e+03
2.806588284333666028e+00 1.529069458007812500e+03
2.810021419849670465e+00 1.528208984375000000e+03
2.813454555365674903e+00 1.533506958007812500e+03
2.816887690881679340e+00 1.534794799804687500e+03
2.820320826397683778e+00 1.535471069335937500e+03
2.823753961913688215e+00 1.533949707031250000e+03
2.827187097429693097e+00 1.542194824218750000e+03
2.830620232945697090e+00 1.560489013671875000e+03
2.834053368461701972e+00 1.576222778320312500e+03
2.837486503977705965e+00 1.589205566406250000e+03
2.840919639493710847e+00 1.595432617187500000e+03
2.844352775009715284e+00 1.599718627929687500e+03
2.847785910525719721e+00 1.605228149414062500e+03
2.851219046041724159e+00 1.616608032226562500e+03
2.854652181557728596e+00 1.629270141601562500e+03
2.858085317073733034e+00 1.639756103515625000e+03
2.861518452589737915e+00 1.654152587890625000e+03
2.864951588105741909e+00 1.671359863281250000e+03
2.868384723621746790e+00 1.694321533203125000e+03
2.871817859137751228e+00 1.713548583984375000e+03
2.875250994653755665e+00 1.728284667968750000e+03
2.878684130169760103e+00 1.753091064453125000e+03
2.882117265685764540e+00 1.793933105468750000e+03
2.885550401201768977e+00 1.866079589843750000e+03
2.888983536717773859e+00 1.961553344726562500e+03
2.892416672233777852e+00 2.126078613281250000e+03
2.895849807749782734e+00 2.422253173828125000e+03
2.899282943265787171e+00 3.006828613281250000e+03
2.902716078781791609e+00 4.322322753906250000e+03
2.906149214297796046e+00 7.013932617187500000e+03
2.909582349813800484e+00 1.254385449218750000e+04
2.913015485329804921e+00 2.105187695312500000e+04
2.916448620845809803e+00 2.906517773437500000e+04
2.919881756361813796e+00 3.199581640625000000e+04
2.923314891877818678e+00 2.804820507812500000e+04
2.926748027393822671e+00 2.043886328125000000e+04
2.930181162909827552e+00 1.250184472656250000e+04
2.933614298425831990e+00 6.886471191406250000e+03
2.937047433941835983e+00 4.121527343750000000e+03
2.940480569457840865e+00 2.919248291015625000e+03
2.943913704973845302e+00 2.361246337890625000e+03
2.947346840489849740e+00 2.084731689453125000e+03
2.950779976005854177e+00 1.925563720703125000e+03
2.954213111521858615e+00 1.820090209960937500e+03
2.957646247037863052e+00 1.749350952148437500e+03
2.961079382553867934e+00 1.709102905273437500e+03
2.964512518069871927e+00 1.682610473632812500e+03
2.967945653585876808e+00 1.651348632812500000e+03
2.971378789101881246e+00 1.623819458007812500e+03
2.974811924617885683e+00 1.604369506835937500e+03
2.978245060133890121e+00 1.594217041015625000e+03
2.981678195649894558e+00 1.575819213867187500e+03
2.985111331165898996e+00 1.552695678710937500e+03
2.988544466681903877e+00 1.538527587890625000e+03
2.991977602197907871e+00 1.522730957031250000e+03
2.995410737713912752e+00 1.501624267578125000e+03
2.998843873229916746e+00 1.490453491210937500e+03
3.002277008745921627e+00 1.487338867187500000e+03
3.005710144261926065e+00 1.492820922851562500e+03
3.009143279777930502e+00 1.475314819335937500e+03
3.012576415293934939e+00 1.458221557617187500e+03
3.016009550809939377e+00 1.436119995117187500e+03
3.019442686325943814e+00 1.427721801757812500e+03
3.022875821841948696e+00 1.415875732421875000e+03
3.026308957357952689e+00 1.410331909179687500e+03
3.029742092873957571e+00 1.399024047851562500e+03
3.033175228389962008e+00 1.392738403320312500e+03
3.036608363905966446e+00 1.382770874023437500e+03
3.040041499421970883e+00 1.380780761718750000e+03
3.043474634937975321e+00 1.389689575195312500e+03
3.046907770453979758e+00 1.379858886718750000e+03
3.050340905969984640e+00 1.375425781250000000e+03
3.053774041485988633e+00 1.361736450195312500e+03
3.057207177001993514e+00 1.361546630859375000e+03
3.060640312517997952e+00 1.358405883789062500e+03
3.064073448034002389e+00 1.348937255859375000e+03
3.067506583550006827e+00 1.338784667968750000e+03
3.070939719066011264e+00 1.331085327148437500e+03
3.074372854582015702e+00 1.329582763671875000e+03
3.077805990098020583e+00 1.333158935546875000e+03
3.081239125614024577e+00 1.326189697265625000e+03
3.084672261130029014e+00 1.315946777343750000e+03
3.088105396646033451e+00 1.313441894531250000e+03
3.091538532162037889e+00 1.314335815429687500e+03
3.094971667678042770e+00 1.308025390625000000e+03
3.098404803194046764e+00 1.289754638671875000e+03
3.101837938710051645e+00 1.296079467773437500e+03
3.105271074226056083e+00 1.302082885742187500e+03
3.108704209742060520e+00 1.306288085937500000e+03
3.112137345258064958e+00 1.290793090820312500e+03
3.115570480774069395e+00 1.297017578125000000e+03
3.119003616290073833e+00 1.307974975585937500e+03
3.122436751806078714e+00 1.339981445312500000e+03
3.125869887322082707e+00 1.358880981445312500e+03
3.129303022838087589e+00 1.374515136718750000e+03
3.132736158354092026e+00 1.355882324218750000e+03
3.136169293870096464e+00 1.336628051757812500e+03
3.139602429386100901e+00 1.316972656250000000e+03
3.143035564902105339e+00 1.299640869140625000e+03
3.146468700418109776e+00 1.289739868164062500e+03
3.149901835934114658e+00 1.282859741210937500e+03
3.153334971450118651e+00 1.287525024414062500e+03
3.156768106966123533e+00 1.279500488281250000e+03
3.160201242482127526e+00 1.264750244140625000e+03
3.163634377998132408e+00 1.253755615234375000e+03
3.167067513514136845e+00 1.259340942382812500e+03
3.170500649030141282e+00 1.265417846679687500e+03
3.173933784546145720e+00 1.258833129882812500e+03
3.177366920062150157e+00 1.251010498046875000e+03
3.180800055578154595e+00 1.251631225585937500e+03
3.184233191094159476e+00 1.256985351562500000e+03
3.187666326610163470e+00 1.258627197265625000e+03
3.191099462126168351e+00 1.253165893554687500e+03
3.194532597642172789e+00 1.248583618164062500e+03
3.197965733158177226e+00 1.239812133789062500e+03
3.201398868674181664e+00 1.233964843750000000e+03
3.204832004190186101e+00 1.236325927734375000e+03
3.208265139706190539e+00 1.240168334960937500e+03
3.211698275222195420e+00 1.244633178710937500e+03
3.215131410738199413e+00 1.244665039062500000e+03
3.218564546254204295e+00 1.245497924804687500e+03
3.221997681770208732e+00 1.242172119140625000e+03
3.225430817286212726e+00 1.242418090820312500e+03
3.228863952802217607e+00 1.234681152343750000e+03
3.232297088318221601e+00 1.234502807617187500e+03
3.235730223834226482e+00 1.232787353515625000e+03
3.239163359350230920e+00 1.235605957031250000e+03
3.242596494866235357e+00 1.236764648437500000e+03
3.246029630382239795e+00 1.240001708984375000e+03
3.249462765898244232e+00 1.249023681640625000e+03
3.252895901414248669e+00 1.248744018554687500e+03
3.256329036930253551e+00 1.251884765625000000e+03
3.259762172446257544e+00 1.251826538085937500e+03
3.263195307962262426e+00 1.248245239257812500e+03
3.266628443478266863e+00 1.242618896484375000e+03
3.270061578994271301e+00 1.242595825195312500e+03
3.273494714510275738e+00 1.242978149414062500e+03
3.276927850026280176e+00 1.246621337890625000e+03
3.280360985542284613e+00 1.244013549804687500e+03
3.283794121058289495e+00 1.245777832031250000e+03
3.287227256574293488e+00 1.247987792968750000e+03
3.290660392090298370e+00 1.248905273437500000e+03
3.294093527606302807e+00 1.248194091796875000e+03
3.297526663122307244e+00 1.251728393554687500e+03
3.300959798638311682e+00 1.262632568359375000e+03
3.304392934154316119e+00 1.272494262695312500e+03
3.307826069670320557e+00 1.271180175781250000e+03
3.311259205186325438e+00 1.274888427734375000e+03
3.314692340702329432e+00 1.286177368164062500e+03
3.318125476218334313e+00 1.298637451171875000e+03
3.321558611734338307e+00 1.311536621093750000e+03
3.324991747250343188e+00 1.323723144531250000e+03
3.328424882766347626e+00 1.337225341796875000e+03
3.331858018282352063e+00 1.356654052734375000e+03
3.335291153798356500e+00 1.379348388671875000e+03
3.338724289314360938e+00 1.410092651367187500e+03
3.342157424830365375e+00 1.463047729492187500e+03
3.345590560346370257e+00 1.566978515625000000e+03
3.349023695862374250e+00 1.776766967773437500e+03
3.352456831378379132e+00 2.190030761718750000e+03
3.355889966894383569e+00 3.215629638671875000e+03
3.359323102410388007e+00 5.375440429687500000e+03
3.362756237926392444e+00 9.399879882812500000e+03
3.366189373442396882e+00 1.437620214843750000e+04
3.369622508958401319e+00 1.708904882812500000e+04
3.373055644474405756e+00 1.751123046875000000e+04
3.376488779990410194e+00 1.481822167968750000e+04
3.379921915506414631e+00 1.089723242187500000e+04
3.383355051022419513e+00 5.946722656250000000e+03
3.386788186538423506e+00 3.422479003906250000e+03
3.390221322054428388e+00 2.310105712890625000e+03
3.393654457570432381e+00 1.819093872070312500e+03
3.397087593086437263e+00 1.596327270507812500e+03
3.400520728602441700e+00 1.482589843750000000e+03
3.403953864118446138e+00 1.422543457031250000e+03
3.407386999634450575e+00 1.385956054687500000e+03
3.410820135150455013e+00 1.348357910156250000e+03
3.414253270666459450e+00 1.321133056640625000e+03
3.417686406182464331e+00 1.299739135742187500e+03
3.421119541698468325e+00 1.290015014648437500e+03
3.424552677214473206e+00 1.277465454101562500e+03
3.427985812730477644e+00 1.274159790039062500e+03
3.431418948246482081e+00 1.262869018554687500e+03
3.434852083762486519e+00 1.252180541992187500e+03
3.438285219278490956e+00 1.246105224609375000e+03
3.441718354794495394e+00 1.242002319335937500e+03
3.445151490310500275e+00 1.225626953125000000e+03
3.448584625826504269e+00 1.211905395507812500e+03
3.452017761342509150e+00 1.205600097656250000e+03
3.455450896858513143e+00 1.206881103515625000e+03
3.458884032374518025e+00 1.197087280273437500e+03
3.462317167890522462e+00 1.180942993164062500e+03
3.465750303406526900e+00 1.169829833984375000e+03
3.469183438922531337e+00 1.164597656250000000e+03
3.472616574438536219e+00 1.173351806640625000e+03
3.476049709954540212e+00 1.167293212890625000e+03
3.479482845470545094e+00 1.157571044921875000e+03
3.482915980986549087e+00 1.144707885742187500e+03
3.486349116502553969e+00 1.153227661132812500e+03
3.489782252018558406e+00 1.156106689453125000e+03
3.493215387534562844e+00 1.159806396484375000e+03
3.496648523050567281e+00 1.151307617187500000e+03
3.500081658566571718e+00 1.146078735351562500e+03
3.503514794082576156e+00 1.134608886718750000e+03
3.506947929598581037e+00 1.132948730468750000e+03
3.510381065114585031e+00 1.139713989257812500e+03
3.513814200630589912e+00 1.139935791015625000e+03
3.517247336146594350e+00 1.133532592773437500e+03
3.520680471662598343e+00 1.132796264648437500e+03
3.524113607178603225e+00 1.142427490234375000e+03
3.527546742694607218e+00 1.143518310546875000e+03
3.530979878210612100e+00 1.143096923828125000e+03
3.534413013726616537e+00 1.139359252929687500e+03
3.537846149242620974e+00 1.138772827148437500e+03
3.541279284758625412e+00 1.137992309570312500e+03
3.544712420274630293e+00 1.135534545898437500e+03
3.548145555790634287e+00 1.134620117187500000e+03
3.551578691306639168e+00 1.132685302734375000e+03
3.555011826822643162e+00 1.136345581054687500e+03
3.558444962338648043e+00 1.133930541992187500e+03
3.561878097854652481e+00 1.136318969726562500e+03
3.565311233370656918e+00 1.125820190429687500e+03
3.568744368886661356e+00 1.117404907226562500e+03
3.572177504402665793e+00 1.111510620117187500e+03
3.575610639918670230e+00 1.114663330078125000e+03
3.579043775434675112e+00 1.113613647460937500e+03
3.582476910950679105e+00 1.115497558593750000e+03
3.585910046466683987e+00 1.117850708007812500e+03
3.589343181982688424e+00 1.113100585937500000e+03
3.592776317498692418e+00 1.107429931640625000e+03
3.596209453014697299e+00 1.103280029296875000e+03
3.599642588530701737e+00 1.106962402343750000e+03
3.603075724046706618e+00 1.116099487304687500e+03
3.606508859562710612e+00 1.127032348632812500e+03
3.609941995078715049e+00 1.129046752929687500e+03
3.613375130594719931e+00 1.124779296875000000e+03
3.616808266110724368e+00 1.125226318359375000e+03
3.620241401626728361e+00 1.134268798828125000e+03
3.623674537142733243e+00 1.140785400390625000e+03
3.627107672658737680e+00 1.141215209960937500e+03
3.630540808174742562e+00 1.135942260742187500e+03
3.633973943690746555e+00 1.133736572265625000e+03
3.637407079206750993e+00 1.135988281250000000e+03
3.640840214722755874e+00 1.144624145507812500e+03
3.644273350238760312e+00 1.145836914062500000e+03
3.647706485754764305e+00 1.145237182617187500e+03
3.651139621270769187e+00 1.148273315429687500e+03
3.654572756786773624e+00 1.149925292968750000e+03
3.658005892302778506e+00 1.156707763671875000e+03
3.661439027818782499e+00 1.156781982421875000e+03
3.664872163334786936e+00 1.160357788085937500e+03
3.668305298850791818e+00 1.162107910156250000e+03
3.671738434366795367e+00 1.168677490234375000e+03
3.675171569882800249e+00 1.172916381835937500e+03
3.678604705398805130e+00 1.186676757812500000e+03
3.682037840914809568e+00 1.201240234375000000e+03
3.685470976430813561e+00 1.207935058593750000e+03
3.688904111946817999e+00 1.204500976562500000e+03
3.692337247462822880e+00 1.207604492187500000e+03
3.695770382978827762e+00 1.223723022460937500e+03
3.699203518494831311e+00 1.238270751953125000e+03
3.702636654010836192e+00 1.258000976562500000e+03
3.706069789526840630e+00 1.272829833984375000e+03
3.709502925042845511e+00 1.298641845703125000e+03
3.712936060558849505e+00 1.317648925781250000e+03
3.716369196074853942e+00 1.345759887695312500e+03
3.719802331590858824e+00 1.366522705078125000e+03
3.723235467106863705e+00 1.400221435546875000e+03
3.726668602622867255e+00 1.441779418945312500e+03
3.730101738138872136e+00 1.499047729492187500e+03
3.733534873654876574e+00 1.573816284179687500e+03
3.736968009170881455e+00 1.674893554687500000e+03
3.740401144686885448e+00 1.843366210937500000e+03
3.743834280202889886e+00 2.120108398437500000e+03
3.747267415718894767e+00 2.663005126953125000e+03
3.750700551234899205e+00 3.779552734375000000e+03
3.754133686750903198e+00 6.343151855468750000e+03
3.757566822266908080e+00 1.203508593750000000e+04
3.760999957782912517e+00 2.323813671875000000e+04
3.764433093298917399e+00 3.960919140625000000e+04
3.767866228814921392e+00 5.012088281250000000e+04
3.771299364330925830e+00 4.967781250000000000e+04
3.774732499846930711e+00 3.595921093750000000e+04
3.778165635362935149e+00 2.242034570312500000e+04
3.781598770878939142e+00 1.116523828125000000e+04
3.785031906394944023e+00 6.106466796875000000e+03
3.788465041910948461e+00 3.672282226562500000e+03
3.791898177426953342e+00 2.631214355468750000e+03
3.795331312942957336e+00 2.113453125000000000e+03
3.798764448458961773e+00 1.827612548828125000e+03
3.802197583974966655e+00 1.664341796875000000e+03
3.805630719490971092e+00 1.580386230468750000e+03
3.809063855006975086e+00 1.511555541992187500e+03
3.812496990522979967e+00 1.454588500976562500e+03
3.815930126038984405e+00 1.401312744140625000e+03
3.819363261554988398e+00 1.368369018554687500e+03
3.822796397070993279e+00 1.332934082031250000e+03
3.826229532586997717e+00 1.299308349609375000e+03
3.829662668103002598e+00 1.271170288085937500e+03
3.833095803619006148e+00 1.255788452148437500e+03
3.836528939135011029e+00 1.237492919921875000e+03
3.839962074651015911e+00 1.216713745117187500e+03
3.843395210167020348e+00 1.201351318359375000e+03
3.846828345683024342e+00 1.188561523437500000e+03
3.850261481199028779e+00 1.177495849609375000e+03
3.853694616715033661e+00 1.151892456054687500e+03
3.857127752231038542e+00 1.136671142578125000e+03
3.860560887747042091e+00 1.119210571289062500e+03
3.863994023263046973e+00 1.120691772460937500e+03
3.867427158779051410e+00 1.123100463867187500e+03
3.870860294295056292e+00 1.117236816406250000e+03
3.874293429811060285e+00 1.101627807617187500e+03
3.877726565327064723e+00 1.090517333984375000e+03
3.881159700843069604e+00 1.083155151367187500e+03
3.884592836359074486e+00 1.078765380859375000e+03
3.888025971875078035e+00 1.080603393554687500e+03
3.891459107391082917e+00 1.074354858398437500e+03
3.894892242907087354e+00 1.070058471679687500e+03
3.898325378423092236e+00 1.060490722656250000e+03
3.901758513939096229e+00 1.056848022460937500e+03
3.905191649455100666e+00 1.053307861328125000e+03
3.908624784971105548e+00 1.048113769531250000e+03
3.912057920487109985e+00 1.049343139648437500e+03
3.915491056003113979e+00 1.049440917968750000e+03
3.918924191519118860e+00 1.047295288085937500e+03
3.922357327035123298e+00 1.034446044921875000e+03
3.925790462551128179e+00 1.022716186523437500e+03
3.929223598067132173e+00 1.023396301269531250e+03
3.932656733583136610e+00 1.028224853515625000e+03
3.936089869099141492e+00 1.028870727539062500e+03
3.939523004615145929e+00 1.023740356445312500e+03
3.942956140131149922e+00 1.018181030273437500e+03
3.946389275647154804e+00 1.016578125000000000e+03
3.949822411163159241e+00 1.014679138183593750e+03
3.953255546679164123e+00 1.015007995605468750e+03
3.956688682195168116e+00 1.014737426757812500e+03
3.960121817711172554e+00 1.017051025390625000e+03
3.963554953227177435e+00 1.018210754394531250e+03
3.966988088743181429e+00 1.018328796386718750e+03
3.970421224259185866e+00 1.018619812011718750e+03
3.973854359775190748e+00 1.018810974121093750e+03
3.977287495291195185e+00 1.011375610351562500e+03
3.980720630807199178e+00 9.997966918945312500e+02
3.984153766323204060e+00 9.965368652343750000e+02
3.987586901839208497e+00 9.958627929687500000e+02
3.991020037355213379e+00 1.002172973632812500e+03
3.994453172871216928e+00 9.994102783203125000e+02
3.997886308387221810e+00 1.005463500976562500e+03
4.001319443903226691e+00 1.014779846191406250e+03
4.004752579419231573e+00 1.021797851562500000e+03
4.008185714935234678e+00 1.001040527343750000e+03
4.011618850451239560e+00 9.893485107421875000e+02
4.015051985967244441e+00 9.917612304687500000e+02
4.018485121483249323e+00 9.977653808593750000e+02
4.021918256999253316e+00 1.005532653808593750e+03
4.025351392515257309e+00 1.002061767578125000e+03
4.028784528031262191e+00 1.009143432617187500e+03
4.032217663547267072e+00 1.012813720703125000e+03
4.035650799063271066e+00 1.028469726562500000e+03
4.039083934579275947e+00 1.026309692382812500e+03
4.042517070095279941e+00 1.025479492187500000e+03
4.045950205611284822e+00 1.028151000976562500e+03
4.049383341127288816e+00 1.041709716796875000e+03
4.052816476643293697e+00 1.051919921875000000e+03
4.056249612159298579e+00 1.056986938476562500e+03
4.059682747675302572e+00 1.058862304687500000e+03
4.063115883191306565e+00 1.058376953125000000e+03
4.066549018707311447e+00 1.071025268554687500e+03
4.069982154223316329e+00 1.077155029296875000e+03
4.073415289739321210e+00 1.089456176757812500e+03
4.076848425255325203e+00 1.101513427734375000e+03
4.080281560771329197e+00 1.124431396484375000e+03
4.083714696287334078e+00 1.142071289062500000e+03
4.087147831803338960e+00 1.160580322265625000e+03
4.090580967319342953e+00 1.183752197265625000e+03
4.094014102835347835e+00 1.219432128906250000e+03
4.097447238351351828e+00 1.274969116210937500e+03
4.100880373867356710e+00 1.372673095703125000e+03
4.104313509383360703e+00 1.533688110351562500e+03
4.107746644899365585e+00 1.850762084960937500e+03
4.111179780415370466e+00 2.509935058593750000e+03
4.114612915931374459e+00 4.035249023437500000e+03
4.118046051447378453e+00 7.283704589843750000e+03
4.121479186963383334e+00 1.286193164062500000e+04
4.124912322479388216e+00 1.932269921875000000e+04
4.128345457995392209e+00 2.364868554687500000e+04
4.131778593511397091e+00 2.226171679687500000e+04
4.135211729027401084e+00 1.704108007812500000e+04
4.138644864543405966e+00 1.030506640625000000e+04
4.142078000059409959e+00 5.820252929687500000e+03
4.145511135575414841e+00 3.259268798828125000e+03
4.148944271091419722e+00 2.187054931640625000e+03
4.152377406607423715e+00 1.704817626953125000e+03
4.155810542123427709e+00 1.467191650390625000e+03
4.159243677639432590e+00 1.336372314453125000e+03
4.162676813155437472e+00 1.264254760742187500e+03
4.166109948671442353e+00 1.206484741210937500e+03
4.169543084187445459e+00 1.171000488281250000e+03
4.172976219703450340e+00 1.138328735351562500e+03
4.176409355219455222e+00 1.122900512695312500e+03
4.179842490735460103e+00 1.114538085937500000e+03
4.183275626251464097e+00 1.098747680664062500e+03
4.186708761767468090e+00 1.088318847656250000e+03
4.190141897283472971e+00 1.069455932617187500e+03
4.193575032799477853e+00 1.058051147460937500e+03
4.197008168315481846e+00 1.043091430664062500e+03
4.200441303831486728e+00 1.036443847656250000e+03
4.203874439347490721e+00 1.026496826171875000e+03
4.207307574863495603e+00 1.020588623046875000e+03
4.210740710379499596e+00 1.008713073730468750e+03
4.214173845895504478e+00 1.001553955078125000e+03
4.217606981411509359e+00 9.967634277343750000e+02
4.221040116927513353e+00 9.947094116210937500e+02
4.224473252443517346e+00 9.903305053710937500e+02
4.227906387959522228e+00 9.775446777343750000e+02
4.231339523475527109e+00 9.704490356445312500e+02
4.234772658991531991e+00 9.602434692382812500e+02
4.238205794507535984e+00 9.618005981445312500e+02
4.241638930023539977e+00 9.601101074218750000e+02
4.245072065539544859e+00 9.556358642578125000e+02
4.248505201055549740e+00 9.438043212890625000e+02
4.251938336571553734e+00 9.393919067382812500e+02
4.255371472087558615e+00 9.366465454101562500e+02
4.258804607603562609e+00 9.391171875000000000e+02
4.262237743119566602e+00 9.362574462890625000e+02
4.265670878635571484e+00 9.315987548828125000e+02
4.269104014151576365e+00 9.271381225585937500e+02
4.272537149667581247e+00 9.274278564453125000e+02
4.275970285183585240e+00 9.307515258789062500e+02
4.279403420699589233e+00 9.300726928710937500e+02
4.282836556215594115e+00 9.365817260742187500e+02
4.286269691731598996e+00 9.354336547851562500e+02
4.289702827247602990e+00 9.321757202148437500e+02
4.293135962763607871e+00 9.247179565429687500e+02
4.296569098279611865e+00 9.225342407226562500e+02
4.300002233795616746e+00 9.205327758789062500e+02
4.303435369311620740e+00 9.211022338867187500e+02
4.306868504827625621e+00 9.220850830078125000e+02
4.310301640343630503e+00 9.221918945312500000e+02
4.313734775859634496e+00 9.183933105468750000e+02
4.317167911375638489e+00 9.142130126953125000e+02
4.320601046891643371e+00 9.131206665039062500e+02
4.324034182407648252e+00 9.117197875976562500e+02
4.327467317923653134e+00 9.110934448242187500e+02
4.330900453439656239e+00 9.097398071289062500e+02
4.334333588955661121e+00 9.117661132812500000e+02
4.337766724471666002e+00 9.005329589843750000e+02
4.341199859987670884e+00 8.977637939453125000e+02
4.344632995503674877e+00 8.937528686523437500e+02
4.348066131019678870e+00 8.989894409179687500e+02
4.351499266535683752e+00 9.047750854492187500e+02
4.354932402051688634e+00 9.089040527343750000e+02
4.358365537567692627e+00 9.055723876953125000e+02
4.361798673083697508e+00 9.091912231445312500e+02
4.365231808599701502e+00 9.107434082031250000e+02
4.368664944115706383e+00 9.086223144531250000e+02
4.372098079631710377e+00 8.938585815429687500e+02
4.375531215147715258e+00 8.927099609375000000e+02
4.378964350663720140e+00 8.949361572265625000e+02
4.382397486179724133e+00 8.978580932617187500e+02
4.385830621695728126e+00 9.015642089843750000e+02
4.389263757211733008e+00 8.965928344726562500e+02
4.392696892727737890e+00 8.961448974609375000e+02
4.396130028243741883e+00 8.941357421875000000e+02
4.399563163759746764e+00 8.993784790039062500e+02
4.402996299275750758e+00 8.921775512695312500e+02
4.406429434791755639e+00 8.869691162109375000e+02
4.409862570307759633e+00 8.908203125000000000e+02
4.413295705823764514e+00 8.973115234375000000e+02
4.416728841339769396e+00 8.984256591796875000e+02
4.420161976855773389e+00 8.902857666015625000e+02
4.423595112371777383e+00 8.852674560546875000e+02
4.427028247887782264e+00 8.834283447265625000e+02
4.430461383403787146e+00 8.885888671875000000e+02
4.433894518919792027e+00 8.938660278320312500e+02
4.437327654435796020e+00 8.980474853515625000e+02
4.440760789951800014e+00 8.939576416015625000e+02
4.444193925467804895e+00 8.903582153320312500e+02
4.447627060983809777e+00 8.885352783203125000e+02
4.451060196499813770e+00 8.787405395507812500e+02
4.454493332015818652e+00 8.797621459960937500e+02
4.457926467531822645e+00 8.786419677734375000e+02
4.461359603047827527e+00 8.819465942382812500e+02
4.464792738563831520e+00 8.811672363281250000e+02
4.468225874079836402e+00 8.833068237304687500e+02
4.471659009595841283e+00 8.820827636718750000e+02
4.475092145111845277e+00 8.840393676757812500e+02
4.478525280627849270e+00 8.780213623046875000e+02
4.481958416143854151e+00 8.828507690429687500e+02
4.485391551659859033e+00 8.816265258789062500e+02
4.488824687175863914e+00 8.794688110351562500e+02
4.492257822691867020e+00 8.719979858398437500e+02
4.495690958207871901e+00 8.778948364257812500e+02
4.499124093723876783e+00 8.811282958984375000e+02
4.502557229239881664e+00 8.841313476562500000e+02
4.505990364755885658e+00 8.726080322265625000e+02
4.509423500271889651e+00 8.665073242187500000e+02
4.512856635787894533e+00 8.606804809570312500e+02
4.516289771303899414e+00 8.613363647460937500e+02
4.519722906819903407e+00 8.674751586914062500e+02
4.523156042335908289e+00 8.760139770507812500e+02
4.526589177851912282e+00 8.823248901367187500e+02
4.530022313367917164e+00 8.745949707031250000e+02
4.533455448883921157e+00 8.647727661132812500e+02
4.536888584399926039e+00 8.605213012695312500e+02
4.540321719915930920e+00 8.619758911132812500e+02
4.543754855431934914e+00 8.727544555664062500e+02
4.547187990947938907e+00 8.762886352539062500e+02
4.550621126463943789e+00 8.824841918945312500e+02
4.554054261979948670e+00 8.790658569335937500e+02
4.557487397495952663e+00 8.747394409179687500e+02
4.560920533011957545e+00 8.700749511718750000e+02
4.564353668527961538e+00 8.777124023437500000e+02
4.567786804043966420e+00 8.800176391601562500e+02
4.571219939559970413e+00 8.780289306640625000e+02
4.574653075075975295e+00 8.715449829101562500e+02
4.578086210591980176e+00 8.664140014648437500e+02
4.581519346107984170e+00 8.619340209960937500e+02
4.584952481623988163e+00 8.673140258789062500e+02
4.588385617139993045e+00 8.701868286132812500e+02
4.591818752655997926e+00 8.730368041992187500e+02
4.595251888172002808e+00 8.782716674804687500e+02
4.598685023688006801e+00 8.857225952148437500e+02
4.602118159204010794e+00 8.796674194335937500e+02
4.605551294720015676e+00 8.772936401367187500e+02
4.608984430236020557e+00 8.728156738281250000e+02
4.612417565752024551e+00 8.689729614257812500e+02
4.615850701268029432e+00 8.571893310546875000e+02
4.619283836784033426e+00 8.616626586914062500e+02
4.622716972300038307e+00 8.678505859375000000e+02
4.626150107816042301e+00 8.710234375000000000e+02
4.629583243332047182e+00 8.643000488281250000e+02
4.633016378848052064e+00 8.614283447265625000e+02
4.636449514364056057e+00 8.662114257812500000e+02
4.639882649880060050e+00 8.701033935546875000e+02
4.643315785396064932e+00 8.686220092773437500e+02
4.646748920912069813e+00 8.654351806640625000e+02
4.650182056428074695e+00 8.614545898437500000e+02
4.653615191944077800e+00 8.607167358398437500e+02
4.657048327460082682e+00 8.619838867187500000e+02
4.660481462976087563e+00 8.700780639648437500e+02
4.663914598492092445e+00 8.782819213867187500e+02
4.667347734008096438e+00 8.844065551757812500e+02
4.670780869524100432e+00 8.889099121093750000e+02
4.674214005040105313e+00 8.947294311523437500e+02
4.677647140556110195e+00 8.926921386718750000e+02
4.681080276072114188e+00 8.915823364257812500e+02
4.684513411588119070e+00 8.893201293945312500e+02
4.687946547104123063e+00 8.877229003906250000e+02
4.691379682620127056e+00 8.927065429687500000e+02
4.694812818136131938e+00 8.983043823242187500e+02
4.698245953652136819e+00 8.995873413085937500e+02
4.701679089168141701e+00 8.970106201171875000e+02
4.705112224684145694e+00 9.008639526367187500e+02
4.708545360200149688e+00 9.052153930664062500e+02
4.711978495716154569e+00 9.144079589843750000e+02
4.715411631232159451e+00 9.279650878906250000e+02
4.718844766748163444e+00 9.397335815429687500e+02
4.722277902264168326e+00 9.350249023437500000e+02
4.725711037780172319e+00 9.352358398437500000e+02
4.729144173296177200e+00 9.517448730468750000e+02
4.732577308812181194e+00 9.755663452148437500e+02
4.736010444328186075e+00 9.936867675781250000e+02
4.739443579844190957e+00 1.017885803222656250e+03
4.742876715360194950e+00 1.072581298828125000e+03
4.746309850876198944e+00 1.182658447265625000e+03
4.749742986392203825e+00 1.407227416992187500e+03
4.753176121908208707e+00 1.855719360351562500e+03
4.756609257424213588e+00 2.912898925781250000e+03
4.760042392940217582e+00 4.908497070312500000e+03
4.763475528456221575e+00 7.017540039062500000e+03
4.766908663972226456e+00 8.404976562500000000e+03
4.770341799488231338e+00 8.315237304687500000e+03
4.773774935004235331e+00 6.713113281250000000e+03
4.777208070520240213e+00 4.478362792968750000e+03
4.780641206036244206e+00 2.764378173828125000e+03
4.784074341552249088e+00 1.815829467773437500e+03
4.787507477068253081e+00 1.358261108398437500e+03
4.790940612584257963e+00 1.164625610351562500e+03
4.794373748100262844e+00 1.080152954101562500e+03
4.797806883616266838e+00 1.027294677734375000e+03
4.801240019132270831e+00 9.955781250000000000e+02
4.804673154648275712e+00 9.712605590820312500e+02
4.808106290164280594e+00 9.656768188476562500e+02
4.811539425680285476e+00 9.509079589843750000e+02
4.814972561196288581e+00 9.397221679687500000e+02
4.818405696712293462e+00 9.307444458007812500e+02
4.821838832228298344e+00 9.243732910156250000e+02
4.825271967744303225e+00 9.191215209960937500e+02
4.828705103260307219e+00 9.093611450195312500e+02
4.832138238776311212e+00 9.125396728515625000e+02
4.835571374292316094e+00 9.135538330078125000e+02
4.839004509808320087e+00 9.139441528320312500e+02
4.842437645324324968e+00 9.115907592773437500e+02
4.845870780840329850e+00 9.109373779296875000e+02
4.849303916356333843e+00 9.124061279296875000e+02
4.852737051872337837e+00 9.165189819335937500e+02
4.856170187388342718e+00 9.116503906250000000e+02
4.859603322904347600e+00 9.045894775390625000e+02
4.863036458420352481e+00 8.953379516601562500e+02
4.866469593936356475e+00 8.940230712890625000e+02
4.869902729452360468e+00 8.965232543945312500e+02
4.873335864968365350e+00 8.981110229492187500e+02
4.876769000484370231e+00 9.048832397460937500e+02
4.880202136000374225e+00 9.070939941406250000e+02
4.883635271516379106e+00 9.118818359375000000e+02
4.887068407032383099e+00 9.024252319335937500e+02
4.890501542548387981e+00 9.039779663085937500e+02
4.893934678064391974e+00 9.064446411132812500e+02
4.897367813580396856e+00 9.145349121093750000e+02
4.900800949096401737e+00 9.046661987304687500e+02
4.904234084612405731e+00 8.976318359375000000e+02
4.907667220128409724e+00 8.963545532226562500e+02
4.911100355644414606e+00 8.988760375976562500e+02
4.914533491160419487e+00 8.963129882812500000e+02
4.917966626676424369e+00 8.958236694335937500e+02
4.921399762192428362e+00 8.974121704101562500e+02
4.924832897708432355e+00 8.991041259765625000e+02
4.928266033224437237e+00 9.012467041015625000e+02
4.931699168740442119e+00 9.077834472656250000e+02
4.935132304256446112e+00 9.136221313476562500e+02
4.938565439772450993e+00 9.198005371093750000e+02
4.941998575288454987e+00 9.245471801757812500e+02
4.945431710804459868e+00 9.294387817382812500e+02
4.948864846320463862e+00 9.369030151367187500e+02
4.952297981836468743e+00 9.333190307617187500e+02
4.955731117352473625e+00 9.371738891601562500e+02
4.959164252868477618e+00 9.375003662109375000e+02
4.962597388384481611e+00 9.381075439453125000e+02
4.966030523900486493e+00 9.364924926757812500e+02
4.969463659416491375e+00 9.486227416992187500e+02
4.972896794932496256e+00 9.707700805664062500e+02
4.976329930448499361e+00 9.812706298828125000e+02
4.979763065964504243e+00 9.820831298828125000e+02
4.983196201480509124e+00 9.817513427734375000e+02
4.986629336996513118e+00 9.931107788085937500e+02
4.990062472512517999e+00 1.007738891601562500e+03
4.993495608028521993e+00 1.021765808105468750e+03
4.996928743544526874e+00 1.031223999023437500e+03
5.000361879060530867e+00 1.041535522460937500e+03
5.003795014576535749e+00 1.052555053710937500e+03
5.007228150092540631e+00 1.075074096679687500e+03
5.010661285608544624e+00 1.108137451171875000e+03
5.014094421124548617e+00 1.142569580078125000e+03
5.017527556640553499e+00 1.182303466796875000e+03
5.020960692156558380e+00 1.225131591796875000e+03
5.024393827672563262e+00 1.296461547851562500e+03
5.027826963188567255e+00 1.403625732421875000e+03
5.031260098704571249e+00 1.584863159179687500e+03
5.034693234220576130e+00 1.918262817382812500e+03
5.038126369736581012e+00 2.595659667968750000e+03
5.041559505252585005e+00 4.120842773437500000e+03
5.044992640768589887e+00 7.383290039062500000e+03
5.048425776284593880e+00 1.314264941406250000e+04
5.051858911800598761e+00 2.252229492187500000e+04
5.055292047316602755e+00 3.210799023437500000e+04
5.058725182832607636e+00 3.534443359375000000e+04
5.062158318348612518e+00 2.975822460937500000e+04
5.065591453864616511e+00 2.016866210937500000e+04
5.069024589380620505e+00 1.174867578125000000e+04
5.072457724896625386e+00 5.981111328125000000e+03
5.075890860412630268e+00 3.415895751953125000e+03
5.079323995928635149e+00 2.314731689453125000e+03
5.082757131444638254e+00 1.794922119140625000e+03
5.086190266960643136e+00 1.528472900390625000e+03
5.089623402476648018e+00 1.385573608398437500e+03
5.093056537992652899e+00 1.296811401367187500e+03
5.096489673508656892e+00 1.239675170898437500e+03
5.099922809024661774e+00 1.190957885742187500e+03
5.103355944540665767e+00 1.153161621093750000e+03
5.106789080056670649e+00 1.131001464843750000e+03
5.110222215572674642e+00 1.113615722656250000e+03
5.113655351088679524e+00 1.094631958007812500e+03
5.117088486604684405e+00 1.070062744140625000e+03
5.120521622120688399e+00 1.050706787109375000e+03
5.123954757636692392e+00 1.034232299804687500e+03
5.127387893152697274e+00 1.019734680175781250e+03
5.130821028668702155e+00 1.006426635742187500e+03
5.134254164184706148e+00 9.958701171875000000e+02
5.137687299700710142e+00 9.822761230468750000e+02
5.141120435216715023e+00 9.761849365234375000e+02
5.144553570732719905e+00 9.807347412109375000e+02
5.147986706248723898e+00 9.719659423828125000e+02
5.151419841764728780e+00 9.596513671875000000e+02
5.154852977280732773e+00 9.468436279296875000e+02
5.158286112796737655e+00 9.477470092773437500e+02
5.161719248312741648e+00 9.351225585937500000e+02
5.165152383828746530e+00 9.206040039062500000e+02
5.168585519344751411e+00 9.182628173828125000e+02
5.172018654860755404e+00 9.227503662109375000e+02
5.175451790376759398e+00 9.246847534179687500e+02
5.178884925892764279e+00 9.224755859375000000e+02
5.182318061408769161e+00 9.209861450195312500e+02
5.185751196924774042e+00 9.226544189453125000e+02
5.189184332440778036e+00 9.167271118164062500e+02
5.192617467956782029e+00 9.101618041992187500e+02
5.196050603472786911e+00 9.046752319335937500e+02
5.199483738988791792e+00 8.997874755859375000e+02
5.202916874504795786e+00 9.003576049804687500e+02
5.206350010020800667e+00 9.018635253906250000e+02
5.209783145536804660e+00 9.058677978515625000e+02
5.213216281052809542e+00 9.110456542968750000e+02
5.216649416568813535e+00 9.144448852539062500e+02
5.220082552084818417e+00 9.102531127929687500e+02
5.223515687600823298e+00 9.032301025390625000e+02
5.226948823116827292e+00 9.045990600585937500e+02
5.230381958632831285e+00 9.135276489257812500e+02
5.233815094148836167e+00 9.204281005859375000e+02
5.237248229664841048e+00 9.165527954101562500e+02
5.240681365180845930e+00 9.177283935546875000e+02
5.244114500696849035e+00 9.176212768554687500e+02
5.247547636212853917e+00 9.235663452148437500e+02
5.250980771728858798e+00 9.297083740234375000e+02
5.254413907244863680e+00 9.406384887695312500e+02
5.257847042760867673e+00 9.533405761718750000e+02
5.261280178276872554e+00 9.601947021484375000e+02
5.264713313792876548e+00 9.644652099609375000e+02
5.268146449308881429e+00 9.667393798828125000e+02
5.271579584824885423e+00 9.674888916015625000e+02
5.275012720340890304e+00 9.737470092773437500e+02
5.278445855856895186e+00 9.840575561523437500e+02
5.281878991372898291e+00 1.003782958984375000e+03
5.285312126888903173e+00 1.022907409667968750e+03
5.288745262404908054e+00 1.038849731445312500e+03
5.292178397920912936e+00 1.061528930664062500e+03
5.295611533436916929e+00 1.102847900390625000e+03
5.299044668952920922e+00 1.158970458984375000e+03
5.302477804468925804e+00 1.230209716796875000e+03
5.305910939984930685e+00 1.358287963867187500e+03
5.309344075500934679e+00 1.614847534179687500e+03
5.312777211016939560e+00 2.131440917968750000e+03
5.316210346532943554e+00 3.276251708984375000e+03
5.319643482048948435e+00 5.746160644531250000e+03
5.323076617564952429e+00 1.058539453125000000e+04
5.326509753080957310e+00 1.749855664062500000e+04
5.329942888596962192e+00 2.358704296875000000e+04
5.333376024112966185e+00 2.434666601562500000e+04
5.336809159628970178e+00 1.985735742187500000e+04
5.340242295144975060e+00 1.279782812500000000e+04
5.343675430660979941e+00 7.273437500000000000e+03
5.347108566176984823e+00 3.965731445312500000e+03
5.350541701692988816e+00 2.414648925781250000e+03
5.353974837208992810e+00 1.746186401367187500e+03
5.357407972724997691e+00 1.426622436523437500e+03
5.360841108241002573e+00 1.275114990234375000e+03
5.364274243757006566e+00 1.188670654296875000e+03
5.367707379273011448e+00 1.137283325195312500e+03
5.371140514789015441e+00 1.099268676757812500e+03
5.374573650305020323e+00 1.074389282226562500e+03
5.378006785821024316e+00 1.052874389648437500e+03
5.381439921337029197e+00 1.039751464843750000e+03
5.384873056853034079e+00 1.025121337890625000e+03
5.388306192369038072e+00 1.005261840820312500e+03
5.391739327885042066e+00 9.851939697265625000e+02
5.395172463401046947e+00 9.680379638671875000e+02
5.398605598917051829e+00 9.613487548828125000e+02
5.402038734433056710e+00 9.538253784179687500e+02
5.405471869949059815e+00 9.493547363281250000e+02
5.408905005465064697e+00 9.344532470703125000e+02
5.412338140981069579e+00 9.289600219726562500e+02
5.415771276497074460e+00 9.252267456054687500e+02
5.419204412013078453e+00 9.224152221679687500e+02
5.422637547529083335e+00 9.216425781250000000e+02
5.426070683045087328e+00 9.151753540039062500e+02
5.429503818561091322e+00 9.090415649414062500e+02
5.432936954077096203e+00 9.011873168945312500e+02
5.436370089593101085e+00 8.999937133789062500e+02
5.439803225109105966e+00 8.985824584960937500e+02
5.443236360625109072e+00 8.985457153320312500e+02
5.446669496141113953e+00 8.940561523437500000e+02
5.450102631657118835e+00 8.915152587890625000e+02
5.453535767173123716e+00 8.884754638671875000e+02
5.456968902689127709e+00 8.866220092773437500e+02
5.460402038205131703e+00 8.819902954101562500e+02
5.463835173721136584e+00 8.720018920898437500e+02
5.467268309237141466e+00 8.664039306640625000e+02
5.470701444753145459e+00 8.616488037109375000e+02
5.474134580269150341e+00 8.703671264648437500e+02
5.477567715785154334e+00 8.760585327148437500e+02
5.481000851301159216e+00 8.754237670898437500e+02
5.484433986817163209e+00 8.726938476562500000e+02
5.487867122333168091e+00 8.877327880859375000e+02
5.491300257849172972e+00 9.014819946289062500e+02
5.494733393365176966e+00 9.003962402343750000e+02
5.498166528881180959e+00 8.776096191406250000e+02
5.501599664397185840e+00 8.694428100585937500e+02
5.505032799913190722e+00 8.686675415039062500e+02
5.508465935429195603e+00 8.758380737304687500e+02
5.511899070945199597e+00 8.825232543945312500e+02
5.515332206461203590e+00 8.827826538085937500e+02
5.518765341977208472e+00 8.871099853515625000e+02
5.522198477493213353e+00 8.932744140625000000e+02
5.525631613009217347e+00 9.004796752929687500e+02
5.529064748525222228e+00 9.093367919921875000e+02
5.532497884041226222e+00 9.148875732421875000e+02
5.535931019557231103e+00 9.192335205078125000e+02
5.539364155073235096e+00 9.250162963867187500e+02
5.542797290589239978e+00 9.332745361328125000e+02
5.546230426105244860e+00 9.441212768554687500e+02
5.549663561621248853e+00 9.605625610351562500e+02
5.553096697137252846e+00 9.819749145507812500e+02
5.556529832653257728e+00 1.007823303222656250e+03
5.559962968169262609e+00 1.039831054687500000e+03
5.563396103685267491e+00 1.102817504882812500e+03
5.566829239201270596e+00 1.205951416015625000e+03
5.570262374717275478e+00 1.408685180664062500e+03
5.573695510233280359e+00 1.809784790039062500e+03
5.577128645749284352e+00 2.795467773437500000e+03
5.580561781265289234e+00 4.736282226562500000e+03
5.583994916781293227e+00 8.135109863281250000e+03
5.587428052297298109e+00 1.248520214843750000e+04
5.590861187813302102e+00 1.544701660156250000e+04
5.594294323329306984e+00 1.489384570312500000e+04
5.597727458845311865e+00 1.140024804687500000e+04
5.601160594361316747e+00 7.333155761718750000e+03
5.604593729877319852e+00 4.185371093750000000e+03
5.608026865393324734e+00 2.445282714843750000e+03
5.611460000909329615e+00 1.672266723632812500e+03
5.614893136425334497e+00 1.333664062500000000e+03
5.618326271941338490e+00 1.170102539062500000e+03
5.621759407457342483e+00 1.080185058593750000e+03
5.625192542973347365e+00 1.028085205078125000e+03
5.628625678489352246e+00 9.981364135742187500e+02
5.632058814005356240e+00 9.773837280273437500e+02
5.635491949521361121e+00 9.575217285156250000e+02
5.638925085037365115e+00 9.414116210937500000e+02
5.642358220553369996e+00 9.275864257812500000e+02
5.645791356069373990e+00 9.216951293945312500e+02
5.649224491585378871e+00 9.151416015625000000e+02
5.652657627101383753e+00 9.063591918945312500e+02
5.656090762617387746e+00 9.008721923828125000e+02
5.659523898133391739e+00 8.996633300781250000e+02
5.662957033649396621e+00 8.993083496093750000e+02
5.666390169165401502e+00 8.923634643554687500e+02
5.669823304681406384e+00 8.821614379882812500e+02
5.673256440197410377e+00 8.757764892578125000e+02
5.676689575713414371e+00 8.665710449218750000e+02
5.680122711229419252e+00 8.601206665039062500e+02
5.683555846745424134e+00 8.596256713867187500e+02
5.686988982261428127e+00 8.641733398437500000e+02
5.690422117777433009e+00 8.643835449218750000e+02
5.693855253293437002e+00 8.578062133789062500e+02
5.697288388809441884e+00 8.571023559570312500e+02
5.700721524325445877e+00 8.488540649414062500e+02
5.704154659841450759e+00 8.440593261718750000e+02
5.707587795357455640e+00 8.432407836914062500e+02
5.711020930873459633e+00 8.518071899414062500e+02
5.714454066389463627e+00 8.557645263671875000e+02
5.717887201905468508e+00 8.504193115234375000e+02
5.721320337421473390e+00 8.489838867187500000e+02
5.724753472937477383e+00 8.430664672851562500e+02
5.728186608453481377e+00 8.398618774414062500e+02
5.731619743969486258e+00 8.334709472656250000e+02
5.735052879485491140e+00 8.270441284179687500e+02
5.738486015001495133e+00 8.245137939453125000e+02
5.741919150517500015e+00 8.221376342773437500e+02
5.745352286033504008e+00 8.207672729492187500e+02
5.748785421549508889e+00 8.254041748046875000e+02
5.752218557065512883e+00 8.283485717773437500e+02
5.755651692581517764e+00 8.287964477539062500e+02
5.759084828097522646e+00 8.228375244140625000e+02
5.762517963613527527e+00 8.203153076171875000e+02
5.765951099129530633e+00 8.272066650390625000e+02
5.769384234645535514e+00 8.345085449218750000e+02
5.772817370161540396e+00 8.355919799804687500e+02
5.776250505677545277e+00 8.328464355468750000e+02
5.779683641193549271e+00 8.303796386718750000e+02
5.783116776709553264e+00 8.291238403320312500e+02
5.786549912225558145e+00 8.358253784179687500e+02
5.789983047741563027e+00 8.408278808593750000e+02
5.793416183257567020e+00 8.458443603515625000e+02
5.796849318773571902e+00 8.439480590820312500e+02
5.800282454289575895e+00 8.458654174804687500e+02
5.803715589805580777e+00 8.419250488281250000e+02
5.807148725321584770e+00 8.435429687500000000e+02
5.810581860837589652e+00 8.501110839843750000e+02
5.814014996353594533e+00 8.608964233398437500e+02
5.817448131869598527e+00 8.712933959960937500e+02
5.820881267385602520e+00 9.030871582031250000e+02
5.824314402901607401e+00 9.801618652343750000e+02
5.827747538417612283e+00 1.132326416015625000e+03
5.831180673933617165e+00 1.455191650390625000e+03
5.834613809449621158e+00 1.950348022460937500e+03
5.838046944965625151e+00 2.602702392578125000e+03
5.841480080481630033e+00 2.989036132812500000e+03
5.844913215997634914e+00 2.872664306640625000e+03
5.848346351513638908e+00 2.259376464843750000e+03
5.851779487029643789e+00 1.613037841796875000e+03
5.855212622545647783e+00 1.182529785156250000e+03
5.858645758061652664e+00 9.939445190429687500e+02
5.862078893577656657e+00 9.176806030273437500e+02
5.865512029093661539e+00 8.830875854492187500e+02
5.868945164609666421e+00 8.657593994140625000e+02
5.872378300125669526e+00 8.489071044921875000e+02
5.875811435641674407e+00 8.429025878906250000e+02
5.879244571157679289e+00 8.390349121093750000e+02
5.882677706673684170e+00 8.362512207031250000e+02
5.886110842189688164e+00 8.288330078125000000e+02
5.889543977705692157e+00 8.309950561523437500e+02
5.892977113221697039e+00 8.247933349609375000e+02
5.896410248737701920e+00 8.322078857421875000e+02
5.899843384253705914e+00 8.340667724609375000e+02
5.903276519769710795e+00 8.321173095703125000e+02
5.906709655285714788e+00 8.225115966796875000e+02
5.910142790801719670e+00 8.107838134765625000e+02
5.913575926317723663e+00 8.083792114257812500e+02
5.917009061833728545e+00 8.072607421875000000e+02
5.920442197349733426e+00 8.135176391601562500e+02
5.923875332865738308e+00 8.127172241210937500e+02
5.927308468381741413e+00 8.140919189453125000e+02
5.930741603897746295e+00 8.179421386718750000e+02
5.934174739413751176e+00 8.233802490234375000e+02
5.937607874929756058e+00 8.254712524414062500e+02
5.941041010445760051e+00 8.214129028320312500e+02
5.944474145961764044e+00 8.220020141601562500e+02
5.947907281477768926e+00 8.180154418945312500e+02
5.951340416993773808e+00 8.143276977539062500e+02
5.954773552509777801e+00 8.101853027343750000e+02
5.958206688025782682e+00 8.136957397460937500e+02
5.961639823541786676e+00 8.223897705078125000e+02
5.965072959057791557e+00 8.289275512695312500e+02
5.968506094573795551e+00 8.323243408203125000e+02
5.971939230089800432e+00 8.328313598632812500e+02
5.975372365605805314e+00 8.317734375000000000e+02
5.978805501121809307e+00 8.399158325195312500e+02
5.982238636637813300e+00 8.408897705078125000e+02
5.985671772153818182e+00 8.414235229492187500e+02
5.989104907669823064e+00 8.388318481445312500e+02
5.992538043185827945e+00 8.434119262695312500e+02
5.995971178701831938e+00 8.394410400390625000e+02
5.999404314217835932e+00 8.330364379882812500e+02
6.002837449733840813e+00 8.342800903320312500e+02
6.006270585249845695e+00 8.432293701171875000e+02
6.009703720765849688e+00 8.518098144531250000e+02
6.013136856281854570e+00 8.516003417968750000e+02
6.016569991797858563e+00 8.530120239257812500e+02
6.020003127313862556e+00 8.570434570312500000e+02
6.023436262829867438e+00 8.652019653320312500e+02
6.026869398345872320e+00 8.704183349609375000e+02
6.030302533861877201e+00 8.748571777343750000e+02
6.033735669377880306e+00 8.750495605468750000e+02
6.037168804893885188e+00 8.816292114257812500e+02
6.040601940409890069e+00 8.920318603515625000e+02
6.044035075925894951e+00 9.080736083984375000e+02
6.047468211441898944e+00 9.298322753906250000e+02
6.050901346957902938e+00 9.570976562500000000e+02
6.054334482473907819e+00 1.010820373535156250e+03
6.057767617989912701e+00 1.102129882812500000e+03
6.061200753505916694e+00 1.298409912109375000e+03
6.064633889021921576e+00 1.705803833007812500e+03
6.068067024537925569e+00 2.581231445312500000e+03
6.071500160053930450e+00 4.173188476562500000e+03
6.074933295569934444e+00 6.357930664062500000e+03
6.078366431085939325e+00 8.068496582031250000e+03
6.081799566601944207e+00 8.484693359375000000e+03
6.085232702117949088e+00 7.116265625000000000e+03
6.088665837633952194e+00 4.920447265625000000e+03
6.092098973149957075e+00 2.944633056640625000e+03
6.095532108665961957e+00 1.808779052734375000e+03
6.098965244181966838e+00 1.341986694335937500e+03
6.102398379697970832e+00 1.130407958984375000e+03
6.105831515213974825e+00 1.027187377929687500e+03
6.109264650729979707e+00 9.737024536132812500e+02
6.112697786245984588e+00 9.418974609375000000e+02
6.116130921761988581e+00 9.246558227539062500e+02
6.119564057277993463e+00 9.109503173828125000e+02
6.122997192793997456e+00 9.069456787109375000e+02
6.126430328310002338e+00 8.946484375000000000e+02
6.129863463826006331e+00 8.846093139648437500e+02
6.133296599342011213e+00 8.767775268554687500e+02
6.136729734858016094e+00 8.759686279296875000e+02
6.140162870374020088e+00 8.713037719726562500e+02
6.143596005890024081e+00 8.739805908203125000e+02
6.147029141406028963e+00 8.709967041015625000e+02
6.150462276922033844e+00 8.652026367187500000e+02
6.153895412438038726e+00 8.581353759765625000e+02
6.157328547954042719e+00 8.597078247070312500e+02
6.160761683470046712e+00 8.585620117187500000e+02
6.164194818986051594e+00 8.591998901367187500e+02
6.167627954502055587e+00 8.549675292968750000e+02
6.171061090018060469e+00 8.501740112304687500e+02
6.174494225534065350e+00 8.508013916015625000e+02
6.177927361050069344e+00 8.523201904296875000e+02
6.181360496566073337e+00 8.557938232421875000e+02
6.184793632082078219e+00 8.541626586914062500e+02
6.188226767598083100e+00 8.558728637695312500e+02
6.191659903114087982e+00 8.563131713867187500e+02
6.195093038630091087e+00 8.549086914062500000e+02
6.198526174146095968e+00 8.521929321289062500e+02
6.201959309662100850e+00 8.536683959960937500e+02
6.205392445178105731e+00 8.569426879882812500e+02
6.208825580694109725e+00 8.545670776367187500e+02
6.212258716210113718e+00 8.591526489257812500e+02
6.215691851726118600e+00 8.626502685546875000e+02
6.219124987242123481e+00 8.703012084960937500e+02
6.222558122758127475e+00 8.739075927734375000e+02
6.225991258274132356e+00 8.758402099609375000e+02
6.229424393790136349e+00 8.776048583984375000e+02
6.232857529306141231e+00 8.849789428710937500e+02
6.236290664822145224e+00 8.864988403320312500e+02
6.239723800338150106e+00 8.956235351562500000e+02
6.243156935854154987e+00 8.995109252929687500e+02
6.246590071370158981e+00 9.156779174804687500e+02
6.250023206886162974e+00 9.234953613281250000e+02
6.253456342402167856e+00 9.327864990234375000e+02
6.256889477918172737e+00 9.344904174804687500e+02
6.260322613434177619e+00 9.491168823242187500e+02
6.263755748950181612e+00 9.676935424804687500e+02
6.267188884466185606e+00 9.910155029296875000e+02
6.270622019982190487e+00 1.006052673339843750e+03
6.274055155498195369e+00 1.035948974609375000e+03
6.277488291014199362e+00 1.081271972656250000e+03
6.280921426530204243e+00 1.156643310546875000e+03
6.284354562046208237e+00 1.272060913085937500e+03
6.287787697562213118e+00 1.482848510742187500e+03
6.291220833078217112e+00 1.927922729492187500e+03
6.294653968594221993e+00 2.890626953125000000e+03
6.298087104110226875e+00 4.936780273437500000e+03
6.301520239626230868e+00 8.539322265625000000e+03
6.304953375142234862e+00 1.366600585937500000e+04
6.308386510658239743e+00 1.795234765625000000e+04
6.311819646174244625e+00 1.921419531250000000e+04
6.315252781690248618e+00 1.598542578125000000e+04
6.318685917206253500e+00 1.076883496093750000e+04
6.322119052722257493e+00 5.732732910156250000e+03
6.325552188238262374e+00 3.175330566406250000e+03
6.328985323754266368e+00 2.042247192382812500e+03
6.332418459270271249e+00 1.542794677734375000e+03
6.335851594786276131e+00 1.312680297851562500e+03
6.339284730302280124e+00 1.188690551757812500e+03
6.342717865818284118e+00 1.111525024414062500e+03
6.346151001334288999e+00 1.061332275390625000e+03
6.349584136850293881e+00 1.026401123046875000e+03
6.353017272366298762e+00 9.991275634765625000e+02
6.356450407882301867e+00 9.784031372070312500e+02
6.359883543398306749e+00 9.639414672851562500e+02
6.363316678914311630e+00 9.584398193359375000e+02
6.366749814430316512e+00 9.458439941406250000e+02
6.370182949946320505e+00 9.359948120117187500e+02
6.373616085462324499e+00 9.214629516601562500e+02
6.377049220978329380e+00 9.186652832031250000e+02
6.380482356494334262e+00 9.160249633789062500e+02
6.383915492010338255e+00 9.117330932617187500e+02
6.387348627526343137e+00 8.985756835937500000e+02
6.390781763042347130e+00 8.874148559570312500e+02
6.394214898558352012e+00 8.836494140625000000e+02
6.397648034074356005e+00 8.793208007812500000e+02
6.401081169590360886e+00 8.726309814453125000e+02
6.404514305106365768e+00 8.607673950195312500e+02
6.407947440622369761e+00 8.576054687500000000e+02
6.411380576138373755e+00 8.576541137695312500e+02
6.414813711654378636e+00 8.596775512695312500e+02
6.418246847170383518e+00 8.582109985351562500e+02
6.421679982686388399e+00 8.505037231445312500e+02
6.425113118202392393e+00 8.465684204101562500e+02
6.428546253718396386e+00 8.437235107421875000e+02
6.431979389234401268e+00 8.443956909179687500e+02
6.435412524750406149e+00 8.424611206054687500e+02
6.438845660266410142e+00 8.403480224609375000e+02
6.442278795782415024e+00 8.382841796875000000e+02
6.445711931298419017e+00 8.335983886718750000e+02
6.449145066814423011e+00 8.353293457031250000e+02
6.452578202330427892e+00 8.390028686523437500e+02
6.456011337846432774e+00 8.472073974609375000e+02
6.459444473362437655e+00 8.445593261718750000e+02
6.462877608878441649e+00 8.396563720703125000e+02
6.466310744394445642e+00 8.297401733398437500e+02
6.469743879910450524e+00 8.262897338867187500e+02
6.473177015426455405e+00 8.245580444335937500e+02
6.476610150942459398e+00 8.215652465820312500e+02
6.480043286458464280e+00 8.173429565429687500e+02
6.483476421974468273e+00 8.158145751953125000e+02
6.486909557490473155e+00 8.142756347656250000e+02
6.490342693006477148e+00 8.134259033203125000e+02
6.493775828522482030e+00 8.184187011718750000e+02
6.497208964038486911e+00 8.214810791015625000e+02
6.500642099554490905e+00 8.170537109375000000e+02
6.504075235070494898e+00 8.166453857421875000e+02
6.507508370586499780e+00 8.195816040039062500e+02
6.510941506102504661e+00 8.264870605468750000e+02
6.514374641618509543e+00 8.207194213867187500e+02
6.517807777134512648e+00 8.113986816406250000e+02
6.521240912650517529e+00 8.045790405273437500e+02
6.524674048166522411e+00 8.128814086914062500e+02
6.528107183682527292e+00 8.197781982421875000e+02
6.531540319198531286e+00 8.189609375000000000e+02
6.534973454714535279e+00 8.174843750000000000e+02
6.538406590230540161e+00 8.141809082031250000e+02
6.541839725746545042e+00 8.191025390625000000e+02
6.545272861262549036e+00 8.198433227539062500e+02
6.548705996778553917e+00 8.138460083007812500e+02
6.552139132294557911e+00 8.070903930664062500e+02
6.555572267810562792e+00 8.031307983398437500e+02
6.559005403326566785e+00 8.063836059570312500e+02
6.562438538842571667e+00 8.053687133789062500e+02
6.565871674358576549e+00 8.044777221679687500e+02
6.569304809874580542e+00 7.999437255859375000e+02
6.572737945390584535e+00 7.990639038085937500e+02
6.576171080906589417e+00 7.999224243164062500e+02
6.579604216422594298e+00 8.008381347656250000e+02
6.583037351938599180e+00 8.021220703125000000e+02
6.586470487454603173e+00 8.044777221679687500e+02
6.589903622970607167e+00 8.051589965820312500e+02
6.593336758486612048e+00 8.070844726562500000e+02
6.596769894002616041e+00 8.061807861328125000e+02
6.600203029518620923e+00 8.075072631835937500e+02
6.603636165034625805e+00 8.100305786132812500e+02
6.607069300550629798e+00 8.105266723632812500e+02
6.610502436066633791e+00 8.133945922851562500e+02
6.613935571582638673e+00 8.153306884765625000e+02
6.617368707098643554e+00 8.090665893554687500e+02
6.620801842614648436e+00 8.123034057617187500e+02
6.624234978130652429e+00 8.124040527343750000e+02
6.627668113646656423e+00 8.148265991210937500e+02
6.631101249162661304e+00 8.086506347656250000e+02
6.634534384678666186e+00 8.047858886718750000e+02
6.637967520194670179e+00 7.976896972656250000e+02
6.641400655710675061e+00 7.953226928710937500e+02
6.644833791226679054e+00 7.988942871093750000e+02
6.648266926742683935e+00 8.013997802734375000e+02
6.651700062258687929e+00 8.041986694335937500e+02
6.655133197774692810e+00 8.053936767578125000e+02
6.658566333290697692e+00 8.085657958984375000e+02
6.661999468806701685e+00 8.119077758789062500e+02
6.665432604322705679e+00 8.140609741210937500e+02
6.668865739838710560e+00 8.079448242187500000e+02
6.672298875354715442e+00 8.105834960937500000e+02
6.675732010870720323e+00 8.141123046875000000e+02
6.679165146386723428e+00 8.182083740234375000e+02
6.682598281902728310e+00 8.172784423828125000e+02
6.686031417418733191e+00 8.195248413085937500e+02
6.689464552934738073e+00 8.219736328125000000e+02
6.692897688450742066e+00 8.278871459960937500e+02
6.696330823966746060e+00 8.262221069335937500e+02
6.699763959482750941e+00 8.270059204101562500e+02
6.703197094998755823e+00 8.265841064453125000e+02
6.706630230514759816e+00 8.318652954101562500e+02
6.710063366030764698e+00 8.345006103515625000e+02
6.713496501546768691e+00 8.408401489257812500e+02
6.716929637062773573e+00 8.556207275390625000e+02
6.720362772578777566e+00 8.777871093750000000e+02
6.723795908094782448e+00 9.092332153320312500e+02
6.727229043610787329e+00 9.772483520507812500e+02
6.730662179126791322e+00 1.122729492187500000e+03
6.734095314642795316e+00 1.425488647460937500e+03
6.737528450158800197e+00 2.080342041015625000e+03
6.740961585674805079e+00 2.840253662109375000e+03
6.744394721190809072e+00 3.459994384765625000e+03
6.747827856706813954e+00 3.528314941406250000e+03
6.751260992222817947e+00 3.079406250000000000e+03
6.754694127738822829e+00 2.268930175781250000e+03
6.758127263254826822e+00 1.580988037109375000e+03
6.761560398770831704e+00 1.162387695312500000e+03
6.764993534286836585e+00 9.933566894531250000e+02
6.768426669802840578e+00 9.164235839843750000e+02
6.771859805318844572e+00 8.823079833984375000e+02
6.775292940834849453e+00 8.683396606445312500e+02
6.778726076350854335e+00 8.542558593750000000e+02
6.782159211866859216e+00 8.412328491210937500e+02
6.785592347382863210e+00 8.263129882812500000e+02
6.789025482898867203e+00 8.297918701171875000e+02
6.792458618414872085e+00 8.309437866210937500e+02
6.795891753930876966e+00 8.273378295898437500e+02
6.799324889446880960e+00 8.133815917968750000e+02
6.802758024962885841e+00 8.194904174804687500e+02
6.806191160478889834e+00 8.339813842773437500e+02
6.809624295994894716e+00 8.392581787109375000e+02
6.813057431510898709e+00 8.363651733398437500e+02
6.816490567026903591e+00 8.370535278320312500e+02
6.819923702542908472e+00 8.431267700195312500e+02
6.823356838058912466e+00 8.407874755859375000e+02
6.826789973574916459e+00 8.319742431640625000e+02
6.830223109090921341e+00 8.298313598632812500e+02
6.833656244606926222e+00 8.298930664062500000e+02
6.837089380122931104e+00 8.334929199218750000e+02
6.840522515638934209e+00 8.282827148437500000e+02
6.843955651154939090e+00 8.326832275390625000e+02
6.847388786670943972e+00 8.326979370117187500e+02
6.850821922186948854e+00 8.361756591796875000e+02
6.854255057702952847e+00 8.335726928710937500e+02
6.857688193218956840e+00 8.359426269531250000e+02
6.861121328734961722e+00 8.410147094726562500e+02
6.864554464250966603e+00 8.537626953125000000e+02
6.867987599766970597e+00 8.598051147460937500e+02
6.871420735282975478e+00 8.577514648437500000e+02
6.874853870798979472e+00 8.535834960937500000e+02
6.878287006314984353e+00 8.532604370117187500e+02
6.881720141830988346e+00 8.588431396484375000e+02
6.885153277346993228e+00 8.653754882812500000e+02
6.888586412862998110e+00 8.678471069335937500e+02
6.892019548379002103e+00 8.678973388671875000e+02
6.895452683895006096e+00 8.675493774414062500e+02
6.898885819411010978e+00 8.742200317382812500e+02
6.902318954927015859e+00 8.820252075195312500e+02
6.905752090443019853e+00 8.983961181640625000e+02
6.909185225959024734e+00 9.116657104492187500e+02
6.912618361475028728e+00 9.296372070312500000e+02
6.916051496991033609e+00 9.522571411132812500e+02
6.919484632507037603e+00 9.787799682617187500e+02
6.922917768023042484e+00 1.018207153320312500e+03
6.926350903539047366e+00 1.077560302734375000e+03
6.929784039055051359e+00 1.191528198242187500e+03
6.933217174571055352e+00 1.409466308593750000e+03
6.936650310087060234e+00 1.865704833984375000e+03
6.940083445603065115e+00 2.883634765625000000e+03
6.943516581119069997e+00 4.730503417968750000e+03
6.946949716635073990e+00 7.700100585937500000e+03
6.950382852151077984e+00 1.093423242187500000e+04
6.953815987667082865e+00 1.287923339843750000e+04
6.957249123183087747e+00 1.186485058593750000e+04
6.960682258699091740e+00 8.785533203125000000e+03
6.964115394215096622e+00 5.419093261718750000e+03
6.967548529731100615e+00 3.169243896484375000e+03
6.970981665247105497e+00 1.972068115234375000e+03
6.974414800763109490e+00 1.462395874023437500e+03
6.977847936279114371e+00 1.222998779296875000e+03
6.981281071795119253e+00 1.101979370117187500e+03
6.984714207311123246e+00 1.039408813476562500e+03
6.988147342827127240e+00 1.000915893554687500e+03
6.991580478343132121e+00 9.740950927734375000e+02
6.995013613859137003e+00 9.544204711914062500e+02
6.998446749375141884e+00 9.400667114257812500e+02
7.001879884891144989e+00 9.282964477539062500e+02
7.005313020407149871e+00 9.161942749023437500e+02
7.008746155923154753e+00 9.059308471679687500e+02
7.012179291439159634e+00 8.999716796875000000e+02
7.015612426955163627e+00 8.978557739257812500e+02
7.019045562471167621e+00 8.855275268554687500e+02
7.022478697987172502e+00 8.754324340820312500e+02
7.025911833503177384e+00 8.707589111328125000e+02
7.029344969019181377e+00 8.691123046875000000e+02
7.032778104535186259e+00 8.672940673828125000e+02
7.036211240051190252e+00 8.635352172851562500e+02
7.039644375567194245e+00 8.616950683593750000e+02
7.043077511083199127e+00 8.592247314453125000e+02
7.046510646599204009e+00 8.558773803710937500e+02
7.049943782115208890e+00 8.553905639648437500e+02
7.053376917631212883e+00 8.581716918945312500e+02
7.056810053147216877e+00 8.587634277343750000e+02
7.060243188663221758e+00 8.596605834960937500e+02
7.063676324179226640e+00 8.585198364257812500e+02
7.067109459695230633e+00 8.603823852539062500e+02
7.070542595211235515e+00 8.585105590820312500e+02
7.073975730727239508e+00 8.593476562500000000e+02
7.077408866243244390e+00 8.579220581054687500e+02
7.080842001759248383e+00 8.576760864257812500e+02
7.084275137275253265e+00 8.563734130859375000e+02
7.087708272791258146e+00 8.535354003906250000e+02
7.091141408307262139e+00 8.561481933593750000e+02
7.094574543823266133e+00 8.643135986328125000e+02
7.098007679339271014e+00 8.767030639648437500e+02
7.101440814855275896e+00 8.808419189453125000e+02
7.104873950371280777e+00 8.843353271484375000e+02
7.108307085887284771e+00 8.878649291992187500e+02
7.111740221403288764e+00 9.002528076171875000e+02
7.115173356919293646e+00 9.169485473632812500e+02
7.118606492435298527e+00 9.318073730468750000e+02
7.122039627951302521e+00 9.495471191406250000e+02
7.125472763467307402e+00 9.828540649414062500e+02
7.128905898983311396e+00 1.040402221679687500e+03
7.132339034499316277e+00 1.146561157226562500e+03
7.135772170015320270e+00 1.351709106445312500e+03
7.139205305531325152e+00 1.798463989257812500e+03
7.142638441047330033e+00 2.763543212890625000e+03
7.146071576563334027e+00 4.526144531250000000e+03
7.149504712079338020e+00 7.415631835937500000e+03
7.152937847595342902e+00 9.704729492187500000e+03
7.156370983111347783e+00 1.070817968750000000e+04
7.159804118627352665e+00 9.522956054687500000e+03
7.163237254143355770e+00 7.230992675781250000e+03
7.166670389659360652e+00 4.364122070312500000e+03
7.170103525175365533e+00 2.661090332031250000e+03
7.173536660691370415e+00 1.714964111328125000e+03
7.176969796207375296e+00 1.320531860351562500e+03
7.180402931723378401e+00 1.141285034179687500e+03
7.183836067239382395e+00 1.043927001953125000e+03
7.187269202755387276e+00 9.823222656250000000e+02
7.190702338271392158e+00 9.458615722656250000e+02
7.194135473787397039e+00 9.257476806640625000e+02
7.197568609303401033e+00 9.147570190429687500e+02
7.201001744819405914e+00 9.029406127929687500e+02
7.204434880335410796e+00 8.894202880859375000e+02
7.207868015851413901e+00 8.763198852539062500e+02
7.211301151367418782e+00 8.663770751953125000e+02
7.214734286883423664e+00 8.624022216796875000e+02
7.218167422399427657e+00 8.613817749023437500e+02
7.221600557915432539e+00 8.541850585937500000e+02
7.225033693431437420e+00 8.516088867187500000e+02
7.228466828947442302e+00 8.479077758789062500e+02
7.231899964463446295e+00 8.440083618164062500e+02
7.235333099979449401e+00 8.312516479492187500e+02
7.238766235495454282e+00 8.276242065429687500e+02
7.242199371011459164e+00 8.315017700195312500e+02
7.245632506527464045e+00 8.358851928710937500e+02
7.249065642043468927e+00 8.322695312500000000e+02
7.252498777559472920e+00 8.276299438476562500e+02
7.255931913075477802e+00 8.254849243164062500e+02
7.259365048591482683e+00 8.201735839843750000e+02
7.262798184107485788e+00 8.164045410156250000e+02
7.266231319623490670e+00 8.184028320312500000e+02
7.269664455139495551e+00 8.211315917968750000e+02
7.273097590655499545e+00 8.224538574218750000e+02
7.276530726171504426e+00 8.218394165039062500e+02
7.279963861687509308e+00 8.201026000976562500e+02
7.283396997203514189e+00 8.157124023437500000e+02
7.286830132719518183e+00 8.151499023437500000e+02
7.290263268235521288e+00 8.210755615234375000e+02
7.293696403751526169e+00 8.263505249023437500e+02
7.297129539267531051e+00 8.272456665039062500e+02
7.300562674783535932e+00 8.220452880859375000e+02
7.303995810299540814e+00 8.217247924804687500e+02
7.307428945815544807e+00 8.202609252929687500e+02
7.310862081331549689e+00 8.250895385742187500e+02
7.314295216847554570e+00 8.356118774414062500e+02
7.317728352363557676e+00 8.492234497070312500e+02
7.321161487879562557e+00 8.585996704101562500e+02
7.324594623395566551e+00 8.708700561523437500e+02
7.328027758911571432e+00 8.988859863281250000e+02
7.331460894427576314e+00 9.570352172851562500e+02
7.334894029943581195e+00 1.076229980468750000e+03
7.338327165459586077e+00 1.309095092773437500e+03
7.341760300975589182e+00 1.764917358398437500e+03
7.345193436491593175e+00 2.529237060546875000e+03
7.348626572007598057e+00 3.390458740234375000e+03
7.352059707523602938e+00 3.971540039062500000e+03
7.355492843039607820e+00 3.874102050781250000e+03
7.358925978555611813e+00 3.165034179687500000e+03
7.362359114071616695e+00 2.233046142578125000e+03
7.365792249587621576e+00 1.516381469726562500e+03
7.369225385103624681e+00 1.154346923828125000e+03
7.372658520619629563e+00 9.858449096679687500e+02
7.376091656135634445e+00 9.073675537109375000e+02
7.379524791651638438e+00 8.711925048828125000e+02
7.382957927167643319e+00 8.514349365234375000e+02
7.386391062683648201e+00 8.381998291015625000e+02
7.389824198199653082e+00 8.291669921875000000e+02
7.393257333715657076e+00 8.238713989257812500e+02
7.396690469231660181e+00 8.208789062500000000e+02
7.400123604747665063e+00 8.182590942382812500e+02
7.403556740263669944e+00 8.200483398437500000e+02
7.406989875779674826e+00 8.192394409179687500e+02
7.410423011295679707e+00 8.169653320312500000e+02
7.413856146811683701e+00 8.100469360351562500e+02
7.417289282327688582e+00 8.060883178710937500e+02
7.420722417843693464e+00 8.044148559570312500e+02
7.424155553359696569e+00 8.083052368164062500e+02
7.427588688875701450e+00 8.164938354492187500e+02
7.431021824391706332e+00 8.210729980468750000e+02
7.434454959907710325e+00 8.232280883789062500e+02
7.437888095423715207e+00 8.160911254882812500e+02
7.441321230939720088e+00 8.155227661132812500e+02
7.444754366455724970e+00 8.083212890625000000e+02
7.448187501971728963e+00 8.114143676757812500e+02
7.451620637487732068e+00 8.141453857421875000e+02
7.455053773003736950e+00 8.126098022460937500e+02
7.458486908519741831e+00 8.097227172851562500e+02
7.461920044035746713e+00 8.109644775390625000e+02
7.465353179551751595e+00 8.085266723632812500e+02
7.468786315067755588e+00 8.045149536132812500e+02
7.472219450583760469e+00 8.036601562500000000e+02
7.475652586099763575e+00 8.079805297851562500e+02
7.479085721615768456e+00 8.148309326171875000e+02
7.482518857131773338e+00 8.233031616210937500e+02
7.485951992647777331e+00 8.305126953125000000e+02
7.489385128163782213e+00 8.346838378906250000e+02
7.492818263679787094e+00 8.374943237304687500e+02
7.496251399195791976e+00 8.390949096679687500e+02
7.499684534711796857e+00 8.423499145507812500e+02
7.503117670227799962e+00 8.451798706054687500e+02
7.506550805743803956e+00 8.507409667968750000e+02
7.509983941259808837e+00 8.619892578125000000e+02
7.513417076775813719e+00 8.842479248046875000e+02
7.516850212291818600e+00 9.206167602539062500e+02
7.520283347807822594e+00 9.848231201171875000e+02
7.523716483323827475e+00 1.111378173828125000e+03
7.527149618839832357e+00 1.370803710937500000e+03
7.530582754355835462e+00 1.888864746093750000e+03
7.534015889871840344e+00 2.855592529296875000e+03
7.537449025387845225e+00 4.465829101562500000e+03
7.540882160903849218e+00 6.052803222656250000e+03
7.544315296419854100e+00 6.952368652343750000e+03
7.547748431935858981e+00 6.228259277343750000e+03
7.551181567451863863e+00 4.710231445312500000e+03
7.554614702967867856e+00 2.955015625000000000e+03
7.558047838483870962e+00 1.845540405273437500e+03
7.561480973999875843e+00 1.310196166992187500e+03
7.564914109515880725e+00 1.084700927734375000e+03
7.568347245031885606e+00 9.825322875976562500e+02
7.571780380547890488e+00 9.334025878906250000e+02
7.575213516063894481e+00 9.049563598632812500e+02
7.578646651579899363e+00 8.836908569335937500e+02
7.582079787095904244e+00 8.636044921875000000e+02
7.585512922611907349e+00 8.525700683593750000e+02
7.588946058127912231e+00 8.477000122070312500e+02
7.592379193643917112e+00 8.519025268554687500e+02
7.595812329159921106e+00 8.499172973632812500e+02
7.599245464675925987e+00 8.453159179687500000e+02
7.602678600191930869e+00 8.384697875976562500e+02
7.606111735707935750e+00 8.309742431640625000e+02
7.609544871223939744e+00 8.246856689453125000e+02
7.612978006739942849e+00 8.168175048828125000e+02
7.616411142255947730e+00 8.145657348632812500e+02
7.619844277771952612e+00 8.171325073242187500e+02
7.623277413287957494e+00 8.201198120117187500e+02
7.626710548803962375e+00 8.181093139648437500e+02
7.630143684319966368e+00 8.173205566406250000e+02
7.633576819835971250e+00 8.151393432617187500e+02
7.637009955351974355e+00 8.171530761718750000e+02
7.640443090867979237e+00 8.188369140625000000e+02
7.643876226383984118e+00 8.225338745117187500e+02
7.647309361899988112e+00 8.246387329101562500e+02
7.650742497415992993e+00 8.259273071289062500e+02
7.654175632931997875e+00 8.261347656250000000e+02
7.657608768448002756e+00 8.283982543945312500e+02
7.661041903964007638e+00 8.349733276367187500e+02
7.664475039480010743e+00 8.414248046875000000e+02
7.667908174996014736e+00 8.459489135742187500e+02
7.671341310512019618e+00 8.495894165039062500e+02
7.674774446028024499e+00 8.570509033203125000e+02
7.678207581544029381e+00 8.674228515625000000e+02
7.681640717060033374e+00 8.702761840820312500e+02
7.685073852576038256e+00 8.715879516601562500e+02
7.688506988092043137e+00 8.818414916992187500e+02
7.691940123608046243e+00 8.969577026367187500e+02
7.695373259124051124e+00 9.199849243164062500e+02
7.698806394640056006e+00 9.463237915039062500e+02
7.702239530156059999e+00 9.920861816406250000e+02
7.705672665672064880e+00 1.077489868164062500e+03
7.709105801188069762e+00 1.239731201171875000e+03
7.712538936704074644e+00 1.574251220703125000e+03
7.715972072220078637e+00 2.268422363281250000e+03
7.719405207736081742e+00 3.648626220703125000e+03
7.722838343252086624e+00 5.805461425781250000e+03
7.726271478768091505e+00 8.189555664062500000e+03
7.729704614284096387e+00 9.811436523437500000e+03
7.733137749800101268e+00 9.574067382812500000e+03
7.736570885316105262e+00 7.552393066406250000e+03
7.740004020832110143e+00 4.910518554687500000e+03
7.743437156348115025e+00 2.940020019531250000e+03
7.746870291864118130e+00 1.845806640625000000e+03
7.750303427380123011e+00 1.344703491210937500e+03
7.753736562896127005e+00 1.127854736328125000e+03
7.757169698412131886e+00 1.020637878417968750e+03
7.760602833928136768e+00 9.547943115234375000e+02
7.764035969444141649e+00 9.151133422851562500e+02
7.767469104960146531e+00 8.943231201171875000e+02
7.770902240476149636e+00 8.761536254882812500e+02
7.774335375992153629e+00 8.574568481445312500e+02
7.777768511508158511e+00 8.403100585937500000e+02
7.781201647024163393e+00 8.299121093750000000e+02
7.784634782540168274e+00 8.184506835937500000e+02
7.788067918056173156e+00 8.121177368164062500e+02
7.791501053572177149e+00 8.085927124023437500e+02
7.794934189088182031e+00 8.083291625976562500e+02
7.798367324604185136e+00 8.065238647460937500e+02
7.801800460120190017e+00 8.008220825195312500e+02
7.805233595636194899e+00 7.939979248046875000e+02
7.808666731152198892e+00 7.903778686523437500e+02
7.812099866668203774e+00 7.861170654296875000e+02
7.815533002184208655e+00 7.824029541015625000e+02
7.818966137700213537e+00 7.803110961914062500e+02
7.822399273216218418e+00 7.833163452148437500e+02
7.825832408732221523e+00 7.793211669921875000e+02
7.829265544248225517e+00 7.772468872070312500e+02
7.832698679764230398e+00 7.775302124023437500e+02
7.836131815280235280e+00 7.771896362304687500e+02
7.839564950796240161e+00 7.817917480468750000e+02
7.842998086312244155e+00 7.852194213867187500e+02
7.846431221828249036e+00 7.893544311523437500e+02
7.849864357344253918e+00 7.835260009765625000e+02
7.853297492860257023e+00 7.854748535156250000e+02
7.856730628376261905e+00 7.848471069335937500e+02
7.860163763892266786e+00 7.906268310546875000e+02
7.863596899408270779e+00 7.882471313476562500e+02
7.867030034924275661e+00 7.946104125976562500e+02
7.870463170440280543e+00 7.986789550781250000e+02
7.873896305956285424e+00 8.051083374023437500e+02
7.877329441472289417e+00 8.129334716796875000e+02
7.880762576988292523e+00 8.247093505859375000e+02
7.884195712504297404e+00 8.417507934570312500e+02
7.887628848020302286e+00 8.676417236328125000e+02
7.891061983536307167e+00 9.256311035156250000e+02
7.894495119052312049e+00 1.050072265625000000e+03
7.897928254568316042e+00 1.305251342773437500e+03
7.901361390084320924e+00 1.783433105468750000e+03
7.904794525600325805e+00 2.549087890625000000e+03
7.908227661116328910e+00 3.600797363281250000e+03
7.911660796632333792e+00 4.403333007812500000e+03
7.915093932148337785e+00 4.521622070312500000e+03
7.918527067664342667e+00 3.761917968750000000e+03
7.921960203180347548e+00 2.700556396484375000e+03
7.925393338696352430e+00 1.800156982421875000e+03
7.928826474212357311e+00 1.261474731445312500e+03
7.932259609728360417e+00 1.020003479003906250e+03
7.935692745244364410e+00 9.105234985351562500e+02
7.939125880760369292e+00 8.609600830078125000e+02
7.942559016276374173e+00 8.408406372070312500e+02
7.945992151792379055e+00 8.241416015625000000e+02
7.949425287308383936e+00 8.015708618164062500e+02
7.952858422824387929e+00 7.883983154296875000e+02
7.956291558340392811e+00 7.818350219726562500e+02
7.959724693856395916e+00 7.799686889648437500e+02
7.963157829372400798e+00 7.721239013671875000e+02
7.966590964888405679e+00 7.690441894531250000e+02
7.970024100404409673e+00 7.693995361328125000e+02
7.973457235920414554e+00 7.758559570312500000e+02
7.976890371436419436e+00 7.680371093750000000e+02
7.980323506952424317e+00 7.581314086914062500e+02
7.983756642468429199e+00 7.473066406250000000e+02
7.987189777984432304e+00 7.499535522460937500e+02
7.990622913500436297e+00 7.521439819335937500e+02
7.994056049016441179e+00 7.517793579101562500e+02
7.997489184532446060e+00 7.516265258789062500e+02
8.000922320048450942e+00 7.542148437500000000e+02
8.004355455564455823e+00 7.554071044921875000e+02
8.007788591080460705e+00 7.541618652343750000e+02
8.011221726596465587e+00 7.493265991210937500e+02
8.014654862112468692e+00 7.456338500976562500e+02
8.018087997628471797e+00 7.479659423828125000e+02
8.021521133144476678e+00 7.431994018554687500e+02
8.024954268660481560e+00 7.443494262695312500e+02
8.028387404176486442e+00 7.406833496093750000e+02
8.031820539692491323e+00 7.475039062500000000e+02
8.035253675208496205e+00 7.482939453125000000e+02
8.038686810724501086e+00 7.439979248046875000e+02
8.042119946240504191e+00 7.438420410156250000e+02
8.045553081756509073e+00 7.409238891601562500e+02
8.048986217272513954e+00 7.449851684570312500e+02
8.052419352788517060e+00 7.409766235351562500e+02
8.055852488304521941e+00 7.484776611328125000e+02
8.059285623820526823e+00 7.401141357421875000e+02
8.062718759336531704e+00 7.398240966796875000e+02
8.066151894852534809e+00 7.360823974609375000e+02
8.069585030368539691e+00 7.338544921875000000e+02
8.073018165884544572e+00 7.340949707031250000e+02
8.076451301400549454e+00 7.333779296875000000e+02
8.079884436916554336e+00 7.316620483398437500e+02
8.083317572432559217e+00 7.235871582031250000e+02
8.086750707948562322e+00 7.213307495117187500e+02
8.090183843464567204e+00 7.222256469726562500e+02
8.093616978980570309e+00 7.230125122070312500e+02
8.097050114496575191e+00 7.225275878906250000e+02
8.100483250012580072e+00 7.213018798828125000e+02
8.103916385528584954e+00 7.208079833984375000e+02
8.107349521044589835e+00 7.223151245117187500e+02
8.110782656560594717e+00 7.260311889648437500e+02
8.114215792076599598e+00 7.277518920898437500e+02
8.117648927592604480e+00 7.291447143554687500e+02
8.121082063108607585e+00 7.326180419921875000e+02
8.124515198624610690e+00 7.303289794921875000e+02
8.127948334140615572e+00 7.344241943359375000e+02
8.131381469656620453e+00 7.344623413085937500e+02
8.134814605172625335e+00 7.384322509765625000e+02
8.138247740688630216e+00 7.296846313476562500e+02
8.141680876204635098e+00 7.244235839843750000e+02
8.145114011720639979e+00 7.153764648437500000e+02
8.148547147236643085e+00 7.078142089843750000e+02
8.151980282752647966e+00 7.034584960937500000e+02
8.155413418268652848e+00 7.072023925781250000e+02
8.158846553784655953e+00 7.058160400390625000e+02
8.162279689300660834e+00 7.130905151367187500e+02
8.165712824816665716e+00 7.179538574218750000e+02
8.169145960332670597e+00 7.244865112304687500e+02
8.172579095848675479e+00 7.250295410156250000e+02
8.176012231364678584e+00 7.325120849609375000e+02
8.179445366880683466e+00 7.297564086914062500e+02
8.182878502396688347e+00 7.270808715820312500e+02
8.186311637912693229e+00 7.203351440429687500e+02
8.189744773428698110e+00 7.244217529296875000e+02
8.193177908944701215e+00 7.092622070312500000e+02
8.196611044460706097e+00 6.949052734375000000e+02
8.200044179976710979e+00 6.965922851562500000e+02
8.203477315492714084e+00 6.996950073242187500e+02
8.206910451008718965e+00 6.672755737304687500e+02
8.210343586524723847e+00 6.504768066406250000e+02
8.213776722040728728e+00 6.676320190429687500e+02
8.217209857556733610e+00 6.973394165039062500e+02
8.220642993072738491e+00 7.003540039062500000e+02
8.224076128588743373e+00 7.128698730468750000e+02
8.227509264104746478e+00 7.150833740234375000e+02
8.230942399620749583e+00 7.206708374023437500e+02
8.234375535136754465e+00 7.252221679687500000e+02
8.237808670652759346e+00 7.290925903320312500e+02
8.241241806168764228e+00 7.395658569335937500e+02
8.244674941684769109e+00 7.670232543945312500e+02
8.248108077200773991e+00 8.360291748046875000e+02
8.251541212716778873e+00 9.884310913085937500e+02
8.254974348232781978e+00 1.260013427734375000e+03
8.258407483748786859e+00 1.663672851562500000e+03
8.261840619264791741e+00 2.097773681640625000e+03
8.265273754780794846e+00 2.299172363281250000e+03
8.268706890296799727e+00 2.146793457031250000e+03
8.272140025812804609e+00 1.738842895507812500e+03
8.275573161328809491e+00 1.322043823242187500e+03
8.279006296844814372e+00 1.000423339843750000e+03
8.282439432360817477e+00 8.277170410156250000e+02
8.285872567876822359e+00 7.677320556640625000e+02
8.289305703392827240e+00 7.478015747070312500e+02
8.292738838908832122e+00 7.379795532226562500e+02
8.296171974424837003e+00 7.013172607421875000e+02
8.299605109940840109e+00 6.694877929687500000e+02
8.303038245456844990e+00 6.494726562500000000e+02
8.306471380972849872e+00 6.474669799804687500e+02
8.309904516488852977e+00 6.384243164062500000e+02
8.313337652004857858e+00 6.298447875976562500e+02
8.316770787520862740e+00 6.212971191406250000e+02
8.320203923036867621e+00 6.189355468750000000e+02
8.323637058552872503e+00 6.191636962890625000e+02
8.327070194068877385e+00 6.244152832031250000e+02
8.330503329584882266e+00 6.160823974609375000e+02
8.333936465100887148e+00 6.001248779296875000e+02
8.337369600616888476e+00 6.030111694335937500e+02
8.340802736132893358e+00 6.007156982421875000e+02
8.344235871648898240e+00 6.088000488281250000e+02
8.347669007164903121e+00 5.969597778320312500e+02
8.351102142680908003e+00 6.067697143554687500e+02
8.354535278196912884e+00 6.064863281250000000e+02
8.357968413712917766e+00 5.975584106445312500e+02
8.361401549228920871e+00 5.722658081054687500e+02
8.364834684744925752e+00 5.636081542968750000e+02
8.368267820260930634e+00 5.662521972656250000e+02
8.371700955776935515e+00 5.384133300781250000e+02
8.375134091292938621e+00 5.146768188476562500e+02
8.378567226808943502e+00 5.081058654785156250e+02
8.382000362324948384e+00 5.277318115234375000e+02
8.385433497840953265e+00 5.412392578125000000e+02
8.388866633356956370e+00 5.434598999023437500e+02
8.392299768872961252e+00 5.284729614257812500e+02
8.395732904388966134e+00 5.105331420898437500e+02
8.399166039904971015e+00 5.096562805175781250e+02
8.402599175420975897e+00 5.159187011718750000e+02
8.406032310936980778e+00 5.110729980468750000e+02
8.409465446452983883e+00 5.277681884765625000e+02
8.412898581968988765e+00 5.286716308593750000e+02
8.416331717484991870e+00 5.207517700195312500e+02
8.419764853000996752e+00 5.040334777832031250e+02
8.423197988517001633e+00 5.073573608398437500e+02
8.426631124033006515e+00 4.801211853027343750e+02
8.430064259549011396e+00 4.815292358398437500e+02
8.433497395065016278e+00 5.204447021484375000e+02
8.436930530581021159e+00 6.564100952148437500e+02
8.440363666097026041e+00 0.000000000000000000e+00
8.443796801613029146e+00 0.000000000000000000e+00
8.447229937129032251e+00 0.000000000000000000e+00
8.450663072645037133e+00 0.000000000000000000e+00
8.454096208161042014e+00 0.000000000000000000e+00
8.457529343677046896e+00 0.000000000000000000e+00
8.460962479193051777e+00 0.000000000000000000e+00
8.464395614709056659e+00 0.000000000000000000e+00
8.467828750225061540e+00 0.000000000000000000e+00
8.471261885741064646e+00 0.000000000000000000e+00
8.474695021257069527e+00 0.000000000000000000e+00
8.478128156773074409e+00 0.000000000000000000e+00
8.481561292289077514e+00 0.000000000000000000e+00
8.484994427805082395e+00 0.000000000000000000e+00
8.488427563321087277e+00 0.000000000000000000e+00
8.491860698837092158e+00 0.000000000000000000e+00
8.495293834353097040e+00 0.000000000000000000e+00
8.498726969869100145e+00 0.000000000000000000e+00
8.502160105385105027e+00 0.000000000000000000e+00
8.505593240901109908e+00 0.000000000000000000e+00
8.509026376417114790e+00 0.000000000000000000e+00
8.512459511933119671e+00 0.000000000000000000e+00
8.515892647449122776e+00 0.000000000000000000e+00
8.519325782965127658e+00 0.000000000000000000e+00
8.522758918481130763e+00 0.000000000000000000e+00
8.526192053997135645e+00 0.000000000000000000e+00
8.529625189513140526e+00 0.000000000000000000e+00
8.533058325029145408e+00 0.000000000000000000e+00
8.536491460545150289e+00 0.000000000000000000e+00
8.539924596061155171e+00 0.000000000000000000e+00
8.543357731577160052e+00 0.000000000000000000e+00
8.546790867093164934e+00 0.000000000000000000e+00
8.550224002609168039e+00 0.000000000000000000e+00
8.553657138125171144e+00 0.000000000000000000e+00
8.557090273641176026e+00 0.000000000000000000e+00
8.560523409157180907e+00 0.000000000000000000e+00
8.563956544673185789e+00 0.000000000000000000e+00
8.567389680189190670e+00 0.000000000000000000e+00
8.570822815705195552e+00 0.000000000000000000e+00
8.574255951221200434e+00 0.000000000000000000e+00
8.577689086737203539e+00 0.000000000000000000e+00
8.581122222253208420e+00 0.000000000000000000e+00
8.584555357769213302e+00 0.000000000000000000e+00
8.587988493285216407e+00 0.000000000000000000e+00
8.591421628801221289e+00 0.000000000000000000e+00
8.594854764317226170e+00 0.000000000000000000e+00
8.598287899833231052e+00 0.000000000000000000e+00
8.601721035349235933e+00 0.000000000000000000e+00
8.605154170865239038e+00 0.000000000000000000e+00
8.608587306381243920e+00 0.000000000000000000e+00
8.612020441897248801e+00 0.000000000000000000e+00
8.615453577413253683e+00 0.000000000000000000e+00
8.618886712929258564e+00 0.000000000000000000e+00
8.622319848445261670e+00 0.000000000000000000e+00
8.625752983961266551e+00 0.000000000000000000e+00
8.629186119477271433e+00 0.000000000000000000e+00
8.632619254993274538e+00 0.000000000000000000e+00
8.636052390509279419e+00 0.000000000000000000e+00
8.639485526025284301e+00 0.000000000000000000e+00
8.642918661541289183e+00 0.000000000000000000e+00
8.646351797057294064e+00 0.000000000000000000e+00
8.649784932573298946e+00 0.000000000000000000e+00
8.653218068089303827e+00 0.000000000000000000e+00
8.656651203605306932e+00 0.000000000000000000e+00
8.660084339121310038e+00 0.000000000000000000e+00
8.663517474637314919e+00 0.000000000000000000e+00
8.666950610153319801e+00 0.000000000000000000e+00
8.670383745669324682e+00 0.000000000000000000e+00
8.673816881185329564e+00 0.000000000000000000e+00
8.677250016701334445e+00 0.000000000000000000e+00
8.680683152217339327e+00 0.000000000000000000e+00
8.684116287733342432e+00 0.000000000000000000e+00
8.687549423249347313e+00 0.000000000000000000e+00
8.690982558765352195e+00 0.000000000000000000e+00
8.694415694281357077e+00 0.000000000000000000e+00
8.697848829797360182e+00 0.000000000000000000e+00
8.701281965313365063e+00 0.000000000000000000e+00
8.704715100829369945e+00 0.000000000000000000e+00
8.708148236345374826e+00 0.000000000000000000e+00
8.711581371861377932e+00 0.000000000000000000e+00
8.715014507377382813e+00 0.000000000000000000e+00
8.718447642893387695e+00 0.000000000000000000e+00
8.721880778409392576e+00 0.000000000000000000e+00
8.725313913925397458e+00 0.000000000000000000e+00
8.728747049441402339e+00 0.000000000000000000e+00
8.732180184957405444e+00 0.000000000000000000e+00
8.735613320473410326e+00 0.000000000000000000e+00
8.739046455989413431e+00 0.000000000000000000e+00
8.742479591505418313e+00 0.000000000000000000e+00
8.745912727021423194e+00 0.000000000000000000e+00
8.749345862537428076e+00 0.000000000000000000e+00
8.752778998053432957e+00 0.000000000000000000e+00
8.756212133569437839e+00 0.000000000000000000e+00
8.759645269085442720e+00 0.000000000000000000e+00
8.763078404601447602e+00 0.000000000000000000e+00
8.766511540117450707e+00 0.000000000000000000e+00
8.769944675633453812e+00 0.000000000000000000e+00
8.773377811149458694e+00 0.000000000000000000e+00
8.776810946665463575e+00 0.000000000000000000e+00
8.780244082181468457e+00 0.000000000000000000e+00
8.783677217697473338e+00 0.000000000000000000e+00
8.787110353213478220e+00 0.000000000000000000e+00
8.790543488729481325e+00 0.000000000000000000e+00
8.793976624245486207e+00 0.000000000000000000e+00
8.797409759761491088e+00 0.000000000000000000e+00
8.800842895277495970e+00 0.000000000000000000e+00
8.804276030793499075e+00 0.000000000000000000e+00
8.807709166309503956e+00 0.000000000000000000e+00
8.811142301825508838e+00 0.000000000000000000e+00
8.814575437341513720e+00 0.000000000000000000e+00
8.818008572857516825e+00 0.000000000000000000e+00
8.821441708373521706e+00 0.000000000000000000e+00
8.824874843889526588e+00 0.000000000000000000e+00
8.828307979405531469e+00 0.000000000000000000e+00
8.831741114921536351e+00 0.000000000000000000e+00
8.835174250437541232e+00 0.000000000000000000e+00
8.838607385953544338e+00 0.000000000000000000e+00
8.842040521469549219e+00 0.000000000000000000e+00
8.845473656985552324e+00 0.000000000000000000e+00
8.848906792501557206e+00 0.000000000000000000e+00
8.852339928017562087e+00 0.000000000000000000e+00
8.855773063533566969e+00 0.000000000000000000e+00
8.859206199049571850e+00 0.000000000000000000e+00
8.862639334565576732e+00 0.000000000000000000e+00
8.866072470081581613e+00 0.000000000000000000e+00
8.869505605597586495e+00 0.000000000000000000e+00
8.872938741113589600e+00 0.000000000000000000e+00
8.876371876629592705e+00 0.000000000000000000e+00
8.879805012145597587e+00 0.000000000000000000e+00
8.883238147661602468e+00 0.000000000000000000e+00
8.886671283177607350e+00 0.000000000000000000e+00
8.890104418693612232e+00 0.000000000000000000e+00
8.893537554209617113e+00 0.000000000000000000e+00
8.896970689725621995e+00 0.000000000000000000e+00
8.900403825241625100e+00 0.000000000000000000e+00
8.903836960757629981e+00 0.000000000000000000e+00
8.907270096273634863e+00 0.000000000000000000e+00
8.910703231789637968e+00 0.000000000000000000e+00
8.914136367305642850e+00 0.000000000000000000e+00
8.917569502821647731e+00 0.000000000000000000e+00
8.921002638337652613e+00 0.000000000000000000e+00
8.924435773853657494e+00 0.000000000000000000e+00
8.927868909369660599e+00 0.000000000000000000e+00
8.931302044885665481e+00 0.000000000000000000e+00
8.934735180401670362e+00 0.000000000000000000e+00
8.938168315917675244e+00 0.000000000000000000e+00
8.941601451433680126e+00 0.000000000000000000e+00
8.945034586949683231e+00 0.000000000000000000e+00
8.948467722465688112e+00 0.000000000000000000e+00
8.951900857981691217e+00 0.000000000000000000e+00
8.955333993497696099e+00 0.000000000000000000e+00
8.958767129013700981e+00 0.000000000000000000e+00
8.962200264529705862e+00 0.000000000000000000e+00
8.965633400045710744e+00 0.000000000000000000e+00
8.969066535561715625e+00 0.000000000000000000e+00
8.972499671077720507e+00 0.000000000000000000e+00
8.975932806593725388e+00 0.000000000000000000e+00
8.979365942109728493e+00 0.000000000000000000e+00
8.982799077625731599e+00 0.000000000000000000e+00
8.986232213141736480e+00 0.000000000000000000e+00
8.989665348657741362e+00 0.000000000000000000e+00
8.993098484173746243e+00 0.000000000000000000e+00
8.996531619689751125e+00 0.000000000000000000e+00
8.999964755205756006e+00 0.000000000000000000e+00
9.003397890721760888e+00 0.000000000000000000e+00
9.006831026237763993e+00 0.000000000000000000e+00
9.010264161753768875e+00 0.000000000000000000e+00
9.013697297269773756e+00 0.000000000000000000e+00
9.017130432785778638e+00 0.000000000000000000e+00
9.020563568301781743e+00 0.000000000000000000e+00
9.023996703817786624e+00 0.000000000000000000e+00
9.027429839333791506e+00 0.000000000000000000e+00
9.030862974849796387e+00 0.000000000000000000e+00
9.034296110365799493e+00 0.000000000000000000e+00
9.037729245881804374e+00 0.000000000000000000e+00
9.041162381397809256e+00 0.000000000000000000e+00
9.044595516913814137e+00 0.000000000000000000e+00
9.048028652429819019e+00 0.000000000000000000e+00
9.051461787945823900e+00 0.000000000000000000e+00
9.054894923461827005e+00 0.000000000000000000e+00
9.058328058977831887e+00 0.000000000000000000e+00
9.061761194493834992e+00 0.000000000000000000e+00
9.065194330009839874e+00 0.000000000000000000e+00
9.068627465525844755e+00 0.000000000000000000e+00
9.072060601041849637e+00 0.000000000000000000e+00
9.075493736557854518e+00 0.000000000000000000e+00
9.078926872073859400e+00 0.000000000000000000e+00
9.082360007589864281e+00 0.000000000000000000e+00
9.085793143105867387e+00 0.000000000000000000e+00
9.089226278621872268e+00 0.000000000000000000e+00
9.092659414137875373e+00 0.000000000000000000e+00
9.096092549653880255e+00 0.000000000000000000e+00
9.099525685169885136e+00 0.000000000000000000e+00
9.102958820685890018e+00 0.000000000000000000e+00
9.106391956201894899e+00 0.000000000000000000e+00
9.109825091717899781e+00 0.000000000000000000e+00
9.113258227233902886e+00 0.000000000000000000e+00
9.116691362749907768e+00 0.000000000000000000e+00
9.120124498265912649e+00 0.000000000000000000e+00
9.123557633781917531e+00 0.000000000000000000e+00
9.126990769297920636e+00 0.000000000000000000e+00
9.130423904813925517e+00 0.000000000000000000e+00
9.133857040329930399e+00 0.000000000000000000e+00
9.137290175845935281e+00 0.000000000000000000e+00
9.140723311361938386e+00 0.000000000000000000e+00
9.144156446877943267e+00 0.000000000000000000e+00
9.147589582393948149e+00 0.000000000000000000e+00
9.151022717909953030e+00 0.000000000000000000e+00
9.154455853425957912e+00 0.000000000000000000e+00
9.157888988941962793e+00 0.000000000000000000e+00
9.161322124457965899e+00 0.000000000000000000e+00
9.164755259973970780e+00 0.000000000000000000e+00
9.168188395489973885e+00 0.000000000000000000e+00
9.171621531005978767e+00 0.000000000000000000e+00
9.175054666521983648e+00 0.000000000000000000e+00
9.178487802037988530e+00 0.000000000000000000e+00
9.181920937553993411e+00 0.000000000000000000e+00
9.185354073069998293e+00 0.000000000000000000e+00
9.188787208586003175e+00 0.000000000000000000e+00
9.192220344102008056e+00 0.000000000000000000e+00
9.195653479618011161e+00 0.000000000000000000e+00
9.199086615134014266e+00 0.000000000000000000e+00
9.202519750650019148e+00 0.000000000000000000e+00
9.205952886166024030e+00 0.000000000000000000e+00
9.209386021682028911e+00 0.000000000000000000e+00
9.212819157198033793e+00 0.000000000000000000e+00
9.216252292714038674e+00 0.000000000000000000e+00
9.219685428230043556e+00 0.000000000000000000e+00
9.223118563746046661e+00 0.000000000000000000e+00
9.226551699262051542e+00 0.000000000000000000e+00
9.229984834778056424e+00 0.000000000000000000e+00
9.233417970294059529e+00 0.000000000000000000e+00
9.236851105810064411e+00 0.000000000000000000e+00
9.240284241326069292e+00 0.000000000000000000e+00
9.243717376842074174e+00 0.000000000000000000e+00
9.247150512358077279e+00 0.000000000000000000e+00
9.250583647874082160e+00 0.000000000000000000e+00
9.254016783390087042e+00 0.000000000000000000e+00
9.257449918906091924e+00 0.000000000000000000e+00
9.260883054422096805e+00 0.000000000000000000e+00
9.264316189938101687e+00 0.000000000000000000e+00
9.267749325454104792e+00 0.000000000000000000e+00
9.271182460970109673e+00 0.000000000000000000e+00
9.274615596486112779e+00 0.000000000000000000e+00
9.278048732002117660e+00 0.000000000000000000e+00
9.281481867518122542e+00 0.000000000000000000e+00
9.284915003034127423e+00 0.000000000000000000e+00
9.288348138550132305e+00 0.000000000000000000e+00
9.291781274066137186e+00 0.000000000000000000e+00
9.295214409582142068e+00 0.000000000000000000e+00
9.298647545098146949e+00 0.000000000000000000e+00
9.302080680614150054e+00 0.000000000000000000e+00
9.305513816130153160e+00 0.000000000000000000e+00
9.308946951646158041e+00 0.000000000000000000e+00
9.312380087162162923e+00 0.000000000000000000e+00
9.315813222678167804e+00 0.000000000000000000e+00
9.319246358194172686e+00 0.000000000000000000e+00
9.322679493710177567e+00 0.000000000000000000e+00
9.326112629226182449e+00 0.000000000000000000e+00
9.329545764742185554e+00 0.000000000000000000e+00
9.332978900258190436e+00 0.000000000000000000e+00
9.336412035774195317e+00 0.000000000000000000e+00
9.339845171290200199e+00 0.000000000000000000e+00
9.343278306806203304e+00 0.000000000000000000e+00
9.346711442322208185e+00 0.000000000000000000e+00
9.350144577838213067e+00 0.000000000000000000e+00
9.353577713354217948e+00 0.000000000000000000e+00
9.357010848870221054e+00 0.000000000000000000e+00
9.360443984386225935e+00 0.000000000000000000e+00
9.363877119902230817e+00 0.000000000000000000e+00
9.367310255418235698e+00 0.000000000000000000e+00
9.370743390934240580e+00 0.000000000000000000e+00
9.374176526450245461e+00 0.000000000000000000e+00
9.377609661966248567e+00 0.000000000000000000e+00
9.381042797482251672e+00 0.000000000000000000e+00
9.384475932998256553e+00 0.000000000000000000e+00
9.387909068514261435e+00 0.000000000000000000e+00
9.391342204030266316e+00 0.000000000000000000e+00
9.394775339546271198e+00 0.000000000000000000e+00
9.398208475062276079e+00 0.000000000000000000e+00
9.401641610578280961e+00 0.000000000000000000e+00
9.405074746094285842e+00 0.000000000000000000e+00
9.408507881610288948e+00 0.000000000000000000e+00
9.411941017126293829e+00 0.000000000000000000e+00
9.415374152642296934e+00 0.000000000000000000e+00
9.418807288158301816e+00 0.000000000000000000e+00
9.422240423674306697e+00 0.000000000000000000e+00
9.425673559190311579e+00 0.000000000000000000e+00
9.429106694706316460e+00 0.000000000000000000e+00
9.432539830222321342e+00 0.000000000000000000e+00
9.435972965738324447e+00 0.000000000000000000e+00
9.439406101254329329e+00 0.000000000000000000e+00
9.442839236770334210e+00 0.000000000000000000e+00
9.446272372286339092e+00 0.000000000000000000e+00
9.449705507802342197e+00 0.000000000000000000e+00
9.453138643318347079e+00 0.000000000000000000e+00
9.456571778834351960e+00 0.000000000000000000e+00
9.460004914350356842e+00 0.000000000000000000e+00
9.463438049866359947e+00 0.000000000000000000e+00
9.466871185382364828e+00 0.000000000000000000e+00
9.470304320898369710e+00 0.000000000000000000e+00
9.473737456414374591e+00 0.000000000000000000e+00
9.477170591930379473e+00 0.000000000000000000e+00
9.480603727446384354e+00 0.000000000000000000e+00
9.484036862962387460e+00 0.000000000000000000e+00
9.487469998478392341e+00 0.000000000000000000e+00
9.490903133994395446e+00 0.000000000000000000e+00
9.494336269510400328e+00 0.000000000000000000e+00
9.497769405026405209e+00 0.000000000000000000e+00
9.501202540542410091e+00 0.000000000000000000e+00
9.504635676058414973e+00 0.000000000000000000e+00
9.508068811574419854e+00 0.000000000000000000e+00
9.511501947090424736e+00 0.000000000000000000e+00
9.514935082606429617e+00 0.000000000000000000e+00
9.518368218122432722e+00 0.000000000000000000e+00
9.521801353638435828e+00 0.000000000000000000e+00
9.525234489154440709e+00 0.000000000000000000e+00
9.528667624670445591e+00 0.000000000000000000e+00
9.532100760186450472e+00 0.000000000000000000e+00
9.535533895702455354e+00 0.000000000000000000e+00
9.538967031218460235e+00 0.000000000000000000e+00
9.542400166734463340e+00 0.000000000000000000e+00
9.545833302250468222e+00 0.000000000000000000e+00
9.549266437766473103e+00 0.000000000000000000e+00
9.552699573282477985e+00 0.000000000000000000e+00
9.556132708798481090e+00 0.000000000000000000e+00
9.559565844314485972e+00 0.000000000000000000e+00
9.562998979830490853e+00 0.000000000000000000e+00
9.566432115346495735e+00 0.000000000000000000e+00
9.569865250862498840e+00 0.000000000000000000e+00
9.573298386378503722e+00 0.000000000000000000e+00
9.576731521894508603e+00 0.000000000000000000e+00
9.580164657410513485e+00 0.000000000000000000e+00
9.583597792926518366e+00 0.000000000000000000e+00
9.587030928442523248e+00 0.000000000000000000e+00
9.590464063958526353e+00 0.000000000000000000e+00
9.593897199474531234e+00 0.000000000000000000e+00
9.597330334990534340e+00 0.000000000000000000e+00
9.600763470506539221e+00 0.000000000000000000e+00
9.604196606022544103e+00 0.000000000000000000e+00
9.607629741538548984e+00 0.000000000000000000e+00
9.611062877054553866e+00 0.000000000000000000e+00
9.614496012570558747e+00 0.000000000000000000e+00
9.617929148086563629e+00 0.000000000000000000e+00
9.621362283602568510e+00 0.000000000000000000e+00
9.624795419118571616e+00 0.000000000000000000e+00
9.628228554634574721e+00 0.000000000000000000e+00
9.631661690150579602e+00 0.000000000000000000e+00
9.635094825666584484e+00 0.000000000000000000e+00
9.638527961182589365e+00 0.000000000000000000e+00
9.641961096698594247e+00 0.000000000000000000e+00
9.645394232214599128e+00 0.000000000000000000e+00
9.648827367730604010e+00 0.000000000000000000e+00
9.652260503246607115e+00 0.000000000000000000e+00
9.655693638762611997e+00 0.000000000000000000e+00
9.659126774278616878e+00 0.000000000000000000e+00
9.662559909794619983e+00 0.000000000000000000e+00
9.665993045310624865e+00 0.000000000000000000e+00
9.669426180826629746e+00 0.000000000000000000e+00
9.672859316342634628e+00 0.000000000000000000e+00
9.676292451858637733e+00 0.000000000000000000e+00
9.679725587374642615e+00 0.000000000000000000e+00
9.683158722890647496e+00 0.000000000000000000e+00
9.686591858406652378e+00 0.000000000000000000e+00
9.690024993922657259e+00 0.000000000000000000e+00
9.693458129438662141e+00 0.000000000000000000e+00
9.696891264954667022e+00 0.000000000000000000e+00
9.700324400470670128e+00 0.000000000000000000e+00
9.703757535986673233e+00 0.000000000000000000e+00
9.707190671502678114e+00 0.000000000000000000e+00
9.710623807018682996e+00 0.000000000000000000e+00
9.714056942534687877e+00 0.000000000000000000e+00
9.717490078050692759e+00 0.000000000000000000e+00
9.720923213566697640e+00 0.000000000000000000e+00
9.724356349082702522e+00 0.000000000000000000e+00
9.727789484598707404e+00 0.000000000000000000e+00
9.731222620114710509e+00 0.000000000000000000e+00
9.734655755630715390e+00 0.000000000000000000e+00
9.738088891146718495e+00 0.000000000000000000e+00
9.741522026662723377e+00 0.000000000000000000e+00
9.744955162178728258e+00 0.000000000000000000e+00
9.748388297694733140e+00 0.000000000000000000e+00
9.751821433210738022e+00 0.000000000000000000e+00
9.755254568726742903e+00 0.000000000000000000e+00
9.758687704242746008e+00 0.000000000000000000e+00
9.762120839758750890e+00 0.000000000000000000e+00
9.765553975274755771e+00 0.000000000000000000e+00
9.768987110790760653e+00 0.000000000000000000e+00
9.772420246306763758e+00 0.000000000000000000e+00
9.775853381822768640e+00 0.000000000000000000e+00
9.779286517338773521e+00 0.000000000000000000e+00
9.782719652854778403e+00 0.000000000000000000e+00
9.786152788370781508e+00 0.000000000000000000e+00
9.789585923886786389e+00 0.000000000000000000e+00
9.793019059402791271e+00 0.000000000000000000e+00
9.796452194918796152e+00 0.000000000000000000e+00
9.799885330434801034e+00 0.000000000000000000e+00
9.803318465950805916e+00 0.000000000000000000e+00
9.806751601466809021e+00 0.000000000000000000e+00
9.810184736982813902e+00 0.000000000000000000e+00
9.813617872498817007e+00 0.000000000000000000e+00
9.817051008014821889e+00 0.000000000000000000e+00
9.820484143530826771e+00 0.000000000000000000e+00
9.823917279046831652e+00 0.000000000000000000e+00
9.827350414562836534e+00 0.000000000000000000e+00
9.830783550078841415e+00 0.000000000000000000e+00
9.834216685594846297e+00 0.000000000000000000e+00
9.837649821110849402e+00 0.000000000000000000e+00
9.841082956626854283e+00 0.000000000000000000e+00
9.844516092142857389e+00 0.000000000000000000e+00
9.847949227658862270e+00 0.000000000000000000e+00
9.851382363174867152e+00 0.000000000000000000e+00
9.854815498690872033e+00 0.000000000000000000e+00
9.858248634206876915e+00 0.000000000000000000e+00
9.861681769722881796e+00 0.000000000000000000e+00
9.865114905238884901e+00 0.000000000000000000e+00
9.868548040754889783e+00 0.000000000000000000e+00
9.871981176270894665e+00 0.000000000000000000e+00
9.875414311786899546e+00 0.000000000000000000e+00
9.878847447302902651e+00 0.000000000000000000e+00
9.882280582818907533e+00 0.000000000000000000e+00
9.885713718334912414e+00 0.000000000000000000e+00
9.889146853850917296e+00 0.000000000000000000e+00
9.892579989366920401e+00 0.000000000000000000e+00
9.896013124882925283e+00 0.000000000000000000e+00
9.899446260398930164e+00 0.000000000000000000e+00
9.902879395914935046e+00 0.000000000000000000e+00
9.906312531430939927e+00 0.000000000000000000e+00
9.909745666946944809e+00 0.000000000000000000e+00
9.913178802462947914e+00 0.000000000000000000e+00
9.916611937978952795e+00 0.000000000000000000e+00
9.920045073494955901e+00 0.000000000000000000e+00
9.923478209010960782e+00 0.000000000000000000e+00
9.926911344526965664e+00 0.000000000000000000e+00
9.930344480042970545e+00 0.000000000000000000e+00
9.933777615558975427e+00 0.000000000000000000e+00
9.937210751074980308e+00 0.000000000000000000e+00
9.940643886590985190e+00 0.000000000000000000e+00
9.944077022106990071e+00 0.000000000000000000e+00
9.947510157622993177e+00 0.000000000000000000e+00
9.950943293138996282e+00 0.000000000000000000e+00
9.954376428655001163e+00 0.000000000000000000e+00
9.957809564171006045e+00 0.000000000000000000e+00
9.961242699687010926e+00 0.000000000000000000e+00
9.964675835203015808e+00 0.000000000000000000e+00
9.968108970719020689e+00 0.000000000000000000e+00
9.971542106235023795e+00 0.000000000000000000e+00
9.974975241751028676e+00 0.000000000000000000e+00
9.978408377267033558e+00 0.000000000000000000e+00
9.981841512783038439e+00 0.000000000000000000e+00
9.985274648299041544e+00 0.000000000000000000e+00
9.988707783815046426e+00 0.000000000000000000e+00
9.992140919331051307e+00 0.000000000000000000e+00
9.995574054847056189e+00 0.000000000000000000e+00
9.999007190363059294e+00 0.000000000000000000e+00
1.000244032587906418e+01 0.000000000000000000e+00
1.000587346139506906e+01 0.000000000000000000e+00
1.000930659691107394e+01 0.000000000000000000e+00
1.001273973242707882e+01 0.000000000000000000e+00
1.001617286794308370e+01 0.000000000000000000e+00
1.001960600345908858e+01 0.000000000000000000e+00
1.002303913897509169e+01 0.000000000000000000e+00
1.002647227449109479e+01 0.000000000000000000e+00
1.002990541000709968e+01 0.000000000000000000e+00
1.003333854552310456e+01 0.000000000000000000e+00
1.003677168103910944e+01 0.000000000000000000e+00
1.004020481655511432e+01 0.000000000000000000e+00
1.004363795207111920e+01 0.000000000000000000e+00
1.004707108758712408e+01 0.000000000000000000e+00
1.005050422310312896e+01 0.000000000000000000e+00
1.005393735861913207e+01 0.000000000000000000e+00
1.005737049413513695e+01 0.000000000000000000e+00
1.006080362965114006e+01 0.000000000000000000e+00
1.006423676516714494e+01 0.000000000000000000e+00
1.006766990068314982e+01 0.000000000000000000e+00
1.007110303619915470e+01 0.000000000000000000e+00
1.007453617171515958e+01 0.000000000000000000e+00
1.007796930723116446e+01 0.000000000000000000e+00
1.008140244274716757e+01 0.000000000000000000e+00
1.008483557826317245e+01 0.000000000000000000e+00
1.008826871377917733e+01 0.000000000000000000e+00
1.009170184929518221e+01 0.000000000000000000e+00
1.009513498481118532e+01 0.000000000000000000e+00
1.009856812032719020e+01 0.000000000000000000e+00
1.010200125584319508e+01 0.000000000000000000e+00
1.010543439135919996e+01 0.000000000000000000e+00
1.010886752687520307e+01 0.000000000000000000e+00
1.011230066239120795e+01 0.000000000000000000e+00
1.011573379790721283e+01 0.000000000000000000e+00
1.011916693342321771e+01 0.000000000000000000e+00
1.012260006893922260e+01 0.000000000000000000e+00
1.012603320445522748e+01 0.000000000000000000e+00
1.012946633997123058e+01 0.000000000000000000e+00
1.013289947548723369e+01 0.000000000000000000e+00
1.013633261100323857e+01 0.000000000000000000e+00
1.013976574651924345e+01 0.000000000000000000e+00
1.014319888203524833e+01 0.000000000000000000e+00
1.014663201755125321e+01 0.000000000000000000e+00
1.015006515306725809e+01 0.000000000000000000e+00
1.015349828858326298e+01 0.000000000000000000e+00
1.015693142409926786e+01 0.000000000000000000e+00
1.016036455961527096e+01 0.000000000000000000e+00
1.016379769513127584e+01 0.000000000000000000e+00
1.016723083064727895e+01 0.000000000000000000e+00
1.017066396616328383e+01 0.000000000000000000e+00
1.017409710167928871e+01 0.000000000000000000e+00
1.017753023719529359e+01 0.000000000000000000e+00
1.018096337271129848e+01 0.000000000000000000e+00
1.018439650822730336e+01 0.000000000000000000e+00
1.018782964374330646e+01 0.000000000000000000e+00
1.019126277925931134e+01 0.000000000000000000e+00
1.019469591477531623e+01 0.000000000000000000e+00
1.019812905029132111e+01 0.000000000000000000e+00
1.020156218580732421e+01 0.000000000000000000e+00
1.020499532132332909e+01 0.000000000000000000e+00
1.020842845683933398e+01 0.000000000000000000e+00
1.021186159235533886e+01 0.000000000000000000e+00
1.021529472787134196e+01 0.000000000000000000e+00
1.021872786338734684e+01 0.000000000000000000e+00
1.022216099890335173e+01 0.000000000000000000e+00
1.022559413441935661e+01 0.000000000000000000e+00
1.022902726993536149e+01 0.000000000000000000e+00
1.023246040545136637e+01 0.000000000000000000e+00
1.023589354096736947e+01 0.000000000000000000e+00
1.023932667648337436e+01 0.000000000000000000e+00
1.024275981199937746e+01 0.000000000000000000e+00
1.024619294751538234e+01 0.000000000000000000e+00
1.024962608303138722e+01 0.000000000000000000e+00
1.025305921854739211e+01 0.000000000000000000e+00
1.025649235406339699e+01 0.000000000000000000e+00
1.025992548957940187e+01 0.000000000000000000e+00
1.026335862509540675e+01 0.000000000000000000e+00
1.026679176061140986e+01 0.000000000000000000e+00
1.027022489612741474e+01 0.000000000000000000e+00
1.027365803164341784e+01 0.000000000000000000e+00
1.027709116715942272e+01 0.000000000000000000e+00
1.028052430267542761e+01 0.000000000000000000e+00
1.028395743819143249e+01 0.000000000000000000e+00
1.028739057370743737e+01 0.000000000000000000e+00
1.029082370922344225e+01 0.000000000000000000e+00
1.029425684473944536e+01 0.000000000000000000e+00
1.029768998025545024e+01 0.000000000000000000e+00
