# 2theta(deg)  intensity
1.716607687905772478e-03 3.793747558593750000e+02
5.149823063717318301e-03 3.537052917480468750e+02
8.583038439528862390e-03 2.999596252441406250e+02
1.201625381534040908e-02 2.592405090332031250e+02
1.544946919115195404e-02 2.128681030273437500e+02
1.888268456696349726e-02 1.772733917236328125e+02
2.231589994277504568e-02 1.674186096191406250e+02
2.574911531858659064e-02 1.748075408935546875e+02
2.918233069439813906e-02 1.817798156738281250e+02
3.261554607020968055e-02 1.729796295166015625e+02
3.604876144602122551e-02 1.680213317871093750e+02
3.948197682183277740e-02 1.654706726074218750e+02
4.291519219764432236e-02 1.657962951660156250e+02
4.634840757345586731e-02 1.557442321777343750e+02
4.978162294926741227e-02 1.410891418457031250e+02
5.321483832507895723e-02 1.392682495117187500e+02
5.664805370089049524e-02 1.440669860839843750e+02
6.008126907670204714e-02 1.536644134521484375e+02
6.351448445251357822e-02 1.446513824462890625e+02
6.694769982832513011e-02 1.333856658935546875e+02
7.038091520413666813e-02 1.382639465332031250e+02
7.381413057994822002e-02 1.506414794921875000e+02
7.724734595575977192e-02 1.483999481201171875e+02
8.068056133157130994e-02 1.498667602539062500e+02
8.411377670738286183e-02 1.508955078125000000e+02
8.754699208319441373e-02 1.561011962890625000e+02
9.098020745900595174e-02 1.540757904052734375e+02
9.441342283481750364e-02 1.506173400878906250e+02
9.784663821062904165e-02 1.501169128417968750e+02
1.012798535864405797e-01 1.581961059570312500e+02
1.047130689622521316e-01 1.659176940917968750e+02
1.081462843380636696e-01 1.718678588867187500e+02
1.115794997138752215e-01 1.845352325439453125e+02
1.150127150896867734e-01 2.034552459716796875e+02
1.184459304654983391e-01 2.402922668457031250e+02
1.218791458413098772e-01 2.664967651367187500e+02
1.253123612171214152e-01 2.982991638183593750e+02
1.287455765929329810e-01 3.247550659179687500e+02
1.321787919687445190e-01 3.640317077636718750e+02
1.356120073445560570e-01 3.956133117675781250e+02
1.390452227203675950e-01 4.330505981445312500e+02
1.424784380961791608e-01 4.633819274902343750e+02
1.459116534719906988e-01 5.098337097167968750e+02
1.493448688478022368e-01 5.428269042968750000e+02
1.527780842236137748e-01 5.857268676757812500e+02
1.562112995994253128e-01 6.166542358398437500e+02
1.596445149752368509e-01 6.595750122070312500e+02
1.630777303510484166e-01 6.898424072265625000e+02
1.665109457268599547e-01 7.266174926757812500e+02
1.699441611026714927e-01 7.633157958984375000e+02
1.733773764784830584e-01 8.051051635742187500e+02
1.768105918542945965e-01 8.501462402343750000e+02
1.802438072301061345e-01 8.954184570312500000e+02
1.836770226059177002e-01 9.395922241210937500e+02
1.871102379817292383e-01 9.785305786132812500e+02
1.905434533575407763e-01 1.030267822265625000e+03
1.939766687333523421e-01 1.074887329101562500e+03
1.974098841091638801e-01 1.125920166015625000e+03
2.008430994849754181e-01 1.182290527343750000e+03
2.042763148607869561e-01 1.241469970703125000e+03
2.077095302365985219e-01 1.314550781250000000e+03
2.111427456124100599e-01 1.378591308593750000e+03
2.145759609882215979e-01 1.463445800781250000e+03
2.180091763640331637e-01 1.534068725585937500e+03
2.214423917398447017e-01 1.596619018554687500e+03
2.248756071156562397e-01 1.634813842773437500e+03
2.283088224914677500e-01 1.660221313476562500e+03
2.317420378672793158e-01 1.680477172851562500e+03
2.351752532430908538e-01 1.704407836914062500e+03
2.386084686189023918e-01 1.722556152343750000e+03
2.420416839947139298e-01 1.746399169921875000e+03
2.454748993705254956e-01 1.762510009765625000e+03
2.489081147463370058e-01 1.776935546875000000e+03
2.523413301221485994e-01 1.796796630859375000e+03
2.557745454979601374e-01 1.817487670898437500e+03
2.592077608737716754e-01 1.838264648437500000e+03
2.626409762495832134e-01 1.856934814453125000e+03
2.660741916253948069e-01 1.877060302734375000e+03
2.695074070012062895e-01 1.892849609375000000e+03
2.729406223770178275e-01 1.909093017578125000e+03
2.763738377528293655e-01 1.928966674804687500e+03
2.798070531286409035e-01 1.958485473632812500e+03
2.832402685044524970e-01 1.982028564453125000e+03
2.866734838802639795e-01 1.996854003906250000e+03
2.901066992560755731e-01 2.014222045898437500e+03
2.935399146318871111e-01 2.029613891601562500e+03
2.969731300076986491e-01 2.046911621093750000e+03
3.004063453835101871e-01 2.067293945312500000e+03
3.038395607593217806e-01 2.091196533203125000e+03
3.072727761351332632e-01 2.115132324218750000e+03
3.107059915109448567e-01 2.135060058593750000e+03
3.141392068867563947e-01 2.163956298828125000e+03
3.175724222625679327e-01 2.192261474609375000e+03
3.210056376383794707e-01 2.218787841796875000e+03
3.244388530141910643e-01 2.237377685546875000e+03
3.278720683900025468e-01 2.258186767578125000e+03
3.313052837658141403e-01 2.280746337890625000e+03
3.347384991416256783e-01 2.301277099609375000e+03
3.381717145174372163e-01 2.325341308593750000e+03
3.416049298932487543e-01 2.345746337890625000e+03
3.450381452690602924e-01 2.363362792968750000e+03
3.484713606448718304e-01 2.381287353515625000e+03
3.519045760206833684e-01 2.406505859375000000e+03
3.553377913964949619e-01 2.426929687500000000e+03
3.587710067723064444e-01 2.443997314453125000e+03
3.622042221481180380e-01 2.458615234375000000e+03
3.656374375239295760e-01 2.480802490234375000e+03
3.690706528997411140e-01 2.496087402343750000e+03
3.725038682755526520e-01 2.516700195312500000e+03
3.759370836513642455e-01 2.535269531250000000e+03
3.793702990271757280e-01 2.556206542968750000e+03
3.828035144029873216e-01 2.571471923828125000e+03
3.862367297787988596e-01 2.587017333984375000e+03
3.896699451546103976e-01 2.598500976562500000e+03
3.931031605304219356e-01 2.609269042968750000e+03
3.965363759062334736e-01 2.623782226562500000e+03
3.999695912820450117e-01 2.646012451171875000e+03
4.034028066578566052e-01 2.671094726562500000e+03
4.068360220336680877e-01 2.694353759765625000e+03
4.102692374094796812e-01 2.712330566406250000e+03
4.137024527852912192e-01 2.727344482421875000e+03
4.171356681611027573e-01 2.741659667968750000e+03
4.205688835369142953e-01 2.754718017578125000e+03
4.240020989127258333e-01 2.774252929687500000e+03
4.274353142885373713e-01 2.790776611328125000e+03
4.308685296643489093e-01 2.812228515625000000e+03
4.343017450401605029e-01 2.830473632812500000e+03
4.377349604159719854e-01 2.846140869140625000e+03
4.411681757917835789e-01 2.858643310546875000e+03
4.446013911675951169e-01 2.876680664062500000e+03
4.480346065434067104e-01 2.899297851562500000e+03
4.514678219192181929e-01 2.918757568359375000e+03
4.549010372950297310e-01 2.934639892578125000e+03
4.583342526708413245e-01 2.951924560546875000e+03
4.617674680466528625e-01 2.965777099609375000e+03
4.652006834224643450e-01 2.981311279296875000e+03
4.686338987982759940e-01 3.001718261718750000e+03
4.720671141740874766e-01 3.021828613281250000e+03
4.755003295498990146e-01 3.044506103515625000e+03
4.789335449257106081e-01 3.067252441406250000e+03
4.823667603015221461e-01 3.088173095703125000e+03
4.857999756773336286e-01 3.107833984375000000e+03
4.892331910531452777e-01 3.127518554687500000e+03
4.926664064289567602e-01 3.149785156250000000e+03
4.960996218047682982e-01 3.167575195312500000e+03
4.995328371805798917e-01 3.183147460937500000e+03
5.029660525563913742e-01 3.195363281250000000e+03
5.063992679322029122e-01 3.202074218750000000e+03
5.098324833080145613e-01 3.206273437500000000e+03
5.132656986838259883e-01 3.207610595703125000e+03
5.166989140596375263e-01 3.200074707031250000e+03
5.201321294354491753e-01 3.197174316406250000e+03
5.235653448112607133e-01 3.186546386718750000e+03
5.269985601870721403e-01 3.176365722656250000e+03
5.304317755628837894e-01 3.167731933593750000e+03
5.338649909386953274e-01 3.165328125000000000e+03
5.372982063145068654e-01 3.162154541015625000e+03
5.407314216903184034e-01 3.151255859375000000e+03
5.441646370661299414e-01 3.137126464843750000e+03
5.475978524419414795e-01 3.126398437500000000e+03
5.510310678177530175e-01 3.117628662109375000e+03
5.544642831935645555e-01 3.109499755859375000e+03
5.578974985693760935e-01 3.106708007812500000e+03
5.613307139451876315e-01 3.099527832031250000e+03
5.647639293209992806e-01 3.092463867187500000e+03
5.681971446968107076e-01 3.090419677734375000e+03
5.716303600726222456e-01 3.091184326171875000e+03
5.750635754484338946e-01 3.089986816406250000e+03
5.784967908242454326e-01 3.089636718750000000e+03
5.819300062000568596e-01 3.091262451171875000e+03
5.853632215758685087e-01 3.098795654296875000e+03
5.887964369516800467e-01 3.102653564453125000e+03
5.922296523274915847e-01 3.102589599609375000e+03
5.956628677033031227e-01 3.102176025390625000e+03
5.990960830791146607e-01 3.109709716796875000e+03
6.025292984549261988e-01 3.115660644531250000e+03
6.059625138307377368e-01 3.111162353515625000e+03
6.093957292065492748e-01 3.110737548828125000e+03
6.128289445823608128e-01 3.115236328125000000e+03
6.162621599581724618e-01 3.123708007812500000e+03
6.196953753339838888e-01 3.123594726562500000e+03
6.231285907097954269e-01 3.119682617187500000e+03
6.265618060856070759e-01 3.121601074218750000e+03
6.299950214614186139e-01 3.128229736328125000e+03
6.334282368372300409e-01 3.127183837890625000e+03
6.368614522130416900e-01 3.130852783203125000e+03
6.402946675888532280e-01 3.136152099609375000e+03
6.437278829646647660e-01 3.138130371093750000e+03
6.471610983404763040e-01 3.135445312500000000e+03
6.505943137162878420e-01 3.134138183593750000e+03
6.540275290920993800e-01 3.140691650390625000e+03
6.574607444679109181e-01 3.141073486328125000e+03
6.608939598437224561e-01 3.143999755859375000e+03
6.643271752195339941e-01 3.145730712890625000e+03
6.677603905953456431e-01 3.146412109375000000e+03
6.711936059711570701e-01 3.144808593750000000e+03
6.746268213469686081e-01 3.145455566406250000e+03
6.780600367227802572e-01 3.149736816406250000e+03
6.814932520985917952e-01 3.152250732421875000e+03
6.849264674744032222e-01 3.154104736328125000e+03
6.883596828502148712e-01 3.159010742187500000e+03
6.917928982260264092e-01 3.162454589843750000e+03
6.952261136018379473e-01 3.163200195312500000e+03
6.986593289776494853e-01 3.160449462890625000e+03
7.020925443534610233e-01 3.156686035156250000e+03
7.055257597292725613e-01 3.158583740234375000e+03
7.089589751050842104e-01 3.161330078125000000e+03
7.123921904808956374e-01 3.163644287109375000e+03
7.158254058567071754e-01 3.164041259765625000e+03
7.192586212325188244e-01 3.166922363281250000e+03
7.226918366083303624e-01 3.170922851562500000e+03
7.261250519841417894e-01 3.173715576171875000e+03
7.295582673599534385e-01 3.175893798828125000e+03
7.329914827357649765e-01 3.179057128906250000e+03
7.364246981115765145e-01 3.182816894531250000e+03
7.398579134873880525e-01 3.188137207031250000e+03
7.432911288631995905e-01 3.190047119140625000e+03
7.467243442390111285e-01 3.195547119140625000e+03
7.501575596148226666e-01 3.194011718750000000e+03
7.535907749906342046e-01 3.189887939453125000e+03
7.570239903664457426e-01 3.189208251953125000e+03
7.604572057422573916e-01 3.191028564453125000e+03
7.638904211180688186e-01 3.190834472656250000e+03
7.673236364938803566e-01 3.190629150390625000e+03
7.707568518696920057e-01 3.190623291015625000e+03
7.741900672455035437e-01 3.191172119140625000e+03
7.776232826213149707e-01 3.193306396484375000e+03
7.810564979971265087e-01 3.196321533203125000e+03
7.844897133729381578e-01 3.198608154296875000e+03
7.879229287487496958e-01 3.196831542968750000e+03
7.913561441245611228e-01 3.195870605468750000e+03
7.947893595003727718e-01 3.199476806640625000e+03
7.982225748761843098e-01 3.204749511718750000e+03
8.016557902519958478e-01 3.207975341796875000e+03
8.050890056278073859e-01 3.203176513671875000e+03
8.085222210036189239e-01 3.199462158203125000e+03
8.119554363794304619e-01 3.197019042968750000e+03
8.153886517552419999e-01 3.196533203125000000e+03
8.188218671310535379e-01 3.197683837890625000e+03
8.222550825068650759e-01 3.197203369140625000e+03
8.256882978826767250e-01 3.205404052734375000e+03
8.291215132584881520e-01 3.205757812500000000e+03
8.325547286342996900e-01 3.201994628906250000e+03
8.359879440101113390e-01 3.195224609375000000e+03
8.394211593859228770e-01 3.198435546875000000e+03
8.428543747617343040e-01 3.200201171875000000e+03
8.462875901375459531e-01 3.205500732421875000e+03
8.497208055133574911e-01 3.207334960937500000e+03
8.531540208891690291e-01 3.207976318359375000e+03
8.565872362649805671e-01 3.205844482421875000e+03
8.600204516407921052e-01 3.203431884765625000e+03
8.634536670166036432e-01 3.204910888671875000e+03
8.668868823924152922e-01 3.209367919921875000e+03
8.703200977682267192e-01 3.209708496093750000e+03
8.737533131440382572e-01 3.208498291015625000e+03
8.771865285198499063e-01 3.209221923828125000e+03
8.806197438956614443e-01 3.210066650390625000e+03
8.840529592714728713e-01 3.212456298828125000e+03
8.874861746472845203e-01 3.213440917968750000e+03
8.909193900230960583e-01 3.213922607421875000e+03
8.943526053989075963e-01 3.210396240234375000e+03
8.977858207747191344e-01 3.211225830078125000e+03
9.012190361505306724e-01 3.212722412109375000e+03
9.046522515263422104e-01 3.214979980468750000e+03
9.080854669021537484e-01 3.208758300781250000e+03
9.115186822779651754e-01 3.202766113281250000e+03
9.149518976537769355e-01 3.198461181640625000e+03
9.183851130295884735e-01 3.199186035156250000e+03
9.218183284053999005e-01 3.201341552734375000e+03
9.252515437812114385e-01 3.200248046875000000e+03
9.286847591570229765e-01 3.199864990234375000e+03
9.321179745328345145e-01 3.203909423828125000e+03
9.355511899086461636e-01 3.204018798828125000e+03
9.389844052844577016e-01 3.203817382812500000e+03
9.424176206602692396e-01 3.204122558593750000e+03
9.458508360360807776e-01 3.201897460937500000e+03
9.492840514118922046e-01 3.199618652343750000e+03
9.527172667877037426e-01 3.201647216796875000e+03
9.561504821635155027e-01 3.202151611328125000e+03
9.595836975393269297e-01 3.201157714843750000e+03
9.630169129151384677e-01 3.202776123046875000e+03
9.664501282909500057e-01 3.203504394531250000e+03
9.698833436667615437e-01 3.204971679687500000e+03
9.733165590425730818e-01 3.204195800781250000e+03
9.767497744183847308e-01 3.203860839843750000e+03
9.801829897941962688e-01 3.203512695312500000e+03
9.836162051700078068e-01 3.209809082031250000e+03
9.870494205458192338e-01 3.214238769531250000e+03
9.904826359216307718e-01 3.214558349609375000e+03
9.939158512974423099e-01 3.212199462890625000e+03
9.973490666732540699e-01 3.207968261718750000e+03
1.000782282049065497e+00 3.203801757812500000e+03
1.004215497424877146e+00 3.205094238281250000e+03
1.007648712800688573e+00 3.206890625000000000e+03
1.011081928176500000e+00 3.207645751953125000e+03
1.014515143552311649e+00 3.206797607421875000e+03
1.017948358928123298e+00 3.203371337890625000e+03
1.021381574303934725e+00 3.202254882812500000e+03
1.024814789679746374e+00 3.200289794921875000e+03
1.028248005055557801e+00 3.199185058593750000e+03
1.031681220431369450e+00 3.193355468750000000e+03
1.035114435807180877e+00 3.191657714843750000e+03
1.038547651182992526e+00 3.192262939453125000e+03
1.041980866558804175e+00 3.190526611328125000e+03
1.045414081934615602e+00 3.187973144531250000e+03
1.048847297310427029e+00 3.186893554687500000e+03
1.052280512686238678e+00 3.184343017578125000e+03
1.055713728062050105e+00 3.183467285156250000e+03
1.059146943437861754e+00 3.184163330078125000e+03
1.062580158813673403e+00 3.182261474609375000e+03
1.066013374189484830e+00 3.177317382812500000e+03
1.069446589565296479e+00 3.177800292968750000e+03
1.072879804941107906e+00 3.178499023437500000e+03
1.076313020316919333e+00 3.176507568359375000e+03
1.079746235692731204e+00 3.171227294921875000e+03
1.083179451068542631e+00 3.171653320312500000e+03
1.086612666444354058e+00 3.171410888671875000e+03
1.090045881820165707e+00 3.173302246093750000e+03
1.093479097195977134e+00 3.172585205078125000e+03
1.096912312571788783e+00 3.170836181640625000e+03
1.100345527947600210e+00 3.169143066406250000e+03
1.103778743323411859e+00 3.166401123046875000e+03
1.107211958699223509e+00 3.162293212890625000e+03
1.110645174075034936e+00 3.156574707031250000e+03
1.114078389450846363e+00 3.158322509765625000e+03
1.117511604826658012e+00 3.162401123046875000e+03
1.120944820202469439e+00 3.162281494140625000e+03
1.124378035578281088e+00 3.160779785156250000e+03
1.127811250954092737e+00 3.159918457031250000e+03
1.131244466329904164e+00 3.157356689453125000e+03
1.134677681705715813e+00 3.153569091796875000e+03
1.138110897081527240e+00 3.153106201171875000e+03
1.141544112457338667e+00 3.151273437500000000e+03
1.144977327833150538e+00 3.152062255859375000e+03
1.148410543208961965e+00 3.151542236328125000e+03
1.151843758584773392e+00 3.148393554687500000e+03
1.155276973960585041e+00 3.149060302734375000e+03
1.158710189336396468e+00 3.151071289062500000e+03
1.162143404712208117e+00 3.152114746093750000e+03
1.165576620088019766e+00 3.148790039062500000e+03
1.169009835463831193e+00 3.146709960937500000e+03
1.172443050839642842e+00 3.147360595703125000e+03
1.175876266215454269e+00 3.146437988281250000e+03
1.179309481591265696e+00 3.144870605468750000e+03
1.182742696967077345e+00 3.143195800781250000e+03
1.186175912342888994e+00 3.141174072265625000e+03
1.189609127718700421e+00 3.140218750000000000e+03
1.193042343094512070e+00 3.140143066406250000e+03
1.196475558470323497e+00 3.138119628906250000e+03
1.199908773846135146e+00 3.136235595703125000e+03
1.203341989221946573e+00 3.137114013671875000e+03
1.206775204597758222e+00 3.137899169921875000e+03
1.210208419973569871e+00 3.138171142578125000e+03
1.213641635349381298e+00 3.139822753906250000e+03
1.217074850725192725e+00 3.141389892578125000e+03
1.220508066101004374e+00 3.140613281250000000e+03
1.223941281476815801e+00 3.141418701171875000e+03
1.227374496852627672e+00 3.141783935546875000e+03
1.230807712228439099e+00 3.140185302734375000e+03
1.234240927604250526e+00 3.137949951171875000e+03
1.237674142980062175e+00 3.140422851562500000e+03
1.241107358355873602e+00 3.142973144531250000e+03
1.244540573731685029e+00 3.144623535156250000e+03
1.247973789107496900e+00 3.142452148437500000e+03
1.251407004483308327e+00 3.136560791015625000e+03
1.254840219859119976e+00 3.135219726562500000e+03
1.258273435234931403e+00 3.136607666015625000e+03
1.261706650610742830e+00 3.135370361328125000e+03
1.265139865986554479e+00 3.130706054687500000e+03
1.268573081362366128e+00 3.128253417968750000e+03
1.272006296738177555e+00 3.128694580078125000e+03
1.275439512113989204e+00 3.123205322265625000e+03
1.278872727489800631e+00 3.117868164062500000e+03
1.282305942865612280e+00 3.117367919921875000e+03
1.285739158241423707e+00 3.118374023437500000e+03
1.289172373617235356e+00 3.120858154296875000e+03
1.292605588993047006e+00 3.124124023437500000e+03
1.296038804368858433e+00 3.123666748046875000e+03
1.299472019744669860e+00 3.122591552734375000e+03
1.302905235120481509e+00 3.120343750000000000e+03
1.306338450496292936e+00 3.120368652343750000e+03
1.309771665872104585e+00 3.120331054687500000e+03
1.313204881247916234e+00 3.119942871093750000e+03
1.316638096623727661e+00 3.119549072265625000e+03
1.320071311999539310e+00 3.115812744140625000e+03
1.323504527375350737e+00 3.115249511718750000e+03
1.326937742751162164e+00 3.114435546875000000e+03
1.330370958126973813e+00 3.112076171875000000e+03
1.333804173502785462e+00 3.110450439453125000e+03
1.337237388878596889e+00 3.110565429687500000e+03
1.340670604254408538e+00 3.106945800781250000e+03
1.344103819630219965e+00 3.102965576171875000e+03
1.347537035006031614e+00 3.097994384765625000e+03
1.350970250381843041e+00 3.096071777343750000e+03
1.354403465757654690e+00 3.093082763671875000e+03
1.357836681133466339e+00 3.091314941406250000e+03
1.361269896509277766e+00 3.091509277343750000e+03
1.364703111885089193e+00 3.084049804687500000e+03
1.368136327260900842e+00 3.077659423828125000e+03
1.371569542636712269e+00 3.074658447265625000e+03
1.375002758012523918e+00 3.068573974609375000e+03
1.378435973388335567e+00 3.066785644531250000e+03
1.381869188764146994e+00 3.065364746093750000e+03
1.385302404139958643e+00 3.067486083984375000e+03
1.388735619515770070e+00 3.066194091796875000e+03
1.392168834891581497e+00 3.061153320312500000e+03
1.395602050267393368e+00 3.056989013671875000e+03
1.399035265643204795e+00 3.055752441406250000e+03
1.402468481019016222e+00 3.055317626953125000e+03
1.405901696394827871e+00 3.053176513671875000e+03
1.409334911770639298e+00 3.049613769531250000e+03
1.412768127146450947e+00 3.049690917968750000e+03
1.416201342522262596e+00 3.047039306640625000e+03
1.419634557898074023e+00 3.042878906250000000e+03
1.423067773273885672e+00 3.036025390625000000e+03
1.426500988649697099e+00 3.035108154296875000e+03
1.429934204025508526e+00 3.033194335937500000e+03
1.433367419401320175e+00 3.033427734375000000e+03
1.436800634777131824e+00 3.032615722656250000e+03
1.440233850152943251e+00 3.031143798828125000e+03
1.443667065528754900e+00 3.032293212890625000e+03
1.447100280904566327e+00 3.032336669921875000e+03
1.450533496280377976e+00 3.031490966796875000e+03
1.453966711656189403e+00 3.031648437500000000e+03
1.457399927032001052e+00 3.030410644531250000e+03
1.460833142407812701e+00 3.026355468750000000e+03
1.464266357783624128e+00 3.020896972656250000e+03
1.467699573159435555e+00 3.015074462890625000e+03
1.471132788535247204e+00 3.012866455078125000e+03
1.474566003911058631e+00 3.009777587890625000e+03
1.477999219286870280e+00 3.004658935546875000e+03
1.481432434662681930e+00 2.999357421875000000e+03
1.484865650038493357e+00 2.996227539062500000e+03
1.488298865414305006e+00 2.995177246093750000e+03
1.491732080790116433e+00 2.993988525390625000e+03
1.495165296165927860e+00 2.991338867187500000e+03
1.498598511541739731e+00 2.987791748046875000e+03
1.502031726917551158e+00 2.986116210937500000e+03
1.505464942293362585e+00 2.985249267578125000e+03
1.508898157669174234e+00 2.980625488281250000e+03
1.512331373044985661e+00 2.975855468750000000e+03
1.515764588420797310e+00 2.976233886718750000e+03
1.519197803796608959e+00 2.976510498046875000e+03
1.522631019172420386e+00 2.972926757812500000e+03
1.526064234548232035e+00 2.970592773437500000e+03
1.529497449924043462e+00 2.967984130859375000e+03
1.532930665299854889e+00 2.964715820312500000e+03
1.536363880675666538e+00 2.960620361328125000e+03
1.539797096051478187e+00 2.957829833984375000e+03
1.543230311427289836e+00 2.955333740234375000e+03
1.546663526803101263e+00 2.953667724609375000e+03
1.550096742178912690e+00 2.955710205078125000e+03
1.553529957554724339e+00 2.957703857421875000e+03
1.556963172930535766e+00 2.957892089843750000e+03
1.560396388306347193e+00 2.958458251953125000e+03
1.563829603682159064e+00 2.961315917968750000e+03
1.567262819057970491e+00 2.962174804687500000e+03
1.570696034433782140e+00 2.963577148437500000e+03
1.574129249809593567e+00 2.964666259765625000e+03
1.577562465185404994e+00 2.963956787109375000e+03
1.580995680561216643e+00 2.964035156250000000e+03
1.584428895937028292e+00 2.966950927734375000e+03
1.587862111312839719e+00 2.967881103515625000e+03
1.591295326688651368e+00 2.973158447265625000e+03
1.594728542064462795e+00 2.980505859375000000e+03
1.598161757440274444e+00 2.990559082031250000e+03
1.601594972816085871e+00 2.996652099609375000e+03
1.605028188191897520e+00 3.003567626953125000e+03
1.608461403567709169e+00 3.009287597656250000e+03
1.611894618943520596e+00 3.017755371093750000e+03
1.615327834319332023e+00 3.026511474609375000e+03
1.618761049695143672e+00 3.038414062500000000e+03
1.622194265070955099e+00 3.049498291015625000e+03
1.625627480446766748e+00 3.061250000000000000e+03
1.629060695822578397e+00 3.073519287109375000e+03
1.632493911198389824e+00 3.092979980468750000e+03
1.635927126574201473e+00 3.115959716796875000e+03
1.639360341950012900e+00 3.149571533203125000e+03
1.642793557325824327e+00 3.190518798828125000e+03
1.646226772701636198e+00 3.246669189453125000e+03
1.649659988077447625e+00 3.322585693359375000e+03
1.653093203453259052e+00 3.441818359375000000e+03
1.656526418829070701e+00 3.663968750000000000e+03
1.659959634204882128e+00 4.104119140625000000e+03
1.663392849580693778e+00 5.102235351562500000e+03
1.666826064956505427e+00 7.258037109375000000e+03
1.670259280332316854e+00 1.192592187500000000e+04
1.673692495708128503e+00 1.981916992187500000e+04
1.677125711083939930e+00 3.003933007812500000e+04
1.680558926459751357e+00 3.992754687500000000e+04
1.683992141835563006e+00 4.519235937500000000e+04
1.687425357211374655e+00 4.362538671875000000e+04
1.690858572587186082e+00 3.538812109375000000e+04
1.694291787962997731e+00 2.494162500000000000e+04
1.697725003338809158e+00 1.525484375000000000e+04
1.701158218714620807e+00 9.007780273437500000e+03
1.704591434090432234e+00 5.809075683593750000e+03
1.708024649466243883e+00 4.402699218750000000e+03
1.711457864842055532e+00 3.785961914062500000e+03
1.714891080217866959e+00 3.469460937500000000e+03
1.718324295593678386e+00 3.301887695312500000e+03
1.721757510969490035e+00 3.196241210937500000e+03
1.725190726345301462e+00 3.125086669921875000e+03
1.728623941721113111e+00 3.069838867187500000e+03
1.732057157096924760e+00 3.029154541015625000e+03
1.735490372472736187e+00 2.994115722656250000e+03
1.738923587848547836e+00 2.966822021484375000e+03
1.742356803224359263e+00 2.941192626953125000e+03
1.745790018600170690e+00 2.919789550781250000e+03
1.749223233975982561e+00 2.898575683593750000e+03
1.752656449351793988e+00 2.876996582031250000e+03
1.756089664727605415e+00 2.857687011718750000e+03
1.759522880103417064e+00 2.839194824218750000e+03
1.762956095479228491e+00 2.824990722656250000e+03
1.766389310855040140e+00 2.810628906250000000e+03
1.769822526230851567e+00 2.796839111328125000e+03
1.773255741606663216e+00 2.781410156250000000e+03
1.776688956982474865e+00 2.766611328125000000e+03
1.780122172358286292e+00 2.753780029296875000e+03
1.783555387734097719e+00 2.742589599609375000e+03
1.786988603109909368e+00 2.730104003906250000e+03
1.790421818485720795e+00 2.719131347656250000e+03
1.793855033861532666e+00 2.705932617187500000e+03
1.797288249237344315e+00 2.697805175781250000e+03
1.800721464613155742e+00 2.689351318359375000e+03
1.804154679988967391e+00 2.680716552734375000e+03
1.807587895364778818e+00 2.668555419921875000e+03
1.811021110740590245e+00 2.657898681640625000e+03
1.814454326116401894e+00 2.649178466796875000e+03
1.817887541492213321e+00 2.642748291015625000e+03
1.821320756868024748e+00 2.634584472656250000e+03
1.824753972243836841e+00 2.626767822265625000e+03
1.828187187619648268e+00 2.618763183593750000e+03
1.831620402995459695e+00 2.610820556640625000e+03
1.835053618371271345e+00 2.604226806640625000e+03
1.838486833747082771e+00 2.597110595703125000e+03
1.841920049122894421e+00 2.593710937500000000e+03
1.845353264498705848e+00 2.584831542968750000e+03
1.848786479874517275e+00 2.577301513671875000e+03
1.852219695250328924e+00 2.570151367187500000e+03
1.855652910626140351e+00 2.563443603515625000e+03
1.859086126001952000e+00 2.555494873046875000e+03
1.862519341377763427e+00 2.548694824218750000e+03
1.865952556753575298e+00 2.541714843750000000e+03
1.869385772129386725e+00 2.534561279296875000e+03
1.872818987505198374e+00 2.526229003906250000e+03
1.876252202881009801e+00 2.519935058593750000e+03
1.879685418256821450e+00 2.513005615234375000e+03
1.883118633632632877e+00 2.505672607421875000e+03
1.886551849008444304e+00 2.499679687500000000e+03
1.889985064384255953e+00 2.496575927734375000e+03
1.893418279760067380e+00 2.492868896484375000e+03
1.896851495135879029e+00 2.489230957031250000e+03
1.900284710511690456e+00 2.482537353515625000e+03
1.903717925887501883e+00 2.477265625000000000e+03
1.907151141263313976e+00 2.472544921875000000e+03
1.910584356639125403e+00 2.467399902343750000e+03
1.914017572014936830e+00 2.461349853515625000e+03
1.917450787390748479e+00 2.454646728515625000e+03
1.920884002766559906e+00 2.448402343750000000e+03
1.924317218142371333e+00 2.443464355468750000e+03
1.927750433518182982e+00 2.438956542968750000e+03
1.931183648893994409e+00 2.436345947265625000e+03
1.934616864269806058e+00 2.431819824218750000e+03
1.938050079645617485e+00 2.430344238281250000e+03
1.941483295021428912e+00 2.426830322265625000e+03
1.944916510397240561e+00 2.425486083984375000e+03
1.948349725773052432e+00 2.421724853515625000e+03
1.951782941148863859e+00 2.415966796875000000e+03
1.955216156524675508e+00 2.409859619140625000e+03
1.958649371900486935e+00 2.407741943359375000e+03
1.962082587276298362e+00 2.406848144531250000e+03
1.965515802652110011e+00 2.404035888671875000e+03
1.968949018027921438e+00 2.400126708984375000e+03
1.972382233403733087e+00 2.395652099609375000e+03
1.975815448779544514e+00 2.391626220703125000e+03
1.979248664155355941e+00 2.390697998046875000e+03
1.982681879531167590e+00 2.388906250000000000e+03
1.986115094906979017e+00 2.384035156250000000e+03
1.989548310282790666e+00 2.380965576171875000e+03
1.992981525658602537e+00 2.376051757812500000e+03
1.996414741034413964e+00 2.371109863281250000e+03
1.999847956410225613e+00 2.367284179687500000e+03
2.003281171786036818e+00 2.365874755859375000e+03
2.006714387161848467e+00 2.359832519531250000e+03
2.010147602537660116e+00 2.353227783203125000e+03
2.013580817913471765e+00 2.349299560546875000e+03
2.017014033289282970e+00 2.346203369140625000e+03
2.020447248665094619e+00 2.342138427734375000e+03
2.023880464040906269e+00 2.338713134765625000e+03
2.027313679416717473e+00 2.334184082031250000e+03
2.030746894792529122e+00 2.329643554687500000e+03
2.034180110168341216e+00 2.326903564453125000e+03
2.037613325544152421e+00 2.319711425781250000e+03
2.041046540919964070e+00 2.314468017578125000e+03
2.044479756295775719e+00 2.310367675781250000e+03
2.047912971671586924e+00 2.307091552734375000e+03
2.051346187047398573e+00 2.303980468750000000e+03
2.054779402423210222e+00 2.303845214843750000e+03
2.058212617799021427e+00 2.301016357421875000e+03
2.061645833174833076e+00 2.297997558593750000e+03
2.065079048550644725e+00 2.291292480468750000e+03
2.068512263926456374e+00 2.286505615234375000e+03
2.071945479302267579e+00 2.282758300781250000e+03
2.075378694678079672e+00 2.280057617187500000e+03
2.078811910053891321e+00 2.272667968750000000e+03
2.082245125429702526e+00 2.266913574218750000e+03
2.085678340805514175e+00 2.262903320312500000e+03
2.089111556181325824e+00 2.258418701171875000e+03
2.092544771557137029e+00 2.254362304687500000e+03
2.095977986932948678e+00 2.254875000000000000e+03
2.099411202308760327e+00 2.251182617187500000e+03
2.102844417684571532e+00 2.246966796875000000e+03
2.106277633060383181e+00 2.242147216796875000e+03
2.109710848436194830e+00 2.239814697265625000e+03
2.113144063812006035e+00 2.237276855468750000e+03
2.116577279187818128e+00 2.232749023437500000e+03
2.120010494563629777e+00 2.228082763671875000e+03
2.123443709939440982e+00 2.223402343750000000e+03
2.126876925315252631e+00 2.217502441406250000e+03
2.130310140691064280e+00 2.215006103515625000e+03
2.133743356066875485e+00 2.213717529296875000e+03
2.137176571442687134e+00 2.212844970703125000e+03
2.140609786818498783e+00 2.212055664062500000e+03
2.144043002194310432e+00 2.210352050781250000e+03
2.147476217570121637e+00 2.209457763671875000e+03
2.150909432945933286e+00 2.204521728515625000e+03
2.154342648321744935e+00 2.201573974609375000e+03
2.157775863697556584e+00 2.199293945312500000e+03
2.161209079073368233e+00 2.195142089843750000e+03
2.164642294449179882e+00 2.192210449218750000e+03
2.168075509824991087e+00 2.190372070312500000e+03
2.171508725200802736e+00 2.189730957031250000e+03
2.174941940576614385e+00 2.187871093750000000e+03
2.178375155952425590e+00 2.186167968750000000e+03
2.181808371328237239e+00 2.185552246093750000e+03
2.185241586704048888e+00 2.186555175781250000e+03
2.188674802079860093e+00 2.183718994140625000e+03
2.192108017455671742e+00 2.182305664062500000e+03
2.195541232831483391e+00 2.181577148437500000e+03
2.198974448207295040e+00 2.180368408203125000e+03
2.202407663583106689e+00 2.179846435546875000e+03
2.205840878958918339e+00 2.178267089843750000e+03
2.209274094334729988e+00 2.174528076171875000e+03
2.212707309710541193e+00 2.172623535156250000e+03
2.216140525086352842e+00 2.171661132812500000e+03
2.219573740462164491e+00 2.173137207031250000e+03
2.223006955837975696e+00 2.172677978515625000e+03
2.226440171213787345e+00 2.174299804687500000e+03
2.229873386589598994e+00 2.174691162109375000e+03
2.233306601965410199e+00 2.177697265625000000e+03
2.236739817341221848e+00 2.177717041015625000e+03
2.240173032717033497e+00 2.179078613281250000e+03
2.243606248092845146e+00 2.181523437500000000e+03
2.247039463468656795e+00 2.184150146484375000e+03
2.250472678844468444e+00 2.186940429687500000e+03
2.253905894220279649e+00 2.187876953125000000e+03
2.257339109596091298e+00 2.190321777343750000e+03
2.260772324971902947e+00 2.193798828125000000e+03
2.264205540347714596e+00 2.199169677734375000e+03
2.267638755723525801e+00 2.203258789062500000e+03
2.271071971099337450e+00 2.210643554687500000e+03
2.274505186475149099e+00 2.218888671875000000e+03
2.277938401850960304e+00 2.227439453125000000e+03
2.281371617226771953e+00 2.233717529296875000e+03
2.284804832602584046e+00 2.243675781250000000e+03
2.288238047978395251e+00 2.255632324218750000e+03
2.291671263354206900e+00 2.269138427734375000e+03
2.295104478730018549e+00 2.283877197265625000e+03
2.298537694105829754e+00 2.299909912109375000e+03
2.301970909481641403e+00 2.317564453125000000e+03
2.305404124857453052e+00 2.337142333984375000e+03
2.308837340233264257e+00 2.355565917968750000e+03
2.312270555609075906e+00 2.377577148437500000e+03
2.315703770984887555e+00 2.402122070312500000e+03
2.319136986360699204e+00 2.426696289062500000e+03
2.322570201736510409e+00 2.454777832031250000e+03
2.326003417112322502e+00 2.488452880859375000e+03
2.329436632488133707e+00 2.530543212890625000e+03
2.332869847863945356e+00 2.578868896484375000e+03
2.336303063239757005e+00 2.637171630859375000e+03
2.339736278615568654e+00 2.709067138671875000e+03
2.343169493991379859e+00 2.804761718750000000e+03
2.346602709367191508e+00 2.941173828125000000e+03
2.350035924743003157e+00 3.149306396484375000e+03
2.353469140118814362e+00 3.502416992187500000e+03
2.356902355494626011e+00 4.146776367187500000e+03
2.360335570870437660e+00 5.534293945312500000e+03
2.363768786246248865e+00 8.595313476562500000e+03
2.367202001622060958e+00 1.515526464843750000e+04
2.370635216997872607e+00 2.724892968750000000e+04
2.374068432373683812e+00 4.513651171875000000e+04
2.377501647749495461e+00 6.418117187500000000e+04
2.380934863125307110e+00 7.756680468750000000e+04
2.384368078501118315e+00 7.922048437500000000e+04
2.387801293876929964e+00 6.747648437500000000e+04
2.391234509252741613e+00 4.888907421875000000e+04
2.394667724628553263e+00 2.966659570312500000e+04
2.398100940004364467e+00 1.634879101562500000e+04
2.401534155380176117e+00 9.215936523437500000e+03
2.404967370755987766e+00 5.811249511718750000e+03
2.408400586131799415e+00 4.298312011718750000e+03
2.411833801507611064e+00 3.553844482421875000e+03
2.415267016883422713e+00 3.164604248046875000e+03
2.418700232259233918e+00 2.930438232421875000e+03
2.422133447635045567e+00 2.774435546875000000e+03
2.425566663010857216e+00 2.657634521484375000e+03
2.428999878386668421e+00 2.569845703125000000e+03
2.432433093762480070e+00 2.504351074218750000e+03
2.435866309138291719e+00 2.445736083984375000e+03
2.439299524514102924e+00 2.394295654296875000e+03
2.442732739889914573e+00 2.352401367187500000e+03
2.446165955265726222e+00 2.314618652343750000e+03
2.449599170641537871e+00 2.280686035156250000e+03
2.453032386017349520e+00 2.246648681640625000e+03
2.456465601393161169e+00 2.216498535156250000e+03
2.459898816768972818e+00 2.186443847656250000e+03
2.463332032144784023e+00 2.159176025390625000e+03
2.466765247520595672e+00 2.131779541015625000e+03
2.470198462896407321e+00 2.109092041015625000e+03
2.473631678272218526e+00 2.088108642578125000e+03
2.477064893648030175e+00 2.068907958984375000e+03
2.480498109023841824e+00 2.048163818359375000e+03
2.483931324399653029e+00 2.027838500976562500e+03
2.487364539775464678e+00 2.010390380859375000e+03
2.490797755151276327e+00 1.995004150390625000e+03
2.494230970527087976e+00 1.981181884765625000e+03
2.497664185902899625e+00 1.967253784179687500e+03
2.501097401278711274e+00 1.953938232421875000e+03
2.504530616654522479e+00 1.938632934570312500e+03
2.507963832030334128e+00 1.926270019531250000e+03
2.511397047406145777e+00 1.916009399414062500e+03
2.514830262781957426e+00 1.907379760742187500e+03
2.518263478157768631e+00 1.899599975585937500e+03
2.521696693533580280e+00 1.888259155273437500e+03
2.525129908909391929e+00 1.876642700195312500e+03
2.528563124285203134e+00 1.866011108398437500e+03
2.531996339661014783e+00 1.857598144531250000e+03
2.535429555036826876e+00 1.851213989257812500e+03
2.538862770412638081e+00 1.844950317382812500e+03
2.542295985788449730e+00 1.839904907226562500e+03
2.545729201164261379e+00 1.832274414062500000e+03
2.549162416540072584e+00 1.824867065429687500e+03
2.552595631915884233e+00 1.815842041015625000e+03
2.556028847291695882e+00 1.806965332031250000e+03
2.559462062667507087e+00 1.797859252929687500e+03
2.562895278043318736e+00 1.791811523437500000e+03
2.566328493419130385e+00 1.783542602539062500e+03
2.569761708794941590e+00 1.777598266601562500e+03
2.573194924170753239e+00 1.773167724609375000e+03
2.576628139546565333e+00 1.767668212890625000e+03
2.580061354922376538e+00 1.761009033203125000e+03
2.583494570298188187e+00 1.755262573242187500e+03
2.586927785673999836e+00 1.751666381835937500e+03
2.590361001049811485e+00 1.748807373046875000e+03
2.593794216425622690e+00 1.744646728515625000e+03
2.597227431801434339e+00 1.738359619140625000e+03
2.600660647177245988e+00 1.732864135742187500e+03
2.604093862553057193e+00 1.727688476562500000e+03
2.607527077928868842e+00 1.723527465820312500e+03
2.610960293304680491e+00 1.717733520507812500e+03
2.614393508680491696e+00 1.713013427734375000e+03
2.617826724056303789e+00 1.707963745117187500e+03
2.621259939432115438e+00 1.704036499023437500e+03
2.624693154807926643e+00 1.698875976562500000e+03
2.628126370183738292e+00 1.697217895507812500e+03
2.631559585559549941e+00 1.693795654296875000e+03
2.634992800935361146e+00 1.690406738281250000e+03
2.638426016311172795e+00 1.684689575195312500e+03
2.641859231686984444e+00 1.680901245117187500e+03
2.645292447062796093e+00 1.676984008789062500e+03
2.648725662438607298e+00 1.675125854492187500e+03
2.652158877814418947e+00 1.669683105468750000e+03
2.655592093190230596e+00 1.665860717773437500e+03
2.659025308566041801e+00 1.662709960937500000e+03
2.662458523941853894e+00 1.660085571289062500e+03
2.665891739317665543e+00 1.656885131835937500e+03
2.669324954693476748e+00 1.653062011718750000e+03
2.672758170069288397e+00 1.649047119140625000e+03
2.676191385445100046e+00 1.646151245117187500e+03
2.679624600820911251e+00 1.644501708984375000e+03
2.683057816196722900e+00 1.640791381835937500e+03
2.686491031572534549e+00 1.637246704101562500e+03
2.689924246948345754e+00 1.634215087890625000e+03
2.693357462324157403e+00 1.632352539062500000e+03
2.696790677699969052e+00 1.630146972656250000e+03
2.700223893075780701e+00 1.628076660156250000e+03
2.703657108451592350e+00 1.624556152343750000e+03
2.707090323827403999e+00 1.622575073242187500e+03
2.710523539203215204e+00 1.621402587890625000e+03
2.713956754579026853e+00 1.619510986328125000e+03
2.717389969954838502e+00 1.616848022460937500e+03
2.720823185330650151e+00 1.614528198242187500e+03
2.724256400706461356e+00 1.612591064453125000e+03
2.727689616082273005e+00 1.610514892578125000e+03
2.731122831458084654e+00 1.609317993164062500e+03
2.734556046833895859e+00 1.605107543945312500e+03
2.737989262209707508e+00 1.601695434570312500e+03
2.741422477585519157e+00 1.599508178710937500e+03
2.744855692961330806e+00 1.600477050781250000e+03
2.748288908337142455e+00 1.600474975585937500e+03
2.751722123712954104e+00 1.600822998046875000e+03
2.755155339088765309e+00 1.599427490234375000e+03
2.758588554464576958e+00 1.596656250000000000e+03
2.762021769840388608e+00 1.592869995117187500e+03
2.765454985216199812e+00 1.591171630859375000e+03
2.768888200592011462e+00 1.591823730468750000e+03
2.772321415967823111e+00 1.591753417968750000e+03
2.775754631343634760e+00 1.590258178710937500e+03
2.779187846719445965e+00 1.588824218750000000e+03
2.782621062095257614e+00 1.588364501953125000e+03
2.786054277471069707e+00 1.588499145507812500e+03
2.789487492846880912e+00 1.589860961914062500e+03
2.792920708222692561e+00 1.591742431640625000e+03
2.796353923598504210e+00 1.593972167968750000e+03
2.799787138974315415e+00 1.594104003906250000e+03
2.803220354350127064e+00 1.594297851562500000e+03
2.806653569725938713e+00 1.594937622070312500e+03
2.810086785101749918e+00 1.595929809570312500e+03
2.813520000477561567e+00 1.598668334960937500e+03
2.816953215853373216e+00 1.602338745117187500e+03
2.820386431229184421e+00 1.606909057617187500e+03
2.823819646604996070e+00 1.608724609375000000e+03
2.827252861980808163e+00 1.612288208007812500e+03
2.830686077356619368e+00 1.618236694335937500e+03
2.834119292732431017e+00 1.627033813476562500e+03
2.837552508108242666e+00 1.636147216796875000e+03
2.840985723484054315e+00 1.645324584960937500e+03
2.844418938859865520e+00 1.652821411132812500e+03
2.847852154235677169e+00 1.660356689453125000e+03
2.851285369611488818e+00 1.669042846679687500e+03
2.854718584987300023e+00 1.679224243164062500e+03
2.858151800363111672e+00 1.691159545898437500e+03
2.861585015738923321e+00 1.707768676757812500e+03
2.865018231114734526e+00 1.726812744140625000e+03
2.868451446490546175e+00 1.748578125000000000e+03
2.871884661866358268e+00 1.773557861328125000e+03
2.875317877242169473e+00 1.807505981445312500e+03
2.878751092617981122e+00 1.852008666992187500e+03
2.882184307993792771e+00 1.914180297851562500e+03
2.885617523369603976e+00 2.003467529296875000e+03
2.889050738745415625e+00 2.155669677734375000e+03
2.892483954121227274e+00 2.434973388671875000e+03
2.895917169497038923e+00 3.043119628906250000e+03
2.899350384872850128e+00 4.295405273437500000e+03
2.902783600248661777e+00 6.972435546875000000e+03
2.906216815624473426e+00 1.197997949218750000e+04
2.909650031000284631e+00 1.927098632812500000e+04
2.913083246376096724e+00 2.775364843750000000e+04
2.916516461751908373e+00 3.364376562500000000e+04
2.919949677127719578e+00 3.512539062500000000e+04
2.923382892503531227e+00 3.078190429687500000e+04
2.926816107879342876e+00 2.283188281250000000e+04
2.930249323255154081e+00 1.451733007812500000e+04
2.933682538630965730e+00 8.435091796875000000e+03
2.937115754006777379e+00 5.118379882812500000e+03
2.940548969382588584e+00 3.410691162109375000e+03
2.943982184758400233e+00 2.642086914062500000e+03
2.947415400134211882e+00 2.242425292968750000e+03
2.950848615510023532e+00 2.044265869140625000e+03
2.954281830885835181e+00 1.927205932617187500e+03
2.957715046261646830e+00 1.851418945312500000e+03
2.961148261637458035e+00 1.794997558593750000e+03
2.964581477013269684e+00 1.749170776367187500e+03
2.968014692389081333e+00 1.713875610351562500e+03
2.971447907764892982e+00 1.685448852539062500e+03
2.974881123140704187e+00 1.661170898437500000e+03
2.978314338516515836e+00 1.640282592773437500e+03
2.981747553892327485e+00 1.622229248046875000e+03
2.985180769268138690e+00 1.604712890625000000e+03
2.988613984643950339e+00 1.587766479492187500e+03
2.992047200019761988e+00 1.571008544921875000e+03
2.995480415395573637e+00 1.554261230468750000e+03
2.998913630771385286e+00 1.539363647460937500e+03
3.002346846147196935e+00 1.526724975585937500e+03
3.005780061523008140e+00 1.517236083984375000e+03
3.009213276898819789e+00 1.505848632812500000e+03
3.012646492274631438e+00 1.492672607421875000e+03
3.016079707650442643e+00 1.481559570312500000e+03
3.019512923026254292e+00 1.472780029296875000e+03
3.022946138402065941e+00 1.465211059570312500e+03
3.026379353777877590e+00 1.457701416015625000e+03
3.029812569153688795e+00 1.450281494140625000e+03
3.033245784529500444e+00 1.443161499023437500e+03
3.036678999905312537e+00 1.436917114257812500e+03
3.040112215281123742e+00 1.430602905273437500e+03
3.043545430656935391e+00 1.423852416992187500e+03
3.046978646032747040e+00 1.417686401367187500e+03
3.050411861408558245e+00 1.412978271484375000e+03
3.053845076784369894e+00 1.406350708007812500e+03
3.057278292160181543e+00 1.402988159179687500e+03
3.060711507535992748e+00 1.398543334960937500e+03
3.064144722911804397e+00 1.394687866210937500e+03
3.067577938287616046e+00 1.391289062500000000e+03
3.071011153663427251e+00 1.389712036132812500e+03
3.074444369039238900e+00 1.385685302734375000e+03
3.077877584415050993e+00 1.382722534179687500e+03
3.081310799790862198e+00 1.379773925781250000e+03
3.084744015166673847e+00 1.375550903320312500e+03
3.088177230542485496e+00 1.372398193359375000e+03
3.091610445918297145e+00 1.369226562500000000e+03
3.095043661294108350e+00 1.365370361328125000e+03
3.098476876669919999e+00 1.360362182617187500e+03
3.101910092045731648e+00 1.358481445312500000e+03
3.105343307421542853e+00 1.357547729492187500e+03
3.108776522797354502e+00 1.358309326171875000e+03
3.112209738173166151e+00 1.361125488281250000e+03
3.115642953548977356e+00 1.364826782226562500e+03
3.119076168924789005e+00 1.369058349609375000e+03
3.122509384300601099e+00 1.372334106445312500e+03
3.125942599676412303e+00 1.375635742187500000e+03
3.129375815052223953e+00 1.375447509765625000e+03
3.132809030428035602e+00 1.370224975585937500e+03
3.136242245803846806e+00 1.363240966796875000e+03
3.139675461179658456e+00 1.354283569335937500e+03
3.143108676555470105e+00 1.345222290039062500e+03
3.146541891931281754e+00 1.336575561523437500e+03
3.149975107307092959e+00 1.329458984375000000e+03
3.153408322682904608e+00 1.326668701171875000e+03
3.156841538058716257e+00 1.324227661132812500e+03
3.160274753434527462e+00 1.321651367187500000e+03
3.163707968810339555e+00 1.318516845703125000e+03
3.167141184186151204e+00 1.315419189453125000e+03
3.170574399561962409e+00 1.312887817382812500e+03
3.174007614937774058e+00 1.311433349609375000e+03
3.177440830313585707e+00 1.310497680664062500e+03
3.180874045689396912e+00 1.308297363281250000e+03
3.184307261065208561e+00 1.306447143554687500e+03
3.187740476441020210e+00 1.304667114257812500e+03
3.191173691816831415e+00 1.304733398437500000e+03
3.194606907192643064e+00 1.303294799804687500e+03
3.198040122568454713e+00 1.298333129882812500e+03
3.201473337944265918e+00 1.296685913085937500e+03
3.204906553320078011e+00 1.295250976562500000e+03
3.208339768695889660e+00 1.295786010742187500e+03
3.211772984071700865e+00 1.294614135742187500e+03
3.215206199447512514e+00 1.294171875000000000e+03
3.218639414823324163e+00 1.292953125000000000e+03
3.222072630199135812e+00 1.291517578125000000e+03
3.225505845574947017e+00 1.290897216796875000e+03
3.228939060950758666e+00 1.291704223632812500e+03
3.232372276326570315e+00 1.292644165039062500e+03
3.235805491702381520e+00 1.290082397460937500e+03
3.239238707078193169e+00 1.289700439453125000e+03
3.242671922454004818e+00 1.290950927734375000e+03
3.246105137829816467e+00 1.291610473632812500e+03
3.249538353205628116e+00 1.292197387695312500e+03
3.252971568581439765e+00 1.291745605468750000e+03
3.256404783957250970e+00 1.291271972656250000e+03
3.259837999333062619e+00 1.292472045898437500e+03
3.263271214708874268e+00 1.295296142578125000e+03
3.266704430084685473e+00 1.297351806640625000e+03
3.270137645460497122e+00 1.298567504882812500e+03
3.273570860836308771e+00 1.299598876953125000e+03
3.277004076212120420e+00 1.301523315429687500e+03
3.280437291587931625e+00 1.301799072265625000e+03
3.283870506963743274e+00 1.305518676757812500e+03
3.287303722339555367e+00 1.308973144531250000e+03
3.290736937715366572e+00 1.314211669921875000e+03
3.294170153091178221e+00 1.318915161132812500e+03
3.297603368466989870e+00 1.323649291992187500e+03
3.301036583842801075e+00 1.327664062500000000e+03
3.304469799218612724e+00 1.331890258789062500e+03
3.307903014594424373e+00 1.335743041992187500e+03
3.311336229970235578e+00 1.341836059570312500e+03
3.314769445346047227e+00 1.349816894531250000e+03
3.318202660721858877e+00 1.360466308593750000e+03
3.321635876097670081e+00 1.373137573242187500e+03
3.325069091473481731e+00 1.389400024414062500e+03
3.328502306849293380e+00 1.408829833984375000e+03
3.331935522225105029e+00 1.434424804687500000e+03
3.335368737600916678e+00 1.472104614257812500e+03
3.338801952976728327e+00 1.534183593750000000e+03
3.342235168352539532e+00 1.643714477539062500e+03
3.345668383728351181e+00 1.865511352539062500e+03
3.349101599104162830e+00 2.336468994140625000e+03
3.352534814479974479e+00 3.402894531250000000e+03
3.355968029855785684e+00 5.493924316406250000e+03
3.359401245231597333e+00 9.095972656250000000e+03
3.362834460607408982e+00 1.368786132812500000e+04
3.366267675983220187e+00 1.766277734375000000e+04
3.369700891359031836e+00 1.917110156250000000e+04
3.373134106734843929e+00 1.830221679687500000e+04
3.376567322110655134e+00 1.470512890625000000e+04
3.380000537486466783e+00 1.048319628906250000e+04
3.383433752862278432e+00 6.552335937500000000e+03
3.386866968238089637e+00 4.107973144531250000e+03
3.390300183613901286e+00 2.761951171875000000e+03
3.393733398989712935e+00 2.088607666015625000e+03
3.397166614365524140e+00 1.759249023437500000e+03
3.400599829741335789e+00 1.585706542968750000e+03
3.404033045117147438e+00 1.497043701171875000e+03
3.407466260492959087e+00 1.445264038085937500e+03
3.410899475868770292e+00 1.410080688476562500e+03
3.414332691244582385e+00 1.383786376953125000e+03
3.417765906620394034e+00 1.363668212890625000e+03
3.421199121996205239e+00 1.349019531250000000e+03
3.424632337372016888e+00 1.336863281250000000e+03
3.428065552747828537e+00 1.326402099609375000e+03
3.431498768123639742e+00 1.317062988281250000e+03
3.434931983499451391e+00 1.307627319335937500e+03
3.438365198875263040e+00 1.298967773437500000e+03
3.441798414251074245e+00 1.292091552734375000e+03
3.445231629626885894e+00 1.286117553710937500e+03
3.448664845002697543e+00 1.280720336914062500e+03
3.452098060378508748e+00 1.273294799804687500e+03
3.455531275754320841e+00 1.265452880859375000e+03
3.458964491130132490e+00 1.257547363281250000e+03
3.462397706505943695e+00 1.250431274414062500e+03
3.465830921881755344e+00 1.242512939453125000e+03
3.469264137257566993e+00 1.234359497070312500e+03
3.472697352633378642e+00 1.228435058593750000e+03
3.476130568009189847e+00 1.225518066406250000e+03
3.479563783385001496e+00 1.222543212890625000e+03
3.482996998760813145e+00 1.219025756835937500e+03
3.486430214136624350e+00 1.216024291992187500e+03
3.489863429512435999e+00 1.212453491210937500e+03
3.493296644888247648e+00 1.208134399414062500e+03
3.496729860264059297e+00 1.204567016601562500e+03
3.500163075639870947e+00 1.201273559570312500e+03
3.503596291015682596e+00 1.197105224609375000e+03
3.507029506391493801e+00 1.194869262695312500e+03
3.510462721767305450e+00 1.193417480468750000e+03
3.513895937143117099e+00 1.193537841796875000e+03
3.517329152518928304e+00 1.192197509765625000e+03
3.520762367894739953e+00 1.188257080078125000e+03
3.524195583270551602e+00 1.184721557617187500e+03
3.527628798646363251e+00 1.185002563476562500e+03
3.531062014022174456e+00 1.184733154296875000e+03
3.534495229397986105e+00 1.183722167968750000e+03
3.537928444773797754e+00 1.180618164062500000e+03
3.541361660149609403e+00 1.178629516601562500e+03
3.544794875525421052e+00 1.175994262695312500e+03
3.548228090901232701e+00 1.173913452148437500e+03
3.551661306277043906e+00 1.173565307617187500e+03
3.555094521652855555e+00 1.174296142578125000e+03
3.558527737028667204e+00 1.175120971679687500e+03
3.561960952404478409e+00 1.175976684570312500e+03
3.565394167780290058e+00 1.174541625976562500e+03
3.568827383156101707e+00 1.173172973632812500e+03
3.572260598531912912e+00 1.173210083007812500e+03
3.575693813907724561e+00 1.174007812500000000e+03
3.579127029283536210e+00 1.173575561523437500e+03
3.582560244659347859e+00 1.172718627929687500e+03
3.585993460035159064e+00 1.171770751953125000e+03
3.589426675410970269e+00 1.171872680664062500e+03
3.592859890786782362e+00 1.167781127929687500e+03
3.596293106162593123e+00 1.153592285156250000e+03
3.599726321538405216e+00 1.155952148437500000e+03
3.603159536914217309e+00 1.161783935546875000e+03
3.606592752290028070e+00 1.175982421875000000e+03
3.610025967665840163e+00 1.175123657226562500e+03
3.613459183041651368e+00 1.176362426757812500e+03
3.616892398417463017e+00 1.177597045898437500e+03
3.620325613793274222e+00 1.179120605468750000e+03
3.623758829169086315e+00 1.181177124023437500e+03
3.627192044544897520e+00 1.183215820312500000e+03
3.630625259920709169e+00 1.185289550781250000e+03
3.634058475296520374e+00 1.187192382812500000e+03
3.637491690672332023e+00 1.189720581054687500e+03
3.640924906048143228e+00 1.191826782226562500e+03
3.644358121423955321e+00 1.195030273437500000e+03
3.647791336799766970e+00 1.198990478515625000e+03
3.651224552175578175e+00 1.203785034179687500e+03
3.654657767551390268e+00 1.207322998046875000e+03
3.658090982927201473e+00 1.211110961914062500e+03
3.661524198303013122e+00 1.215181396484375000e+03
3.664957413678824327e+00 1.219734985351562500e+03
3.668390629054636420e+00 1.227220214843750000e+03
3.671823844430447181e+00 1.236146240234375000e+03
3.675257059806259274e+00 1.245533935546875000e+03
3.678690275182070479e+00 1.253053466796875000e+03
3.682123490557882128e+00 1.262750732421875000e+03
3.685556705933694221e+00 1.273662475585937500e+03
3.688989921309505426e+00 1.287145385742187500e+03
3.692423136685317075e+00 1.297434448242187500e+03
3.695856352061128280e+00 1.309851318359375000e+03
3.699289567436940374e+00 1.323655273437500000e+03
3.702722782812751579e+00 1.340850097656250000e+03
3.706155998188563228e+00 1.359001831054687500e+03
3.709589213564374433e+00 1.378792358398437500e+03
3.713022428940186526e+00 1.401850463867187500e+03
3.716455644315997286e+00 1.428854614257812500e+03
3.719888859691809380e+00 1.461981933593750000e+03
3.723322075067620585e+00 1.502501953125000000e+03
3.726755290443432234e+00 1.556635009765625000e+03
3.730188505819244327e+00 1.624119506835937500e+03
3.733621721195055532e+00 1.724833129882812500e+03
3.737054936570867181e+00 1.874567504882812500e+03
3.740488151946678386e+00 2.163500488281250000e+03
3.743921367322490479e+00 2.677917968750000000e+03
3.747354582698301240e+00 3.925705810546875000e+03
3.750787798074113333e+00 6.312088378906250000e+03
3.754221013449924538e+00 1.170344140625000000e+04
3.757654228825736187e+00 1.947498828125000000e+04
3.761087444201547392e+00 3.026740820312500000e+04
3.764520659577359485e+00 4.006812500000000000e+04
3.767953874953170690e+00 4.528765625000000000e+04
3.771387090328982339e+00 4.292055468750000000e+04
3.774820305704794432e+00 3.429099609375000000e+04
3.778253521080605637e+00 2.301309765625000000e+04
3.781686736456417286e+00 1.370917480468750000e+04
3.785119951832228491e+00 7.796442871093750000e+03
3.788553167208040584e+00 4.713264648437500000e+03
3.791986382583851345e+00 3.135322998046875000e+03
3.795419597959663438e+00 2.385645019531250000e+03
3.798852813335474643e+00 1.995192626953125000e+03
3.802286028711286292e+00 1.790813842773437500e+03
3.805719244087097497e+00 1.665526000976562500e+03
3.809152459462909590e+00 1.584020019531250000e+03
3.812585674838721239e+00 1.520359375000000000e+03
3.816018890214532444e+00 1.473949218750000000e+03
3.819452105590344537e+00 1.436469726562500000e+03
3.822885320966155742e+00 1.404584472656250000e+03
3.826318536341967391e+00 1.372717407226562500e+03
3.829751751717778596e+00 1.345056762695312500e+03
3.833184967093590245e+00 1.322088012695312500e+03
3.836618182469401450e+00 1.300921264648437500e+03
3.840051397845213543e+00 1.282904174804687500e+03
3.843484613221024748e+00 1.266200073242187500e+03
3.846917828596836397e+00 1.250100463867187500e+03
3.850351043972647602e+00 1.233803466796875000e+03
3.853784259348459695e+00 1.219045776367187500e+03
3.857217474724271344e+00 1.205043701171875000e+03
3.860650690100082549e+00 1.193267578125000000e+03
3.864083905475894642e+00 1.182569946289062500e+03
3.867517120851705403e+00 1.171541015625000000e+03
3.870950336227517496e+00 1.160666015625000000e+03
3.874383551603328701e+00 1.151011840820312500e+03
3.877816766979140350e+00 1.141884521484375000e+03
3.881249982354951555e+00 1.135070922851562500e+03
3.884683197730763649e+00 1.128121948242187500e+03
3.888116413106574853e+00 1.123194824218750000e+03
3.891549628482386503e+00 1.116792724609375000e+03
3.894982843858198596e+00 1.110822631835937500e+03
3.898416059234009801e+00 1.103472045898437500e+03
3.901849274609821450e+00 1.098159667968750000e+03
3.905282489985632655e+00 1.094228759765625000e+03
3.908715705361444748e+00 1.090499877929687500e+03
3.912148920737255509e+00 1.086542236328125000e+03
3.915582136113067602e+00 1.082744384765625000e+03
3.919015351488878807e+00 1.080004882812500000e+03
3.922448566864690456e+00 1.074509643554687500e+03
3.925881782240501661e+00 1.071042968750000000e+03
3.929314997616313754e+00 1.069165161132812500e+03
3.932748212992124515e+00 1.067953979492187500e+03
3.936181428367936608e+00 1.066840820312500000e+03
3.939614643743748701e+00 1.064996948242187500e+03
3.943047859119559462e+00 1.062712158203125000e+03
3.946481074495371555e+00 1.060350585937500000e+03
3.949914289871182760e+00 1.059115600585937500e+03
3.953347505246994409e+00 1.057676025390625000e+03
3.956780720622805614e+00 1.055690429687500000e+03
3.960213935998617707e+00 1.054078491210937500e+03
3.963647151374428912e+00 1.052411010742187500e+03
3.967080366750240561e+00 1.054000366210937500e+03
3.970513582126051766e+00 1.053975463867187500e+03
3.973946797501863859e+00 1.052665283203125000e+03
3.977380012877674620e+00 1.049680908203125000e+03
3.980813228253486713e+00 1.048909545898437500e+03
3.984246443629298806e+00 1.049880615234375000e+03
3.987679659005109567e+00 1.048808349609375000e+03
3.991112874380921660e+00 1.048041015625000000e+03
3.994546089756732865e+00 1.048712280273437500e+03
3.997979305132544514e+00 1.049493896484375000e+03
4.001412520508355719e+00 1.050116577148437500e+03
4.004845735884167368e+00 1.051452514648437500e+03
4.008278951259979017e+00 1.054568847656250000e+03
4.011712166635790666e+00 1.055161499023437500e+03
4.015145382011601427e+00 1.056030029296875000e+03
4.018578597387413964e+00 1.056686157226562500e+03
4.022011812763225613e+00 1.059320678710937500e+03
4.025445028139036374e+00 1.062434326171875000e+03
4.028878243514848911e+00 1.065647216796875000e+03
4.032311458890659672e+00 1.068236083984375000e+03
4.035744674266471321e+00 1.072535644531250000e+03
4.039177889642282970e+00 1.076182983398437500e+03
4.042611105018094619e+00 1.080718383789062500e+03
4.046044320393906268e+00 1.086238769531250000e+03
4.049477535769717917e+00 1.091701049804687500e+03
4.052910751145528678e+00 1.097146728515625000e+03
4.056343966521341216e+00 1.103136840820312500e+03
4.059777181897151976e+00 1.111113403320312500e+03
4.063210397272963625e+00 1.118322875976562500e+03
4.066643612648776163e+00 1.127705444335937500e+03
4.070076828024586924e+00 1.138308715820312500e+03
4.073510043400398573e+00 1.151055053710937500e+03
4.076943258776210222e+00 1.165830688476562500e+03
4.080376474152021871e+00 1.184706542968750000e+03
4.083809689527832631e+00 1.207365112304687500e+03
4.087242904903645169e+00 1.237620483398437500e+03
4.090676120279455930e+00 1.275493041992187500e+03
4.094109335655267579e+00 1.330932739257812500e+03
4.097542551031079228e+00 1.421161010742187500e+03
4.100975766406890877e+00 1.585939575195312500e+03
4.104408981782702526e+00 1.911677734375000000e+03
4.107842197158514175e+00 2.611171875000000000e+03
4.111275412534325824e+00 4.083229003906250000e+03
4.114708627910136585e+00 6.887962402343750000e+03
4.118141843285949122e+00 1.133853417968750000e+04
4.121575058661759883e+00 1.660492578125000000e+04
4.125008274037571532e+00 2.139621679687500000e+04
4.128441489413383181e+00 2.363745507812500000e+04
4.131874704789194830e+00 2.222021093750000000e+04
4.135307920165005591e+00 1.772178906250000000e+04
4.138741135540818128e+00 1.224166015625000000e+04
4.142174350916628889e+00 7.646546875000000000e+03
4.145607566292440538e+00 4.552095214843750000e+03
4.149040781668253075e+00 2.964535156250000000e+03
4.152473997044063836e+00 2.119148925781250000e+03
4.155907212419875485e+00 1.689590942382812500e+03
4.159340427795687134e+00 1.474321411132812500e+03
4.162773643171498783e+00 1.360590087890625000e+03
4.166206858547310432e+00 1.291406738281250000e+03
4.169640073923122081e+00 1.244295166015625000e+03
4.173073289298932842e+00 1.209741699218750000e+03
4.176506504674744491e+00 1.183008789062500000e+03
4.179939720050556140e+00 1.162502563476562500e+03
4.183372935426367789e+00 1.144968994140625000e+03
4.186806150802179438e+00 1.130142578125000000e+03
4.190239366177991087e+00 1.115841918945312500e+03
4.193672581553802736e+00 1.101559448242187500e+03
4.197105796929614385e+00 1.089725341796875000e+03
4.200539012305426034e+00 1.079834106445312500e+03
4.203972227681236795e+00 1.071348999023437500e+03
4.207405443057049332e+00 1.062046875000000000e+03
4.210838658432860093e+00 1.051664428710937500e+03
4.214271873808671742e+00 1.042646972656250000e+03
4.217705089184483391e+00 1.036900268554687500e+03
4.221138304560295040e+00 1.029817993164062500e+03
4.224571519936105801e+00 1.017821838378906250e+03
4.228004735311918338e+00 1.009424377441406250e+03
4.231437950687729987e+00 1.003118774414062500e+03
4.234871166063540748e+00 1.002791687011718750e+03
4.238304381439353286e+00 9.986998901367187500e+02
4.241737596815164046e+00 9.943637084960937500e+02
4.245170812190975695e+00 9.901274414062500000e+02
4.248604027566787344e+00 9.862586059570312500e+02
4.252037242942598994e+00 9.830317382812500000e+02
4.255470458318409754e+00 9.796729736328125000e+02
4.258903673694222292e+00 9.760355224609375000e+02
4.262336889070033052e+00 9.742672119140625000e+02
4.265770104445844702e+00 9.725428466796875000e+02
4.269203319821656351e+00 9.690393066406250000e+02
4.272636535197468000e+00 9.661899414062500000e+02
4.276069750573279649e+00 9.642503051757812500e+02
4.279502965949091298e+00 9.625195312500000000e+02
4.282936181324902947e+00 9.601582641601562500e+02
4.286369396700713708e+00 9.573685302734375000e+02
4.289802612076526245e+00 9.556849975585937500e+02
4.293235827452337006e+00 9.544948120117187500e+02
4.296669042828148655e+00 9.532685546875000000e+02
4.300102258203960304e+00 9.521264038085937500e+02
4.303535473579771953e+00 9.487374877929687500e+02
4.306968688955583602e+00 9.460915527343750000e+02
4.310401904331395251e+00 9.445691528320312500e+02
4.313835119707206900e+00 9.445651855468750000e+02
4.317268335083018549e+00 9.440550537109375000e+02
4.320701550458830198e+00 9.423378906250000000e+02
4.324134765834640959e+00 9.398505859375000000e+02
4.327567981210453496e+00 9.372434082031250000e+02
4.331001196586264257e+00 9.347632446289062500e+02
4.334434411962075906e+00 9.333347167968750000e+02
4.337867627337887555e+00 9.316584472656250000e+02
4.341300842713699204e+00 9.299765014648437500e+02
4.344734058089509965e+00 9.290852661132812500e+02
4.348167273465322502e+00 9.278960571289062500e+02
4.351600488841133263e+00 9.263952026367187500e+02
4.355033704216944912e+00 9.263315429687500000e+02
4.358466919592757449e+00 9.248062744140625000e+02
4.361900134968568210e+00 9.225904541015625000e+02
4.365333350344379859e+00 9.204381713867187500e+02
4.368766565720191508e+00 9.203054809570312500e+02
4.372199781096003157e+00 9.194099731445312500e+02
4.375632996471813918e+00 9.208118896484375000e+02
4.379066211847626455e+00 9.206463623046875000e+02
4.382499427223437216e+00 9.190241699218750000e+02
4.385932642599248865e+00 9.170466308593750000e+02
4.389365857975060514e+00 9.152424926757812500e+02
4.392799073350872163e+00 9.145538940429687500e+02
4.396232288726682924e+00 9.151777954101562500e+02
4.399665504102495461e+00 9.157442626953125000e+02
4.403098719478307110e+00 9.155401611328125000e+02
4.406531934854117871e+00 9.145482788085937500e+02
4.409965150229930408e+00 9.152532348632812500e+02
4.413398365605741169e+00 9.153866577148437500e+02
4.416831580981552818e+00 9.164536132812500000e+02
4.420264796357364467e+00 9.165868530273437500e+02
4.423698011733176116e+00 9.162015991210937500e+02
4.427131227108987765e+00 9.159298095703125000e+02
4.430564442484799415e+00 9.148681640625000000e+02
4.433997657860610175e+00 9.125602416992187500e+02
4.437430873236422713e+00 9.107338256835937500e+02
4.440864088612234362e+00 9.097610473632812500e+02
4.444297303988045122e+00 9.095440673828125000e+02
4.447730519363857660e+00 9.087650146484375000e+02
4.451163734739668421e+00 9.067496948242187500e+02
4.454596950115480070e+00 9.048596191406250000e+02
4.458030165491291719e+00 9.039902343750000000e+02
4.461463380867103368e+00 9.041248168945312500e+02
4.464896596242914129e+00 9.044205932617187500e+02
4.468329811618726666e+00 9.033713378906250000e+02
4.471763026994537427e+00 9.025261840820312500e+02
4.475196242370349076e+00 9.015244750976562500e+02
4.478629457746160725e+00 9.005992431640625000e+02
4.482062673121972374e+00 9.000173339843750000e+02
4.485495888497784023e+00 8.987261352539062500e+02
4.488929103873595672e+00 8.985922241210937500e+02
4.492362319249407321e+00 8.994549560546875000e+02
4.495795534625218082e+00 8.990719604492187500e+02
4.499228750001030619e+00 8.974738769531250000e+02
4.502661965376841380e+00 8.967213134765625000e+02
4.506095180752653029e+00 8.958020629882812500e+02
4.509528396128464678e+00 8.956493530273437500e+02
4.512961611504276327e+00 8.951234130859375000e+02
4.516394826880087088e+00 8.962012329101562500e+02
4.519828042255899625e+00 8.951301879882812500e+02
4.523261257631711274e+00 8.937891845703125000e+02
4.526694473007522035e+00 8.944349975585937500e+02
4.530127688383334572e+00 8.948112182617187500e+02
4.533560903759145333e+00 8.939559936523437500e+02
4.536994119134956982e+00 8.936787109375000000e+02
4.540427334510768631e+00 8.934582519531250000e+02
4.543860549886580280e+00 8.923068237304687500e+02
4.547293765262391929e+00 8.922213134765625000e+02
4.550726980638203578e+00 8.920745239257812500e+02
4.554160196014014339e+00 8.930170288085937500e+02
4.557593411389825988e+00 8.923475952148437500e+02
4.561026626765637637e+00 8.921834106445312500e+02
4.564459842141449286e+00 8.926984252929687500e+02
4.567893057517260935e+00 8.933883056640625000e+02
4.571326272893072584e+00 8.941257324218750000e+02
4.574759488268884233e+00 8.919561767578125000e+02
4.578192703644695882e+00 8.867514648437500000e+02
4.581625919020507531e+00 8.850897216796875000e+02
4.585059134396318292e+00 8.895341796875000000e+02
4.588492349772130829e+00 8.911691284179687500e+02
4.591925565147941590e+00 8.913161621093750000e+02
4.595358780523753239e+00 8.916899414062500000e+02
4.598791995899564888e+00 8.929663696289062500e+02
4.602225211275376537e+00 8.931653442382812500e+02
4.605658426651188186e+00 8.930036010742187500e+02
4.609091642026999835e+00 8.920206909179687500e+02
4.612524857402811485e+00 8.913847045898437500e+02
4.615958072778622245e+00 8.917463989257812500e+02
4.619391288154434783e+00 8.930156860351562500e+02
4.622824503530245543e+00 8.937498168945312500e+02
4.626257718906057192e+00 8.940731811523437500e+02
4.629690934281868842e+00 8.944816284179687500e+02
4.633124149657680491e+00 8.943610839843750000e+02
4.636557365033491251e+00 8.940978393554687500e+02
4.639990580409303789e+00 8.947095947265625000e+02
4.643423795785114550e+00 8.970879516601562500e+02
4.646857011160926199e+00 8.993939208984375000e+02
4.650290226536738736e+00 9.010228271484375000e+02
4.653723441912549497e+00 9.015765991210937500e+02
4.657156657288361146e+00 9.033000488281250000e+02
4.660589872664172795e+00 9.050967407226562500e+02
4.664023088039984444e+00 9.070234985351562500e+02
4.667456303415795205e+00 9.085431518554687500e+02
4.670889518791607742e+00 9.100712890625000000e+02
4.674322734167418503e+00 9.133105468750000000e+02
4.677755949543230152e+00 9.151090087890625000e+02
4.681189164919041801e+00 9.167243041992187500e+02
4.684622380294853450e+00 9.188552856445312500e+02
4.688055595670665099e+00 9.206322021484375000e+02
4.691488811046476748e+00 9.231213378906250000e+02
4.694922026422288397e+00 9.253087158203125000e+02
4.698355241798100046e+00 9.281360473632812500e+02
4.701788457173911695e+00 9.305813598632812500e+02
4.705221672549722456e+00 9.342971801757812500e+02
4.708654887925534993e+00 9.396534423828125000e+02
4.712088103301345754e+00 9.460346069335937500e+02
4.715521318677157403e+00 9.528840332031250000e+02
4.718954534052969052e+00 9.611434936523437500e+02
4.722387749428780701e+00 9.699843139648437500e+02
4.725820964804591462e+00 9.823665161132812500e+02
4.729254180180403999e+00 9.971565551757812500e+02
4.732687395556215648e+00 1.018645080566406250e+03
4.736120610932026409e+00 1.051327880859375000e+03
4.739553826307838946e+00 1.111371948242187500e+03
4.742987041683649707e+00 1.225112426757812500e+03
4.746420257059461356e+00 1.466399536132812500e+03
4.749853472435273005e+00 1.981879760742187500e+03
4.753286687811084654e+00 2.978870117187500000e+03
4.756719903186895415e+00 4.679276367187500000e+03
4.760153118562707952e+00 6.849663574218750000e+03
4.763586333938518713e+00 8.794643554687500000e+03
4.767019549314330362e+00 9.732041992187500000e+03
4.770452764690142011e+00 9.251762695312500000e+03
4.773885980065953660e+00 7.660372070312500000e+03
4.777319195441765309e+00 5.506681152343750000e+03
4.780752410817576958e+00 3.706140380859375000e+03
4.784185626193388607e+00 2.460903076171875000e+03
4.787618841569199368e+00 1.779826782226562500e+03
4.791052056945011905e+00 1.419312133789062500e+03
4.794485272320822666e+00 1.217882202148437500e+03
4.797918487696634315e+00 1.115512573242187500e+03
4.801351703072445964e+00 1.059211791992187500e+03
4.804784918448257613e+00 1.026564453125000000e+03
4.808218133824069263e+00 1.007294250488281250e+03
4.811651349199880912e+00 9.926915283203125000e+02
4.815084564575692561e+00 9.804996337890625000e+02
4.818517779951504210e+00 9.701540527343750000e+02
4.821950995327315859e+00 9.624965209960937500e+02
4.825384210703126620e+00 9.585369873046875000e+02
4.828817426078939157e+00 9.546135253906250000e+02
4.832250641454749918e+00 9.501669311523437500e+02
4.835683856830561567e+00 9.462888183593750000e+02
4.839117072206373216e+00 9.428983154296875000e+02
4.842550287582184865e+00 9.394250488281250000e+02
4.845983502957995626e+00 9.367706909179687500e+02
4.849416718333808163e+00 9.343912963867187500e+02
4.852849933709618924e+00 9.324180297851562500e+02
4.856283149085430573e+00 9.290828857421875000e+02
4.859716364461243110e+00 9.260828247070312500e+02
4.863149579837053871e+00 9.241343383789062500e+02
4.866582795212865520e+00 9.230302124023437500e+02
4.870016010588677169e+00 9.226440429687500000e+02
4.873449225964488818e+00 9.203043212890625000e+02
4.876882441340299579e+00 9.179971923828125000e+02
4.880315656716112116e+00 9.164412841796875000e+02
4.883748872091922877e+00 9.163002319335937500e+02
4.887182087467734526e+00 9.151749267578125000e+02
4.890615302843546175e+00 9.158499145507812500e+02
4.894048518219357824e+00 9.170057373046875000e+02
4.897481733595168585e+00 9.184017944335937500e+02
4.900914948970981122e+00 9.196911010742187500e+02
4.904348164346792771e+00 9.195455932617187500e+02
4.907781379722603532e+00 9.201520996093750000e+02
4.911214595098416069e+00 9.205465087890625000e+02
4.914647810474226830e+00 9.206420288085937500e+02
4.918081025850038479e+00 9.203712158203125000e+02
4.921514241225850128e+00 9.203121337890625000e+02
4.924947456601661777e+00 9.226238403320312500e+02
4.928380671977473426e+00 9.251693115234375000e+02
4.931813887353285075e+00 9.292358398437500000e+02
4.935247102729095836e+00 9.338079223632812500e+02
4.938680318104908373e+00 9.366452026367187500e+02
4.942113533480720022e+00 9.385911865234375000e+02
4.945546748856530783e+00 9.410703735351562500e+02
4.948979964232342432e+00 9.423387451171875000e+02
4.952413179608154081e+00 9.448421020507812500e+02
4.955846394983965730e+00 9.514906005859375000e+02
4.959279610359777379e+00 9.588875732421875000e+02
4.962712825735589028e+00 9.640039062500000000e+02
4.966146041111399789e+00 9.683959350585937500e+02
4.969579256487212326e+00 9.749830932617187500e+02
4.973012471863023087e+00 9.830231323242187500e+02
4.976445687238834736e+00 9.910560913085937500e+02
4.979878902614646385e+00 9.996106567382812500e+02
4.983312117990458034e+00 1.007741638183593750e+03
4.986745333366269683e+00 1.016230895996093750e+03
4.990178548742081333e+00 1.026207397460937500e+03
4.993611764117892982e+00 1.039237670898437500e+03
4.997044979493703742e+00 1.053259521484375000e+03
5.000478194869516280e+00 1.069301513671875000e+03
5.003911410245327041e+00 1.087010131835937500e+03
5.007344625621138690e+00 1.107566894531250000e+03
5.010777840996950339e+00 1.133317260742187500e+03
5.014211056372761988e+00 1.163203979492187500e+03
5.017644271748572748e+00 1.204866088867187500e+03
5.021077487124385286e+00 1.262715454101562500e+03
5.024510702500196935e+00 1.349126586914062500e+03
5.027943917876007696e+00 1.494440185546875000e+03
5.031377133251820233e+00 1.773117065429687500e+03
5.034810348627630994e+00 2.344472900390625000e+03
5.038243564003442643e+00 3.587683105468750000e+03
5.041676779379254292e+00 6.034093261718750000e+03
5.045109994755065941e+00 1.033130859375000000e+04
5.048543210130876702e+00 1.609776953125000000e+04
5.051976425506689239e+00 2.213862695312500000e+04
5.055409640882500000e+00 2.635985937500000000e+04
5.058842856258311649e+00 2.665708789062500000e+04
5.062276071634123298e+00 2.272451953125000000e+04
5.065709287009934947e+00 1.651161523437500000e+04
5.069142502385746596e+00 1.061877441406250000e+04
5.072575717761558245e+00 6.478154296875000000e+03
5.076008933137369894e+00 4.048638671875000000e+03
5.079442148513181543e+00 2.715286376953125000e+03
5.082875363888993192e+00 2.010814575195312500e+03
5.086308579264803953e+00 1.627847412109375000e+03
5.089741794640616490e+00 1.425175292968750000e+03
5.093175010016427251e+00 1.313090820312500000e+03
5.096608225392238900e+00 1.245718139648437500e+03
5.100041440768050549e+00 1.197862670898437500e+03
5.103474656143862198e+00 1.161513793945312500e+03
5.106907871519672959e+00 1.133712158203125000e+03
5.110341086895485496e+00 1.110913330078125000e+03
5.113774302271297145e+00 1.092031127929687500e+03
5.117207517647107906e+00 1.075560668945312500e+03
5.120640733022920443e+00 1.061901733398437500e+03
5.124073948398731204e+00 1.049211425781250000e+03
5.127507163774542853e+00 1.035870239257812500e+03
5.130940379150354502e+00 1.024058715820312500e+03
5.134373594526166151e+00 1.012598144531250000e+03
5.137806809901976912e+00 1.003867919921875000e+03
5.141240025277789449e+00 9.952446289062500000e+02
5.144673240653600210e+00 9.879967041015625000e+02
5.148106456029411859e+00 9.811193237304687500e+02
5.151539671405224396e+00 9.734635009765625000e+02
5.154972886781035157e+00 9.670440673828125000e+02
5.158406102156846806e+00 9.614228515625000000e+02
5.161839317532658455e+00 9.566365966796875000e+02
5.165272532908470104e+00 9.513911743164062500e+02
5.168705748284280865e+00 9.487954711914062500e+02
5.172138963660093403e+00 9.458167724609375000e+02
5.175572179035904163e+00 9.435264282226562500e+02
5.179005394411715812e+00 9.417379150390625000e+02
5.182438609787527461e+00 9.401153564453125000e+02
5.185871825163339111e+00 9.382151489257812500e+02
5.189305040539150760e+00 9.373884887695312500e+02
5.192738255914962409e+00 9.363992309570312500e+02
5.196171471290774058e+00 9.353328247070312500e+02
5.199604686666585707e+00 9.333130493164062500e+02
5.203037902042397356e+00 9.322176513671875000e+02
5.206471117418208117e+00 9.311541748046875000e+02
5.209904332794020654e+00 9.311082763671875000e+02
5.213337548169831415e+00 9.323341674804687500e+02
5.216770763545643064e+00 9.339409790039062500e+02
5.220203978921454713e+00 9.336948242187500000e+02
5.223637194297266362e+00 9.332354736328125000e+02
5.227070409673077123e+00 9.334590454101562500e+02
5.230503625048889660e+00 9.344627685546875000e+02
5.233936840424701309e+00 9.381762695312500000e+02
5.237370055800512070e+00 9.422276611328125000e+02
5.240803271176324607e+00 9.472289428710937500e+02
5.244236486552135368e+00 9.514391479492187500e+02
5.247669701927947017e+00 9.552262573242187500e+02
5.251102917303758666e+00 9.591975708007812500e+02
5.254536132679570315e+00 9.636549682617187500e+02
5.257969348055381076e+00 9.707642211914062500e+02
5.261402563431193613e+00 9.774630737304687500e+02
5.264835778807004374e+00 9.855702514648437500e+02
5.268268994182816023e+00 9.940330200195312500e+02
5.271702209558627672e+00 1.002948913574218750e+03
5.275135424934439321e+00 1.013375610351562500e+03
5.278568640310250970e+00 1.024226928710937500e+03
5.282001855686062619e+00 1.037055053710937500e+03
5.285435071061874268e+00 1.054185424804687500e+03
5.288868286437685029e+00 1.076513671875000000e+03
5.292301501813497566e+00 1.106296752929687500e+03
5.295734717189308327e+00 1.148231445312500000e+03
5.299167932565119976e+00 1.214140380859375000e+03
5.302601147940931625e+00 1.326812255859375000e+03
5.306034363316743274e+00 1.541926147460937500e+03
5.309467578692554923e+00 1.999442260742187500e+03
5.312900794068366572e+00 2.968316162109375000e+03
5.316334009444177333e+00 4.930984863281250000e+03
5.319767224819989870e+00 8.156034667968750000e+03
5.323200440195801519e+00 1.243997167968750000e+04
5.326633655571612280e+00 1.677729296875000000e+04
5.330066870947423929e+00 1.943554296875000000e+04
5.333500086323235578e+00 1.907221484375000000e+04
5.336933301699047227e+00 1.595455566406250000e+04
5.340366517074858876e+00 1.149953125000000000e+04
5.343799732450670525e+00 7.522066406250000000e+03
5.347232947826481286e+00 4.747833496093750000e+03
5.350666163202293824e+00 3.120336181640625000e+03
5.354099378578104584e+00 2.205075683593750000e+03
5.357532593953916233e+00 1.680781494140625000e+03
5.360965809329728771e+00 1.409747314453125000e+03
5.364399024705539532e+00 1.255567626953125000e+03
5.367832240081351181e+00 1.175309814453125000e+03
5.371265455457162830e+00 1.126967773437500000e+03
5.374698670832974479e+00 1.094889526367187500e+03
5.378131886208785239e+00 1.070044921875000000e+03
5.381565101584597777e+00 1.050568603515625000e+03
5.384998316960408538e+00 1.034098022460937500e+03
5.388431532336220187e+00 1.020437194824218750e+03
5.391864747712031836e+00 1.008145385742187500e+03
5.395297963087843485e+00 9.972397460937500000e+02
5.398731178463654246e+00 9.876392211914062500e+02
5.402164393839466783e+00 9.792944946289062500e+02
5.405597609215278432e+00 9.726271362304687500e+02
5.409030824591089193e+00 9.665189208984375000e+02
5.412464039966901730e+00 9.611701660156250000e+02
5.415897255342712491e+00 9.571798095703125000e+02
5.419330470718524140e+00 9.529553833007812500e+02
5.422763686094335789e+00 9.482490234375000000e+02
5.426196901470147438e+00 9.439105224609375000e+02
5.429630116845958199e+00 9.395173950195312500e+02
5.433063332221770736e+00 9.343578491210937500e+02
5.436496547597581497e+00 9.289387817382812500e+02
5.439929762973393146e+00 9.240441284179687500e+02
5.443362978349205683e+00 9.203956909179687500e+02
5.446796193725016444e+00 9.172905883789062500e+02
5.450229409100828093e+00 9.145676269531250000e+02
5.453662624476639742e+00 9.111365356445312500e+02
5.457095839852451391e+00 9.087465209960937500e+02
5.460529055228263040e+00 9.072054443359375000e+02
5.463962270604074689e+00 9.045386962890625000e+02
5.467395485979885450e+00 9.028925781250000000e+02
5.470828701355697987e+00 9.036700439453125000e+02
5.474261916731508748e+00 9.045565185546875000e+02
5.477695132107320397e+00 9.039855346679687500e+02
5.481128347483132046e+00 9.031249389648437500e+02
5.484561562858943695e+00 9.033557739257812500e+02
5.487994778234755344e+00 9.042756347656250000e+02
5.491427993610566993e+00 9.050971679687500000e+02
5.494861208986378642e+00 9.052222290039062500e+02
5.498294424362189403e+00 9.066377563476562500e+02
5.501727639738001940e+00 9.088390502929687500e+02
5.505160855113812701e+00 9.107922973632812500e+02
5.508594070489624350e+00 9.134348144531250000e+02
5.512027285865435999e+00 9.169012451171875000e+02
5.515460501241247648e+00 9.206463012695312500e+02
5.518893716617058409e+00 9.244147338867187500e+02
5.522326931992870946e+00 9.275926513671875000e+02
5.525760147368681707e+00 9.313408813476562500e+02
5.529193362744493356e+00 9.368199462890625000e+02
5.532626578120305894e+00 9.419323120117187500e+02
5.536059793496116654e+00 9.477759399414062500e+02
5.539493008871928303e+00 9.543644409179687500e+02
5.542926224247739952e+00 9.634392700195312500e+02
5.546359439623551602e+00 9.750025024414062500e+02
5.549792654999362362e+00 9.885507812500000000e+02
5.553225870375174900e+00 1.007467834472656250e+03
5.556659085750985660e+00 1.036061401367187500e+03
5.560092301126797310e+00 1.080822021484375000e+03
5.563525516502608959e+00 1.159884155273437500e+03
5.566958731878420608e+00 1.309097534179687500e+03
5.570391947254232257e+00 1.624207153320312500e+03
5.573825162630043906e+00 2.274210205078125000e+03
5.577258378005855555e+00 3.572566162109375000e+03
5.580691593381667204e+00 5.632804199218750000e+03
5.584124808757478853e+00 8.326240234375000000e+03
5.587558024133289614e+00 1.098304394531250000e+04
5.590991239509102151e+00 1.249190136718750000e+04
5.594424454884912912e+00 1.216550781250000000e+04
5.597857670260724561e+00 1.017494140625000000e+04
5.601290885636536210e+00 7.332047363281250000e+03
5.604724101012347859e+00 4.878320312500000000e+03
5.608157316388158620e+00 3.167083007812500000e+03
5.611590531763971157e+00 2.196937500000000000e+03
5.615023747139782806e+00 1.648967041015625000e+03
5.618456962515593567e+00 1.348610717773437500e+03
5.621890177891406104e+00 1.184042602539062500e+03
5.625323393267216865e+00 1.094002197265625000e+03
5.628756608643028514e+00 1.043848144531250000e+03
5.632189824018840163e+00 1.013251037597656250e+03
5.635623039394651812e+00 9.922941284179687500e+02
5.639056254770462573e+00 9.745941162109375000e+02
5.642489470146275110e+00 9.609086914062500000e+02
5.645922685522085871e+00 9.498467407226562500e+02
5.649355900897897520e+00 9.410308837890625000e+02
5.652789116273710057e+00 9.322857055664062500e+02
5.656222331649520818e+00 9.257920532226562500e+02
5.659655547025332467e+00 9.197396240234375000e+02
5.663088762401144116e+00 9.154674072265625000e+02
5.666521977776955765e+00 9.108317871093750000e+02
5.669955193152766526e+00 9.050938110351562500e+02
5.673388408528579063e+00 9.005327758789062500e+02
5.676821623904389824e+00 8.960568847656250000e+02
5.680254839280201473e+00 8.916727294921875000e+02
5.683688054656013122e+00 8.894965209960937500e+02
5.687121270031824771e+00 8.865841674804687500e+02
5.690554485407636420e+00 8.832340698242187500e+02
5.693987700783448069e+00 8.798570556640625000e+02
5.697420916159259718e+00 8.782767333984375000e+02
5.700854131535071367e+00 8.760049438476562500e+02
5.704287346910883016e+00 8.735480957031250000e+02
5.707720562286693777e+00 8.706377563476562500e+02
5.711153777662506315e+00 8.695193481445312500e+02
5.714586993038317075e+00 8.683551025390625000e+02
5.718020208414128724e+00 8.669524536132812500e+02
5.721453423789940373e+00 8.642088623046875000e+02
5.724886639165752023e+00 8.622008666992187500e+02
5.728319854541562783e+00 8.608654174804687500e+02
5.731753069917375321e+00 8.612136840820312500e+02
5.735186285293186081e+00 8.612469482421875000e+02
5.738619500668997730e+00 8.604723510742187500e+02
5.742052716044810268e+00 8.595569458007812500e+02
5.745485931420621029e+00 8.583563842773437500e+02
5.748919146796432678e+00 8.567409667968750000e+02
5.752352362172244327e+00 8.549584350585937500e+02
5.755785577548055976e+00 8.538186645507812500e+02
5.759218792923866737e+00 8.533870849609375000e+02
5.762652008299679274e+00 8.541303710937500000e+02
5.766085223675490035e+00 8.555509033203125000e+02
5.769518439051301684e+00 8.560014648437500000e+02
5.772951654427113333e+00 8.568552856445312500e+02
5.776384869802924982e+00 8.574715576171875000e+02
5.779818085178736631e+00 8.575197753906250000e+02
5.783251300554548280e+00 8.579776000976562500e+02
5.786684515930359929e+00 8.577860717773437500e+02
5.790117731306170690e+00 8.579891967773437500e+02
5.793550946681983227e+00 8.602431640625000000e+02
5.796984162057793988e+00 8.613598632812500000e+02
5.800417377433605637e+00 8.645500488281250000e+02
5.803850592809417286e+00 8.679694824218750000e+02
5.807283808185228935e+00 8.723950195312500000e+02
5.810717023561040584e+00 8.802494506835937500e+02
5.814150238936852233e+00 8.982629394531250000e+02
5.817583454312662994e+00 9.326016235351562500e+02
5.821016669688474643e+00 1.005152709960937500e+03
5.824449885064287180e+00 1.153053588867187500e+03
5.827883100440097941e+00 1.410722290039062500e+03
5.831316315815909590e+00 1.795645996093750000e+03
5.834749531191721239e+00 2.221896972656250000e+03
5.838182746567532888e+00 2.555166992187500000e+03
5.841615961943344537e+00 2.653367675781250000e+03
5.845049177319156186e+00 2.486288574218750000e+03
5.848482392694966947e+00 2.085970214843750000e+03
5.851915608070779484e+00 1.670428588867187500e+03
5.855348823446590245e+00 1.351148803710937500e+03
5.858782038822401894e+00 1.152644287109375000e+03
5.862215254198214431e+00 1.027179809570312500e+03
5.865648469574025192e+00 9.568237915039062500e+02
5.869081684949836841e+00 9.114490356445312500e+02
5.872514900325648490e+00 8.864311523437500000e+02
5.875948115701460139e+00 8.733772583007812500e+02
5.879381331077270900e+00 8.768230590820312500e+02
5.882814546453083437e+00 8.875632324218750000e+02
5.886247761828894198e+00 8.848204345703125000e+02
5.889680977204705847e+00 8.713485717773437500e+02
5.893114192580517496e+00 8.558060913085937500e+02
5.896547407956329145e+00 8.541236572265625000e+02
5.899980623332139906e+00 8.522385253906250000e+02
5.903413838707952443e+00 8.516135253906250000e+02
5.906847054083764093e+00 8.532283325195312500e+02
5.910280269459574853e+00 8.525919189453125000e+02
5.913713484835387391e+00 8.511305541992187500e+02
5.917146700211198151e+00 8.498072509765625000e+02
5.920579915587009801e+00 8.500902099609375000e+02
5.924013130962821450e+00 8.492129516601562500e+02
5.927446346338633099e+00 8.475125122070312500e+02
5.930879561714443859e+00 8.465997924804687500e+02
5.934312777090256397e+00 8.467027587890625000e+02
5.937745992466067158e+00 8.477293090820312500e+02
5.941179207841878807e+00 8.481228637695312500e+02
5.944612423217690456e+00 8.486018676757812500e+02
5.948045638593502105e+00 8.486221313476562500e+02
5.951478853969313754e+00 8.500182495117187500e+02
5.954912069345125403e+00 8.512077026367187500e+02
5.958345284720937052e+00 8.524898681640625000e+02
5.961778500096748701e+00 8.520003662109375000e+02
5.965211715472560350e+00 8.513641967773437500e+02
5.968644930848371111e+00 8.515217285156250000e+02
5.972078146224183648e+00 8.535485839843750000e+02
5.975511361599994409e+00 8.561275024414062500e+02
5.978944576975806058e+00 8.580697021484375000e+02
5.982377792351617707e+00 8.596094970703125000e+02
5.985811007727429356e+00 8.618586425781250000e+02
5.989244223103241005e+00 8.635194091796875000e+02
5.992677438479052654e+00 8.658432006835937500e+02
5.996110653854864303e+00 8.681248779296875000e+02
5.999543869230675064e+00 8.695991210937500000e+02
6.002977084606487601e+00 8.705369873046875000e+02
6.006410299982298362e+00 8.720400390625000000e+02
6.009843515358110011e+00 8.742711181640625000e+02
6.013276730733921660e+00 8.778622436523437500e+02
6.016709946109733309e+00 8.826183471679687500e+02
6.020143161485544070e+00 8.873376464843750000e+02
6.023576376861356607e+00 8.911553344726562500e+02
6.027009592237167368e+00 8.955963745117187500e+02
6.030442807612979017e+00 9.018195800781250000e+02
6.033876022988791554e+00 9.092810668945312500e+02
6.037309238364602315e+00 9.195944213867187500e+02
6.040742453740413964e+00 9.325679931640625000e+02
6.044175669116225613e+00 9.502180786132812500e+02
6.047608884492037262e+00 9.775810546875000000e+02
6.051042099867848023e+00 1.023554565429687500e+03
6.054475315243660560e+00 1.113183959960937500e+03
6.057908530619471321e+00 1.296340942382812500e+03
6.061341745995282970e+00 1.680358276367187500e+03
6.064774961371094619e+00 2.423317382812500000e+03
6.068208176746906268e+00 3.622500732421875000e+03
6.071641392122717917e+00 5.232280273437500000e+03
6.075074607498529566e+00 6.793643554687500000e+03
6.078507822874341215e+00 7.789015136718750000e+03
6.081941038250152864e+00 7.717812988281250000e+03
6.085374253625964514e+00 6.632049316406250000e+03
6.088807469001775274e+00 4.966109863281250000e+03
6.092240684377587812e+00 3.489885009765625000e+03
6.095673899753398572e+00 2.416931884765625000e+03
6.099107115129210221e+00 1.778254638671875000e+03
6.102540330505021871e+00 1.406727416992187500e+03
6.105973545880833520e+00 1.192777587890625000e+03
6.109406761256644280e+00 1.073553222656250000e+03
6.112839976632456818e+00 1.007382141113281250e+03
6.116273192008268467e+00 9.703804931640625000e+02
6.119706407384079228e+00 9.494645996093750000e+02
6.123139622759891765e+00 9.356109008789062500e+02
6.126572838135702526e+00 9.238349609375000000e+02
6.130006053511514175e+00 9.158242187500000000e+02
6.133439268887325824e+00 9.106743774414062500e+02
6.136872484263137473e+00 9.056085205078125000e+02
6.140305699638948234e+00 9.017861938476562500e+02
6.143738915014760771e+00 8.980339355468750000e+02
6.147172130390571532e+00 8.933758544921875000e+02
6.150605345766383181e+00 8.891230468750000000e+02
6.154038561142195718e+00 8.862682495117187500e+02
6.157471776518006479e+00 8.850778198242187500e+02
6.160904991893818128e+00 8.843930664062500000e+02
6.164338207269629777e+00 8.831636962890625000e+02
6.167771422645441426e+00 8.810875244140625000e+02
6.171204638021252187e+00 8.801929321289062500e+02
6.174637853397064724e+00 8.796354370117187500e+02
6.178071068772875485e+00 8.785530395507812500e+02
6.181504284148687134e+00 8.774650268554687500e+02
6.184937499524498783e+00 8.782440185546875000e+02
6.188370714900310432e+00 8.783142089843750000e+02
6.191803930276122081e+00 8.776545410156250000e+02
6.195237145651933730e+00 8.772267456054687500e+02
6.198670361027745379e+00 8.792301635742187500e+02
6.202103576403556140e+00 8.808872070312500000e+02
6.205536791779368677e+00 8.819020996093750000e+02
6.208970007155179438e+00 8.828466186523437500e+02
6.212403222530991087e+00 8.856190795898437500e+02
6.215836437906802736e+00 8.896273193359375000e+02
6.219269653282614385e+00 8.924475708007812500e+02
6.222702868658426034e+00 8.960666503906250000e+02
6.226136084034237683e+00 9.004953002929687500e+02
6.229569299410048444e+00 9.049588623046875000e+02
6.233002514785860981e+00 9.086194458007812500e+02
6.236435730161671742e+00 9.135759887695312500e+02
6.239868945537483391e+00 9.191186523437500000e+02
6.243302160913295928e+00 9.246413574218750000e+02
6.246735376289106689e+00 9.321224975585937500e+02
6.250168591664918338e+00 9.420942993164062500e+02
6.253601807040729987e+00 9.514458618164062500e+02
6.257035022416541636e+00 9.618516845703125000e+02
6.260468237792352397e+00 9.742420043945312500e+02
6.263901453168164934e+00 9.897041015625000000e+02
6.267334668543975695e+00 1.008899780273437500e+03
6.270767883919787344e+00 1.035485595703125000e+03
6.274201099295598993e+00 1.074637451171875000e+03
6.277634314671410642e+00 1.133180786132812500e+03
6.281067530047222292e+00 1.234492309570312500e+03
6.284500745423033941e+00 1.420743774414062500e+03
6.287933960798845590e+00 1.823245239257812500e+03
6.291367176174656350e+00 2.621804687500000000e+03
6.294800391550468888e+00 4.215964843750000000e+03
6.298233606926279649e+00 6.690595214843750000e+03
6.301666822302091298e+00 9.965302734375000000e+03
6.305100037677902947e+00 1.323559179687500000e+04
6.308533253053714596e+00 1.521072265625000000e+04
6.311966468429525356e+00 1.501206347656250000e+04
6.315399683805337894e+00 1.273676171875000000e+04
6.318832899181148655e+00 9.372088867187500000e+03
6.322266114556960304e+00 6.308699707031250000e+03
6.325699329932772841e+00 4.104452148437500000e+03
6.329132545308583602e+00 2.814163085937500000e+03
6.332565760684395251e+00 2.041729736328125000e+03
6.335998976060206900e+00 1.607799194335937500e+03
6.339432191436018549e+00 1.343254516601562500e+03
6.342865406811830198e+00 1.194304321289062500e+03
6.346298622187641847e+00 1.107604736328125000e+03
6.349731837563452608e+00 1.058903686523437500e+03
6.353165052939265145e+00 1.026354858398437500e+03
6.356598268315075906e+00 1.004779602050781250e+03
6.360031483690887555e+00 9.883129882812500000e+02
6.363464699066700092e+00 9.746716918945312500e+02
6.366897914442510853e+00 9.611969604492187500e+02
6.370331129818322502e+00 9.508215942382812500e+02
6.373764345194134151e+00 9.410729370117187500e+02
6.377197560569945800e+00 9.317913818359375000e+02
6.380630775945756561e+00 9.237280883789062500e+02
6.384063991321569098e+00 9.164173583984375000e+02
6.387497206697379859e+00 9.093306274414062500e+02
6.390930422073191508e+00 8.849871215820312500e+02
6.394363637449003157e+00 8.788372802734375000e+02
6.397796852824814806e+00 8.889165039062500000e+02
6.401230068200625567e+00 8.867932739257812500e+02
6.404663283576438104e+00 8.820384521484375000e+02
6.408096498952249753e+00 8.785534057617187500e+02
6.411529714328060514e+00 8.761906127929687500e+02
6.414962929703873051e+00 8.736686401367187500e+02
6.418396145079683812e+00 8.699095458984375000e+02
6.421829360455495461e+00 8.662252807617187500e+02
6.425262575831307110e+00 8.629338378906250000e+02
6.428695791207118759e+00 8.591338500976562500e+02
6.432129006582929520e+00 8.564163208007812500e+02
6.435562221958742057e+00 8.547325439453125000e+02
6.438995437334552818e+00 8.533344726562500000e+02
6.442428652710364467e+00 8.522891845703125000e+02
6.445861868086176116e+00 8.504812622070312500e+02
6.449295083461987765e+00 8.492517700195312500e+02
6.452728298837799414e+00 8.471413574218750000e+02
6.456161514213611063e+00 8.452319335937500000e+02
6.459594729589422712e+00 8.438507690429687500e+02
6.463027944965234362e+00 8.428858642578125000e+02
6.466461160341046011e+00 8.410306396484375000e+02
6.469894375716856771e+00 8.391065673828125000e+02
6.473327591092669309e+00 8.383261108398437500e+02
6.476760806468480069e+00 8.366953125000000000e+02
6.480194021844291719e+00 8.366068725585937500e+02
6.483627237220103368e+00 8.362412109375000000e+02
6.487060452595915017e+00 8.353313598632812500e+02
6.490493667971726666e+00 8.343002319335937500e+02
6.493926883347538315e+00 8.342462158203125000e+02
6.497360098723349964e+00 8.322866210937500000e+02
6.500793314099160725e+00 8.306859130859375000e+02
6.504226529474973262e+00 8.309791259765625000e+02
6.507659744850784023e+00 8.320111694335937500e+02
6.511092960226595672e+00 8.324399414062500000e+02
6.514526175602407321e+00 8.320569458007812500e+02
6.517959390978218970e+00 8.301572875976562500e+02
6.521392606354029731e+00 8.284901123046875000e+02
6.524825821729842268e+00 8.285770263671875000e+02
6.528259037105653029e+00 8.283643798828125000e+02
6.531692252481464678e+00 8.278184814453125000e+02
6.535125467857277215e+00 8.267868652343750000e+02
6.538558683233087976e+00 8.253623046875000000e+02
6.541991898608899625e+00 8.260495605468750000e+02
6.545425113984711274e+00 8.257993774414062500e+02
6.548858329360522923e+00 8.259712524414062500e+02
6.552291544736333684e+00 8.246989135742187500e+02
6.555724760112146221e+00 8.239664306640625000e+02
6.559157975487956982e+00 8.244511718750000000e+02
6.562591190863768631e+00 8.256132202148437500e+02
6.566024406239580280e+00 8.257053833007812500e+02
6.569457621615391929e+00 8.252717895507812500e+02
6.572890836991203578e+00 8.252662353515625000e+02
6.576324052367015227e+00 8.265224609375000000e+02
6.579757267742826876e+00 8.272468872070312500e+02
6.583190483118638525e+00 8.275481567382812500e+02
6.586623698494450174e+00 8.373893432617187500e+02
6.590056913870260935e+00 8.424099121093750000e+02
6.593490129246072584e+00 8.404107055664062500e+02
6.596923344621884233e+00 8.241210937500000000e+02
6.600356559997695882e+00 8.243094482421875000e+02
6.603789775373507531e+00 8.242124023437500000e+02
6.607222990749319180e+00 8.241539306640625000e+02
6.610656206125129941e+00 8.235491333007812500e+02
6.614089421500942478e+00 8.237772216796875000e+02
6.617522636876754127e+00 8.244882202148437500e+02
6.620955852252564888e+00 8.248980712890625000e+02
6.624389067628377425e+00 8.237894897460937500e+02
6.627822283004188186e+00 8.239467773437500000e+02
6.631255498379999835e+00 8.250478515625000000e+02
6.634688713755811484e+00 8.277702026367187500e+02
6.638121929131623133e+00 8.291259765625000000e+02
6.641555144507433894e+00 8.285980224609375000e+02
6.644988359883246432e+00 8.269017944335937500e+02
6.648421575259057192e+00 8.265272827148437500e+02
6.651854790634868841e+00 8.279924316406250000e+02
6.655288006010680490e+00 8.282467651367187500e+02
6.658721221386492140e+00 8.295025024414062500e+02
6.662154436762303789e+00 8.301797485351562500e+02
6.665587652138115438e+00 8.312667236328125000e+02
6.669020867513927087e+00 8.315444946289062500e+02
6.672454082889737847e+00 8.323784179687500000e+02
6.675887298265550385e+00 8.339240112304687500e+02
6.679320513641361146e+00 8.338560791015625000e+02
6.682753729017172795e+00 8.345322265625000000e+02
6.686186944392984444e+00 8.362545776367187500e+02
6.689620159768796093e+00 8.370053710937500000e+02
6.693053375144606854e+00 8.395286865234375000e+02
6.696486590520419391e+00 8.420333862304687500e+02
6.699919805896231040e+00 8.453778076171875000e+02
6.703353021272041801e+00 8.487887573242187500e+02
6.706786236647854338e+00 8.533363647460937500e+02
6.710219452023665099e+00 8.591119384765625000e+02
6.713652667399476748e+00 8.661562500000000000e+02
6.717085882775288397e+00 8.785607299804687500e+02
6.720519098151100046e+00 9.039112548828125000e+02
6.723952313526911695e+00 9.592172851562500000e+02
6.727385528902723344e+00 1.077813720703125000e+03
6.730818744278534105e+00 1.300407348632812500e+03
6.734251959654346642e+00 1.680235717773437500e+03
6.737685175030157403e+00 2.182072021484375000e+03
6.741118390405969052e+00 2.698966064453125000e+03
6.744551605781781589e+00 3.051341796875000000e+03
6.747984821157592350e+00 3.050381103515625000e+03
6.751418036533403999e+00 2.724485595703125000e+03
6.754851251909215648e+00 2.216477294921875000e+03
6.758284467285027297e+00 1.730121582031250000e+03
6.761717682660838058e+00 1.390511718750000000e+03
6.765150898036650595e+00 1.167035644531250000e+03
6.768584113412461356e+00 1.043052246093750000e+03
6.772017328788273005e+00 9.643395385742187500e+02
6.775450544164084654e+00 9.180527954101562500e+02
6.778883759539896303e+00 8.903770141601562500e+02
6.782316974915707952e+00 8.771970825195312500e+02
6.785750190291519601e+00 8.690399780273437500e+02
6.789183405667331250e+00 8.637536010742187500e+02
6.792616621043142011e+00 8.600104370117187500e+02
6.796049836418954548e+00 8.580922851562500000e+02
6.799483051794765309e+00 8.582868652343750000e+02
6.802916267170576958e+00 8.576555175781250000e+02
6.806349482546388607e+00 8.568068847656250000e+02
6.809782697922200256e+00 8.559425659179687500e+02
6.813215913298011017e+00 8.563094482421875000e+02
6.816649128673823554e+00 8.558350830078125000e+02
6.820082344049634315e+00 8.556337890625000000e+02
6.823515559425445964e+00 8.562178955078125000e+02
6.826948774801258502e+00 8.562800292968750000e+02
6.830381990177069262e+00 8.577055664062500000e+02
6.833815205552880911e+00 8.564386596679687500e+02
6.837248420928692560e+00 8.553033447265625000e+02
6.840681636304504210e+00 8.552791137695312500e+02
6.844114851680315859e+00 8.576267089843750000e+02
6.847548067056127508e+00 8.596289062500000000e+02
6.850981282431938268e+00 8.605046997070312500e+02
6.854414497807750806e+00 8.602313232421875000e+02
6.857847713183561567e+00 8.621483154296875000e+02
6.861280928559373216e+00 8.650080566406250000e+02
6.864714143935184865e+00 8.675163574218750000e+02
6.868147359310996514e+00 8.704237060546875000e+02
6.871580574686808163e+00 8.737598876953125000e+02
6.875013790062619812e+00 8.782465209960937500e+02
6.878447005438431461e+00 8.827033081054687500e+02
6.881880220814242222e+00 8.864127807617187500e+02
6.885313436190054759e+00 8.896580200195312500e+02
6.888746651565865520e+00 8.946375122070312500e+02
6.892179866941677169e+00 8.993991699218750000e+02
6.895613082317488818e+00 9.046835937500000000e+02
6.899046297693300467e+00 9.114877929687500000e+02
6.902479513069111228e+00 9.200962524414062500e+02
6.905912728444923765e+00 9.315075683593750000e+02
6.909345943820735414e+00 9.446066894531250000e+02
6.912779159196546175e+00 9.608707885742187500e+02
6.916212374572358712e+00 9.834423828125000000e+02
6.919645589948169473e+00 1.016734558105468750e+03
6.923078805323981122e+00 1.068310302734375000e+03
6.926512020699792771e+00 1.159414062500000000e+03
6.929945236075604420e+00 1.337201904296875000e+03
6.933378451451415181e+00 1.715125732421875000e+03
6.936811666827227718e+00 2.457257812500000000e+03
6.940244882203038479e+00 3.828974121093750000e+03
6.943678097578850128e+00 5.861255371093750000e+03
6.947111312954661777e+00 8.237359375000000000e+03
6.950544528330473426e+00 1.029433886718750000e+04
6.953977743706285075e+00 1.118179003906250000e+04
6.957410959082096724e+00 1.056832714843750000e+04
6.960844174457908373e+00 8.641936523437500000e+03
6.964277389833720022e+00 6.349927734375000000e+03
6.967710605209531671e+00 4.359981445312500000e+03
6.971143820585342432e+00 3.037149414062500000e+03
6.974577035961154081e+00 2.192630371093750000e+03
6.978010251336965730e+00 1.707099731445312500e+03
6.981443466712777379e+00 1.407090209960937500e+03
6.984876682088589028e+00 1.219172119140625000e+03
6.988309897464400677e+00 1.105694580078125000e+03
6.991743112840212326e+00 1.041877563476562500e+03
6.995176328216023975e+00 1.004620727539062500e+03
6.998609543591835624e+00 9.807332153320312500e+02
7.002042758967646385e+00 9.642069702148437500e+02
7.005475974343458923e+00 9.520189208984375000e+02
7.008909189719269683e+00 9.429038085937500000e+02
7.012342405095081332e+00 9.338450317382812500e+02
7.015775620470892981e+00 9.273908081054687500e+02
7.019208835846704631e+00 9.203382568359375000e+02
7.022642051222515391e+00 9.142091064453125000e+02
7.026075266598327929e+00 9.087549438476562500e+02
7.029508481974138689e+00 9.033541259765625000e+02
7.032941697349950338e+00 8.995011596679687500e+02
7.036374912725762876e+00 8.961234130859375000e+02
7.039808128101573637e+00 8.933831176757812500e+02
7.043241343477385286e+00 8.897348022460937500e+02
7.046674558853196935e+00 8.763305053710937500e+02
7.050107774229008584e+00 8.708085937500000000e+02
7.053540989604819345e+00 8.759828491210937500e+02
7.056974204980631882e+00 8.827879638671875000e+02
7.060407420356442643e+00 8.815319213867187500e+02
7.063840635732254292e+00 8.815125122070312500e+02
7.067273851108065941e+00 8.827996215820312500e+02
7.070707066483877590e+00 8.836965332031250000e+02
7.074140281859688351e+00 8.849035034179687500e+02
7.077573497235500888e+00 8.874481201171875000e+02
7.081006712611312537e+00 8.891189575195312500e+02
7.084439927987123298e+00 8.906486206054687500e+02
7.087873143362935835e+00 8.925930175781250000e+02
7.091306358738746596e+00 8.960734863281250000e+02
7.094739574114558245e+00 9.002462768554687500e+02
7.098172789490369894e+00 9.045571289062500000e+02
7.101606004866181543e+00 9.095964965820312500e+02
7.105039220241993192e+00 9.165473022460937500e+02
7.108472435617804841e+00 9.238884277343750000e+02
7.111905650993615602e+00 9.318016967773437500e+02
7.115338866369428139e+00 9.444788818359375000e+02
7.118772081745239788e+00 9.641577758789062500e+02
7.122205297121050549e+00 9.933807983398437500e+02
7.125638512496863086e+00 1.038225952148437500e+03
7.129071727872673847e+00 1.118212890625000000e+03
7.132504943248485496e+00 1.278717773437500000e+03
7.135938158624297145e+00 1.597262695312500000e+03
7.139371374000108794e+00 2.271208251953125000e+03
7.142804589375919555e+00 3.406581787109375000e+03
7.146237804751732092e+00 5.138773925781250000e+03
7.149671020127542853e+00 7.093202148437500000e+03
7.153104235503354502e+00 8.720266601562500000e+03
7.156537450879166151e+00 9.276530273437500000e+03
7.159970666254977800e+00 8.526078125000000000e+03
7.163403881630790337e+00 6.862932617187500000e+03
7.166837097006601986e+00 4.936937500000000000e+03
7.170270312382412747e+00 3.459606933593750000e+03
7.173703527758223508e+00 2.450299316406250000e+03
7.177136743134035157e+00 1.851393066406250000e+03
7.180569958509847694e+00 1.477649902343750000e+03
7.184003173885658455e+00 1.256508544921875000e+03
7.187436389261470104e+00 1.116961547851562500e+03
7.190869604637280865e+00 1.033993041992187500e+03
7.194302820013093402e+00 9.852587890625000000e+02
7.197736035388905051e+00 9.586720581054687500e+02
7.201169250764715812e+00 9.412360839843750000e+02
7.204602466140528350e+00 9.269296875000000000e+02
7.208035681516339999e+00 9.158715820312500000e+02
7.211468896892150759e+00 9.074249877929687500e+02
7.214902112267962409e+00 9.003001098632812500e+02
7.218335327643774946e+00 8.928839721679687500e+02
7.221768543019585707e+00 8.869619140625000000e+02
7.225201758395397356e+00 8.812423095703125000e+02
7.228634973771208116e+00 8.763939208984375000e+02
7.232068189147020654e+00 8.729652709960937500e+02
7.235501404522832303e+00 8.692263183593750000e+02
7.238934619898643064e+00 8.653933105468750000e+02
7.242367835274455601e+00 8.625343627929687500e+02
7.245801050650267250e+00 8.593021850585937500e+02
7.249234266026078011e+00 8.560718383789062500e+02
7.252667481401888772e+00 8.524896850585937500e+02
7.256100696777702197e+00 8.495227661132812500e+02
7.259533912153512958e+00 8.452872924804687500e+02
7.262967127529323719e+00 8.428523559570312500e+02
7.266400342905135368e+00 8.403427734375000000e+02
7.269833558280947905e+00 8.383167724609375000e+02
7.273266773656758666e+00 8.364702758789062500e+02
7.276699989032570315e+00 8.363414916992187500e+02
7.280133204408381076e+00 8.329778442382812500e+02
7.283566419784193613e+00 8.287160034179687500e+02
7.286999635160005262e+00 8.250607299804687500e+02
7.290432850535816023e+00 8.234419555664062500e+02
7.293866065911628560e+00 8.186459960937500000e+02
7.297299281287440209e+00 8.150203247070312500e+02
7.300732496663250970e+00 8.170419311523437500e+02
7.304165712039061731e+00 8.201250000000000000e+02
7.307598927414875156e+00 8.241328735351562500e+02
7.311032142790685917e+00 8.297090454101562500e+02
7.314465358166496678e+00 8.366749267578125000e+02
7.317898573542308327e+00 8.468145141601562500e+02
7.321331788918120864e+00 8.581057128906250000e+02
7.324765004293931625e+00 8.808241577148437500e+02
7.328198219669743274e+00 9.341449584960937500e+02
7.331631435045555811e+00 1.041980712890625000e+03
7.335064650421366572e+00 1.253587646484375000e+03
7.338497865797178221e+00 1.633727050781250000e+03
7.341931081172988982e+00 2.201837646484375000e+03
7.345364296548801519e+00 2.886852050781250000e+03
7.348797511924613168e+00 3.480691162109375000e+03
7.352230727300423929e+00 3.786217285156250000e+03
7.355663942676235578e+00 3.632481445312500000e+03
7.359097158052048115e+00 3.123913574218750000e+03
7.362530373427858876e+00 2.471719726562500000e+03
7.365963588803670525e+00 1.904829101562500000e+03
7.369396804179483063e+00 1.497668945312500000e+03
7.372830019555293823e+00 1.244447875976562500e+03
7.376263234931105472e+00 1.087521118164062500e+03
7.379696450306916233e+00 9.890380859375000000e+02
7.383129665682728771e+00 9.280969848632812500e+02
7.386562881058540420e+00 8.907686767578125000e+02
7.389996096434351180e+00 8.677446899414062500e+02
7.393429311810161941e+00 8.547694091796875000e+02
7.396862527185975367e+00 8.467423706054687500e+02
7.400295742561786128e+00 8.402974243164062500e+02
7.403728957937596888e+00 8.365441894531250000e+02
7.407162173313408537e+00 8.333587036132812500e+02
7.410595388689221075e+00 8.317158203125000000e+02
7.414028604065031836e+00 8.297537231445312500e+02
7.417461819440843485e+00 8.285934448242187500e+02
7.420895034816656022e+00 8.271233520507812500e+02
7.424328250192466783e+00 8.267310180664062500e+02
7.427761465568278432e+00 8.261657714843750000e+02
7.431194680944089193e+00 8.250020141601562500e+02
7.434627896319901730e+00 8.233002929687500000e+02
7.438061111695713379e+00 8.220564575195312500e+02
7.441494327071524140e+00 8.231984863281250000e+02
7.444927542447335789e+00 8.237181396484375000e+02
7.448360757823148326e+00 8.245814819335937500e+02
7.451793973198959087e+00 8.246102294921875000e+02
7.455227188574770736e+00 8.246339721679687500e+02
7.458660403950583273e+00 8.235947875976562500e+02
7.462093619326394034e+00 8.237319335937500000e+02
7.465526834702204795e+00 8.245687255859375000e+02
7.468960050078016444e+00 8.261755371093750000e+02
7.472393265453828981e+00 8.272536621093750000e+02
7.475826480829639742e+00 8.292568359375000000e+02
7.479259696205451391e+00 8.327044677734375000e+02
7.482692911581262152e+00 8.355362548828125000e+02
7.486126126957074689e+00 8.376408691406250000e+02
7.489559342332886338e+00 8.405350341796875000e+02
7.492992557708697099e+00 8.442273559570312500e+02
7.496425773084509636e+00 8.489550170898437500e+02
7.499858988460321285e+00 8.542778320312500000e+02
7.503292203836132046e+00 8.624629516601562500e+02
7.506725419211943695e+00 8.748598022460937500e+02
7.510158634587756232e+00 8.925127563476562500e+02
7.513591849963566993e+00 9.171503906250000000e+02
7.517025065339378642e+00 9.613728027343750000e+02
7.520458280715189403e+00 1.051163208007812500e+03
7.523891496091001940e+00 1.242541992187500000e+03
7.527324711466813589e+00 1.614356933593750000e+03
7.530757926842624350e+00 2.256156250000000000e+03
7.534191142218435111e+00 3.195454345703125000e+03
7.537624357594248536e+00 4.233198242187500000e+03
7.541057572970059297e+00 5.090449707031250000e+03
7.544490788345870058e+00 5.382842285156250000e+03
7.547924003721683484e+00 4.983987792968750000e+03
7.551357219097494244e+00 4.063128173828125000e+03
7.554790434473305005e+00 3.061501708984375000e+03
7.558223649849116654e+00 2.240185302734375000e+03
7.561656865224929192e+00 1.706884155273437500e+03
7.565090080600739952e+00 1.364767578125000000e+03
7.568523295976551601e+00 1.167914794921875000e+03
7.571956511352362362e+00 1.043025512695312500e+03
7.575389726728174900e+00 9.697390136718750000e+02
7.578822942103986549e+00 9.227163085937500000e+02
7.582256157479797309e+00 8.965737915039062500e+02
7.585689372855609847e+00 8.806021728515625000e+02
7.589122588231421496e+00 8.708229370117187500e+02
7.592555803607232257e+00 8.637736206054687500e+02
7.595989018983043906e+00 8.594777221679687500e+02
7.599422234358856443e+00 8.560789184570312500e+02
7.602855449734667204e+00 8.530679321289062500e+02
7.606288665110478853e+00 8.506385498046875000e+02
7.609721880486289614e+00 8.470657958984375000e+02
7.613155095862102151e+00 8.455990600585937500e+02
7.616588311237913800e+00 8.449705810546875000e+02
7.620021526613724561e+00 8.454832153320312500e+02
7.623454741989537098e+00 8.438264160156250000e+02
7.626887957365348747e+00 8.421613769531250000e+02
7.630321172741159508e+00 8.418737182617187500e+02
7.633754388116970269e+00 8.427729492187500000e+02
7.637187603492783694e+00 8.439511108398437500e+02
7.640620818868594455e+00 8.450063476562500000e+02
7.644054034244405216e+00 8.466092529296875000e+02
7.647487249620216865e+00 8.488210449218750000e+02
7.650920464996029402e+00 8.506326904296875000e+02
7.654353680371840163e+00 8.514392089843750000e+02
7.657786895747651812e+00 8.521689453125000000e+02
7.661220111123464349e+00 8.551821289062500000e+02
7.664653326499275110e+00 8.598280029296875000e+02
7.668086541875086759e+00 8.653798217773437500e+02
7.671519757250897520e+00 8.703704833984375000e+02
7.674952972626710057e+00 8.748168334960937500e+02
7.678386188002521706e+00 8.811284179687500000e+02
7.681819403378332467e+00 8.877701416015625000e+02
7.685252618754143228e+00 8.973555297851562500e+02
7.688685834129956653e+00 9.101994018554687500e+02
7.692119049505767414e+00 9.272939453125000000e+02
7.695552264881578175e+00 9.517966918945312500e+02
7.698985480257389824e+00 9.911110839843750000e+02
7.702418695633202361e+00 1.059118408203125000e+03
7.705851911009013122e+00 1.189638671875000000e+03
7.709285126384824771e+00 1.458263793945312500e+03
7.712718341760637308e+00 1.990689575195312500e+03
7.716151557136448069e+00 2.944944335937500000e+03
7.719584772512259718e+00 4.416161621093750000e+03
7.723017987888070479e+00 6.231439941406250000e+03
7.726451203263883016e+00 7.870023925781250000e+03
7.729884418639694665e+00 8.733324218750000000e+03
7.733317634015505426e+00 8.439967773437500000e+03
7.736750849391317075e+00 7.112562500000000000e+03
7.740184064767129613e+00 5.404123535156250000e+03
7.743617280142940373e+00 3.840114990234375000e+03
7.747050495518752022e+00 2.758418212890625000e+03
7.750483710894564560e+00 2.063598632812500000e+03
7.753916926270375320e+00 1.618369140625000000e+03
7.757350141646186970e+00 1.344723266601562500e+03
7.760783357021997730e+00 1.166233276367187500e+03
7.764216572397810268e+00 1.052791870117187500e+03
7.767649787773621917e+00 9.876003417968750000e+02
7.771083003149432678e+00 9.486430664062500000e+02
7.774516218525243438e+00 9.247328491210937500e+02
7.777949433901056864e+00 9.090526733398437500e+02
7.781382649276867625e+00 8.981169433593750000e+02
7.784815864652678385e+00 8.894738769531250000e+02
7.788249080028491811e+00 8.824613647460937500e+02
7.791682295404302572e+00 8.760573730468750000e+02
7.795115510780113333e+00 8.704664916992187500e+02
7.798548726155924982e+00 8.644584960937500000e+02
7.801981941531737519e+00 8.594442749023437500e+02
7.805415156907548280e+00 8.557901000976562500e+02
7.808848372283359929e+00 8.530907592773437500e+02
7.812281587659170690e+00 8.506862182617187500e+02
7.815714803034983227e+00 8.470137939453125000e+02
7.819148018410794876e+00 8.441084594726562500e+02
7.822581233786605637e+00 8.424277343750000000e+02
7.826014449162417286e+00 8.417224731445312500e+02
7.829447664538229823e+00 8.398704223632812500e+02
7.832880879914040584e+00 8.386771850585937500e+02
7.836314095289852233e+00 8.378136596679687500e+02
7.839747310665664770e+00 8.384165039062500000e+02
7.843180526041475531e+00 8.391705932617187500e+02
7.846613741417287180e+00 8.400555419921875000e+02
7.850046956793097941e+00 8.390451049804687500e+02
7.853480172168910478e+00 8.395640258789062500e+02
7.856913387544721239e+00 8.413095703125000000e+02
7.860346602920532888e+00 8.445007324218750000e+02
7.863779818296343649e+00 8.468665161132812500e+02
7.867213033672156186e+00 8.505974731445312500e+02
7.870646249047967835e+00 8.555721435546875000e+02
7.874079464423778596e+00 8.640769653320312500e+02
7.877512679799591133e+00 8.758104248046875000e+02
7.880945895175402782e+00 8.920821533203125000e+02
7.884379110551213543e+00 9.205123291015625000e+02
7.887812325927025192e+00 9.796270751953125000e+02
7.891245541302837729e+00 1.098970458984375000e+03
7.894678756678648490e+00 1.335982543945312500e+03
7.898111972054460139e+00 1.769235961914062500e+03
7.901545187430270900e+00 2.434072753906250000e+03
7.904978402806083437e+00 3.250426269531250000e+03
7.908411618181895086e+00 4.038383056640625000e+03
7.911844833557705847e+00 4.503661621093750000e+03
7.915278048933518384e+00 4.434974121093750000e+03
7.918711264309330033e+00 3.894445556640625000e+03
7.922144479685140794e+00 3.097902343750000000e+03
7.925577695060951555e+00 2.366037353515625000e+03
7.929010910436764981e+00 1.806741943359375000e+03
7.932444125812575741e+00 1.444101318359375000e+03
7.935877341188386502e+00 1.216180175781250000e+03
7.939310556564198151e+00 1.073810058593750000e+03
7.942743771940010689e+00 9.835628662109375000e+02
7.946176987315821449e+00 9.259141235351562500e+02
7.949610202691633098e+00 8.902252197265625000e+02
7.953043418067443859e+00 8.690834960937500000e+02
7.956476633443256397e+00 8.561470947265625000e+02
7.959909848819068046e+00 8.478532714843750000e+02
7.963343064194878806e+00 8.418652343750000000e+02
7.966776279570691344e+00 8.367175903320312500e+02
7.970209494946502993e+00 8.314015502929687500e+02
7.973642710322313754e+00 8.283912353515625000e+02
7.977075925698125403e+00 8.259890747070312500e+02
7.980509141073937940e+00 8.232032470703125000e+02
7.983942356449748701e+00 8.197658691406250000e+02
7.987375571825560350e+00 8.167762451171875000e+02
7.990808787201371111e+00 8.138234863281250000e+02
7.994242002577183648e+00 8.120340576171875000e+02
7.997675217952995297e+00 8.096652221679687500e+02
8.001108433328806058e+00 8.098372802734375000e+02
8.004541648704618595e+00 8.093712768554687500e+02
8.007974864080429356e+00 8.078007812500000000e+02
8.011408079456240117e+00 8.044613647460937500e+02
8.014841294832052654e+00 8.007398071289062500e+02
8.018274510207865191e+00 7.987600708007812500e+02
8.021707725583675952e+00 7.977034912109375000e+02
8.025140940959486713e+00 7.972498779296875000e+02
8.028574156335297474e+00 7.951082153320312500e+02
8.032007371711110011e+00 7.942139282226562500e+02
8.035440587086922548e+00 7.939440917968750000e+02
8.038873802462733309e+00 7.943213500976562500e+02
8.042307017838545846e+00 7.937369995117187500e+02
8.045740233214356607e+00 7.931062011718750000e+02
8.049173448590167368e+00 7.919611816406250000e+02
8.052606663965979905e+00 7.911985473632812500e+02
8.056039879341792442e+00 7.904598388671875000e+02
8.059473094717603203e+00 7.898942260742187500e+02
8.062906310093413964e+00 7.898368530273437500e+02
8.066339525469224725e+00 7.896452636718750000e+02
8.069772740845037262e+00 7.879359130859375000e+02
8.073205956220849799e+00 7.856393432617187500e+02
8.076639171596660560e+00 7.855011596679687500e+02
8.080072386972473097e+00 7.865552368164062500e+02
8.083505602348283858e+00 7.877105102539062500e+02
8.086938817724094619e+00 7.873043823242187500e+02
8.090372033099905380e+00 7.868770751953125000e+02
8.093805248475719694e+00 7.857830810546875000e+02
8.097238463851530454e+00 7.855494384765625000e+02
8.100671679227341215e+00 7.868839111328125000e+02
8.104104894603151976e+00 7.877812500000000000e+02
8.107538109978964513e+00 7.878105468750000000e+02
8.110971325354775274e+00 7.863536987304687500e+02
8.114404540730587811e+00 7.868301391601562500e+02
8.117837756106398572e+00 7.879031372070312500e+02
8.121270971482211110e+00 7.890128173828125000e+02
8.124704186858021870e+00 7.897232055664062500e+02
8.128137402233832631e+00 7.902206420898437500e+02
8.131570617609645168e+00 7.892570800781250000e+02
8.135003832985457706e+00 7.885818481445312500e+02
8.138437048361268467e+00 7.879344482421875000e+02
8.141870263737079227e+00 7.878816528320312500e+02
8.145303479112891765e+00 7.871111450195312500e+02
8.148736694488702526e+00 7.868309326171875000e+02
8.152169909864513286e+00 7.865219116210937500e+02
8.155603125240325824e+00 7.865301513671875000e+02
8.159036340616138361e+00 7.874450683593750000e+02
8.162469555991949122e+00 7.888285522460937500e+02
8.165902771367759883e+00 7.895661010742187500e+02
8.169335986743572420e+00 7.900845336914062500e+02
8.172769202119383181e+00 7.912974853515625000e+02
8.176202417495195718e+00 7.925288696289062500e+02
8.179635632871006479e+00 7.917407836914062500e+02
8.183068848246819016e+00 7.923032226562500000e+02
8.186502063622629777e+00 7.922879638671875000e+02
8.189935278998440538e+00 7.952542114257812500e+02
8.193368494374253075e+00 7.964502563476562500e+02
8.196801709750065612e+00 7.978381958007812500e+02
8.200234925125876373e+00 7.975565185546875000e+02
8.203668140501687134e+00 7.983883666992187500e+02
8.207101355877499671e+00 7.990225830078125000e+02
8.210534571253310432e+00 8.012138671875000000e+02
8.213967786629122969e+00 8.044185180664062500e+02
8.217401002004933730e+00 8.072996826171875000e+02
8.220834217380746267e+00 8.100135498046875000e+02
8.224267432756557028e+00 8.118607788085937500e+02
8.227700648132367789e+00 8.158298339843750000e+02
8.231133863508178550e+00 8.234601440429687500e+02
8.234567078883992863e+00 8.359392089843750000e+02
8.238000294259803624e+00 8.574801025390625000e+02
8.241433509635614385e+00 8.983299560546875000e+02
8.244866725011425146e+00 9.788455810546875000e+02
8.248299940387237683e+00 1.141294799804687500e+03
8.251733155763048444e+00 1.417886474609375000e+03
8.255166371138860981e+00 1.806752197265625000e+03
8.258599586514673518e+00 2.236331054687500000e+03
8.262032801890484279e+00 2.587289550781250000e+03
8.265466017266295040e+00 2.724300292968750000e+03
8.268899232642105801e+00 2.583463623046875000e+03
8.272332448017918338e+00 2.246458984375000000e+03
8.275765663393730875e+00 1.839528076171875000e+03
8.279198878769541636e+00 1.501564331054687500e+03
8.282632094145352397e+00 1.253915527343750000e+03
8.286065309521164934e+00 1.095825195312500000e+03
8.289498524896975695e+00 9.968701782226562500e+02
8.292931740272788232e+00 9.295239257812500000e+02
8.296364955648600770e+00 8.860064086914062500e+02
8.299798171024411531e+00 8.559374389648437500e+02
8.303231386400222291e+00 8.393543090820312500e+02
8.306664601776033052e+00 8.289075317382812500e+02
8.310097817151845589e+00 8.216489257812500000e+02
8.313531032527658127e+00 8.171890869140625000e+02
8.316964247903468888e+00 8.149494018554687500e+02
8.320397463279279648e+00 8.153173217773437500e+02
8.323830678655092186e+00 8.132268066406250000e+02
8.327263894030902946e+00 8.098380126953125000e+02
8.330697109406713707e+00 8.070729370117187500e+02
8.334130324782526245e+00 8.063826904296875000e+02
8.337563540158338782e+00 8.066136474609375000e+02
8.340996755534149543e+00 8.069956665039062500e+02
8.344429970909960304e+00 8.054715576171875000e+02
8.347863186285772841e+00 8.052026977539062500e+02
8.351296401661583602e+00 8.038680419921875000e+02
8.354729617037396139e+00 8.054987182617187500e+02
8.358162832413206900e+00 8.075303344726562500e+02
8.361596047789019437e+00 8.085729980468750000e+02
8.365029263164830198e+00 8.095056152343750000e+02
8.368462478540640959e+00 8.090410766601562500e+02
8.371895693916451719e+00 8.089708862304687500e+02
8.375328909292266033e+00 8.086516723632812500e+02
8.378762124668076794e+00 8.092774047851562500e+02
8.382195340043887555e+00 8.111498413085937500e+02
8.385628555419700092e+00 8.121626586914062500e+02
8.389061770795510853e+00 8.143854370117187500e+02
8.392494986171321614e+00 8.176625976562500000e+02
8.395928201547134151e+00 8.223510131835937500e+02
8.399361416922946688e+00 8.286812133789062500e+02
8.402794632298757449e+00 8.363885498046875000e+02
8.406227847674568210e+00 8.507042236328125000e+02
8.409661063050378971e+00 8.776036376953125000e+02
8.413094278426191508e+00 9.302445678710937500e+02
8.416527493802004045e+00 1.036948852539062500e+03
8.419960709177814806e+00 1.243724121093750000e+03
8.423393924553627343e+00 1.591480224609375000e+03
8.426827139929438104e+00 2.053025634765625000e+03
8.430260355305248865e+00 2.489014892578125000e+03
8.433693570681061402e+00 2.747702392578125000e+03
8.437126786056873939e+00 2.748639404296875000e+03
8.440560001432684700e+00 2.504651855468750000e+03
8.443993216808495461e+00 2.106571044921875000e+03
8.447426432184306222e+00 1.716719238281250000e+03
8.450859647560118759e+00 1.405254882812500000e+03
8.454292862935931296e+00 1.197325195312500000e+03
8.457726078311742057e+00 1.064189086914062500e+03
8.461159293687554594e+00 9.780219726562500000e+02
8.464592509063365355e+00 9.227249755859375000e+02
8.468025724439176116e+00 8.844610595703125000e+02
8.471458939814986877e+00 8.615411376953125000e+02
8.474892155190801191e+00 8.471217651367187500e+02
8.478325370566611952e+00 8.400561523437500000e+02
8.481758585942422712e+00 8.333440551757812500e+02
8.485191801318233473e+00 8.294479980468750000e+02
8.488625016694046010e+00 8.281975708007812500e+02
8.492058232069856771e+00 8.265556640625000000e+02
8.495491447445669309e+00 8.276900024414062500e+02
8.498924662821481846e+00 8.262029418945312500e+02
8.502357878197292607e+00 8.271484375000000000e+02
8.505791093573103367e+00 8.262954101562500000e+02
8.509224308948914128e+00 8.263017578125000000e+02
8.512657524324726666e+00 8.255696411132812500e+02
8.516090739700539203e+00 8.264763793945312500e+02
8.519523955076349964e+00 8.279874877929687500e+02
8.522957170452160724e+00 8.306536254882812500e+02
8.526390385827973262e+00 8.341295776367187500e+02
8.529823601203784023e+00 8.407896118164062500e+02
8.533256816579594783e+00 8.465321655273437500e+02
8.536690031955407321e+00 8.487799682617187500e+02
8.540123247331219858e+00 8.484785766601562500e+02
8.543556462707030619e+00 8.510611572265625000e+02
8.546989678082841380e+00 8.571516113281250000e+02
8.550422893458653917e+00 8.662566528320312500e+02
8.553856108834464678e+00 8.743886108398437500e+02
8.557289324210277215e+00 8.834110107421875000e+02
8.560722539586087976e+00 8.952891845703125000e+02
8.564155754961900513e+00 9.101879272460937500e+02
8.567588970337711274e+00 9.313544311523437500e+02
8.571022185713522035e+00 9.641663208007812500e+02
8.574455401089334572e+00 1.021006591796875000e+03
8.577888616465147109e+00 1.127295532226562500e+03
8.581321831840957870e+00 1.339884521484375000e+03
8.584755047216768631e+00 1.766266845703125000e+03
8.588188262592581168e+00 2.557505615234375000e+03
8.591621477968391929e+00 3.801935791015625000e+03
8.595054693344204466e+00 5.412604003906250000e+03
8.598487908720015227e+00 7.027383300781250000e+03
8.601921124095827764e+00 8.036705078125000000e+03
8.605354339471638525e+00 8.082759277343750000e+03
8.608787554847449286e+00 7.136984375000000000e+03
8.612220770223260047e+00 5.662804687500000000e+03
8.615653985599074360e+00 4.207969238281250000e+03
8.619087200974885121e+00 3.049511230468750000e+03
8.622520416350695882e+00 2.267254882812500000e+03
8.625953631726508419e+00 1.772402587890625000e+03
8.629386847102319180e+00 1.453373535156250000e+03
8.632820062478129941e+00 1.247455810546875000e+03
8.636253277853942478e+00 1.106694824218750000e+03
8.639686493229755015e+00 1.016555847167968750e+03
8.643119708605565776e+00 9.637656250000000000e+02
8.646552923981376537e+00 9.312836914062500000e+02
8.649986139357187298e+00 9.101054077148437500e+02
8.653419354732999835e+00 8.964993286132812500e+02
8.656852570108812372e+00 8.840974731445312500e+02
8.660285785484623133e+00 8.725333862304687500e+02
8.663719000860433894e+00 8.645091552734375000e+02
8.667152216236246431e+00 8.596983032226562500e+02
8.670585431612057192e+00 8.583524780273437500e+02
8.674018646987869730e+00 8.559330444335937500e+02
8.677451862363682267e+00 8.544689941406250000e+02
8.680885077739493028e+00 8.504415893554687500e+02
8.684318293115303788e+00 8.457056274414062500e+02
8.687751508491114549e+00 8.431162109375000000e+02
8.691184723866927087e+00 8.417803955078125000e+02
8.694617939242739624e+00 8.411066284179687500e+02
8.698051154618550385e+00 8.387202758789062500e+02
8.701484369994361145e+00 8.367211914062500000e+02
8.704917585370173683e+00 8.349705810546875000e+02
8.708350800745984444e+00 8.334449462890625000e+02
8.711784016121795204e+00 8.342937011718750000e+02
8.715217231497607742e+00 8.373868408203125000e+02
8.718650446873420279e+00 8.407409057617187500e+02
8.722083662249231040e+00 8.433886108398437500e+02
8.725516877625041801e+00 8.463308105468750000e+02
8.728950093000854338e+00 8.503239746093750000e+02
8.732383308376665099e+00 8.575877075195312500e+02
8.735816523752477636e+00 8.716601562500000000e+02
8.739249739128288397e+00 8.987832031250000000e+02
8.742682954504100934e+00 9.489891967773437500e+02
8.746116169879911695e+00 1.051010742187500000e+03
8.749549385255722456e+00 1.258178466796875000e+03
8.752982600631534993e+00 1.605787109375000000e+03
8.756415816007347530e+00 2.147480468750000000e+03
8.759849031383158291e+00 2.816289062500000000e+03
8.763282246758969052e+00 3.464354736328125000e+03
8.766715462134781589e+00 3.836964355468750000e+03
8.770148677510592350e+00 3.802063964843750000e+03
8.773581892886403111e+00 3.383883300781250000e+03
8.777015108262215648e+00 2.778950439453125000e+03
8.780448323638028185e+00 2.202976074218750000e+03
8.783881539013838946e+00 1.740444213867187500e+03
8.787314754389649707e+00 1.432243041992187500e+03
8.790747969765460468e+00 1.220959472656250000e+03
8.794181185141273005e+00 1.086761474609375000e+03
8.797614400517085542e+00 9.950045776367187500e+02
8.801047615892896303e+00 9.292075805664062500e+02
8.804480831268708840e+00 8.855209960937500000e+02
8.807914046644519601e+00 8.601509399414062500e+02
8.811347262020330362e+00 8.426231079101562500e+02
8.814780477396142899e+00 8.318431396484375000e+02
8.818213692771955436e+00 8.244401245117187500e+02
8.821646908147766197e+00 8.207015380859375000e+02
8.825080123523576958e+00 8.170440673828125000e+02
8.828513338899387719e+00 8.129934082031250000e+02
8.831946554275200256e+00 8.094085693359375000e+02
8.835379769651012793e+00 8.071013183593750000e+02
8.838812985026823554e+00 8.051577148437500000e+02
8.842246200402636092e+00 8.028885498046875000e+02
8.845679415778446852e+00 8.008936157226562500e+02
8.849112631154257613e+00 8.011422729492187500e+02
8.852545846530068374e+00 7.991585693359375000e+02
8.855979061905882688e+00 7.961035766601562500e+02
8.859412277281693449e+00 7.928319702148437500e+02
8.862845492657504209e+00 7.918199462890625000e+02
8.866278708033314970e+00 7.927962646484375000e+02
8.869711923409127508e+00 7.917254638671875000e+02
8.873145138784938268e+00 7.908144531250000000e+02
8.876578354160750806e+00 7.886367187500000000e+02
8.880011569536563343e+00 7.890231323242187500e+02
8.883444784912374104e+00 7.912366333007812500e+02
8.886878000288184865e+00 7.915847778320312500e+02
8.890311215663995625e+00 7.890590209960937500e+02
8.893744431039808163e+00 7.851431884765625000e+02
8.897177646415620700e+00 7.844868164062500000e+02
8.900610861791431461e+00 7.860203857421875000e+02
8.904044077167242222e+00 7.879603881835937500e+02
8.907477292543054759e+00 7.888295288085937500e+02
8.910910507918865520e+00 7.873141479492187500e+02
8.914343723294676280e+00 7.852550048828125000e+02
8.917776938670490594e+00 7.835328369140625000e+02
8.921210154046301355e+00 7.832714843750000000e+02
8.924643369422112116e+00 7.836807861328125000e+02
8.928076584797922877e+00 7.841187744140625000e+02
8.931509800173735414e+00 7.838129272460937500e+02
8.934943015549546175e+00 7.849223022460937500e+02
8.938376230925358712e+00 7.850019531250000000e+02
8.941809446301169473e+00 7.851167602539062500e+02
8.945242661676982010e+00 7.840425415039062500e+02
8.948675877052792771e+00 7.835582885742187500e+02
8.952109092428603532e+00 7.830806884765625000e+02
8.955542307804416069e+00 7.825147705078125000e+02
8.958975523180228606e+00 7.837752685546875000e+02
8.962408738556039367e+00 7.853178100585937500e+02
8.965841953931850128e+00 7.868776855468750000e+02
8.969275169307662665e+00 7.865634765625000000e+02
8.972708384683473426e+00 7.884868774414062500e+02
8.976141600059285963e+00 7.883418579101562500e+02
8.979574815435096724e+00 7.879022827148437500e+02
8.983008030810909261e+00 7.884641723632812500e+02
8.986441246186720022e+00 7.890693359375000000e+02
8.989874461562530783e+00 7.917604980468750000e+02
8.993307676938341544e+00 7.923663330078125000e+02
8.996740892314155857e+00 7.951890869140625000e+02
9.000174107689966618e+00 7.960430908203125000e+02
9.003607323065777379e+00 7.982280273437500000e+02
9.007040538441589916e+00 7.969011230468750000e+02
9.010473753817400677e+00 7.958367309570312500e+02
9.013906969193211438e+00 7.981800537109375000e+02
9.017340184569023975e+00 8.044478759765625000e+02
9.020773399944836513e+00 8.097409667968750000e+02
9.024206615320647273e+00 8.113980712890625000e+02
9.027639830696458034e+00 8.139531860351562500e+02
9.031073046072268795e+00 8.176378173828125000e+02
9.034506261448081332e+00 8.231612548828125000e+02
9.037939476823893870e+00 8.288499755859375000e+02
9.041372692199704630e+00 8.353775024414062500e+02
9.044805907575517168e+00 8.447437133789062500e+02
9.048239122951327928e+00 8.579778442382812500e+02
9.051672338327138689e+00 8.760228881835937500e+02
9.055105553702951227e+00 9.008092041015625000e+02
9.058538769078763764e+00 9.481470947265625000e+02
9.061971984454574525e+00 1.029260009765625000e+03
9.065405199830385286e+00 1.184772338867187500e+03
9.068838415206196046e+00 1.486154785156250000e+03
9.072271630582008584e+00 2.059281982421875000e+03
9.075704845957821121e+00 2.917570556640625000e+03
9.079138061333631882e+00 4.021447509765625000e+03
9.082571276709442643e+00 5.084557128906250000e+03
9.086004492085255180e+00 5.696704589843750000e+03
9.089437707461065941e+00 5.685103515625000000e+03
9.092870922836876701e+00 5.039219726562500000e+03
9.096304138212691015e+00 4.108979980468750000e+03
9.099737353588501776e+00 3.160407470703125000e+03
9.103170568964312537e+00 2.398936279296875000e+03
9.106603784340123298e+00 1.878643066406250000e+03
9.110036999715935835e+00 1.527244506835937500e+03
9.113470215091746596e+00 1.287356689453125000e+03
9.116903430467559133e+00 1.128472290039062500e+03
9.120336645843369894e+00 1.023446777343750000e+03
9.123769861219182431e+00 9.517268676757812500e+02
9.127203076594993192e+00 9.046702880859375000e+02
9.130636291970803953e+00 8.754060668945312500e+02
9.134069507346616490e+00 8.552776489257812500e+02
9.137502722722429027e+00 8.447515258789062500e+02
9.140935938098239788e+00 8.378757324218750000e+02
9.144369153474050549e+00 8.331519165039062500e+02
9.147802368849863086e+00 8.267972412109375000e+02
9.151235584225673847e+00 8.211973876953125000e+02
9.154668799601484608e+00 8.163767089843750000e+02
9.158102014977297145e+00 8.135338134765625000e+02
9.161535230353109682e+00 8.124413452148437500e+02
9.164968445728920443e+00 8.110384521484375000e+02
9.168401661104731204e+00 8.092443847656250000e+02
9.171834876480543741e+00 8.089155273437500000e+02
9.175268091856354502e+00 8.085127563476562500e+02
9.178701307232167039e+00 8.081950073242187500e+02
9.182134522607977800e+00 8.069848632812500000e+02
9.185567737983790337e+00 8.063103027343750000e+02
9.189000953359601098e+00 8.053392944335937500e+02
9.192434168735411859e+00 8.041664428710937500e+02
9.195867384111224396e+00 8.049311523437500000e+02
9.199300599487036934e+00 8.061375732421875000e+02
9.202733814862847694e+00 8.082329101562500000e+02
9.206167030238658455e+00 8.095302124023437500e+02
9.209600245614470992e+00 8.156048583984375000e+02
9.213033460990281753e+00 8.261003417968750000e+02
9.216466676366094291e+00 8.521103515625000000e+02
9.219899891741905051e+00 9.001198730468750000e+02
9.223333107117717589e+00 9.953970947265625000e+02
9.226766322493528349e+00 1.173370117187500000e+03
9.230199537869339110e+00 1.468789794921875000e+03
9.233632753245149871e+00 1.854079345703125000e+03
9.237065968620964185e+00 2.259320068359375000e+03
9.240499183996774946e+00 2.543207763671875000e+03
9.243932399372585706e+00 2.604474121093750000e+03
9.247365614748396467e+00 2.443000244140625000e+03
9.250798830124209005e+00 2.109140380859375000e+03
9.254232045500019765e+00 1.763582641601562500e+03
9.257665260875832303e+00 1.470911499023437500e+03
9.261098476251644840e+00 1.254251586914062500e+03
9.264531691627455601e+00 1.100662109375000000e+03
9.267964907003266362e+00 9.974818725585937500e+02
9.271398122379077122e+00 9.228223876953125000e+02
9.274831337754889660e+00 8.658471069335937500e+02
9.278264553130702197e+00 8.295767822265625000e+02
9.281697768506512958e+00 8.110131835937500000e+02
9.285130983882323719e+00 8.042738037109375000e+02
9.288564199258136256e+00 7.964915771484375000e+02
9.291997414633947017e+00 7.917103881835937500e+02
9.295430630009759554e+00 7.860523681640625000e+02
9.298863845385572091e+00 7.803598632812500000e+02
9.302297060761382852e+00 7.768870849609375000e+02
9.305730276137193613e+00 7.756481323242187500e+02
9.309163491513004374e+00 7.747490844726562500e+02
9.312596706888816911e+00 7.729013671875000000e+02
9.316029922264627672e+00 7.715739135742187500e+02
9.319463137640440209e+00 7.698395385742187500e+02
9.322896353016250970e+00 7.693018798828125000e+02
9.326329568392063507e+00 7.690143432617187500e+02
9.329762783767874268e+00 7.706334228515625000e+02
9.333195999143685029e+00 7.691896972656250000e+02
9.336629214519497566e+00 7.678917236328125000e+02
9.340062429895310103e+00 7.641958007812500000e+02
9.343495645271120864e+00 7.637352905273437500e+02
9.346928860646931625e+00 7.632044677734375000e+02
9.350362076022744162e+00 7.627555541992187500e+02
9.353795291398554923e+00 7.614392089843750000e+02
9.357228506774367460e+00 7.610958251953125000e+02
9.360661722150178221e+00 7.626414794921875000e+02
9.364094937525990758e+00 7.694797363281250000e+02
9.367528152901801519e+00 7.711869506835937500e+02
9.370961368277612280e+00 7.679877929687500000e+02
9.374394583653423041e+00 7.595258789062500000e+02
9.377827799029237354e+00 7.588553466796875000e+02
9.381261014405048115e+00 7.591964111328125000e+02
9.384694229780858876e+00 7.591708984375000000e+02
9.388127445156671413e+00 7.229494628906250000e+02
9.391560660532482174e+00 7.223005371093750000e+02
9.394993875908292935e+00 7.274470825195312500e+02
9.398427091284105472e+00 7.596950683593750000e+02
9.401860306659918010e+00 7.595830078125000000e+02
9.405293522035728770e+00 7.597178344726562500e+02
9.408726737411539531e+00 7.607399291992187500e+02
9.412159952787350292e+00 7.607334594726562500e+02
9.415593168163162829e+00 7.603379516601562500e+02
9.419026383538975367e+00 7.588190917968750000e+02
9.422459598914786127e+00 7.587409667968750000e+02
9.425892814290598665e+00 7.578322753906250000e+02
9.429326029666409426e+00 7.543989257812500000e+02
9.432759245042220186e+00 7.536220703125000000e+02
9.436192460418032724e+00 7.538258056640625000e+02
9.439625675793845261e+00 7.555905761718750000e+02
9.443058891169656022e+00 7.564320068359375000e+02
9.446492106545466783e+00 7.573984375000000000e+02
9.449925321921277543e+00 7.585026855468750000e+02
9.453358537297090081e+00 7.591201171875000000e+02
9.456791752672902618e+00 7.569909057617187500e+02
9.460224968048713379e+00 7.564880981445312500e+02
9.463658183424525916e+00 7.562261962890625000e+02
9.467091398800336677e+00 7.591033325195312500e+02
9.470524614176147438e+00 7.598978881835937500e+02
9.473957829551958199e+00 7.593980712890625000e+02
9.477391044927772512e+00 7.579328613281250000e+02
9.480824260303583273e+00 7.575656127929687500e+02
9.484257475679394034e+00 7.575895385742187500e+02
9.487690691055204795e+00 7.580298461914062500e+02
9.491123906431017332e+00 7.582333374023437500e+02
9.494557121806828093e+00 7.578647460937500000e+02
9.497990337182640630e+00 7.605460815429687500e+02
9.501423552558451391e+00 7.620094604492187500e+02
9.504856767934263928e+00 7.639510498046875000e+02
9.508289983310074689e+00 7.657701416015625000e+02
9.511723198685885450e+00 7.691846923828125000e+02
9.515156414061697987e+00 7.757314453125000000e+02
9.518589629437510524e+00 7.832687988281250000e+02
9.522022844813321285e+00 8.002989501953125000e+02
9.525456060189132046e+00 8.307979125976562500e+02
9.528889275564944583e+00 8.888721313476562500e+02
9.532322490940755344e+00 9.888762207031250000e+02
9.535755706316566105e+00 1.127329101562500000e+03
9.539188921692378642e+00 1.297924560546875000e+03
9.542622137068191179e+00 1.441662719726562500e+03
9.546055352444001940e+00 1.518718261718750000e+03
9.549488567819812701e+00 1.489561401367187500e+03
9.552921783195625238e+00 1.380104003906250000e+03
9.556354998571435999e+00 1.238556396484375000e+03
9.559788213947248536e+00 1.102852661132812500e+03
9.563221429323059297e+00 9.964931030273437500e+02
9.566654644698871834e+00 9.188542480468750000e+02
9.570087860074682595e+00 8.675867919921875000e+02
9.573521075450493356e+00 8.350527343750000000e+02
9.576954290826305893e+00 8.095350341796875000e+02
9.580387506202118431e+00 7.946313476562500000e+02
9.583820721577929191e+00 7.846904296875000000e+02
9.587253936953739952e+00 7.762928466796875000e+02
9.590687152329552490e+00 7.589639892578125000e+02
9.594120367705363250e+00 7.422191772460937500e+02
9.597553583081175788e+00 7.446086425781250000e+02
9.600986798456986548e+00 7.648361816406250000e+02
9.604420013832799086e+00 7.747863159179687500e+02
9.607853229208609847e+00 7.726636962890625000e+02
9.611286444584420607e+00 7.690316772460937500e+02
9.614719659960231368e+00 7.707700805664062500e+02
9.618152875336045682e+00 7.712187500000000000e+02
9.621586090711856443e+00 7.694190063476562500e+02
9.625019306087667204e+00 7.718995361328125000e+02
9.628452521463479741e+00 7.777173461914062500e+02
9.631885736839290502e+00 7.824691772460937500e+02
9.635318952215101262e+00 7.809393310546875000e+02
9.638752167590913800e+00 7.779296875000000000e+02
9.642185382966726337e+00 7.804580688476562500e+02
9.645618598342537098e+00 7.851752929687500000e+02
9.649051813718347859e+00 7.919436035156250000e+02
9.652485029094158620e+00 7.971997070312500000e+02
9.655918244469971157e+00 8.043929443359375000e+02
9.659351459845783694e+00 8.134259643554687500e+02
9.662784675221594455e+00 8.301430053710937500e+02
9.666217890597405216e+00 8.552984619140625000e+02
9.669651105973217753e+00 9.052052612304687500e+02
9.673084321349028514e+00 9.991040649414062500e+02
9.676517536724841051e+00 1.191008422851562500e+03
9.679950752100653588e+00 1.555003662109375000e+03
9.683383967476464349e+00 2.068951416015625000e+03
9.686817182852275110e+00 2.758496337890625000e+03
9.690250398228085871e+00 3.414815185546875000e+03
9.693683613603898408e+00 3.797571289062500000e+03
9.697116828979709169e+00 3.795257080078125000e+03
9.700550044355521706e+00 3.387430419921875000e+03
9.703983259731332467e+00 2.796853027343750000e+03
9.707416475107145004e+00 2.212336181640625000e+03
9.710849690482955765e+00 1.737645263671875000e+03
9.714282905858766526e+00 1.414594848632812500e+03
9.717716121234579063e+00 1.214153320312500000e+03
9.721149336610391600e+00 1.077424560546875000e+03
9.724582551986202361e+00 9.847120971679687500e+02
9.728015767362013122e+00 9.218960571289062500e+02
9.731448982737825659e+00 8.724815063476562500e+02
9.734882198113636420e+00 8.393137207031250000e+02
9.738315413489448957e+00 8.168745117187500000e+02
9.741748628865259718e+00 8.063178100585937500e+02
9.745181844241072255e+00 7.974385986328125000e+02
9.748615059616883016e+00 7.941640625000000000e+02
9.752048274992693777e+00 7.891044311523437500e+02
9.755481490368506314e+00 7.854672851562500000e+02
9.758914705744318852e+00 7.806647338867187500e+02
9.762347921120129612e+00 7.795697631835937500e+02
9.765781136495940373e+00 7.822625122070312500e+02
9.769214351871752910e+00 7.907631225585937500e+02
9.772647567247563671e+00 7.920601806640625000e+02
9.776080782623374432e+00 7.898376464843750000e+02
9.779513997999186969e+00 7.819992065429687500e+02
9.782947213374999507e+00 7.797454833984375000e+02
9.786380428750810268e+00 7.776380004882812500e+02
9.789813644126621028e+00 7.798306884765625000e+02
9.793246859502431789e+00 7.819553222656250000e+02
9.796680074878244326e+00 7.887005004882812500e+02
9.800113290254056864e+00 7.917583618164062500e+02
9.803546505629867625e+00 8.008522338867187500e+02
9.806979721005680162e+00 8.101335449218750000e+02
9.810412936381490923e+00 8.259511108398437500e+02
9.813846151757301683e+00 8.545803833007812500e+02
9.817279367133114221e+00 9.133945312500000000e+02
9.820712582508926758e+00 1.020448730468750000e+03
9.824145797884737519e+00 1.233459106445312500e+03
9.827579013260548280e+00 1.600626708984375000e+03
9.831012228636359040e+00 2.064992675781250000e+03
9.834445444012171578e+00 2.636767822265625000e+03
9.837878659387984115e+00 3.146685302734375000e+03
9.841311874763794876e+00 3.379129394531250000e+03
9.844745090139607413e+00 3.334842285156250000e+03
9.848178305515418174e+00 2.976686279296875000e+03
9.851611520891228935e+00 2.499366210937500000e+03
9.855044736267039696e+00 2.048735595703125000e+03
9.858477951642854009e+00 1.648252197265625000e+03
9.861911167018664770e+00 1.394060791015625000e+03
9.865344382394475531e+00 1.197782592773437500e+03
9.868777597770286292e+00 1.057153686523437500e+03
9.872210813146098829e+00 9.569536132812500000e+02
9.875644028521909590e+00 8.893297729492187500e+02
9.879077243897722127e+00 8.475656738281250000e+02
9.882510459273534664e+00 8.183873901367187500e+02
9.885943674649345425e+00 7.997647705078125000e+02
9.889376890025156186e+00 7.863699951171875000e+02
9.892810105400966947e+00 7.793181152343750000e+02
9.896243320776779484e+00 7.771802368164062500e+02
9.899676536152592021e+00 7.751362915039062500e+02
9.903109751528402782e+00 7.714403076171875000e+02
9.906542966904213543e+00 7.663961791992187500e+02
9.909976182280026080e+00 7.607134399414062500e+02
9.913409397655836841e+00 7.595513916015625000e+02
9.916842613031647602e+00 7.589616088867187500e+02
9.920275828407460139e+00 7.600971069335937500e+02
9.923709043783272676e+00 7.586865234375000000e+02
9.927142259159083437e+00 7.582147216796875000e+02
9.930575474534894198e+00 7.573696289062500000e+02
9.934008689910706735e+00 7.556547241210937500e+02
9.937441905286517496e+00 7.543452148437500000e+02
9.940875120662330033e+00 7.551900024414062500e+02
9.944308336038140794e+00 7.581808471679687500e+02
9.947741551413953331e+00 7.670360717773437500e+02
9.951174766789764092e+00 7.739014282226562500e+02
9.954607982165574853e+00 7.872367553710937500e+02
9.958041197541387390e+00 8.058710327148437500e+02
9.961474412917199928e+00 8.550963134765625000e+02
9.964907628293010688e+00 9.436829833984375000e+02
9.968340843668821449e+00 1.103568481445312500e+03
9.971774059044633987e+00 1.408288208007812500e+03
9.975207274420444747e+00 1.833611938476562500e+03
9.978640489796257285e+00 2.256668701171875000e+03
9.982073705172068045e+00 2.680686035156250000e+03
9.985506920547880583e+00 2.806393310546875000e+03
9.988940135923691344e+00 2.713207275390625000e+03
9.992373351299502104e+00 2.409424804687500000e+03
9.995806566675312865e+00 2.009304687500000000e+03
9.999239782051127179e+00 1.701715087890625000e+03
1.000267299742693794e+01 1.429564208984375000e+03
1.000610621280274870e+01 1.223376708984375000e+03
1.000953942817856124e+01 1.087461669921875000e+03
1.001297264355437200e+01 9.737006835937500000e+02
1.001640585893018276e+01 8.902678833007812500e+02
1.001983907430599530e+01 8.326977539062500000e+02
1.002327228968180783e+01 7.925342407226562500e+02
1.002670550505761859e+01 7.669158935546875000e+02
1.003013872043342936e+01 7.470241088867187500e+02
1.003357193580924012e+01 7.342166748046875000e+02
1.003700515118505265e+01 7.288386840820312500e+02
1.004043836656086519e+01 7.228009033203125000e+02
1.004387158193667595e+01 7.178026733398437500e+02
1.004730479731248849e+01 7.133527832031250000e+02
1.005073801268829925e+01 7.129042968750000000e+02
1.005417122806411001e+01 7.135650024414062500e+02
1.005760444343992255e+01 7.118174438476562500e+02
1.006103765881573509e+01 7.118228149414062500e+02
1.006447087419154585e+01 7.025945434570312500e+02
1.006790408956735661e+01 6.949168090820312500e+02
1.007133730494316737e+01 6.888508300781250000e+02
1.007477052031897991e+01 6.918732299804687500e+02
1.007820373569479067e+01 6.958956909179687500e+02
1.008163695107060320e+01 6.979217529296875000e+02
1.008507016644641396e+01 7.002987670898437500e+02
1.008850338182222650e+01 6.951434326171875000e+02
1.009193659719803726e+01 6.953839721679687500e+02
1.009536981257384802e+01 6.961917724609375000e+02
1.009880302794966056e+01 7.028978881835937500e+02
1.010223624332547310e+01 7.168378906250000000e+02
1.010566945870128386e+01 7.470531005859375000e+02
1.010910267407709462e+01 8.195251464843750000e+02
1.011253588945290716e+01 9.334992675781250000e+02
1.011596910482871792e+01 1.110316772460937500e+03
1.011940232020453045e+01 1.353653076171875000e+03
1.012283553558034122e+01 1.563098754882812500e+03
1.012626875095615375e+01 1.717605468750000000e+03
1.012970196633196451e+01 1.735674682617187500e+03
1.013313518170777527e+01 1.620455322265625000e+03
1.013656839708358781e+01 1.425309448242187500e+03
1.014000161245940035e+01 1.221747558593750000e+03
1.014343482783521111e+01 1.046584106445312500e+03
1.014686804321102187e+01 9.382423095703125000e+02
1.015030125858683441e+01 8.222755737304687500e+02
1.015373447396264517e+01 7.467039794921875000e+02
1.015716768933845593e+01 6.939296264648437500e+02
1.016060090471426847e+01 6.639852905273437500e+02
1.016403412009008100e+01 6.346296386718750000e+02
1.016746733546589176e+01 6.053284301757812500e+02
1.017090055084170253e+01 5.825651245117187500e+02
1.017433376621751506e+01 5.647805786132812500e+02
1.017776698159332582e+01 5.565794677734375000e+02
1.018120019696913836e+01 5.418710937500000000e+02
1.018463341234494912e+01 5.255217285156250000e+02
1.018806662772076166e+01 5.042707519531250000e+02
1.019149984309657242e+01 4.893440551757812500e+02
1.019493305847238318e+01 4.774856262207031250e+02
1.019836627384819572e+01 4.631751098632812500e+02
1.020179948922400825e+01 4.458204956054687500e+02
1.020523270459981902e+01 4.309749755859375000e+02
1.020866591997562978e+01 4.111903076171875000e+02
1.021209913535144054e+01 4.007977600097656250e+02
1.021553235072725307e+01 3.906474304199218750e+02
1.021896556610306561e+01 3.765729064941406250e+02
1.022239878147887637e+01 3.578577880859375000e+02
1.022583199685468891e+01 3.501570129394531250e+02
1.022926521223049967e+01 3.375591125488281250e+02
1.023269842760631043e+01 3.178768920898437500e+02
1.023613164298212119e+01 2.942090454101562500e+02
1.023956485835793551e+01 2.849717712402343750e+02
1.024299807373374627e+01 2.719287719726562500e+02
1.024643128910955703e+01 2.576135253906250000e+02
1.024986450448536779e+01 2.444539184570312500e+02
1.025329771986118033e+01 2.536396636962890625e+02
1.025673093523699109e+01 2.569140930175781250e+02
1.026016415061280362e+01 2.592403564453125000e+02
1.026359736598861616e+01 2.688646240234375000e+02
1.026703058136442692e+01 2.673344116210937500e+02
1.027046379674023768e+01 2.717700805664062500e+02
1.027389701211604844e+01 2.675083312988281250e+02
1.027733022749186098e+01 2.313380126953125000e+02
1.028076344286767352e+01 2.038203277587890625e+02
1.028419665824348428e+01 1.623826751708984375e+02
1.028762987361929504e+01 1.036937408447265625e+02
1.029106308899510758e+01 3.827749252319335938e+01
1.029449630437091834e+01 6.790206432342529297e+00
1.029792951974672910e+01 0.000000000000000000e+00
