# 2theta(deg)  intensity
1.716591360638047370e-03 3.790620727539062500e+02
5.149774081914142328e-03 3.542579345703125000e+02
8.582956803190237502e-03 2.994572143554687500e+02
1.201613952446633181e-02 2.593050231933593750e+02
1.544932224574242785e-02 2.123470611572265625e+02
1.888250496701852216e-02 1.774117736816406250e+02
2.231568768829461646e-02 1.673314361572265625e+02
2.574887040957071424e-02 1.749092407226562500e+02
2.918205313084680855e-02 1.817099304199218750e+02
3.261523585212290632e-02 1.728932647705078125e+02
3.604841857339900063e-02 1.681591644287109375e+02
3.948160129467508800e-02 1.654143676757812500e+02
4.291478401595118231e-02 1.659789581298828125e+02
4.634796673722727661e-02 1.557232818603515625e+02
4.978114945850337786e-02 1.414136657714843750e+02
5.321433217977947217e-02 1.392839813232421875e+02
5.664751490105556647e-02 1.440438385009765625e+02
6.008069762233167466e-02 1.536423645019531250e+02
6.351388034360776202e-02 1.449049987792968750e+02
6.694706306488386327e-02 1.333501739501953125e+02
7.038024578615995064e-02 1.380616149902343750e+02
7.381342850743605188e-02 1.507928924560546875e+02
7.724661122871213925e-02 1.484827270507812500e+02
8.067979394998824050e-02 1.498185882568359375e+02
8.411297667126432787e-02 1.507982788085937500e+02
8.754615939254042911e-02 1.560299530029296875e+02
9.097934211381651648e-02 1.542878112792968750e+02
9.441252483509261773e-02 1.507598419189453125e+02
9.784570755636871897e-02 1.500729522705078125e+02
1.012788902776448063e-01 1.579833984375000000e+02
1.047120729989209076e-01 1.659415740966796875e+02
1.081452557201969950e-01 1.721878509521484375e+02
1.115784384414730962e-01 1.848609161376953125e+02
1.150116211627491836e-01 2.036655120849609375e+02
1.184448038840252987e-01 2.408394622802734375e+02
1.218779866053013722e-01 2.666259460449218750e+02
1.253111693265774873e-01 2.987531738281250000e+02
1.287443520478535608e-01 3.250063171386718750e+02
1.321775347691296620e-01 3.647203979492187500e+02
1.356107174904057355e-01 3.959557800292968750e+02
1.390439002116818645e-01 4.335074462890625000e+02
1.424770829329579380e-01 4.635458679199218750e+02
1.459102656542340393e-01 5.102388916015625000e+02
1.493434483755101405e-01 5.429826049804687500e+02
1.527766310967862418e-01 5.861614990234375000e+02
1.562098138180623430e-01 6.171169433593750000e+02
1.596429965393384165e-01 6.596656494140625000e+02
1.630761792606145177e-01 6.896903076171875000e+02
1.665093619818905912e-01 7.268767089843750000e+02
1.699425447031667202e-01 7.634934082031250000e+02
1.733757274244427937e-01 8.051116943359375000e+02
1.768089101457188950e-01 8.502521972656250000e+02
1.802420928669949685e-01 8.952916870117187500e+02
1.836752755882710975e-01 9.396389770507812500e+02
1.871084583095471987e-01 9.785092163085937500e+02
1.905416410308232722e-01 1.030392333984375000e+03
1.939748237520993734e-01 1.074539306640625000e+03
1.974080064733754747e-01 1.125572631835937500e+03
2.008411891946515759e-01 1.181562988281250000e+03
2.042743719159276494e-01 1.240819702148437500e+03
2.077075546372037507e-01 1.313698974609375000e+03
2.111407373584798242e-01 1.377685302734375000e+03
2.145739200797559532e-01 1.462020263671875000e+03
2.180071028010320267e-01 1.533635498046875000e+03
2.214402855223081279e-01 1.595885498046875000e+03
2.248734682435842291e-01 1.634876708984375000e+03
2.283066509648603026e-01 1.660201171875000000e+03
2.317398336861364039e-01 1.680428588867187500e+03
2.351730164074125051e-01 1.704485229492187500e+03
2.386061991286885509e-01 1.722598510742187500e+03
2.420393818499646799e-01 1.746394775390625000e+03
2.454725645712407811e-01 1.762608764648437500e+03
2.489057472925168824e-01 1.777145385742187500e+03
2.523389300137929281e-01 1.796786987304687500e+03
2.557721127350690571e-01 1.817500488281250000e+03
2.592052954563451306e-01 1.838392700195312500e+03
2.626384781776212596e-01 1.856918579101562500e+03
2.660716608988973886e-01 1.877005249023437500e+03
2.695048436201734066e-01 1.892746337890625000e+03
2.729380263414495356e-01 1.909126708984375000e+03
2.763712090627256091e-01 1.929166381835937500e+03
2.798043917840017381e-01 1.958452636718750000e+03
2.832375745052778115e-01 1.982098022460937500e+03
2.866707572265538850e-01 1.996855712890625000e+03
2.901039399478300140e-01 2.014371826171875000e+03
2.935371226691060875e-01 2.029543334960937500e+03
2.969703053903822165e-01 2.046835693359375000e+03
3.004034881116582900e-01 2.067233398437500000e+03
3.038366708329343635e-01 2.091400634765625000e+03
3.072698535542104925e-01 2.115027099609375000e+03
3.107030362754866215e-01 2.134996582031250000e+03
3.141362189967626395e-01 2.163750244140625000e+03
3.175694017180387685e-01 2.192217285156250000e+03
3.210025844393148420e-01 2.218676269531250000e+03
3.244357671605909710e-01 2.237293701171875000e+03
3.278689498818670445e-01 2.258081298828125000e+03
3.313021326031431180e-01 2.280778808593750000e+03
3.347353153244192470e-01 2.301201904296875000e+03
3.381684980456953205e-01 2.325289062500000000e+03
3.416016807669714495e-01 2.345746337890625000e+03
3.450348634882475229e-01 2.363444824218750000e+03
3.484680462095235964e-01 2.381138183593750000e+03
3.519012289307997254e-01 2.406290527343750000e+03
3.553344116520757989e-01 2.426917236328125000e+03
3.587675943733518724e-01 2.443958740234375000e+03
3.622007770946280014e-01 2.458579345703125000e+03
3.656339598159040749e-01 2.480731689453125000e+03
3.690671425371802039e-01 2.496098876953125000e+03
3.725003252584563329e-01 2.516616210937500000e+03
3.759335079797323509e-01 2.535269287109375000e+03
3.793666907010084799e-01 2.556255615234375000e+03
3.827998734222845534e-01 2.571300292968750000e+03
3.862330561435606824e-01 2.586896972656250000e+03
3.896662388648367559e-01 2.598461181640625000e+03
3.930994215861128294e-01 2.609364257812500000e+03
3.965326043073889584e-01 2.623846191406250000e+03
3.999657870286650319e-01 2.646030273437500000e+03
4.033989697499411053e-01 2.671207763671875000e+03
4.068321524712172343e-01 2.694499023437500000e+03
4.102653351924933078e-01 2.712404296875000000e+03
4.136985179137694368e-01 2.727273437500000000e+03
4.171317006350455658e-01 2.741494384765625000e+03
4.205648833563215838e-01 2.754785888671875000e+03
4.239980660775977128e-01 2.774252685546875000e+03
4.274312487988737863e-01 2.790696289062500000e+03
4.308644315201499153e-01 2.812262939453125000e+03
4.342976142414259888e-01 2.830428710937500000e+03
4.377307969627020623e-01 2.846139892578125000e+03
4.411639796839781913e-01 2.858603027343750000e+03
4.445971624052542648e-01 2.876692382812500000e+03
4.480303451265304493e-01 2.899270507812500000e+03
4.514635278478065228e-01 2.918825439453125000e+03
4.548967105690825408e-01 2.934706054687500000e+03
4.583298932903586143e-01 2.951867919921875000e+03
4.617630760116347433e-01 2.965731933593750000e+03
4.651962587329108167e-01 2.981061279296875000e+03
4.686294414541870013e-01 3.001742187500000000e+03
4.720626241754630192e-01 3.021721435546875000e+03
4.754958068967390927e-01 3.044467285156250000e+03
4.789289896180152772e-01 3.067201416015625000e+03
4.823621723392912952e-01 3.088124023437500000e+03
4.857953550605674797e-01 3.107899658203125000e+03
4.892285377818434977e-01 3.127387695312500000e+03
4.926617205031195712e-01 3.149799804687500000e+03
4.960949032243957557e-01 3.167538085937500000e+03
4.995280859456717737e-01 3.183122070312500000e+03
5.029612686669477917e-01 3.195406005859375000e+03
5.063944513882240317e-01 3.202118408203125000e+03
5.098276341095000497e-01 3.206277343750000000e+03
5.132608168307761787e-01 3.207579101562500000e+03
5.166939995520523077e-01 3.200072265625000000e+03
5.201271822733283257e-01 3.197161376953125000e+03
5.235603649946044547e-01 3.186681884765625000e+03
5.269935477158805837e-01 3.176339355468750000e+03
5.304267304371567127e-01 3.167670410156250000e+03
5.338599131584327306e-01 3.165286132812500000e+03
5.372930958797088596e-01 3.162368408203125000e+03
5.407262786009849886e-01 3.151300781250000000e+03
5.441594613222610066e-01 3.137144531250000000e+03
5.475926440435370246e-01 3.126342529296875000e+03
5.510258267648132646e-01 3.117586425781250000e+03
5.544590094860892826e-01 3.109560302734375000e+03
5.578921922073654116e-01 3.106671875000000000e+03
5.613253749286415406e-01 3.099528564453125000e+03
5.647585576499175586e-01 3.092364990234375000e+03
5.681917403711936876e-01 3.090428955078125000e+03
5.716249230924698166e-01 3.091173583984375000e+03
5.750581058137459456e-01 3.090005126953125000e+03
5.784912885350219636e-01 3.089736083984375000e+03
5.819244712562980926e-01 3.091193603515625000e+03
5.853576539775742216e-01 3.098780273437500000e+03
5.887908366988502396e-01 3.102658691406250000e+03
5.922240194201263686e-01 3.102753906250000000e+03
5.956572021414024976e-01 3.102119628906250000e+03
5.990903848626785155e-01 3.109636474609375000e+03
6.025235675839546445e-01 3.115625244140625000e+03
6.059567503052307735e-01 3.111134521484375000e+03
6.093899330265067915e-01 3.110788574218750000e+03
6.128231157477829205e-01 3.115220947265625000e+03
6.162562984690590495e-01 3.123730468750000000e+03
6.196894811903351785e-01 3.123648437500000000e+03
6.231226639116111965e-01 3.119647949218750000e+03
6.265558466328873255e-01 3.121593261718750000e+03
6.299890293541634545e-01 3.128223144531250000e+03
6.334222120754394725e-01 3.127202880859375000e+03
6.368553947967156015e-01 3.130930664062500000e+03
6.402885775179917305e-01 3.136075927734375000e+03
6.437217602392677485e-01 3.138126464843750000e+03
6.471549429605438775e-01 3.135423095703125000e+03
6.505881256818200065e-01 3.134121582031250000e+03
6.540213084030960244e-01 3.140665527343750000e+03
6.574544911243721534e-01 3.141109619140625000e+03
6.608876738456482824e-01 3.144080566406250000e+03
6.643208565669244114e-01 3.145665283203125000e+03
6.677540392882004294e-01 3.146427734375000000e+03
6.711872220094765584e-01 3.144813720703125000e+03
6.746204047307526874e-01 3.145362304687500000e+03
6.780535874520287054e-01 3.149659179687500000e+03
6.814867701733048344e-01 3.152317138671875000e+03
6.849199528945809634e-01 3.154182617187500000e+03
6.883531356158569814e-01 3.159054931640625000e+03
6.917863183371331104e-01 3.162482910156250000e+03
6.952195010584092394e-01 3.163183105468750000e+03
6.986526837796853684e-01 3.160441406250000000e+03
7.020858665009613864e-01 3.156643066406250000e+03
7.055190492222375154e-01 3.158574462890625000e+03
7.089522319435136444e-01 3.161305419921875000e+03
7.123854146647896624e-01 3.163636718750000000e+03
7.158185973860657914e-01 3.164024658203125000e+03
7.192517801073419204e-01 3.166933837890625000e+03
7.226849628286179383e-01 3.170973876953125000e+03
7.261181455498940673e-01 3.173624511718750000e+03
7.295513282711701963e-01 3.175968750000000000e+03
7.329845109924462143e-01 3.179049072265625000e+03
7.364176937137223433e-01 3.182753173828125000e+03
7.398508764349984723e-01 3.188022460937500000e+03
7.432840591562746013e-01 3.189983154296875000e+03
7.467172418775506193e-01 3.195535644531250000e+03
7.501504245988267483e-01 3.194103027343750000e+03
7.535836073201028773e-01 3.190021240234375000e+03
7.570167900413788953e-01 3.189273193359375000e+03
7.604499727626549133e-01 3.191010009765625000e+03
7.638831554839311533e-01 3.190872070312500000e+03
7.673163382052071713e-01 3.190729248046875000e+03
7.707495209264833003e-01 3.190704101562500000e+03
7.741827036477594293e-01 3.191167236328125000e+03
7.776158863690354472e-01 3.193297119140625000e+03
7.810490690903115762e-01 3.196293945312500000e+03
7.844822518115877052e-01 3.198570068359375000e+03
7.879154345328638342e-01 3.196785644531250000e+03
7.913486172541398522e-01 3.195838134765625000e+03
7.947817999754159812e-01 3.199398681640625000e+03
7.982149826966921102e-01 3.204716308593750000e+03
8.016481654179681282e-01 3.207968505859375000e+03
8.050813481392441462e-01 3.203213623046875000e+03
8.085145308605203862e-01 3.199537841796875000e+03
8.119477135817964042e-01 3.196982666015625000e+03
8.153808963030725332e-01 3.196592285156250000e+03
8.188140790243486622e-01 3.197714111328125000e+03
8.222472617456246802e-01 3.197223388671875000e+03
8.256804444669008092e-01 3.205366210937500000e+03
8.291136271881769382e-01 3.205738525390625000e+03
8.325468099094530672e-01 3.201955810546875000e+03
8.359799926307290852e-01 3.195211914062500000e+03
8.394131753520052142e-01 3.198398925781250000e+03
8.428463580732813432e-01 3.200231933593750000e+03
8.462795407945573611e-01 3.205421142578125000e+03
8.497127235158334901e-01 3.207375732421875000e+03
8.531459062371096191e-01 3.207965576171875000e+03
8.565790889583856371e-01 3.205896972656250000e+03
8.600122716796617661e-01 3.203509033203125000e+03
8.634454544009378951e-01 3.204937988281250000e+03
8.668786371222139131e-01 3.209376953125000000e+03
8.703118198434900421e-01 3.209696289062500000e+03
8.737450025647661711e-01 3.208498535156250000e+03
8.771781852860423001e-01 3.209243896484375000e+03
8.806113680073183181e-01 3.210100341796875000e+03
8.840445507285944471e-01 3.212458007812500000e+03
8.874777334498705761e-01 3.213346679687500000e+03
8.909109161711465941e-01 3.213865234375000000e+03
8.943440988924227231e-01 3.210428466796875000e+03
8.977772816136987410e-01 3.211218261718750000e+03
9.012104643349749811e-01 3.212752929687500000e+03
9.046436470562509991e-01 3.214973876953125000e+03
9.080768297775271281e-01 3.208777587890625000e+03
9.115100124988031460e-01 3.202834960937500000e+03
9.149431952200791640e-01 3.198424072265625000e+03
9.183763779413554040e-01 3.199197021484375000e+03
9.218095606626315330e-01 3.201351806640625000e+03
9.252427433839075510e-01 3.200270751953125000e+03
9.286759261051836800e-01 3.199813720703125000e+03
9.321091088264596980e-01 3.203912109375000000e+03
9.355422915477359380e-01 3.204048095703125000e+03
9.389754742690119560e-01 3.203754150390625000e+03
9.424086569902880850e-01 3.204174316406250000e+03
9.458418397115641030e-01 3.201976806640625000e+03
9.492750224328401210e-01 3.199686279296875000e+03
9.527082051541164720e-01 3.201681396484375000e+03
9.561413878753924900e-01 3.202069335937500000e+03
9.595745705966685080e-01 3.201138916015625000e+03
9.630077533179446370e-01 3.202715332031250000e+03
9.664409360392206549e-01 3.203517089843750000e+03
9.698741187604968950e-01 3.204936035156250000e+03
9.733073014817729129e-01 3.204243652343750000e+03
9.767404842030490419e-01 3.203875000000000000e+03
9.801736669243250599e-01 3.203518310546875000e+03
9.836068496456010779e-01 3.209718505859375000e+03
9.870400323668772069e-01 3.214207519531250000e+03
9.904732150881534469e-01 3.214535888671875000e+03
9.939063978094294649e-01 3.212241455078125000e+03
9.973395805307055939e-01 3.208018066406250000e+03
1.000772763251981612e+00 3.203795410156250000e+03
1.004205945973257741e+00 3.205157470703125000e+03
1.007639128694533870e+00 3.206905761718750000e+03
1.011072311415809999e+00 3.207760742187500000e+03
1.014505494137086128e+00 3.206793945312500000e+03
1.017938676858362035e+00 3.203388916015625000e+03
1.021371859579638164e+00 3.202283447265625000e+03
1.024805042300914293e+00 3.200294433593750000e+03
1.028238225022190422e+00 3.199188964843750000e+03
1.031671407743466551e+00 3.193396972656250000e+03
1.035104590464742680e+00 3.191549316406250000e+03
1.038537773186018587e+00 3.192308349609375000e+03
1.041970955907294938e+00 3.190536621093750000e+03
1.045404138628570845e+00 3.187974853515625000e+03
1.048837321349846974e+00 3.186924316406250000e+03
1.052270504071123103e+00 3.184276611328125000e+03
1.055703686792399010e+00 3.183410644531250000e+03
1.059136869513675361e+00 3.184239013671875000e+03
1.062570052234951490e+00 3.182364746093750000e+03
1.066003234956227397e+00 3.177372802734375000e+03
1.069436417677503526e+00 3.177811279296875000e+03
1.072869600398779655e+00 3.178538330078125000e+03
1.076302783120055784e+00 3.176557128906250000e+03
1.079735965841331913e+00 3.171238525390625000e+03
1.083169148562608042e+00 3.171652832031250000e+03
1.086602331283883949e+00 3.171312011718750000e+03
1.090035514005160078e+00 3.173268554687500000e+03
1.093468696726436207e+00 3.172500732421875000e+03
1.096901879447712336e+00 3.170900878906250000e+03
1.100335062168988465e+00 3.169127929687500000e+03
1.103768244890264594e+00 3.166500244140625000e+03
1.107201427611540501e+00 3.162344970703125000e+03
1.110634610332816630e+00 3.156677246093750000e+03
1.114067793054092759e+00 3.158320068359375000e+03
1.117500975775368888e+00 3.162355468750000000e+03
1.120934158496645017e+00 3.162235107421875000e+03
1.124367341217921146e+00 3.160796142578125000e+03
1.127800523939197053e+00 3.159875488281250000e+03
1.131233706660473404e+00 3.157352294921875000e+03
1.134666889381749311e+00 3.153574218750000000e+03
1.138100072103025440e+00 3.153074218750000000e+03
1.141533254824301569e+00 3.151333984375000000e+03
1.144966437545577476e+00 3.152102539062500000e+03
1.148399620266853827e+00 3.151655029296875000e+03
1.151832802988129956e+00 3.148480957031250000e+03
1.155265985709405863e+00 3.149046386718750000e+03
1.158699168430681992e+00 3.151014160156250000e+03
1.162132351151958121e+00 3.152101562500000000e+03
1.165565533873234250e+00 3.148778808593750000e+03
1.168998716594510379e+00 3.146743164062500000e+03
1.172431899315786508e+00 3.147377929687500000e+03
1.175865082037062415e+00 3.146499755859375000e+03
1.179298264758338544e+00 3.144869628906250000e+03
1.182731447479614895e+00 3.143184570312500000e+03
1.186164630200890802e+00 3.141125732421875000e+03
1.189597812922166931e+00 3.140200683593750000e+03
1.193030995643443060e+00 3.140148193359375000e+03
1.196464178364718967e+00 3.138227050781250000e+03
1.199897361085995096e+00 3.136255371093750000e+03
1.203330543807271225e+00 3.137068603515625000e+03
1.206763726528547354e+00 3.137958007812500000e+03
1.210196909249823483e+00 3.138187988281250000e+03
1.213630091971099390e+00 3.139816650390625000e+03
1.217063274692375519e+00 3.141391113281250000e+03
1.220496457413651870e+00 3.140656494140625000e+03
1.223929640134927777e+00 3.141414794921875000e+03
1.227362822856203906e+00 3.141845214843750000e+03
1.230796005577480035e+00 3.140204833984375000e+03
1.234229188298755941e+00 3.137872314453125000e+03
1.237662371020032293e+00 3.140341064453125000e+03
1.241095553741308422e+00 3.142932128906250000e+03
1.244528736462584328e+00 3.144662597656250000e+03
1.247961919183860457e+00 3.142548339843750000e+03
1.251395101905136586e+00 3.136586669921875000e+03
1.254828284626412715e+00 3.135268798828125000e+03
1.258261467347688844e+00 3.136609375000000000e+03
1.261694650068964973e+00 3.135456298828125000e+03
1.265127832790240880e+00 3.130693603515625000e+03
1.268561015511517009e+00 3.128302978515625000e+03
1.271994198232793361e+00 3.128661865234375000e+03
1.275427380954069267e+00 3.123254882812500000e+03
1.278860563675345396e+00 3.117882812500000000e+03
1.282293746396621525e+00 3.117459960937500000e+03
1.285726929117897432e+00 3.118295898437500000e+03
1.289160111839173783e+00 3.120767578125000000e+03
1.292593294560449690e+00 3.124063232421875000e+03
1.296026477281725819e+00 3.123702636718750000e+03
1.299459660003001948e+00 3.122667236328125000e+03
1.302892842724277855e+00 3.120375244140625000e+03
1.306326025445553984e+00 3.120366455078125000e+03
1.309759208166830335e+00 3.120314697265625000e+03
1.313192390888106242e+00 3.120003662109375000e+03
1.316625573609382371e+00 3.119592529296875000e+03
1.320058756330658500e+00 3.115850097656250000e+03
1.323491939051934407e+00 3.115189941406250000e+03
1.326925121773210758e+00 3.114455322265625000e+03
1.330358304494486887e+00 3.112121093750000000e+03
1.333791487215762794e+00 3.110520019531250000e+03
1.337224669937038923e+00 3.110606689453125000e+03
1.340657852658315052e+00 3.107063476562500000e+03
1.344091035379591181e+00 3.103003906250000000e+03
1.347524218100867310e+00 3.097974853515625000e+03
1.350957400822143439e+00 3.096098876953125000e+03
1.354390583543419346e+00 3.093081787109375000e+03
1.357823766264695475e+00 3.091320068359375000e+03
1.361256948985971826e+00 3.091549072265625000e+03
1.364690131707247733e+00 3.084134277343750000e+03
1.368123314428523862e+00 3.077756103515625000e+03
1.371556497149799991e+00 3.074782470703125000e+03
1.374989679871075898e+00 3.068614746093750000e+03
1.378422862592352249e+00 3.066728027343750000e+03
1.381856045313628156e+00 3.065352539062500000e+03
1.385289228034904285e+00 3.067547607421875000e+03
1.388722410756180414e+00 3.066207763671875000e+03
1.392155593477456321e+00 3.061154785156250000e+03
1.395588776198732672e+00 3.057020019531250000e+03
1.399021958920008801e+00 3.055761474609375000e+03
1.402455141641284708e+00 3.055366699218750000e+03
1.405888324362560837e+00 3.053154052734375000e+03
1.409321507083836966e+00 3.049662353515625000e+03
1.412754689805112873e+00 3.049714599609375000e+03
1.416187872526389224e+00 3.047116699218750000e+03
1.419621055247665353e+00 3.042989501953125000e+03
1.423054237968941260e+00 3.036091552734375000e+03
1.426487420690217389e+00 3.035179443359375000e+03
1.429920603411493518e+00 3.033187255859375000e+03
1.433353786132769647e+00 3.033384765625000000e+03
1.436786968854045776e+00 3.032625732421875000e+03
1.440220151575321905e+00 3.031158447265625000e+03
1.443653334296597812e+00 3.032265869140625000e+03
1.447086517017873941e+00 3.032343261718750000e+03
1.450519699739150292e+00 3.031548828125000000e+03
1.453952882460426199e+00 3.031686523437500000e+03
1.457386065181702328e+00 3.030420410156250000e+03
1.460819247902978457e+00 3.026384765625000000e+03
1.464252430624254364e+00 3.020963623046875000e+03
1.467685613345530715e+00 3.015099853515625000e+03
1.471118796066806622e+00 3.012898193359375000e+03
1.474551978788082751e+00 3.009803222656250000e+03
1.477985161509358880e+00 3.004771972656250000e+03
1.481418344230634787e+00 2.999461914062500000e+03
1.484851526951911138e+00 2.996334228515625000e+03
1.488284709673187267e+00 2.995158203125000000e+03
1.491717892394463174e+00 2.994043701171875000e+03
1.495151075115739303e+00 2.991417236328125000e+03
1.498584257837015432e+00 2.987795166015625000e+03
1.502017440558291339e+00 2.986117919921875000e+03
1.505450623279567690e+00 2.985299316406250000e+03
1.508883806000843819e+00 2.980727783203125000e+03
1.512316988722119726e+00 2.975866210937500000e+03
1.515750171443395855e+00 2.976192626953125000e+03
1.519183354164671984e+00 2.976556884765625000e+03
1.522616536885948113e+00 2.972994140625000000e+03
1.526049719607224242e+00 2.970645996093750000e+03
1.529482902328500371e+00 2.967981445312500000e+03
1.532916085049776278e+00 2.964801269531250000e+03
1.536349267771052407e+00 2.960611328125000000e+03
1.539782450492328536e+00 2.957828125000000000e+03
1.543215633213604665e+00 2.955431396484375000e+03
1.546648815934880794e+00 2.953682128906250000e+03
1.550081998656156923e+00 2.955665039062500000e+03
1.553515181377432830e+00 2.957734619140625000e+03
1.556948364098709181e+00 2.957940917968750000e+03
1.560381546819985088e+00 2.958509033203125000e+03
1.563814729541261217e+00 2.961297363281250000e+03
1.567247912262537346e+00 2.962096923828125000e+03
1.570681094983813253e+00 2.963527587890625000e+03
1.574114277705089604e+00 2.964688720703125000e+03
1.577547460426365733e+00 2.963992187500000000e+03
1.580980643147641640e+00 2.964063720703125000e+03
1.584413825868917769e+00 2.966979980468750000e+03
1.587847008590193898e+00 2.967885742187500000e+03
1.591280191311470027e+00 2.973075683593750000e+03
1.594713374032746156e+00 2.980444824218750000e+03
1.598146556754022285e+00 2.990495849609375000e+03
1.601579739475298192e+00 2.996593017578125000e+03
1.605012922196574321e+00 3.003460693359375000e+03
1.608446104917850450e+00 3.009231445312500000e+03
1.611879287639126579e+00 3.017716308593750000e+03
1.615312470360402708e+00 3.026523193359375000e+03
1.618745653081678837e+00 3.038323486328125000e+03
1.622178835802954744e+00 3.049441894531250000e+03
1.625612018524230873e+00 3.061182617187500000e+03
1.629045201245507002e+00 3.073408935546875000e+03
1.632478383966783131e+00 3.092782958984375000e+03
1.635911566688059260e+00 3.115740234375000000e+03
1.639344749409335389e+00 3.149330322265625000e+03
1.642777932130611296e+00 3.190133056640625000e+03
1.646211114851887647e+00 3.246261962890625000e+03
1.649644297573163554e+00 3.321925537109375000e+03
1.653077480294439683e+00 3.441061767578125000e+03
1.656510663015715812e+00 3.661956298828125000e+03
1.659943845736991719e+00 4.101183593750000000e+03
1.663377028458268070e+00 5.095837402343750000e+03
1.666810211179544199e+00 7.239447753906250000e+03
1.670243393900820106e+00 1.188190527343750000e+04
1.673676576622096235e+00 1.972900195312500000e+04
1.677109759343372364e+00 2.992908007812500000e+04
1.680542942064648493e+00 3.981508593750000000e+04
1.683976124785924622e+00 4.513781640625000000e+04
1.687409307507200751e+00 4.365971875000000000e+04
1.690842490228476658e+00 3.547570312500000000e+04
1.694275672949752787e+00 2.506916406250000000e+04
1.697708855671029138e+00 1.533788085937500000e+04
1.701142038392305045e+00 9.078214843750000000e+03
1.704575221113581174e+00 5.831692382812500000e+03
1.708008403834857303e+00 4.414870117187500000e+03
1.711441586556133210e+00 3.791236328125000000e+03
1.714874769277409339e+00 3.471988037109375000e+03
1.718307951998685468e+00 3.303358642578125000e+03
1.721741134719961597e+00 3.197283203125000000e+03
1.725174317441237726e+00 3.125742431640625000e+03
1.728607500162513633e+00 3.070416503906250000e+03
1.732040682883789762e+00 3.029516601562500000e+03
1.735473865605066113e+00 2.994407226562500000e+03
1.738907048326342020e+00 2.967074707031250000e+03
1.742340231047618149e+00 2.941574707031250000e+03
1.745773413768894278e+00 2.920014404296875000e+03
1.749206596490170185e+00 2.898894775390625000e+03
1.752639779211446536e+00 2.877262451171875000e+03
1.756072961932722665e+00 2.857942871093750000e+03
1.759506144653998572e+00 2.839312011718750000e+03
1.762939327375274701e+00 2.825132324218750000e+03
1.766372510096550830e+00 2.810756591796875000e+03
1.769805692817826959e+00 2.797054687500000000e+03
1.773238875539103088e+00 2.781560791015625000e+03
1.776672058260379217e+00 2.766741699218750000e+03
1.780105240981655124e+00 2.753871582031250000e+03
1.783538423702931253e+00 2.742769775390625000e+03
1.786971606424207604e+00 2.730247558593750000e+03
1.790404789145483511e+00 2.719218750000000000e+03
1.793837971866759640e+00 2.706038085937500000e+03
1.797271154588035991e+00 2.697860839843750000e+03
1.800704337309312120e+00 2.689527343750000000e+03
1.804137520030588249e+00 2.680767333984375000e+03
1.807570702751864156e+00 2.668705078125000000e+03
1.811003885473140285e+00 2.657934570312500000e+03
1.814437068194416414e+00 2.649251708984375000e+03
1.817870250915692321e+00 2.642841308593750000e+03
1.821303433636968450e+00 2.634695312500000000e+03
1.824736616358244579e+00 2.626835449218750000e+03
1.828169799079520486e+00 2.618849853515625000e+03
1.831602981800797059e+00 2.610897460937500000e+03
1.835036164522073188e+00 2.604322998046875000e+03
1.838469347243349095e+00 2.597203369140625000e+03
1.841902529964625224e+00 2.593850097656250000e+03
1.845335712685901353e+00 2.584941894531250000e+03
1.848768895407177260e+00 2.577389892578125000e+03
1.852202078128453389e+00 2.570234619140625000e+03
1.855635260849729518e+00 2.563501953125000000e+03
1.859068443571005425e+00 2.555574951171875000e+03
1.862501626292281554e+00 2.548778564453125000e+03
1.865934809013557683e+00 2.541827880859375000e+03
1.869367991734834034e+00 2.534685058593750000e+03
1.872801174456110163e+00 2.526277343750000000e+03
1.876234357177386070e+00 2.520002197265625000e+03
1.879667539898662199e+00 2.513078369140625000e+03
1.883100722619938328e+00 2.505682128906250000e+03
1.886533905341214234e+00 2.499689453125000000e+03
1.889967088062490363e+00 2.496661376953125000e+03
1.893400270783766492e+00 2.492960693359375000e+03
1.896833453505042399e+00 2.489330566406250000e+03
1.900266636226318528e+00 2.482597167968750000e+03
1.903699818947595102e+00 2.477297363281250000e+03
1.907133001668871009e+00 2.472656494140625000e+03
1.910566184390147138e+00 2.467518066406250000e+03
1.913999367111423267e+00 2.461388671875000000e+03
1.917432549832699173e+00 2.454690429687500000e+03
1.920865732553975302e+00 2.448422607421875000e+03
1.924298915275251431e+00 2.443576171875000000e+03
1.927732097996527338e+00 2.439018554687500000e+03
1.931165280717803467e+00 2.436422851562500000e+03
1.934598463439079596e+00 2.431842529296875000e+03
1.938031646160355947e+00 2.430377685546875000e+03
1.941464828881632076e+00 2.426833740234375000e+03
1.944898011602907983e+00 2.425479492187500000e+03
1.948331194324184112e+00 2.421781494140625000e+03
1.951764377045460241e+00 2.416092529296875000e+03
1.955197559766736148e+00 2.409912841796875000e+03
1.958630742488012277e+00 2.407758300781250000e+03
1.962063925209288406e+00 2.406822753906250000e+03
1.965497107930564535e+00 2.404106445312500000e+03
1.968930290651840442e+00 2.400198242187500000e+03
1.972363473373116571e+00 2.395718750000000000e+03
1.975796656094392922e+00 2.391660400390625000e+03
1.979229838815669051e+00 2.390720214843750000e+03
1.982663021536945180e+00 2.388997070312500000e+03
1.986096204258221087e+00 2.384090087890625000e+03
1.989529386979497216e+00 2.380995605468750000e+03
1.992962569700773345e+00 2.376056396484375000e+03
1.996395752422049252e+00 2.371188964843750000e+03
1.999828935143325381e+00 2.367304443359375000e+03
2.003262117864601510e+00 2.365920654296875000e+03
2.006695300585877639e+00 2.359856445312500000e+03
2.010128483307153768e+00 2.353302978515625000e+03
2.013561666028429897e+00 2.349311279296875000e+03
2.016994848749706026e+00 2.346271484375000000e+03
2.020428031470982155e+00 2.342196533203125000e+03
2.023861214192258284e+00 2.338815185546875000e+03
2.027294396913534413e+00 2.334233398437500000e+03
2.030727579634810098e+00 2.329667724609375000e+03
2.034160762356086227e+00 2.326925781250000000e+03
2.037593945077362356e+00 2.319820800781250000e+03
2.041027127798638485e+00 2.314541015625000000e+03
2.044460310519915058e+00 2.310453125000000000e+03
2.047893493241191187e+00 2.307115234375000000e+03
2.051326675962466872e+00 2.304003906250000000e+03
2.054759858683743001e+00 2.303869140625000000e+03
2.058193041405019130e+00 2.301037109375000000e+03
2.061626224126295259e+00 2.298001464843750000e+03
2.065059406847571388e+00 2.291377929687500000e+03
2.068492589568847517e+00 2.286505859375000000e+03
2.071925772290123202e+00 2.282829589843750000e+03
2.075358955011399331e+00 2.280187500000000000e+03
2.078792137732675460e+00 2.272732177734375000e+03
2.082225320453952033e+00 2.266950683593750000e+03
2.085658503175228162e+00 2.262959716796875000e+03
2.089091685896503847e+00 2.258468017578125000e+03
2.092524868617779976e+00 2.254415771484375000e+03
2.095958051339056105e+00 2.254847167968750000e+03
2.099391234060332234e+00 2.251268554687500000e+03
2.102824416781608363e+00 2.247010253906250000e+03
2.106257599502884492e+00 2.242169921875000000e+03
2.109690782224160177e+00 2.239847900390625000e+03
2.113123964945436306e+00 2.237323974609375000e+03
2.116557147666712879e+00 2.232840820312500000e+03
2.119990330387989008e+00 2.228158691406250000e+03
2.123423513109265137e+00 2.223456298828125000e+03
2.126856695830541266e+00 2.217579589843750000e+03
2.130289878551816951e+00 2.215017578125000000e+03
2.133723061273093080e+00 2.213673339843750000e+03
2.137156243994369209e+00 2.212841796875000000e+03
2.140589426715645338e+00 2.212029785156250000e+03
2.144022609436921467e+00 2.210406738281250000e+03
2.147455792158197596e+00 2.209515136718750000e+03
2.150888974879473725e+00 2.204573486328125000e+03
2.154322157600749854e+00 2.201632080078125000e+03
2.157755340322025983e+00 2.199333496093750000e+03
2.161188523043302112e+00 2.195211669921875000e+03
2.164621705764578241e+00 2.192239501953125000e+03
2.168054888485853926e+00 2.190392333984375000e+03
2.171488071207130055e+00 2.189737304687500000e+03
2.174921253928406184e+00 2.187848876953125000e+03
2.178354436649682313e+00 2.186172851562500000e+03
2.181787619370958442e+00 2.185567382812500000e+03
2.185220802092234571e+00 2.186571533203125000e+03
2.188653984813510700e+00 2.183789062500000000e+03
2.192087167534786829e+00 2.182270019531250000e+03
2.195520350256062958e+00 2.181586425781250000e+03
2.198953532977339087e+00 2.180380126953125000e+03
2.202386715698615216e+00 2.179891845703125000e+03
2.205819898419891345e+00 2.178281738281250000e+03
2.209253081141167030e+00 2.174574951171875000e+03
2.212686263862443159e+00 2.172587402343750000e+03
2.216119446583719288e+00 2.171679443359375000e+03
2.219552629304995417e+00 2.173133056640625000e+03
2.222985812026271990e+00 2.172734375000000000e+03
2.226418994747548119e+00 2.174243896484375000e+03
2.229852177468823804e+00 2.174659423828125000e+03
2.233285360190099933e+00 2.177705322265625000e+03
2.236718542911376062e+00 2.177716796875000000e+03
2.240151725632652191e+00 2.179022705078125000e+03
2.243584908353928320e+00 2.181488769531250000e+03
2.247018091075204449e+00 2.184164794921875000e+03
2.250451273796480134e+00 2.186957031250000000e+03
2.253884456517756263e+00 2.187838134765625000e+03
2.257317639239032836e+00 2.190282470703125000e+03
2.260750821960308965e+00 2.193711425781250000e+03
2.264184004681585094e+00 2.199067626953125000e+03
2.267617187402860779e+00 2.203215332031250000e+03
2.271050370124136908e+00 2.210555908203125000e+03
2.274483552845413037e+00 2.218783691406250000e+03
2.277916735566689166e+00 2.227395019531250000e+03
2.281349918287965295e+00 2.233618408203125000e+03
2.284783101009241424e+00 2.243557617187500000e+03
2.288216283730517109e+00 2.255463378906250000e+03
2.291649466451793238e+00 2.268965087890625000e+03
2.295082649173069811e+00 2.283639404296875000e+03
2.298515831894345940e+00 2.299699218750000000e+03
2.301949014615622069e+00 2.317284912109375000e+03
2.305382197336898198e+00 2.336911621093750000e+03
2.308815380058173883e+00 2.355346679687500000e+03
2.312248562779450012e+00 2.377262451171875000e+03
2.315681745500726141e+00 2.401809082031250000e+03
2.319114928222002270e+00 2.426369873046875000e+03
2.322548110943278399e+00 2.454417480468750000e+03
2.325981293664554528e+00 2.487928222656250000e+03
2.329414476385830657e+00 2.530017333984375000e+03
2.332847659107106786e+00 2.578159423828125000e+03
2.336280841828382915e+00 2.636401611328125000e+03
2.339714024549659044e+00 2.708102783203125000e+03
2.343147207270935173e+00 2.803446533203125000e+03
2.346580389992210858e+00 2.939241699218750000e+03
2.350013572713486987e+00 3.146544189453125000e+03
2.353446755434763116e+00 3.497654541015625000e+03
2.356879938156039245e+00 4.137294921875000000e+03
2.360313120877315374e+00 5.516066406250000000e+03
2.363746303598591947e+00 8.552408203125000000e+03
2.367179486319867632e+00 1.505522265625000000e+04
2.370612669041143761e+00 2.704869726562500000e+04
2.374045851762419890e+00 4.485706250000000000e+04
2.377479034483696019e+00 6.390026562500000000e+04
2.380912217204972148e+00 7.744975000000000000e+04
2.384345399926248277e+00 7.927485156250000000e+04
2.387778582647523962e+00 6.771454687500000000e+04
2.391211765368800091e+00 4.914297656250000000e+04
2.394644948090076220e+00 2.991257226562500000e+04
2.398078130811352349e+00 1.649116796875000000e+04
2.401511313532628922e+00 9.289504882812500000e+03
2.404944496253905051e+00 5.840688964843750000e+03
2.408377678975180736e+00 4.313510742187500000e+03
2.411810861696456865e+00 3.561087402343750000e+03
2.415244044417732994e+00 3.168567138671875000e+03
2.418677227139009123e+00 2.933078857421875000e+03
2.422110409860285252e+00 2.776291748046875000e+03
2.425543592581561381e+00 2.658980957031250000e+03
2.428976775302837066e+00 2.570992675781250000e+03
2.432409958024113195e+00 2.505273193359375000e+03
2.435843140745389768e+00 2.446459228515625000e+03
2.439276323466665897e+00 2.394938964843750000e+03
2.442709506187942026e+00 2.352959716796875000e+03
2.446142688909217711e+00 2.315097167968750000e+03
2.449575871630493840e+00 2.281153808593750000e+03
2.453009054351769969e+00 2.247087402343750000e+03
2.456442237073046098e+00 2.216900390625000000e+03
2.459875419794322227e+00 2.186854492187500000e+03
2.463308602515598356e+00 2.159562988281250000e+03
2.466741785236874041e+00 2.132058349609375000e+03
2.470174967958150614e+00 2.109404785156250000e+03
2.473608150679426743e+00 2.088400146484375000e+03
2.477041333400702872e+00 2.069206542968750000e+03
2.480474516121979001e+00 2.048442138671875000e+03
2.483907698843255130e+00 2.028134887695312500e+03
2.487340881564530815e+00 2.010577270507812500e+03
2.490774064285806944e+00 1.995179443359375000e+03
2.494207247007083073e+00 1.981351440429687500e+03
2.497640429728359202e+00 1.967430053710937500e+03
2.501073612449635331e+00 1.954170410156250000e+03
2.504506795170911460e+00 1.938822021484375000e+03
2.507939977892187589e+00 1.926415527343750000e+03
2.511373160613463718e+00 1.916097656250000000e+03
2.514806343334739847e+00 1.907531127929687500e+03
2.518239526056015976e+00 1.899744628906250000e+03
2.521672708777292105e+00 1.888422363281250000e+03
2.525105891498567789e+00 1.876848266601562500e+03
2.528539074219843918e+00 1.866156616210937500e+03
2.531972256941120047e+00 1.857692993164062500e+03
2.535405439662396176e+00 1.851261718750000000e+03
2.538838622383672305e+00 1.844989746093750000e+03
2.542271805104948879e+00 1.839951782226562500e+03
2.545704987826224563e+00 1.832441406250000000e+03
2.549138170547500692e+00 1.824998168945312500e+03
2.552571353268776821e+00 1.815974365234375000e+03
2.556004535990052950e+00 1.807081665039062500e+03
2.559437718711329079e+00 1.797940063476562500e+03
2.562870901432605208e+00 1.791997558593750000e+03
2.566304084153880893e+00 1.783646484375000000e+03
2.569737266875157022e+00 1.777676391601562500e+03
2.573170449596433151e+00 1.773190185546875000e+03
2.576603632317709724e+00 1.767747436523437500e+03
2.580036815038985853e+00 1.761084472656250000e+03
2.583469997760261538e+00 1.755351074218750000e+03
2.586903180481537667e+00 1.751716186523437500e+03
2.590336363202813796e+00 1.748814453125000000e+03
2.593769545924089925e+00 1.744727905273437500e+03
2.597202728645366054e+00 1.738466064453125000e+03
2.600635911366642183e+00 1.732916992187500000e+03
2.604069094087918312e+00 1.727735229492187500e+03
2.607502276809193997e+00 1.723599121093750000e+03
2.610935459530470126e+00 1.717871215820312500e+03
2.614368642251746699e+00 1.713098999023437500e+03
2.617801824973022828e+00 1.708032714843750000e+03
2.621235007694298957e+00 1.704094604492187500e+03
2.624668190415574642e+00 1.698953247070312500e+03
2.628101373136850771e+00 1.697256469726562500e+03
2.631534555858126900e+00 1.693831298828125000e+03
2.634967738579403029e+00 1.690455322265625000e+03
2.638400921300679158e+00 1.684771850585937500e+03
2.641834104021955287e+00 1.680958007812500000e+03
2.645267286743230972e+00 1.677034912109375000e+03
2.648700469464507545e+00 1.675237182617187500e+03
2.652133652185783674e+00 1.669732421875000000e+03
2.655566834907059803e+00 1.665889526367187500e+03
2.659000017628335932e+00 1.662747924804687500e+03
2.662433200349612061e+00 1.660161865234375000e+03
2.665866383070887746e+00 1.656909179687500000e+03
2.669299565792163875e+00 1.653140747070312500e+03
2.672732748513440004e+00 1.649123535156250000e+03
2.676165931234716133e+00 1.646160522460937500e+03
2.679599113955992262e+00 1.644569458007812500e+03
2.683032296677268391e+00 1.640858154296875000e+03
2.686465479398544520e+00 1.637262817382812500e+03
2.689898662119820649e+00 1.634212890625000000e+03
2.693331844841096778e+00 1.632399169921875000e+03
2.696765027562372907e+00 1.630192138671875000e+03
2.700198210283649036e+00 1.628140747070312500e+03
2.703631393004924721e+00 1.624610595703125000e+03
2.707064575726200850e+00 1.622614746093750000e+03
2.710497758447476979e+00 1.621420532226562500e+03
2.713930941168753108e+00 1.619539428710937500e+03
2.717364123890029237e+00 1.616852416992187500e+03
2.720797306611305810e+00 1.614557373046875000e+03
2.724230489332581495e+00 1.612622436523437500e+03
2.727663672053857624e+00 1.610544799804687500e+03
2.731096854775133753e+00 1.609377929687500000e+03
2.734530037496409882e+00 1.605185058593750000e+03
2.737963220217686011e+00 1.601733642578125000e+03
2.741396402938962140e+00 1.599525756835937500e+03
2.744829585660237825e+00 1.600447631835937500e+03
2.748262768381513954e+00 1.600441040039062500e+03
2.751695951102790083e+00 1.600871459960937500e+03
2.755129133824066656e+00 1.599474365234375000e+03
2.758562316545342785e+00 1.596754272460937500e+03
2.761995499266618470e+00 1.592908935546875000e+03
2.765428681987894599e+00 1.591180297851562500e+03
2.768861864709170728e+00 1.591810302734375000e+03
2.772295047430446857e+00 1.591753784179687500e+03
2.775728230151722986e+00 1.590282958984375000e+03
2.779161412872999115e+00 1.588814331054687500e+03
2.782594595594275244e+00 1.588382568359375000e+03
2.786027778315550929e+00 1.588495239257812500e+03
2.789460961036827502e+00 1.589859497070312500e+03
2.792894143758103631e+00 1.591720703125000000e+03
2.796327326479379760e+00 1.594004028320312500e+03
2.799760509200655889e+00 1.594081298828125000e+03
2.803193691921931574e+00 1.594254394531250000e+03
2.806626874643207703e+00 1.594919433593750000e+03
2.810060057364483832e+00 1.595899780273437500e+03
2.813493240085759961e+00 1.598671875000000000e+03
2.816926422807036090e+00 1.602320312500000000e+03
2.820359605528312219e+00 1.606872802734375000e+03
2.823792788249587904e+00 1.608691162109375000e+03
2.827225970970864477e+00 1.612215332031250000e+03
2.830659153692140606e+00 1.618151489257812500e+03
2.834092336413416735e+00 1.626899414062500000e+03
2.837525519134692864e+00 1.635993896484375000e+03
2.840958701855968993e+00 1.645171386718750000e+03
2.844391884577244678e+00 1.652746459960937500e+03
2.847825067298520807e+00 1.660247192382812500e+03
2.851258250019796936e+00 1.668908691406250000e+03
2.854691432741073065e+00 1.679062255859375000e+03
2.858124615462349194e+00 1.690943115234375000e+03
2.861557798183625323e+00 1.707509155273437500e+03
2.864990980904901452e+00 1.726529052734375000e+03
2.868424163626177581e+00 1.748250366210937500e+03
2.871857346347453710e+00 1.773141845703125000e+03
2.875290529068729839e+00 1.806901000976562500e+03
2.878723711790005968e+00 1.851238647460937500e+03
2.882156894511281653e+00 1.913160034179687500e+03
2.885590077232557782e+00 2.002053710937500000e+03
2.889023259953833911e+00 2.153086181640625000e+03
2.892456442675110040e+00 2.430140625000000000e+03
2.895889625396386613e+00 3.033139404296875000e+03
2.899322808117662742e+00 4.272348144531250000e+03
2.902755990838938427e+00 6.924878417968750000e+03
2.906189173560214556e+00 1.188838574218750000e+04
2.909622356281490685e+00 1.913356835937500000e+04
2.913055539002766814e+00 2.762014257812500000e+04
2.916488721724042943e+00 3.355566406250000000e+04
2.919921904445319072e+00 3.514303125000000000e+04
2.923355087166594757e+00 3.088266796875000000e+04
2.926788269887870886e+00 2.298392382812500000e+04
2.930221452609147015e+00 1.464322753906250000e+04
2.933654635330423588e+00 8.511900390625000000e+03
2.937087818051699717e+00 5.156611328125000000e+03
2.940521000772975402e+00 3.428577880859375000e+03
2.943954183494251531e+00 2.649856689453125000e+03
2.947387366215527660e+00 2.246637207031250000e+03
2.950820548936803789e+00 2.046588256835937500e+03
2.954253731658079918e+00 1.928686767578125000e+03
2.957686914379356047e+00 1.852427734375000000e+03
2.961120097100631732e+00 1.795800048828125000e+03
2.964553279821907861e+00 1.749842529296875000e+03
2.967986462543184434e+00 1.714398315429687500e+03
2.971419645264460563e+00 1.685906372070312500e+03
2.974852827985736692e+00 1.661542114257812500e+03
2.978286010707012821e+00 1.640583129882812500e+03
2.981719193428288506e+00 1.622502197265625000e+03
2.985152376149564635e+00 1.605019775390625000e+03
2.988585558870840764e+00 1.588069335937500000e+03
2.992018741592116893e+00 1.571232910156250000e+03
2.995451924313393022e+00 1.554524414062500000e+03
2.998885107034669151e+00 1.539605346679687500e+03
3.002318289755944836e+00 1.526911376953125000e+03
3.005751472477221409e+00 1.517411010742187500e+03
3.009184655198497538e+00 1.506048217773437500e+03
3.012617837919773667e+00 1.492892578125000000e+03
3.016051020641049796e+00 1.481710571289062500e+03
3.019484203362325925e+00 1.472900146484375000e+03
3.022917386083601610e+00 1.465324829101562500e+03
3.026350568804877739e+00 1.457812255859375000e+03
3.029783751526153868e+00 1.450393676757812500e+03
3.033216934247429997e+00 1.443280029296875000e+03
3.036650116968706126e+00 1.437026000976562500e+03
3.040083299689982255e+00 1.430723266601562500e+03
3.043516482411258384e+00 1.423947387695312500e+03
3.046949665132534513e+00 1.417785278320312500e+03
3.050382847853810642e+00 1.413100830078125000e+03
3.053816030575086771e+00 1.406440917968750000e+03
3.057249213296362900e+00 1.403053466796875000e+03
3.060682396017638585e+00 1.398600341796875000e+03
3.064115578738914714e+00 1.394744873046875000e+03
3.067548761460190843e+00 1.391314453125000000e+03
3.070981944181466972e+00 1.389776367187500000e+03
3.074415126902743545e+00 1.385726562500000000e+03
3.077848309624019674e+00 1.382806518554687500e+03
3.081281492345295359e+00 1.379812744140625000e+03
3.084714675066571488e+00 1.375641601562500000e+03
3.088147857787847617e+00 1.372451538085937500e+03
3.091581040509123746e+00 1.369281860351562500e+03
3.095014223230399875e+00 1.365434082031250000e+03
3.098447405951676004e+00 1.360470703125000000e+03
3.101880588672951689e+00 1.358471923828125000e+03
3.105313771394227818e+00 1.357545776367187500e+03
3.108746954115503947e+00 1.358286865234375000e+03
3.112180136836780520e+00 1.361078002929687500e+03
3.115613319558056649e+00 1.364784301757812500e+03
3.119046502279332334e+00 1.368996459960937500e+03
3.122479685000608463e+00 1.372271850585937500e+03
3.125912867721884592e+00 1.375624755859375000e+03
3.129346050443160721e+00 1.375484863281250000e+03
3.132779233164436850e+00 1.370303466796875000e+03
3.136212415885712979e+00 1.363377563476562500e+03
3.139645598606988663e+00 1.354428833007812500e+03
3.143078781328264792e+00 1.345377929687500000e+03
3.146511964049541366e+00 1.336700439453125000e+03
3.149945146770817495e+00 1.329525756835937500e+03
3.153378329492093624e+00 1.326723876953125000e+03
3.156811512213369753e+00 1.324264892578125000e+03
3.160244694934645437e+00 1.321723266601562500e+03
3.163677877655921566e+00 1.318577026367187500e+03
3.167111060377197695e+00 1.315489990234375000e+03
3.170544243098473824e+00 1.312922363281250000e+03
3.173977425819749953e+00 1.311468627929687500e+03
3.177410608541026082e+00 1.310516479492187500e+03
3.180843791262302211e+00 1.308302246093750000e+03
3.184276973983578340e+00 1.306476928710937500e+03
3.187710156704854469e+00 1.304690307617187500e+03
3.191143339426130598e+00 1.304763549804687500e+03
3.194576522147406727e+00 1.303339111328125000e+03
3.198009704868682412e+00 1.298409912109375000e+03
3.201442887589958541e+00 1.296711547851562500e+03
3.204876070311234670e+00 1.295235473632812500e+03
3.208309253032510799e+00 1.295828613281250000e+03
3.211742435753786928e+00 1.294607543945312500e+03
3.215175618475063057e+00 1.294202148437500000e+03
3.218608801196339186e+00 1.292956787109375000e+03
3.222041983917615315e+00 1.291565551757812500e+03
3.225475166638891444e+00 1.290889648437500000e+03
3.228908349360167573e+00 1.291733642578125000e+03
3.232341532081443702e+00 1.292631591796875000e+03
3.235774714802719831e+00 1.290107666015625000e+03
3.239207897523995516e+00 1.289687255859375000e+03
3.242641080245271645e+00 1.290920898437500000e+03
3.246074262966547774e+00 1.291619140625000000e+03
3.249507445687823903e+00 1.292200927734375000e+03
3.252940628409100476e+00 1.291733276367187500e+03
3.256373811130376605e+00 1.291270385742187500e+03
3.259806993851652290e+00 1.292455322265625000e+03
3.263240176572928419e+00 1.295268798828125000e+03
3.266673359294204548e+00 1.297317626953125000e+03
3.270106542015480677e+00 1.298563110351562500e+03
3.273539724736756806e+00 1.299599365234375000e+03
3.276972907458032935e+00 1.301489257812500000e+03
3.280406090179308620e+00 1.301749877929687500e+03
3.283839272900584749e+00 1.305432983398437500e+03
3.287272455621861322e+00 1.308919067382812500e+03
3.290705638343137451e+00 1.314156005859375000e+03
3.294138821064413580e+00 1.318835449218750000e+03
3.297572003785689265e+00 1.323555419921875000e+03
3.301005186506965394e+00 1.327580078125000000e+03
3.304438369228241523e+00 1.331840942382812500e+03
3.307871551949517652e+00 1.335679321289062500e+03
3.311304734670793781e+00 1.341737060546875000e+03
3.314737917392069910e+00 1.349661010742187500e+03
3.318171100113345595e+00 1.360259521484375000e+03
3.321604282834621724e+00 1.372889160156250000e+03
3.325037465555898297e+00 1.389093505859375000e+03
3.328470648277174426e+00 1.408457153320312500e+03
3.331903830998450555e+00 1.433930297851562500e+03
3.335337013719726684e+00 1.471342041015625000e+03
3.338770196441002369e+00 1.532918701171875000e+03
3.342203379162278498e+00 1.641411987304687500e+03
3.345636561883554627e+00 1.860763427734375000e+03
3.349069744604830756e+00 2.326443603515625000e+03
3.352502927326106885e+00 3.378990966796875000e+03
3.355936110047383014e+00 5.450013183593750000e+03
3.359369292768659143e+00 9.016569335937500000e+03
3.362802475489935272e+00 1.360550683593750000e+04
3.366235658211211401e+00 1.760256250000000000e+04
3.369668840932487530e+00 1.915541015625000000e+04
3.373102023653763659e+00 1.834201367187500000e+04
3.376535206375039344e+00 1.478665625000000000e+04
3.379968389096315473e+00 1.056165820312500000e+04
3.383401571817591602e+00 6.613868164062500000e+03
3.386834754538867731e+00 4.141419433593750000e+03
3.390267937260143860e+00 2.779273193359375000e+03
3.393701119981420433e+00 2.095943359375000000e+03
3.397134302702696118e+00 1.763246948242187500e+03
3.400567485423972247e+00 1.587673461914062500e+03
3.404000668145248376e+00 1.498204223632812500e+03
3.407433850866524505e+00 1.445948974609375000e+03
3.410867033587800634e+00 1.410654052734375000e+03
3.414300216309076763e+00 1.384186523437500000e+03
3.417733399030352448e+00 1.363972900390625000e+03
3.421166581751628577e+00 1.349304321289062500e+03
3.424599764472904706e+00 1.337091796875000000e+03
3.428032947194180835e+00 1.326591674804687500e+03
3.431466129915457408e+00 1.317223266601562500e+03
3.434899312636733537e+00 1.307793334960937500e+03
3.438332495358009222e+00 1.299084594726562500e+03
3.441765678079285351e+00 1.292221313476562500e+03
3.445198860800561480e+00 1.286198974609375000e+03
3.448632043521837609e+00 1.280862792968750000e+03
3.452065226243113738e+00 1.273418457031250000e+03
3.455498408964389867e+00 1.265617431640625000e+03
3.458931591685665552e+00 1.257651000976562500e+03
3.462364774406941681e+00 1.250548828125000000e+03
3.465797957128218254e+00 1.242694458007812500e+03
3.469231139849494383e+00 1.234508056640625000e+03
3.472664322570770512e+00 1.228549194335937500e+03
3.476097505292046197e+00 1.225596069335937500e+03
3.479530688013322326e+00 1.222604492187500000e+03
3.482963870734598455e+00 1.219065063476562500e+03
3.486397053455874584e+00 1.216082153320312500e+03
3.489830236177150713e+00 1.212505493164062500e+03
3.493263418898426842e+00 1.208221435546875000e+03
3.496696601619702527e+00 1.204604858398437500e+03
3.500129784340979100e+00 1.201369995117187500e+03
3.503562967062255229e+00 1.197137817382812500e+03
3.506996149783531358e+00 1.194958251953125000e+03
3.510429332504807487e+00 1.193419555664062500e+03
3.513862515226083616e+00 1.193545166015625000e+03
3.517295697947359301e+00 1.192234619140625000e+03
3.520728880668635430e+00 1.188306030273437500e+03
3.524162063389911559e+00 1.184784912109375000e+03
3.527595246111187688e+00 1.184997436523437500e+03
3.531028428832463817e+00 1.184739501953125000e+03
3.534461611553739946e+00 1.183755126953125000e+03
3.537894794275016075e+00 1.180648925781250000e+03
3.541327976996292204e+00 1.178664916992187500e+03
3.544761159717568333e+00 1.176048461914062500e+03
3.548194342438844462e+00 1.173954711914062500e+03
3.551627525160120591e+00 1.173558105468750000e+03
3.555060707881396276e+00 1.174280151367187500e+03
3.558493890602672405e+00 1.175128540039062500e+03
3.561927073323948534e+00 1.175994018554687500e+03
3.565360256045224663e+00 1.174595336914062500e+03
3.568793438766500792e+00 1.173178955078125000e+03
3.572226621487777365e+00 1.173168090820312500e+03
3.575659804209053050e+00 1.174060424804687500e+03
3.579092986930329179e+00 1.173593750000000000e+03
3.582526169651604864e+00 1.172712402343750000e+03
3.585959352372880549e+00 1.171794433593750000e+03
3.589392535094157122e+00 1.171841552734375000e+03
3.592825717815433695e+00 1.167854003906250000e+03
3.596258900536709380e+00 1.153541870117187500e+03
3.599692083257985509e+00 1.155891479492187500e+03
3.603125265979261194e+00 1.161736572265625000e+03
3.606558448700537767e+00 1.176034057617187500e+03
3.609991631421813452e+00 1.175113403320312500e+03
3.613424814143090025e+00 1.176331909179687500e+03
3.616857996864365710e+00 1.177601806640625000e+03
3.620291179585641839e+00 1.179091796875000000e+03
3.623724362306917524e+00 1.181113281250000000e+03
3.627157545028194097e+00 1.183200439453125000e+03
3.630590727749470670e+00 1.185255126953125000e+03
3.634023910470746355e+00 1.187155273437500000e+03
3.637457093192022484e+00 1.189676025390625000e+03
3.640890275913298169e+00 1.191793457031250000e+03
3.644323458634574742e+00 1.194954223632812500e+03
3.647756641355850427e+00 1.198864990234375000e+03
3.651189824077127000e+00 1.203717529296875000e+03
3.654623006798402685e+00 1.207250732421875000e+03
3.658056189519678814e+00 1.211065307617187500e+03
3.661489372240955387e+00 1.215098022460937500e+03
3.664922554962231072e+00 1.219655029296875000e+03
3.668355737683507645e+00 1.227070190429687500e+03
3.671788920404783330e+00 1.236011230468750000e+03
3.675222103126059459e+00 1.245304077148437500e+03
3.678655285847335144e+00 1.252926635742187500e+03
3.682088468568611717e+00 1.262533203125000000e+03
3.685521651289887402e+00 1.273435058593750000e+03
3.688954834011163975e+00 1.286939086914062500e+03
3.692388016732439660e+00 1.297225585937500000e+03
3.695821199453715789e+00 1.309625244140625000e+03
3.699254382174992362e+00 1.323356079101562500e+03
3.702687564896268047e+00 1.340505493164062500e+03
3.706120747617544620e+00 1.358634643554687500e+03
3.709553930338820305e+00 1.378410644531250000e+03
3.712987113060096878e+00 1.401354980468750000e+03
3.716420295781372118e+00 1.428314697265625000e+03
3.719853478502648692e+00 1.461253784179687500e+03
3.723286661223924376e+00 1.501678588867187500e+03
3.726719843945200950e+00 1.555509399414062500e+03
3.730153026666476634e+00 1.622657836914062500e+03
3.733586209387753208e+00 1.722597656250000000e+03
3.737019392109029337e+00 1.871143310546875000e+03
3.740452574830305021e+00 2.156810302734375000e+03
3.743885757551581595e+00 2.665211425781250000e+03
3.747318940272857279e+00 3.896396728515625000e+03
3.750752122994133853e+00 6.254179687500000000e+03
3.754185305715409537e+00 1.157661035156250000e+04
3.757618488436685666e+00 1.929433007812500000e+04
3.761051671157961351e+00 3.003757226562500000e+04
3.764484853879237924e+00 3.988475781250000000e+04
3.767918036600514498e+00 4.524880859375000000e+04
3.771351219321790182e+00 4.303042968750000000e+04
3.774784402043066311e+00 3.450850000000000000e+04
3.778217584764341996e+00 2.322913085937500000e+04
3.781650767485618569e+00 1.386780273437500000e+04
3.785083950206894254e+00 7.886918945312500000e+03
3.788517132928170827e+00 4.756188476562500000e+03
3.791950315649446512e+00 3.156850341796875000e+03
3.795383498370722641e+00 2.396334228515625000e+03
3.798816681091998326e+00 2.000711914062500000e+03
3.802249863813274899e+00 1.793853515625000000e+03
3.805683046534551472e+00 1.667630859375000000e+03
3.809116229255827157e+00 1.585420166015625000e+03
3.812549411977103730e+00 1.521461791992187500e+03
3.815982594698378971e+00 1.474757202148437500e+03
3.819415777419655544e+00 1.437146484375000000e+03
3.822848960140931229e+00 1.405252197265625000e+03
3.826282142862207802e+00 1.373329833984375000e+03
3.829715325583483487e+00 1.345549560546875000e+03
3.833148508304760060e+00 1.322561645507812500e+03
3.836581691026035301e+00 1.301283081054687500e+03
3.840014873747311874e+00 1.283248779296875000e+03
3.843448056468588447e+00 1.266512817382812500e+03
3.846881239189864132e+00 1.250428955078125000e+03
3.850314421911140705e+00 1.234114135742187500e+03
3.853747604632416390e+00 1.219374145507812500e+03
3.857180787353692519e+00 1.205284912109375000e+03
3.860613970074968204e+00 1.193489868164062500e+03
3.864047152796244777e+00 1.182824584960937500e+03
3.867480335517520462e+00 1.171735351562500000e+03
3.870913518238797035e+00 1.160885742187500000e+03
3.874346700960073164e+00 1.151200195312500000e+03
3.877779883681348849e+00 1.142073730468750000e+03
3.881213066402625422e+00 1.135197875976562500e+03
3.884646249123901107e+00 1.128209960937500000e+03
3.888079431845177680e+00 1.123310668945312500e+03
3.891512614566453365e+00 1.116926757812500000e+03
3.894945797287729494e+00 1.110951171875000000e+03
3.898378980009005179e+00 1.103613525390625000e+03
3.901812162730281752e+00 1.098249023437500000e+03
3.905245345451557437e+00 1.094335693359375000e+03
3.908678528172834010e+00 1.090562500000000000e+03
3.912111710894110139e+00 1.086651977539062500e+03
3.915544893615385824e+00 1.082792968750000000e+03
3.918978076336662397e+00 1.080123657226562500e+03
3.922411259057938082e+00 1.074588256835937500e+03
3.925844441779214655e+00 1.071100585937500000e+03
3.929277624500490340e+00 1.069183349609375000e+03
3.932710807221766469e+00 1.067999633789062500e+03
3.936143989943042154e+00 1.066876708984375000e+03
3.939577172664318727e+00 1.065021484375000000e+03
3.943010355385594412e+00 1.062763916015625000e+03
3.946443538106870985e+00 1.060404052734375000e+03
3.949876720828147558e+00 1.059107421875000000e+03
3.953309903549422799e+00 1.057730590820312500e+03
3.956743086270699372e+00 1.055710815429687500e+03
3.960176268991975057e+00 1.054123901367187500e+03
3.963609451713251630e+00 1.052421020507812500e+03
3.967042634434527315e+00 1.053983886718750000e+03
3.970475817155803888e+00 1.053960449218750000e+03
3.973908999877079573e+00 1.052764892578125000e+03
3.977342182598355702e+00 1.049708496093750000e+03
3.980775365319632275e+00 1.048923217773437500e+03
3.984208548040907960e+00 1.049880615234375000e+03
3.987641730762184533e+00 1.048819946289062500e+03
3.991074913483460218e+00 1.048046142578125000e+03
3.994508096204736347e+00 1.048681396484375000e+03
3.997941278926012032e+00 1.049472167968750000e+03
4.001374461647288605e+00 1.050112792968750000e+03
4.004807644368564290e+00 1.051399536132812500e+03
4.008240827089840863e+00 1.054510131835937500e+03
4.011674009811116548e+00 1.055134887695312500e+03
4.015107192532393121e+00 1.056033935546875000e+03
4.018540375253669694e+00 1.056648315429687500e+03
4.021973557974945379e+00 1.059240966796875000e+03
4.025406740696221064e+00 1.062379516601562500e+03
4.028839923417496749e+00 1.065570922851562500e+03
4.032273106138773322e+00 1.068174682617187500e+03
4.035706288860049007e+00 1.072423217773437500e+03
4.039139471581325580e+00 1.076072998046875000e+03
4.042572654302601265e+00 1.080630493164062500e+03
4.046005837023877838e+00 1.086109863281250000e+03
4.049439019745153523e+00 1.091637817382812500e+03
4.052872202466430096e+00 1.097008178710937500e+03
4.056305385187706669e+00 1.102952758789062500e+03
4.059738567908982354e+00 1.110973266601562500e+03
4.063171750630258039e+00 1.118151489257812500e+03
4.066604933351533724e+00 1.127486938476562500e+03
4.070038116072810297e+00 1.138073242187500000e+03
4.073471298794085982e+00 1.150759521484375000e+03
4.076904481515362555e+00 1.165456542968750000e+03
4.080337664236638240e+00 1.184270629882812500e+03
4.083770846957914813e+00 1.206788940429687500e+03
4.087204029679191386e+00 1.236866210937500000e+03
4.090637212400467071e+00 1.274549804687500000e+03
4.094070395121743644e+00 1.329520019531250000e+03
4.097503577843019329e+00 1.418609252929687500e+03
4.100936760564295014e+00 1.581446533203125000e+03
4.104369943285570699e+00 1.902115722656250000e+03
4.107803126006847272e+00 2.590362304687500000e+03
4.111236308728122957e+00 4.039874755859375000e+03
4.114669491449399530e+00 6.809219726562500000e+03
4.118102674170675215e+00 1.122255371093750000e+04
4.121535856891951788e+00 1.647880859375000000e+04
4.124969039613228361e+00 2.131323828125000000e+04
4.128402222334504046e+00 2.361605468750000000e+04
4.131835405055780619e+00 2.229831250000000000e+04
4.135268587777056304e+00 1.783894921875000000e+04
4.138701770498332877e+00 1.236543847656250000e+04
4.142134953219607674e+00 7.735180175781250000e+03
4.145568135940884247e+00 4.603196289062500000e+03
4.149001318662159932e+00 2.990345458984375000e+03
4.152434501383436505e+00 2.132330566406250000e+03
4.155867684104712190e+00 1.696265991210937500e+03
4.159300866825988763e+00 1.477750732421875000e+03
4.162734049547265336e+00 1.362521728515625000e+03
4.166167232268541021e+00 1.292649414062500000e+03
4.169600414989817594e+00 1.245201538085937500e+03
4.173033597711093279e+00 1.210423461914062500e+03
4.176466780432369852e+00 1.183541503906250000e+03
4.179899963153645537e+00 1.162903076171875000e+03
4.183333145874921222e+00 1.145328369140625000e+03
4.186766328596196907e+00 1.130491333007812500e+03
4.190199511317473480e+00 1.116143432617187500e+03
4.193632694038750053e+00 1.101905273437500000e+03
4.197065876760025738e+00 1.089919921875000000e+03
4.200499059481302311e+00 1.080067871093750000e+03
4.203932242202577996e+00 1.071553710937500000e+03
4.207365424923854569e+00 1.062274902343750000e+03
4.210798607645130254e+00 1.051895507812500000e+03
4.214231790366406827e+00 1.042814941406250000e+03
4.217664973087682512e+00 1.037038940429687500e+03
4.221098155808958197e+00 1.030015502929687500e+03
4.224531338530233882e+00 1.018062866210937500e+03
4.227964521251510455e+00 1.009544921875000000e+03
4.231397703972787028e+00 1.003229003906250000e+03
4.234830886694062713e+00 1.002853454589843750e+03
4.238264069415339286e+00 9.988451538085937500e+02
4.241697252136614971e+00 9.944562988281250000e+02
4.245130434857891544e+00 9.902277832031250000e+02
4.248563617579167229e+00 9.863171997070312500e+02
4.251996800300443802e+00 9.831206054687500000e+02
4.255429983021719487e+00 9.797665405273437500e+02
4.258863165742996060e+00 9.761144409179687500e+02
4.262296348464270856e+00 9.743028564453125000e+02
4.265729531185547430e+00 9.726089477539062500e+02
4.269162713906824003e+00 9.691335449218750000e+02
4.272595896628099688e+00 9.662052612304687500e+02
4.276029079349376261e+00 9.643145751953125000e+02
4.279462262070651946e+00 9.625599975585937500e+02
4.282895444791928519e+00 9.602514038085937500e+02
4.286328627513204204e+00 9.574147949218750000e+02
4.289761810234480777e+00 9.557197875976562500e+02
4.293194992955756462e+00 9.545098876953125000e+02
4.296628175677033035e+00 9.532954101562500000e+02
4.300061358398308720e+00 9.521773071289062500e+02
4.303494541119584404e+00 9.488062133789062500e+02
4.306927723840860978e+00 9.461445312500000000e+02
4.310360906562136663e+00 9.445517578125000000e+02
4.313794089283413236e+00 9.445848999023437500e+02
4.317227272004688921e+00 9.440620117187500000e+02
4.320660454725965494e+00 9.424124755859375000e+02
4.324093637447241179e+00 9.399077758789062500e+02
4.327526820168517752e+00 9.373425292968750000e+02
4.330960002889793437e+00 9.347902832031250000e+02
4.334393185611070010e+00 9.333667602539062500e+02
4.337826368332345695e+00 9.317011108398437500e+02
4.341259551053621379e+00 9.299946289062500000e+02
4.344692733774897953e+00 9.291188354492187500e+02
4.348125916496173637e+00 9.279447021484375000e+02
4.351559099217450211e+00 9.264183349609375000e+02
4.354992281938725895e+00 9.263312377929687500e+02
4.358425464660002469e+00 9.248397827148437500e+02
4.361858647381278153e+00 9.226636352539062500e+02
4.365291830102554727e+00 9.205024414062500000e+02
4.368725012823830411e+00 9.203150634765625000e+02
4.372158195545106985e+00 9.193716430664062500e+02
4.375591378266383558e+00 9.207851562500000000e+02
4.379024560987659243e+00 9.206489257812500000e+02
4.382457743708934927e+00 9.190692138671875000e+02
4.385890926430210612e+00 9.171187133789062500e+02
4.389324109151487185e+00 9.152811889648437500e+02
4.392757291872762870e+00 9.145642089843750000e+02
4.396190474594039443e+00 9.151321411132812500e+02
4.399623657315315128e+00 9.157760009765625000e+02
4.403056840036591701e+00 9.155540161132812500e+02
4.406490022757868275e+00 9.145406494140625000e+02
4.409923205479143959e+00 9.152503662109375000e+02
4.413356388200420533e+00 9.153638305664062500e+02
4.416789570921696217e+00 9.164320068359375000e+02
4.420222753642971902e+00 9.165711059570312500e+02
4.423655936364247587e+00 9.162410888671875000e+02
4.427089119085524160e+00 9.159642333984375000e+02
4.430522301806799845e+00 9.149141845703125000e+02
4.433955484528076418e+00 9.126011962890625000e+02
4.437388667249352103e+00 9.107689819335937500e+02
4.440821849970628676e+00 9.097647094726562500e+02
4.444255032691905249e+00 9.095761108398437500e+02
4.447688215413180934e+00 9.087703857421875000e+02
4.451121398134457507e+00 9.068005981445312500e+02
4.454554580855733192e+00 9.049190673828125000e+02
4.457987763577008877e+00 9.039959106445312500e+02
4.461420946298284562e+00 9.041386718750000000e+02
4.464854129019561135e+00 9.044141845703125000e+02
4.468287311740836820e+00 9.033965454101562500e+02
4.471720494462113393e+00 9.025374755859375000e+02
4.475153677183389078e+00 9.015200195312500000e+02
4.478586859904665651e+00 9.006267089843750000e+02
4.482020042625942224e+00 9.000673828125000000e+02
4.485453225347217909e+00 8.987734375000000000e+02
4.488886408068494482e+00 8.985662231445312500e+02
4.492319590789770167e+00 8.994265136718750000e+02
4.495752773511046740e+00 8.991141967773437500e+02
4.499185956232321537e+00 8.975137939453125000e+02
4.502619138953598110e+00 8.966982421875000000e+02
4.506052321674873795e+00 8.958285522460937500e+02
4.509485504396150368e+00 8.956787109375000000e+02
4.512918687117426941e+00 8.951116943359375000e+02
4.516351869838702626e+00 8.962116088867187500e+02
4.519785052559979199e+00 8.951557617187500000e+02
4.523218235281254884e+00 8.938173828125000000e+02
4.526651418002531457e+00 8.943977050781250000e+02
4.530084600723807142e+00 8.948156738281250000e+02
4.533517783445083715e+00 8.939580688476562500e+02
4.536950966166359400e+00 8.937142944335937500e+02
4.540384148887635085e+00 8.934537963867187500e+02
4.543817331608910770e+00 8.923457031250000000e+02
4.547250514330187343e+00 8.922023925781250000e+02
4.550683697051463916e+00 8.920751342773437500e+02
4.554116879772739601e+00 8.930180053710937500e+02
4.557550062494016174e+00 8.923698730468750000e+02
4.560983245215291859e+00 8.921853637695312500e+02
4.564416427936568432e+00 8.926975708007812500e+02
4.567849610657844117e+00 8.933349609375000000e+02
4.571282793379120690e+00 8.941230468750000000e+02
4.574715976100396375e+00 8.920612182617187500e+02
4.578149158821672060e+00 8.868699340820312500e+02
4.581582341542947745e+00 8.850304565429687500e+02
4.585015524264224318e+00 8.894413452148437500e+02
4.588448706985500891e+00 8.911831665039062500e+02
4.591881889706776576e+00 8.913036499023437500e+02
4.595315072428053149e+00 8.916848754882812500e+02
4.598748255149328834e+00 8.929251098632812500e+02
4.602181437870605407e+00 8.931636352539062500e+02
4.605614620591881092e+00 8.930451049804687500e+02
4.609047803313157665e+00 8.920369262695312500e+02
4.612480986034433350e+00 8.914109497070312500e+02
4.615914168755709923e+00 8.916919555664062500e+02
4.619347351476985608e+00 8.929983520507812500e+02
4.622780534198261293e+00 8.937492065429687500e+02
4.626213716919537866e+00 8.940446777343750000e+02
4.629646899640813551e+00 8.944846191406250000e+02
4.633080082362090124e+00 8.943726806640625000e+02
4.636513265083365809e+00 8.940793457031250000e+02
4.639946447804642382e+00 8.946749267578125000e+02
4.643379630525918067e+00 8.970405273437500000e+02
4.646812813247194640e+00 8.993449707031250000e+02
4.650245995968470325e+00 9.010115356445312500e+02
4.653679178689746898e+00 9.015607910156250000e+02
4.657112361411022583e+00 9.032482299804687500e+02
4.660545544132298268e+00 9.050507812500000000e+02
4.663978726853574841e+00 9.069974975585937500e+02
4.667411909574850526e+00 9.084949951171875000e+02
4.670845092296127099e+00 9.100053100585937500e+02
4.674278275017402784e+00 9.132362670898437500e+02
4.677711457738679357e+00 9.150815429687500000e+02
4.681144640459955042e+00 9.167119140625000000e+02
4.684577823181231615e+00 9.187935791015625000e+02
4.688011005902507300e+00 9.205592651367187500e+02
4.691444188623783873e+00 9.230667724609375000e+02
4.694877371345059558e+00 9.252640991210937500e+02
4.698310554066335243e+00 9.280693359375000000e+02
4.701743736787611816e+00 9.304617309570312500e+02
4.705176919508887501e+00 9.342077026367187500e+02
4.708610102230164074e+00 9.395265502929687500e+02
4.712043284951439759e+00 9.458451538085937500e+02
4.715476467672716332e+00 9.527249755859375000e+02
4.718909650393992017e+00 9.609159545898437500e+02
4.722342833115268590e+00 9.697634887695312500e+02
4.725776015836545163e+00 9.820156860351562500e+02
4.729209198557820848e+00 9.966932983398437500e+02
4.732642381279097421e+00 1.017995483398437500e+03
4.736075564000372218e+00 1.050278076171875000e+03
4.739508746721648791e+00 1.109346923828125000e+03
4.742941929442924476e+00 1.221197753906250000e+03
4.746375112164201049e+00 1.457663208007812500e+03
4.749808294885476734e+00 1.964225097656250000e+03
4.753241477606753307e+00 2.944372070312500000e+03
4.756674660328028992e+00 4.629008300781250000e+03
4.760107843049305565e+00 6.791884277343750000e+03
4.763541025770582138e+00 8.756643554687500000e+03
4.766974208491857823e+00 9.722758789062500000e+03
4.770407391213134396e+00 9.282658203125000000e+03
4.773840573934410081e+00 7.710650878906250000e+03
4.777273756655685766e+00 5.559343261718750000e+03
4.780706939376961451e+00 3.744755126953125000e+03
4.784140122098238024e+00 2.485466552734375000e+03
4.787573304819513709e+00 1.792666259765625000e+03
4.791006487540790282e+00 1.426720336914062500e+03
4.794439670262065967e+00 1.221558715820312500e+03
4.797872852983342540e+00 1.117555175781250000e+03
4.801306035704619113e+00 1.060264648437500000e+03
4.804739218425894798e+00 1.027249267578125000e+03
4.808172401147171371e+00 1.007684570312500000e+03
4.811605583868447056e+00 9.930360107421875000e+02
4.815038766589722741e+00 9.808171386718750000e+02
4.818471949310998426e+00 9.703882446289062500e+02
4.821905132032274999e+00 9.626668701171875000e+02
4.825338314753550684e+00 9.586186523437500000e+02
4.828771497474827257e+00 9.547246093750000000e+02
4.832204680196103830e+00 9.502854614257812500e+02
4.835637862917379515e+00 9.463950805664062500e+02
4.839071045638656088e+00 9.429899902343750000e+02
4.842504228359931773e+00 9.394760131835937500e+02
4.845937411081208346e+00 9.368594970703125000e+02
4.849370593802484031e+00 9.344520263671875000e+02
4.852803776523760604e+00 9.324948730468750000e+02
4.856236959245035401e+00 9.291766357421875000e+02
4.859670141966311974e+00 9.261407470703125000e+02
4.863103324687587659e+00 9.241820678710937500e+02
4.866536507408864232e+00 9.230176391601562500e+02
4.869969690130140805e+00 9.226849365234375000e+02
4.873402872851416490e+00 9.203823242187500000e+02
4.876836055572693063e+00 9.180497436523437500e+02
4.880269238293968748e+00 9.164712524414062500e+02
4.883702421015245321e+00 9.163121337890625000e+02
4.887135603736521006e+00 9.151633300781250000e+02
4.890568786457797579e+00 9.158483886718750000e+02
4.894001969179073264e+00 9.169578247070312500e+02
4.897435151900348949e+00 9.183703002929687500e+02
4.900868334621624633e+00 9.196583862304687500e+02
4.904301517342901207e+00 9.195318603515625000e+02
4.907734700064177780e+00 9.201406860351562500e+02
4.911167882785453465e+00 9.205594482421875000e+02
4.914601065506730038e+00 9.206659545898437500e+02
4.918034248228005723e+00 9.203785400390625000e+02
4.921467430949282296e+00 9.202829589843750000e+02
4.924900613670557981e+00 9.225858764648437500e+02
4.928333796391834554e+00 9.250765991210937500e+02
4.931766979113110239e+00 9.290884399414062500e+02
4.935200161834385923e+00 9.337136840820312500e+02
4.938633344555662497e+00 9.365845947265625000e+02
4.942066527276938182e+00 9.385720214843750000e+02
4.945499709998214755e+00 9.409908447265625000e+02
4.948932892719490440e+00 9.423210449218750000e+02
4.952366075440767013e+00 9.446928100585937500e+02
4.955799258162042698e+00 9.513262939453125000e+02
4.959232440883319271e+00 9.586770019531250000e+02
4.962665623604594956e+00 9.638930664062500000e+02
4.966098806325871529e+00 9.682809448242187500e+02
4.969531989047147214e+00 9.747691040039062500e+02
4.972965171768422898e+00 9.827913818359375000e+02
4.976398354489699472e+00 9.908436889648437500e+02
4.979831537210975156e+00 9.994127197265625000e+02
4.983264719932251730e+00 1.007503051757812500e+03
4.986697902653527414e+00 1.016012207031250000e+03
4.990131085374803988e+00 1.025867309570312500e+03
4.993564268096079672e+00 1.038882934570312500e+03
4.996997450817356246e+00 1.052870971679687500e+03
5.000430633538631930e+00 1.068865966796875000e+03
5.003863816259908504e+00 1.086499633789062500e+03
5.007296998981184188e+00 1.106934326171875000e+03
5.010730181702460762e+00 1.132578491210937500e+03
5.014163364423736446e+00 1.162266113281250000e+03
5.017596547145012131e+00 1.203583129882812500e+03
5.021029729866288704e+00 1.260757202148437500e+03
5.024462912587564389e+00 1.346248168945312500e+03
5.027896095308840962e+00 1.489056762695312500e+03
5.031329278030116647e+00 1.762573852539062500e+03
5.034762460751393220e+00 2.322121337890625000e+03
5.038195643472668905e+00 3.540902343750000000e+03
5.041628826193945478e+00 5.940805664062500000e+03
5.045062008915222052e+00 1.019356542968750000e+04
5.048495191636497736e+00 1.592951074218750000e+04
5.051928374357773421e+00 2.199304687500000000e+04
5.055361557079049106e+00 2.630105859375000000e+04
5.058794739800325679e+00 2.670966796875000000e+04
5.062227922521601364e+00 2.286639453125000000e+04
5.065661105242877937e+00 1.668075976562500000e+04
5.069094287964153622e+00 1.075339648437500000e+04
5.072527470685430195e+00 6.568811523437500000e+03
5.075960653406705880e+00 4.097984863281250000e+03
5.079393836127982453e+00 2.743080810546875000e+03
5.082827018849259026e+00 2.025963256835937500e+03
5.086260201570534711e+00 1.635629638671875000e+03
5.089693384291811284e+00 1.429457397460937500e+03
5.093126567013086081e+00 1.315488403320312500e+03
5.096559749734362654e+00 1.247279663085937500e+03
5.099992932455638339e+00 1.199018676757812500e+03
5.103426115176914912e+00 1.162423706054687500e+03
5.106859297898190597e+00 1.134393066406250000e+03
5.110292480619467170e+00 1.111501464843750000e+03
5.113725663340742855e+00 1.092502929687500000e+03
5.117158846062019428e+00 1.075955688476562500e+03
5.120592028783296001e+00 1.062282104492187500e+03
5.124025211504571686e+00 1.049556274414062500e+03
5.127458394225848259e+00 1.036271118164062500e+03
5.130891576947123944e+00 1.024328369140625000e+03
5.134324759668399629e+00 1.012903625488281250e+03
5.137757942389675314e+00 1.004138122558593750e+03
5.141191125110951887e+00 9.954365234375000000e+02
5.144624307832227572e+00 9.881994018554687500e+02
5.148057490553504145e+00 9.813244628906250000e+02
5.151490673274780718e+00 9.736409912109375000e+02
5.154923855996056403e+00 9.672445678710937500e+02
5.158357038717332976e+00 9.615337524414062500e+02
5.161790221438608661e+00 9.568104858398437500e+02
5.165223404159885234e+00 9.514603881835937500e+02
5.168656586881160919e+00 9.489043579101562500e+02
5.172089769602436604e+00 9.458720703125000000e+02
5.175522952323712289e+00 9.436378784179687500e+02
5.178956135044988862e+00 9.417556762695312500e+02
5.182389317766264547e+00 9.401763916015625000e+02
5.185822500487541120e+00 9.382606201171875000e+02
5.189255683208817693e+00 9.374041137695312500e+02
5.192688865930093378e+00 9.364154052734375000e+02
5.196122048651369951e+00 9.353992919921875000e+02
5.199555231372645636e+00 9.333359985351562500e+02
5.202988414093922209e+00 9.322252807617187500e+02
5.206421596815197894e+00 9.311887817382812500e+02
5.209854779536473579e+00 9.310831909179687500e+02
5.213287962257749264e+00 9.322714843750000000e+02
5.216721144979025837e+00 9.339326782226562500e+02
5.220154327700301522e+00 9.337283325195312500e+02
5.223587510421578095e+00 9.332498779296875000e+02
5.227020693142854668e+00 9.334248657226562500e+02
5.230453875864130353e+00 9.344270019531250000e+02
5.233887058585406926e+00 9.380261230468750000e+02
5.237320241306682611e+00 9.421120605468750000e+02
5.240753424027959184e+00 9.471110229492187500e+02
5.244186606749234869e+00 9.513318481445312500e+02
5.247619789470511442e+00 9.551463012695312500e+02
5.251052972191787127e+00 9.590875854492187500e+02
5.254486154913062812e+00 9.634880371093750000e+02
5.257919337634339385e+00 9.705624389648437500e+02
5.261352520355615070e+00 9.772515869140625000e+02
5.264785703076891643e+00 9.853511962890625000e+02
5.268218885798167328e+00 9.938025512695312500e+02
5.271652068519443901e+00 1.002670104980468750e+03
5.275085251240719586e+00 1.013070678710937500e+03
5.278518433961996159e+00 1.023892272949218750e+03
5.281951616683271844e+00 1.036613281250000000e+03
5.285384799404548417e+00 1.053640258789062500e+03
5.288817982125824102e+00 1.075787231445312500e+03
5.292251164847099787e+00 1.105305175781250000e+03
5.295684347568376360e+00 1.146715332031250000e+03
5.299117530289652045e+00 1.211776123046875000e+03
5.302550713010928618e+00 1.322441650390625000e+03
5.305983895732204303e+00 1.533390258789062500e+03
5.309417078453480876e+00 1.979963623046875000e+03
5.312850261174756561e+00 2.929265380859375000e+03
5.316283443896033134e+00 4.855562500000000000e+03
5.319716626617308819e+00 8.045958496093750000e+03
5.323149809338585392e+00 1.231330664062500000e+04
5.326582992059861077e+00 1.667154687500000000e+04
5.330016174781136762e+00 1.940215429687500000e+04
5.333449357502413335e+00 1.912275195312500000e+04
5.336882540223689020e+00 1.606394042968750000e+04
5.340315722944965593e+00 1.162156445312500000e+04
5.343748905666241278e+00 7.620922851562500000e+03
5.347182088387517851e+00 4.811632324218750000e+03
5.350615271108793536e+00 3.158423828125000000e+03
5.354048453830070109e+00 2.226804443359375000e+03
5.357481636551345794e+00 1.692452392578125000e+03
5.360914819272622367e+00 1.416648071289062500e+03
5.364348001993898940e+00 1.258816528320312500e+03
5.367781184715174625e+00 1.177245239257812500e+03
5.371214367436450310e+00 1.128123535156250000e+03
5.374647550157725995e+00 1.095717651367187500e+03
5.378080732879002568e+00 1.070696411132812500e+03
5.381513915600278253e+00 1.051092163085937500e+03
5.384947098321554826e+00 1.034558715820312500e+03
5.388380281042830511e+00 1.020803039550781250e+03
5.391813463764107084e+00 1.008456542968750000e+03
5.395246646485382769e+00 9.975878906250000000e+02
5.398679829206659342e+00 9.879049072265625000e+02
5.402113011927935915e+00 9.794899902343750000e+02
5.405546194649211600e+00 9.728343505859375000e+02
5.408979377370487285e+00 9.666890258789062500e+02
5.412412560091762970e+00 9.612971191406250000e+02
5.415845742813039543e+00 9.573184204101562500e+02
5.419278925534315228e+00 9.531013793945312500e+02
5.422712108255591801e+00 9.483883056640625000e+02
5.426145290976867486e+00 9.440445556640625000e+02
5.429578473698144059e+00 9.396421508789062500e+02
5.433011656419419744e+00 9.344879150390625000e+02
5.436444839140696317e+00 9.290991210937500000e+02
5.439878021861972890e+00 9.241694946289062500e+02
5.443311204583248575e+00 9.205037841796875000e+02
5.446744387304524260e+00 9.173850708007812500e+02
5.450177570025799945e+00 9.146661376953125000e+02
5.453610752747076518e+00 9.112481689453125000e+02
5.457043935468352203e+00 9.087777099609375000e+02
5.460477118189628776e+00 9.072666015625000000e+02
5.463910300910904461e+00 9.046028442382812500e+02
5.467343483632181034e+00 9.028804931640625000e+02
5.470776666353457607e+00 9.036464843750000000e+02
5.474209849074733292e+00 9.045739746093750000e+02
5.477643031796009865e+00 9.040413818359375000e+02
5.481076214517285550e+00 9.030941772460937500e+02
5.484509397238562123e+00 9.033632812500000000e+02
5.487942579959837808e+00 9.042492675781250000e+02
5.491375762681113493e+00 9.051133422851562500e+02
5.494808945402389178e+00 9.051684570312500000e+02
5.498242128123665751e+00 9.065954589843750000e+02
5.501675310844941436e+00 9.087417602539062500e+02
5.505108493566218009e+00 9.107885742187500000e+02
5.508541676287494582e+00 9.133326416015625000e+02
5.511974859008770267e+00 9.167677612304687500e+02
5.515408041730046840e+00 9.205836181640625000e+02
5.518841224451322525e+00 9.242888793945312500e+02
5.522274407172599098e+00 9.274918823242187500e+02
5.525707589893874783e+00 9.312036132812500000e+02
5.529140772615150468e+00 9.366579589843750000e+02
5.532573955336426152e+00 9.417825927734375000e+02
5.536007138057702726e+00 9.475967407226562500e+02
5.539440320778978410e+00 9.541333007812500000e+02
5.542873503500254984e+00 9.631480712890625000e+02
5.546306686221531557e+00 9.746446533203125000e+02
5.549739868942807242e+00 9.880498657226562500e+02
5.553173051664083815e+00 1.006795776367187500e+03
5.556606234385359500e+00 1.034995605468750000e+03
5.560039417106636073e+00 1.079072143554687500e+03
5.563472599827911758e+00 1.156682617187500000e+03
5.566905782549187442e+00 1.302639648437500000e+03
5.570338965270463127e+00 1.610205810546875000e+03
5.573772147991739701e+00 2.246148681640625000e+03
5.577205330713016274e+00 3.519787109375000000e+03
5.580638513434291959e+00 5.561442871093750000e+03
5.584071696155568532e+00 8.243055664062500000e+03
5.587504878876844217e+00 1.092063378906250000e+04
5.590938061598120790e+00 1.247605273437500000e+04
5.594371244319396475e+00 1.220089941406250000e+04
5.597804427040673048e+00 1.024717773437500000e+04
5.601237609761948733e+00 7.412205078125000000e+03
5.604670792483225306e+00 4.940372070312500000e+03
5.608103975204500991e+00 3.207468505859375000e+03
5.611537157925776675e+00 2.219998535156250000e+03
5.614970340647053249e+00 1.662113769531250000e+03
5.618403523368328933e+00 1.356101196289062500e+03
5.621836706089605507e+00 1.188087524414062500e+03
5.625269888810881191e+00 1.096158203125000000e+03
5.628703071532157765e+00 1.045062255859375000e+03
5.632136254253433449e+00 1.014069824218750000e+03
5.635569436974710023e+00 9.928777465820312500e+02
5.639002619695985707e+00 9.751007080078125000e+02
5.642435802417262281e+00 9.612720336914062500e+02
5.645868985138537965e+00 9.501794433593750000e+02
5.649302167859813650e+00 9.412734985351562500e+02
5.652735350581090223e+00 9.325328979492187500e+02
5.656168533302365908e+00 9.259649658203125000e+02
5.659601716023642481e+00 9.199241333007812500e+02
5.663034898744918166e+00 9.155850830078125000e+02
5.666468081466194739e+00 9.109828491210937500e+02
5.669901264187470424e+00 9.052816772460937500e+02
5.673334446908746997e+00 9.006336669921875000e+02
5.676767629630022682e+00 8.962175292968750000e+02
5.680200812351299255e+00 8.917698974609375000e+02
5.683633995072575829e+00 8.895895996093750000e+02
5.687067177793850625e+00 8.866797485351562500e+02
5.690500360515127198e+00 8.833280639648437500e+02
5.693933543236402883e+00 8.799672241210937500e+02
5.697366725957679456e+00 8.783164062500000000e+02
5.700799908678955141e+00 8.760672607421875000e+02
5.704233091400231714e+00 8.736599121093750000e+02
5.707666274121507399e+00 8.707000122070312500e+02
5.711099456842783972e+00 8.695688476562500000e+02
5.714532639564059657e+00 8.683930053710937500e+02
5.717965822285336230e+00 8.670188598632812500e+02
5.721399005006612803e+00 8.642627563476562500e+02
5.724832187727888488e+00 8.623161621093750000e+02
5.728265370449164173e+00 8.608171997070312500e+02
5.731698553170439858e+00 8.612155761718750000e+02
5.735131735891716431e+00 8.612598266601562500e+02
5.738564918612992116e+00 8.605061645507812500e+02
5.741998101334268689e+00 8.595571289062500000e+02
5.745431284055544374e+00 8.584504394531250000e+02
5.748864466776820947e+00 8.567600708007812500e+02
5.752297649498096632e+00 8.550451660156250000e+02
5.755730832219373205e+00 8.538303833007812500e+02
5.759164014940649778e+00 8.533692016601562500e+02
5.762597197661925463e+00 8.541025390625000000e+02
5.766030380383201148e+00 8.555164794921875000e+02
5.769463563104476833e+00 8.559910888671875000e+02
5.772896745825753406e+00 8.568045654296875000e+02
5.776329928547029091e+00 8.574772949218750000e+02
5.779763111268305664e+00 8.575135498046875000e+02
5.783196293989581349e+00 8.579956054687500000e+02
5.786629476710857922e+00 8.577346801757812500e+02
5.790062659432134495e+00 8.579602661132812500e+02
5.793495842153410180e+00 8.602155151367187500e+02
5.796929024874686753e+00 8.612851562500000000e+02
5.800362207595962438e+00 8.644617309570312500e+02
5.803795390317238123e+00 8.678488769531250000e+02
5.807228573038513808e+00 8.722439575195312500e+02
5.810661755759790381e+00 8.798580932617187500e+02
5.814094938481066066e+00 8.974977416992187500e+02
5.817528121202342639e+00 9.309252319335937500e+02
5.820961303923618324e+00 1.002069763183593750e+03
5.824394486644894897e+00 1.146358764648437500e+03
5.827827669366171470e+00 1.400988281250000000e+03
5.831260852087447155e+00 1.782175537109375000e+03
5.834694034808723728e+00 2.210205810546875000e+03
5.838127217529999413e+00 2.548378417968750000e+03
5.841560400251275986e+00 2.654489501953125000e+03
5.844993582972551671e+00 2.494971191406250000e+03
5.848426765693827356e+00 2.098937255859375000e+03
5.851859948415103041e+00 1.681600341796875000e+03
5.855293131136379614e+00 1.359007446289062500e+03
5.858726313857655299e+00 1.158041870117187500e+03
5.862159496578931872e+00 1.030322998046875000e+03
5.865592679300208445e+00 9.589965820312500000e+02
5.869025862021484130e+00 9.126425170898437500e+02
5.872459044742760703e+00 8.871145629882812500e+02
5.875892227464036388e+00 8.737158203125000000e+02
5.879325410185312961e+00 8.757925415039062500e+02
5.882758592906588646e+00 8.876785888671875000e+02
5.886191775627864331e+00 8.848652954101562500e+02
5.889624958349140016e+00 8.726487426757812500e+02
5.893058141070416589e+00 8.558471679687500000e+02
5.896491323791692274e+00 8.541687622070312500e+02
5.899924506512968847e+00 8.523062133789062500e+02
5.903357689234245420e+00 8.516078491210937500e+02
5.906790871955521105e+00 8.531670532226562500e+02
5.910224054676797678e+00 8.526420288085937500e+02
5.913657237398073363e+00 8.511802368164062500e+02
5.917090420119349936e+00 8.498122558593750000e+02
5.920523602840625621e+00 8.501419677734375000e+02
5.923956785561901306e+00 8.492192382812500000e+02
5.927389968283176991e+00 8.476089477539062500e+02
5.930823151004453564e+00 8.465757446289062500e+02
5.934256333725730137e+00 8.466944580078125000e+02
5.937689516447005822e+00 8.476790161132812500e+02
5.941122699168282395e+00 8.481079711914062500e+02
5.944555881889558080e+00 8.486143798828125000e+02
5.947989064610834653e+00 8.486026611328125000e+02
5.951422247332110338e+00 8.499641723632812500e+02
5.954855430053386911e+00 8.511784057617187500e+02
5.958288612774662596e+00 8.524824218750000000e+02
5.961721795495939169e+00 8.520352172851562500e+02
5.965154978217213966e+00 8.513825683593750000e+02
5.968588160938490539e+00 8.514719238281250000e+02
5.972021343659767112e+00 8.534884033203125000e+02
5.975454526381042797e+00 8.560613403320312500e+02
5.978887709102319370e+00 8.580128173828125000e+02
5.982320891823595055e+00 8.595512084960937500e+02
5.985754074544871628e+00 8.617976684570312500e+02
5.989187257266147313e+00 8.634342651367187500e+02
5.992620439987423886e+00 8.657683105468750000e+02
5.996053622708699571e+00 8.680765991210937500e+02
5.999486805429976144e+00 8.695549316406250000e+02
6.002919988151251829e+00 8.705179443359375000e+02
6.006353170872527514e+00 8.719882202148437500e+02
6.009786353593804087e+00 8.741276245117187500e+02
6.013219536315079772e+00 8.777704467773437500e+02
6.016652719036356345e+00 8.824578247070312500e+02
6.020085901757632030e+00 8.871996459960937500e+02
6.023519084478908603e+00 8.910275878906250000e+02
6.026952267200184288e+00 8.954332275390625000e+02
6.030385449921460861e+00 9.015759887695312500e+02
6.033818632642736546e+00 9.089962158203125000e+02
6.037251815364013119e+00 9.192130126953125000e+02
6.040684998085288804e+00 9.320964355468750000e+02
6.044118180806564489e+00 9.495066528320312500e+02
6.047551363527841062e+00 9.763811645507812500e+02
6.050984546249116747e+00 1.021450317382812500e+03
6.054417728970393320e+00 1.108973266601562500e+03
6.057850911691669005e+00 1.287411132812500000e+03
6.061284094412945578e+00 1.661734130859375000e+03
6.064717277134221263e+00 2.390933837890625000e+03
6.068150459855497836e+00 3.575475097656250000e+03
6.071583642576773521e+00 5.180209472656250000e+03
6.075016825298050094e+00 6.751912109375000000e+03
6.078450008019326667e+00 7.774316406250000000e+03
6.081883190740602352e+00 7.737093261718750000e+03
6.085316373461878037e+00 6.674968750000000000e+03
6.088749556183153722e+00 5.017546875000000000e+03
6.092182738904430295e+00 3.530213867187500000e+03
6.095615921625705980e+00 2.447067138671875000e+03
6.099049104346982553e+00 1.794710205078125000e+03
6.102482287068258238e+00 1.417883544921875000e+03
6.105915469789534811e+00 1.198526611328125000e+03
6.109348652510810496e+00 1.077178222656250000e+03
6.112781835232087069e+00 1.009166564941406250e+03
6.116215017953363642e+00 9.714466552734375000e+02
6.119648200674639327e+00 9.500358886718750000e+02
6.123081383395915012e+00 9.360512695312500000e+02
6.126514566117190697e+00 9.241462402343750000e+02
6.129947748838467270e+00 9.160968627929687500e+02
6.133380931559742955e+00 9.108295898437500000e+02
6.136814114281019528e+00 9.057575073242187500e+02
6.140247297002295213e+00 9.019192504882812500e+02
6.143680479723571786e+00 8.981683959960937500e+02
6.147113662444848359e+00 8.935388793945312500e+02
6.150546845166124044e+00 8.892329101562500000e+02
6.153980027887400617e+00 8.863572387695312500e+02
6.157413210608676302e+00 8.851127319335937500e+02
6.160846393329951987e+00 8.844043579101562500e+02
6.164279576051227671e+00 8.832257690429687500e+02
6.167712758772504245e+00 8.811480712890625000e+02
6.171145941493779929e+00 8.802178955078125000e+02
6.174579124215056503e+00 8.796698608398437500e+02
6.178012306936332187e+00 8.786171875000000000e+02
6.181445489657608761e+00 8.774763793945312500e+02
6.184878672378885334e+00 8.782031250000000000e+02
6.188311855100161019e+00 8.783283081054687500e+02
6.191745037821437592e+00 8.776826171875000000e+02
6.195178220542713277e+00 8.771996459960937500e+02
6.198611403263989850e+00 8.791475219726562500e+02
6.202044585985264646e+00 8.808352661132812500e+02
6.205477768706541220e+00 8.819129028320312500e+02
6.208910951427816904e+00 8.827766113281250000e+02
6.212344134149093478e+00 8.854954223632812500e+02
6.215777316870369162e+00 8.895444946289062500e+02
6.219210499591645736e+00 8.923151245117187500e+02
6.222643682312922309e+00 8.959347534179687500e+02
6.226076865034197994e+00 9.003240356445312500e+02
6.229510047755474567e+00 9.048529663085937500e+02
6.232943230476750252e+00 9.084770507812500000e+02
6.236376413198026825e+00 9.133825683593750000e+02
6.239809595919302510e+00 9.189235839843750000e+02
6.243242778640578194e+00 9.244584350585937500e+02
6.246675961361853879e+00 9.318302001953125000e+02
6.250109144083130452e+00 9.417277832031250000e+02
6.253542326804407026e+00 9.511541137695312500e+02
6.256975509525682710e+00 9.615073242187500000e+02
6.260408692246959284e+00 9.737435302734375000e+02
6.263841874968234968e+00 9.891276245117187500e+02
6.267275057689511542e+00 1.008125366210937500e+03
6.270708240410787226e+00 1.034360717773437500e+03
6.274141423132063800e+00 1.073032226562500000e+03
6.277574605853339484e+00 1.130650024414062500e+03
6.281007788574615169e+00 1.229708251953125000e+03
6.284440971295890854e+00 1.411620727539062500e+03
6.287874154017167427e+00 1.803128173828125000e+03
6.291307336738444000e+00 2.582247802734375000e+03
6.294740519459719685e+00 4.145242187500000000e+03
6.298173702180996258e+00 6.593072753906250000e+03
6.301606884902271943e+00 9.852940429687500000e+03
6.305040067623548516e+00 1.315308496093750000e+04
6.308473250344824201e+00 1.518100488281250000e+04
6.311906433066100774e+00 1.505341992187500000e+04
6.315339615787376459e+00 1.282809960937500000e+04
6.318772798508653032e+00 9.474583984375000000e+03
6.322205981229927829e+00 6.397118164062500000e+03
6.325639163951204402e+00 4.164315429687500000e+03
6.329072346672480975e+00 2.850581787109375000e+03
6.332505529393756660e+00 2.064261962890625000e+03
6.335938712115033233e+00 1.621436035156250000e+03
6.339371894836308918e+00 1.351200439453125000e+03
6.342805077557585491e+00 1.199105468750000000e+03
6.346238260278861176e+00 1.110006835937500000e+03
6.349671443000137749e+00 1.060418823242187500e+03
6.353104625721413434e+00 1.027343505859375000e+03
6.356537808442690007e+00 1.005473266601562500e+03
6.359970991163965692e+00 9.888181152343750000e+02
6.363404173885241377e+00 9.751359252929687500e+02
6.366837356606517950e+00 9.616456909179687500e+02
6.370270539327793635e+00 9.511668701171875000e+02
6.373703722049070208e+00 9.413841552734375000e+02
6.377136904770345893e+00 9.321145629882812500e+02
6.380570087491622466e+00 9.239853515625000000e+02
6.384003270212898151e+00 9.166555786132812500e+02
6.387436452934174724e+00 9.096881713867187500e+02
6.390869635655450409e+00 8.860050659179687500e+02
6.394302818376726982e+00 8.790512084960937500e+02
6.397736001098002667e+00 8.881793823242187500e+02
6.401169183819278352e+00 8.869674072265625000e+02
6.404602366540554925e+00 8.822114868164062500e+02
6.408035549261830610e+00 8.786534423828125000e+02
6.411468731983107183e+00 8.762576293945312500e+02
6.414901914704382868e+00 8.737766723632812500e+02
6.418335097425659441e+00 8.700251464843750000e+02
6.421768280146935126e+00 8.663767089843750000e+02
6.425201462868211699e+00 8.630488281250000000e+02
6.428634645589487384e+00 8.592591552734375000e+02
6.432067828310763957e+00 8.564978637695312500e+02
6.435501011032040530e+00 8.547861328125000000e+02
6.438934193753316215e+00 8.533931274414062500e+02
6.442367376474591900e+00 8.523349609375000000e+02
6.445800559195867585e+00 8.505082397460937500e+02
6.449233741917144158e+00 8.493266601562500000e+02
6.452666924638419843e+00 8.472081298828125000e+02
6.456100107359696416e+00 8.453306884765625000e+02
6.459533290080972101e+00 8.438690795898437500e+02
6.462966472802248674e+00 8.429469604492187500e+02
6.466399655523525247e+00 8.411086425781250000e+02
6.469832838244800932e+00 8.391214599609375000e+02
6.473266020966077505e+00 8.383848876953125000e+02
6.476699203687353190e+00 8.367175903320312500e+02
6.480132386408628875e+00 8.366421508789062500e+02
6.483565569129904560e+00 8.362239990234375000e+02
6.486998751851181133e+00 8.353943481445312500e+02
6.490431934572456818e+00 8.343455810546875000e+02
6.493865117293733391e+00 8.342196655273437500e+02
6.497298300015009076e+00 8.323970947265625000e+02
6.500731482736285649e+00 8.307114868164062500e+02
6.504164665457562222e+00 8.309701538085937500e+02
6.507597848178837907e+00 8.319911499023437500e+02
6.511031030900114480e+00 8.324125366210937500e+02
6.514464213621390165e+00 8.321217651367187500e+02
6.517897396342665850e+00 8.302321166992187500e+02
6.521330579063941535e+00 8.284839477539062500e+02
6.524763761785218108e+00 8.285925903320312500e+02
6.528196944506493793e+00 8.283852539062500000e+02
6.531630127227770366e+00 8.278330078125000000e+02
6.535063309949046051e+00 8.268121948242187500e+02
6.538496492670322624e+00 8.253754272460937500e+02
6.541929675391599197e+00 8.260383300781250000e+02
6.545362858112874882e+00 8.257937011718750000e+02
6.548796040834151455e+00 8.259580688476562500e+02
6.552229223555427140e+00 8.247646484375000000e+02
6.555662406276703713e+00 8.239865112304687500e+02
6.559095588997978510e+00 8.244348754882812500e+02
6.562528771719255083e+00 8.255848999023437500e+02
6.565961954440530768e+00 8.257149047851562500e+02
6.569395137161807341e+00 8.252915649414062500e+02
6.572828319883083914e+00 8.251858520507812500e+02
6.576261502604359599e+00 8.265036621093750000e+02
6.579694685325636172e+00 8.272337646484375000e+02
6.583127868046911857e+00 8.275590209960937500e+02
6.586561050768188430e+00 8.366367797851562500e+02
6.589994233489464115e+00 8.424375610351562500e+02
6.593427416210740688e+00 8.405982055664062500e+02
6.596860598932016373e+00 8.248178710937500000e+02
6.600293781653292058e+00 8.242982788085937500e+02
6.603726964374567743e+00 8.241975097656250000e+02
6.607160147095844316e+00 8.241753540039062500e+02
6.610593329817120889e+00 8.235451660156250000e+02
6.614026512538396574e+00 8.237792358398437500e+02
6.617459695259673147e+00 8.244567260742187500e+02
6.620892877980948832e+00 8.249016723632812500e+02
6.624326060702225405e+00 8.238515014648437500e+02
6.627759243423501090e+00 8.239000854492187500e+02
6.631192426144777663e+00 8.250155639648437500e+02
6.634625608866053348e+00 8.275850830078125000e+02
6.638058791587329033e+00 8.291584472656250000e+02
6.641491974308604718e+00 8.286524047851562500e+02
6.644925157029881291e+00 8.270098876953125000e+02
6.648358339751157864e+00 8.264844360351562500e+02
6.651791522472433549e+00 8.279268798828125000e+02
6.655224705193710122e+00 8.281984863281250000e+02
6.658657887914985807e+00 8.294966430664062500e+02
6.662091070636262380e+00 8.301658325195312500e+02
6.665524253357538065e+00 8.312521972656250000e+02
6.668957436078814638e+00 8.315334472656250000e+02
6.672390618800090323e+00 8.323319702148437500e+02
6.675823801521366896e+00 8.339126586914062500e+02
6.679256984242642581e+00 8.338164062500000000e+02
6.682690166963918266e+00 8.345069580078125000e+02
6.686123349685194839e+00 8.362169189453125000e+02
6.689556532406470524e+00 8.369588012695312500e+02
6.692989715127747097e+00 8.394559326171875000e+02
6.696422897849022782e+00 8.419215087890625000e+02
6.699856080570299355e+00 8.452278442382812500e+02
6.703289263291575040e+00 8.486459350585937500e+02
6.706722446012851613e+00 8.531441650390625000e+02
6.710155628734127298e+00 8.588823852539062500e+02
6.713588811455403871e+00 8.657623291015625000e+02
6.717021994176679556e+00 8.779684448242187500e+02
6.720455176897955241e+00 9.023840332031250000e+02
6.723888359619231814e+00 9.564057006835937500e+02
6.727321542340507499e+00 1.071348144531250000e+03
6.730754725061784072e+00 1.289837890625000000e+03
6.734187907783059757e+00 1.663898193359375000e+03
6.737621090504336330e+00 2.163749267578125000e+03
6.741054273225612015e+00 2.684186279296875000e+03
6.744487455946888588e+00 3.045875000000000000e+03
6.747920638668164273e+00 3.056178222656250000e+03
6.751353821389440846e+00 2.738316162109375000e+03
6.754787004110716531e+00 2.233191894531250000e+03
6.758220186831992216e+00 1.744417846679687500e+03
6.761653369553268789e+00 1.400760131835937500e+03
6.765086552274544474e+00 1.173386474609375000e+03
6.768519734995821047e+00 1.047256469726562500e+03
6.771952917717096732e+00 9.669563598632812500e+02
6.775386100438373305e+00 9.198214111328125000e+02
6.778819283159648990e+00 8.911843872070312500e+02
6.782252465880925563e+00 8.776552124023437500e+02
6.785685648602202136e+00 8.693074340820312500e+02
6.789118831323477821e+00 8.639313964843750000e+02
6.792552014044754394e+00 8.601421508789062500e+02
6.795985196766029190e+00 8.581292114257812500e+02
6.799418379487305764e+00 8.582744750976562500e+02
6.802851562208581448e+00 8.577443237304687500e+02
6.806284744929858022e+00 8.568673706054687500e+02
6.809717927651133706e+00 8.559433593750000000e+02
6.813151110372410280e+00 8.563521118164062500e+02
6.816584293093685964e+00 8.558230590820312500e+02
6.820017475814962538e+00 8.556383056640625000e+02
6.823450658536239111e+00 8.562055664062500000e+02
6.826883841257514796e+00 8.562471313476562500e+02
6.830317023978791369e+00 8.576988525390625000e+02
6.833750206700067054e+00 8.565090332031250000e+02
6.837183389421342739e+00 8.553681640625000000e+02
6.840616572142618423e+00 8.551981201171875000e+02
6.844049754863894997e+00 8.575482177734375000e+02
6.847482937585170681e+00 8.595480346679687500e+02
6.850916120306447255e+00 8.604934082031250000e+02
6.854349303027722939e+00 8.602386474609375000e+02
6.857782485748999513e+00 8.620233764648437500e+02
6.861215668470276086e+00 8.648970336914062500e+02
6.864648851191551771e+00 8.674413452148437500e+02
6.868082033912828344e+00 8.702863769531250000e+02
6.871515216634104029e+00 8.736252441406250000e+02
6.874948399355379713e+00 8.780533447265625000e+02
6.878381582076655398e+00 8.825524291992187500e+02
6.881814764797931971e+00 8.862952270507812500e+02
6.885247947519207656e+00 8.895488891601562500e+02
6.888681130240484229e+00 8.944337768554687500e+02
6.892114312961760803e+00 8.991850585937500000e+02
6.895547495683036487e+00 9.044670410156250000e+02
6.898980678404313061e+00 9.112025146484375000e+02
6.902413861125588745e+00 9.197189941406250000e+02
6.905847043846865319e+00 9.310380859375000000e+02
6.909280226568141003e+00 9.440908203125000000e+02
6.912713409289417577e+00 9.601694946289062500e+02
6.916146592010692373e+00 9.824210205078125000e+02
6.919579774731968946e+00 1.015196899414062500e+03
6.923012957453244631e+00 1.065747558593750000e+03
6.926446140174521204e+00 1.154486694335937500e+03
6.929879322895797777e+00 1.327516845703125000e+03
6.933312505617073462e+00 1.693885986328125000e+03
6.936745688338350035e+00 2.417013427734375000e+03
6.940178871059625720e+00 3.765676513671875000e+03
6.943612053780902293e+00 5.779027832031250000e+03
6.947045236502177978e+00 8.154060546875000000e+03
6.950478419223454551e+00 1.024610253906250000e+04
6.953911601944730236e+00 1.117448339843750000e+04
6.957344784666005921e+00 1.061104101562500000e+04
6.960777967387281606e+00 8.714518554687500000e+03
6.964211150108558179e+00 6.423613281250000000e+03
6.967644332829834752e+00 4.423996093750000000e+03
6.971077515551110437e+00 3.078776367187500000e+03
6.974510698272387010e+00 2.220559570312500000e+03
6.977943880993662695e+00 1.724437011718750000e+03
6.981377063714939268e+00 1.418125976562500000e+03
6.984810246436214953e+00 1.226357788085937500e+03
6.988243429157491526e+00 1.109852661132812500e+03
6.991676611878767211e+00 1.044195190429687500e+03
6.995109794600042896e+00 1.005848754882812500e+03
6.998542977321319469e+00 9.816132812500000000e+02
7.001976160042595154e+00 9.647886962890625000e+02
7.005409342763871727e+00 9.524421997070312500e+02
7.008842525485147412e+00 9.432290039062500000e+02
7.012275708206423985e+00 9.341682739257812500e+02
7.015708890927699670e+00 9.277022094726562500e+02
7.019142073648976243e+00 9.205867309570312500e+02
7.022575256370251928e+00 9.144431152343750000e+02
7.026008439091528501e+00 9.089871215820312500e+02
7.029441621812804186e+00 9.035138549804687500e+02
7.032874804534079871e+00 8.996656494140625000e+02
7.036307987255356444e+00 8.962086181640625000e+02
7.039741169976632129e+00 8.935204467773437500e+02
7.043174352697908702e+00 8.898818359375000000e+02
7.046607535419184387e+00 8.768749389648437500e+02
7.050040718140460960e+00 8.708450317382812500e+02
7.053473900861736645e+00 8.755879516601562500e+02
7.056907083583013218e+00 8.828266601562500000e+02
7.060340266304288903e+00 8.816074829101562500e+02
7.063773449025565476e+00 8.814401855468750000e+02
7.067206631746841161e+00 8.828035278320312500e+02
7.070639814468117734e+00 8.836605224609375000e+02
7.074072997189393419e+00 8.847888183593750000e+02
7.077506179910669104e+00 8.873727416992187500e+02
7.080939362631945677e+00 8.890418090820312500e+02
7.084372545353221362e+00 8.906419067382812500e+02
7.087805728074497935e+00 8.924732055664062500e+02
7.091238910795773620e+00 8.959171752929687500e+02
7.094672093517050193e+00 9.000867919921875000e+02
7.098105276238325878e+00 9.044293823242187500e+02
7.101538458959602451e+00 9.093182983398437500e+02
7.104971641680879024e+00 9.163258666992187500e+02
7.108404824402154709e+00 9.235674438476562500e+02
7.111838007123430394e+00 9.314798583984375000e+02
7.115271189844706079e+00 9.438837280273437500e+02
7.118704372565982652e+00 9.632802734375000000e+02
7.122137555287258337e+00 9.919273681640625000e+02
7.125570738008534910e+00 1.035986938476562500e+03
7.129003920729810595e+00 1.113814208984375000e+03
7.132437103451087168e+00 1.269541381835937500e+03
7.135870286172362853e+00 1.579072998046875000e+03
7.139303468893639426e+00 2.235520507812500000e+03
7.142736651614915999e+00 3.352192871093750000e+03
7.146169834336191684e+00 5.069485839843750000e+03
7.149603017057468257e+00 7.029027343750000000e+03
7.153036199778743054e+00 8.682923828125000000e+03
7.156469382500019627e+00 9.278665039062500000e+03
7.159902565221295312e+00 8.566646484375000000e+03
7.163335747942571885e+00 6.923847656250000000e+03
7.166768930663847570e+00 4.998965820312500000e+03
7.170202113385123255e+00 3.504717529296875000e+03
7.173635296106400716e+00 2.483744384765625000e+03
7.177068478827676401e+00 1.872482177734375000e+03
7.180501661548952086e+00 1.490865966796875000e+03
7.183934844270229547e+00 1.265003906250000000e+03
7.187368026991505232e+00 1.122442138671875000e+03
7.190801209712780917e+00 1.037147094726562500e+03
7.194234392434056602e+00 9.869924926757812500e+02
7.197667575155333175e+00 9.596062622070312500e+02
7.201100757876608860e+00 9.419342651367187500e+02
7.204533940597884545e+00 9.274406127929687500e+02
7.207967123319160230e+00 9.162839355468750000e+02
7.211400306040437691e+00 9.077437744140625000e+02
7.214833488761713376e+00 9.005856323242187500e+02
7.218266671482989061e+00 8.931394653320312500e+02
7.221699854204266522e+00 8.872139282226562500e+02
7.225133036925542207e+00 8.814251098632812500e+02
7.228566219646817892e+00 8.766005859375000000e+02
7.231999402368093577e+00 8.730982055664062500e+02
7.235432585089370150e+00 8.693882446289062500e+02
7.238865767810645835e+00 8.655308837890625000e+02
7.242298950531921520e+00 8.626585083007812500e+02
7.245732133253197205e+00 8.594106445312500000e+02
7.249165315974474666e+00 8.562105712890625000e+02
7.252598498695750351e+00 8.526276245117187500e+02
7.256031681417026036e+00 8.497066650390625000e+02
7.259464864138303497e+00 8.453903808593750000e+02
7.262898046859579182e+00 8.429443359375000000e+02
7.266331229580854867e+00 8.404300537109375000e+02
7.269764412302130552e+00 8.384555664062500000e+02
7.273197595023407125e+00 8.364931030273437500e+02
7.276630777744682810e+00 8.363718872070312500e+02
7.280063960465958495e+00 8.331185302734375000e+02
7.283497143187235956e+00 8.289029541015625000e+02
7.286930325908511641e+00 8.251667480468750000e+02
7.290363508629787326e+00 8.235207519531250000e+02
7.293796691351063011e+00 8.188378906250000000e+02
7.297229874072340472e+00 8.151753540039062500e+02
7.300663056793616157e+00 8.168455810546875000e+02
7.304096239514891842e+00 8.200176391601562500e+02
7.307529422236167527e+00 8.238211669921875000e+02
7.310962604957444100e+00 8.294385375976562500e+02
7.314395787678719785e+00 8.362928466796875000e+02
7.317828970399995470e+00 8.463536987304687500e+02
7.321262153121272931e+00 8.576394042968750000e+02
7.324695335842548616e+00 8.795173950195312500e+02
7.328128518563824301e+00 9.309745483398437500e+02
7.331561701285099986e+00 1.035605834960937500e+03
7.334994884006377447e+00 1.242125610351562500e+03
7.338428066727653132e+00 1.614779663085937500e+03
7.341861249448928817e+00 2.177412353515625000e+03
7.345294432170204502e+00 2.862521972656250000e+03
7.348727614891481075e+00 3.464709960937500000e+03
7.352160797612756760e+00 3.782878662109375000e+03
7.355593980334032445e+00 3.643520751953125000e+03
7.359027163055309906e+00 3.144295654296875000e+03
7.362460345776585591e+00 2.493655029296875000e+03
7.365893528497861276e+00 1.923251586914062500e+03
7.369326711219136961e+00 1.511796630859375000e+03
7.372759893940414422e+00 1.253567993164062500e+03
7.376193076661690107e+00 1.093745483398437500e+03
7.379626259382965792e+00 9.929981079101562500e+02
7.383059442104241477e+00 9.305022583007812500e+02
7.386492624825518938e+00 8.923574218750000000e+02
7.389925807546793735e+00 8.685788574218750000e+02
7.393358990268069419e+00 8.553114624023437500e+02
7.396792172989346881e+00 8.470008544921875000e+02
7.400225355710622566e+00 8.406054687500000000e+02
7.403658538431898251e+00 8.366465454101562500e+02
7.407091721153173935e+00 8.334954223632812500e+02
7.410524903874451397e+00 8.317863159179687500e+02
7.413958086595727082e+00 8.298322753906250000e+02
7.417391269317002767e+00 8.286229248046875000e+02
7.420824452038278451e+00 8.272326049804687500e+02
7.424257634759555913e+00 8.267066040039062500e+02
7.427690817480831598e+00 8.262470703125000000e+02
7.431124000202107283e+00 8.250621948242187500e+02
7.434557182923383856e+00 8.233757324218750000e+02
7.437990365644659541e+00 8.220412597656250000e+02
7.441423548365935225e+00 8.231184692382812500e+02
7.444856731087210910e+00 8.237109985351562500e+02
7.448289913808488372e+00 8.245705566406250000e+02
7.451723096529764057e+00 8.245834350585937500e+02
7.455156279251039741e+00 8.246943969726562500e+02
7.458589461972315426e+00 8.236031494140625000e+02
7.462022644693592888e+00 8.237606811523437500e+02
7.465455827414868573e+00 8.245042724609375000e+02
7.468889010136144258e+00 8.261608886718750000e+02
7.472322192857420831e+00 8.271488647460937500e+02
7.475755375578696516e+00 8.291713256835937500e+02
7.479188558299972200e+00 8.325249633789062500e+02
7.482621741021247885e+00 8.354860229492187500e+02
7.486054923742525347e+00 8.375575561523437500e+02
7.489488106463801032e+00 8.404077148437500000e+02
7.492921289185076716e+00 8.440300903320312500e+02
7.496354471906354178e+00 8.487821044921875000e+02
7.499787654627629863e+00 8.539920654296875000e+02
7.503220837348905548e+00 8.620958862304687500e+02
7.506654020070181232e+00 8.742402954101562500e+02
7.510087202791457806e+00 8.916565551757812500e+02
7.513520385512733490e+00 9.157750854492187500e+02
7.516953568234009175e+00 9.586849975585937500e+02
7.520386750955284860e+00 1.045981933593750000e+03
7.523819933676562322e+00 1.230806396484375000e+03
7.527253116397838006e+00 1.593918457031250000e+03
7.530686299119113691e+00 2.223489746093750000e+03
7.534119481840391153e+00 3.156836914062500000e+03
7.537552664561666838e+00 4.196104980468750000e+03
7.540985847282942522e+00 5.067289550781250000e+03
7.544419030004218207e+00 5.387513183593750000e+03
7.547852212725494780e+00 5.011586914062500000e+03
7.551285395446770465e+00 4.096667968750000000e+03
7.554718578168046150e+00 3.093603759765625000e+03
7.558151760889321835e+00 2.266900634765625000e+03
7.561584943610599296e+00 1.725083496093750000e+03
7.565018126331874981e+00 1.376853027343750000e+03
7.568451309053150666e+00 1.175850708007812500e+03
7.571884491774428128e+00 1.048198486328125000e+03
7.575317674495703812e+00 9.727733764648437500e+02
7.578750857216979497e+00 9.246830444335937500e+02
7.582184039938255182e+00 8.976332397460937500e+02
7.585617222659531755e+00 8.812175903320312500e+02
7.589050405380807440e+00 8.711893920898437500e+02
7.592483588102083125e+00 8.640337524414062500e+02
7.595916770823358810e+00 8.595760498046875000e+02
7.599349953544636271e+00 8.562510375976562500e+02
7.602783136265911956e+00 8.531845092773437500e+02
7.606216318987187641e+00 8.507671508789062500e+02
7.609649501708465102e+00 8.471835327148437500e+02
7.613082684429740787e+00 8.456628417968750000e+02
7.616515867151016472e+00 8.449522705078125000e+02
7.619949049872292157e+00 8.455211181640625000e+02
7.623382232593569618e+00 8.438840942382812500e+02
7.626815415314844415e+00 8.422520141601562500e+02
7.630248598036120100e+00 8.418122558593750000e+02
7.633681780757395785e+00 8.427232055664062500e+02
7.637114963478673246e+00 8.439083862304687500e+02
7.640548146199948931e+00 8.450020751953125000e+02
7.643981328921224616e+00 8.465223388671875000e+02
7.647414511642502077e+00 8.487379760742187500e+02
7.650847694363777762e+00 8.506165771484375000e+02
7.654280877085053447e+00 8.513666381835937500e+02
7.657714059806329132e+00 8.521124877929687500e+02
7.661147242527606593e+00 8.550456542968750000e+02
7.664580425248882278e+00 8.596280517578125000e+02
7.668013607970157963e+00 8.651715087890625000e+02
7.671446790691432760e+00 8.701647338867187500e+02
7.674879973412710221e+00 8.746875610351562500e+02
7.678313156133985906e+00 8.808364868164062500e+02
7.681746338855261591e+00 8.874766235351562500e+02
7.685179521576539052e+00 8.968455200195312500e+02
7.688612704297814737e+00 9.095830078125000000e+02
7.692045887019090422e+00 9.264082031250000000e+02
7.695479069740366107e+00 9.505818481445312500e+02
7.698912252461643568e+00 9.890402832031250000e+02
7.702345435182919253e+00 1.055195068359375000e+03
7.705778617904194938e+00 1.181401733398437500e+03
7.709211800625471511e+00 1.442777465820312500e+03
7.712644983346747196e+00 1.960726806640625000e+03
7.716078166068022881e+00 2.895854248046875000e+03
7.719511348789298566e+00 4.353680664062500000e+03
7.722944531510576027e+00 6.161689453125000000e+03
7.726377714231851712e+00 7.820897460937500000e+03
7.729810896953127397e+00 8.721651367187500000e+03
7.733244079674403082e+00 8.466801757812500000e+03
7.736677262395680543e+00 7.166080566406250000e+03
7.740110445116956228e+00 5.463280761718750000e+03
7.743543627838231913e+00 3.891290527343750000e+03
7.746976810559508486e+00 2.797990966796875000e+03
7.750409993280784171e+00 2.089423339843750000e+03
7.753843176002059856e+00 1.636208740234375000e+03
7.757276358723335541e+00 1.357363647460937500e+03
7.760709541444613002e+00 1.174167114257812500e+03
7.764142724165888687e+00 1.057736328125000000e+03
7.767575906887164372e+00 9.904172973632812500e+02
7.771009089608440057e+00 9.502824707031250000e+02
7.774442272329717518e+00 9.257147827148437500e+02
7.777875455050993203e+00 9.097022094726562500e+02
7.781308637772268888e+00 8.985202636718750000e+02
7.784741820493545461e+00 8.898242797851562500e+02
7.788175003214821146e+00 8.827969970703125000e+02
7.791608185936096831e+00 8.763367919921875000e+02
7.795041368657372516e+00 8.706971435546875000e+02
7.798474551378649977e+00 8.646495971679687500e+02
7.801907734099925662e+00 8.596302490234375000e+02
7.805340916821201347e+00 8.559541625976562500e+02
7.808774099542477032e+00 8.531842651367187500e+02
7.812207282263754493e+00 8.508403320312500000e+02
7.815640464985030178e+00 8.471727294921875000e+02
7.819073647706305863e+00 8.442380981445312500e+02
7.822506830427582436e+00 8.424097290039062500e+02
7.825940013148858121e+00 8.418137207031250000e+02
7.829373195870133806e+00 8.399308471679687500e+02
7.832806378591409491e+00 8.387316284179687500e+02
7.836239561312686952e+00 8.378090820312500000e+02
7.839672744033962637e+00 8.383762817382812500e+02
7.843105926755238322e+00 8.391712646484375000e+02
7.846539109476514007e+00 8.401040039062500000e+02
7.849972292197791468e+00 8.390457153320312500e+02
7.853405474919067153e+00 8.395698242187500000e+02
7.856838657640342838e+00 8.411334228515625000e+02
7.860271840361620299e+00 8.444207153320312500e+02
7.863705023082895096e+00 8.467242431640625000e+02
7.867138205804170781e+00 8.504310302734375000e+02
7.870571388525446466e+00 8.553147583007812500e+02
7.874004571246723927e+00 8.636276245117187500e+02
7.877437753967999612e+00 8.752078247070312500e+02
7.880870936689275297e+00 8.912141113281250000e+02
7.884304119410550982e+00 9.187933349609375000e+02
7.887737302131828443e+00 9.757661743164062500e+02
7.891170484853104128e+00 1.091455566406250000e+03
7.894603667574379813e+00 1.322003051757812500e+03
7.898036850295657274e+00 1.745753540039062500e+03
7.901470033016932959e+00 2.404788330078125000e+03
7.904903215738208644e+00 3.218191650390625000e+03
7.908336398459483441e+00 4.014894042968750000e+03
7.911769581180760902e+00 4.497049804687500000e+03
7.915202763902036587e+00 4.444780761718750000e+03
7.918635946623312272e+00 3.917789794921875000e+03
7.922069129344589733e+00 3.124730712890625000e+03
7.925502312065865418e+00 2.391342529296875000e+03
7.928935494787141103e+00 1.826569458007812500e+03
7.932368677508416788e+00 1.458069458007812500e+03
7.935801860229694249e+00 1.225842529296875000e+03
7.939235042950969934e+00 1.079896728515625000e+03
7.942668225672245619e+00 9.879282226562500000e+02
7.946101408393521304e+00 9.285017700195312500e+02
7.949534591114797877e+00 8.917191162109375000e+02
7.952967773836073562e+00 8.700507812500000000e+02
7.956400956557349247e+00 8.567182617187500000e+02
7.959834139278626708e+00 8.481898193359375000e+02
7.963267321999902393e+00 8.421805419921875000e+02
7.966700504721178078e+00 8.369948120117187500e+02
7.970133687442453763e+00 8.316090087890625000e+02
7.973566870163731224e+00 8.284700927734375000e+02
7.977000052885006909e+00 8.260850219726562500e+02
7.980433235606282594e+00 8.233258666992187500e+02
7.983866418327558279e+00 8.199474487304687500e+02
7.987299601048834852e+00 8.169991455078125000e+02
7.990732783770110537e+00 8.139733276367187500e+02
7.994165966491386222e+00 8.120663452148437500e+02
7.997599149212663683e+00 8.097189331054687500e+02
8.001032331933940256e+00 8.098148803710937500e+02
8.004465514655214164e+00 8.094746093750000000e+02
8.007898697376489849e+00 8.078920288085937500e+02
8.011331880097767311e+00 8.046853027343750000e+02
8.014765062819042996e+00 8.008668212890625000e+02
8.018198245540318680e+00 7.987714843750000000e+02
8.021631428261594365e+00 7.976907958984375000e+02
8.025064610982871827e+00 7.972484741210937500e+02
8.028497793704147512e+00 7.952564697265625000e+02
8.031930976425423196e+00 7.942388916015625000e+02
8.035364159146700658e+00 7.938811035156250000e+02
8.038797341867976343e+00 7.943508911132812500e+02
8.042230524589252028e+00 7.937453002929687500e+02
8.045663707310527712e+00 7.932260742187500000e+02
8.049096890031805174e+00 7.919006347656250000e+02
8.052530072753080859e+00 7.912480468750000000e+02
8.055963255474356544e+00 7.904779052734375000e+02
8.059396438195632228e+00 7.899995117187500000e+02
8.062829620916909690e+00 7.898367919921875000e+02
8.066262803638185375e+00 7.897236328125000000e+02
8.069695986359461060e+00 7.880578002929687500e+02
8.073129169080738521e+00 7.856996459960937500e+02
8.076562351802014206e+00 7.854923706054687500e+02
8.079995534523289891e+00 7.864361572265625000e+02
8.083428717244565576e+00 7.876403808593750000e+02
8.086861899965841260e+00 7.873604125976562500e+02
8.090295082687116945e+00 7.868781738281250000e+02
8.093728265408392630e+00 7.857954101562500000e+02
8.097161448129668315e+00 7.855164184570312500e+02
8.100594630850945777e+00 7.868218383789062500e+02
8.104027813572221461e+00 7.877958984375000000e+02
8.107460996293497146e+00 7.879084472656250000e+02
8.110894179014774608e+00 7.863866577148437500e+02
8.114327361736050293e+00 7.867632446289062500e+02
8.117760544457325977e+00 7.878275146484375000e+02
8.121193727178601662e+00 7.890012207031250000e+02
8.124626909899879124e+00 7.896730957031250000e+02
8.128060092621154809e+00 7.902626953125000000e+02
8.131493275342430493e+00 7.892763061523437500e+02
8.134926458063707955e+00 7.886539306640625000e+02
8.138359640784983640e+00 7.878786621093750000e+02
8.141792823506259325e+00 7.879024658203125000e+02
8.145226006227535009e+00 7.871870727539062500e+02
8.148659188948812471e+00 7.868709716796875000e+02
8.152092371670088156e+00 7.864987182617187500e+02
8.155525554391363841e+00 7.864866943359375000e+02
8.158958737112639525e+00 7.873645629882812500e+02
8.162391919833915210e+00 7.888530883789062500e+02
8.165825102555190895e+00 7.895117187500000000e+02
8.169258285276466580e+00 7.900670166015625000e+02
8.172691467997744041e+00 7.912468261718750000e+02
8.176124650719019726e+00 7.924963989257812500e+02
8.179557833440295411e+00 7.917996215820312500e+02
8.182991016161571096e+00 7.922781982421875000e+02
8.186424198882848557e+00 7.922380981445312500e+02
8.189857381604124242e+00 7.950864257812500000e+02
8.193290564325399927e+00 7.963567504882812500e+02
8.196723747046675612e+00 7.978027343750000000e+02
8.200156929767953073e+00 7.976226806640625000e+02
8.203590112489228758e+00 7.983250122070312500e+02
8.207023295210504443e+00 7.989757080078125000e+02
8.210456477931781905e+00 8.011521606445312500e+02
8.213889660653057589e+00 8.043219604492187500e+02
8.217322843374333274e+00 8.071514282226562500e+02
8.220756026095608959e+00 8.099217529296875000e+02
8.224189208816886421e+00 8.117522583007812500e+02
8.227622391538162105e+00 8.155951538085937500e+02
8.231055574259437790e+00 8.229966430664062500e+02
8.234488756980713475e+00 8.351555175781250000e+02
8.237921939701990937e+00 8.562939453125000000e+02
8.241355122423264845e+00 8.955819702148437500e+02
8.244788305144540530e+00 9.737549438476562500e+02
8.248221487865817991e+00 1.132164184570312500e+03
8.251654670587093676e+00 1.403404052734375000e+03
8.255087853308369361e+00 1.790071655273437500e+03
8.258521036029645046e+00 2.220754882812500000e+03
8.261954218750922507e+00 2.578553710937500000e+03
8.265387401472198192e+00 2.722753662109375000e+03
8.268820584193473877e+00 2.591007324218750000e+03
8.272253766914749562e+00 2.259084472656250000e+03
8.275686949636027023e+00 1.853489624023437500e+03
8.279120132357302708e+00 1.514311523437500000e+03
8.282553315078578393e+00 1.263281494140625000e+03
8.285986497799855854e+00 1.103030029296875000e+03
8.289419680521131539e+00 1.001313232421875000e+03
8.292852863242407224e+00 9.327773437500000000e+02
8.296286045963682909e+00 8.884967041015625000e+02
8.299719228684960370e+00 8.572832641601562500e+02
8.303152411406236055e+00 8.401494750976562500e+02
8.306585594127511740e+00 8.293554077148437500e+02
8.310018776848787425e+00 8.219971923828125000e+02
8.313451959570064886e+00 8.173557739257812500e+02
8.316885142291340571e+00 8.149920043945312500e+02
8.320318325012616256e+00 8.153226928710937500e+02
8.323751507733891941e+00 8.134496459960937500e+02
8.327184690455167626e+00 8.101024169921875000e+02
8.330617873176443311e+00 8.071636352539062500e+02
8.334051055897718996e+00 8.062915649414062500e+02
8.337484238618996457e+00 8.066320190429687500e+02
8.340917421340272142e+00 8.070957641601562500e+02
8.344350604061547827e+00 8.055598754882812500e+02
8.347783786782825288e+00 8.052279663085937500e+02
8.351216969504100973e+00 8.038389282226562500e+02
8.354650152225376658e+00 8.054476318359375000e+02
8.358083334946652343e+00 8.074700927734375000e+02
8.361516517667929804e+00 8.085499877929687500e+02
8.364949700389205489e+00 8.094316406250000000e+02
8.368382883110481174e+00 8.090586547851562500e+02
8.371816065831756859e+00 8.089874877929687500e+02
8.375249248553034320e+00 8.086032104492187500e+02
8.378682431274310005e+00 8.092453613281250000e+02
8.382115613995585690e+00 8.110106811523437500e+02
8.385548796716863151e+00 8.121936645507812500e+02
8.388981979438138836e+00 8.142291870117187500e+02
8.392415162159414521e+00 8.174905395507812500e+02
8.395848344880690206e+00 8.220960693359375000e+02
8.399281527601965891e+00 8.284349365234375000e+02
8.402714710323241576e+00 8.360444335937500000e+02
8.406147893044517261e+00 8.498449096679687500e+02
8.409581075765792946e+00 8.760103149414062500e+02
8.413014258487070407e+00 9.270109863281250000e+02
8.416447441208346092e+00 1.030667358398437500e+03
8.419880623929621777e+00 1.233223632812500000e+03
8.423313806650899238e+00 1.575222167968750000e+03
8.426746989372174923e+00 2.036358154296875000e+03
8.430180172093450608e+00 2.474787353515625000e+03
8.433613354814726293e+00 2.741593505859375000e+03
8.437046537536003754e+00 2.750752929687500000e+03
8.440479720257279439e+00 2.514604248046875000e+03
8.443912902978555124e+00 2.120451171875000000e+03
8.447346085699830809e+00 1.729196533203125000e+03
8.450779268421108270e+00 1.416822631835937500e+03
8.454212451142383955e+00 1.205946166992187500e+03
8.457645633863659640e+00 1.070025146484375000e+03
8.461078816584937101e+00 9.824990844726562500e+02
8.464511999306212786e+00 9.255924682617187500e+02
8.467945182027488471e+00 8.864151611328125000e+02
8.471378364748764156e+00 8.627250366210937500e+02
8.474811547470041617e+00 8.477409667968750000e+02
8.478244730191315526e+00 8.404183959960937500e+02
8.481677912912591211e+00 8.336119995117187500e+02
8.485111095633866896e+00 8.296611328125000000e+02
8.488544278355144357e+00 8.282187500000000000e+02
8.491977461076420042e+00 8.266139526367187500e+02
8.495410643797695727e+00 8.277356567382812500e+02
8.498843826518973188e+00 8.262015380859375000e+02
8.502277009240248873e+00 8.271809692382812500e+02
8.505710191961524558e+00 8.262763061523437500e+02
8.509143374682800243e+00 8.263065185546875000e+02
8.512576557404077704e+00 8.255649414062500000e+02
8.516009740125353389e+00 8.264614257812500000e+02
8.519442922846629074e+00 8.279126586914062500e+02
8.522876105567904759e+00 8.305186767578125000e+02
8.526309288289182220e+00 8.338944702148437500e+02
8.529742471010457905e+00 8.404512329101562500e+02
8.533175653731733590e+00 8.463863525390625000e+02
8.536608836453011051e+00 8.487706298828125000e+02
8.540042019174286736e+00 8.484774780273437500e+02
8.543475201895562421e+00 8.508617553710937500e+02
8.546908384616838106e+00 8.567709960937500000e+02
8.550341567338115567e+00 8.658524169921875000e+02
8.553774750059391252e+00 8.740285644531250000e+02
8.557207932780666937e+00 8.829732666015625000e+02
8.560641115501942622e+00 8.946566162109375000e+02
8.564074298223218307e+00 9.094049072265625000e+02
8.567507480944493992e+00 9.302496948242187500e+02
8.570940663665769677e+00 9.622817993164062500e+02
8.574373846387047138e+00 1.017460144042968750e+03
8.577807029108322823e+00 1.120555053710937500e+03
8.581240211829598508e+00 1.326916625976562500e+03
8.584673394550874193e+00 1.739676025390625000e+03
8.588106577272151654e+00 2.515068115234375000e+03
8.591539759993427339e+00 3.743708496093750000e+03
8.594972942714703024e+00 5.346128906250000000e+03
8.598406125435980485e+00 6.973597167968750000e+03
8.601839308157256170e+00 8.009738769531250000e+03
8.605272490878531855e+00 8.092537597656250000e+03
8.608705673599807540e+00 7.175172363281250000e+03
8.612138856321085001e+00 5.717117675781250000e+03
8.615572039042360686e+00 4.259985351562500000e+03
8.619005221763636371e+00 3.094549804687500000e+03
8.622438404484912056e+00 2.301629882812500000e+03
8.625871587206189517e+00 1.794528564453125000e+03
8.629304769927465202e+00 1.470591186523437500e+03
8.632737952648740887e+00 1.258893676757812500e+03
8.636171135370016572e+00 1.113809692382812500e+03
8.639604318091292257e+00 1.021606689453125000e+03
8.643037500812567941e+00 9.666417846679687500e+02
8.646470683533843626e+00 9.327599487304687500e+02
8.649903866255121088e+00 9.110817871093750000e+02
8.653337048976396773e+00 8.971547241210937500e+02
8.656770231697672457e+00 8.848165283203125000e+02
8.660203414418948142e+00 8.730891113281250000e+02
8.663636597140225604e+00 8.648274536132812500e+02
8.667069779861501289e+00 8.597049560546875000e+02
8.670502962582776973e+00 8.584445800781250000e+02
8.673936145304054435e+00 8.560193481445312500e+02
8.677369328025330120e+00 8.546478271484375000e+02
8.680802510746605805e+00 8.506921386718750000e+02
8.684235693467881489e+00 8.458369750976562500e+02
8.687668876189158951e+00 8.431298828125000000e+02
8.691102058910434636e+00 8.418016967773437500e+02
8.694535241631710321e+00 8.413284912109375000e+02
8.697968424352986005e+00 8.388266601562500000e+02
8.701401607074263467e+00 8.368706665039062500e+02
8.704834789795539152e+00 8.349970703125000000e+02
8.708267972516814837e+00 8.334260253906250000e+02
8.711701155238092298e+00 8.341135864257812500e+02
8.715134337959366206e+00 8.372372436523437500e+02
8.718567520680641891e+00 8.406154785156250000e+02
8.722000703401917576e+00 8.432906494140625000e+02
8.725433886123195037e+00 8.461894531250000000e+02
8.728867068844470722e+00 8.500548706054687500e+02
8.732300251565746407e+00 8.571348266601562500e+02
8.735733434287022092e+00 8.707872924804687500e+02
8.739166617008299554e+00 8.971392822265625000e+02
8.742599799729575238e+00 9.454899902343750000e+02
8.746032982450850923e+00 1.044741699218750000e+03
8.749466165172128385e+00 1.245541625976562500e+03
8.752899347893404070e+00 1.587332763671875000e+03
8.756332530614679754e+00 2.121167480468750000e+03
8.759765713335955439e+00 2.787410644531250000e+03
8.763198896057232901e+00 3.440267578125000000e+03
8.766632078778508586e+00 3.825477783203125000e+03
8.770065261499784270e+00 3.808032470703125000e+03
8.773498444221061732e+00 3.399794433593750000e+03
8.776931626942337417e+00 2.803282714843750000e+03
8.780364809663613102e+00 2.224776611328125000e+03
8.783797992384888786e+00 1.761180908203125000e+03
8.787231175106166248e+00 1.447835571289062500e+03
8.790664357827441933e+00 1.229948242187500000e+03
8.794097540548717618e+00 1.095002197265625000e+03
8.797530723269993302e+00 1.000606445312500000e+03
8.800963905991268987e+00 9.329018554687500000e+02
8.804397088712544672e+00 8.878467407226562500e+02
8.807830271433820357e+00 8.616802978515625000e+02
8.811263454155097818e+00 8.435313720703125000e+02
8.814696636876373503e+00 8.324038085937500000e+02
8.818129819597649188e+00 8.247685546875000000e+02
8.821563002318924873e+00 8.208579711914062500e+02
8.824996185040202334e+00 8.173476562500000000e+02
8.828429367761478019e+00 8.131049804687500000e+02
8.831862550482753704e+00 8.095248413085937500e+02
8.835295733204029389e+00 8.071744995117187500e+02
8.838728915925306850e+00 8.052441406250000000e+02
8.842162098646582535e+00 8.031505737304687500e+02
8.845595281367858220e+00 8.008893432617187500e+02
8.849028464089135682e+00 8.012257080078125000e+02
8.852461646810411366e+00 7.992221679687500000e+02
8.855894829531687051e+00 7.963161621093750000e+02
8.859328012252962736e+00 7.929514770507812500e+02
8.862761194974240198e+00 7.918533935546875000e+02
8.866194377695515882e+00 7.927984619140625000e+02
8.869627560416791567e+00 7.917316894531250000e+02
8.873060743138067252e+00 7.909265747070312500e+02
8.876493925859342937e+00 7.886843872070312500e+02
8.879927108580618622e+00 7.888775024414062500e+02
8.883360291301894307e+00 7.912429199218750000e+02
8.886793474023171768e+00 7.916369018554687500e+02
8.890226656744447453e+00 7.893108520507812500e+02
8.893659839465723138e+00 7.852471923828125000e+02
8.897093022186998823e+00 7.843799438476562500e+02
8.900526204908276284e+00 7.859214477539062500e+02
8.903959387629551969e+00 7.878704833984375000e+02
8.907392570350827654e+00 7.889151000976562500e+02
8.910825753072103339e+00 7.873845214843750000e+02
8.914258935793380800e+00 7.853788452148437500e+02
8.917692118514656485e+00 7.835324707031250000e+02
8.921125301235932170e+00 7.833042602539062500e+02
8.924558483957209631e+00 7.836784667968750000e+02
8.927991666678485316e+00 7.840654296875000000e+02
8.931424849399761001e+00 7.837434082031250000e+02
8.934858032121036686e+00 7.849573974609375000e+02
8.938291214842314147e+00 7.850503540039062500e+02
8.941724397563589832e+00 7.852270507812500000e+02
8.945157580284865517e+00 7.840901489257812500e+02
8.948590763006141202e+00 7.835352172851562500e+02
8.952023945727416887e+00 7.832319946289062500e+02
8.955457128448692572e+00 7.825221557617187500e+02
8.958890311169968257e+00 7.836240234375000000e+02
8.962323493891245718e+00 7.852860107421875000e+02
8.965756676612521403e+00 7.867661132812500000e+02
8.969189859333797088e+00 7.865638427734375000e+02
8.972623042055072773e+00 7.883319702148437500e+02
8.976056224776350234e+00 7.884265136718750000e+02
8.979489407497625919e+00 7.879465942382812500e+02
8.982922590218901604e+00 7.884481201171875000e+02
8.986355772940179065e+00 7.890723876953125000e+02
8.989788955661454750e+00 7.915619506835937500e+02
8.993222138382730435e+00 7.923211669921875000e+02
8.996655321104006120e+00 7.949935913085937500e+02
9.000088503825283581e+00 7.960427246093750000e+02
9.003521686546559266e+00 7.981226196289062500e+02
9.006954869267834951e+00 7.972901611328125000e+02
9.010388051989110636e+00 7.957446289062500000e+02
9.013821234710388097e+00 7.979878540039062500e+02
9.017254417431663782e+00 8.038960571289062500e+02
9.020687600152939467e+00 8.096785278320312500e+02
9.024120782874216928e+00 8.114049682617187500e+02
9.027553965595492613e+00 8.138468017578125000e+02
9.030987148316768298e+00 8.173385620117187500e+02
9.034420331038043983e+00 8.228409423828125000e+02
9.037853513759319668e+00 8.286014404296875000e+02
9.041286696480595353e+00 8.350081176757812500e+02
9.044719879201871038e+00 8.442098999023437500e+02
9.048153061923146723e+00 8.572272338867187500e+02
9.051586244644424184e+00 8.750982055664062500e+02
9.055019427365699869e+00 8.992027587890625000e+02
9.058452610086975554e+00 9.451610107421875000e+02
9.061885792808253015e+00 1.024250976562500000e+03
9.065318975529528700e+00 1.174169677734375000e+03
9.068752158250804385e+00 1.468006225585937500e+03
9.072185340972080070e+00 2.028669677734375000e+03
9.075618523693357531e+00 2.872144775390625000e+03
9.079051706414633216e+00 3.977404541015625000e+03
9.082484889135908901e+00 5.044600097656250000e+03
9.085918071857184586e+00 5.679541503906250000e+03
9.089351254578462047e+00 5.693209472656250000e+03
9.092784437299737732e+00 5.064672363281250000e+03
9.096217620021013417e+00 4.144672363281250000e+03
9.099650802742290878e+00 3.197255126953125000e+03
9.103083985463566563e+00 2.428518310546875000e+03
9.106517168184842248e+00 1.903539794921875000e+03
9.109950350906117933e+00 1.545953735351562500e+03
9.113383533627393618e+00 1.300235229492187500e+03
9.116816716348669303e+00 1.137904052734375000e+03
9.120249899069944988e+00 1.030030029296875000e+03
9.123683081791220673e+00 9.557457275390625000e+02
9.127116264512498134e+00 9.072036743164062500e+02
9.130549447233773819e+00 8.773352661132812500e+02
9.133982629955049504e+00 8.560982055664062500e+02
9.137415812676326965e+00 8.453407592773437500e+02
9.140848995397602650e+00 8.381530151367187500e+02
9.144282178118878335e+00 8.334967651367187500e+02
9.147715360840154020e+00 8.271823120117187500e+02
9.151148543561431481e+00 8.215220336914062500e+02
9.154581726282707166e+00 8.167730712890625000e+02
9.158014909003982851e+00 8.135878295898437500e+02
9.161448091725258536e+00 8.124619750976562500e+02
9.164881274446535997e+00 8.111810913085937500e+02
9.168314457167811682e+00 8.092147216796875000e+02
9.171747639889087367e+00 8.089478759765625000e+02
9.175180822610364828e+00 8.084191894531250000e+02
9.178614005331640513e+00 8.082857666015625000e+02
9.182047188052916198e+00 8.070303344726562500e+02
9.185480370774191883e+00 8.064494018554687500e+02
9.188913553495469344e+00 8.054073486328125000e+02
9.192346736216743253e+00 8.042663574218750000e+02
9.195779918938018938e+00 8.047774047851562500e+02
9.199213101659296399e+00 8.061832275390625000e+02
9.202646284380572084e+00 8.080078735351562500e+02
9.206079467101847769e+00 8.094021606445312500e+02
9.209512649823123454e+00 8.151026000976562500e+02
9.212945832544400915e+00 8.253080444335937500e+02
9.216379015265676600e+00 8.505885009765625000e+02
9.219812197986952285e+00 8.968900756835937500e+02
9.223245380708227970e+00 9.890249633789062500e+02
9.226678563429505431e+00 1.163752563476562500e+03
9.230111746150781116e+00 1.453538452148437500e+03
9.233544928872056801e+00 1.834764282226562500e+03
9.236978111593334262e+00 2.244452148437500000e+03
9.240411294314609947e+00 2.533119384765625000e+03
9.243844477035885632e+00 2.605250732421875000e+03
9.247277659757161317e+00 2.450322753906250000e+03
9.250710842478438778e+00 2.121017089843750000e+03
9.254144025199714463e+00 1.776786254882812500e+03
9.257577207920990148e+00 1.483104736328125000e+03
9.261010390642265833e+00 1.264198852539062500e+03
9.264443573363543294e+00 1.109295776367187500e+03
9.267876756084818979e+00 1.003732971191406250e+03
9.271309938806094664e+00 9.280877075195312500e+02
9.274743121527370349e+00 8.691442871093750000e+02
9.278176304248646034e+00 8.318401489257812500e+02
9.281609486969921718e+00 8.114034423828125000e+02
9.285042669691197403e+00 8.050111694335937500e+02
9.288475852412474865e+00 7.969957885742187500e+02
9.291909035133750550e+00 7.918906250000000000e+02
9.295342217855026234e+00 7.864177246093750000e+02
9.298775400576301919e+00 7.805880126953125000e+02
9.302208583297579381e+00 7.770662841796875000e+02
9.305641766018855066e+00 7.755892944335937500e+02
9.309074948740130750e+00 7.747729492187500000e+02
9.312508131461408212e+00 7.730490722656250000e+02
9.315941314182683897e+00 7.716539306640625000e+02
9.319374496903959582e+00 7.701032714843750000e+02
9.322807679625235266e+00 7.692623901367187500e+02
9.326240862346512728e+00 7.689829711914062500e+02
9.329674045067788413e+00 7.704887084960937500e+02
9.333107227789064098e+00 7.694038696289062500e+02
9.336540410510339782e+00 7.680673217773437500e+02
9.339973593231617244e+00 7.642106323242187500e+02
9.343406775952892929e+00 7.637739257812500000e+02
9.346839958674168614e+00 7.633795776367187500e+02
9.350273141395444298e+00 7.627257690429687500e+02
9.353706324116719983e+00 7.614769287109375000e+02
9.357139506837995668e+00 7.610004272460937500e+02
9.360572689559271353e+00 7.626198120117187500e+02
9.364005872280548815e+00 7.692149047851562500e+02
9.367439055001824499e+00 7.713927612304687500e+02
9.370872237723100184e+00 7.680039672851562500e+02
9.374305420444375869e+00 7.599755859375000000e+02
9.377738603165653331e+00 7.586973876953125000e+02
9.381171785886929015e+00 7.592389526367187500e+02
9.384604968608204700e+00 7.592736816406250000e+02
9.388038151329482162e+00 7.258289794921875000e+02
9.391471334050757847e+00 7.223985595703125000e+02
9.394904516772033531e+00 7.242802124023437500e+02
9.398337699493309216e+00 7.595688476562500000e+02
9.401770882214586678e+00 7.597483520507812500e+02
9.405204064935862363e+00 7.597783203125000000e+02
9.408637247657138047e+00 7.607120361328125000e+02
9.412070430378413732e+00 7.605342407226562500e+02
9.415503613099691194e+00 7.603408203125000000e+02
9.418936795820966879e+00 7.589560546875000000e+02
9.422369978542242563e+00 7.588869628906250000e+02
9.425803161263520025e+00 7.578313598632812500e+02
9.429236343984793933e+00 7.544093627929687500e+02
9.432669526706069618e+00 7.535985107421875000e+02
9.436102709427345303e+00 7.539598388671875000e+02
9.439535892148622764e+00 7.555382080078125000e+02
9.442969074869898449e+00 7.562781372070312500e+02
9.446402257591174134e+00 7.573160400390625000e+02
9.449835440312451595e+00 7.582855224609375000e+02
9.453268623033727280e+00 7.594284057617187500e+02
9.456701805755002965e+00 7.569594116210937500e+02
9.460134988476278650e+00 7.567102661132812500e+02
9.463568171197556111e+00 7.561310424804687500e+02
9.467001353918831796e+00 7.590614013671875000e+02
9.470434536640107481e+00 7.599216308593750000e+02
9.473867719361383166e+00 7.593911743164062500e+02
9.477300902082660627e+00 7.580006103515625000e+02
9.480734084803936312e+00 7.576415405273437500e+02
9.484167267525211997e+00 7.577000732421875000e+02
9.487600450246489459e+00 7.578881225585937500e+02
9.491033632967765143e+00 7.582188720703125000e+02
9.494466815689040828e+00 7.577590942382812500e+02
9.497899998410316513e+00 7.605602416992187500e+02
9.501333181131593975e+00 7.617414550781250000e+02
9.504766363852869659e+00 7.639129638671875000e+02
9.508199546574145344e+00 7.656452636718750000e+02
9.511632729295421029e+00 7.690994262695312500e+02
9.515065912016696714e+00 7.752526245117187500e+02
9.518499094737972399e+00 7.828757934570312500e+02
9.521932277459248084e+00 7.990292968750000000e+02
9.525365460180525545e+00 8.283407592773437500e+02
9.528798642901801230e+00 8.853798828125000000e+02
9.532231825623076915e+00 9.838770141601562500e+02
9.535665008344352600e+00 1.119964355468750000e+03
9.539098191065630061e+00 1.290548706054687500e+03
9.542531373786905746e+00 1.436802368164062500e+03
9.545964556508181431e+00 1.516412475585937500e+03
9.549397739229457116e+00 1.490910766601562500e+03
9.552830921950734577e+00 1.383930053710937500e+03
9.556264104672010262e+00 1.244054321289062500e+03
9.559697287393285947e+00 1.109041381835937500e+03
9.563130470114563408e+00 1.001416931152343750e+03
9.566563652835839093e+00 9.226942749023437500e+02
9.569996835557114778e+00 8.710087890625000000e+02
9.573430018278390463e+00 8.369239501953125000e+02
9.576863200999667924e+00 8.110515136718750000e+02
9.580296383720943609e+00 7.957473754882812500e+02
9.583729566442219294e+00 7.854337158203125000e+02
9.587162749163494979e+00 7.768139038085937500e+02
9.590595931884770664e+00 7.614929809570312500e+02
9.594029114606046349e+00 7.422653198242187500e+02
9.597462297327322034e+00 7.446673583984375000e+02
9.600895480048599495e+00 7.624210815429687500e+02
9.604328662769875180e+00 7.747324218750000000e+02
9.607761845491150865e+00 7.727591552734375000e+02
9.611195028212426550e+00 7.690818481445312500e+02
9.614628210933704011e+00 7.707204589843750000e+02
9.618061393654979696e+00 7.711568603515625000e+02
9.621494576376255381e+00 7.696353149414062500e+02
9.624927759097531066e+00 7.718049926757812500e+02
9.628360941818808527e+00 7.772079467773437500e+02
9.631794124540084212e+00 7.826016845703125000e+02
9.635227307261359897e+00 7.810380249023437500e+02
9.638660489982637358e+00 7.781017456054687500e+02
9.642093672703913043e+00 7.801805419921875000e+02
9.645526855425188728e+00 7.850671997070312500e+02
9.648960038146464413e+00 7.916327514648437500e+02
9.652393220867741874e+00 7.968695068359375000e+02
9.655826403589017559e+00 8.038977661132812500e+02
9.659259586310293244e+00 8.126972045898437500e+02
9.662692769031570705e+00 8.293022460937500000e+02
9.666125951752844614e+00 8.539539794921875000e+02
9.669559134474120299e+00 9.020165405273437500e+02
9.672992317195395984e+00 9.922165527343750000e+02
9.676425499916673445e+00 1.179757690429687500e+03
9.679858682637949130e+00 1.535115600585937500e+03
9.683291865359224815e+00 2.039737670898437500e+03
9.686725048080500500e+00 2.731868164062500000e+03
9.690158230801777961e+00 3.389832031250000000e+03
9.693591413523053646e+00 3.786124267578125000e+03
9.697024596244329331e+00 3.798438232421875000e+03
9.700457778965606792e+00 3.401617919921875000e+03
9.703890961686882477e+00 2.822629150390625000e+03
9.707324144408158162e+00 2.232876464843750000e+03
9.710757327129433847e+00 1.756656250000000000e+03
9.714190509850711308e+00 1.431167968750000000e+03
9.717623692571986993e+00 1.225763793945312500e+03
9.721056875293262678e+00 1.085077636718750000e+03
9.724490058014538363e+00 9.905485229492187500e+02
9.727923240735815824e+00 9.268615722656250000e+02
9.731356423457091509e+00 8.756545410156250000e+02
9.734789606178367194e+00 8.413325805664062500e+02
9.738222788899644655e+00 8.183796386718750000e+02
9.741655971620920340e+00 8.068679199218750000e+02
9.745089154342196025e+00 7.980020141601562500e+02
9.748522337063471710e+00 7.941799926757812500e+02
9.751955519784747395e+00 7.893743286132812500e+02
9.755388702506023080e+00 7.857055053710937500e+02
9.758821885227298765e+00 7.813500366210937500e+02
9.762255067948574450e+00 7.792657470703125000e+02
9.765688250669851911e+00 7.821739501953125000e+02
9.769121433391127596e+00 7.895978393554687500e+02
9.772554616112403281e+00 7.923153686523437500e+02
9.775987798833680742e+00 7.898324584960937500e+02
9.779420981554956427e+00 7.830781250000000000e+02
9.782854164276232112e+00 7.797963256835937500e+02
9.786287346997507797e+00 7.778950805664062500e+02
9.789720529718785258e+00 7.794582519531250000e+02
9.793153712440060943e+00 7.816709594726562500e+02
9.796586895161336628e+00 7.883381958007812500e+02
9.800020077882612313e+00 7.916649169921875000e+02
9.803453260603889774e+00 8.002874145507812500e+02
9.806886443325165459e+00 8.094727172851562500e+02
9.810319626046441144e+00 8.249527587890625000e+02
9.813752808767718605e+00 8.529035644531250000e+02
9.817185991488994290e+00 9.093770141601562500e+02
9.820619174210269975e+00 1.013655029296875000e+03
9.824052356931545660e+00 1.222916870117187500e+03
9.827485539652821345e+00 1.580243408203125000e+03
9.830918722374097030e+00 2.039237792968750000e+03
9.834351905095372715e+00 2.613988769531250000e+03
9.837785087816648399e+00 3.125665527343750000e+03
9.841218270537925861e+00 3.368337890625000000e+03
9.844651453259201546e+00 3.334835937500000000e+03
9.848084635980477231e+00 2.984265380859375000e+03
9.851517818701754692e+00 2.522955078125000000e+03
9.854951001423030377e+00 2.068624267578125000e+03
9.858384184144306062e+00 1.664558227539062500e+03
9.861817366865581747e+00 1.412007324218750000e+03
9.865250549586859208e+00 1.210748046875000000e+03
9.868683732308134893e+00 1.067391845703125000e+03
9.872116915029410578e+00 9.642224121093750000e+02
9.875550097750688039e+00 8.932419433593750000e+02
9.878983280471963724e+00 8.506025390625000000e+02
9.882416463193239409e+00 8.208708496093750000e+02
9.885849645914515094e+00 8.010302124023437500e+02
9.889282828635792555e+00 7.873012695312500000e+02
9.892716011357068240e+00 7.794083251953125000e+02
9.896149194078343925e+00 7.773781127929687500e+02
9.899582376799619610e+00 7.752711181640625000e+02
9.903015559520895295e+00 7.717286376953125000e+02
9.906448742242170979e+00 7.668309326171875000e+02
9.909881924963446664e+00 7.609129638671875000e+02
9.913315107684724126e+00 7.597705688476562500e+02
9.916748290405999811e+00 7.586215820312500000e+02
9.920181473127275495e+00 7.600623168945312500e+02
9.923614655848551180e+00 7.587584838867187500e+02
9.927047838569828642e+00 7.584769287109375000e+02
9.930481021291104327e+00 7.577186889648437500e+02
9.933914204012380011e+00 7.558052978515625000e+02
9.937347386733655696e+00 7.543139038085937500e+02
9.940780569454933158e+00 7.549755249023437500e+02
9.944213752176208843e+00 7.578862915039062500e+02
9.947646934897484527e+00 7.667901611328125000e+02
9.951080117618761989e+00 7.731845092773437500e+02
9.954513300340037674e+00 7.862672119140625000e+02
9.957946483061313359e+00 8.043201904296875000e+02
9.961379665782589043e+00 8.526497192382812500e+02
9.964812848503866505e+00 9.368168334960937500e+02
9.968246031225142190e+00 1.094484985351562500e+03
9.971679213946417875e+00 1.395380004882812500e+03
9.975112396667693559e+00 1.807971679687500000e+03
9.978545579388971021e+00 2.240540283203125000e+03
9.981978762110246706e+00 2.663229980468750000e+03
9.985411944831522391e+00 2.801047851562500000e+03
9.988845127552798075e+00 2.720124267578125000e+03
9.992278310274073760e+00 2.416995605468750000e+03
9.995711492995349445e+00 2.020678833007812500e+03
9.999144675716625130e+00 1.720091186523437500e+03
1.000257785843790259e+01 1.440116699218750000e+03
1.000601104115917828e+01 1.233708007812500000e+03
1.000944422388045396e+01 1.099310058593750000e+03
1.001287740660172965e+01 9.806987304687500000e+02
1.001631058932300711e+01 8.964208984375000000e+02
1.001974377204428279e+01 8.372172241210937500e+02
1.002317695476555848e+01 7.951362915039062500e+02
1.002661013748683594e+01 7.687136230468750000e+02
1.003004332020811162e+01 7.485072631835937500e+02
1.003347650292938731e+01 7.345305786132812500e+02
1.003690968565066299e+01 7.292778320312500000e+02
1.004034286837194045e+01 7.231720581054687500e+02
1.004377605109321614e+01 7.184600219726562500e+02
1.004720923381449182e+01 7.134131469726562500e+02
1.005064241653576751e+01 7.131047363281250000e+02
1.005407559925704497e+01 7.134049682617187500e+02
1.005750878197832066e+01 7.119934082031250000e+02
1.006094196469959634e+01 7.118062133789062500e+02
1.006437514742087203e+01 7.029726562500000000e+02
1.006780833014214771e+01 6.955634155273437500e+02
1.007124151286342340e+01 6.888220214843750000e+02
1.007467469558469908e+01 6.921596679687500000e+02
1.007810787830597654e+01 6.954314575195312500e+02
1.008154106102725223e+01 6.979885253906250000e+02
1.008497424374852791e+01 7.000266113281250000e+02
1.008840742646980537e+01 6.951888427734375000e+02
1.009184060919108106e+01 6.954281005859375000e+02
1.009527379191235674e+01 6.958108520507812500e+02
1.009870697463363243e+01 7.030776367187500000e+02
1.010214015735490989e+01 7.154254760742187500e+02
1.010557334007618557e+01 7.449312744140625000e+02
1.010900652279746126e+01 8.168478393554687500e+02
1.011243970551873694e+01 9.254665527343750000e+02
1.011587288824001440e+01 1.103733032226562500e+03
1.011930607096129009e+01 1.344722412109375000e+03
1.012273925368256577e+01 1.552045532226562500e+03
1.012617243640384324e+01 1.712226684570312500e+03
1.012960561912511892e+01 1.736417480468750000e+03
1.013303880184639461e+01 1.622230712890625000e+03
1.013647198456767029e+01 1.429863159179687500e+03
1.013990516728894598e+01 1.228828125000000000e+03
1.014333835001022166e+01 1.052445922851562500e+03
1.014677153273149735e+01 9.489008789062500000e+02
1.015020471545277303e+01 8.271040039062500000e+02
1.015363789817405049e+01 7.508535766601562500e+02
1.015707108089532618e+01 6.988234252929687500e+02
1.016050426361660186e+01 6.660719604492187500e+02
1.016393744633787932e+01 6.363729858398437500e+02
1.016737062905915501e+01 6.081953735351562500e+02
1.017080381178043069e+01 5.838586425781250000e+02
1.017423699450170638e+01 5.660614624023437500e+02
1.017767017722298384e+01 5.567159423828125000e+02
1.018110335994425952e+01 5.428898315429687500e+02
1.018453654266553521e+01 5.266959228515625000e+02
1.018796972538681089e+01 5.048935241699218750e+02
1.019140290810808835e+01 4.903638916015625000e+02
1.019483609082936404e+01 4.781881408691406250e+02
1.019826927355063972e+01 4.636759643554687500e+02
1.020170245627191719e+01 4.471187438964843750e+02
1.020513563899319287e+01 4.317142944335937500e+02
1.020856882171446856e+01 4.120815124511718750e+02
1.021200200443574424e+01 4.013451843261718750e+02
1.021543518715702170e+01 3.908686218261718750e+02
1.021886836987829739e+01 3.769822082519531250e+02
1.022230155259957307e+01 3.593680419921875000e+02
1.022573473532084698e+01 3.511349792480468750e+02
1.022916791804212444e+01 3.381985778808593750e+02
1.023260110076340013e+01 3.187967529296875000e+02
1.023603428348467581e+01 2.950986022949218750e+02
1.023946746620595327e+01 2.849523925781250000e+02
1.024290064892722896e+01 2.729487304687500000e+02
1.024633383164850464e+01 2.583870544433593750e+02
1.024976701436978033e+01 2.443300170898437500e+02
1.025320019709105779e+01 2.538527832031250000e+02
1.025663337981233347e+01 2.571626892089843750e+02
1.026006656253360916e+01 2.587421264648437500e+02
1.026349974525488484e+01 2.674080505371093750e+02
1.026693292797616230e+01 2.676078491210937500e+02
1.027036611069743799e+01 2.709429931640625000e+02
1.027379929341871367e+01 2.657344970703125000e+02
1.027723247613999114e+01 2.327415466308593750e+02
1.028066565886126682e+01 2.074898376464843750e+02
1.028409884158254251e+01 1.629754638671875000e+02
1.028753202430381819e+01 1.074141311645507812e+02
1.029096520702509565e+01 4.008785247802734375e+01
1.029439838974637134e+01 6.589752674102783203e+00
1.029783157246764702e+01 0.000000000000000000e+00
